acyclic_edge_words,acyclic_word_edge_sites,acyclic_word_edges,args,case,code_bytes,compiler,correct,cycles,direct_word_edge_sites,direct_word_edges,dp_reads,dp_touched_offsets,dp_writes,edge_words,errors,forwarded_word_load_sites,forwarded_word_loads,fused_branch_sites,fused_branches,incoming_return_bytes,incoming_stack_bytes,input_padding_reads,instruction_sites,instructions,metadata_reads,mode,peak_below_entry_s,result,stack_check_cycles,stack_check_instructions,stack_reads,stack_writes,static_stack_check_bytes,vector,word_edge_sites,word_edges
0,{},0,[0],identity,59,actionc,true,63,{},0,0,[],0,0,[],{'65586': 1},1,{},0,3,3,0,"{'65536': 1, '65537': 1, '65538': 1, '65540': 1, '65542': 1, '65556': 1, '65557': 1, '65560': 1, '65566': 1, '65568': 1, '65570': 1, '65581': 1, '65582': 1, '65584': 1, '65586': 1, '65587': 1, '65588': 1, '65589': 1, '65592': 1, '65593': 1, '65594': 1}",21,4,raw,4,0,32,11,5,2,45,0,{},0
0,{},0,[1],identity,59,actionc,true,63,{},0,0,[],0,0,[],{'65586': 1},1,{},0,3,3,0,"{'65536': 1, '65537': 1, '65538': 1, '65540': 1, '65542': 1, '65556': 1, '65557': 1, '65560': 1, '65566': 1, '65568': 1, '65570': 1, '65581': 1, '65582': 1, '65584': 1, '65586': 1, '65587': 1, '65588': 1, '65589': 1, '65592': 1, '65593': 1, '65594': 1}",21,4,raw,4,1,32,11,5,2,45,1,{},0
0,{},0,[13],identity,59,actionc,true,63,{},0,0,[],0,0,[],{'65586': 1},1,{},0,3,3,0,"{'65536': 1, '65537': 1, '65538': 1, '65540': 1, '65542': 1, '65556': 1, '65557': 1, '65560': 1, '65566': 1, '65568': 1, '65570': 1, '65581': 1, '65582': 1, '65584': 1, '65586': 1, '65587': 1, '65588': 1, '65589': 1, '65592': 1, '65593': 1, '65594': 1}",21,4,raw,4,13,32,11,5,2,45,2,{},0
0,{},0,[32767],identity,59,actionc,true,63,{},0,0,[],0,0,[],{'65586': 1},1,{},0,3,3,0,"{'65536': 1, '65537': 1, '65538': 1, '65540': 1, '65542': 1, '65556': 1, '65557': 1, '65560': 1, '65566': 1, '65568': 1, '65570': 1, '65581': 1, '65582': 1, '65584': 1, '65586': 1, '65587': 1, '65588': 1, '65589': 1, '65592': 1, '65593': 1, '65594': 1}",21,4,raw,4,32767,32,11,5,2,45,3,{},0
0,{},0,[32768],identity,59,actionc,true,63,{},0,0,[],0,0,[],{'65586': 1},1,{},0,3,3,0,"{'65536': 1, '65537': 1, '65538': 1, '65540': 1, '65542': 1, '65556': 1, '65557': 1, '65560': 1, '65566': 1, '65568': 1, '65570': 1, '65581': 1, '65582': 1, '65584': 1, '65586': 1, '65587': 1, '65588': 1, '65589': 1, '65592': 1, '65593': 1, '65594': 1}",21,4,raw,4,32768,32,11,5,2,45,4,{},0
0,{},0,[65535],identity,59,actionc,true,63,{},0,0,[],0,0,[],{'65586': 1},1,{},0,3,3,0,"{'65536': 1, '65537': 1, '65538': 1, '65540': 1, '65542': 1, '65556': 1, '65557': 1, '65560': 1, '65566': 1, '65568': 1, '65570': 1, '65581': 1, '65582': 1, '65584': 1, '65586': 1, '65587': 1, '65588': 1, '65589': 1, '65592': 1, '65593': 1, '65594': 1}",21,4,raw,4,65535,32,11,5,2,45,5,{},0
,,,[0],identity,5,vbcc,true,20,,,0,[],0,,[],,,,,3,0,0,"{'65536': 1, '65537': 1, '65539': 1, '65540': 1}",4,0,raw,2,0,0,0,5,4,0,0,,
,,,[1],identity,5,vbcc,true,20,,,0,[],0,,[],,,,,3,0,0,"{'65536': 1, '65537': 1, '65539': 1, '65540': 1}",4,0,raw,2,1,0,0,5,4,0,1,,
,,,[13],identity,5,vbcc,true,20,,,0,[],0,,[],,,,,3,0,0,"{'65536': 1, '65537': 1, '65539': 1, '65540': 1}",4,0,raw,2,13,0,0,5,4,0,2,,
,,,[32767],identity,5,vbcc,true,20,,,0,[],0,,[],,,,,3,0,0,"{'65536': 1, '65537': 1, '65539': 1, '65540': 1}",4,0,raw,2,32767,0,0,5,4,0,3,,
,,,[32768],identity,5,vbcc,true,20,,,0,[],0,,[],,,,,3,0,0,"{'65536': 1, '65537': 1, '65539': 1, '65540': 1}",4,0,raw,2,32768,0,0,5,4,0,4,,
,,,[65535],identity,5,vbcc,true,20,,,0,[],0,,[],,,,,3,0,0,"{'65536': 1, '65537': 1, '65539': 1, '65540': 1}",4,0,raw,2,65535,0,0,5,4,0,5,,
0,{},0,[0],identity,59,actionc,true,63,{},0,0,[],0,0,[],{'65586': 1},1,{},0,3,3,0,"{'65536': 1, '65537': 1, '65538': 1, '65540': 1, '65542': 1, '65556': 1, '65557': 1, '65560': 1, '65566': 1, '65568': 1, '65570': 1, '65581': 1, '65582': 1, '65584': 1, '65586': 1, '65587': 1, '65588': 1, '65589': 1, '65592': 1, '65593': 1, '65594': 1}",21,4,optimized,4,0,32,11,5,2,45,0,{},0
0,{},0,[1],identity,59,actionc,true,63,{},0,0,[],0,0,[],{'65586': 1},1,{},0,3,3,0,"{'65536': 1, '65537': 1, '65538': 1, '65540': 1, '65542': 1, '65556': 1, '65557': 1, '65560': 1, '65566': 1, '65568': 1, '65570': 1, '65581': 1, '65582': 1, '65584': 1, '65586': 1, '65587': 1, '65588': 1, '65589': 1, '65592': 1, '65593': 1, '65594': 1}",21,4,optimized,4,1,32,11,5,2,45,1,{},0
0,{},0,[13],identity,59,actionc,true,63,{},0,0,[],0,0,[],{'65586': 1},1,{},0,3,3,0,"{'65536': 1, '65537': 1, '65538': 1, '65540': 1, '65542': 1, '65556': 1, '65557': 1, '65560': 1, '65566': 1, '65568': 1, '65570': 1, '65581': 1, '65582': 1, '65584': 1, '65586': 1, '65587': 1, '65588': 1, '65589': 1, '65592': 1, '65593': 1, '65594': 1}",21,4,optimized,4,13,32,11,5,2,45,2,{},0
0,{},0,[32767],identity,59,actionc,true,63,{},0,0,[],0,0,[],{'65586': 1},1,{},0,3,3,0,"{'65536': 1, '65537': 1, '65538': 1, '65540': 1, '65542': 1, '65556': 1, '65557': 1, '65560': 1, '65566': 1, '65568': 1, '65570': 1, '65581': 1, '65582': 1, '65584': 1, '65586': 1, '65587': 1, '65588': 1, '65589': 1, '65592': 1, '65593': 1, '65594': 1}",21,4,optimized,4,32767,32,11,5,2,45,3,{},0
0,{},0,[32768],identity,59,actionc,true,63,{},0,0,[],0,0,[],{'65586': 1},1,{},0,3,3,0,"{'65536': 1, '65537': 1, '65538': 1, '65540': 1, '65542': 1, '65556': 1, '65557': 1, '65560': 1, '65566': 1, '65568': 1, '65570': 1, '65581': 1, '65582': 1, '65584': 1, '65586': 1, '65587': 1, '65588': 1, '65589': 1, '65592': 1, '65593': 1, '65594': 1}",21,4,optimized,4,32768,32,11,5,2,45,4,{},0
0,{},0,[65535],identity,59,actionc,true,63,{},0,0,[],0,0,[],{'65586': 1},1,{},0,3,3,0,"{'65536': 1, '65537': 1, '65538': 1, '65540': 1, '65542': 1, '65556': 1, '65557': 1, '65560': 1, '65566': 1, '65568': 1, '65570': 1, '65581': 1, '65582': 1, '65584': 1, '65586': 1, '65587': 1, '65588': 1, '65589': 1, '65592': 1, '65593': 1, '65594': 1}",21,4,optimized,4,65535,32,11,5,2,45,5,{},0
,,,[0],identity,2,vbcc,true,8,,,0,[],0,,[],,,,,3,0,0,"{'65536': 1, '65537': 1}",2,0,optimized,0,0,0,0,3,0,0,0,,
,,,[1],identity,2,vbcc,true,8,,,0,[],0,,[],,,,,3,0,0,"{'65536': 1, '65537': 1}",2,0,optimized,0,1,0,0,3,0,0,1,,
,,,[13],identity,2,vbcc,true,8,,,0,[],0,,[],,,,,3,0,0,"{'65536': 1, '65537': 1}",2,0,optimized,0,13,0,0,3,0,0,2,,
,,,[32767],identity,2,vbcc,true,8,,,0,[],0,,[],,,,,3,0,0,"{'65536': 1, '65537': 1}",2,0,optimized,0,32767,0,0,3,0,0,3,,
,,,[32768],identity,2,vbcc,true,8,,,0,[],0,,[],,,,,3,0,0,"{'65536': 1, '65537': 1}",2,0,optimized,0,32768,0,0,3,0,0,4,,
,,,[65535],identity,2,vbcc,true,8,,,0,[],0,,[],,,,,3,0,0,"{'65536': 1, '65537': 1}",2,0,optimized,0,65535,0,0,3,0,0,5,,
0,{},0,"[0,0]",add,70,actionc,true,90,{},0,0,[],0,0,[],{'65597': 1},1,{},0,3,5,0,"{'65536': 1, '65537': 1, '65538': 1, '65540': 1, '65542': 1, '65556': 1, '65557': 1, '65560': 1, '65566': 1, '65568': 1, '65570': 1, '65581': 1, '65582': 1, '65584': 1, '65586': 1, '65588': 1, '65590': 1, '65592': 1, '65593': 1, '65595': 1, '65597': 1, '65598': 1, '65599': 1, '65600': 1, '65603': 1, '65604': 1, '65605': 1}",27,4,raw,8,0,32,11,11,6,45,0,{},0
0,{},0,"[1,2]",add,70,actionc,true,90,{},0,0,[],0,0,[],{'65597': 1},1,{},0,3,5,0,"{'65536': 1, '65537': 1, '65538': 1, '65540': 1, '65542': 1, '65556': 1, '65557': 1, '65560': 1, '65566': 1, '65568': 1, '65570': 1, '65581': 1, '65582': 1, '65584': 1, '65586': 1, '65588': 1, '65590': 1, '65592': 1, '65593': 1, '65595': 1, '65597': 1, '65598': 1, '65599': 1, '65600': 1, '65603': 1, '65604': 1, '65605': 1}",27,4,raw,8,3,32,11,11,6,45,1,{},0
0,{},0,"[13,41]",add,70,actionc,true,90,{},0,0,[],0,0,[],{'65597': 1},1,{},0,3,5,0,"{'65536': 1, '65537': 1, '65538': 1, '65540': 1, '65542': 1, '65556': 1, '65557': 1, '65560': 1, '65566': 1, '65568': 1, '65570': 1, '65581': 1, '65582': 1, '65584': 1, '65586': 1, '65588': 1, '65590': 1, '65592': 1, '65593': 1, '65595': 1, '65597': 1, '65598': 1, '65599': 1, '65600': 1, '65603': 1, '65604': 1, '65605': 1}",27,4,raw,8,54,32,11,11,6,45,2,{},0
0,{},0,"[65535,1]",add,70,actionc,true,90,{},0,0,[],0,0,[],{'65597': 1},1,{},0,3,5,0,"{'65536': 1, '65537': 1, '65538': 1, '65540': 1, '65542': 1, '65556': 1, '65557': 1, '65560': 1, '65566': 1, '65568': 1, '65570': 1, '65581': 1, '65582': 1, '65584': 1, '65586': 1, '65588': 1, '65590': 1, '65592': 1, '65593': 1, '65595': 1, '65597': 1, '65598': 1, '65599': 1, '65600': 1, '65603': 1, '65604': 1, '65605': 1}",27,4,raw,8,0,32,11,11,6,45,3,{},0
0,{},0,"[32768,32767]",add,70,actionc,true,90,{},0,0,[],0,0,[],{'65597': 1},1,{},0,3,5,0,"{'65536': 1, '65537': 1, '65538': 1, '65540': 1, '65542': 1, '65556': 1, '65557': 1, '65560': 1, '65566': 1, '65568': 1, '65570': 1, '65581': 1, '65582': 1, '65584': 1, '65586': 1, '65588': 1, '65590': 1, '65592': 1, '65593': 1, '65595': 1, '65597': 1, '65598': 1, '65599': 1, '65600': 1, '65603': 1, '65604': 1, '65605': 1}",27,4,raw,8,65535,32,11,11,6,45,4,{},0
,,,"[0,0]",add,8,vbcc,true,27,,,0,[],0,,[],,,,,3,2,0,"{'65536': 1, '65537': 1, '65539': 1, '65540': 1, '65542': 1, '65543': 1}",6,0,raw,2,0,0,0,7,4,0,0,,
,,,"[1,2]",add,8,vbcc,true,27,,,0,[],0,,[],,,,,3,2,0,"{'65536': 1, '65537': 1, '65539': 1, '65540': 1, '65542': 1, '65543': 1}",6,0,raw,2,3,0,0,7,4,0,1,,
,,,"[13,41]",add,8,vbcc,true,27,,,0,[],0,,[],,,,,3,2,0,"{'65536': 1, '65537': 1, '65539': 1, '65540': 1, '65542': 1, '65543': 1}",6,0,raw,2,54,0,0,7,4,0,2,,
,,,"[65535,1]",add,8,vbcc,true,27,,,0,[],0,,[],,,,,3,2,0,"{'65536': 1, '65537': 1, '65539': 1, '65540': 1, '65542': 1, '65543': 1}",6,0,raw,2,0,0,0,7,4,0,3,,
,,,"[32768,32767]",add,8,vbcc,true,27,,,0,[],0,,[],,,,,3,2,0,"{'65536': 1, '65537': 1, '65539': 1, '65540': 1, '65542': 1, '65543': 1}",6,0,raw,2,65535,0,0,7,4,0,4,,
0,{},0,"[0,0]",add,70,actionc,true,90,{},0,0,[],0,0,[],{'65597': 1},1,{},0,3,5,0,"{'65536': 1, '65537': 1, '65538': 1, '65540': 1, '65542': 1, '65556': 1, '65557': 1, '65560': 1, '65566': 1, '65568': 1, '65570': 1, '65581': 1, '65582': 1, '65584': 1, '65586': 1, '65588': 1, '65590': 1, '65592': 1, '65593': 1, '65595': 1, '65597': 1, '65598': 1, '65599': 1, '65600': 1, '65603': 1, '65604': 1, '65605': 1}",27,4,optimized,8,0,32,11,11,6,45,0,{},0
0,{},0,"[1,2]",add,70,actionc,true,90,{},0,0,[],0,0,[],{'65597': 1},1,{},0,3,5,0,"{'65536': 1, '65537': 1, '65538': 1, '65540': 1, '65542': 1, '65556': 1, '65557': 1, '65560': 1, '65566': 1, '65568': 1, '65570': 1, '65581': 1, '65582': 1, '65584': 1, '65586': 1, '65588': 1, '65590': 1, '65592': 1, '65593': 1, '65595': 1, '65597': 1, '65598': 1, '65599': 1, '65600': 1, '65603': 1, '65604': 1, '65605': 1}",27,4,optimized,8,3,32,11,11,6,45,1,{},0
0,{},0,"[13,41]",add,70,actionc,true,90,{},0,0,[],0,0,[],{'65597': 1},1,{},0,3,5,0,"{'65536': 1, '65537': 1, '65538': 1, '65540': 1, '65542': 1, '65556': 1, '65557': 1, '65560': 1, '65566': 1, '65568': 1, '65570': 1, '65581': 1, '65582': 1, '65584': 1, '65586': 1, '65588': 1, '65590': 1, '65592': 1, '65593': 1, '65595': 1, '65597': 1, '65598': 1, '65599': 1, '65600': 1, '65603': 1, '65604': 1, '65605': 1}",27,4,optimized,8,54,32,11,11,6,45,2,{},0
0,{},0,"[65535,1]",add,70,actionc,true,90,{},0,0,[],0,0,[],{'65597': 1},1,{},0,3,5,0,"{'65536': 1, '65537': 1, '65538': 1, '65540': 1, '65542': 1, '65556': 1, '65557': 1, '65560': 1, '65566': 1, '65568': 1, '65570': 1, '65581': 1, '65582': 1, '65584': 1, '65586': 1, '65588': 1, '65590': 1, '65592': 1, '65593': 1, '65595': 1, '65597': 1, '65598': 1, '65599': 1, '65600': 1, '65603': 1, '65604': 1, '65605': 1}",27,4,optimized,8,0,32,11,11,6,45,3,{},0
0,{},0,"[32768,32767]",add,70,actionc,true,90,{},0,0,[],0,0,[],{'65597': 1},1,{},0,3,5,0,"{'65536': 1, '65537': 1, '65538': 1, '65540': 1, '65542': 1, '65556': 1, '65557': 1, '65560': 1, '65566': 1, '65568': 1, '65570': 1, '65581': 1, '65582': 1, '65584': 1, '65586': 1, '65588': 1, '65590': 1, '65592': 1, '65593': 1, '65595': 1, '65597': 1, '65598': 1, '65599': 1, '65600': 1, '65603': 1, '65604': 1, '65605': 1}",27,4,optimized,8,65535,32,11,11,6,45,4,{},0
,,,"[0,0]",add,8,vbcc,true,21,,,2,"[0,1]",2,,[],,,,,3,2,0,"{'65536': 1, '65538': 1, '65540': 1, '65541': 1, '65543': 1}",5,0,optimized,0,0,0,0,5,0,0,0,,
,,,"[1,2]",add,8,vbcc,true,21,,,2,"[0,1]",2,,[],,,,,3,2,0,"{'65536': 1, '65538': 1, '65540': 1, '65541': 1, '65543': 1}",5,0,optimized,0,3,0,0,5,0,0,1,,
,,,"[13,41]",add,8,vbcc,true,21,,,2,"[0,1]",2,,[],,,,,3,2,0,"{'65536': 1, '65538': 1, '65540': 1, '65541': 1, '65543': 1}",5,0,optimized,0,54,0,0,5,0,0,2,,
,,,"[65535,1]",add,8,vbcc,true,21,,,2,"[0,1]",2,,[],,,,,3,2,0,"{'65536': 1, '65538': 1, '65540': 1, '65541': 1, '65543': 1}",5,0,optimized,0,0,0,0,5,0,0,3,,
,,,"[32768,32767]",add,8,vbcc,true,21,,,2,"[0,1]",2,,[],,,,,3,2,0,"{'65536': 1, '65538': 1, '65540': 1, '65541': 1, '65543': 1}",5,0,optimized,0,65535,0,0,5,0,0,4,,
0,{},0,"[0,1]",subtract,70,actionc,true,90,{},0,0,[],0,0,[],{'65597': 1},1,{},0,3,5,0,"{'65536': 1, '65537': 1, '65538': 1, '65540': 1, '65542': 1, '65556': 1, '65557': 1, '65560': 1, '65566': 1, '65568': 1, '65570': 1, '65581': 1, '65582': 1, '65584': 1, '65586': 1, '65588': 1, '65590': 1, '65592': 1, '65593': 1, '65595': 1, '65597': 1, '65598': 1, '65599': 1, '65600': 1, '65603': 1, '65604': 1, '65605': 1}",27,4,raw,8,65535,32,11,11,6,45,0,{},0
0,{},0,"[256,1]",subtract,70,actionc,true,90,{},0,0,[],0,0,[],{'65597': 1},1,{},0,3,5,0,"{'65536': 1, '65537': 1, '65538': 1, '65540': 1, '65542': 1, '65556': 1, '65557': 1, '65560': 1, '65566': 1, '65568': 1, '65570': 1, '65581': 1, '65582': 1, '65584': 1, '65586': 1, '65588': 1, '65590': 1, '65592': 1, '65593': 1, '65595': 1, '65597': 1, '65598': 1, '65599': 1, '65600': 1, '65603': 1, '65604': 1, '65605': 1}",27,4,raw,8,255,32,11,11,6,45,1,{},0
0,{},0,"[13,41]",subtract,70,actionc,true,90,{},0,0,[],0,0,[],{'65597': 1},1,{},0,3,5,0,"{'65536': 1, '65537': 1, '65538': 1, '65540': 1, '65542': 1, '65556': 1, '65557': 1, '65560': 1, '65566': 1, '65568': 1, '65570': 1, '65581': 1, '65582': 1, '65584': 1, '65586': 1, '65588': 1, '65590': 1, '65592': 1, '65593': 1, '65595': 1, '65597': 1, '65598': 1, '65599': 1, '65600': 1, '65603': 1, '65604': 1, '65605': 1}",27,4,raw,8,65508,32,11,11,6,45,2,{},0
0,{},0,"[32768,1]",subtract,70,actionc,true,90,{},0,0,[],0,0,[],{'65597': 1},1,{},0,3,5,0,"{'65536': 1, '65537': 1, '65538': 1, '65540': 1, '65542': 1, '65556': 1, '65557': 1, '65560': 1, '65566': 1, '65568': 1, '65570': 1, '65581': 1, '65582': 1, '65584': 1, '65586': 1, '65588': 1, '65590': 1, '65592': 1, '65593': 1, '65595': 1, '65597': 1, '65598': 1, '65599': 1, '65600': 1, '65603': 1, '65604': 1, '65605': 1}",27,4,raw,8,32767,32,11,11,6,45,3,{},0
0,{},0,"[32767,65535]",subtract,70,actionc,true,90,{},0,0,[],0,0,[],{'65597': 1},1,{},0,3,5,0,"{'65536': 1, '65537': 1, '65538': 1, '65540': 1, '65542': 1, '65556': 1, '65557': 1, '65560': 1, '65566': 1, '65568': 1, '65570': 1, '65581': 1, '65582': 1, '65584': 1, '65586': 1, '65588': 1, '65590': 1, '65592': 1, '65593': 1, '65595': 1, '65597': 1, '65598': 1, '65599': 1, '65600': 1, '65603': 1, '65604': 1, '65605': 1}",27,4,raw,8,32768,32,11,11,6,45,4,{},0
0,{},0,"[41,41]",subtract,70,actionc,true,90,{},0,0,[],0,0,[],{'65597': 1},1,{},0,3,5,0,"{'65536': 1, '65537': 1, '65538': 1, '65540': 1, '65542': 1, '65556': 1, '65557': 1, '65560': 1, '65566': 1, '65568': 1, '65570': 1, '65581': 1, '65582': 1, '65584': 1, '65586': 1, '65588': 1, '65590': 1, '65592': 1, '65593': 1, '65595': 1, '65597': 1, '65598': 1, '65599': 1, '65600': 1, '65603': 1, '65604': 1, '65605': 1}",27,4,raw,8,0,32,11,11,6,45,5,{},0
,,,"[0,1]",subtract,8,vbcc,true,27,,,0,[],0,,[],,,,,3,2,0,"{'65536': 1, '65537': 1, '65539': 1, '65540': 1, '65542': 1, '65543': 1}",6,0,raw,2,65535,0,0,7,4,0,0,,
,,,"[256,1]",subtract,8,vbcc,true,27,,,0,[],0,,[],,,,,3,2,0,"{'65536': 1, '65537': 1, '65539': 1, '65540': 1, '65542': 1, '65543': 1}",6,0,raw,2,255,0,0,7,4,0,1,,
,,,"[13,41]",subtract,8,vbcc,true,27,,,0,[],0,,[],,,,,3,2,0,"{'65536': 1, '65537': 1, '65539': 1, '65540': 1, '65542': 1, '65543': 1}",6,0,raw,2,65508,0,0,7,4,0,2,,
,,,"[32768,1]",subtract,8,vbcc,true,27,,,0,[],0,,[],,,,,3,2,0,"{'65536': 1, '65537': 1, '65539': 1, '65540': 1, '65542': 1, '65543': 1}",6,0,raw,2,32767,0,0,7,4,0,3,,
,,,"[32767,65535]",subtract,8,vbcc,true,27,,,0,[],0,,[],,,,,3,2,0,"{'65536': 1, '65537': 1, '65539': 1, '65540': 1, '65542': 1, '65543': 1}",6,0,raw,2,32768,0,0,7,4,0,4,,
,,,"[41,41]",subtract,8,vbcc,true,27,,,0,[],0,,[],,,,,3,2,0,"{'65536': 1, '65537': 1, '65539': 1, '65540': 1, '65542': 1, '65543': 1}",6,0,raw,2,0,0,0,7,4,0,5,,
0,{},0,"[0,1]",subtract,70,actionc,true,90,{},0,0,[],0,0,[],{'65597': 1},1,{},0,3,5,0,"{'65536': 1, '65537': 1, '65538': 1, '65540': 1, '65542': 1, '65556': 1, '65557': 1, '65560': 1, '65566': 1, '65568': 1, '65570': 1, '65581': 1, '65582': 1, '65584': 1, '65586': 1, '65588': 1, '65590': 1, '65592': 1, '65593': 1, '65595': 1, '65597': 1, '65598': 1, '65599': 1, '65600': 1, '65603': 1, '65604': 1, '65605': 1}",27,4,optimized,8,65535,32,11,11,6,45,0,{},0
0,{},0,"[256,1]",subtract,70,actionc,true,90,{},0,0,[],0,0,[],{'65597': 1},1,{},0,3,5,0,"{'65536': 1, '65537': 1, '65538': 1, '65540': 1, '65542': 1, '65556': 1, '65557': 1, '65560': 1, '65566': 1, '65568': 1, '65570': 1, '65581': 1, '65582': 1, '65584': 1, '65586': 1, '65588': 1, '65590': 1, '65592': 1, '65593': 1, '65595': 1, '65597': 1, '65598': 1, '65599': 1, '65600': 1, '65603': 1, '65604': 1, '65605': 1}",27,4,optimized,8,255,32,11,11,6,45,1,{},0
0,{},0,"[13,41]",subtract,70,actionc,true,90,{},0,0,[],0,0,[],{'65597': 1},1,{},0,3,5,0,"{'65536': 1, '65537': 1, '65538': 1, '65540': 1, '65542': 1, '65556': 1, '65557': 1, '65560': 1, '65566': 1, '65568': 1, '65570': 1, '65581': 1, '65582': 1, '65584': 1, '65586': 1, '65588': 1, '65590': 1, '65592': 1, '65593': 1, '65595': 1, '65597': 1, '65598': 1, '65599': 1, '65600': 1, '65603': 1, '65604': 1, '65605': 1}",27,4,optimized,8,65508,32,11,11,6,45,2,{},0
0,{},0,"[32768,1]",subtract,70,actionc,true,90,{},0,0,[],0,0,[],{'65597': 1},1,{},0,3,5,0,"{'65536': 1, '65537': 1, '65538': 1, '65540': 1, '65542': 1, '65556': 1, '65557': 1, '65560': 1, '65566': 1, '65568': 1, '65570': 1, '65581': 1, '65582': 1, '65584': 1, '65586': 1, '65588': 1, '65590': 1, '65592': 1, '65593': 1, '65595': 1, '65597': 1, '65598': 1, '65599': 1, '65600': 1, '65603': 1, '65604': 1, '65605': 1}",27,4,optimized,8,32767,32,11,11,6,45,3,{},0
0,{},0,"[32767,65535]",subtract,70,actionc,true,90,{},0,0,[],0,0,[],{'65597': 1},1,{},0,3,5,0,"{'65536': 1, '65537': 1, '65538': 1, '65540': 1, '65542': 1, '65556': 1, '65557': 1, '65560': 1, '65566': 1, '65568': 1, '65570': 1, '65581': 1, '65582': 1, '65584': 1, '65586': 1, '65588': 1, '65590': 1, '65592': 1, '65593': 1, '65595': 1, '65597': 1, '65598': 1, '65599': 1, '65600': 1, '65603': 1, '65604': 1, '65605': 1}",27,4,optimized,8,32768,32,11,11,6,45,4,{},0
0,{},0,"[41,41]",subtract,70,actionc,true,90,{},0,0,[],0,0,[],{'65597': 1},1,{},0,3,5,0,"{'65536': 1, '65537': 1, '65538': 1, '65540': 1, '65542': 1, '65556': 1, '65557': 1, '65560': 1, '65566': 1, '65568': 1, '65570': 1, '65581': 1, '65582': 1, '65584': 1, '65586': 1, '65588': 1, '65590': 1, '65592': 1, '65593': 1, '65595': 1, '65597': 1, '65598': 1, '65599': 1, '65600': 1, '65603': 1, '65604': 1, '65605': 1}",27,4,optimized,8,0,32,11,11,6,45,5,{},0
,,,"[0,1]",subtract,5,vbcc,true,15,,,0,[],0,,[],,,,,3,2,0,"{'65536': 1, '65537': 1, '65538': 1, '65540': 1}",4,0,optimized,0,65535,0,0,5,0,0,0,,
,,,"[256,1]",subtract,5,vbcc,true,15,,,0,[],0,,[],,,,,3,2,0,"{'65536': 1, '65537': 1, '65538': 1, '65540': 1}",4,0,optimized,0,255,0,0,5,0,0,1,,
,,,"[13,41]",subtract,5,vbcc,true,15,,,0,[],0,,[],,,,,3,2,0,"{'65536': 1, '65537': 1, '65538': 1, '65540': 1}",4,0,optimized,0,65508,0,0,5,0,0,2,,
,,,"[32768,1]",subtract,5,vbcc,true,15,,,0,[],0,,[],,,,,3,2,0,"{'65536': 1, '65537': 1, '65538': 1, '65540': 1}",4,0,optimized,0,32767,0,0,5,0,0,3,,
,,,"[32767,65535]",subtract,5,vbcc,true,15,,,0,[],0,,[],,,,,3,2,0,"{'65536': 1, '65537': 1, '65538': 1, '65540': 1}",4,0,optimized,0,32768,0,0,5,0,0,4,,
,,,"[41,41]",subtract,5,vbcc,true,15,,,0,[],0,,[],,,,,3,2,0,"{'65536': 1, '65537': 1, '65538': 1, '65540': 1}",4,0,optimized,0,0,0,0,5,0,0,5,,
0,{},0,[0],constant_chain,155,actionc,true,223,{},0,0,[],0,0,[],"{'65586': 1, '65592': 1, '65598': 1, '65604': 1, '65610': 1, '65616': 1, '65622': 1, '65628': 1, '65634': 1, '65640': 1, '65646': 1, '65652': 1, '65658': 1, '65664': 1, '65670': 1, '65676': 1, '65682': 1}",17,{},0,3,3,0,"{'65536': 1, '65537': 1, '65538': 1, '65540': 1, '65542': 1, '65556': 1, '65557': 1, '65560': 1, '65566': 1, '65568': 1, '65570': 1, '65581': 1, '65582': 1, '65584': 1, '65586': 1, '65587': 1, '65590': 1, '65592': 1, '65593': 1, '65596': 1, '65598': 1, '65599': 1, '65602': 1, '65604': 1, '65605': 1, '65608': 1, '65610': 1, '65611': 1, '65614': 1, '65616': 1, '65617': 1, '65620': 1, '65622': 1, '65623': 1, '65626': 1, '65628': 1, '65629': 1, '65632': 1, '65634': 1, '65635': 1, '65638': 1, '65640': 1, '65641': 1, '65644': 1, '65646': 1, '65647': 1, '65650': 1, '65652': 1, '65653': 1, '65656': 1, '65658': 1, '65659': 1, '65662': 1, '65664': 1, '65665': 1, '65668': 1, '65670': 1, '65671': 1, '65674': 1, '65676': 1, '65677': 1, '65680': 1, '65682': 1, '65683': 1, '65684': 1, '65685': 1, '65688': 1, '65689': 1, '65690': 1}",69,4,raw,6,136,32,11,5,34,45,0,{},0
0,{},0,[1],constant_chain,155,actionc,true,223,{},0,0,[],0,0,[],"{'65586': 1, '65592': 1, '65598': 1, '65604': 1, '65610': 1, '65616': 1, '65622': 1, '65628': 1, '65634': 1, '65640': 1, '65646': 1, '65652': 1, '65658': 1, '65664': 1, '65670': 1, '65676': 1, '65682': 1}",17,{},0,3,3,0,"{'65536': 1, '65537': 1, '65538': 1, '65540': 1, '65542': 1, '65556': 1, '65557': 1, '65560': 1, '65566': 1, '65568': 1, '65570': 1, '65581': 1, '65582': 1, '65584': 1, '65586': 1, '65587': 1, '65590': 1, '65592': 1, '65593': 1, '65596': 1, '65598': 1, '65599': 1, '65602': 1, '65604': 1, '65605': 1, '65608': 1, '65610': 1, '65611': 1, '65614': 1, '65616': 1, '65617': 1, '65620': 1, '65622': 1, '65623': 1, '65626': 1, '65628': 1, '65629': 1, '65632': 1, '65634': 1, '65635': 1, '65638': 1, '65640': 1, '65641': 1, '65644': 1, '65646': 1, '65647': 1, '65650': 1, '65652': 1, '65653': 1, '65656': 1, '65658': 1, '65659': 1, '65662': 1, '65664': 1, '65665': 1, '65668': 1, '65670': 1, '65671': 1, '65674': 1, '65676': 1, '65677': 1, '65680': 1, '65682': 1, '65683': 1, '65684': 1, '65685': 1, '65688': 1, '65689': 1, '65690': 1}",69,4,raw,6,137,32,11,5,34,45,1,{},0
0,{},0,[13],constant_chain,155,actionc,true,223,{},0,0,[],0,0,[],"{'65586': 1, '65592': 1, '65598': 1, '65604': 1, '65610': 1, '65616': 1, '65622': 1, '65628': 1, '65634': 1, '65640': 1, '65646': 1, '65652': 1, '65658': 1, '65664': 1, '65670': 1, '65676': 1, '65682': 1}",17,{},0,3,3,0,"{'65536': 1, '65537': 1, '65538': 1, '65540': 1, '65542': 1, '65556': 1, '65557': 1, '65560': 1, '65566': 1, '65568': 1, '65570': 1, '65581': 1, '65582': 1, '65584': 1, '65586': 1, '65587': 1, '65590': 1, '65592': 1, '65593': 1, '65596': 1, '65598': 1, '65599': 1, '65602': 1, '65604': 1, '65605': 1, '65608': 1, '65610': 1, '65611': 1, '65614': 1, '65616': 1, '65617': 1, '65620': 1, '65622': 1, '65623': 1, '65626': 1, '65628': 1, '65629': 1, '65632': 1, '65634': 1, '65635': 1, '65638': 1, '65640': 1, '65641': 1, '65644': 1, '65646': 1, '65647': 1, '65650': 1, '65652': 1, '65653': 1, '65656': 1, '65658': 1, '65659': 1, '65662': 1, '65664': 1, '65665': 1, '65668': 1, '65670': 1, '65671': 1, '65674': 1, '65676': 1, '65677': 1, '65680': 1, '65682': 1, '65683': 1, '65684': 1, '65685': 1, '65688': 1, '65689': 1, '65690': 1}",69,4,raw,6,149,32,11,5,34,45,2,{},0
0,{},0,[32767],constant_chain,155,actionc,true,223,{},0,0,[],0,0,[],"{'65586': 1, '65592': 1, '65598': 1, '65604': 1, '65610': 1, '65616': 1, '65622': 1, '65628': 1, '65634': 1, '65640': 1, '65646': 1, '65652': 1, '65658': 1, '65664': 1, '65670': 1, '65676': 1, '65682': 1}",17,{},0,3,3,0,"{'65536': 1, '65537': 1, '65538': 1, '65540': 1, '65542': 1, '65556': 1, '65557': 1, '65560': 1, '65566': 1, '65568': 1, '65570': 1, '65581': 1, '65582': 1, '65584': 1, '65586': 1, '65587': 1, '65590': 1, '65592': 1, '65593': 1, '65596': 1, '65598': 1, '65599': 1, '65602': 1, '65604': 1, '65605': 1, '65608': 1, '65610': 1, '65611': 1, '65614': 1, '65616': 1, '65617': 1, '65620': 1, '65622': 1, '65623': 1, '65626': 1, '65628': 1, '65629': 1, '65632': 1, '65634': 1, '65635': 1, '65638': 1, '65640': 1, '65641': 1, '65644': 1, '65646': 1, '65647': 1, '65650': 1, '65652': 1, '65653': 1, '65656': 1, '65658': 1, '65659': 1, '65662': 1, '65664': 1, '65665': 1, '65668': 1, '65670': 1, '65671': 1, '65674': 1, '65676': 1, '65677': 1, '65680': 1, '65682': 1, '65683': 1, '65684': 1, '65685': 1, '65688': 1, '65689': 1, '65690': 1}",69,4,raw,6,32903,32,11,5,34,45,3,{},0
0,{},0,[32768],constant_chain,155,actionc,true,223,{},0,0,[],0,0,[],"{'65586': 1, '65592': 1, '65598': 1, '65604': 1, '65610': 1, '65616': 1, '65622': 1, '65628': 1, '65634': 1, '65640': 1, '65646': 1, '65652': 1, '65658': 1, '65664': 1, '65670': 1, '65676': 1, '65682': 1}",17,{},0,3,3,0,"{'65536': 1, '65537': 1, '65538': 1, '65540': 1, '65542': 1, '65556': 1, '65557': 1, '65560': 1, '65566': 1, '65568': 1, '65570': 1, '65581': 1, '65582': 1, '65584': 1, '65586': 1, '65587': 1, '65590': 1, '65592': 1, '65593': 1, '65596': 1, '65598': 1, '65599': 1, '65602': 1, '65604': 1, '65605': 1, '65608': 1, '65610': 1, '65611': 1, '65614': 1, '65616': 1, '65617': 1, '65620': 1, '65622': 1, '65623': 1, '65626': 1, '65628': 1, '65629': 1, '65632': 1, '65634': 1, '65635': 1, '65638': 1, '65640': 1, '65641': 1, '65644': 1, '65646': 1, '65647': 1, '65650': 1, '65652': 1, '65653': 1, '65656': 1, '65658': 1, '65659': 1, '65662': 1, '65664': 1, '65665': 1, '65668': 1, '65670': 1, '65671': 1, '65674': 1, '65676': 1, '65677': 1, '65680': 1, '65682': 1, '65683': 1, '65684': 1, '65685': 1, '65688': 1, '65689': 1, '65690': 1}",69,4,raw,6,32904,32,11,5,34,45,4,{},0
0,{},0,[65535],constant_chain,155,actionc,true,223,{},0,0,[],0,0,[],"{'65586': 1, '65592': 1, '65598': 1, '65604': 1, '65610': 1, '65616': 1, '65622': 1, '65628': 1, '65634': 1, '65640': 1, '65646': 1, '65652': 1, '65658': 1, '65664': 1, '65670': 1, '65676': 1, '65682': 1}",17,{},0,3,3,0,"{'65536': 1, '65537': 1, '65538': 1, '65540': 1, '65542': 1, '65556': 1, '65557': 1, '65560': 1, '65566': 1, '65568': 1, '65570': 1, '65581': 1, '65582': 1, '65584': 1, '65586': 1, '65587': 1, '65590': 1, '65592': 1, '65593': 1, '65596': 1, '65598': 1, '65599': 1, '65602': 1, '65604': 1, '65605': 1, '65608': 1, '65610': 1, '65611': 1, '65614': 1, '65616': 1, '65617': 1, '65620': 1, '65622': 1, '65623': 1, '65626': 1, '65628': 1, '65629': 1, '65632': 1, '65634': 1, '65635': 1, '65638': 1, '65640': 1, '65641': 1, '65644': 1, '65646': 1, '65647': 1, '65650': 1, '65652': 1, '65653': 1, '65656': 1, '65658': 1, '65659': 1, '65662': 1, '65664': 1, '65665': 1, '65668': 1, '65670': 1, '65671': 1, '65674': 1, '65676': 1, '65677': 1, '65680': 1, '65682': 1, '65683': 1, '65684': 1, '65685': 1, '65688': 1, '65689': 1, '65690': 1}",69,4,raw,6,135,32,11,5,34,45,5,{},0
,,,[0],constant_chain,9,vbcc,true,25,,,0,[],0,,[],,,,,3,0,0,"{'65536': 1, '65537': 1, '65539': 1, '65540': 1, '65543': 1, '65544': 1}",6,0,raw,2,136,0,0,5,4,0,0,,
,,,[1],constant_chain,9,vbcc,true,25,,,0,[],0,,[],,,,,3,0,0,"{'65536': 1, '65537': 1, '65539': 1, '65540': 1, '65543': 1, '65544': 1}",6,0,raw,2,137,0,0,5,4,0,1,,
,,,[13],constant_chain,9,vbcc,true,25,,,0,[],0,,[],,,,,3,0,0,"{'65536': 1, '65537': 1, '65539': 1, '65540': 1, '65543': 1, '65544': 1}",6,0,raw,2,149,0,0,5,4,0,2,,
,,,[32767],constant_chain,9,vbcc,true,25,,,0,[],0,,[],,,,,3,0,0,"{'65536': 1, '65537': 1, '65539': 1, '65540': 1, '65543': 1, '65544': 1}",6,0,raw,2,32903,0,0,5,4,0,3,,
,,,[32768],constant_chain,9,vbcc,true,25,,,0,[],0,,[],,,,,3,0,0,"{'65536': 1, '65537': 1, '65539': 1, '65540': 1, '65543': 1, '65544': 1}",6,0,raw,2,32904,0,0,5,4,0,4,,
,,,[65535],constant_chain,9,vbcc,true,25,,,0,[],0,,[],,,,,3,0,0,"{'65536': 1, '65537': 1, '65539': 1, '65540': 1, '65543': 1, '65544': 1}",6,0,raw,2,135,0,0,5,4,0,5,,
0,{},0,[0],constant_chain,65,actionc,true,73,{},0,0,[],0,0,[],"{'65586': 1, '65592': 1}",2,{},0,3,3,0,"{'65536': 1, '65537': 1, '65538': 1, '65540': 1, '65542': 1, '65556': 1, '65557': 1, '65560': 1, '65566': 1, '65568': 1, '65570': 1, '65581': 1, '65582': 1, '65584': 1, '65586': 1, '65587': 1, '65590': 1, '65592': 1, '65593': 1, '65594': 1, '65595': 1, '65598': 1, '65599': 1, '65600': 1}",24,4,optimized,6,136,32,11,5,4,45,0,{},0
0,{},0,[1],constant_chain,65,actionc,true,73,{},0,0,[],0,0,[],"{'65586': 1, '65592': 1}",2,{},0,3,3,0,"{'65536': 1, '65537': 1, '65538': 1, '65540': 1, '65542': 1, '65556': 1, '65557': 1, '65560': 1, '65566': 1, '65568': 1, '65570': 1, '65581': 1, '65582': 1, '65584': 1, '65586': 1, '65587': 1, '65590': 1, '65592': 1, '65593': 1, '65594': 1, '65595': 1, '65598': 1, '65599': 1, '65600': 1}",24,4,optimized,6,137,32,11,5,4,45,1,{},0
0,{},0,[13],constant_chain,65,actionc,true,73,{},0,0,[],0,0,[],"{'65586': 1, '65592': 1}",2,{},0,3,3,0,"{'65536': 1, '65537': 1, '65538': 1, '65540': 1, '65542': 1, '65556': 1, '65557': 1, '65560': 1, '65566': 1, '65568': 1, '65570': 1, '65581': 1, '65582': 1, '65584': 1, '65586': 1, '65587': 1, '65590': 1, '65592': 1, '65593': 1, '65594': 1, '65595': 1, '65598': 1, '65599': 1, '65600': 1}",24,4,optimized,6,149,32,11,5,4,45,2,{},0
0,{},0,[32767],constant_chain,65,actionc,true,73,{},0,0,[],0,0,[],"{'65586': 1, '65592': 1}",2,{},0,3,3,0,"{'65536': 1, '65537': 1, '65538': 1, '65540': 1, '65542': 1, '65556': 1, '65557': 1, '65560': 1, '65566': 1, '65568': 1, '65570': 1, '65581': 1, '65582': 1, '65584': 1, '65586': 1, '65587': 1, '65590': 1, '65592': 1, '65593': 1, '65594': 1, '65595': 1, '65598': 1, '65599': 1, '65600': 1}",24,4,optimized,6,32903,32,11,5,4,45,3,{},0
0,{},0,[32768],constant_chain,65,actionc,true,73,{},0,0,[],0,0,[],"{'65586': 1, '65592': 1}",2,{},0,3,3,0,"{'65536': 1, '65537': 1, '65538': 1, '65540': 1, '65542': 1, '65556': 1, '65557': 1, '65560': 1, '65566': 1, '65568': 1, '65570': 1, '65581': 1, '65582': 1, '65584': 1, '65586': 1, '65587': 1, '65590': 1, '65592': 1, '65593': 1, '65594': 1, '65595': 1, '65598': 1, '65599': 1, '65600': 1}",24,4,optimized,6,32904,32,11,5,4,45,4,{},0
0,{},0,[65535],constant_chain,65,actionc,true,73,{},0,0,[],0,0,[],"{'65586': 1, '65592': 1}",2,{},0,3,3,0,"{'65536': 1, '65537': 1, '65538': 1, '65540': 1, '65542': 1, '65556': 1, '65557': 1, '65560': 1, '65566': 1, '65568': 1, '65570': 1, '65581': 1, '65582': 1, '65584': 1, '65586': 1, '65587': 1, '65590': 1, '65592': 1, '65593': 1, '65594': 1, '65595': 1, '65598': 1, '65599': 1, '65600': 1}",24,4,optimized,6,135,32,11,5,4,45,5,{},0
,,,[0],constant_chain,6,vbcc,true,13,,,0,[],0,,[],,,,,3,0,0,"{'65536': 1, '65537': 1, '65538': 1, '65541': 1}",4,0,optimized,0,136,0,0,3,0,0,0,,
,,,[1],constant_chain,6,vbcc,true,13,,,0,[],0,,[],,,,,3,0,0,"{'65536': 1, '65537': 1, '65538': 1, '65541': 1}",4,0,optimized,0,137,0,0,3,0,0,1,,
,,,[13],constant_chain,6,vbcc,true,13,,,0,[],0,,[],,,,,3,0,0,"{'65536': 1, '65537': 1, '65538': 1, '65541': 1}",4,0,optimized,0,149,0,0,3,0,0,2,,
,,,[32767],constant_chain,6,vbcc,true,13,,,0,[],0,,[],,,,,3,0,0,"{'65536': 1, '65537': 1, '65538': 1, '65541': 1}",4,0,optimized,0,32903,0,0,3,0,0,3,,
,,,[32768],constant_chain,6,vbcc,true,13,,,0,[],0,,[],,,,,3,0,0,"{'65536': 1, '65537': 1, '65538': 1, '65541': 1}",4,0,optimized,0,32904,0,0,3,0,0,4,,
,,,[65535],constant_chain,6,vbcc,true,13,,,0,[],0,,[],,,,,3,0,0,"{'65536': 1, '65537': 1, '65538': 1, '65541': 1}",4,0,optimized,0,135,0,0,3,0,0,5,,
0,{},0,"[0,0]",maximum,90,actionc,true,94,{},0,0,[],0,0,[],"{'65590': 1, '65617': 1}",2,{'65590': 1},1,3,5,0,"{'65536': 1, '65537': 1, '65538': 1, '65540': 1, '65542': 1, '65556': 1, '65557': 1, '65560': 1, '65566': 1, '65568': 1, '65570': 1, '65581': 1, '65582': 1, '65584': 1, '65586': 1, '65588': 1, '65590': 1, '65592': 1, '65594': 1, '65613': 1, '65615': 1, '65617': 1, '65618': 1, '65619': 1, '65620': 1, '65623': 1, '65624': 1, '65625': 1}",28,4,raw,6,0,32,11,11,6,45,0,{},0
0,{},0,"[1,2]",maximum,90,actionc,true,94,{},0,0,[],0,0,[],"{'65590': 1, '65617': 1}",2,{'65590': 1},1,3,5,0,"{'65536': 1, '65537': 1, '65538': 1, '65540': 1, '65542': 1, '65556': 1, '65557': 1, '65560': 1, '65566': 1, '65568': 1, '65570': 1, '65581': 1, '65582': 1, '65584': 1, '65586': 1, '65588': 1, '65590': 1, '65592': 1, '65594': 1, '65613': 1, '65615': 1, '65617': 1, '65618': 1, '65619': 1, '65620': 1, '65623': 1, '65624': 1, '65625': 1}",28,4,raw,6,2,32,11,11,6,45,1,{},0
0,{},0,"[13,41]",maximum,90,actionc,true,94,{},0,0,[],0,0,[],"{'65590': 1, '65617': 1}",2,{'65590': 1},1,3,5,0,"{'65536': 1, '65537': 1, '65538': 1, '65540': 1, '65542': 1, '65556': 1, '65557': 1, '65560': 1, '65566': 1, '65568': 1, '65570': 1, '65581': 1, '65582': 1, '65584': 1, '65586': 1, '65588': 1, '65590': 1, '65592': 1, '65594': 1, '65613': 1, '65615': 1, '65617': 1, '65618': 1, '65619': 1, '65620': 1, '65623': 1, '65624': 1, '65625': 1}",28,4,raw,6,41,32,11,11,6,45,2,{},0
0,{},0,"[65535,1]",maximum,90,actionc,true,94,{},0,0,[],0,0,[],"{'65590': 1, '65604': 1}",2,{'65590': 1},1,3,5,0,"{'65536': 1, '65537': 1, '65538': 1, '65540': 1, '65542': 1, '65556': 1, '65557': 1, '65560': 1, '65566': 1, '65568': 1, '65570': 1, '65581': 1, '65582': 1, '65584': 1, '65586': 1, '65588': 1, '65590': 1, '65592': 1, '65598': 1, '65600': 1, '65602': 1, '65604': 1, '65605': 1, '65606': 1, '65607': 1, '65610': 1, '65611': 1, '65612': 1}",28,4,raw,6,65535,32,11,11,6,45,3,{},0
0,{},0,"[32768,32767]",maximum,90,actionc,true,94,{},0,0,[],0,0,[],"{'65590': 1, '65604': 1}",2,{'65590': 1},1,3,5,0,"{'65536': 1, '65537': 1, '65538': 1, '65540': 1, '65542': 1, '65556': 1, '65557': 1, '65560': 1, '65566': 1, '65568': 1, '65570': 1, '65581': 1, '65582': 1, '65584': 1, '65586': 1, '65588': 1, '65590': 1, '65592': 1, '65598': 1, '65600': 1, '65602': 1, '65604': 1, '65605': 1, '65606': 1, '65607': 1, '65610': 1, '65611': 1, '65612': 1}",28,4,raw,6,32768,32,11,11,6,45,4,{},0
,,,"[0,0]",maximum,17,vbcc,true,35,,,0,[],0,,[],,,,,3,2,0,"{'65536': 1, '65537': 1, '65539': 1, '65541': 1, '65543': 1, '65549': 1, '65551': 1, '65552': 1}",8,0,raw,2,0,0,0,9,4,0,0,,
,,,"[1,2]",maximum,17,vbcc,true,33,,,0,[],0,,[],,,,,3,2,0,"{'65536': 1, '65537': 1, '65539': 1, '65541': 1, '65549': 1, '65551': 1, '65552': 1}",7,0,raw,2,2,0,0,9,4,0,1,,
,,,"[13,41]",maximum,17,vbcc,true,33,,,0,[],0,,[],,,,,3,2,0,"{'65536': 1, '65537': 1, '65539': 1, '65541': 1, '65549': 1, '65551': 1, '65552': 1}",7,0,raw,2,41,0,0,9,4,0,2,,
,,,"[65535,1]",maximum,17,vbcc,true,37,,,0,[],0,,[],,,,,3,2,0,"{'65536': 1, '65537': 1, '65539': 1, '65541': 1, '65543': 1, '65545': 1, '65547': 1, '65551': 1, '65552': 1}",9,0,raw,2,65535,0,0,9,4,0,3,,
,,,"[32768,32767]",maximum,17,vbcc,true,37,,,0,[],0,,[],,,,,3,2,0,"{'65536': 1, '65537': 1, '65539': 1, '65541': 1, '65543': 1, '65545': 1, '65547': 1, '65551': 1, '65552': 1}",9,0,raw,2,32768,0,0,9,4,0,4,,
0,{},0,"[0,0]",maximum,90,actionc,true,94,{},0,0,[],0,0,[],"{'65590': 1, '65617': 1}",2,{'65590': 1},1,3,5,0,"{'65536': 1, '65537': 1, '65538': 1, '65540': 1, '65542': 1, '65556': 1, '65557': 1, '65560': 1, '65566': 1, '65568': 1, '65570': 1, '65581': 1, '65582': 1, '65584': 1, '65586': 1, '65588': 1, '65590': 1, '65592': 1, '65594': 1, '65613': 1, '65615': 1, '65617': 1, '65618': 1, '65619': 1, '65620': 1, '65623': 1, '65624': 1, '65625': 1}",28,4,optimized,6,0,32,11,11,6,45,0,{},0
0,{},0,"[1,2]",maximum,90,actionc,true,94,{},0,0,[],0,0,[],"{'65590': 1, '65617': 1}",2,{'65590': 1},1,3,5,0,"{'65536': 1, '65537': 1, '65538': 1, '65540': 1, '65542': 1, '65556': 1, '65557': 1, '65560': 1, '65566': 1, '65568': 1, '65570': 1, '65581': 1, '65582': 1, '65584': 1, '65586': 1, '65588': 1, '65590': 1, '65592': 1, '65594': 1, '65613': 1, '65615': 1, '65617': 1, '65618': 1, '65619': 1, '65620': 1, '65623': 1, '65624': 1, '65625': 1}",28,4,optimized,6,2,32,11,11,6,45,1,{},0
0,{},0,"[13,41]",maximum,90,actionc,true,94,{},0,0,[],0,0,[],"{'65590': 1, '65617': 1}",2,{'65590': 1},1,3,5,0,"{'65536': 1, '65537': 1, '65538': 1, '65540': 1, '65542': 1, '65556': 1, '65557': 1, '65560': 1, '65566': 1, '65568': 1, '65570': 1, '65581': 1, '65582': 1, '65584': 1, '65586': 1, '65588': 1, '65590': 1, '65592': 1, '65594': 1, '65613': 1, '65615': 1, '65617': 1, '65618': 1, '65619': 1, '65620': 1, '65623': 1, '65624': 1, '65625': 1}",28,4,optimized,6,41,32,11,11,6,45,2,{},0
0,{},0,"[65535,1]",maximum,90,actionc,true,94,{},0,0,[],0,0,[],"{'65590': 1, '65604': 1}",2,{'65590': 1},1,3,5,0,"{'65536': 1, '65537': 1, '65538': 1, '65540': 1, '65542': 1, '65556': 1, '65557': 1, '65560': 1, '65566': 1, '65568': 1, '65570': 1, '65581': 1, '65582': 1, '65584': 1, '65586': 1, '65588': 1, '65590': 1, '65592': 1, '65598': 1, '65600': 1, '65602': 1, '65604': 1, '65605': 1, '65606': 1, '65607': 1, '65610': 1, '65611': 1, '65612': 1}",28,4,optimized,6,65535,32,11,11,6,45,3,{},0
0,{},0,"[32768,32767]",maximum,90,actionc,true,94,{},0,0,[],0,0,[],"{'65590': 1, '65604': 1}",2,{'65590': 1},1,3,5,0,"{'65536': 1, '65537': 1, '65538': 1, '65540': 1, '65542': 1, '65556': 1, '65557': 1, '65560': 1, '65566': 1, '65568': 1, '65570': 1, '65581': 1, '65582': 1, '65584': 1, '65586': 1, '65588': 1, '65590': 1, '65592': 1, '65598': 1, '65600': 1, '65602': 1, '65604': 1, '65605': 1, '65606': 1, '65607': 1, '65610': 1, '65611': 1, '65612': 1}",28,4,optimized,6,32768,32,11,11,6,45,4,{},0
,,,"[0,0]",maximum,12,vbcc,true,23,,,0,[],0,,[],,,,,3,2,0,"{'65536': 1, '65537': 1, '65539': 1, '65541': 1, '65545': 1, '65547': 1}",6,0,optimized,0,0,0,0,7,0,0,0,,
,,,"[1,2]",maximum,12,vbcc,true,21,,,0,[],0,,[],,,,,3,2,0,"{'65536': 1, '65537': 1, '65539': 1, '65545': 1, '65547': 1}",5,0,optimized,0,2,0,0,7,0,0,1,,
,,,"[13,41]",maximum,12,vbcc,true,21,,,0,[],0,,[],,,,,3,2,0,"{'65536': 1, '65537': 1, '65539': 1, '65545': 1, '65547': 1}",5,0,optimized,0,41,0,0,7,0,0,2,,
,,,"[65535,1]",maximum,12,vbcc,true,19,,,0,[],0,,[],,,,,3,2,0,"{'65536': 1, '65537': 1, '65539': 1, '65541': 1, '65543': 1, '65544': 1}",6,0,optimized,0,65535,0,0,5,0,0,3,,
,,,"[32768,32767]",maximum,12,vbcc,true,19,,,0,[],0,,[],,,,,3,2,0,"{'65536': 1, '65537': 1, '65539': 1, '65541': 1, '65543': 1, '65544': 1}",6,0,optimized,0,32768,0,0,5,0,0,4,,
0,{},0,[0],wide_shift,401,actionc,true,706,{},0,48,"[8,9,10,11,16]",52,0,[],{},0,{},0,3,5,0,"{'65536': 1, '65537': 1, '65538': 1, '65540': 1, '65542': 1, '65556': 1, '65557': 1, '65560': 1, '65566': 1, '65568': 1, '65570': 1, '65581': 1, '65582': 1, '65584': 1, '65586': 1, '65588': 1, '65590': 1, '65592': 1, '65594': 1, '65596': 1, '65598': 1, '65600': 1, '65602': 1, '65604': 1, '65606': 1, '65608': 1, '65610': 1, '65612': 1, '65614': 1, '65616': 1, '65618': 1, '65620': 1, '65622': 1, '65628': 1, '65630': 1, '65636': 1, '65638': 1, '65644': 1, '65646': 1, '65648': 1, '65654': 1, '65656': 1, '65662': 1, '65664': 1, '65667': 1, '65668': 1, '65670': 5, '65672': 5, '65674': 5, '65676': 5, '65678': 5, '65679': 5, '65681': 4, '65685': 1, '65699': 1, '65701': 1, '65703': 1, '65705': 1, '65707': 1, '65709': 1, '65711': 1, '65713': 1, '65715': 1, '65717': 1, '65719': 1, '65721': 1, '65723': 1, '65725': 1, '65727': 1, '65729': 1, '65731': 1, '65733': 1, '65735': 1, '65737': 1, '65739': 1, '65741': 1, '65743': 1, '65745': 1, '65747': 1, '65749': 1, '65751': 1, '65753': 1, '65755': 1, '65757': 1, '65763': 1, '65765': 1, '65771': 1, '65773': 1, '65779': 1, '65781': 1, '65783': 1, '65789': 1, '65791': 1, '65797': 1, '65799': 1, '65802': 1, '65803': 1, '65805': 3, '65807': 3, '65809': 3, '65811': 3, '65813': 3, '65814': 3, '65816': 2, '65820': 1, '65834': 1, '65836': 1, '65838': 1, '65840': 1, '65842': 1, '65844': 1, '65846': 1, '65848': 1, '65850': 1, '65852': 1, '65854': 1, '65856': 1, '65858': 1, '65860': 1, '65862': 1, '65864': 1, '65866': 1, '65868': 1, '65870': 1, '65872': 1, '65874': 1, '65876': 1, '65878': 1, '65880': 1, '65882': 1, '65884': 1, '65886': 1, '65888': 1, '65890': 1, '65892': 1, '65894': 1, '65896': 1, '65898': 1, '65900': 1, '65902': 1, '65904': 1, '65906': 1, '65908': 1, '65910': 1, '65912': 1, '65914': 1, '65916': 1, '65918': 1, '65920': 1, '65922': 1, '65924': 1, '65926': 1, '65928': 1, '65929': 1, '65930': 1, '65931': 1, '65934': 1, '65935': 1, '65936': 1}",199,4,raw,18,0,32,11,39,28,45,0,{},0
0,{},0,[1],wide_shift,401,actionc,true,706,{},0,48,"[8,9,10,11,16]",52,0,[],{},0,{},0,3,5,0,"{'65536': 1, '65537': 1, '65538': 1, '65540': 1, '65542': 1, '65556': 1, '65557': 1, '65560': 1, '65566': 1, '65568': 1, '65570': 1, '65581': 1, '65582': 1, '65584': 1, '65586': 1, '65588': 1, '65590': 1, '65592': 1, '65594': 1, '65596': 1, '65598': 1, '65600': 1, '65602': 1, '65604': 1, '65606': 1, '65608': 1, '65610': 1, '65612': 1, '65614': 1, '65616': 1, '65618': 1, '65620': 1, '65622': 1, '65628': 1, '65630': 1, '65636': 1, '65638': 1, '65644': 1, '65646': 1, '65648': 1, '65654': 1, '65656': 1, '65662': 1, '65664': 1, '65667': 1, '65668': 1, '65670': 5, '65672': 5, '65674': 5, '65676': 5, '65678': 5, '65679': 5, '65681': 4, '65685': 1, '65699': 1, '65701': 1, '65703': 1, '65705': 1, '65707': 1, '65709': 1, '65711': 1, '65713': 1, '65715': 1, '65717': 1, '65719': 1, '65721': 1, '65723': 1, '65725': 1, '65727': 1, '65729': 1, '65731': 1, '65733': 1, '65735': 1, '65737': 1, '65739': 1, '65741': 1, '65743': 1, '65745': 1, '65747': 1, '65749': 1, '65751': 1, '65753': 1, '65755': 1, '65757': 1, '65763': 1, '65765': 1, '65771': 1, '65773': 1, '65779': 1, '65781': 1, '65783': 1, '65789': 1, '65791': 1, '65797': 1, '65799': 1, '65802': 1, '65803': 1, '65805': 3, '65807': 3, '65809': 3, '65811': 3, '65813': 3, '65814': 3, '65816': 2, '65820': 1, '65834': 1, '65836': 1, '65838': 1, '65840': 1, '65842': 1, '65844': 1, '65846': 1, '65848': 1, '65850': 1, '65852': 1, '65854': 1, '65856': 1, '65858': 1, '65860': 1, '65862': 1, '65864': 1, '65866': 1, '65868': 1, '65870': 1, '65872': 1, '65874': 1, '65876': 1, '65878': 1, '65880': 1, '65882': 1, '65884': 1, '65886': 1, '65888': 1, '65890': 1, '65892': 1, '65894': 1, '65896': 1, '65898': 1, '65900': 1, '65902': 1, '65904': 1, '65906': 1, '65908': 1, '65910': 1, '65912': 1, '65914': 1, '65916': 1, '65918': 1, '65920': 1, '65922': 1, '65924': 1, '65926': 1, '65928': 1, '65929': 1, '65930': 1, '65931': 1, '65934': 1, '65935': 1, '65936': 1}",199,4,raw,18,32,32,11,39,28,45,1,{},0
0,{},0,[305419896],wide_shift,401,actionc,true,706,{},0,48,"[8,9,10,11,16]",52,0,[],{},0,{},0,3,5,0,"{'65536': 1, '65537': 1, '65538': 1, '65540': 1, '65542': 1, '65556': 1, '65557': 1, '65560': 1, '65566': 1, '65568': 1, '65570': 1, '65581': 1, '65582': 1, '65584': 1, '65586': 1, '65588': 1, '65590': 1, '65592': 1, '65594': 1, '65596': 1, '65598': 1, '65600': 1, '65602': 1, '65604': 1, '65606': 1, '65608': 1, '65610': 1, '65612': 1, '65614': 1, '65616': 1, '65618': 1, '65620': 1, '65622': 1, '65628': 1, '65630': 1, '65636': 1, '65638': 1, '65644': 1, '65646': 1, '65648': 1, '65654': 1, '65656': 1, '65662': 1, '65664': 1, '65667': 1, '65668': 1, '65670': 5, '65672': 5, '65674': 5, '65676': 5, '65678': 5, '65679': 5, '65681': 4, '65685': 1, '65699': 1, '65701': 1, '65703': 1, '65705': 1, '65707': 1, '65709': 1, '65711': 1, '65713': 1, '65715': 1, '65717': 1, '65719': 1, '65721': 1, '65723': 1, '65725': 1, '65727': 1, '65729': 1, '65731': 1, '65733': 1, '65735': 1, '65737': 1, '65739': 1, '65741': 1, '65743': 1, '65745': 1, '65747': 1, '65749': 1, '65751': 1, '65753': 1, '65755': 1, '65757': 1, '65763': 1, '65765': 1, '65771': 1, '65773': 1, '65779': 1, '65781': 1, '65783': 1, '65789': 1, '65791': 1, '65797': 1, '65799': 1, '65802': 1, '65803': 1, '65805': 3, '65807': 3, '65809': 3, '65811': 3, '65813': 3, '65814': 3, '65816': 2, '65820': 1, '65834': 1, '65836': 1, '65838': 1, '65840': 1, '65842': 1, '65844': 1, '65846': 1, '65848': 1, '65850': 1, '65852': 1, '65854': 1, '65856': 1, '65858': 1, '65860': 1, '65862': 1, '65864': 1, '65866': 1, '65868': 1, '65870': 1, '65872': 1, '65874': 1, '65876': 1, '65878': 1, '65880': 1, '65882': 1, '65884': 1, '65886': 1, '65888': 1, '65890': 1, '65892': 1, '65894': 1, '65896': 1, '65898': 1, '65900': 1, '65902': 1, '65904': 1, '65906': 1, '65908': 1, '65910': 1, '65912': 1, '65914': 1, '65916': 1, '65918': 1, '65920': 1, '65922': 1, '65924': 1, '65926': 1, '65928': 1, '65929': 1, '65930': 1, '65931': 1, '65934': 1, '65935': 1, '65936': 1}",199,4,raw,18,1154237903,32,11,39,28,45,2,{},0
0,{},0,[2147483648],wide_shift,401,actionc,true,706,{},0,48,"[8,9,10,11,16]",52,0,[],{},0,{},0,3,5,0,"{'65536': 1, '65537': 1, '65538': 1, '65540': 1, '65542': 1, '65556': 1, '65557': 1, '65560': 1, '65566': 1, '65568': 1, '65570': 1, '65581': 1, '65582': 1, '65584': 1, '65586': 1, '65588': 1, '65590': 1, '65592': 1, '65594': 1, '65596': 1, '65598': 1, '65600': 1, '65602': 1, '65604': 1, '65606': 1, '65608': 1, '65610': 1, '65612': 1, '65614': 1, '65616': 1, '65618': 1, '65620': 1, '65622': 1, '65628': 1, '65630': 1, '65636': 1, '65638': 1, '65644': 1, '65646': 1, '65648': 1, '65654': 1, '65656': 1, '65662': 1, '65664': 1, '65667': 1, '65668': 1, '65670': 5, '65672': 5, '65674': 5, '65676': 5, '65678': 5, '65679': 5, '65681': 4, '65685': 1, '65699': 1, '65701': 1, '65703': 1, '65705': 1, '65707': 1, '65709': 1, '65711': 1, '65713': 1, '65715': 1, '65717': 1, '65719': 1, '65721': 1, '65723': 1, '65725': 1, '65727': 1, '65729': 1, '65731': 1, '65733': 1, '65735': 1, '65737': 1, '65739': 1, '65741': 1, '65743': 1, '65745': 1, '65747': 1, '65749': 1, '65751': 1, '65753': 1, '65755': 1, '65757': 1, '65763': 1, '65765': 1, '65771': 1, '65773': 1, '65779': 1, '65781': 1, '65783': 1, '65789': 1, '65791': 1, '65797': 1, '65799': 1, '65802': 1, '65803': 1, '65805': 3, '65807': 3, '65809': 3, '65811': 3, '65813': 3, '65814': 3, '65816': 2, '65820': 1, '65834': 1, '65836': 1, '65838': 1, '65840': 1, '65842': 1, '65844': 1, '65846': 1, '65848': 1, '65850': 1, '65852': 1, '65854': 1, '65856': 1, '65858': 1, '65860': 1, '65862': 1, '65864': 1, '65866': 1, '65868': 1, '65870': 1, '65872': 1, '65874': 1, '65876': 1, '65878': 1, '65880': 1, '65882': 1, '65884': 1, '65886': 1, '65888': 1, '65890': 1, '65892': 1, '65894': 1, '65896': 1, '65898': 1, '65900': 1, '65902': 1, '65904': 1, '65906': 1, '65908': 1, '65910': 1, '65912': 1, '65914': 1, '65916': 1, '65918': 1, '65920': 1, '65922': 1, '65924': 1, '65926': 1, '65928': 1, '65929': 1, '65930': 1, '65931': 1, '65934': 1, '65935': 1, '65936': 1}",199,4,raw,18,268435456,32,11,39,28,45,3,{},0
0,{},0,[4294967295],wide_shift,401,actionc,true,706,{},0,48,"[8,9,10,11,16]",52,0,[],{},0,{},0,3,5,0,"{'65536': 1, '65537': 1, '65538': 1, '65540': 1, '65542': 1, '65556': 1, '65557': 1, '65560': 1, '65566': 1, '65568': 1, '65570': 1, '65581': 1, '65582': 1, '65584': 1, '65586': 1, '65588': 1, '65590': 1, '65592': 1, '65594': 1, '65596': 1, '65598': 1, '65600': 1, '65602': 1, '65604': 1, '65606': 1, '65608': 1, '65610': 1, '65612': 1, '65614': 1, '65616': 1, '65618': 1, '65620': 1, '65622': 1, '65628': 1, '65630': 1, '65636': 1, '65638': 1, '65644': 1, '65646': 1, '65648': 1, '65654': 1, '65656': 1, '65662': 1, '65664': 1, '65667': 1, '65668': 1, '65670': 5, '65672': 5, '65674': 5, '65676': 5, '65678': 5, '65679': 5, '65681': 4, '65685': 1, '65699': 1, '65701': 1, '65703': 1, '65705': 1, '65707': 1, '65709': 1, '65711': 1, '65713': 1, '65715': 1, '65717': 1, '65719': 1, '65721': 1, '65723': 1, '65725': 1, '65727': 1, '65729': 1, '65731': 1, '65733': 1, '65735': 1, '65737': 1, '65739': 1, '65741': 1, '65743': 1, '65745': 1, '65747': 1, '65749': 1, '65751': 1, '65753': 1, '65755': 1, '65757': 1, '65763': 1, '65765': 1, '65771': 1, '65773': 1, '65779': 1, '65781': 1, '65783': 1, '65789': 1, '65791': 1, '65797': 1, '65799': 1, '65802': 1, '65803': 1, '65805': 3, '65807': 3, '65809': 3, '65811': 3, '65813': 3, '65814': 3, '65816': 2, '65820': 1, '65834': 1, '65836': 1, '65838': 1, '65840': 1, '65842': 1, '65844': 1, '65846': 1, '65848': 1, '65850': 1, '65852': 1, '65854': 1, '65856': 1, '65858': 1, '65860': 1, '65862': 1, '65864': 1, '65866': 1, '65868': 1, '65870': 1, '65872': 1, '65874': 1, '65876': 1, '65878': 1, '65880': 1, '65882': 1, '65884': 1, '65886': 1, '65888': 1, '65890': 1, '65892': 1, '65894': 1, '65896': 1, '65898': 1, '65900': 1, '65902': 1, '65904': 1, '65906': 1, '65908': 1, '65910': 1, '65912': 1, '65914': 1, '65916': 1, '65918': 1, '65920': 1, '65922': 1, '65924': 1, '65926': 1, '65928': 1, '65929': 1, '65930': 1, '65931': 1, '65934': 1, '65935': 1, '65936': 1}",199,4,raw,18,3758096415,32,11,39,28,45,4,{},0
,,,[0],wide_shift,73,vbcc,true,189,,,30,"[0,1,2,3,4,5,6,7,62,63]",34,,[],,,,,3,0,0,"{'65536': 1, '65537': 1, '65538': 1, '65540': 1, '65542': 1, '65543': 1, '65545': 1, '65547': 1, '65549': 1, '65550': 1, '65552': 1, '65553': 1, '65555': 1, '65556': 1, '65558': 1, '65559': 1, '65561': 1, '65562': 1, '65564': 1, '65566': 1, '65568': 1, '65570': 1, '65572': 1, '65574': 1, '65576': 1, '65577': 1, '65579': 1, '65580': 1, '65582': 1, '65583': 1, '65585': 1, '65587': 1, '65589': 1, '65591': 1, '65593': 1, '65595': 1, '65597': 1, '65599': 1, '65601': 1, '65603': 1, '65604': 1, '65606': 1, '65607': 1, '65608': 1}",44,0,raw,4,0,0,0,13,8,0,0,,
,,,[1],wide_shift,73,vbcc,true,189,,,30,"[0,1,2,3,4,5,6,7,62,63]",34,,[],,,,,3,0,0,"{'65536': 1, '65537': 1, '65538': 1, '65540': 1, '65542': 1, '65543': 1, '65545': 1, '65547': 1, '65549': 1, '65550': 1, '65552': 1, '65553': 1, '65555': 1, '65556': 1, '65558': 1, '65559': 1, '65561': 1, '65562': 1, '65564': 1, '65566': 1, '65568': 1, '65570': 1, '65572': 1, '65574': 1, '65576': 1, '65577': 1, '65579': 1, '65580': 1, '65582': 1, '65583': 1, '65585': 1, '65587': 1, '65589': 1, '65591': 1, '65593': 1, '65595': 1, '65597': 1, '65599': 1, '65601': 1, '65603': 1, '65604': 1, '65606': 1, '65607': 1, '65608': 1}",44,0,raw,4,32,0,0,13,8,0,1,,
,,,[305419896],wide_shift,73,vbcc,true,189,,,30,"[0,1,2,3,4,5,6,7,62,63]",34,,[],,,,,3,0,0,"{'65536': 1, '65537': 1, '65538': 1, '65540': 1, '65542': 1, '65543': 1, '65545': 1, '65547': 1, '65549': 1, '65550': 1, '65552': 1, '65553': 1, '65555': 1, '65556': 1, '65558': 1, '65559': 1, '65561': 1, '65562': 1, '65564': 1, '65566': 1, '65568': 1, '65570': 1, '65572': 1, '65574': 1, '65576': 1, '65577': 1, '65579': 1, '65580': 1, '65582': 1, '65583': 1, '65585': 1, '65587': 1, '65589': 1, '65591': 1, '65593': 1, '65595': 1, '65597': 1, '65599': 1, '65601': 1, '65603': 1, '65604': 1, '65606': 1, '65607': 1, '65608': 1}",44,0,raw,4,1154237903,0,0,13,8,0,2,,
,,,[2147483648],wide_shift,73,vbcc,true,189,,,30,"[0,1,2,3,4,5,6,7,62,63]",34,,[],,,,,3,0,0,"{'65536': 1, '65537': 1, '65538': 1, '65540': 1, '65542': 1, '65543': 1, '65545': 1, '65547': 1, '65549': 1, '65550': 1, '65552': 1, '65553': 1, '65555': 1, '65556': 1, '65558': 1, '65559': 1, '65561': 1, '65562': 1, '65564': 1, '65566': 1, '65568': 1, '65570': 1, '65572': 1, '65574': 1, '65576': 1, '65577': 1, '65579': 1, '65580': 1, '65582': 1, '65583': 1, '65585': 1, '65587': 1, '65589': 1, '65591': 1, '65593': 1, '65595': 1, '65597': 1, '65599': 1, '65601': 1, '65603': 1, '65604': 1, '65606': 1, '65607': 1, '65608': 1}",44,0,raw,4,268435456,0,0,13,8,0,3,,
,,,[4294967295],wide_shift,73,vbcc,true,189,,,30,"[0,1,2,3,4,5,6,7,62,63]",34,,[],,,,,3,0,0,"{'65536': 1, '65537': 1, '65538': 1, '65540': 1, '65542': 1, '65543': 1, '65545': 1, '65547': 1, '65549': 1, '65550': 1, '65552': 1, '65553': 1, '65555': 1, '65556': 1, '65558': 1, '65559': 1, '65561': 1, '65562': 1, '65564': 1, '65566': 1, '65568': 1, '65570': 1, '65572': 1, '65574': 1, '65576': 1, '65577': 1, '65579': 1, '65580': 1, '65582': 1, '65583': 1, '65585': 1, '65587': 1, '65589': 1, '65591': 1, '65593': 1, '65595': 1, '65597': 1, '65599': 1, '65601': 1, '65603': 1, '65604': 1, '65606': 1, '65607': 1, '65608': 1}",44,0,raw,4,3758096415,0,0,13,8,0,4,,
0,{},0,[0],wide_shift,377,actionc,true,650,{},0,48,"[8,9,10,11,16]",52,0,[],{},0,{},0,3,5,0,"{'65536': 1, '65537': 1, '65538': 1, '65540': 1, '65542': 1, '65556': 1, '65557': 1, '65560': 1, '65566': 1, '65568': 1, '65570': 1, '65581': 1, '65582': 1, '65584': 1, '65586': 1, '65588': 1, '65590': 1, '65592': 1, '65594': 1, '65596': 1, '65598': 1, '65600': 1, '65602': 1, '65604': 1, '65606': 1, '65608': 1, '65610': 1, '65616': 1, '65618': 1, '65624': 1, '65626': 1, '65632': 1, '65634': 1, '65636': 1, '65642': 1, '65644': 1, '65650': 1, '65652': 1, '65655': 1, '65656': 1, '65658': 5, '65660': 5, '65662': 5, '65664': 5, '65666': 5, '65667': 5, '65669': 4, '65673': 1, '65687': 1, '65689': 1, '65691': 1, '65693': 1, '65695': 1, '65697': 1, '65699': 1, '65701': 1, '65703': 1, '65705': 1, '65707': 1, '65709': 1, '65711': 1, '65713': 1, '65715': 1, '65717': 1, '65719': 1, '65721': 1, '65723': 1, '65725': 1, '65727': 1, '65729': 1, '65731': 1, '65733': 1, '65739': 1, '65741': 1, '65747': 1, '65749': 1, '65755': 1, '65757': 1, '65759': 1, '65765': 1, '65767': 1, '65773': 1, '65775': 1, '65778': 1, '65779': 1, '65781': 3, '65783': 3, '65785': 3, '65787': 3, '65789': 3, '65790': 3, '65792': 2, '65796': 1, '65810': 1, '65812': 1, '65814': 1, '65816': 1, '65818': 1, '65820': 1, '65822': 1, '65824': 1, '65826': 1, '65828': 1, '65830': 1, '65832': 1, '65834': 1, '65836': 1, '65838': 1, '65840': 1, '65842': 1, '65844': 1, '65846': 1, '65848': 1, '65850': 1, '65852': 1, '65854': 1, '65856': 1, '65858': 1, '65860': 1, '65862': 1, '65864': 1, '65866': 1, '65868': 1, '65870': 1, '65872': 1, '65874': 1, '65876': 1, '65878': 1, '65880': 1, '65882': 1, '65884': 1, '65886': 1, '65888': 1, '65890': 1, '65892': 1, '65894': 1, '65896': 1, '65898': 1, '65900': 1, '65902': 1, '65904': 1, '65905': 1, '65906': 1, '65907': 1, '65910': 1, '65911': 1, '65912': 1}",187,4,optimized,14,0,32,11,31,20,45,0,{},0
0,{},0,[1],wide_shift,377,actionc,true,650,{},0,48,"[8,9,10,11,16]",52,0,[],{},0,{},0,3,5,0,"{'65536': 1, '65537': 1, '65538': 1, '65540': 1, '65542': 1, '65556': 1, '65557': 1, '65560': 1, '65566': 1, '65568': 1, '65570': 1, '65581': 1, '65582': 1, '65584': 1, '65586': 1, '65588': 1, '65590': 1, '65592': 1, '65594': 1, '65596': 1, '65598': 1, '65600': 1, '65602': 1, '65604': 1, '65606': 1, '65608': 1, '65610': 1, '65616': 1, '65618': 1, '65624': 1, '65626': 1, '65632': 1, '65634': 1, '65636': 1, '65642': 1, '65644': 1, '65650': 1, '65652': 1, '65655': 1, '65656': 1, '65658': 5, '65660': 5, '65662': 5, '65664': 5, '65666': 5, '65667': 5, '65669': 4, '65673': 1, '65687': 1, '65689': 1, '65691': 1, '65693': 1, '65695': 1, '65697': 1, '65699': 1, '65701': 1, '65703': 1, '65705': 1, '65707': 1, '65709': 1, '65711': 1, '65713': 1, '65715': 1, '65717': 1, '65719': 1, '65721': 1, '65723': 1, '65725': 1, '65727': 1, '65729': 1, '65731': 1, '65733': 1, '65739': 1, '65741': 1, '65747': 1, '65749': 1, '65755': 1, '65757': 1, '65759': 1, '65765': 1, '65767': 1, '65773': 1, '65775': 1, '65778': 1, '65779': 1, '65781': 3, '65783': 3, '65785': 3, '65787': 3, '65789': 3, '65790': 3, '65792': 2, '65796': 1, '65810': 1, '65812': 1, '65814': 1, '65816': 1, '65818': 1, '65820': 1, '65822': 1, '65824': 1, '65826': 1, '65828': 1, '65830': 1, '65832': 1, '65834': 1, '65836': 1, '65838': 1, '65840': 1, '65842': 1, '65844': 1, '65846': 1, '65848': 1, '65850': 1, '65852': 1, '65854': 1, '65856': 1, '65858': 1, '65860': 1, '65862': 1, '65864': 1, '65866': 1, '65868': 1, '65870': 1, '65872': 1, '65874': 1, '65876': 1, '65878': 1, '65880': 1, '65882': 1, '65884': 1, '65886': 1, '65888': 1, '65890': 1, '65892': 1, '65894': 1, '65896': 1, '65898': 1, '65900': 1, '65902': 1, '65904': 1, '65905': 1, '65906': 1, '65907': 1, '65910': 1, '65911': 1, '65912': 1}",187,4,optimized,14,32,32,11,31,20,45,1,{},0
0,{},0,[305419896],wide_shift,377,actionc,true,650,{},0,48,"[8,9,10,11,16]",52,0,[],{},0,{},0,3,5,0,"{'65536': 1, '65537': 1, '65538': 1, '65540': 1, '65542': 1, '65556': 1, '65557': 1, '65560': 1, '65566': 1, '65568': 1, '65570': 1, '65581': 1, '65582': 1, '65584': 1, '65586': 1, '65588': 1, '65590': 1, '65592': 1, '65594': 1, '65596': 1, '65598': 1, '65600': 1, '65602': 1, '65604': 1, '65606': 1, '65608': 1, '65610': 1, '65616': 1, '65618': 1, '65624': 1, '65626': 1, '65632': 1, '65634': 1, '65636': 1, '65642': 1, '65644': 1, '65650': 1, '65652': 1, '65655': 1, '65656': 1, '65658': 5, '65660': 5, '65662': 5, '65664': 5, '65666': 5, '65667': 5, '65669': 4, '65673': 1, '65687': 1, '65689': 1, '65691': 1, '65693': 1, '65695': 1, '65697': 1, '65699': 1, '65701': 1, '65703': 1, '65705': 1, '65707': 1, '65709': 1, '65711': 1, '65713': 1, '65715': 1, '65717': 1, '65719': 1, '65721': 1, '65723': 1, '65725': 1, '65727': 1, '65729': 1, '65731': 1, '65733': 1, '65739': 1, '65741': 1, '65747': 1, '65749': 1, '65755': 1, '65757': 1, '65759': 1, '65765': 1, '65767': 1, '65773': 1, '65775': 1, '65778': 1, '65779': 1, '65781': 3, '65783': 3, '65785': 3, '65787': 3, '65789': 3, '65790': 3, '65792': 2, '65796': 1, '65810': 1, '65812': 1, '65814': 1, '65816': 1, '65818': 1, '65820': 1, '65822': 1, '65824': 1, '65826': 1, '65828': 1, '65830': 1, '65832': 1, '65834': 1, '65836': 1, '65838': 1, '65840': 1, '65842': 1, '65844': 1, '65846': 1, '65848': 1, '65850': 1, '65852': 1, '65854': 1, '65856': 1, '65858': 1, '65860': 1, '65862': 1, '65864': 1, '65866': 1, '65868': 1, '65870': 1, '65872': 1, '65874': 1, '65876': 1, '65878': 1, '65880': 1, '65882': 1, '65884': 1, '65886': 1, '65888': 1, '65890': 1, '65892': 1, '65894': 1, '65896': 1, '65898': 1, '65900': 1, '65902': 1, '65904': 1, '65905': 1, '65906': 1, '65907': 1, '65910': 1, '65911': 1, '65912': 1}",187,4,optimized,14,1154237903,32,11,31,20,45,2,{},0
0,{},0,[2147483648],wide_shift,377,actionc,true,650,{},0,48,"[8,9,10,11,16]",52,0,[],{},0,{},0,3,5,0,"{'65536': 1, '65537': 1, '65538': 1, '65540': 1, '65542': 1, '65556': 1, '65557': 1, '65560': 1, '65566': 1, '65568': 1, '65570': 1, '65581': 1, '65582': 1, '65584': 1, '65586': 1, '65588': 1, '65590': 1, '65592': 1, '65594': 1, '65596': 1, '65598': 1, '65600': 1, '65602': 1, '65604': 1, '65606': 1, '65608': 1, '65610': 1, '65616': 1, '65618': 1, '65624': 1, '65626': 1, '65632': 1, '65634': 1, '65636': 1, '65642': 1, '65644': 1, '65650': 1, '65652': 1, '65655': 1, '65656': 1, '65658': 5, '65660': 5, '65662': 5, '65664': 5, '65666': 5, '65667': 5, '65669': 4, '65673': 1, '65687': 1, '65689': 1, '65691': 1, '65693': 1, '65695': 1, '65697': 1, '65699': 1, '65701': 1, '65703': 1, '65705': 1, '65707': 1, '65709': 1, '65711': 1, '65713': 1, '65715': 1, '65717': 1, '65719': 1, '65721': 1, '65723': 1, '65725': 1, '65727': 1, '65729': 1, '65731': 1, '65733': 1, '65739': 1, '65741': 1, '65747': 1, '65749': 1, '65755': 1, '65757': 1, '65759': 1, '65765': 1, '65767': 1, '65773': 1, '65775': 1, '65778': 1, '65779': 1, '65781': 3, '65783': 3, '65785': 3, '65787': 3, '65789': 3, '65790': 3, '65792': 2, '65796': 1, '65810': 1, '65812': 1, '65814': 1, '65816': 1, '65818': 1, '65820': 1, '65822': 1, '65824': 1, '65826': 1, '65828': 1, '65830': 1, '65832': 1, '65834': 1, '65836': 1, '65838': 1, '65840': 1, '65842': 1, '65844': 1, '65846': 1, '65848': 1, '65850': 1, '65852': 1, '65854': 1, '65856': 1, '65858': 1, '65860': 1, '65862': 1, '65864': 1, '65866': 1, '65868': 1, '65870': 1, '65872': 1, '65874': 1, '65876': 1, '65878': 1, '65880': 1, '65882': 1, '65884': 1, '65886': 1, '65888': 1, '65890': 1, '65892': 1, '65894': 1, '65896': 1, '65898': 1, '65900': 1, '65902': 1, '65904': 1, '65905': 1, '65906': 1, '65907': 1, '65910': 1, '65911': 1, '65912': 1}",187,4,optimized,14,268435456,32,11,31,20,45,3,{},0
0,{},0,[4294967295],wide_shift,377,actionc,true,650,{},0,48,"[8,9,10,11,16]",52,0,[],{},0,{},0,3,5,0,"{'65536': 1, '65537': 1, '65538': 1, '65540': 1, '65542': 1, '65556': 1, '65557': 1, '65560': 1, '65566': 1, '65568': 1, '65570': 1, '65581': 1, '65582': 1, '65584': 1, '65586': 1, '65588': 1, '65590': 1, '65592': 1, '65594': 1, '65596': 1, '65598': 1, '65600': 1, '65602': 1, '65604': 1, '65606': 1, '65608': 1, '65610': 1, '65616': 1, '65618': 1, '65624': 1, '65626': 1, '65632': 1, '65634': 1, '65636': 1, '65642': 1, '65644': 1, '65650': 1, '65652': 1, '65655': 1, '65656': 1, '65658': 5, '65660': 5, '65662': 5, '65664': 5, '65666': 5, '65667': 5, '65669': 4, '65673': 1, '65687': 1, '65689': 1, '65691': 1, '65693': 1, '65695': 1, '65697': 1, '65699': 1, '65701': 1, '65703': 1, '65705': 1, '65707': 1, '65709': 1, '65711': 1, '65713': 1, '65715': 1, '65717': 1, '65719': 1, '65721': 1, '65723': 1, '65725': 1, '65727': 1, '65729': 1, '65731': 1, '65733': 1, '65739': 1, '65741': 1, '65747': 1, '65749': 1, '65755': 1, '65757': 1, '65759': 1, '65765': 1, '65767': 1, '65773': 1, '65775': 1, '65778': 1, '65779': 1, '65781': 3, '65783': 3, '65785': 3, '65787': 3, '65789': 3, '65790': 3, '65792': 2, '65796': 1, '65810': 1, '65812': 1, '65814': 1, '65816': 1, '65818': 1, '65820': 1, '65822': 1, '65824': 1, '65826': 1, '65828': 1, '65830': 1, '65832': 1, '65834': 1, '65836': 1, '65838': 1, '65840': 1, '65842': 1, '65844': 1, '65846': 1, '65848': 1, '65850': 1, '65852': 1, '65854': 1, '65856': 1, '65858': 1, '65860': 1, '65862': 1, '65864': 1, '65866': 1, '65868': 1, '65870': 1, '65872': 1, '65874': 1, '65876': 1, '65878': 1, '65880': 1, '65882': 1, '65884': 1, '65886': 1, '65888': 1, '65890': 1, '65892': 1, '65894': 1, '65896': 1, '65898': 1, '65900': 1, '65902': 1, '65904': 1, '65905': 1, '65906': 1, '65907': 1, '65910': 1, '65911': 1, '65912': 1}",187,4,optimized,14,3758096415,32,11,31,20,45,4,{},0
,,,[0],wide_shift,57,vbcc,true,147,,,30,"[0,1,2,3,4,5,6,7,62,63]",28,,[],,,,,3,0,0,"{'65536': 1, '65538': 1, '65540': 1, '65541': 1, '65543': 1, '65545': 1, '65546': 1, '65548': 1, '65549': 1, '65551': 1, '65552': 1, '65554': 1, '65555': 1, '65557': 1, '65558': 1, '65560': 1, '65562': 1, '65564': 1, '65566': 1, '65568': 1, '65570': 1, '65572': 1, '65573': 1, '65575': 1, '65576': 1, '65578': 1, '65579': 1, '65581': 1, '65582': 1, '65584': 1, '65586': 1, '65587': 1, '65588': 1, '65590': 1, '65591': 1, '65592': 1}",36,0,optimized,2,0,0,0,5,2,0,0,,
,,,[1],wide_shift,57,vbcc,true,147,,,30,"[0,1,2,3,4,5,6,7,62,63]",28,,[],,,,,3,0,0,"{'65536': 1, '65538': 1, '65540': 1, '65541': 1, '65543': 1, '65545': 1, '65546': 1, '65548': 1, '65549': 1, '65551': 1, '65552': 1, '65554': 1, '65555': 1, '65557': 1, '65558': 1, '65560': 1, '65562': 1, '65564': 1, '65566': 1, '65568': 1, '65570': 1, '65572': 1, '65573': 1, '65575': 1, '65576': 1, '65578': 1, '65579': 1, '65581': 1, '65582': 1, '65584': 1, '65586': 1, '65587': 1, '65588': 1, '65590': 1, '65591': 1, '65592': 1}",36,0,optimized,2,32,0,0,5,2,0,1,,
,,,[305419896],wide_shift,57,vbcc,true,147,,,30,"[0,1,2,3,4,5,6,7,62,63]",28,,[],,,,,3,0,0,"{'65536': 1, '65538': 1, '65540': 1, '65541': 1, '65543': 1, '65545': 1, '65546': 1, '65548': 1, '65549': 1, '65551': 1, '65552': 1, '65554': 1, '65555': 1, '65557': 1, '65558': 1, '65560': 1, '65562': 1, '65564': 1, '65566': 1, '65568': 1, '65570': 1, '65572': 1, '65573': 1, '65575': 1, '65576': 1, '65578': 1, '65579': 1, '65581': 1, '65582': 1, '65584': 1, '65586': 1, '65587': 1, '65588': 1, '65590': 1, '65591': 1, '65592': 1}",36,0,optimized,2,1154237903,0,0,5,2,0,2,,
,,,[2147483648],wide_shift,57,vbcc,true,147,,,30,"[0,1,2,3,4,5,6,7,62,63]",28,,[],,,,,3,0,0,"{'65536': 1, '65538': 1, '65540': 1, '65541': 1, '65543': 1, '65545': 1, '65546': 1, '65548': 1, '65549': 1, '65551': 1, '65552': 1, '65554': 1, '65555': 1, '65557': 1, '65558': 1, '65560': 1, '65562': 1, '65564': 1, '65566': 1, '65568': 1, '65570': 1, '65572': 1, '65573': 1, '65575': 1, '65576': 1, '65578': 1, '65579': 1, '65581': 1, '65582': 1, '65584': 1, '65586': 1, '65587': 1, '65588': 1, '65590': 1, '65591': 1, '65592': 1}",36,0,optimized,2,268435456,0,0,5,2,0,3,,
,,,[4294967295],wide_shift,57,vbcc,true,147,,,30,"[0,1,2,3,4,5,6,7,62,63]",28,,[],,,,,3,0,0,"{'65536': 1, '65538': 1, '65540': 1, '65541': 1, '65543': 1, '65545': 1, '65546': 1, '65548': 1, '65549': 1, '65551': 1, '65552': 1, '65554': 1, '65555': 1, '65557': 1, '65558': 1, '65560': 1, '65562': 1, '65564': 1, '65566': 1, '65568': 1, '65570': 1, '65572': 1, '65573': 1, '65575': 1, '65576': 1, '65578': 1, '65579': 1, '65581': 1, '65582': 1, '65584': 1, '65586': 1, '65587': 1, '65588': 1, '65590': 1, '65591': 1, '65592': 1}",36,0,optimized,2,3758096415,0,0,5,2,0,4,,
0,{},0,[0],loop_rotation,172,actionc,true,1226,{},0,0,[],0,0,[],"{'65586': 1, '65592': 1, '65598': 1, '65648': 8, '65654': 8, '65660': 8, '65666': 8, '65672': 8, '65678': 8, '65699': 1}",52,{'65632': 9},9,3,3,0,"{'65536': 1, '65537': 1, '65538': 1, '65540': 1, '65542': 1, '65556': 1, '65557': 1, '65560': 1, '65566': 1, '65568': 1, '65570': 1, '65581': 1, '65582': 1, '65584': 1, '65586': 1, '65588': 1, '65590': 1, '65592': 1, '65593': 1, '65596': 1, '65598': 1, '65600': 1, '65602': 1, '65604': 1, '65606': 1, '65608': 1, '65610': 1, '65612': 1, '65614': 1, '65616': 9, '65618': 9, '65620': 9, '65622': 9, '65624': 9, '65626': 9, '65628': 9, '65630': 9, '65632': 9, '65634': 9, '65636': 9, '65638': 1, '65642': 8, '65644': 8, '65646': 8, '65648': 8, '65650': 8, '65652': 8, '65654': 8, '65656': 8, '65658': 8, '65660': 8, '65661': 8, '65664': 8, '65666': 8, '65668': 8, '65670': 8, '65672': 8, '65673': 8, '65676': 8, '65678': 8, '65680': 8, '65684': 1, '65686': 1, '65688': 1, '65690': 1, '65692': 1, '65694': 1, '65695': 1, '65697': 1, '65699': 1, '65700': 1, '65701': 1, '65702': 1, '65705': 1, '65706': 1, '65707': 1}",304,4,raw,18,9,32,11,135,216,45,0,{},0
0,{},0,[1],loop_rotation,172,actionc,true,1226,{},0,0,[],0,0,[],"{'65586': 1, '65592': 1, '65598': 1, '65648': 8, '65654': 8, '65660': 8, '65666': 8, '65672': 8, '65678': 8, '65699': 1}",52,{'65632': 9},9,3,3,0,"{'65536': 1, '65537': 1, '65538': 1, '65540': 1, '65542': 1, '65556': 1, '65557': 1, '65560': 1, '65566': 1, '65568': 1, '65570': 1, '65581': 1, '65582': 1, '65584': 1, '65586': 1, '65588': 1, '65590': 1, '65592': 1, '65593': 1, '65596': 1, '65598': 1, '65600': 1, '65602': 1, '65604': 1, '65606': 1, '65608': 1, '65610': 1, '65612': 1, '65614': 1, '65616': 9, '65618': 9, '65620': 9, '65622': 9, '65624': 9, '65626': 9, '65628': 9, '65630': 9, '65632': 9, '65634': 9, '65636': 9, '65638': 1, '65642': 8, '65644': 8, '65646': 8, '65648': 8, '65650': 8, '65652': 8, '65654': 8, '65656': 8, '65658': 8, '65660': 8, '65661': 8, '65664': 8, '65666': 8, '65668': 8, '65670': 8, '65672': 8, '65673': 8, '65676': 8, '65678': 8, '65680': 8, '65684': 1, '65686': 1, '65688': 1, '65690': 1, '65692': 1, '65694': 1, '65695': 1, '65697': 1, '65699': 1, '65700': 1, '65701': 1, '65702': 1, '65705': 1, '65706': 1, '65707': 1}",304,4,raw,18,11,32,11,135,216,45,1,{},0
0,{},0,[13],loop_rotation,172,actionc,true,1226,{},0,0,[],0,0,[],"{'65586': 1, '65592': 1, '65598': 1, '65648': 8, '65654': 8, '65660': 8, '65666': 8, '65672': 8, '65678': 8, '65699': 1}",52,{'65632': 9},9,3,3,0,"{'65536': 1, '65537': 1, '65538': 1, '65540': 1, '65542': 1, '65556': 1, '65557': 1, '65560': 1, '65566': 1, '65568': 1, '65570': 1, '65581': 1, '65582': 1, '65584': 1, '65586': 1, '65588': 1, '65590': 1, '65592': 1, '65593': 1, '65596': 1, '65598': 1, '65600': 1, '65602': 1, '65604': 1, '65606': 1, '65608': 1, '65610': 1, '65612': 1, '65614': 1, '65616': 9, '65618': 9, '65620': 9, '65622': 9, '65624': 9, '65626': 9, '65628': 9, '65630': 9, '65632': 9, '65634': 9, '65636': 9, '65638': 1, '65642': 8, '65644': 8, '65646': 8, '65648': 8, '65650': 8, '65652': 8, '65654': 8, '65656': 8, '65658': 8, '65660': 8, '65661': 8, '65664': 8, '65666': 8, '65668': 8, '65670': 8, '65672': 8, '65673': 8, '65676': 8, '65678': 8, '65680': 8, '65684': 1, '65686': 1, '65688': 1, '65690': 1, '65692': 1, '65694': 1, '65695': 1, '65697': 1, '65699': 1, '65700': 1, '65701': 1, '65702': 1, '65705': 1, '65706': 1, '65707': 1}",304,4,raw,18,35,32,11,135,216,45,2,{},0
0,{},0,[32767],loop_rotation,172,actionc,true,1226,{},0,0,[],0,0,[],"{'65586': 1, '65592': 1, '65598': 1, '65648': 8, '65654': 8, '65660': 8, '65666': 8, '65672': 8, '65678': 8, '65699': 1}",52,{'65632': 9},9,3,3,0,"{'65536': 1, '65537': 1, '65538': 1, '65540': 1, '65542': 1, '65556': 1, '65557': 1, '65560': 1, '65566': 1, '65568': 1, '65570': 1, '65581': 1, '65582': 1, '65584': 1, '65586': 1, '65588': 1, '65590': 1, '65592': 1, '65593': 1, '65596': 1, '65598': 1, '65600': 1, '65602': 1, '65604': 1, '65606': 1, '65608': 1, '65610': 1, '65612': 1, '65614': 1, '65616': 9, '65618': 9, '65620': 9, '65622': 9, '65624': 9, '65626': 9, '65628': 9, '65630': 9, '65632': 9, '65634': 9, '65636': 9, '65638': 1, '65642': 8, '65644': 8, '65646': 8, '65648': 8, '65650': 8, '65652': 8, '65654': 8, '65656': 8, '65658': 8, '65660': 8, '65661': 8, '65664': 8, '65666': 8, '65668': 8, '65670': 8, '65672': 8, '65673': 8, '65676': 8, '65678': 8, '65680': 8, '65684': 1, '65686': 1, '65688': 1, '65690': 1, '65692': 1, '65694': 1, '65695': 1, '65697': 1, '65699': 1, '65700': 1, '65701': 1, '65702': 1, '65705': 1, '65706': 1, '65707': 1}",304,4,raw,18,7,32,11,135,216,45,3,{},0
0,{},0,[32768],loop_rotation,172,actionc,true,1226,{},0,0,[],0,0,[],"{'65586': 1, '65592': 1, '65598': 1, '65648': 8, '65654': 8, '65660': 8, '65666': 8, '65672': 8, '65678': 8, '65699': 1}",52,{'65632': 9},9,3,3,0,"{'65536': 1, '65537': 1, '65538': 1, '65540': 1, '65542': 1, '65556': 1, '65557': 1, '65560': 1, '65566': 1, '65568': 1, '65570': 1, '65581': 1, '65582': 1, '65584': 1, '65586': 1, '65588': 1, '65590': 1, '65592': 1, '65593': 1, '65596': 1, '65598': 1, '65600': 1, '65602': 1, '65604': 1, '65606': 1, '65608': 1, '65610': 1, '65612': 1, '65614': 1, '65616': 9, '65618': 9, '65620': 9, '65622': 9, '65624': 9, '65626': 9, '65628': 9, '65630': 9, '65632': 9, '65634': 9, '65636': 9, '65638': 1, '65642': 8, '65644': 8, '65646': 8, '65648': 8, '65650': 8, '65652': 8, '65654': 8, '65656': 8, '65658': 8, '65660': 8, '65661': 8, '65664': 8, '65666': 8, '65668': 8, '65670': 8, '65672': 8, '65673': 8, '65676': 8, '65678': 8, '65680': 8, '65684': 1, '65686': 1, '65688': 1, '65690': 1, '65692': 1, '65694': 1, '65695': 1, '65697': 1, '65699': 1, '65700': 1, '65701': 1, '65702': 1, '65705': 1, '65706': 1, '65707': 1}",304,4,raw,18,9,32,11,135,216,45,4,{},0
0,{},0,[65535],loop_rotation,172,actionc,true,1226,{},0,0,[],0,0,[],"{'65586': 1, '65592': 1, '65598': 1, '65648': 8, '65654': 8, '65660': 8, '65666': 8, '65672': 8, '65678': 8, '65699': 1}",52,{'65632': 9},9,3,3,0,"{'65536': 1, '65537': 1, '65538': 1, '65540': 1, '65542': 1, '65556': 1, '65557': 1, '65560': 1, '65566': 1, '65568': 1, '65570': 1, '65581': 1, '65582': 1, '65584': 1, '65586': 1, '65588': 1, '65590': 1, '65592': 1, '65593': 1, '65596': 1, '65598': 1, '65600': 1, '65602': 1, '65604': 1, '65606': 1, '65608': 1, '65610': 1, '65612': 1, '65614': 1, '65616': 9, '65618': 9, '65620': 9, '65622': 9, '65624': 9, '65626': 9, '65628': 9, '65630': 9, '65632': 9, '65634': 9, '65636': 9, '65638': 1, '65642': 8, '65644': 8, '65646': 8, '65648': 8, '65650': 8, '65652': 8, '65654': 8, '65656': 8, '65658': 8, '65660': 8, '65661': 8, '65664': 8, '65666': 8, '65668': 8, '65670': 8, '65672': 8, '65673': 8, '65676': 8, '65678': 8, '65680': 8, '65684': 1, '65686': 1, '65688': 1, '65690': 1, '65692': 1, '65694': 1, '65695': 1, '65697': 1, '65699': 1, '65700': 1, '65701': 1, '65702': 1, '65705': 1, '65706': 1, '65707': 1}",304,4,raw,18,7,32,11,135,216,45,5,{},0
,,,[0],loop_rotation,65,vbcc,true,531,,,2,"[56,57]",2,,[],,,,,3,0,0,"{'65536': 1, '65538': 1, '65539': 1, '65540': 1, '65543': 1, '65544': 1, '65546': 1, '65548': 1, '65550': 1, '65552': 1, '65553': 1, '65555': 1, '65558': 1, '65560': 1, '65562': 8, '65564': 8, '65566': 8, '65568': 8, '65570': 8, '65572': 8, '65573': 8, '65575': 8, '65577': 8, '65578': 8, '65580': 9, '65582': 9, '65585': 9, '65587': 1, '65589': 1, '65590': 1, '65592': 1, '65593': 1, '65594': 1, '65595': 1, '65598': 1, '65599': 1, '65600': 1}",131,0,raw,10,9,0,0,91,72,0,0,,
,,,[1],loop_rotation,65,vbcc,true,531,,,2,"[56,57]",2,,[],,,,,3,0,0,"{'65536': 1, '65538': 1, '65539': 1, '65540': 1, '65543': 1, '65544': 1, '65546': 1, '65548': 1, '65550': 1, '65552': 1, '65553': 1, '65555': 1, '65558': 1, '65560': 1, '65562': 8, '65564': 8, '65566': 8, '65568': 8, '65570': 8, '65572': 8, '65573': 8, '65575': 8, '65577': 8, '65578': 8, '65580': 9, '65582': 9, '65585': 9, '65587': 1, '65589': 1, '65590': 1, '65592': 1, '65593': 1, '65594': 1, '65595': 1, '65598': 1, '65599': 1, '65600': 1}",131,0,raw,10,11,0,0,91,72,0,1,,
,,,[13],loop_rotation,65,vbcc,true,531,,,2,"[56,57]",2,,[],,,,,3,0,0,"{'65536': 1, '65538': 1, '65539': 1, '65540': 1, '65543': 1, '65544': 1, '65546': 1, '65548': 1, '65550': 1, '65552': 1, '65553': 1, '65555': 1, '65558': 1, '65560': 1, '65562': 8, '65564': 8, '65566': 8, '65568': 8, '65570': 8, '65572': 8, '65573': 8, '65575': 8, '65577': 8, '65578': 8, '65580': 9, '65582': 9, '65585': 9, '65587': 1, '65589': 1, '65590': 1, '65592': 1, '65593': 1, '65594': 1, '65595': 1, '65598': 1, '65599': 1, '65600': 1}",131,0,raw,10,35,0,0,91,72,0,2,,
,,,[32767],loop_rotation,65,vbcc,true,531,,,2,"[56,57]",2,,[],,,,,3,0,0,"{'65536': 1, '65538': 1, '65539': 1, '65540': 1, '65543': 1, '65544': 1, '65546': 1, '65548': 1, '65550': 1, '65552': 1, '65553': 1, '65555': 1, '65558': 1, '65560': 1, '65562': 8, '65564': 8, '65566': 8, '65568': 8, '65570': 8, '65572': 8, '65573': 8, '65575': 8, '65577': 8, '65578': 8, '65580': 9, '65582': 9, '65585': 9, '65587': 1, '65589': 1, '65590': 1, '65592': 1, '65593': 1, '65594': 1, '65595': 1, '65598': 1, '65599': 1, '65600': 1}",131,0,raw,10,7,0,0,91,72,0,3,,
,,,[32768],loop_rotation,65,vbcc,true,531,,,2,"[56,57]",2,,[],,,,,3,0,0,"{'65536': 1, '65538': 1, '65539': 1, '65540': 1, '65543': 1, '65544': 1, '65546': 1, '65548': 1, '65550': 1, '65552': 1, '65553': 1, '65555': 1, '65558': 1, '65560': 1, '65562': 8, '65564': 8, '65566': 8, '65568': 8, '65570': 8, '65572': 8, '65573': 8, '65575': 8, '65577': 8, '65578': 8, '65580': 9, '65582': 9, '65585': 9, '65587': 1, '65589': 1, '65590': 1, '65592': 1, '65593': 1, '65594': 1, '65595': 1, '65598': 1, '65599': 1, '65600': 1}",131,0,raw,10,9,0,0,91,72,0,4,,
,,,[65535],loop_rotation,65,vbcc,true,531,,,2,"[56,57]",2,,[],,,,,3,0,0,"{'65536': 1, '65538': 1, '65539': 1, '65540': 1, '65543': 1, '65544': 1, '65546': 1, '65548': 1, '65550': 1, '65552': 1, '65553': 1, '65555': 1, '65558': 1, '65560': 1, '65562': 8, '65564': 8, '65566': 8, '65568': 8, '65570': 8, '65572': 8, '65573': 8, '65575': 8, '65577': 8, '65578': 8, '65580': 9, '65582': 9, '65585': 9, '65587': 1, '65589': 1, '65590': 1, '65592': 1, '65593': 1, '65594': 1, '65595': 1, '65598': 1, '65599': 1, '65600': 1}",131,0,raw,10,7,0,0,91,72,0,5,,
3,{'65592': 1},1,[0],loop_rotation,148,actionc,true,1116,{},0,0,[],0,27,[],"{'65586': 1, '65626': 8, '65675': 1}",10,{'65605': 9},9,3,3,0,"{'65536': 1, '65537': 1, '65538': 1, '65540': 1, '65542': 1, '65556': 1, '65557': 1, '65560': 1, '65566': 1, '65568': 1, '65570': 1, '65581': 1, '65582': 1, '65584': 1, '65586': 1, '65587': 1, '65590': 1, '65592': 1, '65594': 1, '65596': 1, '65598': 1, '65600': 1, '65603': 1, '65605': 9, '65608': 9, '65610': 9, '65612': 1, '65616': 8, '65618': 8, '65620': 8, '65622': 8, '65624': 8, '65626': 8, '65627': 8, '65630': 8, '65632': 8, '65634': 8, '65635': 8, '65638': 8, '65640': 8, '65642': 8, '65644': 8, '65646': 8, '65648': 8, '65650': 8, '65652': 8, '65654': 8, '65656': 8, '65658': 8, '65660': 8, '65662': 8, '65664': 8, '65668': 1, '65670': 1, '65671': 1, '65673': 1, '65675': 1, '65676': 1, '65677': 1, '65678': 1, '65681': 1, '65682': 1, '65683': 1}",262,4,optimized,26,9,32,11,175,172,45,0,"{'65592': 1, '65640': 8}",9
3,{'65592': 1},1,[1],loop_rotation,148,actionc,true,1116,{},0,0,[],0,27,[],"{'65586': 1, '65626': 8, '65675': 1}",10,{'65605': 9},9,3,3,0,"{'65536': 1, '65537': 1, '65538': 1, '65540': 1, '65542': 1, '65556': 1, '65557': 1, '65560': 1, '65566': 1, '65568': 1, '65570': 1, '65581': 1, '65582': 1, '65584': 1, '65586': 1, '65587': 1, '65590': 1, '65592': 1, '65594': 1, '65596': 1, '65598': 1, '65600': 1, '65603': 1, '65605': 9, '65608': 9, '65610': 9, '65612': 1, '65616': 8, '65618': 8, '65620': 8, '65622': 8, '65624': 8, '65626': 8, '65627': 8, '65630': 8, '65632': 8, '65634': 8, '65635': 8, '65638': 8, '65640': 8, '65642': 8, '65644': 8, '65646': 8, '65648': 8, '65650': 8, '65652': 8, '65654': 8, '65656': 8, '65658': 8, '65660': 8, '65662': 8, '65664': 8, '65668': 1, '65670': 1, '65671': 1, '65673': 1, '65675': 1, '65676': 1, '65677': 1, '65678': 1, '65681': 1, '65682': 1, '65683': 1}",262,4,optimized,26,11,32,11,175,172,45,1,"{'65592': 1, '65640': 8}",9
3,{'65592': 1},1,[13],loop_rotation,148,actionc,true,1116,{},0,0,[],0,27,[],"{'65586': 1, '65626': 8, '65675': 1}",10,{'65605': 9},9,3,3,0,"{'65536': 1, '65537': 1, '65538': 1, '65540': 1, '65542': 1, '65556': 1, '65557': 1, '65560': 1, '65566': 1, '65568': 1, '65570': 1, '65581': 1, '65582': 1, '65584': 1, '65586': 1, '65587': 1, '65590': 1, '65592': 1, '65594': 1, '65596': 1, '65598': 1, '65600': 1, '65603': 1, '65605': 9, '65608': 9, '65610': 9, '65612': 1, '65616': 8, '65618': 8, '65620': 8, '65622': 8, '65624': 8, '65626': 8, '65627': 8, '65630': 8, '65632': 8, '65634': 8, '65635': 8, '65638': 8, '65640': 8, '65642': 8, '65644': 8, '65646': 8, '65648': 8, '65650': 8, '65652': 8, '65654': 8, '65656': 8, '65658': 8, '65660': 8, '65662': 8, '65664': 8, '65668': 1, '65670': 1, '65671': 1, '65673': 1, '65675': 1, '65676': 1, '65677': 1, '65678': 1, '65681': 1, '65682': 1, '65683': 1}",262,4,optimized,26,35,32,11,175,172,45,2,"{'65592': 1, '65640': 8}",9
3,{'65592': 1},1,[32767],loop_rotation,148,actionc,true,1116,{},0,0,[],0,27,[],"{'65586': 1, '65626': 8, '65675': 1}",10,{'65605': 9},9,3,3,0,"{'65536': 1, '65537': 1, '65538': 1, '65540': 1, '65542': 1, '65556': 1, '65557': 1, '65560': 1, '65566': 1, '65568': 1, '65570': 1, '65581': 1, '65582': 1, '65584': 1, '65586': 1, '65587': 1, '65590': 1, '65592': 1, '65594': 1, '65596': 1, '65598': 1, '65600': 1, '65603': 1, '65605': 9, '65608': 9, '65610': 9, '65612': 1, '65616': 8, '65618': 8, '65620': 8, '65622': 8, '65624': 8, '65626': 8, '65627': 8, '65630': 8, '65632': 8, '65634': 8, '65635': 8, '65638': 8, '65640': 8, '65642': 8, '65644': 8, '65646': 8, '65648': 8, '65650': 8, '65652': 8, '65654': 8, '65656': 8, '65658': 8, '65660': 8, '65662': 8, '65664': 8, '65668': 1, '65670': 1, '65671': 1, '65673': 1, '65675': 1, '65676': 1, '65677': 1, '65678': 1, '65681': 1, '65682': 1, '65683': 1}",262,4,optimized,26,7,32,11,175,172,45,3,"{'65592': 1, '65640': 8}",9
3,{'65592': 1},1,[32768],loop_rotation,148,actionc,true,1116,{},0,0,[],0,27,[],"{'65586': 1, '65626': 8, '65675': 1}",10,{'65605': 9},9,3,3,0,"{'65536': 1, '65537': 1, '65538': 1, '65540': 1, '65542': 1, '65556': 1, '65557': 1, '65560': 1, '65566': 1, '65568': 1, '65570': 1, '65581': 1, '65582': 1, '65584': 1, '65586': 1, '65587': 1, '65590': 1, '65592': 1, '65594': 1, '65596': 1, '65598': 1, '65600': 1, '65603': 1, '65605': 9, '65608': 9, '65610': 9, '65612': 1, '65616': 8, '65618': 8, '65620': 8, '65622': 8, '65624': 8, '65626': 8, '65627': 8, '65630': 8, '65632': 8, '65634': 8, '65635': 8, '65638': 8, '65640': 8, '65642': 8, '65644': 8, '65646': 8, '65648': 8, '65650': 8, '65652': 8, '65654': 8, '65656': 8, '65658': 8, '65660': 8, '65662': 8, '65664': 8, '65668': 1, '65670': 1, '65671': 1, '65673': 1, '65675': 1, '65676': 1, '65677': 1, '65678': 1, '65681': 1, '65682': 1, '65683': 1}",262,4,optimized,26,9,32,11,175,172,45,4,"{'65592': 1, '65640': 8}",9
3,{'65592': 1},1,[65535],loop_rotation,148,actionc,true,1116,{},0,0,[],0,27,[],"{'65586': 1, '65626': 8, '65675': 1}",10,{'65605': 9},9,3,3,0,"{'65536': 1, '65537': 1, '65538': 1, '65540': 1, '65542': 1, '65556': 1, '65557': 1, '65560': 1, '65566': 1, '65568': 1, '65570': 1, '65581': 1, '65582': 1, '65584': 1, '65586': 1, '65587': 1, '65590': 1, '65592': 1, '65594': 1, '65596': 1, '65598': 1, '65600': 1, '65603': 1, '65605': 9, '65608': 9, '65610': 9, '65612': 1, '65616': 8, '65618': 8, '65620': 8, '65622': 8, '65624': 8, '65626': 8, '65627': 8, '65630': 8, '65632': 8, '65634': 8, '65635': 8, '65638': 8, '65640': 8, '65642': 8, '65644': 8, '65646': 8, '65648': 8, '65650': 8, '65652': 8, '65654': 8, '65656': 8, '65658': 8, '65660': 8, '65662': 8, '65664': 8, '65668': 1, '65670': 1, '65671': 1, '65673': 1, '65675': 1, '65676': 1, '65677': 1, '65678': 1, '65681': 1, '65682': 1, '65683': 1}",262,4,optimized,26,7,32,11,175,172,45,5,"{'65592': 1, '65640': 8}",9
,,,[0],loop_rotation,37,vbcc,true,308,,,54,"[0,1,2,3,4,5,62,63]",54,,[],,,,,3,0,0,"{'65536': 1, '65538': 1, '65540': 1, '65542': 1, '65543': 1, '65545': 1, '65548': 8, '65550': 8, '65552': 8, '65554': 8, '65556': 8, '65558': 8, '65559': 8, '65561': 8, '65562': 8, '65565': 8, '65567': 1, '65569': 1, '65570': 1, '65572': 1}",90,0,optimized,0,9,0,0,3,0,0,0,,
,,,[1],loop_rotation,37,vbcc,true,308,,,54,"[0,1,2,3,4,5,62,63]",54,,[],,,,,3,0,0,"{'65536': 1, '65538': 1, '65540': 1, '65542': 1, '65543': 1, '65545': 1, '65548': 8, '65550': 8, '65552': 8, '65554': 8, '65556': 8, '65558': 8, '65559': 8, '65561': 8, '65562': 8, '65565': 8, '65567': 1, '65569': 1, '65570': 1, '65572': 1}",90,0,optimized,0,11,0,0,3,0,0,1,,
,,,[13],loop_rotation,37,vbcc,true,308,,,54,"[0,1,2,3,4,5,62,63]",54,,[],,,,,3,0,0,"{'65536': 1, '65538': 1, '65540': 1, '65542': 1, '65543': 1, '65545': 1, '65548': 8, '65550': 8, '65552': 8, '65554': 8, '65556': 8, '65558': 8, '65559': 8, '65561': 8, '65562': 8, '65565': 8, '65567': 1, '65569': 1, '65570': 1, '65572': 1}",90,0,optimized,0,35,0,0,3,0,0,2,,
,,,[32767],loop_rotation,37,vbcc,true,308,,,54,"[0,1,2,3,4,5,62,63]",54,,[],,,,,3,0,0,"{'65536': 1, '65538': 1, '65540': 1, '65542': 1, '65543': 1, '65545': 1, '65548': 8, '65550': 8, '65552': 8, '65554': 8, '65556': 8, '65558': 8, '65559': 8, '65561': 8, '65562': 8, '65565': 8, '65567': 1, '65569': 1, '65570': 1, '65572': 1}",90,0,optimized,0,7,0,0,3,0,0,3,,
,,,[32768],loop_rotation,37,vbcc,true,308,,,54,"[0,1,2,3,4,5,62,63]",54,,[],,,,,3,0,0,"{'65536': 1, '65538': 1, '65540': 1, '65542': 1, '65543': 1, '65545': 1, '65548': 8, '65550': 8, '65552': 8, '65554': 8, '65556': 8, '65558': 8, '65559': 8, '65561': 8, '65562': 8, '65565': 8, '65567': 1, '65569': 1, '65570': 1, '65572': 1}",90,0,optimized,0,9,0,0,3,0,0,4,,
,,,[65535],loop_rotation,37,vbcc,true,308,,,54,"[0,1,2,3,4,5,62,63]",54,,[],,,,,3,0,0,"{'65536': 1, '65538': 1, '65540': 1, '65542': 1, '65543': 1, '65545': 1, '65548': 8, '65550': 8, '65552': 8, '65554': 8, '65556': 8, '65558': 8, '65559': 8, '65561': 8, '65562': 8, '65565': 8, '65567': 1, '65569': 1, '65570': 1, '65572': 1}",90,0,optimized,0,7,0,0,3,0,0,5,,
0,{},0,[0],sum_loop,146,actionc,true,157,{},0,0,[],0,0,[],{'65673': 1},1,{'65626': 1},1,3,3,0,"{'65536': 1, '65537': 1, '65538': 1, '65540': 1, '65542': 1, '65556': 1, '65557': 1, '65560': 1, '65566': 1, '65568': 1, '65570': 1, '65581': 1, '65582': 1, '65584': 1, '65586': 1, '65588': 1, '65590': 1, '65592': 1, '65594': 1, '65596': 1, '65598': 1, '65600': 1, '65602': 1, '65604': 1, '65606': 1, '65608': 1, '65610': 1, '65612': 1, '65614': 1, '65616': 1, '65618': 1, '65620': 1, '65622': 1, '65624': 1, '65626': 1, '65628': 1, '65630': 1, '65632': 1, '65669': 1, '65671': 1, '65673': 1, '65674': 1, '65675': 1, '65676': 1, '65679': 1, '65680': 1, '65681': 1}",47,4,raw,14,0,32,11,15,12,45,0,{},0
0,{},0,[1],sum_loop,146,actionc,true,267,{},0,0,[],0,0,[],"{'65646': 1, '65651': 1, '65657': 1, '65663': 1, '65673': 1}",5,{'65626': 2},2,3,3,0,"{'65536': 1, '65537': 1, '65538': 1, '65540': 1, '65542': 1, '65556': 1, '65557': 1, '65560': 1, '65566': 1, '65568': 1, '65570': 1, '65581': 1, '65582': 1, '65584': 1, '65586': 1, '65588': 1, '65590': 1, '65592': 1, '65594': 1, '65596': 1, '65598': 1, '65600': 1, '65602': 1, '65604': 1, '65606': 1, '65608': 1, '65610': 2, '65612': 2, '65614': 2, '65616': 2, '65618': 2, '65620': 2, '65622': 2, '65624': 2, '65626': 2, '65628': 2, '65630': 2, '65632': 1, '65636': 1, '65638': 1, '65640': 1, '65642': 1, '65644': 1, '65646': 1, '65647': 1, '65649': 1, '65651': 1, '65653': 1, '65655': 1, '65657': 1, '65658': 1, '65661': 1, '65663': 1, '65665': 1, '65669': 1, '65671': 1, '65673': 1, '65674': 1, '65675': 1, '65676': 1, '65679': 1, '65680': 1, '65681': 1}",74,4,raw,14,1,32,11,29,30,45,1,{},0
0,{},0,[8],sum_loop,146,actionc,true,1037,{},0,0,[],0,0,[],"{'65646': 8, '65651': 8, '65657': 8, '65663': 8, '65673': 1}",33,{'65626': 9},9,3,3,0,"{'65536': 1, '65537': 1, '65538': 1, '65540': 1, '65542': 1, '65556': 1, '65557': 1, '65560': 1, '65566': 1, '65568': 1, '65570': 1, '65581': 1, '65582': 1, '65584': 1, '65586': 1, '65588': 1, '65590': 1, '65592': 1, '65594': 1, '65596': 1, '65598': 1, '65600': 1, '65602': 1, '65604': 1, '65606': 1, '65608': 1, '65610': 9, '65612': 9, '65614': 9, '65616': 9, '65618': 9, '65620': 9, '65622': 9, '65624': 9, '65626': 9, '65628': 9, '65630': 9, '65632': 1, '65636': 8, '65638': 8, '65640': 8, '65642': 8, '65644': 8, '65646': 8, '65647': 8, '65649': 8, '65651': 8, '65653': 8, '65655': 8, '65657': 8, '65658': 8, '65661': 8, '65663': 8, '65665': 8, '65669': 1, '65671': 1, '65673': 1, '65674': 1, '65675': 1, '65676': 1, '65679': 1, '65680': 1, '65681': 1}",263,4,raw,14,36,32,11,127,156,45,2,{},0
0,{},0,[13],sum_loop,146,actionc,true,1587,{},0,0,[],0,0,[],"{'65646': 13, '65651': 13, '65657': 13, '65663': 13, '65673': 1}",53,{'65626': 14},14,3,3,0,"{'65536': 1, '65537': 1, '65538': 1, '65540': 1, '65542': 1, '65556': 1, '65557': 1, '65560': 1, '65566': 1, '65568': 1, '65570': 1, '65581': 1, '65582': 1, '65584': 1, '65586': 1, '65588': 1, '65590': 1, '65592': 1, '65594': 1, '65596': 1, '65598': 1, '65600': 1, '65602': 1, '65604': 1, '65606': 1, '65608': 1, '65610': 14, '65612': 14, '65614': 14, '65616': 14, '65618': 14, '65620': 14, '65622': 14, '65624': 14, '65626': 14, '65628': 14, '65630': 14, '65632': 1, '65636': 13, '65638': 13, '65640': 13, '65642': 13, '65644': 13, '65646': 13, '65647': 13, '65649': 13, '65651': 13, '65653': 13, '65655': 13, '65657': 13, '65658': 13, '65661': 13, '65663': 13, '65665': 13, '65669': 1, '65671': 1, '65673': 1, '65674': 1, '65675': 1, '65676': 1, '65679': 1, '65680': 1, '65681': 1}",398,4,raw,14,91,32,11,197,246,45,3,{},0
0,{},0,[31],sum_loop,146,actionc,true,3567,{},0,0,[],0,0,[],"{'65646': 31, '65651': 31, '65657': 31, '65663': 31, '65673': 1}",125,{'65626': 32},32,3,3,0,"{'65536': 1, '65537': 1, '65538': 1, '65540': 1, '65542': 1, '65556': 1, '65557': 1, '65560': 1, '65566': 1, '65568': 1, '65570': 1, '65581': 1, '65582': 1, '65584': 1, '65586': 1, '65588': 1, '65590': 1, '65592': 1, '65594': 1, '65596': 1, '65598': 1, '65600': 1, '65602': 1, '65604': 1, '65606': 1, '65608': 1, '65610': 32, '65612': 32, '65614': 32, '65616': 32, '65618': 32, '65620': 32, '65622': 32, '65624': 32, '65626': 32, '65628': 32, '65630': 32, '65632': 1, '65636': 31, '65638': 31, '65640': 31, '65642': 31, '65644': 31, '65646': 31, '65647': 31, '65649': 31, '65651': 31, '65653': 31, '65655': 31, '65657': 31, '65658': 31, '65661': 31, '65663': 31, '65665': 31, '65669': 1, '65671': 1, '65673': 1, '65674': 1, '65675': 1, '65676': 1, '65679': 1, '65680': 1, '65681': 1}",884,4,raw,14,496,32,11,449,570,45,4,{},0
,,,[0],sum_loop,32,vbcc,true,52,,,0,[],0,,[],,,,,3,0,0,"{'65536': 1, '65537': 1, '65538': 1, '65540': 1, '65543': 1, '65545': 1, '65559': 1, '65561': 1, '65563': 1, '65565': 1, '65566': 1, '65567': 1}",12,0,raw,4,0,0,0,11,8,0,0,,
,,,[1],sum_loop,32,vbcc,true,89,,,0,[],0,,[],,,,,3,0,0,"{'65536': 1, '65537': 1, '65538': 1, '65540': 1, '65543': 1, '65545': 1, '65547': 1, '65549': 1, '65550': 1, '65552': 1, '65554': 1, '65556': 1, '65557': 1, '65559': 2, '65561': 2, '65563': 1, '65565': 1, '65566': 1, '65567': 1}",21,0,raw,4,1,0,0,19,12,0,1,,
,,,[8],sum_loop,32,vbcc,true,348,,,0,[],0,,[],,,,,3,0,0,"{'65536': 1, '65537': 1, '65538': 1, '65540': 1, '65543': 1, '65545': 1, '65547': 8, '65549': 8, '65550': 8, '65552': 8, '65554': 8, '65556': 8, '65557': 8, '65559': 9, '65561': 9, '65563': 1, '65565': 1, '65566': 1, '65567': 1}",84,0,raw,4,36,0,0,75,40,0,2,,
,,,[13],sum_loop,32,vbcc,true,533,,,0,[],0,,[],,,,,3,0,0,"{'65536': 1, '65537': 1, '65538': 1, '65540': 1, '65543': 1, '65545': 1, '65547': 13, '65549': 13, '65550': 13, '65552': 13, '65554': 13, '65556': 13, '65557': 13, '65559': 14, '65561': 14, '65563': 1, '65565': 1, '65566': 1, '65567': 1}",129,0,raw,4,91,0,0,115,60,0,3,,
,,,[31],sum_loop,32,vbcc,true,1199,,,0,[],0,,[],,,,,3,0,0,"{'65536': 1, '65537': 1, '65538': 1, '65540': 1, '65543': 1, '65545': 1, '65547': 31, '65549': 31, '65550': 31, '65552': 31, '65554': 31, '65556': 31, '65557': 31, '65559': 32, '65561': 32, '65563': 1, '65565': 1, '65566': 1, '65567': 1}",291,0,raw,4,496,0,0,259,132,0,4,,
0,{},0,[0],sum_loop,120,actionc,true,107,{'65594': 1},1,0,[],0,1,[],{'65603': 1},1,{'65603': 1},1,3,3,0,"{'65536': 1, '65537': 1, '65538': 1, '65540': 1, '65542': 1, '65556': 1, '65557': 1, '65560': 1, '65566': 1, '65568': 1, '65570': 1, '65581': 1, '65582': 1, '65584': 1, '65586': 1, '65588': 1, '65590': 1, '65592': 1, '65594': 1, '65597': 1, '65599': 1, '65601': 1, '65603': 1, '65606': 1, '65608': 1, '65645': 1, '65647': 1, '65648': 1, '65649': 1, '65650': 1, '65653': 1, '65654': 1, '65655': 1}",33,4,optimized,16,0,32,11,9,6,45,0,{'65594': 1},1
0,{},0,[1],sum_loop,120,actionc,true,192,"{'65594': 1, '65637': 1}",2,0,[],0,2,[],"{'65603': 2, '65629': 1, '65635': 1}",4,{'65603': 2},2,3,3,0,"{'65536': 1, '65537': 1, '65538': 1, '65540': 1, '65542': 1, '65556': 1, '65557': 1, '65560': 1, '65566': 1, '65568': 1, '65570': 1, '65581': 1, '65582': 1, '65584': 1, '65586': 1, '65588': 1, '65590': 1, '65592': 1, '65594': 1, '65597': 1, '65599': 2, '65601': 2, '65603': 2, '65606': 2, '65608': 1, '65612': 1, '65614': 1, '65616': 1, '65618': 1, '65620': 1, '65621': 1, '65623': 1, '65625': 1, '65627': 1, '65629': 1, '65630': 1, '65633': 1, '65635': 1, '65637': 1, '65639': 1, '65641': 1, '65645': 1, '65647': 1, '65648': 1, '65649': 1, '65650': 1, '65653': 1, '65654': 1, '65655': 1}",53,4,optimized,16,1,32,11,21,20,45,1,"{'65594': 1, '65637': 1}",2
0,{},0,[8],sum_loop,120,actionc,true,787,"{'65594': 1, '65637': 8}",9,0,[],0,9,[],"{'65603': 9, '65629': 8, '65635': 8}",25,{'65603': 9},9,3,3,0,"{'65536': 1, '65537': 1, '65538': 1, '65540': 1, '65542': 1, '65556': 1, '65557': 1, '65560': 1, '65566': 1, '65568': 1, '65570': 1, '65581': 1, '65582': 1, '65584': 1, '65586': 1, '65588': 1, '65590': 1, '65592': 1, '65594': 1, '65597': 1, '65599': 9, '65601': 9, '65603': 9, '65606': 9, '65608': 1, '65612': 8, '65614': 8, '65616': 8, '65618': 8, '65620': 8, '65621': 8, '65623': 8, '65625': 8, '65627': 8, '65629': 8, '65630': 8, '65633': 8, '65635': 8, '65637': 8, '65639': 8, '65641': 8, '65645': 1, '65647': 1, '65648': 1, '65649': 1, '65650': 1, '65653': 1, '65654': 1, '65655': 1}",193,4,optimized,16,36,32,11,105,118,45,2,"{'65594': 1, '65637': 8}",9
0,{},0,[13],sum_loop,120,actionc,true,1212,"{'65594': 1, '65637': 13}",14,0,[],0,14,[],"{'65603': 14, '65629': 13, '65635': 13}",40,{'65603': 14},14,3,3,0,"{'65536': 1, '65537': 1, '65538': 1, '65540': 1, '65542': 1, '65556': 1, '65557': 1, '65560': 1, '65566': 1, '65568': 1, '65570': 1, '65581': 1, '65582': 1, '65584': 1, '65586': 1, '65588': 1, '65590': 1, '65592': 1, '65594': 1, '65597': 1, '65599': 14, '65601': 14, '65603': 14, '65606': 14, '65608': 1, '65612': 13, '65614': 13, '65616': 13, '65618': 13, '65620': 13, '65621': 13, '65623': 13, '65625': 13, '65627': 13, '65629': 13, '65630': 13, '65633': 13, '65635': 13, '65637': 13, '65639': 13, '65641': 13, '65645': 1, '65647': 1, '65648': 1, '65649': 1, '65650': 1, '65653': 1, '65654': 1, '65655': 1}",293,4,optimized,16,91,32,11,165,188,45,3,"{'65594': 1, '65637': 13}",14
0,{},0,[31],sum_loop,120,actionc,true,2742,"{'65594': 1, '65637': 31}",32,0,[],0,32,[],"{'65603': 32, '65629': 31, '65635': 31}",94,{'65603': 32},32,3,3,0,"{'65536': 1, '65537': 1, '65538': 1, '65540': 1, '65542': 1, '65556': 1, '65557': 1, '65560': 1, '65566': 1, '65568': 1, '65570': 1, '65581': 1, '65582': 1, '65584': 1, '65586': 1, '65588': 1, '65590': 1, '65592': 1, '65594': 1, '65597': 1, '65599': 32, '65601': 32, '65603': 32, '65606': 32, '65608': 1, '65612': 31, '65614': 31, '65616': 31, '65618': 31, '65620': 31, '65621': 31, '65623': 31, '65625': 31, '65627': 31, '65629': 31, '65630': 31, '65633': 31, '65635': 31, '65637': 31, '65639': 31, '65641': 31, '65645': 1, '65647': 1, '65648': 1, '65649': 1, '65650': 1, '65653': 1, '65654': 1, '65655': 1}",653,4,optimized,16,496,32,11,381,440,45,4,"{'65594': 1, '65637': 31}",32
,,,[0],sum_loop,22,vbcc,true,21,,,2,"[0,1]",2,,[],,,,,3,0,0,"{'65536': 1, '65537': 1, '65539': 1, '65540': 1, '65555': 1, '65557': 1}",6,0,optimized,0,0,0,0,3,0,0,0,,
,,,[1],sum_loop,22,vbcc,true,44,,,6,"[0,1,62,63]",6,,[],,,,,3,0,0,"{'65536': 1, '65537': 1, '65539': 1, '65540': 1, '65542': 1, '65544': 1, '65545': 1, '65547': 1, '65549': 1, '65551': 1, '65552': 1, '65553': 1, '65555': 1, '65557': 1}",14,0,optimized,0,1,0,0,3,0,0,1,,
,,,[8],sum_loop,22,vbcc,true,219,,,34,"[0,1,62,63]",34,,[],,,,,3,0,0,"{'65536': 1, '65537': 1, '65539': 1, '65540': 1, '65542': 8, '65544': 8, '65545': 8, '65547': 8, '65549': 8, '65551': 8, '65552': 8, '65553': 8, '65555': 1, '65557': 1}",70,0,optimized,0,36,0,0,3,0,0,2,,
,,,[13],sum_loop,22,vbcc,true,344,,,54,"[0,1,62,63]",54,,[],,,,,3,0,0,"{'65536': 1, '65537': 1, '65539': 1, '65540': 1, '65542': 13, '65544': 13, '65545': 13, '65547': 13, '65549': 13, '65551': 13, '65552': 13, '65553': 13, '65555': 1, '65557': 1}",110,0,optimized,0,91,0,0,3,0,0,3,,
,,,[31],sum_loop,22,vbcc,true,794,,,126,"[0,1,62,63]",126,,[],,,,,3,0,0,"{'65536': 1, '65537': 1, '65539': 1, '65540': 1, '65542': 31, '65544': 31, '65545': 31, '65547': 31, '65549': 31, '65551': 31, '65552': 31, '65553': 31, '65555': 1, '65557': 1}",254,0,optimized,0,496,0,0,3,0,0,4,,
0,{},0,[0],recursive_sum,208,actionc,true,100,{},0,0,[],0,0,[],{},0,{'65598': 1},1,3,3,0,"{'65536': 1, '65537': 1, '65538': 1, '65540': 1, '65542': 1, '65556': 1, '65557': 1, '65560': 1, '65566': 1, '65568': 1, '65570': 1, '65581': 1, '65582': 1, '65584': 1, '65586': 1, '65588': 1, '65590': 1, '65592': 1, '65594': 1, '65596': 1, '65598': 1, '65600': 1, '65602': 1, '65608': 1, '65610': 1, '65613': 1, '65614': 1, '65615': 1, '65616': 1, '65619': 1, '65620': 1, '65621': 1}",32,4,raw,8,0,32,11,9,4,90,0,{},0
0,{},0,[1],recursive_sum,208,actionc,true,359,{},0,0,[],0,0,[],"{'65630': 1, '65735': 1}",2,{'65598': 2},2,3,3,0,"{'65536': 2, '65537': 2, '65538': 2, '65540': 2, '65542': 2, '65556': 2, '65557': 2, '65560': 2, '65566': 2, '65568': 2, '65570': 2, '65581': 2, '65582': 2, '65584': 2, '65586': 2, '65588': 2, '65590': 2, '65592': 2, '65594': 2, '65596': 2, '65598': 2, '65600': 2, '65602': 2, '65604': 1, '65608': 1, '65610': 1, '65613': 1, '65614': 1, '65615': 1, '65616': 1, '65619': 1, '65620': 1, '65621': 1, '65622': 1, '65624': 1, '65626': 1, '65628': 1, '65630': 1, '65631': 1, '65634': 1, '65636': 1, '65637': 1, '65638': 1, '65640': 1, '65642': 1, '65656': 1, '65657': 1, '65660': 1, '65666': 1, '65668': 1, '65670': 1, '65681': 1, '65682': 1, '65683': 1, '65686': 1, '65687': 1, '65689': 1, '65691': 1, '65693': 1, '65695': 1, '65697': 1, '65699': 1, '65701': 1, '65703': 1, '65705': 1, '65707': 1, '65711': 1, '65712': 1, '65713': 1, '65714': 1, '65717': 1, '65718': 1, '65719': 1, '65721': 1, '65723': 1, '65724': 1, '65726': 1, '65728': 1, '65730': 1, '65731': 1, '65733': 1, '65735': 1, '65736': 1, '65737': 1, '65738': 1, '65741': 1, '65742': 1, '65743': 1}",111,12,raw,22,1,96,33,28,26,90,1,{},0
0,{},0,[8],recursive_sum,208,actionc,true,2172,{},0,0,[],0,0,[],"{'65630': 8, '65735': 8}",16,{'65598': 9},9,3,3,0,"{'65536': 9, '65537': 9, '65538': 9, '65540': 9, '65542': 9, '65556': 9, '65557': 9, '65560': 9, '65566': 9, '65568': 9, '65570': 9, '65581': 9, '65582': 9, '65584': 9, '65586': 9, '65588': 9, '65590': 9, '65592': 9, '65594': 9, '65596': 9, '65598': 9, '65600': 9, '65602': 9, '65604': 8, '65608': 1, '65610': 1, '65613': 1, '65614': 1, '65615': 1, '65616': 1, '65619': 1, '65620': 1, '65621': 1, '65622': 8, '65624': 8, '65626': 8, '65628': 8, '65630': 8, '65631': 8, '65634': 8, '65636': 8, '65637': 8, '65638': 8, '65640': 8, '65642': 8, '65656': 8, '65657': 8, '65660': 8, '65666': 8, '65668': 8, '65670': 8, '65681': 8, '65682': 8, '65683': 8, '65686': 8, '65687': 8, '65689': 8, '65691': 8, '65693': 8, '65695': 8, '65697': 8, '65699': 8, '65701': 8, '65703': 8, '65705': 8, '65707': 8, '65711': 8, '65712': 8, '65713': 8, '65714': 8, '65717': 8, '65718': 8, '65719': 8, '65721': 8, '65723': 8, '65724': 8, '65726': 8, '65728': 8, '65730': 8, '65731': 8, '65733': 8, '65735': 8, '65736': 8, '65737': 8, '65738': 8, '65741': 8, '65742': 8, '65743': 8}",664,68,raw,120,36,544,187,161,180,90,2,{},0
0,{},0,[13],recursive_sum,208,actionc,true,3467,{},0,0,[],0,0,[],"{'65630': 13, '65735': 13}",26,{'65598': 14},14,3,3,0,"{'65536': 14, '65537': 14, '65538': 14, '65540': 14, '65542': 14, '65556': 14, '65557': 14, '65560': 14, '65566': 14, '65568': 14, '65570': 14, '65581': 14, '65582': 14, '65584': 14, '65586': 14, '65588': 14, '65590': 14, '65592': 14, '65594': 14, '65596': 14, '65598': 14, '65600': 14, '65602': 14, '65604': 13, '65608': 1, '65610': 1, '65613': 1, '65614': 1, '65615': 1, '65616': 1, '65619': 1, '65620': 1, '65621': 1, '65622': 13, '65624': 13, '65626': 13, '65628': 13, '65630': 13, '65631': 13, '65634': 13, '65636': 13, '65637': 13, '65638': 13, '65640': 13, '65642': 13, '65656': 13, '65657': 13, '65660': 13, '65666': 13, '65668': 13, '65670': 13, '65681': 13, '65682': 13, '65683': 13, '65686': 13, '65687': 13, '65689': 13, '65691': 13, '65693': 13, '65695': 13, '65697': 13, '65699': 13, '65701': 13, '65703': 13, '65705': 13, '65707': 13, '65711': 13, '65712': 13, '65713': 13, '65714': 13, '65717': 13, '65718': 13, '65719': 13, '65721': 13, '65723': 13, '65724': 13, '65726': 13, '65728': 13, '65730': 13, '65731': 13, '65733': 13, '65735': 13, '65736': 13, '65737': 13, '65738': 13, '65741': 13, '65742': 13, '65743': 13}",1059,108,raw,190,91,864,297,256,290,90,3,{},0
,,,[0],recursive_sum,29,vbcc,true,31,,,0,[],0,,[],,,,,3,0,0,"{'65536': 1, '65537': 1, '65539': 1, '65542': 1, '65544': 1, '65547': 1, '65563': 1, '65564': 1}",8,0,raw,2,0,0,0,5,4,0,0,,
,,,[1],recursive_sum,29,vbcc,true,87,,,0,"[0,1]",4,,[],,,,,3,0,0,"{'65536': 2, '65537': 2, '65539': 2, '65542': 2, '65544': 1, '65547': 1, '65549': 1, '65551': 1, '65552': 1, '65556': 1, '65558': 1, '65559': 1, '65561': 1, '65563': 2, '65564': 2}",21,0,raw,7,1,0,0,14,11,0,1,,
,,,[8],recursive_sum,29,vbcc,true,479,,,0,"[0,1]",32,,[],,,,,3,0,0,"{'65536': 9, '65537': 9, '65539': 9, '65542': 9, '65544': 1, '65547': 1, '65549': 8, '65551': 8, '65552': 8, '65556': 8, '65558': 8, '65559': 8, '65561': 8, '65563': 9, '65564': 9}",112,0,raw,42,36,0,0,77,60,0,2,,
,,,[13],recursive_sum,29,vbcc,true,759,,,0,"[0,1]",52,,[],,,,,3,0,0,"{'65536': 14, '65537': 14, '65539': 14, '65542': 14, '65544': 1, '65547': 1, '65549': 13, '65551': 13, '65552': 13, '65556': 13, '65558': 13, '65559': 13, '65561': 13, '65563': 14, '65564': 14}",177,0,raw,67,91,0,0,122,95,0,3,,
0,{},0,[0],recursive_sum,191,actionc,true,75,{},0,0,[],0,0,[],{'65586': 1},1,{'65586': 1},1,3,3,0,"{'65536': 1, '65537': 1, '65538': 1, '65540': 1, '65542': 1, '65556': 1, '65557': 1, '65560': 1, '65566': 1, '65568': 1, '65570': 1, '65581': 1, '65582': 1, '65584': 1, '65586': 1, '65589': 1, '65595': 1, '65597': 1, '65600': 1, '65601': 1, '65602': 1, '65603': 1, '65606': 1, '65607': 1, '65608': 1}",25,4,optimized,8,0,32,11,5,2,90,0,{},0
0,{},0,[1],recursive_sum,191,actionc,true,299,{},0,0,[],0,0,[],"{'65586': 2, '65613': 1, '65718': 1}",4,{'65586': 2},2,3,3,0,"{'65536': 2, '65537': 2, '65538': 2, '65540': 2, '65542': 2, '65556': 2, '65557': 2, '65560': 2, '65566': 2, '65568': 2, '65570': 2, '65581': 2, '65582': 2, '65584': 2, '65586': 2, '65589': 2, '65591': 1, '65595': 1, '65597': 1, '65600': 1, '65601': 1, '65602': 1, '65603': 1, '65606': 1, '65607': 1, '65608': 1, '65609': 1, '65611': 1, '65613': 1, '65614': 1, '65617': 1, '65619': 1, '65620': 1, '65621': 1, '65623': 1, '65625': 1, '65639': 1, '65640': 1, '65643': 1, '65649': 1, '65651': 1, '65653': 1, '65664': 1, '65665': 1, '65666': 1, '65669': 1, '65670': 1, '65672': 1, '65674': 1, '65676': 1, '65678': 1, '65680': 1, '65682': 1, '65684': 1, '65686': 1, '65688': 1, '65690': 1, '65694': 1, '65695': 1, '65696': 1, '65697': 1, '65700': 1, '65701': 1, '65702': 1, '65704': 1, '65706': 1, '65707': 1, '65709': 1, '65711': 1, '65713': 1, '65714': 1, '65716': 1, '65718': 1, '65719': 1, '65720': 1, '65721': 1, '65724': 1, '65725': 1, '65726': 1}",95,12,optimized,22,1,96,33,18,20,90,1,{},0
0,{},0,[8],recursive_sum,191,actionc,true,1867,{},0,0,[],0,0,[],"{'65586': 9, '65613': 8, '65718': 8}",25,{'65586': 9},9,3,3,0,"{'65536': 9, '65537': 9, '65538': 9, '65540': 9, '65542': 9, '65556': 9, '65557': 9, '65560': 9, '65566': 9, '65568': 9, '65570': 9, '65581': 9, '65582': 9, '65584': 9, '65586': 9, '65589': 9, '65591': 8, '65595': 1, '65597': 1, '65600': 1, '65601': 1, '65602': 1, '65603': 1, '65606': 1, '65607': 1, '65608': 1, '65609': 8, '65611': 8, '65613': 8, '65614': 8, '65617': 8, '65619': 8, '65620': 8, '65621': 8, '65623': 8, '65625': 8, '65639': 8, '65640': 8, '65643': 8, '65649': 8, '65651': 8, '65653': 8, '65664': 8, '65665': 8, '65666': 8, '65669': 8, '65670': 8, '65672': 8, '65674': 8, '65676': 8, '65678': 8, '65680': 8, '65682': 8, '65684': 8, '65686': 8, '65688': 8, '65690': 8, '65694': 8, '65695': 8, '65696': 8, '65697': 8, '65700': 8, '65701': 8, '65702': 8, '65704': 8, '65706': 8, '65707': 8, '65709': 8, '65711': 8, '65713': 8, '65714': 8, '65716': 8, '65718': 8, '65719': 8, '65720': 8, '65721': 8, '65724': 8, '65725': 8, '65726': 8}",585,68,optimized,120,36,544,187,109,146,90,2,{},0
0,{},0,[13],recursive_sum,191,actionc,true,2987,{},0,0,[],0,0,[],"{'65586': 14, '65613': 13, '65718': 13}",40,{'65586': 14},14,3,3,0,"{'65536': 14, '65537': 14, '65538': 14, '65540': 14, '65542': 14, '65556': 14, '65557': 14, '65560': 14, '65566': 14, '65568': 14, '65570': 14, '65581': 14, '65582': 14, '65584': 14, '65586': 14, '65589': 14, '65591': 13, '65595': 1, '65597': 1, '65600': 1, '65601': 1, '65602': 1, '65603': 1, '65606': 1, '65607': 1, '65608': 1, '65609': 13, '65611': 13, '65613': 13, '65614': 13, '65617': 13, '65619': 13, '65620': 13, '65621': 13, '65623': 13, '65625': 13, '65639': 13, '65640': 13, '65643': 13, '65649': 13, '65651': 13, '65653': 13, '65664': 13, '65665': 13, '65666': 13, '65669': 13, '65670': 13, '65672': 13, '65674': 13, '65676': 13, '65678': 13, '65680': 13, '65682': 13, '65684': 13, '65686': 13, '65688': 13, '65690': 13, '65694': 13, '65695': 13, '65696': 13, '65697': 13, '65700': 13, '65701': 13, '65702': 13, '65704': 13, '65706': 13, '65707': 13, '65709': 13, '65711': 13, '65713': 13, '65714': 13, '65716': 13, '65718': 13, '65719': 13, '65720': 13, '65721': 13, '65724': 13, '65725': 13, '65726': 13}",935,108,optimized,190,91,864,297,174,236,90,3,{},0
,,,[0],recursive_sum,28,vbcc,true,36,,,2,"[32,33]",4,,[],,,,,3,0,0,"{'65536': 1, '65538': 1, '65540': 1, '65543': 1, '65545': 1, '65548': 1, '65560': 1, '65561': 1, '65563': 1}",9,0,optimized,2,0,0,0,5,2,0,0,,
,,,[1],recursive_sum,28,vbcc,true,87,,,8,"[32,33]",8,,[],,,,,3,0,0,"{'65536': 2, '65538': 2, '65540': 2, '65543': 2, '65545': 1, '65548': 1, '65550': 1, '65552': 1, '65553': 1, '65557': 1, '65558': 1, '65560': 2, '65561': 2, '65563': 2}",21,0,optimized,7,1,0,0,10,7,0,1,,
,,,[8],recursive_sum,28,vbcc,true,444,,,50,"[32,33]",36,,[],,,,,3,0,0,"{'65536': 9, '65538': 9, '65540': 9, '65543': 9, '65545': 1, '65548': 1, '65550': 8, '65552': 8, '65553': 8, '65557': 8, '65558': 8, '65560': 9, '65561': 9, '65563': 9}",105,0,optimized,42,36,0,0,45,42,0,2,,
,,,[13],recursive_sum,28,vbcc,true,699,,,80,"[32,33]",56,,[],,,,,3,0,0,"{'65536': 14, '65538': 14, '65540': 14, '65543': 14, '65545': 1, '65548': 1, '65550': 13, '65552': 13, '65553': 13, '65557': 13, '65558': 13, '65560': 14, '65561': 14, '65563': 14}",165,0,optimized,67,91,0,0,70,67,0,3,,
0,{},0,"[0,0]",direct_calls,319,actionc,true,466,{},0,0,[],0,0,[],"{'65586': 2, '65592': 2, '65846': 1}",5,{},0,3,5,0,"{'65536': 2, '65537': 2, '65538': 2, '65540': 2, '65542': 2, '65556': 2, '65557': 2, '65560': 2, '65566': 2, '65568': 2, '65570': 2, '65581': 2, '65582': 2, '65584': 2, '65586': 2, '65587': 2, '65590': 2, '65592': 2, '65593': 2, '65594': 2, '65595': 2, '65598': 2, '65599': 2, '65600': 2, '65601': 1, '65602': 1, '65603': 1, '65605': 1, '65607': 1, '65621': 1, '65622': 1, '65625': 1, '65631': 1, '65633': 1, '65635': 1, '65646': 1, '65647': 1, '65649': 1, '65651': 1, '65652': 1, '65653': 1, '65655': 1, '65657': 1, '65671': 1, '65672': 1, '65675': 1, '65681': 1, '65683': 1, '65685': 1, '65696': 1, '65697': 1, '65698': 1, '65701': 1, '65702': 1, '65704': 1, '65706': 1, '65708': 1, '65710': 1, '65712': 1, '65714': 1, '65716': 1, '65718': 1, '65720': 1, '65722': 1, '65726': 1, '65727': 1, '65728': 1, '65729': 1, '65732': 1, '65733': 1, '65734': 1, '65736': 1, '65738': 1, '65739': 1, '65741': 1, '65743': 1, '65745': 1, '65747': 1, '65748': 1, '65749': 1, '65751': 1, '65753': 1, '65767': 1, '65768': 1, '65771': 1, '65777': 1, '65779': 1, '65781': 1, '65792': 1, '65793': 1, '65794': 1, '65797': 1, '65798': 1, '65800': 1, '65802': 1, '65804': 1, '65806': 1, '65808': 1, '65810': 1, '65812': 1, '65814': 1, '65816': 1, '65818': 1, '65822': 1, '65823': 1, '65824': 1, '65825': 1, '65828': 1, '65829': 1, '65830': 1, '65832': 1, '65834': 1, '65835': 1, '65837': 1, '65839': 1, '65841': 1, '65842': 1, '65844': 1, '65846': 1, '65847': 1, '65848': 1, '65849': 1, '65852': 1, '65853': 1, '65854': 1}",149,20,raw,20,14,160,55,25,34,180,0,{},0
0,{},0,"[1,2]",direct_calls,319,actionc,true,466,{},0,0,[],0,0,[],"{'65586': 2, '65592': 2, '65846': 1}",5,{},0,3,5,0,"{'65536': 2, '65537': 2, '65538': 2, '65540': 2, '65542': 2, '65556': 2, '65557': 2, '65560': 2, '65566': 2, '65568': 2, '65570': 2, '65581': 2, '65582': 2, '65584': 2, '65586': 2, '65587': 2, '65590': 2, '65592': 2, '65593': 2, '65594': 2, '65595': 2, '65598': 2, '65599': 2, '65600': 2, '65601': 1, '65602': 1, '65603': 1, '65605': 1, '65607': 1, '65621': 1, '65622': 1, '65625': 1, '65631': 1, '65633': 1, '65635': 1, '65646': 1, '65647': 1, '65649': 1, '65651': 1, '65652': 1, '65653': 1, '65655': 1, '65657': 1, '65671': 1, '65672': 1, '65675': 1, '65681': 1, '65683': 1, '65685': 1, '65696': 1, '65697': 1, '65698': 1, '65701': 1, '65702': 1, '65704': 1, '65706': 1, '65708': 1, '65710': 1, '65712': 1, '65714': 1, '65716': 1, '65718': 1, '65720': 1, '65722': 1, '65726': 1, '65727': 1, '65728': 1, '65729': 1, '65732': 1, '65733': 1, '65734': 1, '65736': 1, '65738': 1, '65739': 1, '65741': 1, '65743': 1, '65745': 1, '65747': 1, '65748': 1, '65749': 1, '65751': 1, '65753': 1, '65767': 1, '65768': 1, '65771': 1, '65777': 1, '65779': 1, '65781': 1, '65792': 1, '65793': 1, '65794': 1, '65797': 1, '65798': 1, '65800': 1, '65802': 1, '65804': 1, '65806': 1, '65808': 1, '65810': 1, '65812': 1, '65814': 1, '65816': 1, '65818': 1, '65822': 1, '65823': 1, '65824': 1, '65825': 1, '65828': 1, '65829': 1, '65830': 1, '65832': 1, '65834': 1, '65835': 1, '65837': 1, '65839': 1, '65841': 1, '65842': 1, '65844': 1, '65846': 1, '65847': 1, '65848': 1, '65849': 1, '65852': 1, '65853': 1, '65854': 1}",149,20,raw,20,17,160,55,25,34,180,1,{},0
0,{},0,"[13,41]",direct_calls,319,actionc,true,466,{},0,0,[],0,0,[],"{'65586': 2, '65592': 2, '65846': 1}",5,{},0,3,5,0,"{'65536': 2, '65537': 2, '65538': 2, '65540': 2, '65542': 2, '65556': 2, '65557': 2, '65560': 2, '65566': 2, '65568': 2, '65570': 2, '65581': 2, '65582': 2, '65584': 2, '65586': 2, '65587': 2, '65590': 2, '65592': 2, '65593': 2, '65594': 2, '65595': 2, '65598': 2, '65599': 2, '65600': 2, '65601': 1, '65602': 1, '65603': 1, '65605': 1, '65607': 1, '65621': 1, '65622': 1, '65625': 1, '65631': 1, '65633': 1, '65635': 1, '65646': 1, '65647': 1, '65649': 1, '65651': 1, '65652': 1, '65653': 1, '65655': 1, '65657': 1, '65671': 1, '65672': 1, '65675': 1, '65681': 1, '65683': 1, '65685': 1, '65696': 1, '65697': 1, '65698': 1, '65701': 1, '65702': 1, '65704': 1, '65706': 1, '65708': 1, '65710': 1, '65712': 1, '65714': 1, '65716': 1, '65718': 1, '65720': 1, '65722': 1, '65726': 1, '65727': 1, '65728': 1, '65729': 1, '65732': 1, '65733': 1, '65734': 1, '65736': 1, '65738': 1, '65739': 1, '65741': 1, '65743': 1, '65745': 1, '65747': 1, '65748': 1, '65749': 1, '65751': 1, '65753': 1, '65767': 1, '65768': 1, '65771': 1, '65777': 1, '65779': 1, '65781': 1, '65792': 1, '65793': 1, '65794': 1, '65797': 1, '65798': 1, '65800': 1, '65802': 1, '65804': 1, '65806': 1, '65808': 1, '65810': 1, '65812': 1, '65814': 1, '65816': 1, '65818': 1, '65822': 1, '65823': 1, '65824': 1, '65825': 1, '65828': 1, '65829': 1, '65830': 1, '65832': 1, '65834': 1, '65835': 1, '65837': 1, '65839': 1, '65841': 1, '65842': 1, '65844': 1, '65846': 1, '65847': 1, '65848': 1, '65849': 1, '65852': 1, '65853': 1, '65854': 1}",149,20,raw,20,68,160,55,25,34,180,2,{},0
0,{},0,"[65535,1]",direct_calls,319,actionc,true,466,{},0,0,[],0,0,[],"{'65586': 2, '65592': 2, '65846': 1}",5,{},0,3,5,0,"{'65536': 2, '65537': 2, '65538': 2, '65540': 2, '65542': 2, '65556': 2, '65557': 2, '65560': 2, '65566': 2, '65568': 2, '65570': 2, '65581': 2, '65582': 2, '65584': 2, '65586': 2, '65587': 2, '65590': 2, '65592': 2, '65593': 2, '65594': 2, '65595': 2, '65598': 2, '65599': 2, '65600': 2, '65601': 1, '65602': 1, '65603': 1, '65605': 1, '65607': 1, '65621': 1, '65622': 1, '65625': 1, '65631': 1, '65633': 1, '65635': 1, '65646': 1, '65647': 1, '65649': 1, '65651': 1, '65652': 1, '65653': 1, '65655': 1, '65657': 1, '65671': 1, '65672': 1, '65675': 1, '65681': 1, '65683': 1, '65685': 1, '65696': 1, '65697': 1, '65698': 1, '65701': 1, '65702': 1, '65704': 1, '65706': 1, '65708': 1, '65710': 1, '65712': 1, '65714': 1, '65716': 1, '65718': 1, '65720': 1, '65722': 1, '65726': 1, '65727': 1, '65728': 1, '65729': 1, '65732': 1, '65733': 1, '65734': 1, '65736': 1, '65738': 1, '65739': 1, '65741': 1, '65743': 1, '65745': 1, '65747': 1, '65748': 1, '65749': 1, '65751': 1, '65753': 1, '65767': 1, '65768': 1, '65771': 1, '65777': 1, '65779': 1, '65781': 1, '65792': 1, '65793': 1, '65794': 1, '65797': 1, '65798': 1, '65800': 1, '65802': 1, '65804': 1, '65806': 1, '65808': 1, '65810': 1, '65812': 1, '65814': 1, '65816': 1, '65818': 1, '65822': 1, '65823': 1, '65824': 1, '65825': 1, '65828': 1, '65829': 1, '65830': 1, '65832': 1, '65834': 1, '65835': 1, '65837': 1, '65839': 1, '65841': 1, '65842': 1, '65844': 1, '65846': 1, '65847': 1, '65848': 1, '65849': 1, '65852': 1, '65853': 1, '65854': 1}",149,20,raw,20,14,160,55,25,34,180,3,{},0
0,{},0,"[32768,32767]",direct_calls,319,actionc,true,466,{},0,0,[],0,0,[],"{'65586': 2, '65592': 2, '65846': 1}",5,{},0,3,5,0,"{'65536': 2, '65537': 2, '65538': 2, '65540': 2, '65542': 2, '65556': 2, '65557': 2, '65560': 2, '65566': 2, '65568': 2, '65570': 2, '65581': 2, '65582': 2, '65584': 2, '65586': 2, '65587': 2, '65590': 2, '65592': 2, '65593': 2, '65594': 2, '65595': 2, '65598': 2, '65599': 2, '65600': 2, '65601': 1, '65602': 1, '65603': 1, '65605': 1, '65607': 1, '65621': 1, '65622': 1, '65625': 1, '65631': 1, '65633': 1, '65635': 1, '65646': 1, '65647': 1, '65649': 1, '65651': 1, '65652': 1, '65653': 1, '65655': 1, '65657': 1, '65671': 1, '65672': 1, '65675': 1, '65681': 1, '65683': 1, '65685': 1, '65696': 1, '65697': 1, '65698': 1, '65701': 1, '65702': 1, '65704': 1, '65706': 1, '65708': 1, '65710': 1, '65712': 1, '65714': 1, '65716': 1, '65718': 1, '65720': 1, '65722': 1, '65726': 1, '65727': 1, '65728': 1, '65729': 1, '65732': 1, '65733': 1, '65734': 1, '65736': 1, '65738': 1, '65739': 1, '65741': 1, '65743': 1, '65745': 1, '65747': 1, '65748': 1, '65749': 1, '65751': 1, '65753': 1, '65767': 1, '65768': 1, '65771': 1, '65777': 1, '65779': 1, '65781': 1, '65792': 1, '65793': 1, '65794': 1, '65797': 1, '65798': 1, '65800': 1, '65802': 1, '65804': 1, '65806': 1, '65808': 1, '65810': 1, '65812': 1, '65814': 1, '65816': 1, '65818': 1, '65822': 1, '65823': 1, '65824': 1, '65825': 1, '65828': 1, '65829': 1, '65830': 1, '65832': 1, '65834': 1, '65835': 1, '65837': 1, '65839': 1, '65841': 1, '65842': 1, '65844': 1, '65846': 1, '65847': 1, '65848': 1, '65849': 1, '65852': 1, '65853': 1, '65854': 1}",149,20,raw,20,13,160,55,25,34,180,4,{},0
,,,"[0,0]",direct_calls,35,vbcc,true,113,,,4,"[0,1,2,3]",6,,[],,,,,3,2,0,"{'65536': 2, '65537': 2, '65539': 2, '65540': 2, '65543': 2, '65544': 2, '65545': 1, '65546': 1, '65548': 1, '65552': 1, '65554': 1, '65556': 1, '65560': 1, '65562': 1, '65564': 1, '65565': 1, '65567': 1, '65569': 1, '65570': 1}",25,0,raw,7,14,0,0,17,18,0,0,,
,,,"[1,2]",direct_calls,35,vbcc,true,113,,,4,"[0,1,2,3]",6,,[],,,,,3,2,0,"{'65536': 2, '65537': 2, '65539': 2, '65540': 2, '65543': 2, '65544': 2, '65545': 1, '65546': 1, '65548': 1, '65552': 1, '65554': 1, '65556': 1, '65560': 1, '65562': 1, '65564': 1, '65565': 1, '65567': 1, '65569': 1, '65570': 1}",25,0,raw,7,17,0,0,17,18,0,1,,
,,,"[13,41]",direct_calls,35,vbcc,true,113,,,4,"[0,1,2,3]",6,,[],,,,,3,2,0,"{'65536': 2, '65537': 2, '65539': 2, '65540': 2, '65543': 2, '65544': 2, '65545': 1, '65546': 1, '65548': 1, '65552': 1, '65554': 1, '65556': 1, '65560': 1, '65562': 1, '65564': 1, '65565': 1, '65567': 1, '65569': 1, '65570': 1}",25,0,raw,7,68,0,0,17,18,0,2,,
,,,"[65535,1]",direct_calls,35,vbcc,true,113,,,4,"[0,1,2,3]",6,,[],,,,,3,2,0,"{'65536': 2, '65537': 2, '65539': 2, '65540': 2, '65543': 2, '65544': 2, '65545': 1, '65546': 1, '65548': 1, '65552': 1, '65554': 1, '65556': 1, '65560': 1, '65562': 1, '65564': 1, '65565': 1, '65567': 1, '65569': 1, '65570': 1}",25,0,raw,7,14,0,0,17,18,0,3,,
,,,"[32768,32767]",direct_calls,35,vbcc,true,113,,,4,"[0,1,2,3]",6,,[],,,,,3,2,0,"{'65536': 2, '65537': 2, '65539': 2, '65540': 2, '65543': 2, '65544': 2, '65545': 1, '65546': 1, '65548': 1, '65552': 1, '65554': 1, '65556': 1, '65560': 1, '65562': 1, '65564': 1, '65565': 1, '65567': 1, '65569': 1, '65570': 1}",25,0,raw,7,13,0,0,17,18,0,4,,
0,{},0,"[0,0]",direct_calls,319,actionc,true,466,{},0,0,[],0,0,[],"{'65586': 2, '65592': 2, '65846': 1}",5,{},0,3,5,0,"{'65536': 2, '65537': 2, '65538': 2, '65540': 2, '65542': 2, '65556': 2, '65557': 2, '65560': 2, '65566': 2, '65568': 2, '65570': 2, '65581': 2, '65582': 2, '65584': 2, '65586': 2, '65587': 2, '65590': 2, '65592': 2, '65593': 2, '65594': 2, '65595': 2, '65598': 2, '65599': 2, '65600': 2, '65601': 1, '65602': 1, '65603': 1, '65605': 1, '65607': 1, '65621': 1, '65622': 1, '65625': 1, '65631': 1, '65633': 1, '65635': 1, '65646': 1, '65647': 1, '65649': 1, '65651': 1, '65652': 1, '65653': 1, '65655': 1, '65657': 1, '65671': 1, '65672': 1, '65675': 1, '65681': 1, '65683': 1, '65685': 1, '65696': 1, '65697': 1, '65698': 1, '65701': 1, '65702': 1, '65704': 1, '65706': 1, '65708': 1, '65710': 1, '65712': 1, '65714': 1, '65716': 1, '65718': 1, '65720': 1, '65722': 1, '65726': 1, '65727': 1, '65728': 1, '65729': 1, '65732': 1, '65733': 1, '65734': 1, '65736': 1, '65738': 1, '65739': 1, '65741': 1, '65743': 1, '65745': 1, '65747': 1, '65748': 1, '65749': 1, '65751': 1, '65753': 1, '65767': 1, '65768': 1, '65771': 1, '65777': 1, '65779': 1, '65781': 1, '65792': 1, '65793': 1, '65794': 1, '65797': 1, '65798': 1, '65800': 1, '65802': 1, '65804': 1, '65806': 1, '65808': 1, '65810': 1, '65812': 1, '65814': 1, '65816': 1, '65818': 1, '65822': 1, '65823': 1, '65824': 1, '65825': 1, '65828': 1, '65829': 1, '65830': 1, '65832': 1, '65834': 1, '65835': 1, '65837': 1, '65839': 1, '65841': 1, '65842': 1, '65844': 1, '65846': 1, '65847': 1, '65848': 1, '65849': 1, '65852': 1, '65853': 1, '65854': 1}",149,20,optimized,20,14,160,55,25,34,180,0,{},0
0,{},0,"[1,2]",direct_calls,319,actionc,true,466,{},0,0,[],0,0,[],"{'65586': 2, '65592': 2, '65846': 1}",5,{},0,3,5,0,"{'65536': 2, '65537': 2, '65538': 2, '65540': 2, '65542': 2, '65556': 2, '65557': 2, '65560': 2, '65566': 2, '65568': 2, '65570': 2, '65581': 2, '65582': 2, '65584': 2, '65586': 2, '65587': 2, '65590': 2, '65592': 2, '65593': 2, '65594': 2, '65595': 2, '65598': 2, '65599': 2, '65600': 2, '65601': 1, '65602': 1, '65603': 1, '65605': 1, '65607': 1, '65621': 1, '65622': 1, '65625': 1, '65631': 1, '65633': 1, '65635': 1, '65646': 1, '65647': 1, '65649': 1, '65651': 1, '65652': 1, '65653': 1, '65655': 1, '65657': 1, '65671': 1, '65672': 1, '65675': 1, '65681': 1, '65683': 1, '65685': 1, '65696': 1, '65697': 1, '65698': 1, '65701': 1, '65702': 1, '65704': 1, '65706': 1, '65708': 1, '65710': 1, '65712': 1, '65714': 1, '65716': 1, '65718': 1, '65720': 1, '65722': 1, '65726': 1, '65727': 1, '65728': 1, '65729': 1, '65732': 1, '65733': 1, '65734': 1, '65736': 1, '65738': 1, '65739': 1, '65741': 1, '65743': 1, '65745': 1, '65747': 1, '65748': 1, '65749': 1, '65751': 1, '65753': 1, '65767': 1, '65768': 1, '65771': 1, '65777': 1, '65779': 1, '65781': 1, '65792': 1, '65793': 1, '65794': 1, '65797': 1, '65798': 1, '65800': 1, '65802': 1, '65804': 1, '65806': 1, '65808': 1, '65810': 1, '65812': 1, '65814': 1, '65816': 1, '65818': 1, '65822': 1, '65823': 1, '65824': 1, '65825': 1, '65828': 1, '65829': 1, '65830': 1, '65832': 1, '65834': 1, '65835': 1, '65837': 1, '65839': 1, '65841': 1, '65842': 1, '65844': 1, '65846': 1, '65847': 1, '65848': 1, '65849': 1, '65852': 1, '65853': 1, '65854': 1}",149,20,optimized,20,17,160,55,25,34,180,1,{},0
0,{},0,"[13,41]",direct_calls,319,actionc,true,466,{},0,0,[],0,0,[],"{'65586': 2, '65592': 2, '65846': 1}",5,{},0,3,5,0,"{'65536': 2, '65537': 2, '65538': 2, '65540': 2, '65542': 2, '65556': 2, '65557': 2, '65560': 2, '65566': 2, '65568': 2, '65570': 2, '65581': 2, '65582': 2, '65584': 2, '65586': 2, '65587': 2, '65590': 2, '65592': 2, '65593': 2, '65594': 2, '65595': 2, '65598': 2, '65599': 2, '65600': 2, '65601': 1, '65602': 1, '65603': 1, '65605': 1, '65607': 1, '65621': 1, '65622': 1, '65625': 1, '65631': 1, '65633': 1, '65635': 1, '65646': 1, '65647': 1, '65649': 1, '65651': 1, '65652': 1, '65653': 1, '65655': 1, '65657': 1, '65671': 1, '65672': 1, '65675': 1, '65681': 1, '65683': 1, '65685': 1, '65696': 1, '65697': 1, '65698': 1, '65701': 1, '65702': 1, '65704': 1, '65706': 1, '65708': 1, '65710': 1, '65712': 1, '65714': 1, '65716': 1, '65718': 1, '65720': 1, '65722': 1, '65726': 1, '65727': 1, '65728': 1, '65729': 1, '65732': 1, '65733': 1, '65734': 1, '65736': 1, '65738': 1, '65739': 1, '65741': 1, '65743': 1, '65745': 1, '65747': 1, '65748': 1, '65749': 1, '65751': 1, '65753': 1, '65767': 1, '65768': 1, '65771': 1, '65777': 1, '65779': 1, '65781': 1, '65792': 1, '65793': 1, '65794': 1, '65797': 1, '65798': 1, '65800': 1, '65802': 1, '65804': 1, '65806': 1, '65808': 1, '65810': 1, '65812': 1, '65814': 1, '65816': 1, '65818': 1, '65822': 1, '65823': 1, '65824': 1, '65825': 1, '65828': 1, '65829': 1, '65830': 1, '65832': 1, '65834': 1, '65835': 1, '65837': 1, '65839': 1, '65841': 1, '65842': 1, '65844': 1, '65846': 1, '65847': 1, '65848': 1, '65849': 1, '65852': 1, '65853': 1, '65854': 1}",149,20,optimized,20,68,160,55,25,34,180,2,{},0
0,{},0,"[65535,1]",direct_calls,319,actionc,true,466,{},0,0,[],0,0,[],"{'65586': 2, '65592': 2, '65846': 1}",5,{},0,3,5,0,"{'65536': 2, '65537': 2, '65538': 2, '65540': 2, '65542': 2, '65556': 2, '65557': 2, '65560': 2, '65566': 2, '65568': 2, '65570': 2, '65581': 2, '65582': 2, '65584': 2, '65586': 2, '65587': 2, '65590': 2, '65592': 2, '65593': 2, '65594': 2, '65595': 2, '65598': 2, '65599': 2, '65600': 2, '65601': 1, '65602': 1, '65603': 1, '65605': 1, '65607': 1, '65621': 1, '65622': 1, '65625': 1, '65631': 1, '65633': 1, '65635': 1, '65646': 1, '65647': 1, '65649': 1, '65651': 1, '65652': 1, '65653': 1, '65655': 1, '65657': 1, '65671': 1, '65672': 1, '65675': 1, '65681': 1, '65683': 1, '65685': 1, '65696': 1, '65697': 1, '65698': 1, '65701': 1, '65702': 1, '65704': 1, '65706': 1, '65708': 1, '65710': 1, '65712': 1, '65714': 1, '65716': 1, '65718': 1, '65720': 1, '65722': 1, '65726': 1, '65727': 1, '65728': 1, '65729': 1, '65732': 1, '65733': 1, '65734': 1, '65736': 1, '65738': 1, '65739': 1, '65741': 1, '65743': 1, '65745': 1, '65747': 1, '65748': 1, '65749': 1, '65751': 1, '65753': 1, '65767': 1, '65768': 1, '65771': 1, '65777': 1, '65779': 1, '65781': 1, '65792': 1, '65793': 1, '65794': 1, '65797': 1, '65798': 1, '65800': 1, '65802': 1, '65804': 1, '65806': 1, '65808': 1, '65810': 1, '65812': 1, '65814': 1, '65816': 1, '65818': 1, '65822': 1, '65823': 1, '65824': 1, '65825': 1, '65828': 1, '65829': 1, '65830': 1, '65832': 1, '65834': 1, '65835': 1, '65837': 1, '65839': 1, '65841': 1, '65842': 1, '65844': 1, '65846': 1, '65847': 1, '65848': 1, '65849': 1, '65852': 1, '65853': 1, '65854': 1}",149,20,optimized,20,14,160,55,25,34,180,3,{},0
0,{},0,"[32768,32767]",direct_calls,319,actionc,true,466,{},0,0,[],0,0,[],"{'65586': 2, '65592': 2, '65846': 1}",5,{},0,3,5,0,"{'65536': 2, '65537': 2, '65538': 2, '65540': 2, '65542': 2, '65556': 2, '65557': 2, '65560': 2, '65566': 2, '65568': 2, '65570': 2, '65581': 2, '65582': 2, '65584': 2, '65586': 2, '65587': 2, '65590': 2, '65592': 2, '65593': 2, '65594': 2, '65595': 2, '65598': 2, '65599': 2, '65600': 2, '65601': 1, '65602': 1, '65603': 1, '65605': 1, '65607': 1, '65621': 1, '65622': 1, '65625': 1, '65631': 1, '65633': 1, '65635': 1, '65646': 1, '65647': 1, '65649': 1, '65651': 1, '65652': 1, '65653': 1, '65655': 1, '65657': 1, '65671': 1, '65672': 1, '65675': 1, '65681': 1, '65683': 1, '65685': 1, '65696': 1, '65697': 1, '65698': 1, '65701': 1, '65702': 1, '65704': 1, '65706': 1, '65708': 1, '65710': 1, '65712': 1, '65714': 1, '65716': 1, '65718': 1, '65720': 1, '65722': 1, '65726': 1, '65727': 1, '65728': 1, '65729': 1, '65732': 1, '65733': 1, '65734': 1, '65736': 1, '65738': 1, '65739': 1, '65741': 1, '65743': 1, '65745': 1, '65747': 1, '65748': 1, '65749': 1, '65751': 1, '65753': 1, '65767': 1, '65768': 1, '65771': 1, '65777': 1, '65779': 1, '65781': 1, '65792': 1, '65793': 1, '65794': 1, '65797': 1, '65798': 1, '65800': 1, '65802': 1, '65804': 1, '65806': 1, '65808': 1, '65810': 1, '65812': 1, '65814': 1, '65816': 1, '65818': 1, '65822': 1, '65823': 1, '65824': 1, '65825': 1, '65828': 1, '65829': 1, '65830': 1, '65832': 1, '65834': 1, '65835': 1, '65837': 1, '65839': 1, '65841': 1, '65842': 1, '65844': 1, '65846': 1, '65847': 1, '65848': 1, '65849': 1, '65852': 1, '65853': 1, '65854': 1}",149,20,optimized,20,13,160,55,25,34,180,4,{},0
,,,"[0,0]",direct_calls,24,vbcc,true,67,,,2,"[0,1,2,3]",4,,[],,,,,3,2,0,"{'65536': 2, '65537': 2, '65538': 2, '65541': 2, '65542': 1, '65544': 1, '65548': 1, '65550': 1, '65552': 1, '65556': 1, '65557': 1, '65559': 1}",16,0,optimized,3,14,0,0,11,6,0,0,,
,,,"[1,2]",direct_calls,24,vbcc,true,67,,,2,"[0,1,2,3]",4,,[],,,,,3,2,0,"{'65536': 2, '65537': 2, '65538': 2, '65541': 2, '65542': 1, '65544': 1, '65548': 1, '65550': 1, '65552': 1, '65556': 1, '65557': 1, '65559': 1}",16,0,optimized,3,17,0,0,11,6,0,1,,
,,,"[13,41]",direct_calls,24,vbcc,true,67,,,2,"[0,1,2,3]",4,,[],,,,,3,2,0,"{'65536': 2, '65537': 2, '65538': 2, '65541': 2, '65542': 1, '65544': 1, '65548': 1, '65550': 1, '65552': 1, '65556': 1, '65557': 1, '65559': 1}",16,0,optimized,3,68,0,0,11,6,0,2,,
,,,"[65535,1]",direct_calls,24,vbcc,true,67,,,2,"[0,1,2,3]",4,,[],,,,,3,2,0,"{'65536': 2, '65537': 2, '65538': 2, '65541': 2, '65542': 1, '65544': 1, '65548': 1, '65550': 1, '65552': 1, '65556': 1, '65557': 1, '65559': 1}",16,0,optimized,3,14,0,0,11,6,0,3,,
,,,"[32768,32767]",direct_calls,24,vbcc,true,67,,,2,"[0,1,2,3]",4,,[],,,,,3,2,0,"{'65536': 2, '65537': 2, '65538': 2, '65541': 2, '65542': 1, '65544': 1, '65548': 1, '65550': 1, '65552': 1, '65556': 1, '65557': 1, '65559': 1}",16,0,optimized,3,13,0,0,11,6,0,4,,
0,{},0,"[1245180,0]",byte_sum,244,actionc,true,187,{},0,0,[],0,0,[],{'65771': 1},1,{'65642': 1},1,3,7,0,"{'65536': 1, '65537': 1, '65538': 1, '65540': 1, '65542': 1, '65556': 1, '65557': 1, '65560': 1, '65566': 1, '65568': 1, '65570': 1, '65581': 1, '65582': 1, '65584': 1, '65586': 1, '65588': 1, '65590': 1, '65592': 1, '65594': 1, '65596': 1, '65598': 1, '65600': 1, '65602': 1, '65604': 1, '65606': 1, '65608': 1, '65610': 1, '65612': 1, '65614': 1, '65616': 1, '65618': 1, '65620': 1, '65622': 1, '65624': 1, '65626': 1, '65628': 1, '65630': 1, '65632': 1, '65634': 1, '65636': 1, '65638': 1, '65640': 1, '65642': 1, '65644': 1, '65646': 1, '65648': 1, '65767': 1, '65769': 1, '65771': 1, '65772': 1, '65773': 1, '65774': 1, '65777': 1, '65778': 1, '65779': 1}",55,4,raw,16,0,32,11,18,15,45,0,{},0
0,{},0,"[1245180,1]",byte_sum,244,actionc,true,454,{},0,6,"[0,1,2,16]",7,0,[],"{'65693': 1, '65698': 1, '65755': 1, '65761': 1, '65771': 1}",5,{'65642': 2},2,3,7,0,"{'65536': 1, '65537': 1, '65538': 1, '65540': 1, '65542': 1, '65556': 1, '65557': 1, '65560': 1, '65566': 1, '65568': 1, '65570': 1, '65581': 1, '65582': 1, '65584': 1, '65586': 1, '65588': 1, '65590': 1, '65592': 1, '65594': 1, '65596': 1, '65598': 1, '65600': 1, '65602': 1, '65604': 1, '65606': 1, '65608': 1, '65610': 1, '65612': 1, '65614': 1, '65616': 1, '65618': 1, '65620': 1, '65622': 1, '65624': 1, '65626': 2, '65628': 2, '65630': 2, '65632': 2, '65634': 2, '65636': 2, '65638': 2, '65640': 2, '65642': 2, '65644': 2, '65646': 2, '65648': 1, '65652': 1, '65654': 1, '65656': 1, '65658': 1, '65660': 1, '65662': 1, '65664': 1, '65666': 1, '65668': 1, '65670': 1, '65672': 1, '65675': 1, '65677': 1, '65679': 1, '65681': 1, '65683': 1, '65685': 1, '65687': 1, '65689': 1, '65691': 1, '65693': 1, '65694': 1, '65696': 1, '65698': 1, '65700': 1, '65702': 1, '65704': 1, '65706': 1, '65708': 1, '65710': 1, '65711': 1, '65713': 1, '65715': 1, '65717': 1, '65719': 1, '65721': 1, '65723': 1, '65725': 1, '65727': 1, '65729': 1, '65731': 1, '65733': 1, '65735': 1, '65737': 1, '65739': 1, '65741': 1, '65743': 1, '65745': 1, '65747': 1, '65749': 1, '65751': 1, '65753': 1, '65755': 1, '65756': 1, '65759': 1, '65761': 1, '65763': 1, '65767': 1, '65769': 1, '65771': 1, '65772': 1, '65773': 1, '65774': 1, '65777': 1, '65778': 1, '65779': 1}",123,4,raw,16,1,32,11,50,49,45,1,{},0
0,{},0,"[1245180,4]",byte_sum,244,actionc,true,1255,{},0,24,"[0,1,2,16]",28,0,[],"{'65693': 4, '65698': 4, '65755': 4, '65761': 4, '65771': 1}",17,{'65642': 5},5,3,7,0,"{'65536': 1, '65537': 1, '65538': 1, '65540': 1, '65542': 1, '65556': 1, '65557': 1, '65560': 1, '65566': 1, '65568': 1, '65570': 1, '65581': 1, '65582': 1, '65584': 1, '65586': 1, '65588': 1, '65590': 1, '65592': 1, '65594': 1, '65596': 1, '65598': 1, '65600': 1, '65602': 1, '65604': 1, '65606': 1, '65608': 1, '65610': 1, '65612': 1, '65614': 1, '65616': 1, '65618': 1, '65620': 1, '65622': 1, '65624': 1, '65626': 5, '65628': 5, '65630': 5, '65632': 5, '65634': 5, '65636': 5, '65638': 5, '65640': 5, '65642': 5, '65644': 5, '65646': 5, '65648': 1, '65652': 4, '65654': 4, '65656': 4, '65658': 4, '65660': 4, '65662': 4, '65664': 4, '65666': 4, '65668': 4, '65670': 4, '65672': 4, '65675': 4, '65677': 4, '65679': 4, '65681': 4, '65683': 4, '65685': 4, '65687': 4, '65689': 4, '65691': 4, '65693': 4, '65694': 4, '65696': 4, '65698': 4, '65700': 4, '65702': 4, '65704': 4, '65706': 4, '65708': 4, '65710': 4, '65711': 4, '65713': 4, '65715': 4, '65717': 4, '65719': 4, '65721': 4, '65723': 4, '65725': 4, '65727': 4, '65729': 4, '65731': 4, '65733': 4, '65735': 4, '65737': 4, '65739': 4, '65741': 4, '65743': 4, '65745': 4, '65747': 4, '65749': 4, '65751': 4, '65753': 4, '65755': 4, '65756': 4, '65759': 4, '65761': 4, '65763': 4, '65767': 1, '65769': 1, '65771': 1, '65772': 1, '65773': 1, '65774': 1, '65777': 1, '65778': 1, '65779': 1}",327,4,raw,16,256,32,11,146,151,45,2,{},0
0,{},0,"[1245180,8]",byte_sum,244,actionc,true,2323,{},0,48,"[0,1,2,16]",56,0,[],"{'65693': 8, '65698': 8, '65755': 8, '65761': 8, '65771': 1}",33,{'65642': 9},9,3,7,0,"{'65536': 1, '65537': 1, '65538': 1, '65540': 1, '65542': 1, '65556': 1, '65557': 1, '65560': 1, '65566': 1, '65568': 1, '65570': 1, '65581': 1, '65582': 1, '65584': 1, '65586': 1, '65588': 1, '65590': 1, '65592': 1, '65594': 1, '65596': 1, '65598': 1, '65600': 1, '65602': 1, '65604': 1, '65606': 1, '65608': 1, '65610': 1, '65612': 1, '65614': 1, '65616': 1, '65618': 1, '65620': 1, '65622': 1, '65624': 1, '65626': 9, '65628': 9, '65630': 9, '65632': 9, '65634': 9, '65636': 9, '65638': 9, '65640': 9, '65642': 9, '65644': 9, '65646': 9, '65648': 1, '65652': 8, '65654': 8, '65656': 8, '65658': 8, '65660': 8, '65662': 8, '65664': 8, '65666': 8, '65668': 8, '65670': 8, '65672': 8, '65675': 8, '65677': 8, '65679': 8, '65681': 8, '65683': 8, '65685': 8, '65687': 8, '65689': 8, '65691': 8, '65693': 8, '65694': 8, '65696': 8, '65698': 8, '65700': 8, '65702': 8, '65704': 8, '65706': 8, '65708': 8, '65710': 8, '65711': 8, '65713': 8, '65715': 8, '65717': 8, '65719': 8, '65721': 8, '65723': 8, '65725': 8, '65727': 8, '65729': 8, '65731': 8, '65733': 8, '65735': 8, '65737': 8, '65739': 8, '65741': 8, '65743': 8, '65745': 8, '65747': 8, '65749': 8, '65751': 8, '65753': 8, '65755': 8, '65756': 8, '65759': 8, '65761': 8, '65763': 8, '65767': 1, '65769': 1, '65771': 1, '65772': 1, '65773': 1, '65774': 1, '65777': 1, '65778': 1, '65779': 1}",599,4,raw,16,282,32,11,274,287,45,3,{},0
0,{},0,"[1245180,16]",byte_sum,244,actionc,true,4459,{},0,96,"[0,1,2,16]",112,0,[],"{'65693': 16, '65698': 16, '65755': 16, '65761': 16, '65771': 1}",65,{'65642': 17},17,3,7,0,"{'65536': 1, '65537': 1, '65538': 1, '65540': 1, '65542': 1, '65556': 1, '65557': 1, '65560': 1, '65566': 1, '65568': 1, '65570': 1, '65581': 1, '65582': 1, '65584': 1, '65586': 1, '65588': 1, '65590': 1, '65592': 1, '65594': 1, '65596': 1, '65598': 1, '65600': 1, '65602': 1, '65604': 1, '65606': 1, '65608': 1, '65610': 1, '65612': 1, '65614': 1, '65616': 1, '65618': 1, '65620': 1, '65622': 1, '65624': 1, '65626': 17, '65628': 17, '65630': 17, '65632': 17, '65634': 17, '65636': 17, '65638': 17, '65640': 17, '65642': 17, '65644': 17, '65646': 17, '65648': 1, '65652': 16, '65654': 16, '65656': 16, '65658': 16, '65660': 16, '65662': 16, '65664': 16, '65666': 16, '65668': 16, '65670': 16, '65672': 16, '65675': 16, '65677': 16, '65679': 16, '65681': 16, '65683': 16, '65685': 16, '65687': 16, '65689': 16, '65691': 16, '65693': 16, '65694': 16, '65696': 16, '65698': 16, '65700': 16, '65702': 16, '65704': 16, '65706': 16, '65708': 16, '65710': 16, '65711': 16, '65713': 16, '65715': 16, '65717': 16, '65719': 16, '65721': 16, '65723': 16, '65725': 16, '65727': 16, '65729': 16, '65731': 16, '65733': 16, '65735': 16, '65737': 16, '65739': 16, '65741': 16, '65743': 16, '65745': 16, '65747': 16, '65749': 16, '65751': 16, '65753': 16, '65755': 16, '65756': 16, '65759': 16, '65761': 16, '65763': 16, '65767': 1, '65769': 1, '65771': 1, '65772': 1, '65773': 1, '65774': 1, '65777': 1, '65778': 1, '65779': 1}",1143,4,raw,16,382,32,11,530,559,45,4,{},0
,,,"[1245180,0]",byte_sum,68,vbcc,true,72,,,0,"[62,63]",2,,[],,,,,3,2,0,"{'65536': 1, '65537': 1, '65538': 1, '65539': 1, '65541': 1, '65543': 1, '65544': 1, '65546': 1, '65549': 1, '65551': 1, '65594': 1, '65596': 1, '65598': 1, '65600': 1, '65601': 1, '65602': 1, '65603': 1}",17,0,raw,6,0,0,0,13,12,0,0,,
,,,"[1245180,1]",byte_sum,68,vbcc,true,163,,,3,"[0,1,2,3,62,63]",6,,[],,,,,3,2,0,"{'65536': 1, '65537': 1, '65538': 1, '65539': 1, '65541': 1, '65543': 1, '65544': 1, '65546': 1, '65549': 1, '65551': 1, '65553': 1, '65555': 1, '65557': 1, '65559': 1, '65561': 1, '65562': 1, '65564': 1, '65567': 1, '65569': 1, '65571': 1, '65573': 1, '65575': 1, '65577': 1, '65579': 1, '65581': 1, '65584': 1, '65585': 1, '65587': 1, '65589': 1, '65591': 1, '65592': 1, '65594': 2, '65596': 2, '65598': 1, '65600': 1, '65601': 1, '65602': 1, '65603': 1}",40,0,raw,6,1,0,0,26,19,0,1,,
,,,"[1245180,4]",byte_sum,68,vbcc,true,436,,,12,"[0,1,2,3,62,63]",18,,[],,,,,3,2,0,"{'65536': 1, '65537': 1, '65538': 1, '65539': 1, '65541': 1, '65543': 1, '65544': 1, '65546': 1, '65549': 1, '65551': 1, '65553': 4, '65555': 4, '65557': 4, '65559': 4, '65561': 4, '65562': 4, '65564': 4, '65567': 4, '65569': 4, '65571': 4, '65573': 4, '65575': 4, '65577': 4, '65579': 4, '65581': 4, '65584': 4, '65585': 4, '65587': 4, '65589': 4, '65591': 4, '65592': 4, '65594': 5, '65596': 5, '65598': 1, '65600': 1, '65601': 1, '65602': 1, '65603': 1}",109,0,raw,6,256,0,0,65,40,0,2,,
,,,"[1245180,8]",byte_sum,68,vbcc,true,800,,,24,"[0,1,2,3,62,63]",34,,[],,,,,3,2,0,"{'65536': 1, '65537': 1, '65538': 1, '65539': 1, '65541': 1, '65543': 1, '65544': 1, '65546': 1, '65549': 1, '65551': 1, '65553': 8, '65555': 8, '65557': 8, '65559': 8, '65561': 8, '65562': 8, '65564': 8, '65567': 8, '65569': 8, '65571': 8, '65573': 8, '65575': 8, '65577': 8, '65579': 8, '65581': 8, '65584': 8, '65585': 8, '65587': 8, '65589': 8, '65591': 8, '65592': 8, '65594': 9, '65596': 9, '65598': 1, '65600': 1, '65601': 1, '65602': 1, '65603': 1}",201,0,raw,6,282,0,0,117,68,0,3,,
,,,"[1245180,16]",byte_sum,68,vbcc,true,1528,,,48,"[0,1,2,3,62,63]",66,,[],,,,,3,2,1,"{'65536': 1, '65537': 1, '65538': 1, '65539': 1, '65541': 1, '65543': 1, '65544': 1, '65546': 1, '65549': 1, '65551': 1, '65553': 16, '65555': 16, '65557': 16, '65559': 16, '65561': 16, '65562': 16, '65564': 16, '65567': 16, '65569': 16, '65571': 16, '65573': 16, '65575': 16, '65577': 16, '65579': 16, '65581': 16, '65584': 16, '65585': 16, '65587': 16, '65589': 16, '65591': 16, '65592': 16, '65594': 17, '65596': 17, '65598': 1, '65600': 1, '65601': 1, '65602': 1, '65603': 1}",385,0,raw,6,382,0,0,221,124,0,4,,
0,{},0,"[1245180,0]",byte_sum,218,actionc,true,137,{'65610': 1},1,0,[],0,1,[],{'65619': 1},1,{'65619': 1},1,3,7,0,"{'65536': 1, '65537': 1, '65538': 1, '65540': 1, '65542': 1, '65556': 1, '65557': 1, '65560': 1, '65566': 1, '65568': 1, '65570': 1, '65581': 1, '65582': 1, '65584': 1, '65586': 1, '65588': 1, '65590': 1, '65592': 1, '65594': 1, '65596': 1, '65598': 1, '65600': 1, '65602': 1, '65604': 1, '65606': 1, '65608': 1, '65610': 1, '65613': 1, '65615': 1, '65617': 1, '65619': 1, '65622': 1, '65624': 1, '65743': 1, '65745': 1, '65746': 1, '65747': 1, '65748': 1, '65751': 1, '65752': 1, '65753': 1}",41,4,optimized,22,0,32,11,12,9,45,0,{'65610': 1},1
0,{},0,"[1245180,1]",byte_sum,218,actionc,true,379,"{'65610': 1, '65735': 1}",2,6,"[0,1,2,16]",7,2,[],"{'65619': 2, '65727': 1, '65733': 1}",4,{'65619': 2},2,3,7,0,"{'65536': 1, '65537': 1, '65538': 1, '65540': 1, '65542': 1, '65556': 1, '65557': 1, '65560': 1, '65566': 1, '65568': 1, '65570': 1, '65581': 1, '65582': 1, '65584': 1, '65586': 1, '65588': 1, '65590': 1, '65592': 1, '65594': 1, '65596': 1, '65598': 1, '65600': 1, '65602': 1, '65604': 1, '65606': 1, '65608': 1, '65610': 1, '65613': 1, '65615': 2, '65617': 2, '65619': 2, '65622': 2, '65624': 1, '65628': 1, '65630': 1, '65632': 1, '65634': 1, '65636': 1, '65638': 1, '65640': 1, '65642': 1, '65644': 1, '65646': 1, '65648': 1, '65651': 1, '65653': 1, '65655': 1, '65657': 1, '65659': 1, '65661': 1, '65663': 1, '65665': 1, '65667': 1, '65668': 1, '65670': 1, '65672': 1, '65674': 1, '65676': 1, '65678': 1, '65680': 1, '65682': 1, '65683': 1, '65685': 1, '65687': 1, '65689': 1, '65691': 1, '65693': 1, '65695': 1, '65697': 1, '65699': 1, '65701': 1, '65703': 1, '65705': 1, '65707': 1, '65709': 1, '65711': 1, '65713': 1, '65715': 1, '65717': 1, '65719': 1, '65721': 1, '65723': 1, '65725': 1, '65727': 1, '65728': 1, '65731': 1, '65733': 1, '65735': 1, '65737': 1, '65739': 1, '65743': 1, '65745': 1, '65746': 1, '65747': 1, '65748': 1, '65751': 1, '65752': 1, '65753': 1}",102,4,optimized,22,1,32,11,42,39,45,1,"{'65610': 1, '65735': 1}",2
0,{},0,"[1245180,4]",byte_sum,218,actionc,true,1105,"{'65610': 1, '65735': 4}",5,24,"[0,1,2,16]",28,5,[],"{'65619': 5, '65727': 4, '65733': 4}",13,{'65619': 5},5,3,7,0,"{'65536': 1, '65537': 1, '65538': 1, '65540': 1, '65542': 1, '65556': 1, '65557': 1, '65560': 1, '65566': 1, '65568': 1, '65570': 1, '65581': 1, '65582': 1, '65584': 1, '65586': 1, '65588': 1, '65590': 1, '65592': 1, '65594': 1, '65596': 1, '65598': 1, '65600': 1, '65602': 1, '65604': 1, '65606': 1, '65608': 1, '65610': 1, '65613': 1, '65615': 5, '65617': 5, '65619': 5, '65622': 5, '65624': 1, '65628': 4, '65630': 4, '65632': 4, '65634': 4, '65636': 4, '65638': 4, '65640': 4, '65642': 4, '65644': 4, '65646': 4, '65648': 4, '65651': 4, '65653': 4, '65655': 4, '65657': 4, '65659': 4, '65661': 4, '65663': 4, '65665': 4, '65667': 4, '65668': 4, '65670': 4, '65672': 4, '65674': 4, '65676': 4, '65678': 4, '65680': 4, '65682': 4, '65683': 4, '65685': 4, '65687': 4, '65689': 4, '65691': 4, '65693': 4, '65695': 4, '65697': 4, '65699': 4, '65701': 4, '65703': 4, '65705': 4, '65707': 4, '65709': 4, '65711': 4, '65713': 4, '65715': 4, '65717': 4, '65719': 4, '65721': 4, '65723': 4, '65725': 4, '65727': 4, '65728': 4, '65731': 4, '65733': 4, '65735': 4, '65737': 4, '65739': 4, '65743': 1, '65745': 1, '65746': 1, '65747': 1, '65748': 1, '65751': 1, '65752': 1, '65753': 1}",285,4,optimized,22,256,32,11,132,129,45,2,"{'65610': 1, '65735': 4}",5
0,{},0,"[1245180,8]",byte_sum,218,actionc,true,2073,"{'65610': 1, '65735': 8}",9,48,"[0,1,2,16]",56,9,[],"{'65619': 9, '65727': 8, '65733': 8}",25,{'65619': 9},9,3,7,0,"{'65536': 1, '65537': 1, '65538': 1, '65540': 1, '65542': 1, '65556': 1, '65557': 1, '65560': 1, '65566': 1, '65568': 1, '65570': 1, '65581': 1, '65582': 1, '65584': 1, '65586': 1, '65588': 1, '65590': 1, '65592': 1, '65594': 1, '65596': 1, '65598': 1, '65600': 1, '65602': 1, '65604': 1, '65606': 1, '65608': 1, '65610': 1, '65613': 1, '65615': 9, '65617': 9, '65619': 9, '65622': 9, '65624': 1, '65628': 8, '65630': 8, '65632': 8, '65634': 8, '65636': 8, '65638': 8, '65640': 8, '65642': 8, '65644': 8, '65646': 8, '65648': 8, '65651': 8, '65653': 8, '65655': 8, '65657': 8, '65659': 8, '65661': 8, '65663': 8, '65665': 8, '65667': 8, '65668': 8, '65670': 8, '65672': 8, '65674': 8, '65676': 8, '65678': 8, '65680': 8, '65682': 8, '65683': 8, '65685': 8, '65687': 8, '65689': 8, '65691': 8, '65693': 8, '65695': 8, '65697': 8, '65699': 8, '65701': 8, '65703': 8, '65705': 8, '65707': 8, '65709': 8, '65711': 8, '65713': 8, '65715': 8, '65717': 8, '65719': 8, '65721': 8, '65723': 8, '65725': 8, '65727': 8, '65728': 8, '65731': 8, '65733': 8, '65735': 8, '65737': 8, '65739': 8, '65743': 1, '65745': 1, '65746': 1, '65747': 1, '65748': 1, '65751': 1, '65752': 1, '65753': 1}",529,4,optimized,22,282,32,11,252,249,45,3,"{'65610': 1, '65735': 8}",9
0,{},0,"[1245180,16]",byte_sum,218,actionc,true,4009,"{'65610': 1, '65735': 16}",17,96,"[0,1,2,16]",112,17,[],"{'65619': 17, '65727': 16, '65733': 16}",49,{'65619': 17},17,3,7,0,"{'65536': 1, '65537': 1, '65538': 1, '65540': 1, '65542': 1, '65556': 1, '65557': 1, '65560': 1, '65566': 1, '65568': 1, '65570': 1, '65581': 1, '65582': 1, '65584': 1, '65586': 1, '65588': 1, '65590': 1, '65592': 1, '65594': 1, '65596': 1, '65598': 1, '65600': 1, '65602': 1, '65604': 1, '65606': 1, '65608': 1, '65610': 1, '65613': 1, '65615': 17, '65617': 17, '65619': 17, '65622': 17, '65624': 1, '65628': 16, '65630': 16, '65632': 16, '65634': 16, '65636': 16, '65638': 16, '65640': 16, '65642': 16, '65644': 16, '65646': 16, '65648': 16, '65651': 16, '65653': 16, '65655': 16, '65657': 16, '65659': 16, '65661': 16, '65663': 16, '65665': 16, '65667': 16, '65668': 16, '65670': 16, '65672': 16, '65674': 16, '65676': 16, '65678': 16, '65680': 16, '65682': 16, '65683': 16, '65685': 16, '65687': 16, '65689': 16, '65691': 16, '65693': 16, '65695': 16, '65697': 16, '65699': 16, '65701': 16, '65703': 16, '65705': 16, '65707': 16, '65709': 16, '65711': 16, '65713': 16, '65715': 16, '65717': 16, '65719': 16, '65721': 16, '65723': 16, '65725': 16, '65727': 16, '65728': 16, '65731': 16, '65733': 16, '65735': 16, '65737': 16, '65739': 16, '65743': 1, '65745': 1, '65746': 1, '65747': 1, '65748': 1, '65751': 1, '65752': 1, '65753': 1}",1017,4,optimized,22,382,32,11,492,489,45,4,"{'65610': 1, '65735': 16}",17
,,,"[1245180,0]",byte_sum,35,vbcc,true,34,,,2,"[0,1,2,3,4,5]",6,,[],,,,,3,2,0,"{'65536': 1, '65538': 1, '65540': 1, '65542': 1, '65543': 1, '65545': 1, '65546': 1, '65568': 1, '65570': 1}",9,0,optimized,0,0,0,0,5,0,0,0,,
,,,"[1245180,1]",byte_sum,35,vbcc,true,69,,,9,"[0,1,2,3,4,5]",10,,[],,,,,3,2,0,"{'65536': 1, '65538': 1, '65540': 1, '65542': 1, '65543': 1, '65545': 1, '65546': 1, '65548': 1, '65550': 1, '65553': 1, '65555': 1, '65559': 1, '65560': 1, '65562': 1, '65564': 1, '65565': 1, '65566': 1, '65568': 1, '65570': 1}",19,0,optimized,0,1,0,0,5,0,0,1,,
,,,"[1245180,4]",byte_sum,35,vbcc,true,186,,,32,"[0,1,2,3,4,5]",24,,[],,,,,3,2,0,"{'65536': 1, '65538': 1, '65540': 1, '65542': 1, '65543': 1, '65545': 1, '65546': 1, '65548': 4, '65550': 4, '65553': 4, '65555': 4, '65557': 1, '65559': 4, '65560': 4, '65562': 4, '65564': 4, '65565': 4, '65566': 4, '65568': 1, '65570': 1}",50,0,optimized,0,256,0,0,5,0,0,2,,
,,,"[1245180,8]",byte_sum,35,vbcc,true,334,,,60,"[0,1,2,3,4,5]",40,,[],,,,,3,2,0,"{'65536': 1, '65538': 1, '65540': 1, '65542': 1, '65543': 1, '65545': 1, '65546': 1, '65548': 8, '65550': 8, '65553': 8, '65555': 8, '65557': 1, '65559': 8, '65560': 8, '65562': 8, '65564': 8, '65565': 8, '65566': 8, '65568': 1, '65570': 1}",90,0,optimized,0,282,0,0,5,0,0,3,,
,,,"[1245180,16]",byte_sum,35,vbcc,true,630,,,116,"[0,1,2,3,4,5]",72,,[],,,,,3,2,1,"{'65536': 1, '65538': 1, '65540': 1, '65542': 1, '65543': 1, '65545': 1, '65546': 1, '65548': 16, '65550': 16, '65553': 16, '65555': 16, '65557': 1, '65559': 16, '65560': 16, '65562': 16, '65564': 16, '65565': 16, '65566': 16, '65568': 1, '65570': 1}",170,0,optimized,0,382,0,0,5,0,0,4,,
0,{},0,[1245182],record_field,80,actionc,true,111,{},0,3,"[0,1,2]",4,0,[],{},0,{},0,3,3,0,"{'65536': 1, '65537': 1, '65538': 1, '65540': 1, '65542': 1, '65556': 1, '65557': 1, '65560': 1, '65566': 1, '65568': 1, '65570': 1, '65581': 1, '65582': 1, '65584': 1, '65586': 1, '65588': 1, '65590': 1, '65592': 1, '65594': 1, '65596': 1, '65598': 1, '65601': 1, '65603': 1, '65605': 1, '65607': 1, '65608': 1, '65609': 1, '65610': 1, '65613': 1, '65614': 1, '65615': 1}",31,4,raw,8,0,32,11,13,6,45,0,{},0
0,{},0,[1245182],record_field,80,actionc,true,111,{},0,3,"[0,1,2]",4,0,[],{},0,{},0,3,3,0,"{'65536': 1, '65537': 1, '65538': 1, '65540': 1, '65542': 1, '65556': 1, '65557': 1, '65560': 1, '65566': 1, '65568': 1, '65570': 1, '65581': 1, '65582': 1, '65584': 1, '65586': 1, '65588': 1, '65590': 1, '65592': 1, '65594': 1, '65596': 1, '65598': 1, '65601': 1, '65603': 1, '65605': 1, '65607': 1, '65608': 1, '65609': 1, '65610': 1, '65613': 1, '65614': 1, '65615': 1}",31,4,raw,8,13,32,11,13,6,45,1,{},0
0,{},0,[1245182],record_field,80,actionc,true,111,{},0,3,"[0,1,2]",4,0,[],{},0,{},0,3,3,0,"{'65536': 1, '65537': 1, '65538': 1, '65540': 1, '65542': 1, '65556': 1, '65557': 1, '65560': 1, '65566': 1, '65568': 1, '65570': 1, '65581': 1, '65582': 1, '65584': 1, '65586': 1, '65588': 1, '65590': 1, '65592': 1, '65594': 1, '65596': 1, '65598': 1, '65601': 1, '65603': 1, '65605': 1, '65607': 1, '65608': 1, '65609': 1, '65610': 1, '65613': 1, '65614': 1, '65615': 1}",31,4,raw,8,65535,32,11,13,6,45,2,{},0
,,,[1245182],record_field,25,vbcc,true,68,,,3,"[0,1,2,3,62,63]",6,,[],,,,,3,0,0,"{'65536': 1, '65537': 1, '65538': 1, '65540': 1, '65542': 1, '65543': 1, '65545': 1, '65547': 1, '65549': 1, '65551': 1, '65553': 1, '65556': 1, '65558': 1, '65559': 1, '65560': 1}",15,0,raw,4,0,0,0,11,8,0,0,,
,,,[1245182],record_field,25,vbcc,true,68,,,3,"[0,1,2,3,62,63]",6,,[],,,,,3,0,0,"{'65536': 1, '65537': 1, '65538': 1, '65540': 1, '65542': 1, '65543': 1, '65545': 1, '65547': 1, '65549': 1, '65551': 1, '65553': 1, '65556': 1, '65558': 1, '65559': 1, '65560': 1}",15,0,raw,4,13,0,0,11,8,0,1,,
,,,[1245182],record_field,25,vbcc,true,68,,,3,"[0,1,2,3,62,63]",6,,[],,,,,3,0,0,"{'65536': 1, '65537': 1, '65538': 1, '65540': 1, '65542': 1, '65543': 1, '65545': 1, '65547': 1, '65549': 1, '65551': 1, '65553': 1, '65556': 1, '65558': 1, '65559': 1, '65560': 1}",15,0,raw,4,65535,0,0,11,8,0,2,,
0,{},0,[1245182],record_field,80,actionc,true,111,{},0,3,"[0,1,2]",4,0,[],{},0,{},0,3,3,0,"{'65536': 1, '65537': 1, '65538': 1, '65540': 1, '65542': 1, '65556': 1, '65557': 1, '65560': 1, '65566': 1, '65568': 1, '65570': 1, '65581': 1, '65582': 1, '65584': 1, '65586': 1, '65588': 1, '65590': 1, '65592': 1, '65594': 1, '65596': 1, '65598': 1, '65601': 1, '65603': 1, '65605': 1, '65607': 1, '65608': 1, '65609': 1, '65610': 1, '65613': 1, '65614': 1, '65615': 1}",31,4,optimized,8,0,32,11,13,6,45,0,{},0
0,{},0,[1245182],record_field,80,actionc,true,111,{},0,3,"[0,1,2]",4,0,[],{},0,{},0,3,3,0,"{'65536': 1, '65537': 1, '65538': 1, '65540': 1, '65542': 1, '65556': 1, '65557': 1, '65560': 1, '65566': 1, '65568': 1, '65570': 1, '65581': 1, '65582': 1, '65584': 1, '65586': 1, '65588': 1, '65590': 1, '65592': 1, '65594': 1, '65596': 1, '65598': 1, '65601': 1, '65603': 1, '65605': 1, '65607': 1, '65608': 1, '65609': 1, '65610': 1, '65613': 1, '65614': 1, '65615': 1}",31,4,optimized,8,13,32,11,13,6,45,1,{},0
0,{},0,[1245182],record_field,80,actionc,true,111,{},0,3,"[0,1,2]",4,0,[],{},0,{},0,3,3,0,"{'65536': 1, '65537': 1, '65538': 1, '65540': 1, '65542': 1, '65556': 1, '65557': 1, '65560': 1, '65566': 1, '65568': 1, '65570': 1, '65581': 1, '65582': 1, '65584': 1, '65586': 1, '65588': 1, '65590': 1, '65592': 1, '65594': 1, '65596': 1, '65598': 1, '65601': 1, '65603': 1, '65605': 1, '65607': 1, '65608': 1, '65609': 1, '65610': 1, '65613': 1, '65614': 1, '65615': 1}",31,4,optimized,8,65535,32,11,13,6,45,2,{},0
,,,[1245182],record_field,10,vbcc,true,24,,,3,"[4,5,6,7]",4,,[],,,,,3,0,0,"{'65536': 1, '65538': 1, '65540': 1, '65543': 1, '65545': 1}",5,0,optimized,0,0,0,0,3,0,0,0,,
,,,[1245182],record_field,10,vbcc,true,24,,,3,"[4,5,6,7]",4,,[],,,,,3,0,0,"{'65536': 1, '65538': 1, '65540': 1, '65543': 1, '65545': 1}",5,0,optimized,0,13,0,0,3,0,0,1,,
,,,[1245182],record_field,10,vbcc,true,24,,,3,"[4,5,6,7]",4,,[],,,,,3,0,0,"{'65536': 1, '65538': 1, '65540': 1, '65543': 1, '65545': 1}",5,0,optimized,0,65535,0,0,3,0,0,2,,
0,{},0,[1245248],unlink,189,actionc,true,321,{},0,38,"[0,1,2,3,4,5]",30,0,[],{},0,{},0,3,3,0,"{'65536': 1, '65537': 1, '65538': 1, '65540': 1, '65542': 1, '65556': 1, '65557': 1, '65560': 1, '65566': 1, '65568': 1, '65570': 1, '65581': 1, '65582': 1, '65584': 1, '65586': 1, '65588': 1, '65590': 1, '65593': 1, '65595': 1, '65597': 1, '65599': 1, '65602': 1, '65604': 1, '65606': 1, '65608': 1, '65610': 1, '65612': 1, '65614': 1, '65616': 1, '65618': 1, '65620': 1, '65622': 1, '65624': 1, '65627': 1, '65629': 1, '65631': 1, '65633': 1, '65636': 1, '65638': 1, '65640': 1, '65642': 1, '65644': 1, '65646': 1, '65648': 1, '65650': 1, '65652': 1, '65654': 1, '65656': 1, '65658': 1, '65660': 1, '65662': 1, '65664': 1, '65666': 1, '65668': 1, '65671': 1, '65673': 1, '65675': 1, '65677': 1, '65680': 1, '65682': 1, '65684': 1, '65686': 1, '65688': 1, '65690': 1, '65692': 1, '65694': 1, '65696': 1, '65698': 1, '65700': 1, '65702': 1, '65705': 1, '65707': 1, '65709': 1, '65711': 1, '65714': 1, '65716': 1, '65718': 1, '65719': 1, '65720': 1, '65723': 1, '65724': 1}",81,4,raw,6,,32,11,27,8,45,0,{},0
,,,[1245248],unlink,121,vbcc,true,251,,,26,"[0,1,2,3,56,57,62,63,76,77,78,79]",20,,[],,,,,3,0,0,"{'65536': 1, '65538': 1, '65539': 1, '65540': 1, '65543': 1, '65544': 1, '65546': 1, '65548': 1, '65550': 1, '65551': 1, '65553': 1, '65554': 1, '65556': 1, '65559': 1, '65561': 1, '65563': 1, '65566': 1, '65568': 1, '65570': 1, '65572': 1, '65574': 1, '65577': 1, '65579': 1, '65581': 1, '65583': 1, '65585': 1, '65587': 1, '65589': 1, '65591': 1, '65593': 1, '65595': 1, '65597': 1, '65599': 1, '65601': 1, '65603': 1, '65605': 1, '65607': 1, '65609': 1, '65611': 1, '65613': 1, '65615': 1, '65617': 1, '65619': 1, '65621': 1, '65622': 1, '65624': 1, '65626': 1, '65629': 1, '65631': 1, '65633': 1, '65636': 1, '65638': 1, '65640': 1, '65642': 1, '65644': 1, '65646': 1, '65648': 1, '65650': 1, '65651': 1, '65652': 1, '65655': 1, '65656': 1}",62,0,raw,10,,0,0,25,10,0,0,,
0,{},0,[1245248],unlink,127,actionc,true,186,{},0,30,"[0,1,2,3,4,5,6,7,8]",10,0,[],{},0,{},0,3,3,0,"{'65536': 1, '65537': 1, '65538': 1, '65540': 1, '65542': 1, '65556': 1, '65557': 1, '65560': 1, '65566': 1, '65568': 1, '65570': 1, '65581': 1, '65582': 1, '65584': 1, '65586': 1, '65588': 1, '65590': 1, '65593': 1, '65595': 1, '65597': 1, '65599': 1, '65602': 1, '65604': 1, '65606': 1, '65608': 1, '65611': 1, '65613': 1, '65615': 1, '65617': 1, '65620': 1, '65622': 1, '65624': 1, '65626': 1, '65628': 1, '65631': 1, '65633': 1, '65635': 1, '65637': 1, '65640': 1, '65642': 1, '65644': 1, '65646': 1, '65649': 1, '65651': 1, '65653': 1, '65655': 1, '65658': 1, '65660': 1, '65662': 1}",49,4,optimized,0,,32,11,7,0,45,0,{},0
,,,[1245248],unlink,77,vbcc,false,163,,,37,"[0,1,2,3,4,5,6,7,8,9,10,11,62,63,76,77,78,79]",22,,"[""memory $12ffff: expected $00, got $fc; last store PC $010030""]",,,,,3,0,1,"{'65536': 1, '65538': 1, '65540': 1, '65541': 1, '65543': 1, '65546': 1, '65548': 1, '65550': 1, '65553': 1, '65555': 1, '65557': 1, '65559': 1, '65561': 1, '65563': 1, '65565': 1, '65567': 1, '65570': 1, '65572': 1, '65574': 1, '65576': 1, '65577': 1, '65579': 1, '65581': 1, '65583': 1, '65584': 1, '65586': 1, '65588': 1, '65589': 1, '65592': 1, '65594': 1, '65595': 1, '65598': 1, '65600': 1, '65602': 1, '65604': 1, '65606': 1, '65608': 1, '65610': 1, '65612': 1}",39,0,optimized,0,,0,0,3,0,0,0,,
0,{},0,"[1245184,1245176,8]",forward_copy,297,actionc,true,3207,{},0,96,"[0,1,2,16]",112,0,[],"{'65814': 8, '65820': 8}",16,{'65642': 9},9,3,9,0,"{'65536': 1, '65537': 1, '65538': 1, '65540': 1, '65542': 1, '65556': 1, '65557': 1, '65560': 1, '65566': 1, '65568': 1, '65570': 1, '65581': 1, '65582': 1, '65584': 1, '65586': 1, '65588': 1, '65590': 1, '65592': 1, '65594': 1, '65596': 1, '65598': 1, '65600': 1, '65602': 1, '65604': 1, '65606': 1, '65608': 1, '65610': 1, '65612': 1, '65614': 1, '65616': 1, '65618': 1, '65620': 1, '65622': 1, '65624': 1, '65626': 9, '65628': 9, '65630': 9, '65632': 9, '65634': 9, '65636': 9, '65638': 9, '65640': 9, '65642': 9, '65644': 9, '65646': 9, '65648': 1, '65652': 8, '65654': 8, '65656': 8, '65658': 8, '65660': 8, '65662': 8, '65664': 8, '65666': 8, '65668': 8, '65670': 8, '65672': 8, '65674': 8, '65676': 8, '65678': 8, '65680': 8, '65683': 8, '65685': 8, '65687': 8, '65689': 8, '65691': 8, '65693': 8, '65695': 8, '65697': 8, '65699': 8, '65701': 8, '65704': 8, '65706': 8, '65708': 8, '65710': 8, '65712': 8, '65714': 8, '65716': 8, '65718': 8, '65719': 8, '65721': 8, '65723': 8, '65725': 8, '65727': 8, '65729': 8, '65731': 8, '65733': 8, '65735': 8, '65737': 8, '65739': 8, '65741': 8, '65743': 8, '65745': 8, '65747': 8, '65749': 8, '65751': 8, '65753': 8, '65755': 8, '65757': 8, '65759': 8, '65761': 8, '65763': 8, '65765': 8, '65767': 8, '65769': 8, '65770': 8, '65772': 8, '65774': 8, '65776': 8, '65778': 8, '65780': 8, '65782': 8, '65784': 8, '65786': 8, '65788': 8, '65790': 8, '65792': 8, '65794': 8, '65796': 8, '65798': 8, '65800': 8, '65802': 8, '65804': 8, '65806': 8, '65808': 8, '65810': 8, '65812': 8, '65814': 8, '65815': 8, '65818': 8, '65820': 8, '65822': 8, '65826': 1, '65827': 1, '65828': 1, '65831': 1, '65832': 1}",827,4,raw,18,,32,11,393,340,45,0,{},0
0,{},0,"[1245180,1245176,8]",forward_copy,297,actionc,true,3207,{},0,96,"[0,1,2,16]",112,0,[],"{'65814': 8, '65820': 8}",16,{'65642': 9},9,3,9,0,"{'65536': 1, '65537': 1, '65538': 1, '65540': 1, '65542': 1, '65556': 1, '65557': 1, '65560': 1, '65566': 1, '65568': 1, '65570': 1, '65581': 1, '65582': 1, '65584': 1, '65586': 1, '65588': 1, '65590': 1, '65592': 1, '65594': 1, '65596': 1, '65598': 1, '65600': 1, '65602': 1, '65604': 1, '65606': 1, '65608': 1, '65610': 1, '65612': 1, '65614': 1, '65616': 1, '65618': 1, '65620': 1, '65622': 1, '65624': 1, '65626': 9, '65628': 9, '65630': 9, '65632': 9, '65634': 9, '65636': 9, '65638': 9, '65640': 9, '65642': 9, '65644': 9, '65646': 9, '65648': 1, '65652': 8, '65654': 8, '65656': 8, '65658': 8, '65660': 8, '65662': 8, '65664': 8, '65666': 8, '65668': 8, '65670': 8, '65672': 8, '65674': 8, '65676': 8, '65678': 8, '65680': 8, '65683': 8, '65685': 8, '65687': 8, '65689': 8, '65691': 8, '65693': 8, '65695': 8, '65697': 8, '65699': 8, '65701': 8, '65704': 8, '65706': 8, '65708': 8, '65710': 8, '65712': 8, '65714': 8, '65716': 8, '65718': 8, '65719': 8, '65721': 8, '65723': 8, '65725': 8, '65727': 8, '65729': 8, '65731': 8, '65733': 8, '65735': 8, '65737': 8, '65739': 8, '65741': 8, '65743': 8, '65745': 8, '65747': 8, '65749': 8, '65751': 8, '65753': 8, '65755': 8, '65757': 8, '65759': 8, '65761': 8, '65763': 8, '65765': 8, '65767': 8, '65769': 8, '65770': 8, '65772': 8, '65774': 8, '65776': 8, '65778': 8, '65780': 8, '65782': 8, '65784': 8, '65786': 8, '65788': 8, '65790': 8, '65792': 8, '65794': 8, '65796': 8, '65798': 8, '65800': 8, '65802': 8, '65804': 8, '65806': 8, '65808': 8, '65810': 8, '65812': 8, '65814': 8, '65815': 8, '65818': 8, '65820': 8, '65822': 8, '65826': 1, '65827': 1, '65828': 1, '65831': 1, '65832': 1}",827,4,raw,18,,32,11,393,340,45,1,{},0
0,{},0,"[1245176,1245180,8]",forward_copy,297,actionc,true,3207,{},0,96,"[0,1,2,16]",112,0,[],"{'65814': 8, '65820': 8}",16,{'65642': 9},9,3,9,0,"{'65536': 1, '65537': 1, '65538': 1, '65540': 1, '65542': 1, '65556': 1, '65557': 1, '65560': 1, '65566': 1, '65568': 1, '65570': 1, '65581': 1, '65582': 1, '65584': 1, '65586': 1, '65588': 1, '65590': 1, '65592': 1, '65594': 1, '65596': 1, '65598': 1, '65600': 1, '65602': 1, '65604': 1, '65606': 1, '65608': 1, '65610': 1, '65612': 1, '65614': 1, '65616': 1, '65618': 1, '65620': 1, '65622': 1, '65624': 1, '65626': 9, '65628': 9, '65630': 9, '65632': 9, '65634': 9, '65636': 9, '65638': 9, '65640': 9, '65642': 9, '65644': 9, '65646': 9, '65648': 1, '65652': 8, '65654': 8, '65656': 8, '65658': 8, '65660': 8, '65662': 8, '65664': 8, '65666': 8, '65668': 8, '65670': 8, '65672': 8, '65674': 8, '65676': 8, '65678': 8, '65680': 8, '65683': 8, '65685': 8, '65687': 8, '65689': 8, '65691': 8, '65693': 8, '65695': 8, '65697': 8, '65699': 8, '65701': 8, '65704': 8, '65706': 8, '65708': 8, '65710': 8, '65712': 8, '65714': 8, '65716': 8, '65718': 8, '65719': 8, '65721': 8, '65723': 8, '65725': 8, '65727': 8, '65729': 8, '65731': 8, '65733': 8, '65735': 8, '65737': 8, '65739': 8, '65741': 8, '65743': 8, '65745': 8, '65747': 8, '65749': 8, '65751': 8, '65753': 8, '65755': 8, '65757': 8, '65759': 8, '65761': 8, '65763': 8, '65765': 8, '65767': 8, '65769': 8, '65770': 8, '65772': 8, '65774': 8, '65776': 8, '65778': 8, '65780': 8, '65782': 8, '65784': 8, '65786': 8, '65788': 8, '65790': 8, '65792': 8, '65794': 8, '65796': 8, '65798': 8, '65800': 8, '65802': 8, '65804': 8, '65806': 8, '65808': 8, '65810': 8, '65812': 8, '65814': 8, '65815': 8, '65818': 8, '65820': 8, '65822': 8, '65826': 1, '65827': 1, '65828': 1, '65831': 1, '65832': 1}",827,4,raw,18,,32,11,393,340,45,2,{},0
0,{},0,"[1245176,1245176,0]",forward_copy,297,actionc,true,175,{},0,0,[],0,0,[],{},0,{'65642': 1},1,3,9,0,"{'65536': 1, '65537': 1, '65538': 1, '65540': 1, '65542': 1, '65556': 1, '65557': 1, '65560': 1, '65566': 1, '65568': 1, '65570': 1, '65581': 1, '65582': 1, '65584': 1, '65586': 1, '65588': 1, '65590': 1, '65592': 1, '65594': 1, '65596': 1, '65598': 1, '65600': 1, '65602': 1, '65604': 1, '65606': 1, '65608': 1, '65610': 1, '65612': 1, '65614': 1, '65616': 1, '65618': 1, '65620': 1, '65622': 1, '65624': 1, '65626': 1, '65628': 1, '65630': 1, '65632': 1, '65634': 1, '65636': 1, '65638': 1, '65640': 1, '65642': 1, '65644': 1, '65646': 1, '65648': 1, '65826': 1, '65827': 1, '65828': 1, '65831': 1, '65832': 1}",51,4,raw,18,,32,11,17,12,45,3,{},0
,,,"[1245184,1245176,8]",forward_copy,79,vbcc,true,1090,,,48,"[0,1,2,3,4,5,6,7,62,63]",66,,[],,,,,3,6,0,"{'65536': 1, '65537': 1, '65538': 1, '65540': 1, '65542': 1, '65543': 1, '65545': 1, '65547': 8, '65549': 8, '65551': 8, '65553': 8, '65555': 8, '65556': 8, '65558': 8, '65561': 8, '65563': 8, '65565': 8, '65567': 8, '65569': 8, '65571': 8, '65573': 8, '65575': 8, '65577': 8, '65579': 8, '65581': 8, '65582': 8, '65584': 8, '65587': 8, '65589': 8, '65591': 8, '65593': 8, '65595': 8, '65597': 8, '65599': 8, '65601': 8, '65603': 8, '65605': 8, '65606': 8, '65608': 9, '65610': 9, '65612': 1, '65613': 1, '65614': 1}",276,0,raw,4,,0,0,153,72,0,0,,
,,,"[1245180,1245176,8]",forward_copy,79,vbcc,true,1090,,,48,"[0,1,2,3,4,5,6,7,62,63]",66,,[],,,,,3,6,0,"{'65536': 1, '65537': 1, '65538': 1, '65540': 1, '65542': 1, '65543': 1, '65545': 1, '65547': 8, '65549': 8, '65551': 8, '65553': 8, '65555': 8, '65556': 8, '65558': 8, '65561': 8, '65563': 8, '65565': 8, '65567': 8, '65569': 8, '65571': 8, '65573': 8, '65575': 8, '65577': 8, '65579': 8, '65581': 8, '65582': 8, '65584': 8, '65587': 8, '65589': 8, '65591': 8, '65593': 8, '65595': 8, '65597': 8, '65599': 8, '65601': 8, '65603': 8, '65605': 8, '65606': 8, '65608': 9, '65610': 9, '65612': 1, '65613': 1, '65614': 1}",276,0,raw,4,,0,0,153,72,0,1,,
,,,"[1245176,1245180,8]",forward_copy,79,vbcc,true,1090,,,48,"[0,1,2,3,4,5,6,7,62,63]",66,,[],,,,,3,6,0,"{'65536': 1, '65537': 1, '65538': 1, '65540': 1, '65542': 1, '65543': 1, '65545': 1, '65547': 8, '65549': 8, '65551': 8, '65553': 8, '65555': 8, '65556': 8, '65558': 8, '65561': 8, '65563': 8, '65565': 8, '65567': 8, '65569': 8, '65571': 8, '65573': 8, '65575': 8, '65577': 8, '65579': 8, '65581': 8, '65582': 8, '65584': 8, '65587': 8, '65589': 8, '65591': 8, '65593': 8, '65595': 8, '65597': 8, '65599': 8, '65601': 8, '65603': 8, '65605': 8, '65606': 8, '65608': 9, '65610': 9, '65612': 1, '65613': 1, '65614': 1}",276,0,raw,4,,0,0,153,72,0,2,,
,,,"[1245176,1245176,0]",forward_copy,79,vbcc,true,50,,,0,"[62,63]",2,,[],,,,,3,6,0,"{'65536': 1, '65537': 1, '65538': 1, '65540': 1, '65542': 1, '65543': 1, '65545': 1, '65608': 1, '65610': 1, '65612': 1, '65613': 1, '65614': 1}",12,0,raw,4,,0,0,9,8,0,3,,
0,{},0,"[1245184,1245176,8]",forward_copy,284,actionc,true,2982,{},0,96,"[0,1,2,16]",112,0,[],"{'65630': 9, '65801': 8, '65807': 8}",25,{'65630': 9},9,3,9,0,"{'65536': 1, '65537': 1, '65538': 1, '65540': 1, '65542': 1, '65556': 1, '65557': 1, '65560': 1, '65566': 1, '65568': 1, '65570': 1, '65581': 1, '65582': 1, '65584': 1, '65586': 1, '65588': 1, '65590': 1, '65592': 1, '65594': 1, '65596': 1, '65598': 1, '65600': 1, '65602': 1, '65604': 1, '65606': 1, '65608': 1, '65610': 1, '65612': 1, '65614': 1, '65616': 1, '65618': 1, '65620': 1, '65622': 1, '65624': 1, '65626': 9, '65628': 9, '65630': 9, '65633': 9, '65635': 1, '65639': 8, '65641': 8, '65643': 8, '65645': 8, '65647': 8, '65649': 8, '65651': 8, '65653': 8, '65655': 8, '65657': 8, '65659': 8, '65661': 8, '65663': 8, '65665': 8, '65667': 8, '65670': 8, '65672': 8, '65674': 8, '65676': 8, '65678': 8, '65680': 8, '65682': 8, '65684': 8, '65686': 8, '65688': 8, '65691': 8, '65693': 8, '65695': 8, '65697': 8, '65699': 8, '65701': 8, '65703': 8, '65705': 8, '65706': 8, '65708': 8, '65710': 8, '65712': 8, '65714': 8, '65716': 8, '65718': 8, '65720': 8, '65722': 8, '65724': 8, '65726': 8, '65728': 8, '65730': 8, '65732': 8, '65734': 8, '65736': 8, '65738': 8, '65740': 8, '65742': 8, '65744': 8, '65746': 8, '65748': 8, '65750': 8, '65752': 8, '65754': 8, '65756': 8, '65757': 8, '65759': 8, '65761': 8, '65763': 8, '65765': 8, '65767': 8, '65769': 8, '65771': 8, '65773': 8, '65775': 8, '65777': 8, '65779': 8, '65781': 8, '65783': 8, '65785': 8, '65787': 8, '65789': 8, '65791': 8, '65793': 8, '65795': 8, '65797': 8, '65799': 8, '65801': 8, '65802': 8, '65805': 8, '65807': 8, '65809': 8, '65813': 1, '65814': 1, '65815': 1, '65818': 1, '65819': 1}",764,4,optimized,18,,32,11,357,322,45,0,{},0
0,{},0,"[1245180,1245176,8]",forward_copy,284,actionc,true,2982,{},0,96,"[0,1,2,16]",112,0,[],"{'65630': 9, '65801': 8, '65807': 8}",25,{'65630': 9},9,3,9,0,"{'65536': 1, '65537': 1, '65538': 1, '65540': 1, '65542': 1, '65556': 1, '65557': 1, '65560': 1, '65566': 1, '65568': 1, '65570': 1, '65581': 1, '65582': 1, '65584': 1, '65586': 1, '65588': 1, '65590': 1, '65592': 1, '65594': 1, '65596': 1, '65598': 1, '65600': 1, '65602': 1, '65604': 1, '65606': 1, '65608': 1, '65610': 1, '65612': 1, '65614': 1, '65616': 1, '65618': 1, '65620': 1, '65622': 1, '65624': 1, '65626': 9, '65628': 9, '65630': 9, '65633': 9, '65635': 1, '65639': 8, '65641': 8, '65643': 8, '65645': 8, '65647': 8, '65649': 8, '65651': 8, '65653': 8, '65655': 8, '65657': 8, '65659': 8, '65661': 8, '65663': 8, '65665': 8, '65667': 8, '65670': 8, '65672': 8, '65674': 8, '65676': 8, '65678': 8, '65680': 8, '65682': 8, '65684': 8, '65686': 8, '65688': 8, '65691': 8, '65693': 8, '65695': 8, '65697': 8, '65699': 8, '65701': 8, '65703': 8, '65705': 8, '65706': 8, '65708': 8, '65710': 8, '65712': 8, '65714': 8, '65716': 8, '65718': 8, '65720': 8, '65722': 8, '65724': 8, '65726': 8, '65728': 8, '65730': 8, '65732': 8, '65734': 8, '65736': 8, '65738': 8, '65740': 8, '65742': 8, '65744': 8, '65746': 8, '65748': 8, '65750': 8, '65752': 8, '65754': 8, '65756': 8, '65757': 8, '65759': 8, '65761': 8, '65763': 8, '65765': 8, '65767': 8, '65769': 8, '65771': 8, '65773': 8, '65775': 8, '65777': 8, '65779': 8, '65781': 8, '65783': 8, '65785': 8, '65787': 8, '65789': 8, '65791': 8, '65793': 8, '65795': 8, '65797': 8, '65799': 8, '65801': 8, '65802': 8, '65805': 8, '65807': 8, '65809': 8, '65813': 1, '65814': 1, '65815': 1, '65818': 1, '65819': 1}",764,4,optimized,18,,32,11,357,322,45,1,{},0
0,{},0,"[1245176,1245180,8]",forward_copy,284,actionc,true,2982,{},0,96,"[0,1,2,16]",112,0,[],"{'65630': 9, '65801': 8, '65807': 8}",25,{'65630': 9},9,3,9,0,"{'65536': 1, '65537': 1, '65538': 1, '65540': 1, '65542': 1, '65556': 1, '65557': 1, '65560': 1, '65566': 1, '65568': 1, '65570': 1, '65581': 1, '65582': 1, '65584': 1, '65586': 1, '65588': 1, '65590': 1, '65592': 1, '65594': 1, '65596': 1, '65598': 1, '65600': 1, '65602': 1, '65604': 1, '65606': 1, '65608': 1, '65610': 1, '65612': 1, '65614': 1, '65616': 1, '65618': 1, '65620': 1, '65622': 1, '65624': 1, '65626': 9, '65628': 9, '65630': 9, '65633': 9, '65635': 1, '65639': 8, '65641': 8, '65643': 8, '65645': 8, '65647': 8, '65649': 8, '65651': 8, '65653': 8, '65655': 8, '65657': 8, '65659': 8, '65661': 8, '65663': 8, '65665': 8, '65667': 8, '65670': 8, '65672': 8, '65674': 8, '65676': 8, '65678': 8, '65680': 8, '65682': 8, '65684': 8, '65686': 8, '65688': 8, '65691': 8, '65693': 8, '65695': 8, '65697': 8, '65699': 8, '65701': 8, '65703': 8, '65705': 8, '65706': 8, '65708': 8, '65710': 8, '65712': 8, '65714': 8, '65716': 8, '65718': 8, '65720': 8, '65722': 8, '65724': 8, '65726': 8, '65728': 8, '65730': 8, '65732': 8, '65734': 8, '65736': 8, '65738': 8, '65740': 8, '65742': 8, '65744': 8, '65746': 8, '65748': 8, '65750': 8, '65752': 8, '65754': 8, '65756': 8, '65757': 8, '65759': 8, '65761': 8, '65763': 8, '65765': 8, '65767': 8, '65769': 8, '65771': 8, '65773': 8, '65775': 8, '65777': 8, '65779': 8, '65781': 8, '65783': 8, '65785': 8, '65787': 8, '65789': 8, '65791': 8, '65793': 8, '65795': 8, '65797': 8, '65799': 8, '65801': 8, '65802': 8, '65805': 8, '65807': 8, '65809': 8, '65813': 1, '65814': 1, '65815': 1, '65818': 1, '65819': 1}",764,4,optimized,18,,32,11,357,322,45,2,{},0
0,{},0,"[1245176,1245176,0]",forward_copy,284,actionc,true,150,{},0,0,[],0,0,[],{'65630': 1},1,{'65630': 1},1,3,9,0,"{'65536': 1, '65537': 1, '65538': 1, '65540': 1, '65542': 1, '65556': 1, '65557': 1, '65560': 1, '65566': 1, '65568': 1, '65570': 1, '65581': 1, '65582': 1, '65584': 1, '65586': 1, '65588': 1, '65590': 1, '65592': 1, '65594': 1, '65596': 1, '65598': 1, '65600': 1, '65602': 1, '65604': 1, '65606': 1, '65608': 1, '65610': 1, '65612': 1, '65614': 1, '65616': 1, '65618': 1, '65620': 1, '65622': 1, '65624': 1, '65626': 1, '65628': 1, '65630': 1, '65633': 1, '65635': 1, '65813': 1, '65814': 1, '65815': 1, '65818': 1, '65819': 1}",44,4,optimized,18,,32,11,13,10,45,3,{},0
,,,"[1245184,1245176,8]",forward_copy,42,vbcc,true,406,,,82,"[0,1,2,3,4,5,6,7]",42,,[],,,,,3,6,0,"{'65536': 1, '65538': 1, '65540': 1, '65542': 1, '65544': 1, '65546': 1, '65548': 1, '65550': 1, '65551': 1, '65553': 8, '65555': 8, '65557': 8, '65559': 8, '65561': 8, '65563': 8, '65565': 1, '65567': 8, '65569': 8, '65573': 8, '65574': 8, '65575': 8, '65577': 1}",99,0,optimized,0,,0,0,9,0,0,0,,
,,,"[1245180,1245176,8]",forward_copy,42,vbcc,true,412,,,84,"[0,1,2,3,4,5,6,7]",44,,[],,,,,3,6,0,"{'65536': 1, '65538': 1, '65540': 1, '65542': 1, '65544': 1, '65546': 1, '65548': 1, '65550': 1, '65551': 1, '65553': 8, '65555': 8, '65557': 8, '65559': 8, '65561': 8, '65563': 8, '65565': 1, '65567': 8, '65569': 8, '65571': 1, '65573': 8, '65574': 8, '65575': 8, '65577': 1}",100,0,optimized,0,,0,0,9,0,0,1,,
,,,"[1245176,1245180,8]",forward_copy,42,vbcc,true,412,,,84,"[0,1,2,3,4,5,6,7]",44,,[],,,,,3,6,0,"{'65536': 1, '65538': 1, '65540': 1, '65542': 1, '65544': 1, '65546': 1, '65548': 1, '65550': 1, '65551': 1, '65553': 8, '65555': 8, '65557': 8, '65559': 8, '65561': 8, '65563': 8, '65565': 1, '65567': 8, '65569': 8, '65571': 1, '65573': 8, '65574': 8, '65575': 8, '65577': 1}",100,0,optimized,0,,0,0,9,0,0,2,,
,,,"[1245176,1245176,0]",forward_copy,42,vbcc,true,42,,,0,"[0,1,2,3,4,5,6,7]",8,,[],,,,,3,6,0,"{'65536': 1, '65538': 1, '65540': 1, '65542': 1, '65544': 1, '65546': 1, '65548': 1, '65550': 1, '65551': 1, '65577': 1}",10,0,optimized,0,,0,0,9,0,0,3,,
