mode,routine,kind,before_offset,after_offset,before_size,after_size,saved
raw,M_EXECMEMORY_VALIDBANK_E9E0A79B,bra,8,8,4,2,2
raw,M_EXECMEMORY_VALIDBANK_E9E0A79B,bra,52,50,4,2,2
raw,M_EXECMEMORY_VALIDOWNER_462B929A,bra,8,8,4,2,2
raw,M_EXECMEMORY_VALIDOWNER_462B929A,bra,52,50,4,2,2
raw,M_EXECMEMORY_VALIDOWNER_462B929A,bra,58,54,4,2,2
raw,M_EXECMEMORY_VALIDOWNER_462B929A,bra,84,78,4,2,2
raw,M_EXECMEMORY_ADOPT_494D3B99,bra,8,8,4,2,2
raw,M_EXECMEMORY_ADOPT_494D3B99,bra,126,124,4,2,2
raw,M_EXECMEMORY_ADOPT_494D3B99,bra,132,128,4,2,2
raw,M_EXECMEMORY_ADOPT_494D3B99,bra,152,146,4,2,2
raw,M_EXECMEMORY_ADOPT_494D3B99,bra,194,186,4,2,2
raw,M_EXECMEMORY_ADOPT_494D3B99,bra,200,190,4,2,2
raw,M_EXECMEMORY_ADOPT_494D3B99,bra,228,216,4,2,2
raw,M_EXECMEMORY_ADOPT_494D3B99,bra,264,250,4,2,2
raw,M_EXECMEMORY_ADOPT_494D3B99,bra,270,254,4,2,2
raw,M_EXECMEMORY_ADOPT_494D3B99,bra,298,280,4,2,2
raw,M_EXECMEMORY_ADOPT_494D3B99,brl,354,334,4,3,1
raw,M_EXECMEMORY_ADOPT_494D3B99,bra,530,509,4,2,2
raw,M_EXECMEMORY_ADOPT_494D3B99,brl,560,537,4,3,1
raw,M_EXECMEMORY_ADOPT_494D3B99,brl,597,573,4,3,1
raw,M_EXECMEMORY_ADOPT_494D3B99,bra,761,736,4,2,2
raw,M_EXECMEMORY_ADOPT_494D3B99,brl,791,764,4,3,1
raw,M_EXECMEMORY_ADOPT_494D3B99,bra,885,857,4,2,2
raw,M_EXECMEMORY_ADOPT_494D3B99,bra,891,861,4,2,2
raw,M_EXECMEMORY_ADOPT_494D3B99,bra,997,965,4,2,2
raw,M_EXECMEMORY_QUERY_D2E34F9F,bra,8,8,4,2,2
raw,M_EXECMEMORY_QUERY_D2E34F9F,bra,54,52,4,2,2
raw,M_EXECMEMORY_QUERY_D2E34F9F,bra,84,80,4,2,2
raw,M_EXECMEMORY_QUERY_D2E34F9F,bra,155,149,4,2,2
raw,M_EXECMEMORY_RESERVEEXACT_88D3D2C8,bra,8,8,4,2,2
raw,M_EXECMEMORY_RESERVEEXACT_88D3D2C8,bra,54,52,4,2,2
raw,M_EXECMEMORY_RESERVEEXACT_88D3D2C8,bra,84,80,4,2,2
raw,M_EXECMEMORY_RESERVEEXACT_88D3D2C8,bra,155,149,4,2,2
raw,M_EXECMEMORY_RESERVEEXACT_88D3D2C8,bra,185,177,4,2,2
raw,M_EXECMEMORY_RESERVEEXACT_88D3D2C8,bra,256,246,4,2,2
raw,M_EXECMEMORY_RESERVEEXACT_88D3D2C8,bra,364,352,4,2,2
raw,M_EXECMEMORY_RESERVEEXACT_88D3D2C8,bra,472,458,4,2,2
raw,M_EXECMEMORY_RESERVEEXACT_88D3D2C8,bra,580,564,4,2,2
raw,M_EXECMEMORY_ACQUIRE_EAA019EB,bra,8,8,4,2,2
raw,M_EXECMEMORY_ACQUIRE_EAA019EB,bra,54,52,4,2,2
raw,M_EXECMEMORY_ACQUIRE_EAA019EB,bra,84,80,4,2,2
raw,M_EXECMEMORY_ACQUIRE_EAA019EB,bra,155,149,4,2,2
raw,M_EXECMEMORY_ACQUIRE_EAA019EB,brl,211,203,4,3,1
raw,M_EXECMEMORY_ACQUIRE_EAA019EB,brl,307,298,4,3,1
raw,M_EXECMEMORY_ACQUIRE_EAA019EB,brl,620,610,4,3,1
raw,M_EXECMEMORY_RELEASE_A6E307FC,bra,8,8,4,2,2
raw,M_EXECMEMORY_RELEASE_A6E307FC,bra,54,52,4,2,2
raw,M_EXECMEMORY_RELEASE_A6E307FC,bra,84,80,4,2,2
raw,M_EXECMEMORY_RELEASE_A6E307FC,bra,155,149,4,2,2
raw,M_EXECMEMORY_RELEASE_A6E307FC,bra,185,177,4,2,2
raw,M_EXECMEMORY_RELEASE_A6E307FC,bra,256,246,4,2,2
raw,M_EXECMEMORY_RELEASE_A6E307FC,bra,364,352,4,2,2
raw,M_EXECMEMORY_RELEASE_A6E307FC,bra,472,458,4,2,2
raw,M_EXECMEMORY_RELEASE_A6E307FC,bra,580,564,4,2,2
raw,M_EXECMEMORY_RELEASE_A6E307FC,bra,692,674,4,2,2
raw,M_EXECMEMORY_INIT_F4EA07E3,bra,8,8,4,2,2
raw,M_EXECMEMORY_INIT_F4EA07E3,bra,38,36,4,2,2
raw,M_EXECLISTS_NEWLIST_B3502541,bra,8,8,4,2,2
raw,M_EXECLISTS_NEWMINLIST_A2695943,bra,8,8,4,2,2
raw,M_EXECLISTS_NEWMINLIST_A2695943,bra,62,60,4,2,2
raw,M_EXECLISTS_ISLISTEMPTY_6EEB0796,conditional,135,133,6,2,4
raw,M_EXECLISTS_ISLISTEMPTY_6EEB0796,conditional,149,143,6,2,4
raw,M_EXECLISTS_ISLISTEMPTY_6EEB0796,bra,8,8,4,2,2
raw,M_EXECLISTS_ISLISTEMPTY_6EEB0796,bra,159,149,4,2,2
raw,M_EXECLISTS_ISMINLISTEMPTY_6D517164,bra,8,8,4,2,2
raw,M_EXECLISTS_ISMINLISTEMPTY_6D517164,bra,62,60,4,2,2
raw,M_EXECLISTS_ADDHEAD_3AE3E6E4,bra,8,8,4,2,2
raw,M_EXECLISTS_ADDTAIL_A1C0F364,bra,8,8,4,2,2
raw,M_EXECLISTS_INSERT_468B11BA,conditional,40,38,6,2,4
raw,M_EXECLISTS_INSERT_468B11BA,conditional,126,116,6,2,4
raw,M_EXECLISTS_INSERT_468B11BA,conditional,331,313,6,2,4
raw,M_EXECLISTS_INSERT_468B11BA,bra,8,8,4,2,2
raw,M_EXECLISTS_INSERT_468B11BA,bra,56,50,4,2,2
raw,M_EXECLISTS_INSERT_468B11BA,bra,62,54,4,2,2
raw,M_EXECLISTS_INSERT_468B11BA,bra,144,130,4,2,2
raw,M_EXECLISTS_INSERT_468B11BA,bra,174,158,4,2,2
raw,M_EXECLISTS_INSERT_468B11BA,bra,349,327,4,2,2
raw,M_EXECLISTS_INSERT_468B11BA,bra,379,355,4,2,2
raw,M_EXECLISTS_REMOVE_2E26C2C1,bra,8,8,4,2,2
raw,M_EXECLISTS_REMHEAD_F8063CE7,conditional,108,106,6,2,4
raw,M_EXECLISTS_REMHEAD_F8063CE7,bra,8,8,4,2,2
raw,M_EXECLISTS_REMHEAD_F8063CE7,bra,124,118,4,2,2
raw,M_EXECLISTS_REMHEAD_F8063CE7,bra,185,177,4,2,2
raw,M_EXECLISTS_REMTAIL_292EAA27,conditional,108,106,6,2,4
raw,M_EXECLISTS_REMTAIL_292EAA27,bra,8,8,4,2,2
raw,M_EXECLISTS_REMTAIL_292EAA27,bra,124,118,4,2,2
raw,M_EXECLISTS_REMTAIL_292EAA27,bra,185,177,4,2,2
raw,M_EXECLISTS_ENQUEUE_763E1E61,bra,8,8,4,2,2
raw,M_EXECLISTS_ENQUEUE_763E1E61,brl,118,116,4,3,1
raw,M_EXECLISTS_ENQUEUE_763E1E61,brl,204,201,4,3,1
raw,M_EXECLISTS_ENQUEUE_763E1E61,bra,268,264,4,2,2
raw,M_EXECLISTS_ENQUEUE_763E1E61,brl,398,392,4,3,1
raw,M_EXECLISTS_ENQUEUE_763E1E61,bra,426,419,4,2,2
raw,M_EXECLISTS_FINDNAME_2659CDBB,bra,8,8,4,2,2
raw,M_EXECLISTS_FINDNAME_2659CDBB,brl,118,116,4,3,1
raw,M_EXECLISTS_FINDNAME_2659CDBB,brl,202,199,4,3,1
raw,M_EXECLISTS_FINDNAME_2659CDBB,brl,268,264,4,3,1
raw,M_EXECLISTS_FINDNAME_2659CDBB,bra,307,302,4,2,2
raw,M_EXECLISTS_FINDNAME_2659CDBB,brl,530,523,4,3,1
raw,M_EXECLISTS_FINDNAME_2659CDBB,brl,576,568,4,3,1
raw,M_HEAPCORE_ROUNDED_9D79FA03,conditional,58,56,6,2,4
raw,M_HEAPCORE_ROUNDED_9D79FA03,conditional,116,106,6,2,4
raw,M_HEAPCORE_ROUNDED_9D79FA03,conditional,122,108,6,2,4
raw,M_HEAPCORE_ROUNDED_9D79FA03,conditional,136,118,6,2,4
raw,M_HEAPCORE_ROUNDED_9D79FA03,conditional,142,120,6,2,4
raw,M_HEAPCORE_ROUNDED_9D79FA03,conditional,156,130,6,2,4
raw,M_HEAPCORE_ROUNDED_9D79FA03,conditional,162,132,6,2,4
raw,M_HEAPCORE_ROUNDED_9D79FA03,conditional,176,142,6,2,4
raw,M_HEAPCORE_ROUNDED_9D79FA03,conditional,182,144,6,2,4
raw,M_HEAPCORE_ROUNDED_9D79FA03,bra,8,8,4,2,2
raw,M_HEAPCORE_ROUNDED_9D79FA03,bra,72,66,4,2,2
raw,M_HEAPCORE_ROUNDED_9D79FA03,bra,78,70,4,2,2
raw,M_HEAPCORE_ROUNDED_9D79FA03,bra,188,146,4,2,2
raw,M_HEAPCORE_ROUNDED_9D79FA03,bra,194,150,4,2,2
raw,M_HEAPCORE_ROUNDED_9D79FA03,bra,200,154,4,2,2
raw,M_HEAPCORE_ROUNDED_9D79FA03,bra,206,158,4,2,2
raw,M_HEAPCORE_ROUNDED_9D79FA03,bra,222,172,4,2,2
raw,M_HEAPCORE_BOUNDS_2387CB05,conditional,40,38,6,2,4
raw,M_HEAPCORE_BOUNDS_2387CB05,conditional,237,227,6,2,4
raw,M_HEAPCORE_BOUNDS_2387CB05,conditional,243,229,6,2,4
raw,M_HEAPCORE_BOUNDS_2387CB05,conditional,257,239,6,2,4
raw,M_HEAPCORE_BOUNDS_2387CB05,conditional,263,241,6,2,4
raw,M_HEAPCORE_BOUNDS_2387CB05,conditional,277,251,6,2,4
raw,M_HEAPCORE_BOUNDS_2387CB05,conditional,283,253,6,2,4
raw,M_HEAPCORE_BOUNDS_2387CB05,conditional,297,263,6,2,4
raw,M_HEAPCORE_BOUNDS_2387CB05,conditional,303,265,6,2,4
raw,M_HEAPCORE_BOUNDS_2387CB05,conditional,507,453,6,2,4
raw,M_HEAPCORE_BOUNDS_2387CB05,conditional,579,518,6,2,4
raw,M_HEAPCORE_BOUNDS_2387CB05,conditional,585,520,6,2,4
raw,M_HEAPCORE_BOUNDS_2387CB05,conditional,599,530,6,2,4
raw,M_HEAPCORE_BOUNDS_2387CB05,conditional,605,532,6,2,4
raw,M_HEAPCORE_BOUNDS_2387CB05,conditional,619,542,6,2,4
raw,M_HEAPCORE_BOUNDS_2387CB05,conditional,625,544,6,2,4
raw,M_HEAPCORE_BOUNDS_2387CB05,conditional,639,554,6,2,4
raw,M_HEAPCORE_BOUNDS_2387CB05,conditional,645,556,6,2,4
raw,M_HEAPCORE_BOUNDS_2387CB05,conditional,751,646,6,2,4
raw,M_HEAPCORE_BOUNDS_2387CB05,conditional,757,648,6,2,4
raw,M_HEAPCORE_BOUNDS_2387CB05,conditional,771,658,6,2,4
raw,M_HEAPCORE_BOUNDS_2387CB05,conditional,777,660,6,2,4
raw,M_HEAPCORE_BOUNDS_2387CB05,conditional,791,670,6,2,4
raw,M_HEAPCORE_BOUNDS_2387CB05,conditional,797,672,6,2,4
raw,M_HEAPCORE_BOUNDS_2387CB05,conditional,811,682,6,2,4
raw,M_HEAPCORE_BOUNDS_2387CB05,conditional,817,684,6,2,4
raw,M_HEAPCORE_BOUNDS_2387CB05,conditional,1340,1187,6,2,4
raw,M_HEAPCORE_BOUNDS_2387CB05,conditional,1346,1189,6,2,4
raw,M_HEAPCORE_BOUNDS_2387CB05,conditional,1360,1199,6,2,4
raw,M_HEAPCORE_BOUNDS_2387CB05,conditional,1366,1201,6,2,4
raw,M_HEAPCORE_BOUNDS_2387CB05,conditional,1380,1211,6,2,4
raw,M_HEAPCORE_BOUNDS_2387CB05,conditional,1386,1213,6,2,4
raw,M_HEAPCORE_BOUNDS_2387CB05,conditional,1400,1223,6,2,4
raw,M_HEAPCORE_BOUNDS_2387CB05,conditional,1406,1225,6,2,4
raw,M_HEAPCORE_BOUNDS_2387CB05,bra,8,8,4,2,2
raw,M_HEAPCORE_BOUNDS_2387CB05,bra,56,50,4,2,2
raw,M_HEAPCORE_BOUNDS_2387CB05,bra,70,62,4,2,2
raw,M_HEAPCORE_BOUNDS_2387CB05,bra,309,267,4,2,2
raw,M_HEAPCORE_BOUNDS_2387CB05,bra,315,271,4,2,2
raw,M_HEAPCORE_BOUNDS_2387CB05,bra,321,275,4,2,2
raw,M_HEAPCORE_BOUNDS_2387CB05,bra,327,279,4,2,2
raw,M_HEAPCORE_BOUNDS_2387CB05,bra,343,293,4,2,2
raw,M_HEAPCORE_BOUNDS_2387CB05,bra,357,305,4,2,2
raw,M_HEAPCORE_BOUNDS_2387CB05,bra,521,463,4,2,2
raw,M_HEAPCORE_BOUNDS_2387CB05,brl,527,467,4,3,1
raw,M_HEAPCORE_BOUNDS_2387CB05,bra,651,558,4,2,2
raw,M_HEAPCORE_BOUNDS_2387CB05,bra,657,562,4,2,2
raw,M_HEAPCORE_BOUNDS_2387CB05,bra,663,566,4,2,2
raw,M_HEAPCORE_BOUNDS_2387CB05,bra,669,570,4,2,2
raw,M_HEAPCORE_BOUNDS_2387CB05,bra,685,584,4,2,2
raw,M_HEAPCORE_BOUNDS_2387CB05,bra,691,588,4,2,2
raw,M_HEAPCORE_BOUNDS_2387CB05,bra,823,686,4,2,2
raw,M_HEAPCORE_BOUNDS_2387CB05,bra,829,690,4,2,2
raw,M_HEAPCORE_BOUNDS_2387CB05,bra,835,694,4,2,2
raw,M_HEAPCORE_BOUNDS_2387CB05,bra,841,698,4,2,2
raw,M_HEAPCORE_BOUNDS_2387CB05,bra,857,712,4,2,2
raw,M_HEAPCORE_BOUNDS_2387CB05,bra,871,724,4,2,2
raw,M_HEAPCORE_BOUNDS_2387CB05,bra,1155,1006,4,2,2
raw,M_HEAPCORE_BOUNDS_2387CB05,bra,1169,1018,4,2,2
raw,M_HEAPCORE_BOUNDS_2387CB05,bra,1412,1227,4,2,2
raw,M_HEAPCORE_BOUNDS_2387CB05,bra,1418,1231,4,2,2
raw,M_HEAPCORE_BOUNDS_2387CB05,bra,1424,1235,4,2,2
raw,M_HEAPCORE_BOUNDS_2387CB05,bra,1430,1239,4,2,2
raw,M_HEAPCORE_BOUNDS_2387CB05,bra,1446,1253,4,2,2
raw,M_HEAPCORE_BOUNDS_2387CB05,bra,1460,1265,4,2,2
raw,M_HEAPCORE_CHUNKADDRESS_A551D41B,conditional,154,152,6,2,4
raw,M_HEAPCORE_CHUNKADDRESS_A551D41B,conditional,160,154,6,2,4
raw,M_HEAPCORE_CHUNKADDRESS_A551D41B,conditional,174,164,6,2,4
raw,M_HEAPCORE_CHUNKADDRESS_A551D41B,conditional,180,166,6,2,4
raw,M_HEAPCORE_CHUNKADDRESS_A551D41B,conditional,194,176,6,2,4
raw,M_HEAPCORE_CHUNKADDRESS_A551D41B,conditional,200,178,6,2,4
raw,M_HEAPCORE_CHUNKADDRESS_A551D41B,conditional,214,188,6,2,4
raw,M_HEAPCORE_CHUNKADDRESS_A551D41B,conditional,220,190,6,2,4
raw,M_HEAPCORE_CHUNKADDRESS_A551D41B,conditional,427,381,6,2,4
raw,M_HEAPCORE_CHUNKADDRESS_A551D41B,conditional,433,383,6,2,4
raw,M_HEAPCORE_CHUNKADDRESS_A551D41B,conditional,447,393,6,2,4
raw,M_HEAPCORE_CHUNKADDRESS_A551D41B,conditional,453,395,6,2,4
raw,M_HEAPCORE_CHUNKADDRESS_A551D41B,conditional,467,405,6,2,4
raw,M_HEAPCORE_CHUNKADDRESS_A551D41B,conditional,473,407,6,2,4
raw,M_HEAPCORE_CHUNKADDRESS_A551D41B,conditional,487,417,6,2,4
raw,M_HEAPCORE_CHUNKADDRESS_A551D41B,conditional,493,419,6,2,4
raw,M_HEAPCORE_CHUNKADDRESS_A551D41B,bra,8,8,4,2,2
raw,M_HEAPCORE_CHUNKADDRESS_A551D41B,bra,226,192,4,2,2
raw,M_HEAPCORE_CHUNKADDRESS_A551D41B,bra,232,196,4,2,2
raw,M_HEAPCORE_CHUNKADDRESS_A551D41B,bra,238,200,4,2,2
raw,M_HEAPCORE_CHUNKADDRESS_A551D41B,bra,244,204,4,2,2
raw,M_HEAPCORE_CHUNKADDRESS_A551D41B,bra,260,218,4,2,2
raw,M_HEAPCORE_CHUNKADDRESS_A551D41B,bra,274,230,4,2,2
raw,M_HEAPCORE_CHUNKADDRESS_A551D41B,bra,499,421,4,2,2
raw,M_HEAPCORE_CHUNKADDRESS_A551D41B,bra,505,425,4,2,2
raw,M_HEAPCORE_CHUNKADDRESS_A551D41B,bra,511,429,4,2,2
raw,M_HEAPCORE_CHUNKADDRESS_A551D41B,bra,517,433,4,2,2
raw,M_HEAPCORE_CHUNKADDRESS_A551D41B,bra,533,447,4,2,2
raw,M_HEAPCORE_CHUNKADDRESS_A551D41B,bra,539,451,4,2,2
raw,M_HEAPCORE_CHUNKADDRESS_A551D41B,bra,631,541,4,2,2
raw,M_HEAPCORE_CHUNKADDRESS_A551D41B,bra,645,553,4,2,2
raw,M_HEAPCORE_NEXTADDRESS_E32592FF,conditional,146,143,6,2,4
raw,M_HEAPCORE_NEXTADDRESS_E32592FF,conditional,152,145,6,2,4
raw,M_HEAPCORE_NEXTADDRESS_E32592FF,conditional,166,155,6,2,4
raw,M_HEAPCORE_NEXTADDRESS_E32592FF,conditional,172,157,6,2,4
raw,M_HEAPCORE_NEXTADDRESS_E32592FF,conditional,186,167,6,2,4
raw,M_HEAPCORE_NEXTADDRESS_E32592FF,conditional,192,169,6,2,4
raw,M_HEAPCORE_NEXTADDRESS_E32592FF,conditional,206,179,6,2,4
raw,M_HEAPCORE_NEXTADDRESS_E32592FF,conditional,212,181,6,2,4
raw,M_HEAPCORE_NEXTADDRESS_E32592FF,conditional,363,317,6,2,4
raw,M_HEAPCORE_NEXTADDRESS_E32592FF,conditional,369,319,6,2,4
raw,M_HEAPCORE_NEXTADDRESS_E32592FF,conditional,383,329,6,2,4
raw,M_HEAPCORE_NEXTADDRESS_E32592FF,conditional,389,331,6,2,4
raw,M_HEAPCORE_NEXTADDRESS_E32592FF,conditional,403,341,6,2,4
raw,M_HEAPCORE_NEXTADDRESS_E32592FF,conditional,409,343,6,2,4
raw,M_HEAPCORE_NEXTADDRESS_E32592FF,conditional,423,353,6,2,4
raw,M_HEAPCORE_NEXTADDRESS_E32592FF,conditional,429,355,6,2,4
raw,M_HEAPCORE_NEXTADDRESS_E32592FF,bra,8,8,4,2,2
raw,M_HEAPCORE_NEXTADDRESS_E32592FF,brl,114,112,4,3,1
raw,M_HEAPCORE_NEXTADDRESS_E32592FF,bra,218,183,4,2,2
raw,M_HEAPCORE_NEXTADDRESS_E32592FF,bra,224,187,4,2,2
raw,M_HEAPCORE_NEXTADDRESS_E32592FF,bra,230,191,4,2,2
raw,M_HEAPCORE_NEXTADDRESS_E32592FF,bra,236,195,4,2,2
raw,M_HEAPCORE_NEXTADDRESS_E32592FF,bra,252,209,4,2,2
raw,M_HEAPCORE_NEXTADDRESS_E32592FF,brl,258,213,4,3,1
raw,M_HEAPCORE_NEXTADDRESS_E32592FF,bra,435,357,4,2,2
raw,M_HEAPCORE_NEXTADDRESS_E32592FF,bra,441,361,4,2,2
raw,M_HEAPCORE_NEXTADDRESS_E32592FF,bra,447,365,4,2,2
raw,M_HEAPCORE_NEXTADDRESS_E32592FF,bra,453,369,4,2,2
raw,M_HEAPCORE_NEXTADDRESS_E32592FF,bra,469,383,4,2,2
raw,M_HEAPCORE_NEXTADDRESS_E32592FF,bra,475,387,4,2,2
raw,M_HEAPCORE_NEXTADDRESS_E32592FF,bra,567,477,4,2,2
raw,M_HEAPCORE_NEXTADDRESS_E32592FF,bra,581,489,4,2,2
raw,M_HEAPCORE_CHUNKEND_0E0C27CE,conditional,223,219,6,2,4
raw,M_HEAPCORE_CHUNKEND_0E0C27CE,conditional,542,526,6,2,4
raw,M_HEAPCORE_CHUNKEND_0E0C27CE,conditional,548,528,6,2,4
raw,M_HEAPCORE_CHUNKEND_0E0C27CE,conditional,562,538,6,2,4
raw,M_HEAPCORE_CHUNKEND_0E0C27CE,conditional,568,540,6,2,4
raw,M_HEAPCORE_CHUNKEND_0E0C27CE,conditional,582,550,6,2,4
raw,M_HEAPCORE_CHUNKEND_0E0C27CE,conditional,588,552,6,2,4
raw,M_HEAPCORE_CHUNKEND_0E0C27CE,conditional,602,562,6,2,4
raw,M_HEAPCORE_CHUNKEND_0E0C27CE,conditional,608,564,6,2,4
raw,M_HEAPCORE_CHUNKEND_0E0C27CE,bra,8,8,4,2,2
raw,M_HEAPCORE_CHUNKEND_0E0C27CE,bra,54,52,4,2,2
raw,M_HEAPCORE_CHUNKEND_0E0C27CE,bra,237,229,4,2,2
raw,M_HEAPCORE_CHUNKEND_0E0C27CE,bra,243,233,4,2,2
raw,M_HEAPCORE_CHUNKEND_0E0C27CE,bra,357,345,4,2,2
raw,M_HEAPCORE_CHUNKEND_0E0C27CE,bra,371,357,4,2,2
raw,M_HEAPCORE_CHUNKEND_0E0C27CE,bra,614,566,4,2,2
raw,M_HEAPCORE_CHUNKEND_0E0C27CE,bra,620,570,4,2,2
raw,M_HEAPCORE_CHUNKEND_0E0C27CE,bra,626,574,4,2,2
raw,M_HEAPCORE_CHUNKEND_0E0C27CE,bra,632,578,4,2,2
raw,M_HEAPCORE_CHUNKEND_0E0C27CE,bra,648,592,4,2,2
raw,M_HEAPCORE_CHUNKEND_0E0C27CE,bra,662,604,4,2,2
raw,M_HEAPCORE_CHUNKEND_0E0C27CE,bra,863,803,4,2,2
raw,M_HEAPCORE_VALIDATE_B397AD34,bra,8,8,4,2,2
raw,M_HEAPCORE_VALIDATE_B397AD34,bra,46,44,4,2,2
raw,M_HEAPCORE_VALIDATE_B397AD34,brl,189,185,4,3,1
raw,M_HEAPCORE_VALIDATE_B397AD34,bra,219,214,4,2,2
raw,M_HEAPCORE_VALIDATE_B397AD34,brl,436,429,4,3,1
raw,M_HEAPCORE_VALIDATE_B397AD34,bra,490,482,4,2,2
raw,M_HEAPCORE_VALIDATE_B397AD34,bra,504,494,4,2,2
raw,M_HEAPCORE_LINK_9B47F952,conditional,40,38,6,2,4
raw,M_HEAPCORE_LINK_9B47F952,bra,8,8,4,2,2
raw,M_HEAPCORE_LINK_9B47F952,bra,56,50,4,2,2
raw,M_HEAPCORE_LINK_9B47F952,bra,104,96,4,2,2
raw,M_HEAPCORE_WRITECHUNK_D768FC26,bra,8,8,4,2,2
raw,M_HEAPCORE_SPLIT_B6117102,bra,8,8,4,2,2
raw,M_HEAPCORE_SPLIT_B6117102,brl,450,448,4,3,1
raw,M_HEAPCORE_SPLIT_B6117102,bra,607,604,4,2,2
raw,M_HEAPCORE_SPLIT_B6117102,bra,722,717,4,2,2
raw,M_HEAPCORE_SPLIT_B6117102,bra,808,801,4,2,2
raw,M_HEAPCORE_SPLIT_B6117102,bra,844,835,4,2,2
raw,M_HEAPCORE_CANDIDATE_07CF3557,conditional,239,236,6,2,4
raw,M_HEAPCORE_CANDIDATE_07CF3557,conditional,245,238,6,2,4
raw,M_HEAPCORE_CANDIDATE_07CF3557,conditional,259,248,6,2,4
raw,M_HEAPCORE_CANDIDATE_07CF3557,conditional,265,250,6,2,4
raw,M_HEAPCORE_CANDIDATE_07CF3557,conditional,279,260,6,2,4
raw,M_HEAPCORE_CANDIDATE_07CF3557,conditional,285,262,6,2,4
raw,M_HEAPCORE_CANDIDATE_07CF3557,conditional,299,272,6,2,4
raw,M_HEAPCORE_CANDIDATE_07CF3557,conditional,305,274,6,2,4
raw,M_HEAPCORE_CANDIDATE_07CF3557,bra,8,8,4,2,2
raw,M_HEAPCORE_CANDIDATE_07CF3557,brl,92,90,4,3,1
raw,M_HEAPCORE_CANDIDATE_07CF3557,bra,311,276,4,2,2
raw,M_HEAPCORE_CANDIDATE_07CF3557,bra,317,280,4,2,2
raw,M_HEAPCORE_CANDIDATE_07CF3557,bra,323,284,4,2,2
raw,M_HEAPCORE_CANDIDATE_07CF3557,bra,329,288,4,2,2
raw,M_HEAPCORE_CANDIDATE_07CF3557,brl,345,302,4,3,1
raw,M_HEAPCORE_RESERVE_2192E9C0,conditional,142,138,6,2,4
raw,M_HEAPCORE_RESERVE_2192E9C0,conditional,255,244,6,2,4
raw,M_HEAPCORE_RESERVE_2192E9C0,conditional,261,246,6,2,4
raw,M_HEAPCORE_RESERVE_2192E9C0,conditional,275,256,6,2,4
raw,M_HEAPCORE_RESERVE_2192E9C0,conditional,281,258,6,2,4
raw,M_HEAPCORE_RESERVE_2192E9C0,conditional,295,268,6,2,4
raw,M_HEAPCORE_RESERVE_2192E9C0,conditional,301,270,6,2,4
raw,M_HEAPCORE_RESERVE_2192E9C0,conditional,315,280,6,2,4
raw,M_HEAPCORE_RESERVE_2192E9C0,conditional,321,282,6,2,4
raw,M_HEAPCORE_RESERVE_2192E9C0,conditional,527,472,6,2,4
raw,M_HEAPCORE_RESERVE_2192E9C0,conditional,533,474,6,2,4
raw,M_HEAPCORE_RESERVE_2192E9C0,conditional,547,484,6,2,4
raw,M_HEAPCORE_RESERVE_2192E9C0,conditional,553,486,6,2,4
raw,M_HEAPCORE_RESERVE_2192E9C0,conditional,567,496,6,2,4
raw,M_HEAPCORE_RESERVE_2192E9C0,conditional,573,498,6,2,4
raw,M_HEAPCORE_RESERVE_2192E9C0,conditional,587,508,6,2,4
raw,M_HEAPCORE_RESERVE_2192E9C0,conditional,593,510,6,2,4
raw,M_HEAPCORE_RESERVE_2192E9C0,conditional,1031,931,6,2,4
raw,M_HEAPCORE_RESERVE_2192E9C0,conditional,1037,933,6,2,4
raw,M_HEAPCORE_RESERVE_2192E9C0,conditional,1051,943,6,2,4
raw,M_HEAPCORE_RESERVE_2192E9C0,conditional,1057,945,6,2,4
raw,M_HEAPCORE_RESERVE_2192E9C0,conditional,1071,955,6,2,4
raw,M_HEAPCORE_RESERVE_2192E9C0,conditional,1077,957,6,2,4
raw,M_HEAPCORE_RESERVE_2192E9C0,conditional,1091,967,6,2,4
raw,M_HEAPCORE_RESERVE_2192E9C0,conditional,1097,969,6,2,4
raw,M_HEAPCORE_RESERVE_2192E9C0,conditional,1218,1077,6,2,4
raw,M_HEAPCORE_RESERVE_2192E9C0,conditional,1224,1079,6,2,4
raw,M_HEAPCORE_RESERVE_2192E9C0,conditional,1238,1089,6,2,4
raw,M_HEAPCORE_RESERVE_2192E9C0,conditional,1244,1091,6,2,4
raw,M_HEAPCORE_RESERVE_2192E9C0,conditional,1258,1101,6,2,4
raw,M_HEAPCORE_RESERVE_2192E9C0,conditional,1264,1103,6,2,4
raw,M_HEAPCORE_RESERVE_2192E9C0,conditional,1278,1113,6,2,4
raw,M_HEAPCORE_RESERVE_2192E9C0,conditional,1284,1115,6,2,4
raw,M_HEAPCORE_RESERVE_2192E9C0,bra,8,8,4,2,2
raw,M_HEAPCORE_RESERVE_2192E9C0,bra,46,44,4,2,2
raw,M_HEAPCORE_RESERVE_2192E9C0,bra,156,148,4,2,2
raw,M_HEAPCORE_RESERVE_2192E9C0,brl,215,205,4,3,1
raw,M_HEAPCORE_RESERVE_2192E9C0,bra,327,284,4,2,2
raw,M_HEAPCORE_RESERVE_2192E9C0,bra,333,288,4,2,2
raw,M_HEAPCORE_RESERVE_2192E9C0,bra,339,292,4,2,2
raw,M_HEAPCORE_RESERVE_2192E9C0,bra,345,296,4,2,2
raw,M_HEAPCORE_RESERVE_2192E9C0,bra,361,310,4,2,2
raw,M_HEAPCORE_RESERVE_2192E9C0,bra,422,369,4,2,2
raw,M_HEAPCORE_RESERVE_2192E9C0,bra,599,512,4,2,2
raw,M_HEAPCORE_RESERVE_2192E9C0,bra,605,516,4,2,2
raw,M_HEAPCORE_RESERVE_2192E9C0,bra,611,520,4,2,2
raw,M_HEAPCORE_RESERVE_2192E9C0,bra,617,524,4,2,2
raw,M_HEAPCORE_RESERVE_2192E9C0,bra,633,538,4,2,2
raw,M_HEAPCORE_RESERVE_2192E9C0,brl,756,659,4,3,1
raw,M_HEAPCORE_RESERVE_2192E9C0,bra,794,696,4,2,2
raw,M_HEAPCORE_RESERVE_2192E9C0,bra,1103,971,4,2,2
raw,M_HEAPCORE_RESERVE_2192E9C0,bra,1109,975,4,2,2
raw,M_HEAPCORE_RESERVE_2192E9C0,bra,1115,979,4,2,2
raw,M_HEAPCORE_RESERVE_2192E9C0,bra,1121,983,4,2,2
raw,M_HEAPCORE_RESERVE_2192E9C0,brl,1137,997,4,3,1
raw,M_HEAPCORE_RESERVE_2192E9C0,bra,1290,1117,4,2,2
raw,M_HEAPCORE_RESERVE_2192E9C0,bra,1296,1121,4,2,2
raw,M_HEAPCORE_RESERVE_2192E9C0,bra,1302,1125,4,2,2
raw,M_HEAPCORE_RESERVE_2192E9C0,bra,1308,1129,4,2,2
raw,M_HEAPCORE_RESERVE_2192E9C0,brl,1324,1143,4,3,1
raw,M_HEAPCORE_RESERVE_2192E9C0,bra,1378,1196,4,2,2
raw,M_HEAPCORE_RESERVE_2192E9C0,brl,1612,1428,4,3,1
raw,M_HEAPCORE_ALLOCATE_E39F1AF5,bra,8,8,4,2,2
raw,M_HEAPCORE_ALLOCATE_E39F1AF5,bra,54,52,4,2,2
raw,M_HEAPCORE_LARGEST_AA9886E8,conditional,604,594,6,2,4
raw,M_HEAPCORE_LARGEST_AA9886E8,conditional,610,596,6,2,4
raw,M_HEAPCORE_LARGEST_AA9886E8,conditional,624,606,6,2,4
raw,M_HEAPCORE_LARGEST_AA9886E8,conditional,630,608,6,2,4
raw,M_HEAPCORE_LARGEST_AA9886E8,conditional,644,618,6,2,4
raw,M_HEAPCORE_LARGEST_AA9886E8,conditional,650,620,6,2,4
raw,M_HEAPCORE_LARGEST_AA9886E8,conditional,664,630,6,2,4
raw,M_HEAPCORE_LARGEST_AA9886E8,conditional,670,632,6,2,4
raw,M_HEAPCORE_LARGEST_AA9886E8,conditional,819,768,6,2,4
raw,M_HEAPCORE_LARGEST_AA9886E8,conditional,825,770,6,2,4
raw,M_HEAPCORE_LARGEST_AA9886E8,conditional,839,780,6,2,4
raw,M_HEAPCORE_LARGEST_AA9886E8,conditional,845,782,6,2,4
raw,M_HEAPCORE_LARGEST_AA9886E8,conditional,859,792,6,2,4
raw,M_HEAPCORE_LARGEST_AA9886E8,conditional,865,794,6,2,4
raw,M_HEAPCORE_LARGEST_AA9886E8,conditional,879,804,6,2,4
raw,M_HEAPCORE_LARGEST_AA9886E8,conditional,885,806,6,2,4
raw,M_HEAPCORE_LARGEST_AA9886E8,conditional,1198,1103,6,2,4
raw,M_HEAPCORE_LARGEST_AA9886E8,conditional,1204,1105,6,2,4
raw,M_HEAPCORE_LARGEST_AA9886E8,conditional,1218,1115,6,2,4
raw,M_HEAPCORE_LARGEST_AA9886E8,conditional,1224,1117,6,2,4
raw,M_HEAPCORE_LARGEST_AA9886E8,conditional,1238,1127,6,2,4
raw,M_HEAPCORE_LARGEST_AA9886E8,conditional,1244,1129,6,2,4
raw,M_HEAPCORE_LARGEST_AA9886E8,conditional,1258,1139,6,2,4
raw,M_HEAPCORE_LARGEST_AA9886E8,conditional,1264,1141,6,2,4
raw,M_HEAPCORE_LARGEST_AA9886E8,conditional,1374,1237,6,2,4
raw,M_HEAPCORE_LARGEST_AA9886E8,conditional,1380,1239,6,2,4
raw,M_HEAPCORE_LARGEST_AA9886E8,conditional,1394,1249,6,2,4
raw,M_HEAPCORE_LARGEST_AA9886E8,conditional,1400,1251,6,2,4
raw,M_HEAPCORE_LARGEST_AA9886E8,conditional,1414,1261,6,2,4
raw,M_HEAPCORE_LARGEST_AA9886E8,conditional,1420,1263,6,2,4
raw,M_HEAPCORE_LARGEST_AA9886E8,conditional,1434,1273,6,2,4
raw,M_HEAPCORE_LARGEST_AA9886E8,conditional,1440,1275,6,2,4
raw,M_HEAPCORE_LARGEST_AA9886E8,conditional,1528,1349,6,2,4
raw,M_HEAPCORE_LARGEST_AA9886E8,conditional,1534,1351,6,2,4
raw,M_HEAPCORE_LARGEST_AA9886E8,conditional,1548,1361,6,2,4
raw,M_HEAPCORE_LARGEST_AA9886E8,conditional,1554,1363,6,2,4
raw,M_HEAPCORE_LARGEST_AA9886E8,conditional,1568,1373,6,2,4
raw,M_HEAPCORE_LARGEST_AA9886E8,conditional,1574,1375,6,2,4
raw,M_HEAPCORE_LARGEST_AA9886E8,conditional,1588,1385,6,2,4
raw,M_HEAPCORE_LARGEST_AA9886E8,conditional,1594,1387,6,2,4
raw,M_HEAPCORE_LARGEST_AA9886E8,bra,8,8,4,2,2
raw,M_HEAPCORE_LARGEST_AA9886E8,bra,46,44,4,2,2
raw,M_HEAPCORE_LARGEST_AA9886E8,brl,213,209,4,3,1
raw,M_HEAPCORE_LARGEST_AA9886E8,bra,243,238,4,2,2
raw,M_HEAPCORE_LARGEST_AA9886E8,brl,448,441,4,3,1
raw,M_HEAPCORE_LARGEST_AA9886E8,bra,490,482,4,2,2
raw,M_HEAPCORE_LARGEST_AA9886E8,bra,676,634,4,2,2
raw,M_HEAPCORE_LARGEST_AA9886E8,bra,682,638,4,2,2
raw,M_HEAPCORE_LARGEST_AA9886E8,bra,688,642,4,2,2
raw,M_HEAPCORE_LARGEST_AA9886E8,bra,694,646,4,2,2
raw,M_HEAPCORE_LARGEST_AA9886E8,brl,710,660,4,3,1
raw,M_HEAPCORE_LARGEST_AA9886E8,bra,891,808,4,2,2
raw,M_HEAPCORE_LARGEST_AA9886E8,bra,897,812,4,2,2
raw,M_HEAPCORE_LARGEST_AA9886E8,bra,903,816,4,2,2
raw,M_HEAPCORE_LARGEST_AA9886E8,bra,909,820,4,2,2
raw,M_HEAPCORE_LARGEST_AA9886E8,bra,925,834,4,2,2
raw,M_HEAPCORE_LARGEST_AA9886E8,bra,959,866,4,2,2
raw,M_HEAPCORE_LARGEST_AA9886E8,bra,1270,1143,4,2,2
raw,M_HEAPCORE_LARGEST_AA9886E8,bra,1276,1147,4,2,2
raw,M_HEAPCORE_LARGEST_AA9886E8,bra,1282,1151,4,2,2
raw,M_HEAPCORE_LARGEST_AA9886E8,bra,1288,1155,4,2,2
raw,M_HEAPCORE_LARGEST_AA9886E8,bra,1304,1169,4,2,2
raw,M_HEAPCORE_LARGEST_AA9886E8,bra,1446,1277,4,2,2
raw,M_HEAPCORE_LARGEST_AA9886E8,bra,1452,1281,4,2,2
raw,M_HEAPCORE_LARGEST_AA9886E8,bra,1458,1285,4,2,2
raw,M_HEAPCORE_LARGEST_AA9886E8,bra,1464,1289,4,2,2
raw,M_HEAPCORE_LARGEST_AA9886E8,bra,1480,1303,4,2,2
raw,M_HEAPCORE_LARGEST_AA9886E8,bra,1600,1389,4,2,2
raw,M_HEAPCORE_LARGEST_AA9886E8,bra,1606,1393,4,2,2
raw,M_HEAPCORE_LARGEST_AA9886E8,bra,1612,1397,4,2,2
raw,M_HEAPCORE_LARGEST_AA9886E8,bra,1618,1401,4,2,2
raw,M_HEAPCORE_LARGEST_AA9886E8,bra,1634,1415,4,2,2
raw,M_HEAPCORE_LARGEST_AA9886E8,brl,1698,1477,4,3,1
raw,M_HEAPCORE_LARGEST_AA9886E8,bra,1752,1530,4,2,2
raw,M_HEAPCORE_LARGEST_AA9886E8,bra,1766,1542,4,2,2
raw,M_HEAPCORE_INSERTFREE_129E41BB,conditional,227,224,6,2,4
raw,M_HEAPCORE_INSERTFREE_129E41BB,conditional,283,274,6,2,4
raw,M_HEAPCORE_INSERTFREE_129E41BB,conditional,874,854,6,2,4
raw,M_HEAPCORE_INSERTFREE_129E41BB,bra,8,8,4,2,2
raw,M_HEAPCORE_INSERTFREE_129E41BB,brl,94,92,4,3,1
raw,M_HEAPCORE_INSERTFREE_129E41BB,bra,241,234,4,2,2
raw,M_HEAPCORE_INSERTFREE_129E41BB,brl,301,288,4,3,1
raw,M_HEAPCORE_INSERTFREE_129E41BB,brl,515,501,4,3,1
raw,M_HEAPCORE_INSERTFREE_129E41BB,bra,604,589,4,2,2
raw,M_HEAPCORE_INSERTFREE_129E41BB,bra,715,698,4,2,2
raw,M_HEAPCORE_INSERTFREE_129E41BB,brl,816,797,4,3,1
raw,M_HEAPCORE_INSERTFREE_129E41BB,brl,888,864,4,3,1
raw,M_HEAPCORE_RETURNRANGE_11C95A83,conditional,106,104,6,2,4
raw,M_HEAPCORE_RETURNRANGE_11C95A83,conditional,112,106,6,2,4
raw,M_HEAPCORE_RETURNRANGE_11C95A83,conditional,126,116,6,2,4
raw,M_HEAPCORE_RETURNRANGE_11C95A83,conditional,132,118,6,2,4
raw,M_HEAPCORE_RETURNRANGE_11C95A83,conditional,146,128,6,2,4
raw,M_HEAPCORE_RETURNRANGE_11C95A83,conditional,152,130,6,2,4
raw,M_HEAPCORE_RETURNRANGE_11C95A83,conditional,166,140,6,2,4
raw,M_HEAPCORE_RETURNRANGE_11C95A83,conditional,172,142,6,2,4
raw,M_HEAPCORE_RETURNRANGE_11C95A83,conditional,270,224,6,2,4
raw,M_HEAPCORE_RETURNRANGE_11C95A83,conditional,276,226,6,2,4
raw,M_HEAPCORE_RETURNRANGE_11C95A83,conditional,290,236,6,2,4
raw,M_HEAPCORE_RETURNRANGE_11C95A83,conditional,296,238,6,2,4
raw,M_HEAPCORE_RETURNRANGE_11C95A83,conditional,310,248,6,2,4
raw,M_HEAPCORE_RETURNRANGE_11C95A83,conditional,316,250,6,2,4
raw,M_HEAPCORE_RETURNRANGE_11C95A83,conditional,330,260,6,2,4
raw,M_HEAPCORE_RETURNRANGE_11C95A83,conditional,336,262,6,2,4
raw,M_HEAPCORE_RETURNRANGE_11C95A83,conditional,717,627,6,2,4
raw,M_HEAPCORE_RETURNRANGE_11C95A83,conditional,723,629,6,2,4
raw,M_HEAPCORE_RETURNRANGE_11C95A83,conditional,737,639,6,2,4
raw,M_HEAPCORE_RETURNRANGE_11C95A83,conditional,743,641,6,2,4
raw,M_HEAPCORE_RETURNRANGE_11C95A83,conditional,757,651,6,2,4
raw,M_HEAPCORE_RETURNRANGE_11C95A83,conditional,763,653,6,2,4
raw,M_HEAPCORE_RETURNRANGE_11C95A83,conditional,777,663,6,2,4
raw,M_HEAPCORE_RETURNRANGE_11C95A83,conditional,783,665,6,2,4
raw,M_HEAPCORE_RETURNRANGE_11C95A83,conditional,1031,896,6,2,4
raw,M_HEAPCORE_RETURNRANGE_11C95A83,conditional,1037,898,6,2,4
raw,M_HEAPCORE_RETURNRANGE_11C95A83,conditional,1051,908,6,2,4
raw,M_HEAPCORE_RETURNRANGE_11C95A83,conditional,1057,910,6,2,4
raw,M_HEAPCORE_RETURNRANGE_11C95A83,conditional,1071,920,6,2,4
raw,M_HEAPCORE_RETURNRANGE_11C95A83,conditional,1077,922,6,2,4
raw,M_HEAPCORE_RETURNRANGE_11C95A83,conditional,1091,932,6,2,4
raw,M_HEAPCORE_RETURNRANGE_11C95A83,conditional,1097,934,6,2,4
raw,M_HEAPCORE_RETURNRANGE_11C95A83,conditional,1368,1187,6,2,4
raw,M_HEAPCORE_RETURNRANGE_11C95A83,conditional,1374,1189,6,2,4
raw,M_HEAPCORE_RETURNRANGE_11C95A83,conditional,1388,1199,6,2,4
raw,M_HEAPCORE_RETURNRANGE_11C95A83,conditional,1394,1201,6,2,4
raw,M_HEAPCORE_RETURNRANGE_11C95A83,conditional,1408,1211,6,2,4
raw,M_HEAPCORE_RETURNRANGE_11C95A83,conditional,1414,1213,6,2,4
raw,M_HEAPCORE_RETURNRANGE_11C95A83,conditional,1428,1223,6,2,4
raw,M_HEAPCORE_RETURNRANGE_11C95A83,conditional,1434,1225,6,2,4
raw,M_HEAPCORE_RETURNRANGE_11C95A83,conditional,1620,1394,6,2,4
raw,M_HEAPCORE_RETURNRANGE_11C95A83,conditional,1626,1396,6,2,4
raw,M_HEAPCORE_RETURNRANGE_11C95A83,conditional,1640,1406,6,2,4
raw,M_HEAPCORE_RETURNRANGE_11C95A83,conditional,1646,1408,6,2,4
raw,M_HEAPCORE_RETURNRANGE_11C95A83,conditional,1660,1418,6,2,4
raw,M_HEAPCORE_RETURNRANGE_11C95A83,conditional,1666,1420,6,2,4
raw,M_HEAPCORE_RETURNRANGE_11C95A83,conditional,1680,1430,6,2,4
raw,M_HEAPCORE_RETURNRANGE_11C95A83,conditional,1686,1432,6,2,4
raw,M_HEAPCORE_RETURNRANGE_11C95A83,bra,8,8,4,2,2
raw,M_HEAPCORE_RETURNRANGE_11C95A83,bra,178,144,4,2,2
raw,M_HEAPCORE_RETURNRANGE_11C95A83,bra,184,148,4,2,2
raw,M_HEAPCORE_RETURNRANGE_11C95A83,bra,190,152,4,2,2
raw,M_HEAPCORE_RETURNRANGE_11C95A83,bra,196,156,4,2,2
raw,M_HEAPCORE_RETURNRANGE_11C95A83,bra,212,170,4,2,2
raw,M_HEAPCORE_RETURNRANGE_11C95A83,bra,218,174,4,2,2
raw,M_HEAPCORE_RETURNRANGE_11C95A83,bra,342,264,4,2,2
raw,M_HEAPCORE_RETURNRANGE_11C95A83,bra,348,268,4,2,2
raw,M_HEAPCORE_RETURNRANGE_11C95A83,bra,354,272,4,2,2
raw,M_HEAPCORE_RETURNRANGE_11C95A83,bra,360,276,4,2,2
raw,M_HEAPCORE_RETURNRANGE_11C95A83,bra,376,290,4,2,2
raw,M_HEAPCORE_RETURNRANGE_11C95A83,bra,390,302,4,2,2
raw,M_HEAPCORE_RETURNRANGE_11C95A83,bra,789,667,4,2,2
raw,M_HEAPCORE_RETURNRANGE_11C95A83,bra,795,671,4,2,2
raw,M_HEAPCORE_RETURNRANGE_11C95A83,bra,801,675,4,2,2
raw,M_HEAPCORE_RETURNRANGE_11C95A83,bra,807,679,4,2,2
raw,M_HEAPCORE_RETURNRANGE_11C95A83,bra,823,693,4,2,2
raw,M_HEAPCORE_RETURNRANGE_11C95A83,bra,837,705,4,2,2
raw,M_HEAPCORE_RETURNRANGE_11C95A83,brl,967,833,4,3,1
raw,M_HEAPCORE_RETURNRANGE_11C95A83,bra,1103,936,4,2,2
raw,M_HEAPCORE_RETURNRANGE_11C95A83,bra,1109,940,4,2,2
raw,M_HEAPCORE_RETURNRANGE_11C95A83,bra,1115,944,4,2,2
raw,M_HEAPCORE_RETURNRANGE_11C95A83,bra,1121,948,4,2,2
raw,M_HEAPCORE_RETURNRANGE_11C95A83,bra,1137,962,4,2,2
raw,M_HEAPCORE_RETURNRANGE_11C95A83,bra,1143,966,4,2,2
raw,M_HEAPCORE_RETURNRANGE_11C95A83,brl,1205,1026,4,3,1
raw,M_HEAPCORE_RETURNRANGE_11C95A83,brl,1229,1049,4,3,1
raw,M_HEAPCORE_RETURNRANGE_11C95A83,bra,1440,1227,4,2,2
raw,M_HEAPCORE_RETURNRANGE_11C95A83,bra,1446,1231,4,2,2
raw,M_HEAPCORE_RETURNRANGE_11C95A83,bra,1452,1235,4,2,2
raw,M_HEAPCORE_RETURNRANGE_11C95A83,bra,1458,1239,4,2,2
raw,M_HEAPCORE_RETURNRANGE_11C95A83,bra,1474,1253,4,2,2
raw,M_HEAPCORE_RETURNRANGE_11C95A83,bra,1488,1265,4,2,2
raw,M_HEAPCORE_RETURNRANGE_11C95A83,brl,1560,1335,4,3,1
raw,M_HEAPCORE_RETURNRANGE_11C95A83,bra,1692,1434,4,2,2
raw,M_HEAPCORE_RETURNRANGE_11C95A83,bra,1698,1438,4,2,2
raw,M_HEAPCORE_RETURNRANGE_11C95A83,bra,1704,1442,4,2,2
raw,M_HEAPCORE_RETURNRANGE_11C95A83,bra,1710,1446,4,2,2
raw,M_HEAPCORE_RETURNRANGE_11C95A83,bra,1726,1460,4,2,2
raw,M_HEAPCORE_RETURNRANGE_11C95A83,bra,1740,1472,4,2,2
raw,M_HEAPCORE_RETURNRANGE_11C95A83,bra,1840,1570,4,2,2
raw,M_HEAPCORE_DEALLOCATE_60F97CF2,conditional,58,56,6,2,4
raw,M_HEAPCORE_DEALLOCATE_60F97CF2,conditional,161,153,6,2,4
raw,M_HEAPCORE_DEALLOCATE_60F97CF2,conditional,272,257,6,2,4
raw,M_HEAPCORE_DEALLOCATE_60F97CF2,conditional,278,259,6,2,4
raw,M_HEAPCORE_DEALLOCATE_60F97CF2,conditional,292,269,6,2,4
raw,M_HEAPCORE_DEALLOCATE_60F97CF2,conditional,298,271,6,2,4
raw,M_HEAPCORE_DEALLOCATE_60F97CF2,conditional,312,281,6,2,4
raw,M_HEAPCORE_DEALLOCATE_60F97CF2,conditional,318,283,6,2,4
raw,M_HEAPCORE_DEALLOCATE_60F97CF2,conditional,332,293,6,2,4
raw,M_HEAPCORE_DEALLOCATE_60F97CF2,conditional,338,295,6,2,4
raw,M_HEAPCORE_DEALLOCATE_60F97CF2,bra,8,8,4,2,2
raw,M_HEAPCORE_DEALLOCATE_60F97CF2,bra,72,66,4,2,2
raw,M_HEAPCORE_DEALLOCATE_60F97CF2,bra,175,163,4,2,2
raw,M_HEAPCORE_DEALLOCATE_60F97CF2,brl,181,167,4,3,1
raw,M_HEAPCORE_DEALLOCATE_60F97CF2,bra,344,297,4,2,2
raw,M_HEAPCORE_DEALLOCATE_60F97CF2,bra,350,301,4,2,2
raw,M_HEAPCORE_DEALLOCATE_60F97CF2,bra,356,305,4,2,2
raw,M_HEAPCORE_DEALLOCATE_60F97CF2,bra,362,309,4,2,2
raw,M_HEAPCORE_DEALLOCATE_60F97CF2,bra,378,323,4,2,2
raw,M_HEAPCORE_DEALLOCATE_60F97CF2,bra,392,335,4,2,2
raw,M_HEAPCORE_DEALLOCATE_60F97CF2,bra,589,530,4,2,2
raw,M_HEAPCORE_DEALLOCATE_60F97CF2,bra,673,612,4,2,2
raw,M_HEAPCORE_DEALLOCATE_60F97CF2,bra,762,699,4,2,2
raw,M_HEAPPOLICY_GETSTATE_9B9EAF7C,bra,8,8,4,2,2
raw,M_HEAPPOLICY_HEADER_A992FDFC,conditional,80,78,6,2,4
raw,M_HEAPPOLICY_HEADER_A992FDFC,conditional,88,82,6,2,4
raw,M_HEAPPOLICY_HEADER_A992FDFC,conditional,109,99,6,2,4
raw,M_HEAPPOLICY_HEADER_A992FDFC,bra,8,8,4,2,2
raw,M_HEAPPOLICY_HEADER_A992FDFC,bra,115,101,4,2,2
raw,M_HEAPPOLICY_SHUTDOWN_9E341637,bra,8,8,4,2,2
raw,M_HEAPPOLICY_SHUTDOWN_9E341637,bra,38,36,4,2,2
raw,M_HEAPPOLICY_SHUTDOWN_9E341637,brl,194,190,4,3,1
raw,M_HEAPPOLICY_SHUTDOWN_9E341637,brl,270,265,4,3,1
raw,M_HEAPPOLICY_SHUTDOWN_9E341637,bra,300,294,4,2,2
raw,M_HEAPPOLICY_SHUTDOWN_9E341637,brl,437,429,4,3,1
raw,M_HEAPPOLICY_SHUTDOWN_9E341637,bra,520,511,4,2,2
raw,M_HEAPPOLICY_RUNS_07A33D25,bra,8,8,4,2,2
raw,M_HEAPPOLICY_RUNS_07A33D25,brl,83,81,4,3,1
raw,M_HEAPPOLICY_RUNS_07A33D25,bra,132,129,4,2,2
raw,M_HEAPPOLICY_RUNS_07A33D25,bra,219,214,4,2,2
raw,M_HEAPPOLICY_RUNS_07A33D25,bra,251,244,4,2,2
raw,M_HEAPPOLICY_RUNS_07A33D25,bra,271,262,4,2,2
raw,M_HEAPPOLICY_RUNS_07A33D25,bra,297,286,4,2,2
raw,M_HEAPPOLICY_RUNS_07A33D25,brl,321,308,4,3,1
raw,M_HEAPPOLICY_REGION_F42DC07D,conditional,377,373,6,2,4
raw,M_HEAPPOLICY_REGION_F42DC07D,conditional,385,377,6,2,4
raw,M_HEAPPOLICY_REGION_F42DC07D,conditional,393,381,6,2,4
raw,M_HEAPPOLICY_REGION_F42DC07D,conditional,403,387,6,2,4
raw,M_HEAPPOLICY_REGION_F42DC07D,conditional,411,391,6,2,4
raw,M_HEAPPOLICY_REGION_F42DC07D,conditional,434,410,6,2,4
raw,M_HEAPPOLICY_REGION_F42DC07D,conditional,582,552,6,2,4
raw,M_HEAPPOLICY_REGION_F42DC07D,conditional,590,556,6,2,4
raw,M_HEAPPOLICY_REGION_F42DC07D,conditional,598,560,6,2,4
raw,M_HEAPPOLICY_REGION_F42DC07D,conditional,608,566,6,2,4
raw,M_HEAPPOLICY_REGION_F42DC07D,conditional,616,570,6,2,4
raw,M_HEAPPOLICY_REGION_F42DC07D,conditional,639,589,6,2,4
raw,M_HEAPPOLICY_REGION_F42DC07D,conditional,768,712,6,2,4
raw,M_HEAPPOLICY_REGION_F42DC07D,conditional,776,716,6,2,4
raw,M_HEAPPOLICY_REGION_F42DC07D,conditional,784,720,6,2,4
raw,M_HEAPPOLICY_REGION_F42DC07D,conditional,794,726,6,2,4
raw,M_HEAPPOLICY_REGION_F42DC07D,conditional,802,730,6,2,4
raw,M_HEAPPOLICY_REGION_F42DC07D,conditional,825,749,6,2,4
raw,M_HEAPPOLICY_REGION_F42DC07D,bra,8,8,4,2,2
raw,M_HEAPPOLICY_REGION_F42DC07D,bra,42,40,4,2,2
raw,M_HEAPPOLICY_REGION_F42DC07D,bra,440,412,4,2,2
raw,M_HEAPPOLICY_REGION_F42DC07D,bra,645,591,4,2,2
raw,M_HEAPPOLICY_REGION_F42DC07D,bra,831,751,4,2,2
raw,M_HEAPPOLICY_START_1455FA91,bra,8,8,4,2,2
raw,M_HEAPPOLICY_START_1455FA91,bra,38,36,4,2,2
raw,M_HEAPPOLICY_START_1455FA91,bra,135,131,4,2,2
raw,M_HEAPPOLICY_START_1455FA91,bra,161,155,4,2,2
raw,M_HEAPPOLICY_START_1455FA91,bra,221,213,4,2,2
raw,M_HEAPPOLICY_START_1455FA91,bra,227,217,4,2,2
raw,M_HEAPPOLICY_START_1455FA91,bra,243,231,4,2,2
raw,M_HEAPPOLICY_START_1455FA91,bra,249,235,4,2,2
raw,M_HEAPPOLICY_START_1455FA91,bra,275,259,4,2,2
raw,M_HEAPPOLICY_START_1455FA91,bra,359,341,4,2,2
raw,M_HEAPPOLICY_START_1455FA91,bra,373,353,4,2,2
raw,M_HEAPPOLICY_START_1455FA91,bra,479,457,4,2,2
raw,M_HEAPPOLICY_START_1455FA91,bra,566,542,4,2,2
raw,M_HEAPPOLICY_START_1455FA91,brl,572,546,4,3,1
raw,M_HEAPPOLICY_START_1455FA91,bra,598,571,4,2,2
raw,M_HEAPPOLICY_START_1455FA91,bra,612,583,4,2,2
raw,M_HEAPPOLICY_START_1455FA91,brl,747,716,4,3,1
raw,M_HEAPPOLICY_START_1455FA91,brl,821,789,4,3,1
raw,M_HEAPPOLICY_START_1455FA91,brl,849,816,4,3,1
raw,M_HEAPPOLICY_START_1455FA91,bra,925,891,4,2,2
raw,M_HEAPPOLICY_START_1455FA91,bra,953,917,4,2,2
raw,M_HEAPPOLICY_START_1455FA91,brl,965,927,4,3,1
raw,M_HEAPPOLICY_START_1455FA91,bra,991,952,4,2,2
raw,M_HEAPPOLICY_START_1455FA91,bra,1017,976,4,2,2
raw,M_HEAPPOLICY_START_1455FA91,bra,1104,1061,4,2,2
raw,M_HEAPPOLICY_START_1455FA91,bra,1130,1085,4,2,2
raw,M_HEAPPOLICY_START_1455FA91,bra,1156,1109,4,2,2
raw,M_HEAPPOLICY_START_1455FA91,brl,1239,1190,4,3,1
raw,M_HEAPPOLICY_START_1455FA91,brl,1271,1221,4,3,1
raw,M_HEAPPOLICY_START_1455FA91,brl,1291,1240,4,3,1
raw,M_HEAPPOLICY_START_1455FA91,bra,1345,1293,4,2,2
raw,M_HEAPPOLICY_START_1455FA91,bra,1429,1375,4,2,2
raw,M_HEAPPOLICY_START_1455FA91,bra,1511,1455,4,2,2
raw,M_HEAPPOLICY_START_1455FA91,bra,1517,1459,4,2,2
raw,M_HEAPPOLICY_START_1455FA91,brl,1533,1473,4,3,1
raw,M_HEAPPOLICY_INIT_69D6AA0D,bra,8,8,4,2,2
raw,M_HEAPPOLICY_INIT_69D6AA0D,bra,38,36,4,2,2
raw,M_HEAPPOLICY_INIT_69D6AA0D,bra,171,167,4,2,2
raw,M_HEAPPOLICY_INIT_69D6AA0D,bra,253,247,4,2,2
raw,M_HEAPPOLICY_INIT_69D6AA0D,bra,301,293,4,2,2
raw,M_HEAPPOLICY_INIT_69D6AA0D,bra,378,368,4,2,2
raw,M_HEAPPOLICY_FLAGSVALID_4BF22F96,conditional,707,698,6,2,4
raw,M_HEAPPOLICY_FLAGSVALID_4BF22F96,bra,8,8,4,2,2
raw,M_HEAPPOLICY_FLAGSVALID_4BF22F96,bra,72,70,4,2,2
raw,M_HEAPPOLICY_FLAGSVALID_4BF22F96,bra,294,290,4,2,2
raw,M_HEAPPOLICY_FLAGSVALID_4BF22F96,brl,400,394,4,3,1
raw,M_HEAPPOLICY_FLAGSVALID_4BF22F96,bra,535,528,4,2,2
raw,M_HEAPPOLICY_FLAGSVALID_4BF22F96,bra,721,708,4,2,2
raw,M_HEAPPOLICY_DESCRIPTOR_8971C45E,conditional,92,90,6,2,4
raw,M_HEAPPOLICY_DESCRIPTOR_8971C45E,conditional,98,92,6,2,4
raw,M_HEAPPOLICY_DESCRIPTOR_8971C45E,conditional,112,102,6,2,4
raw,M_HEAPPOLICY_DESCRIPTOR_8971C45E,conditional,118,104,6,2,4
raw,M_HEAPPOLICY_DESCRIPTOR_8971C45E,conditional,132,114,6,2,4
raw,M_HEAPPOLICY_DESCRIPTOR_8971C45E,conditional,138,116,6,2,4
raw,M_HEAPPOLICY_DESCRIPTOR_8971C45E,conditional,152,126,6,2,4
raw,M_HEAPPOLICY_DESCRIPTOR_8971C45E,conditional,158,128,6,2,4
raw,M_HEAPPOLICY_DESCRIPTOR_8971C45E,conditional,525,476,6,2,4
raw,M_HEAPPOLICY_DESCRIPTOR_8971C45E,conditional,533,480,6,2,4
raw,M_HEAPPOLICY_DESCRIPTOR_8971C45E,conditional,541,484,6,2,4
raw,M_HEAPPOLICY_DESCRIPTOR_8971C45E,conditional,551,490,6,2,4
raw,M_HEAPPOLICY_DESCRIPTOR_8971C45E,conditional,559,494,6,2,4
raw,M_HEAPPOLICY_DESCRIPTOR_8971C45E,conditional,582,513,6,2,4
raw,M_HEAPPOLICY_DESCRIPTOR_8971C45E,conditional,628,553,6,2,4
raw,M_HEAPPOLICY_DESCRIPTOR_8971C45E,conditional,634,555,6,2,4
raw,M_HEAPPOLICY_DESCRIPTOR_8971C45E,conditional,648,565,6,2,4
raw,M_HEAPPOLICY_DESCRIPTOR_8971C45E,conditional,654,567,6,2,4
raw,M_HEAPPOLICY_DESCRIPTOR_8971C45E,conditional,668,577,6,2,4
raw,M_HEAPPOLICY_DESCRIPTOR_8971C45E,conditional,674,579,6,2,4
raw,M_HEAPPOLICY_DESCRIPTOR_8971C45E,conditional,688,589,6,2,4
raw,M_HEAPPOLICY_DESCRIPTOR_8971C45E,conditional,694,591,6,2,4
raw,M_HEAPPOLICY_DESCRIPTOR_8971C45E,bra,8,8,4,2,2
raw,M_HEAPPOLICY_DESCRIPTOR_8971C45E,bra,164,130,4,2,2
raw,M_HEAPPOLICY_DESCRIPTOR_8971C45E,bra,170,134,4,2,2
raw,M_HEAPPOLICY_DESCRIPTOR_8971C45E,bra,176,138,4,2,2
raw,M_HEAPPOLICY_DESCRIPTOR_8971C45E,bra,182,142,4,2,2
raw,M_HEAPPOLICY_DESCRIPTOR_8971C45E,bra,198,156,4,2,2
raw,M_HEAPPOLICY_DESCRIPTOR_8971C45E,bra,212,168,4,2,2
raw,M_HEAPPOLICY_DESCRIPTOR_8971C45E,bra,457,411,4,2,2
raw,M_HEAPPOLICY_DESCRIPTOR_8971C45E,brl,463,415,4,3,1
raw,M_HEAPPOLICY_DESCRIPTOR_8971C45E,bra,588,515,4,2,2
raw,M_HEAPPOLICY_DESCRIPTOR_8971C45E,bra,700,593,4,2,2
raw,M_HEAPPOLICY_DESCRIPTOR_8971C45E,bra,706,597,4,2,2
raw,M_HEAPPOLICY_DESCRIPTOR_8971C45E,bra,712,601,4,2,2
raw,M_HEAPPOLICY_DESCRIPTOR_8971C45E,bra,718,605,4,2,2
raw,M_HEAPPOLICY_DESCRIPTOR_8971C45E,bra,734,619,4,2,2
raw,M_HEAPPOLICY_DESCRIPTOR_8971C45E,bra,748,631,4,2,2
raw,M_HEAPPOLICY_VALIDATEREGIONS_C3A52ACE,bra,8,8,4,2,2
raw,M_HEAPPOLICY_VALIDATEREGIONS_C3A52ACE,bra,38,36,4,2,2
raw,M_HEAPPOLICY_VALIDATEREGIONS_C3A52ACE,bra,135,131,4,2,2
raw,M_HEAPPOLICY_VALIDATEREGIONS_C3A52ACE,bra,141,135,4,2,2
raw,M_HEAPPOLICY_VALIDATEREGIONS_C3A52ACE,bra,186,178,4,2,2
raw,M_HEAPPOLICY_VALIDATEREGIONS_C3A52ACE,bra,200,190,4,2,2
raw,M_HEAPPOLICY_VALIDATEREGIONS_C3A52ACE,brl,473,461,4,3,1
raw,M_HEAPPOLICY_VALIDATEREGIONS_C3A52ACE,bra,512,499,4,2,2
raw,M_HEAPPOLICY_VALIDATEREGIONS_C3A52ACE,bra,526,511,4,2,2
raw,M_HEAPPOLICY_VALIDATEREGIONS_C3A52ACE,bra,617,600,4,2,2
raw,M_HEAPPOLICY_VALIDATEREGIONS_C3A52ACE,bra,740,721,4,2,2
raw,M_HEAPPOLICY_VALIDATEREGIONS_C3A52ACE,bra,746,725,4,2,2
raw,M_HEAPPOLICY_VALIDATEREGIONS_C3A52ACE,bra,783,760,4,2,2
raw,M_HEAPPOLICY_VALIDATEREGIONS_C3A52ACE,bra,797,772,4,2,2
raw,M_HEAPPOLICY_VALIDATEREGIONS_C3A52ACE,brl,919,892,4,3,1
raw,M_HEAPPOLICY_VALIDATEREGIONS_C3A52ACE,bra,956,928,4,2,2
raw,M_HEAPPOLICY_VALIDATEREGIONS_C3A52ACE,bra,962,932,4,2,2
raw,M_HEAPPOLICY_VALIDATEREGIONS_C3A52ACE,bra,1024,992,4,2,2
raw,M_HEAPPOLICY_VALIDATEREGIONS_C3A52ACE,bra,1038,1004,4,2,2
raw,M_HEAPPOLICY_VALIDATEREGIONS_C3A52ACE,bra,1136,1100,4,2,2
raw,M_HEAPPOLICY_VALIDATEREGIONS_C3A52ACE,bra,1150,1112,4,2,2
raw,M_HEAPPOLICY_MATCHES_ACC95206,conditional,243,239,6,2,4
raw,M_HEAPPOLICY_MATCHES_ACC95206,bra,8,8,4,2,2
raw,M_HEAPPOLICY_MATCHES_ACC95206,bra,146,144,4,2,2
raw,M_HEAPPOLICY_MATCHES_ACC95206,bra,253,245,4,2,2
raw,M_HEAPPOLICY_RESERVE_42F2499D,conditional,229,219,6,2,4
raw,M_HEAPPOLICY_RESERVE_42F2499D,conditional,356,340,6,2,4
raw,M_HEAPPOLICY_RESERVE_42F2499D,conditional,366,346,6,2,4
raw,M_HEAPPOLICY_RESERVE_42F2499D,conditional,444,417,6,2,4
raw,M_HEAPPOLICY_RESERVE_42F2499D,conditional,450,419,6,2,4
raw,M_HEAPPOLICY_RESERVE_42F2499D,conditional,464,429,6,2,4
raw,M_HEAPPOLICY_RESERVE_42F2499D,conditional,470,431,6,2,4
raw,M_HEAPPOLICY_RESERVE_42F2499D,conditional,484,441,6,2,4
raw,M_HEAPPOLICY_RESERVE_42F2499D,conditional,490,443,6,2,4
raw,M_HEAPPOLICY_RESERVE_42F2499D,conditional,504,453,6,2,4
raw,M_HEAPPOLICY_RESERVE_42F2499D,conditional,510,455,6,2,4
raw,M_HEAPPOLICY_RESERVE_42F2499D,bra,8,8,4,2,2
raw,M_HEAPPOLICY_RESERVE_42F2499D,bra,46,44,4,2,2
raw,M_HEAPPOLICY_RESERVE_42F2499D,bra,123,119,4,2,2
raw,M_HEAPPOLICY_RESERVE_42F2499D,bra,129,123,4,2,2
raw,M_HEAPPOLICY_RESERVE_42F2499D,bra,149,141,4,2,2
raw,M_HEAPPOLICY_RESERVE_42F2499D,bra,243,229,4,2,2
raw,M_HEAPPOLICY_RESERVE_42F2499D,bra,376,352,4,2,2
raw,M_HEAPPOLICY_RESERVE_42F2499D,brl,404,378,4,3,1
raw,M_HEAPPOLICY_RESERVE_42F2499D,bra,516,457,4,2,2
raw,M_HEAPPOLICY_RESERVE_42F2499D,bra,522,461,4,2,2
raw,M_HEAPPOLICY_RESERVE_42F2499D,bra,528,465,4,2,2
raw,M_HEAPPOLICY_RESERVE_42F2499D,bra,534,469,4,2,2
raw,M_HEAPPOLICY_RESERVE_42F2499D,bra,550,483,4,2,2
raw,M_HEAPPOLICY_RESERVE_42F2499D,bra,603,534,4,2,2
raw,M_HEAPPOLICY_RESERVE_42F2499D,bra,658,587,4,2,2
raw,M_HEAPPOLICY_RESERVE_42F2499D,brl,871,798,4,3,1
raw,M_HEAPPOLICY_RESERVE_42F2499D,bra,933,859,4,2,2
raw,M_HEAPPOLICY_RESERVE_42F2499D,brl,1018,942,4,3,1
raw,M_HEAPPOLICY_RESERVE_42F2499D,bra,1056,979,4,2,2
raw,M_HEAPPOLICY_RESERVE_42F2499D,bra,1168,1089,4,2,2
raw,M_HEAPPOLICY_RESERVE_42F2499D,brl,1263,1182,4,3,1
raw,M_HEAPPOLICY_LOCATE_7B91FF59,conditional,541,532,6,2,4
raw,M_HEAPPOLICY_LOCATE_7B91FF59,conditional,547,534,6,2,4
raw,M_HEAPPOLICY_LOCATE_7B91FF59,conditional,561,544,6,2,4
raw,M_HEAPPOLICY_LOCATE_7B91FF59,conditional,567,546,6,2,4
raw,M_HEAPPOLICY_LOCATE_7B91FF59,conditional,581,556,6,2,4
raw,M_HEAPPOLICY_LOCATE_7B91FF59,conditional,587,558,6,2,4
raw,M_HEAPPOLICY_LOCATE_7B91FF59,conditional,601,568,6,2,4
raw,M_HEAPPOLICY_LOCATE_7B91FF59,conditional,607,570,6,2,4
raw,M_HEAPPOLICY_LOCATE_7B91FF59,conditional,701,651,6,2,4
raw,M_HEAPPOLICY_LOCATE_7B91FF59,conditional,707,653,6,2,4
raw,M_HEAPPOLICY_LOCATE_7B91FF59,conditional,721,663,6,2,4
raw,M_HEAPPOLICY_LOCATE_7B91FF59,conditional,727,665,6,2,4
raw,M_HEAPPOLICY_LOCATE_7B91FF59,conditional,741,675,6,2,4
raw,M_HEAPPOLICY_LOCATE_7B91FF59,conditional,747,677,6,2,4
raw,M_HEAPPOLICY_LOCATE_7B91FF59,conditional,761,687,6,2,4
raw,M_HEAPPOLICY_LOCATE_7B91FF59,conditional,767,689,6,2,4
raw,M_HEAPPOLICY_LOCATE_7B91FF59,bra,8,8,4,2,2
raw,M_HEAPPOLICY_LOCATE_7B91FF59,bra,38,36,4,2,2
raw,M_HEAPPOLICY_LOCATE_7B91FF59,bra,93,89,4,2,2
raw,M_HEAPPOLICY_LOCATE_7B91FF59,brl,354,348,4,3,1
raw,M_HEAPPOLICY_LOCATE_7B91FF59,bra,408,401,4,2,2
raw,M_HEAPPOLICY_LOCATE_7B91FF59,bra,613,572,4,2,2
raw,M_HEAPPOLICY_LOCATE_7B91FF59,bra,619,576,4,2,2
raw,M_HEAPPOLICY_LOCATE_7B91FF59,bra,625,580,4,2,2
raw,M_HEAPPOLICY_LOCATE_7B91FF59,bra,631,584,4,2,2
raw,M_HEAPPOLICY_LOCATE_7B91FF59,brl,647,598,4,3,1
raw,M_HEAPPOLICY_LOCATE_7B91FF59,bra,773,691,4,2,2
raw,M_HEAPPOLICY_LOCATE_7B91FF59,bra,779,695,4,2,2
raw,M_HEAPPOLICY_LOCATE_7B91FF59,bra,785,699,4,2,2
raw,M_HEAPPOLICY_LOCATE_7B91FF59,bra,791,703,4,2,2
raw,M_HEAPPOLICY_LOCATE_7B91FF59,bra,807,717,4,2,2
raw,M_HEAPPOLICY_LOCATE_7B91FF59,brl,902,810,4,3,1
raw,M_HEAPPOLICY_FREE_3EA2E1EF,conditional,58,56,6,2,4
raw,M_HEAPPOLICY_FREE_3EA2E1EF,conditional,245,235,6,2,4
raw,M_HEAPPOLICY_FREE_3EA2E1EF,conditional,395,374,6,2,4
raw,M_HEAPPOLICY_FREE_3EA2E1EF,conditional,575,544,6,2,4
raw,M_HEAPPOLICY_FREE_3EA2E1EF,conditional,754,715,6,2,4
raw,M_HEAPPOLICY_FREE_3EA2E1EF,conditional,760,717,6,2,4
raw,M_HEAPPOLICY_FREE_3EA2E1EF,conditional,774,727,6,2,4
raw,M_HEAPPOLICY_FREE_3EA2E1EF,conditional,780,729,6,2,4
raw,M_HEAPPOLICY_FREE_3EA2E1EF,conditional,794,739,6,2,4
raw,M_HEAPPOLICY_FREE_3EA2E1EF,conditional,800,741,6,2,4
raw,M_HEAPPOLICY_FREE_3EA2E1EF,conditional,814,751,6,2,4
raw,M_HEAPPOLICY_FREE_3EA2E1EF,conditional,820,753,6,2,4
raw,M_HEAPPOLICY_FREE_3EA2E1EF,bra,8,8,4,2,2
raw,M_HEAPPOLICY_FREE_3EA2E1EF,bra,72,66,4,2,2
raw,M_HEAPPOLICY_FREE_3EA2E1EF,bra,149,141,4,2,2
raw,M_HEAPPOLICY_FREE_3EA2E1EF,bra,259,245,4,2,2
raw,M_HEAPPOLICY_FREE_3EA2E1EF,brl,265,249,4,3,1
raw,M_HEAPPOLICY_FREE_3EA2E1EF,bra,357,340,4,2,2
raw,M_HEAPPOLICY_FREE_3EA2E1EF,bra,363,344,4,2,2
raw,M_HEAPPOLICY_FREE_3EA2E1EF,bra,409,384,4,2,2
raw,M_HEAPPOLICY_FREE_3EA2E1EF,bra,423,396,4,2,2
raw,M_HEAPPOLICY_FREE_3EA2E1EF,bra,491,462,4,2,2
raw,M_HEAPPOLICY_FREE_3EA2E1EF,bra,591,556,4,2,2
raw,M_HEAPPOLICY_FREE_3EA2E1EF,bra,605,568,4,2,2
raw,M_HEAPPOLICY_FREE_3EA2E1EF,bra,826,755,4,2,2
raw,M_HEAPPOLICY_FREE_3EA2E1EF,bra,832,759,4,2,2
raw,M_HEAPPOLICY_FREE_3EA2E1EF,bra,838,763,4,2,2
raw,M_HEAPPOLICY_FREE_3EA2E1EF,bra,844,767,4,2,2
raw,M_HEAPPOLICY_FREE_3EA2E1EF,bra,860,781,4,2,2
raw,M_HEAPPOLICY_FREE_3EA2E1EF,bra,874,793,4,2,2
raw,M_HEAPPOLICY_FREE_3EA2E1EF,bra,958,875,4,2,2
raw,M_HEAPPOLICY_AVAIL_22774B2C,conditional,1083,1064,6,2,4
raw,M_HEAPPOLICY_AVAIL_22774B2C,conditional,1093,1070,6,2,4
raw,M_HEAPPOLICY_AVAIL_22774B2C,conditional,1351,1316,6,2,4
raw,M_HEAPPOLICY_AVAIL_22774B2C,conditional,1357,1318,6,2,4
raw,M_HEAPPOLICY_AVAIL_22774B2C,conditional,1371,1328,6,2,4
raw,M_HEAPPOLICY_AVAIL_22774B2C,conditional,1377,1330,6,2,4
raw,M_HEAPPOLICY_AVAIL_22774B2C,conditional,1391,1340,6,2,4
raw,M_HEAPPOLICY_AVAIL_22774B2C,conditional,1397,1342,6,2,4
raw,M_HEAPPOLICY_AVAIL_22774B2C,conditional,1411,1352,6,2,4
raw,M_HEAPPOLICY_AVAIL_22774B2C,conditional,1417,1354,6,2,4
raw,M_HEAPPOLICY_AVAIL_22774B2C,bra,8,8,4,2,2
raw,M_HEAPPOLICY_AVAIL_22774B2C,bra,46,44,4,2,2
raw,M_HEAPPOLICY_AVAIL_22774B2C,bra,123,119,4,2,2
raw,M_HEAPPOLICY_AVAIL_22774B2C,bra,180,174,4,2,2
raw,M_HEAPPOLICY_AVAIL_22774B2C,bra,235,227,4,2,2
raw,M_HEAPPOLICY_AVAIL_22774B2C,brl,472,462,4,3,1
raw,M_HEAPPOLICY_AVAIL_22774B2C,bra,534,523,4,2,2
raw,M_HEAPPOLICY_AVAIL_22774B2C,brl,619,606,4,3,1
raw,M_HEAPPOLICY_AVAIL_22774B2C,bra,641,627,4,2,2
raw,M_HEAPPOLICY_AVAIL_22774B2C,brl,774,758,4,3,1
raw,M_HEAPPOLICY_AVAIL_22774B2C,brl,921,904,4,3,1
raw,M_HEAPPOLICY_AVAIL_22774B2C,brl,1001,983,4,3,1
raw,M_HEAPPOLICY_AVAIL_22774B2C,bra,1103,1076,4,2,2
raw,M_HEAPPOLICY_AVAIL_22774B2C,bra,1125,1096,4,2,2
raw,M_HEAPPOLICY_AVAIL_22774B2C,bra,1201,1170,4,2,2
raw,M_HEAPPOLICY_AVAIL_22774B2C,bra,1319,1286,4,2,2
raw,M_HEAPPOLICY_AVAIL_22774B2C,bra,1423,1356,4,2,2
raw,M_HEAPPOLICY_AVAIL_22774B2C,bra,1429,1360,4,2,2
raw,M_HEAPPOLICY_AVAIL_22774B2C,bra,1435,1364,4,2,2
raw,M_HEAPPOLICY_AVAIL_22774B2C,bra,1441,1368,4,2,2
raw,M_HEAPPOLICY_AVAIL_22774B2C,bra,1457,1382,4,2,2
raw,M_HEAPPOLICY_AVAIL_22774B2C,bra,1479,1402,4,2,2
raw,M_HEAPPOLICY_AVAIL_22774B2C,brl,1594,1515,4,3,1
raw,M_HEAPPOLICY_MEMORYTYPE_D394B206,conditional,130,126,6,2,4
raw,M_HEAPPOLICY_MEMORYTYPE_D394B206,bra,8,8,4,2,2
raw,M_HEAPPOLICY_MEMORYTYPE_D394B206,bra,46,44,4,2,2
raw,M_HEAPPOLICY_MEMORYTYPE_D394B206,bra,146,138,4,2,2
raw,M_HEAPPOLICY_VECTORBYTES_E6541B8F,conditional,142,138,6,2,4
raw,M_HEAPPOLICY_VECTORBYTES_E6541B8F,conditional,200,188,6,2,4
raw,M_HEAPPOLICY_VECTORBYTES_E6541B8F,conditional,206,190,6,2,4
raw,M_HEAPPOLICY_VECTORBYTES_E6541B8F,conditional,220,200,6,2,4
raw,M_HEAPPOLICY_VECTORBYTES_E6541B8F,conditional,226,202,6,2,4
raw,M_HEAPPOLICY_VECTORBYTES_E6541B8F,conditional,240,212,6,2,4
raw,M_HEAPPOLICY_VECTORBYTES_E6541B8F,conditional,246,214,6,2,4
raw,M_HEAPPOLICY_VECTORBYTES_E6541B8F,conditional,260,224,6,2,4
raw,M_HEAPPOLICY_VECTORBYTES_E6541B8F,conditional,266,226,6,2,4
raw,M_HEAPPOLICY_VECTORBYTES_E6541B8F,bra,8,8,4,2,2
raw,M_HEAPPOLICY_VECTORBYTES_E6541B8F,bra,46,44,4,2,2
raw,M_HEAPPOLICY_VECTORBYTES_E6541B8F,bra,156,148,4,2,2
raw,M_HEAPPOLICY_VECTORBYTES_E6541B8F,bra,162,152,4,2,2
raw,M_HEAPPOLICY_VECTORBYTES_E6541B8F,bra,272,228,4,2,2
raw,M_HEAPPOLICY_VECTORBYTES_E6541B8F,bra,278,232,4,2,2
raw,M_HEAPPOLICY_VECTORBYTES_E6541B8F,bra,284,236,4,2,2
raw,M_HEAPPOLICY_VECTORBYTES_E6541B8F,bra,290,240,4,2,2
raw,M_HEAPPOLICY_VECTORBYTES_E6541B8F,bra,306,254,4,2,2
raw,M_HEAPPOLICY_RESERVEVECTOR_C09ED6F4,conditional,142,138,6,2,4
raw,M_HEAPPOLICY_RESERVEVECTOR_C09ED6F4,bra,8,8,4,2,2
raw,M_HEAPPOLICY_RESERVEVECTOR_C09ED6F4,bra,46,44,4,2,2
raw,M_HEAPPOLICY_RESERVEVECTOR_C09ED6F4,bra,156,148,4,2,2
raw,M_HEAPPOLICY_RESERVEVECTOR_C09ED6F4,bra,225,215,4,2,2
raw,M_HEAPPOLICY_FREEVECTOR_698EC5DE,conditional,40,38,6,2,4
raw,M_HEAPPOLICY_FREEVECTOR_698EC5DE,conditional,147,139,6,2,4
raw,M_HEAPPOLICY_FREEVECTOR_698EC5DE,conditional,153,141,6,2,4
raw,M_HEAPPOLICY_FREEVECTOR_698EC5DE,conditional,167,151,6,2,4
raw,M_HEAPPOLICY_FREEVECTOR_698EC5DE,conditional,173,153,6,2,4
raw,M_HEAPPOLICY_FREEVECTOR_698EC5DE,conditional,187,163,6,2,4
raw,M_HEAPPOLICY_FREEVECTOR_698EC5DE,conditional,193,165,6,2,4
raw,M_HEAPPOLICY_FREEVECTOR_698EC5DE,conditional,207,175,6,2,4
raw,M_HEAPPOLICY_FREEVECTOR_698EC5DE,conditional,213,177,6,2,4
raw,M_HEAPPOLICY_FREEVECTOR_698EC5DE,conditional,606,548,6,2,4
raw,M_HEAPPOLICY_FREEVECTOR_698EC5DE,conditional,789,723,6,2,4
raw,M_HEAPPOLICY_FREEVECTOR_698EC5DE,conditional,795,725,6,2,4
raw,M_HEAPPOLICY_FREEVECTOR_698EC5DE,conditional,809,735,6,2,4
raw,M_HEAPPOLICY_FREEVECTOR_698EC5DE,conditional,815,737,6,2,4
raw,M_HEAPPOLICY_FREEVECTOR_698EC5DE,conditional,829,747,6,2,4
raw,M_HEAPPOLICY_FREEVECTOR_698EC5DE,conditional,835,749,6,2,4
raw,M_HEAPPOLICY_FREEVECTOR_698EC5DE,conditional,849,759,6,2,4
raw,M_HEAPPOLICY_FREEVECTOR_698EC5DE,conditional,855,761,6,2,4
raw,M_HEAPPOLICY_FREEVECTOR_698EC5DE,conditional,1139,1027,6,2,4
raw,M_HEAPPOLICY_FREEVECTOR_698EC5DE,conditional,1376,1252,6,2,4
raw,M_HEAPPOLICY_FREEVECTOR_698EC5DE,conditional,1382,1254,6,2,4
raw,M_HEAPPOLICY_FREEVECTOR_698EC5DE,conditional,1396,1264,6,2,4
raw,M_HEAPPOLICY_FREEVECTOR_698EC5DE,conditional,1402,1266,6,2,4
raw,M_HEAPPOLICY_FREEVECTOR_698EC5DE,conditional,1416,1276,6,2,4
raw,M_HEAPPOLICY_FREEVECTOR_698EC5DE,conditional,1422,1278,6,2,4
raw,M_HEAPPOLICY_FREEVECTOR_698EC5DE,conditional,1436,1288,6,2,4
raw,M_HEAPPOLICY_FREEVECTOR_698EC5DE,conditional,1442,1290,6,2,4
raw,M_HEAPPOLICY_FREEVECTOR_698EC5DE,bra,8,8,4,2,2
raw,M_HEAPPOLICY_FREEVECTOR_698EC5DE,bra,56,50,4,2,2
raw,M_HEAPPOLICY_FREEVECTOR_698EC5DE,bra,219,179,4,2,2
raw,M_HEAPPOLICY_FREEVECTOR_698EC5DE,bra,225,183,4,2,2
raw,M_HEAPPOLICY_FREEVECTOR_698EC5DE,bra,231,187,4,2,2
raw,M_HEAPPOLICY_FREEVECTOR_698EC5DE,bra,237,191,4,2,2
raw,M_HEAPPOLICY_FREEVECTOR_698EC5DE,bra,253,205,4,2,2
raw,M_HEAPPOLICY_FREEVECTOR_698EC5DE,bra,259,209,4,2,2
raw,M_HEAPPOLICY_FREEVECTOR_698EC5DE,bra,351,299,4,2,2
raw,M_HEAPPOLICY_FREEVECTOR_698EC5DE,bra,365,311,4,2,2
raw,M_HEAPPOLICY_FREEVECTOR_698EC5DE,bra,522,466,4,2,2
raw,M_HEAPPOLICY_FREEVECTOR_698EC5DE,bra,622,560,4,2,2
raw,M_HEAPPOLICY_FREEVECTOR_698EC5DE,bra,636,572,4,2,2
raw,M_HEAPPOLICY_FREEVECTOR_698EC5DE,bra,861,763,4,2,2
raw,M_HEAPPOLICY_FREEVECTOR_698EC5DE,bra,867,767,4,2,2
raw,M_HEAPPOLICY_FREEVECTOR_698EC5DE,bra,873,771,4,2,2
raw,M_HEAPPOLICY_FREEVECTOR_698EC5DE,bra,879,775,4,2,2
raw,M_HEAPPOLICY_FREEVECTOR_698EC5DE,bra,895,789,4,2,2
raw,M_HEAPPOLICY_FREEVECTOR_698EC5DE,bra,909,801,4,2,2
raw,M_HEAPPOLICY_FREEVECTOR_698EC5DE,bra,1043,933,4,2,2
raw,M_HEAPPOLICY_FREEVECTOR_698EC5DE,bra,1153,1037,4,2,2
raw,M_HEAPPOLICY_FREEVECTOR_698EC5DE,bra,1159,1041,4,2,2
raw,M_HEAPPOLICY_FREEVECTOR_698EC5DE,bra,1213,1093,4,2,2
raw,M_HEAPPOLICY_FREEVECTOR_698EC5DE,bra,1227,1105,4,2,2
raw,M_HEAPPOLICY_FREEVECTOR_698EC5DE,bra,1448,1292,4,2,2
raw,M_HEAPPOLICY_FREEVECTOR_698EC5DE,bra,1454,1296,4,2,2
raw,M_HEAPPOLICY_FREEVECTOR_698EC5DE,bra,1460,1300,4,2,2
raw,M_HEAPPOLICY_FREEVECTOR_698EC5DE,bra,1466,1304,4,2,2
raw,M_HEAPPOLICY_FREEVECTOR_698EC5DE,bra,1482,1318,4,2,2
raw,M_HEAPPOLICY_FREEVECTOR_698EC5DE,bra,1496,1330,4,2,2
raw,M_HEAPPOLICY_FREEVECTOR_698EC5DE,bra,1608,1440,4,2,2
raw,M_TASKPOLICY_RECORDFOR_833E2B66,conditional,74,72,6,2,4
raw,M_TASKPOLICY_RECORDFOR_833E2B66,conditional,82,76,6,2,4
raw,M_TASKPOLICY_RECORDFOR_833E2B66,conditional,103,93,6,2,4
raw,M_TASKPOLICY_RECORDFOR_833E2B66,bra,8,8,4,2,2
raw,M_TASKPOLICY_RECORDFOR_833E2B66,bra,109,95,4,2,2
raw,M_TASKPOLICY_SAVEDWORD_D1C8E663,bra,8,8,4,2,2
raw,M_TASKPOLICY_RESULT_DA2077E3,bra,8,8,4,2,2
raw,M_TASKPOLICY_POINTERRESULT_E8D88610,conditional,221,217,6,2,4
raw,M_TASKPOLICY_POINTERRESULT_E8D88610,conditional,229,221,6,2,4
raw,M_TASKPOLICY_POINTERRESULT_E8D88610,conditional,250,238,6,2,4
raw,M_TASKPOLICY_POINTERRESULT_E8D88610,bra,8,8,4,2,2
raw,M_TASKPOLICY_POINTERRESULT_E8D88610,bra,74,72,4,2,2
raw,M_TASKPOLICY_POINTERRESULT_E8D88610,bra,256,240,4,2,2
raw,M_TASKPOLICY_ARGUMENTPOINTER_A19325C6,conditional,258,252,6,2,4
raw,M_TASKPOLICY_ARGUMENTPOINTER_A19325C6,conditional,266,256,6,2,4
raw,M_TASKPOLICY_ARGUMENTPOINTER_A19325C6,conditional,287,273,6,2,4
raw,M_TASKPOLICY_ARGUMENTPOINTER_A19325C6,bra,8,8,4,2,2
raw,M_TASKPOLICY_ARGUMENTPOINTER_A19325C6,bra,54,52,4,2,2
raw,M_TASKPOLICY_ARGUMENTPOINTER_A19325C6,bra,151,147,4,2,2
raw,M_TASKPOLICY_ARGUMENTPOINTER_A19325C6,bra,293,275,4,2,2
raw,M_TASKPOLICY_FLAGS_56B3B4FF,bra,8,8,4,2,2
raw,M_TASKPOLICY_PROTECTED_FCDCE808,conditional,69,67,6,2,4
raw,M_TASKPOLICY_PROTECTED_FCDCE808,conditional,101,93,6,2,4
raw,M_TASKPOLICY_PROTECTED_FCDCE808,conditional,218,202,6,2,4
raw,M_TASKPOLICY_PROTECTED_FCDCE808,bra,8,8,4,2,2
raw,M_TASKPOLICY_PROTECTED_FCDCE808,bra,79,73,4,2,2
raw,M_TASKPOLICY_PROTECTED_FCDCE808,bra,109,97,4,2,2
raw,M_TASKPOLICY_PROTECTED_FCDCE808,bra,145,131,4,2,2
raw,M_TASKPOLICY_PROTECTED_FCDCE808,bra,226,206,4,2,2
raw,M_TASKPOLICY_LOOKUP_41F6D1E4,conditional,40,38,6,2,4
raw,M_TASKPOLICY_LOOKUP_41F6D1E4,conditional,173,165,6,2,4
raw,M_TASKPOLICY_LOOKUP_41F6D1E4,conditional,179,167,6,2,4
raw,M_TASKPOLICY_LOOKUP_41F6D1E4,conditional,193,177,6,2,4
raw,M_TASKPOLICY_LOOKUP_41F6D1E4,conditional,199,179,6,2,4
raw,M_TASKPOLICY_LOOKUP_41F6D1E4,conditional,213,189,6,2,4
raw,M_TASKPOLICY_LOOKUP_41F6D1E4,conditional,219,191,6,2,4
raw,M_TASKPOLICY_LOOKUP_41F6D1E4,conditional,342,299,6,2,4
raw,M_TASKPOLICY_LOOKUP_41F6D1E4,conditional,348,301,6,2,4
raw,M_TASKPOLICY_LOOKUP_41F6D1E4,conditional,362,311,6,2,4
raw,M_TASKPOLICY_LOOKUP_41F6D1E4,conditional,368,313,6,2,4
raw,M_TASKPOLICY_LOOKUP_41F6D1E4,conditional,382,323,6,2,4
raw,M_TASKPOLICY_LOOKUP_41F6D1E4,conditional,388,325,6,2,4
raw,M_TASKPOLICY_LOOKUP_41F6D1E4,bra,8,8,4,2,2
raw,M_TASKPOLICY_LOOKUP_41F6D1E4,bra,56,50,4,2,2
raw,M_TASKPOLICY_LOOKUP_41F6D1E4,bra,225,193,4,2,2
raw,M_TASKPOLICY_LOOKUP_41F6D1E4,bra,231,197,4,2,2
raw,M_TASKPOLICY_LOOKUP_41F6D1E4,bra,237,201,4,2,2
raw,M_TASKPOLICY_LOOKUP_41F6D1E4,bra,243,205,4,2,2
raw,M_TASKPOLICY_LOOKUP_41F6D1E4,bra,259,219,4,2,2
raw,M_TASKPOLICY_LOOKUP_41F6D1E4,brl,265,223,4,3,1
raw,M_TASKPOLICY_LOOKUP_41F6D1E4,bra,394,327,4,2,2
raw,M_TASKPOLICY_LOOKUP_41F6D1E4,bra,400,331,4,2,2
raw,M_TASKPOLICY_LOOKUP_41F6D1E4,bra,406,335,4,2,2
raw,M_TASKPOLICY_LOOKUP_41F6D1E4,bra,412,339,4,2,2
raw,M_TASKPOLICY_LOOKUP_41F6D1E4,bra,428,353,4,2,2
raw,M_TASKPOLICY_LOOKUP_41F6D1E4,bra,617,540,4,2,2
raw,M_TASKPOLICY_LOOKUP_41F6D1E4,bra,727,648,4,2,2
raw,M_TASKPOLICY_LOOKUP_41F6D1E4,bra,733,652,4,2,2
raw,M_TASKPOLICY_LOOKUP_41F6D1E4,bra,795,712,4,2,2
raw,M_TASKPOLICY_WRITABLE_0565D862,conditional,246,241,6,2,4
raw,M_TASKPOLICY_WRITABLE_0565D862,conditional,254,245,6,2,4
raw,M_TASKPOLICY_WRITABLE_0565D862,conditional,275,262,6,2,4
raw,M_TASKPOLICY_WRITABLE_0565D862,conditional,408,389,6,2,4
raw,M_TASKPOLICY_WRITABLE_0565D862,conditional,414,391,6,2,4
raw,M_TASKPOLICY_WRITABLE_0565D862,conditional,428,401,6,2,4
raw,M_TASKPOLICY_WRITABLE_0565D862,conditional,434,403,6,2,4
raw,M_TASKPOLICY_WRITABLE_0565D862,conditional,448,413,6,2,4
raw,M_TASKPOLICY_WRITABLE_0565D862,conditional,454,415,6,2,4
raw,M_TASKPOLICY_WRITABLE_0565D862,conditional,641,589,6,2,4
raw,M_TASKPOLICY_WRITABLE_0565D862,conditional,647,591,6,2,4
raw,M_TASKPOLICY_WRITABLE_0565D862,conditional,661,601,6,2,4
raw,M_TASKPOLICY_WRITABLE_0565D862,conditional,667,603,6,2,4
raw,M_TASKPOLICY_WRITABLE_0565D862,conditional,681,613,6,2,4
raw,M_TASKPOLICY_WRITABLE_0565D862,conditional,687,615,6,2,4
raw,M_TASKPOLICY_WRITABLE_0565D862,conditional,824,739,6,2,4
raw,M_TASKPOLICY_WRITABLE_0565D862,conditional,830,741,6,2,4
raw,M_TASKPOLICY_WRITABLE_0565D862,conditional,844,751,6,2,4
raw,M_TASKPOLICY_WRITABLE_0565D862,conditional,850,753,6,2,4
raw,M_TASKPOLICY_WRITABLE_0565D862,conditional,864,763,6,2,4
raw,M_TASKPOLICY_WRITABLE_0565D862,conditional,870,765,6,2,4
raw,M_TASKPOLICY_WRITABLE_0565D862,bra,8,8,4,2,2
raw,M_TASKPOLICY_WRITABLE_0565D862,bra,99,97,4,2,2
raw,M_TASKPOLICY_WRITABLE_0565D862,brl,172,168,4,3,1
raw,M_TASKPOLICY_WRITABLE_0565D862,bra,281,264,4,2,2
raw,M_TASKPOLICY_WRITABLE_0565D862,bra,460,417,4,2,2
raw,M_TASKPOLICY_WRITABLE_0565D862,bra,466,421,4,2,2
raw,M_TASKPOLICY_WRITABLE_0565D862,bra,472,425,4,2,2
raw,M_TASKPOLICY_WRITABLE_0565D862,bra,478,429,4,2,2
raw,M_TASKPOLICY_WRITABLE_0565D862,brl,494,443,4,3,1
raw,M_TASKPOLICY_WRITABLE_0565D862,bra,693,617,4,2,2
raw,M_TASKPOLICY_WRITABLE_0565D862,bra,699,621,4,2,2
raw,M_TASKPOLICY_WRITABLE_0565D862,bra,705,625,4,2,2
raw,M_TASKPOLICY_WRITABLE_0565D862,bra,711,629,4,2,2
raw,M_TASKPOLICY_WRITABLE_0565D862,brl,727,643,4,3,1
raw,M_TASKPOLICY_WRITABLE_0565D862,bra,876,767,4,2,2
raw,M_TASKPOLICY_WRITABLE_0565D862,bra,882,771,4,2,2
raw,M_TASKPOLICY_WRITABLE_0565D862,bra,888,775,4,2,2
raw,M_TASKPOLICY_WRITABLE_0565D862,bra,894,779,4,2,2
raw,M_TASKPOLICY_WRITABLE_0565D862,bra,910,793,4,2,2
raw,M_TASKPOLICY_WRITABLE_0565D862,bra,939,820,4,2,2
raw,M_TASKPOLICY_WRITABLE_0565D862,bra,945,824,4,2,2
raw,M_TASKPOLICY_WRITABLE_0565D862,brl,961,838,4,3,1
raw,M_TASKPOLICY_AVAILABLERECORD_80983EA0,conditional,478,468,6,2,4
raw,M_TASKPOLICY_AVAILABLERECORD_80983EA0,conditional,484,470,6,2,4
raw,M_TASKPOLICY_AVAILABLERECORD_80983EA0,conditional,498,480,6,2,4
raw,M_TASKPOLICY_AVAILABLERECORD_80983EA0,conditional,504,482,6,2,4
raw,M_TASKPOLICY_AVAILABLERECORD_80983EA0,conditional,518,492,6,2,4
raw,M_TASKPOLICY_AVAILABLERECORD_80983EA0,conditional,524,494,6,2,4
raw,M_TASKPOLICY_AVAILABLERECORD_80983EA0,conditional,637,594,6,2,4
raw,M_TASKPOLICY_AVAILABLERECORD_80983EA0,conditional,643,596,6,2,4
raw,M_TASKPOLICY_AVAILABLERECORD_80983EA0,conditional,657,606,6,2,4
raw,M_TASKPOLICY_AVAILABLERECORD_80983EA0,conditional,663,608,6,2,4
raw,M_TASKPOLICY_AVAILABLERECORD_80983EA0,conditional,677,618,6,2,4
raw,M_TASKPOLICY_AVAILABLERECORD_80983EA0,conditional,683,620,6,2,4
raw,M_TASKPOLICY_AVAILABLERECORD_80983EA0,bra,8,8,4,2,2
raw,M_TASKPOLICY_AVAILABLERECORD_80983EA0,bra,92,90,4,2,2
raw,M_TASKPOLICY_AVAILABLERECORD_80983EA0,bra,179,175,4,2,2
raw,M_TASKPOLICY_AVAILABLERECORD_80983EA0,brl,230,224,4,3,1
raw,M_TASKPOLICY_AVAILABLERECORD_80983EA0,bra,252,245,4,2,2
raw,M_TASKPOLICY_AVAILABLERECORD_80983EA0,brl,351,342,4,3,1
raw,M_TASKPOLICY_AVAILABLERECORD_80983EA0,bra,530,496,4,2,2
raw,M_TASKPOLICY_AVAILABLERECORD_80983EA0,bra,536,500,4,2,2
raw,M_TASKPOLICY_AVAILABLERECORD_80983EA0,bra,542,504,4,2,2
raw,M_TASKPOLICY_AVAILABLERECORD_80983EA0,bra,548,508,4,2,2
raw,M_TASKPOLICY_AVAILABLERECORD_80983EA0,brl,564,522,4,3,1
raw,M_TASKPOLICY_AVAILABLERECORD_80983EA0,bra,689,622,4,2,2
raw,M_TASKPOLICY_AVAILABLERECORD_80983EA0,bra,695,626,4,2,2
raw,M_TASKPOLICY_AVAILABLERECORD_80983EA0,bra,701,630,4,2,2
raw,M_TASKPOLICY_AVAILABLERECORD_80983EA0,bra,707,634,4,2,2
raw,M_TASKPOLICY_AVAILABLERECORD_80983EA0,bra,723,648,4,2,2
raw,M_TASKPOLICY_AVAILABLERECORD_80983EA0,brl,764,687,4,3,1
raw,M_TASKPOLICY_EMPTYMEMORY_C893BDB0,conditional,198,196,6,2,4
raw,M_TASKPOLICY_EMPTYMEMORY_C893BDB0,conditional,212,206,6,2,4
raw,M_TASKPOLICY_EMPTYMEMORY_C893BDB0,conditional,272,260,6,2,4
raw,M_TASKPOLICY_EMPTYMEMORY_C893BDB0,conditional,284,268,6,2,4
raw,M_TASKPOLICY_EMPTYMEMORY_C893BDB0,conditional,404,382,6,2,4
raw,M_TASKPOLICY_EMPTYMEMORY_C893BDB0,conditional,418,392,6,2,4
raw,M_TASKPOLICY_EMPTYMEMORY_C893BDB0,bra,8,8,4,2,2
raw,M_TASKPOLICY_EMPTYMEMORY_C893BDB0,bra,222,212,4,2,2
raw,M_TASKPOLICY_EMPTYMEMORY_C893BDB0,bra,294,274,4,2,2
raw,M_TASKPOLICY_EMPTYMEMORY_C893BDB0,bra,428,398,4,2,2
raw,M_TASKPOLICY_VALIDENTRY_58BA8A58,conditional,227,224,6,2,4
raw,M_TASKPOLICY_VALIDENTRY_58BA8A58,bra,8,8,4,2,2
raw,M_TASKPOLICY_VALIDENTRY_58BA8A58,brl,109,107,4,3,1
raw,M_TASKPOLICY_VALIDENTRY_58BA8A58,bra,245,238,4,2,2
raw,M_TASKPOLICY_VALIDENTRY_58BA8A58,bra,274,265,4,2,2
raw,M_TASKPOLICY_VALIDENTRY_58BA8A58,bra,280,269,4,2,2
raw,M_TASKPOLICY_VALIDENTRY_58BA8A58,brl,296,283,4,3,1
raw,M_TASKPOLICY_STACKSLOT_2A322EEA,conditional,213,210,6,2,4
raw,M_TASKPOLICY_STACKSLOT_2A322EEA,conditional,384,376,6,2,4
raw,M_TASKPOLICY_STACKSLOT_2A322EEA,conditional,607,590,6,2,4
raw,M_TASKPOLICY_STACKSLOT_2A322EEA,conditional,613,592,6,2,4
raw,M_TASKPOLICY_STACKSLOT_2A322EEA,conditional,627,602,6,2,4
raw,M_TASKPOLICY_STACKSLOT_2A322EEA,conditional,633,604,6,2,4
raw,M_TASKPOLICY_STACKSLOT_2A322EEA,conditional,647,614,6,2,4
raw,M_TASKPOLICY_STACKSLOT_2A322EEA,conditional,653,616,6,2,4
raw,M_TASKPOLICY_STACKSLOT_2A322EEA,conditional,858,806,6,2,4
raw,M_TASKPOLICY_STACKSLOT_2A322EEA,conditional,864,808,6,2,4
raw,M_TASKPOLICY_STACKSLOT_2A322EEA,conditional,878,818,6,2,4
raw,M_TASKPOLICY_STACKSLOT_2A322EEA,conditional,884,820,6,2,4
raw,M_TASKPOLICY_STACKSLOT_2A322EEA,conditional,898,830,6,2,4
raw,M_TASKPOLICY_STACKSLOT_2A322EEA,conditional,904,832,6,2,4
raw,M_TASKPOLICY_STACKSLOT_2A322EEA,bra,8,8,4,2,2
raw,M_TASKPOLICY_STACKSLOT_2A322EEA,brl,63,61,4,3,1
raw,M_TASKPOLICY_STACKSLOT_2A322EEA,brl,231,224,4,3,1
raw,M_TASKPOLICY_STACKSLOT_2A322EEA,brl,402,390,4,3,1
raw,M_TASKPOLICY_STACKSLOT_2A322EEA,bra,424,411,4,2,2
raw,M_TASKPOLICY_STACKSLOT_2A322EEA,bra,523,508,4,2,2
raw,M_TASKPOLICY_STACKSLOT_2A322EEA,bra,659,618,4,2,2
raw,M_TASKPOLICY_STACKSLOT_2A322EEA,bra,665,622,4,2,2
raw,M_TASKPOLICY_STACKSLOT_2A322EEA,bra,671,626,4,2,2
raw,M_TASKPOLICY_STACKSLOT_2A322EEA,bra,677,630,4,2,2
raw,M_TASKPOLICY_STACKSLOT_2A322EEA,bra,693,644,4,2,2
raw,M_TASKPOLICY_STACKSLOT_2A322EEA,brl,699,648,4,3,1
raw,M_TASKPOLICY_STACKSLOT_2A322EEA,bra,910,834,4,2,2
raw,M_TASKPOLICY_STACKSLOT_2A322EEA,bra,916,838,4,2,2
raw,M_TASKPOLICY_STACKSLOT_2A322EEA,bra,922,842,4,2,2
raw,M_TASKPOLICY_STACKSLOT_2A322EEA,bra,928,846,4,2,2
raw,M_TASKPOLICY_STACKSLOT_2A322EEA,bra,944,860,4,2,2
raw,M_TASKPOLICY_STACKSLOT_2A322EEA,bra,1062,976,4,2,2
raw,M_TASKPOLICY_STACKSLOT_2A322EEA,brl,1130,1042,4,3,1
raw,M_TASKPOLICY_PREPARESTACK_1A1C583B,conditional,330,328,6,2,4
raw,M_TASKPOLICY_PREPARESTACK_1A1C583B,conditional,338,332,6,2,4
raw,M_TASKPOLICY_PREPARESTACK_1A1C583B,conditional,357,347,6,2,4
raw,M_TASKPOLICY_PREPARESTACK_1A1C583B,bra,8,8,4,2,2
raw,M_TASKPOLICY_PREPARESTACK_1A1C583B,bra,363,349,4,2,2
raw,M_TASKPOLICY_PREPARESTACK_1A1C583B,bra,395,379,4,2,2
raw,M_TASKPOLICY_PREPARESTACK_1A1C583B,bra,489,471,4,2,2
raw,M_TASKPOLICY_PREPARESTACK_1A1C583B,bra,495,475,4,2,2
raw,M_TASKPOLICY_PREPARESTACK_1A1C583B,brl,511,489,4,3,1
raw,M_TASKPOLICY_PREPAREDOMAIN_45DA3401,conditional,364,362,6,2,4
raw,M_TASKPOLICY_PREPAREDOMAIN_45DA3401,conditional,372,366,6,2,4
raw,M_TASKPOLICY_PREPAREDOMAIN_45DA3401,conditional,391,381,6,2,4
raw,M_TASKPOLICY_PREPAREDOMAIN_45DA3401,bra,8,8,4,2,2
raw,M_TASKPOLICY_PREPAREDOMAIN_45DA3401,bra,397,383,4,2,2
raw,M_TASKPOLICY_PREPAREDOMAIN_45DA3401,bra,429,413,4,2,2
raw,M_TASKPOLICY_PREPAREDOMAIN_45DA3401,bra,523,505,4,2,2
raw,M_TASKPOLICY_PREPAREDOMAIN_45DA3401,bra,529,509,4,2,2
raw,M_TASKPOLICY_PREPAREDOMAIN_45DA3401,brl,545,523,4,3,1
raw,M_TASKPOLICY_PREPAREDOMAIN_45DA3401,bra,646,623,4,2,2
raw,M_TASKPOLICY_PREPAREDOMAIN_45DA3401,bra,746,721,4,2,2
raw,M_TASKPOLICY_PREPAREFRAME_D5FF2FA0,bra,8,8,4,2,2
raw,M_TASKPOLICY_PREPAREFRAME_D5FF2FA0,bra,145,143,4,2,2
raw,M_TASKPOLICY_PREPAREFRAME_D5FF2FA0,bra,227,223,4,2,2
raw,M_TASKPOLICY_PREPAREFRAME_D5FF2FA0,bra,402,396,4,2,2
raw,M_TASKPOLICY_PREPAREFRAME_D5FF2FA0,bra,458,450,4,2,2
raw,M_TASKPOLICY_SETSTATE_52D88FAF,bra,8,8,4,2,2
raw,M_TASKPOLICY_SETSTATE_52D88FAF,bra,127,125,4,2,2
raw,M_TASKPOLICY_READY_679992F5,bra,8,8,4,2,2
raw,M_TASKPOLICY_READY_679992F5,bra,88,86,4,2,2
raw,M_TASKPOLICY_READY_679992F5,bra,169,165,4,2,2
raw,M_TASKPOLICY_READY_679992F5,bra,286,280,4,2,2
raw,M_TASKPOLICY_INITSIGNALS_5C831CB9,bra,8,8,4,2,2
raw,M_TASKPOLICY_INITSIGNALS_5C831CB9,bra,54,52,4,2,2
raw,M_TASKPOLICY_ADMIT_CF1671AB,bra,8,8,4,2,2
raw,M_TASKPOLICY_ADMIT_CF1671AB,bra,308,306,4,2,2
raw,M_TASKPOLICY_ADMIT_CF1671AB,bra,381,377,4,2,2
raw,M_TASKPOLICY_ADMIT_CF1671AB,bra,631,625,4,2,2
raw,M_TASKPOLICY_ADMIT_CF1671AB,bra,718,710,4,2,2
raw,M_TASKPOLICY_INIT_57A5FAC8,bra,8,8,4,2,2
raw,M_TASKPOLICY_INIT_57A5FAC8,bra,38,36,4,2,2
raw,M_TASKPOLICY_INIT_57A5FAC8,bra,105,101,4,2,2
raw,M_TASKPOLICY_INIT_57A5FAC8,bra,131,125,4,2,2
raw,M_TASKPOLICY_INIT_57A5FAC8,bra,186,178,4,2,2
raw,M_TASKPOLICY_INIT_57A5FAC8,bra,241,231,4,2,2
raw,M_TASKPOLICY_INIT_57A5FAC8,bra,296,284,4,2,2
raw,M_TASKPOLICY_INIT_57A5FAC8,bra,359,345,4,2,2
raw,M_TASKPOLICY_INIT_57A5FAC8,bra,425,409,4,2,2
raw,M_TASKPOLICY_INIT_57A5FAC8,bra,490,472,4,2,2
raw,M_TASKPOLICY_INIT_57A5FAC8,brl,689,669,4,3,1
raw,M_TASKPOLICY_INIT_57A5FAC8,bra,711,690,4,2,2
raw,M_TASKPOLICY_INIT_57A5FAC8,bra,1175,1152,4,2,2
raw,M_TASKPOLICY_INIT_57A5FAC8,bra,1294,1269,4,2,2
raw,M_TASKPOLICY_INIT_57A5FAC8,bra,1367,1340,4,2,2
raw,M_TASKPOLICY_INIT_57A5FAC8,brl,1447,1418,4,3,1
raw,M_TASKPOLICY_INIT_57A5FAC8,bra,2155,2125,4,2,2
raw,M_TASKPOLICY_INIT_57A5FAC8,bra,2220,2188,4,2,2
raw,M_TASKPOLICY_INIT_57A5FAC8,bra,2352,2318,4,2,2
raw,M_TASKPOLICY_INIT_57A5FAC8,bra,2439,2403,4,2,2
raw,M_TASKPOLICY_INIT_57A5FAC8,bra,2512,2474,4,2,2
raw,M_TASKPOLICY_TIMEDCOUNT_C3B59E74,bra,8,8,4,2,2
raw,M_TASKPOLICY_ADJUSTTIMED_DDC1BE1E,bra,8,8,4,2,2
raw,M_TASKPOLICY_ADJUSTTIMED_DDC1BE1E,bra,56,54,4,2,2
raw,M_TASKPOLICY_ADJUSTTIMED_DDC1BE1E,bra,119,115,4,2,2
raw,M_TASKPOLICY_WAKE_9E9C7518,bra,8,8,4,2,2
raw,M_TASKPOLICY_WAKE_9E9C7518,brl,83,81,4,3,1
raw,M_TASKPOLICY_WAKE_9E9C7518,bra,105,102,4,2,2
raw,M_TASKPOLICY_WAKE_9E9C7518,brl,204,199,4,3,1
raw,M_TASKPOLICY_WAKE_9E9C7518,brl,282,276,4,3,1
raw,M_TASKPOLICY_WAKE_9E9C7518,bra,323,316,4,2,2
raw,M_TASKPOLICY_WAKE_9E9C7518,bra,388,379,4,2,2
raw,M_TASKPOLICY_WAKE_9E9C7518,brl,468,457,4,3,1
raw,M_TASKPOLICY_SELECT_1A709B3E,conditional,227,219,6,2,4
raw,M_TASKPOLICY_SELECT_1A709B3E,conditional,443,423,6,2,4
raw,M_TASKPOLICY_SELECT_1A709B3E,bra,8,8,4,2,2
raw,M_TASKPOLICY_SELECT_1A709B3E,bra,38,36,4,2,2
raw,M_TASKPOLICY_SELECT_1A709B3E,bra,101,97,4,2,2
raw,M_TASKPOLICY_SELECT_1A709B3E,bra,143,137,4,2,2
raw,M_TASKPOLICY_SELECT_1A709B3E,bra,243,231,4,2,2
raw,M_TASKPOLICY_SELECT_1A709B3E,bra,257,243,4,2,2
raw,M_TASKPOLICY_SELECT_1A709B3E,bra,323,307,4,2,2
raw,M_TASKPOLICY_SELECT_1A709B3E,bra,359,341,4,2,2
raw,M_TASKPOLICY_SELECT_1A709B3E,bra,459,435,4,2,2
raw,M_TASKPOLICY_SELECT_1A709B3E,bra,493,467,4,2,2
raw,M_TASKPOLICY_SELECT_1A709B3E,bra,566,538,4,2,2
raw,M_TASKPOLICY_SELECT_1A709B3E,bra,600,570,4,2,2
raw,M_TASKPOLICY_SELECT_1A709B3E,bra,730,698,4,2,2
raw,M_TASKPOLICY_SWITCH_98522C9E,conditional,59,57,6,2,4
raw,M_TASKPOLICY_SWITCH_98522C9E,bra,8,8,4,2,2
raw,M_TASKPOLICY_SWITCH_98522C9E,bra,67,61,4,2,2
raw,M_TASKPOLICY_SWITCH_98522C9E,bra,101,93,4,2,2
raw,M_TASKPOLICY_SWITCH_98522C9E,bra,192,182,4,2,2
raw,M_TASKPOLICY_SWITCH_98522C9E,bra,246,234,4,2,2
raw,M_TASKPOLICY_SWITCH_98522C9E,bra,319,305,4,2,2
raw,M_TASKPOLICY_SWITCH_98522C9E,bra,371,355,4,2,2
raw,M_TASKPOLICY_SWITCH_98522C9E,bra,393,375,4,2,2
raw,M_TASKPOLICY_SWITCH_98522C9E,bra,450,430,4,2,2
raw,M_TASKPOLICY_SWITCH_98522C9E,bra,497,475,4,2,2
raw,M_TASKPOLICY_EMPTYSIGNALS_EA2224E4,conditional,80,78,6,2,4
raw,M_TASKPOLICY_EMPTYSIGNALS_EA2224E4,conditional,90,84,6,2,4
raw,M_TASKPOLICY_EMPTYSIGNALS_EA2224E4,conditional,164,152,6,2,4
raw,M_TASKPOLICY_EMPTYSIGNALS_EA2224E4,conditional,174,158,6,2,4
raw,M_TASKPOLICY_EMPTYSIGNALS_EA2224E4,conditional,258,236,6,2,4
raw,M_TASKPOLICY_EMPTYSIGNALS_EA2224E4,conditional,268,242,6,2,4
raw,M_TASKPOLICY_EMPTYSIGNALS_EA2224E4,conditional,352,320,6,2,4
raw,M_TASKPOLICY_EMPTYSIGNALS_EA2224E4,conditional,362,326,6,2,4
raw,M_TASKPOLICY_EMPTYSIGNALS_EA2224E4,conditional,444,402,6,2,4
raw,M_TASKPOLICY_EMPTYSIGNALS_EA2224E4,conditional,458,412,6,2,4
raw,M_TASKPOLICY_EMPTYSIGNALS_EA2224E4,bra,8,8,4,2,2
raw,M_TASKPOLICY_EMPTYSIGNALS_EA2224E4,bra,100,90,4,2,2
raw,M_TASKPOLICY_EMPTYSIGNALS_EA2224E4,bra,184,164,4,2,2
raw,M_TASKPOLICY_EMPTYSIGNALS_EA2224E4,bra,278,248,4,2,2
raw,M_TASKPOLICY_EMPTYSIGNALS_EA2224E4,bra,372,332,4,2,2
raw,M_TASKPOLICY_EMPTYSIGNALS_EA2224E4,bra,468,418,4,2,2
raw,M_TASKPOLICY_ADD_A5E7C92B,bra,8,8,4,2,2
raw,M_TASKPOLICY_ADD_A5E7C92B,bra,42,40,4,2,2
raw,M_TASKPOLICY_ADD_A5E7C92B,bra,292,288,4,2,2
raw,M_TASKPOLICY_ADD_A5E7C92B,bra,365,359,4,2,2
raw,M_TASKPOLICY_ADD_A5E7C92B,bra,383,375,4,2,2
raw,M_TASKPOLICY_ADD_A5E7C92B,bra,491,481,4,2,2
raw,M_TASKPOLICY_ADD_A5E7C92B,bra,497,485,4,2,2
raw,M_TASKPOLICY_ADD_A5E7C92B,bra,534,520,4,2,2
raw,M_TASKPOLICY_ADD_A5E7C92B,bra,540,524,4,2,2
raw,M_TASKPOLICY_ADD_A5E7C92B,bra,577,559,4,2,2
raw,M_TASKPOLICY_ADD_A5E7C92B,bra,595,575,4,2,2
raw,M_TASKPOLICY_ADD_A5E7C92B,bra,686,664,4,2,2
raw,M_TASKPOLICY_ADD_A5E7C92B,bra,759,735,4,2,2
raw,M_TASKPOLICY_ADD_A5E7C92B,bra,777,751,4,2,2
raw,M_TASKPOLICY_ADD_A5E7C92B,bra,868,840,4,2,2
raw,M_TASKPOLICY_ADD_A5E7C92B,bra,941,911,4,2,2
raw,M_TASKPOLICY_ADD_A5E7C92B,bra,947,915,4,2,2
raw,M_TASKPOLICY_ADD_A5E7C92B,bra,967,933,4,2,2
raw,M_TASKPOLICY_ADD_A5E7C92B,bra,1040,1004,4,2,2
raw,M_TASKPOLICY_ADD_A5E7C92B,bra,1058,1020,4,2,2
raw,M_TASKPOLICY_ADD_A5E7C92B,brl,1171,1131,4,3,1
raw,M_TASKPOLICY_ADD_A5E7C92B,bra,1193,1152,4,2,2
raw,M_TASKPOLICY_ADD_A5E7C92B,bra,1266,1223,4,2,2
raw,M_TASKPOLICY_ADD_A5E7C92B,bra,1284,1239,4,2,2
raw,M_TASKPOLICY_ADD_A5E7C92B,bra,1375,1328,4,2,2
raw,M_TASKPOLICY_ADD_A5E7C92B,bra,1445,1396,4,2,2
raw,M_TASKPOLICY_ADD_A5E7C92B,bra,1463,1412,4,2,2
raw,M_TASKPOLICY_ADD_A5E7C92B,bra,1558,1505,4,2,2
raw,M_TASKPOLICY_ADD_A5E7C92B,bra,1664,1609,4,2,2
raw,M_TASKPOLICY_ADD_A5E7C92B,bra,1779,1722,4,2,2
raw,M_TASKPOLICY_ADD_A5E7C92B,bra,1858,1799,4,2,2
raw,M_TASKPOLICY_ADD_A5E7C92B,bra,1971,1910,4,2,2
raw,M_TASKPOLICY_REMOVETASK_35F29A21,conditional,281,269,6,2,4
raw,M_TASKPOLICY_REMOVETASK_35F29A21,conditional,445,425,6,2,4
raw,M_TASKPOLICY_REMOVETASK_35F29A21,conditional,1903,1841,6,2,4
raw,M_TASKPOLICY_REMOVETASK_35F29A21,bra,8,8,4,2,2
raw,M_TASKPOLICY_REMOVETASK_35F29A21,bra,58,56,4,2,2
raw,M_TASKPOLICY_REMOVETASK_35F29A21,bra,64,60,4,2,2
raw,M_TASKPOLICY_REMOVETASK_35F29A21,bra,80,74,4,2,2
raw,M_TASKPOLICY_REMOVETASK_35F29A21,bra,157,149,4,2,2
raw,M_TASKPOLICY_REMOVETASK_35F29A21,bra,187,177,4,2,2
raw,M_TASKPOLICY_REMOVETASK_35F29A21,bra,297,281,4,2,2
raw,M_TASKPOLICY_REMOVETASK_35F29A21,bra,361,343,4,2,2
raw,M_TASKPOLICY_REMOVETASK_35F29A21,bra,461,437,4,2,2
raw,M_TASKPOLICY_REMOVETASK_35F29A21,bra,495,469,4,2,2
raw,M_TASKPOLICY_REMOVETASK_35F29A21,bra,568,540,4,2,2
raw,M_TASKPOLICY_REMOVETASK_35F29A21,brl,574,544,4,3,1
raw,M_TASKPOLICY_REMOVETASK_35F29A21,bra,594,563,4,2,2
raw,M_TASKPOLICY_REMOVETASK_35F29A21,bra,667,634,4,2,2
raw,M_TASKPOLICY_REMOVETASK_35F29A21,brl,673,638,4,3,1
raw,M_TASKPOLICY_REMOVETASK_35F29A21,bra,693,657,4,2,2
raw,M_TASKPOLICY_REMOVETASK_35F29A21,bra,766,728,4,2,2
raw,M_TASKPOLICY_REMOVETASK_35F29A21,bra,772,732,4,2,2
raw,M_TASKPOLICY_REMOVETASK_35F29A21,bra,792,750,4,2,2
raw,M_TASKPOLICY_REMOVETASK_35F29A21,bra,865,821,4,2,2
raw,M_TASKPOLICY_REMOVETASK_35F29A21,bra,899,853,4,2,2
raw,M_TASKPOLICY_REMOVETASK_35F29A21,bra,989,941,4,2,2
raw,M_TASKPOLICY_REMOVETASK_35F29A21,bra,1003,953,4,2,2
raw,M_TASKPOLICY_REMOVETASK_35F29A21,bra,1085,1033,4,2,2
raw,M_TASKPOLICY_REMOVETASK_35F29A21,bra,1135,1081,4,2,2
raw,M_TASKPOLICY_REMOVETASK_35F29A21,bra,1680,1624,4,2,2
raw,M_TASKPOLICY_REMOVETASK_35F29A21,bra,1753,1695,4,2,2
raw,M_TASKPOLICY_REMOVETASK_35F29A21,bra,1826,1766,4,2,2
raw,M_TASKPOLICY_REMOVETASK_35F29A21,bra,1921,1855,4,2,2
raw,M_TASKPOLICY_REMOVETASK_35F29A21,bra,1943,1875,4,2,2
raw,M_TASKPOLICY_SAMENAME_968CD62D,conditional,72,70,6,2,4
raw,M_TASKPOLICY_SAMENAME_968CD62D,bra,8,8,4,2,2
raw,M_TASKPOLICY_SAMENAME_968CD62D,bra,88,82,4,2,2
raw,M_TASKPOLICY_SAMENAME_968CD62D,brl,166,158,4,3,1
raw,M_TASKPOLICY_SAMENAME_968CD62D,bra,205,196,4,2,2
raw,M_TASKPOLICY_SAMENAME_968CD62D,brl,393,382,4,3,1
raw,M_TASKPOLICY_FIND_0D9A09D7,conditional,40,38,6,2,4
raw,M_TASKPOLICY_FIND_0D9A09D7,bra,8,8,4,2,2
raw,M_TASKPOLICY_FIND_0D9A09D7,brl,56,50,4,3,1
raw,M_TASKPOLICY_FIND_0D9A09D7,bra,80,73,4,2,2
raw,M_TASKPOLICY_FIND_0D9A09D7,brl,252,243,4,3,1
raw,M_TASKPOLICY_FIND_0D9A09D7,bra,274,264,4,2,2
raw,M_TASKPOLICY_FIND_0D9A09D7,brl,373,361,4,3,1
raw,M_TASKPOLICY_FIND_0D9A09D7,bra,471,458,4,2,2
raw,M_TASKPOLICY_FIND_0D9A09D7,bra,558,543,4,2,2
raw,M_TASKPOLICY_FIND_0D9A09D7,brl,634,617,4,3,1
raw,M_TASKPOLICY_PRIORITY_7FE7EE8A,conditional,210,204,6,2,4
raw,M_TASKPOLICY_PRIORITY_7FE7EE8A,conditional,378,364,6,2,4
raw,M_TASKPOLICY_PRIORITY_7FE7EE8A,conditional,386,368,6,2,4
raw,M_TASKPOLICY_PRIORITY_7FE7EE8A,conditional,405,383,6,2,4
raw,M_TASKPOLICY_PRIORITY_7FE7EE8A,bra,8,8,4,2,2
raw,M_TASKPOLICY_PRIORITY_7FE7EE8A,bra,42,40,4,2,2
raw,M_TASKPOLICY_PRIORITY_7FE7EE8A,bra,142,138,4,2,2
raw,M_TASKPOLICY_PRIORITY_7FE7EE8A,bra,226,216,4,2,2
raw,M_TASKPOLICY_PRIORITY_7FE7EE8A,bra,307,295,4,2,2
raw,M_TASKPOLICY_PRIORITY_7FE7EE8A,bra,411,385,4,2,2
raw,M_TASKPOLICY_PRIORITY_7FE7EE8A,bra,484,456,4,2,2
raw,M_TASKPOLICY_EXCLUSION_DFE541A6,bra,8,8,4,2,2
raw,M_TASKPOLICY_EXCLUSION_DFE541A6,bra,86,84,4,2,2
raw,M_TASKPOLICY_EXCLUSION_DFE541A6,bra,133,129,4,2,2
raw,M_TASKPOLICY_EXCLUSION_DFE541A6,bra,197,191,4,2,2
raw,M_TASKPOLICY_EXCLUSION_DFE541A6,bra,242,234,4,2,2
raw,M_TASKPOLICY_EXCLUSION_DFE541A6,bra,392,382,4,2,2
raw,M_TASKPOLICY_SLEEPTASK_6A909BCC,bra,8,8,4,2,2
raw,M_TASKPOLICY_SLEEPTASK_6A909BCC,bra,54,52,4,2,2
raw,M_TASKPOLICY_SLEEPTASK_6A909BCC,bra,124,120,4,2,2
raw,M_TASKPOLICY_SLEEPTASK_6A909BCC,bra,142,136,4,2,2
raw,M_TASKPOLICY_SLEEPTASK_6A909BCC,bra,231,223,4,2,2
raw,M_TASKPOLICY_SLEEPTASK_6A909BCC,bra,312,302,4,2,2
raw,M_TASKPOLICY_SLEEPTASK_6A909BCC,bra,330,318,4,2,2
raw,M_TASKPOLICY_SLEEPTASK_6A909BCC,bra,423,409,4,2,2
raw,M_TASKPOLICY_SLEEPTASK_6A909BCC,bra,500,484,4,2,2
raw,M_TASKPOLICY_SLEEPTASK_6A909BCC,bra,553,535,4,2,2
raw,M_TASKPOLICY_SLEEPTASK_6A909BCC,bra,639,619,4,2,2
raw,M_TASKPOLICY_SLEEPTASK_6A909BCC,bra,808,786,4,2,2
raw,M_TASKPOLICY_SLEEPTASK_6A909BCC,bra,889,865,4,2,2
raw,M_TASKPOLICY_MASKRESULT_220A6FAB,conditional,211,207,6,2,4
raw,M_TASKPOLICY_MASKRESULT_220A6FAB,conditional,219,211,6,2,4
raw,M_TASKPOLICY_MASKRESULT_220A6FAB,conditional,227,215,6,2,4
raw,M_TASKPOLICY_MASKRESULT_220A6FAB,conditional,237,221,6,2,4
raw,M_TASKPOLICY_MASKRESULT_220A6FAB,conditional,245,225,6,2,4
raw,M_TASKPOLICY_MASKRESULT_220A6FAB,conditional,268,244,6,2,4
raw,M_TASKPOLICY_MASKRESULT_220A6FAB,bra,8,8,4,2,2
raw,M_TASKPOLICY_MASKRESULT_220A6FAB,bra,62,60,4,2,2
raw,M_TASKPOLICY_MASKRESULT_220A6FAB,bra,274,246,4,2,2
raw,M_TASKPOLICY_SIGNALBIT_7E52F9EF,conditional,78,76,6,2,4
raw,M_TASKPOLICY_SIGNALBIT_7E52F9EF,conditional,86,80,6,2,4
raw,M_TASKPOLICY_SIGNALBIT_7E52F9EF,conditional,94,84,6,2,4
raw,M_TASKPOLICY_SIGNALBIT_7E52F9EF,conditional,104,90,6,2,4
raw,M_TASKPOLICY_SIGNALBIT_7E52F9EF,conditional,112,94,6,2,4
raw,M_TASKPOLICY_SIGNALBIT_7E52F9EF,conditional,135,113,6,2,4
raw,M_TASKPOLICY_SIGNALBIT_7E52F9EF,bra,8,8,4,2,2
raw,M_TASKPOLICY_SIGNALBIT_7E52F9EF,bra,141,115,4,2,2
raw,M_TASKPOLICY_ALLOCATEBIT_A349E154,conditional,273,267,6,2,4
raw,M_TASKPOLICY_ALLOCATEBIT_A349E154,bra,8,8,4,2,2
raw,M_TASKPOLICY_ALLOCATEBIT_A349E154,brl,52,50,4,3,1
raw,M_TASKPOLICY_ALLOCATEBIT_A349E154,brl,91,88,4,3,1
raw,M_TASKPOLICY_ALLOCATEBIT_A349E154,bra,113,109,4,2,2
raw,M_TASKPOLICY_ALLOCATEBIT_A349E154,bra,287,277,4,2,2
raw,M_TASKPOLICY_ALLOCATEBIT_A349E154,bra,305,293,4,2,2
raw,M_TASKPOLICY_ALLOCATEBIT_A349E154,brl,332,318,4,3,1
raw,M_TASKPOLICY_ALLOCATEBIT_A349E154,bra,350,335,4,2,2
raw,M_TASKPOLICY_ALLOCATEBIT_A349E154,bra,356,339,4,2,2
raw,M_TASKPOLICY_ALLOCATEBIT_A349E154,bra,374,355,4,2,2
raw,M_TASKPOLICY_ALLOCATEBIT_A349E154,bra,408,387,4,2,2
raw,M_TASKPOLICY_ALLOCATEBIT_A349E154,bra,576,553,4,2,2
raw,M_TASKPOLICY_ALLOCATEBIT_A349E154,bra,746,721,4,2,2
raw,M_TASKPOLICY_MASKS_49833CE1,conditional,704,684,6,2,4
raw,M_TASKPOLICY_MASKS_49833CE1,bra,8,8,4,2,2
raw,M_TASKPOLICY_MASKS_49833CE1,bra,84,82,4,2,2
raw,M_TASKPOLICY_MASKS_49833CE1,brl,182,178,4,3,1
raw,M_TASKPOLICY_MASKS_49833CE1,bra,235,230,4,2,2
raw,M_TASKPOLICY_MASKS_49833CE1,bra,324,317,4,2,2
raw,M_TASKPOLICY_MASKS_49833CE1,brl,406,397,4,3,1
raw,M_TASKPOLICY_MASKS_49833CE1,bra,453,443,4,2,2
raw,M_TASKPOLICY_MASKS_49833CE1,bra,486,474,4,2,2
raw,M_TASKPOLICY_MASKS_49833CE1,bra,492,478,4,2,2
raw,M_TASKPOLICY_MASKS_49833CE1,bra,510,494,4,2,2
raw,M_TASKPOLICY_MASKS_49833CE1,bra,544,526,4,2,2
raw,M_TASKPOLICY_MASKS_49833CE1,bra,718,694,4,2,2
raw,M_TASKPOLICY_MASKS_49833CE1,bra,1131,1105,4,2,2
raw,M_TASKPOLICY_MASKS_49833CE1,bra,1241,1213,4,2,2
raw,M_TASKPOLICY_COMPLETEWAIT_31FB45E4,conditional,195,189,6,2,4
raw,M_TASKPOLICY_COMPLETEWAIT_31FB45E4,bra,8,8,4,2,2
raw,M_TASKPOLICY_COMPLETEWAIT_31FB45E4,bra,63,61,4,2,2
raw,M_TASKPOLICY_COMPLETEWAIT_31FB45E4,bra,97,93,4,2,2
raw,M_TASKPOLICY_COMPLETEWAIT_31FB45E4,bra,209,199,4,2,2
raw,M_TASKPOLICY_COMPLETEWAIT_31FB45E4,bra,266,254,4,2,2
raw,M_TASKPOLICY_WAITTASK_AD94C4A2,bra,8,8,4,2,2
raw,M_TASKPOLICY_WAITTASK_AD94C4A2,bra,42,40,4,2,2
raw,M_TASKPOLICY_WAITTASK_AD94C4A2,bra,119,115,4,2,2
raw,M_TASKPOLICY_WAITTASK_AD94C4A2,bra,149,143,4,2,2
raw,M_TASKPOLICY_WAITTASK_AD94C4A2,bra,295,287,4,2,2
raw,M_TASKPOLICY_WAITTASK_AD94C4A2,bra,413,403,4,2,2
raw,M_TASKPOLICY_WAITTASK_AD94C4A2,bra,439,427,4,2,2
raw,M_TASKPOLICY_WAITTASK_AD94C4A2,bra,527,513,4,2,2
raw,M_TASKPOLICY_POSTSIGNAL_10773240,bra,8,8,4,2,2
raw,M_TASKPOLICY_POSTSIGNAL_10773240,bra,88,86,4,2,2
raw,M_TASKPOLICY_POSTSIGNAL_10773240,bra,194,190,4,2,2
raw,M_TASKPOLICY_POSTSIGNAL_10773240,bra,267,261,4,2,2
raw,M_TASKPOLICY_POSTSIGNAL_10773240,bra,289,281,4,2,2
raw,M_TASKPOLICY_SIGNALTASK_806F80F5,conditional,268,262,6,2,4
raw,M_TASKPOLICY_SIGNALTASK_806F80F5,conditional,368,356,6,2,4
raw,M_TASKPOLICY_SIGNALTASK_806F80F5,bra,8,8,4,2,2
raw,M_TASKPOLICY_SIGNALTASK_806F80F5,bra,42,40,4,2,2
raw,M_TASKPOLICY_SIGNALTASK_806F80F5,bra,184,180,4,2,2
raw,M_TASKPOLICY_SIGNALTASK_806F80F5,bra,284,274,4,2,2
raw,M_TASKPOLICY_SIGNALTASK_806F80F5,bra,382,366,4,2,2
raw,M_TASKPOLICY_SIGNALTASK_806F80F5,bra,425,407,4,2,2
raw,M_TASKPOLICY_SIGNALTASK_806F80F5,bra,510,490,4,2,2
raw,M_TASKPOLICY_SIGNALTASK_806F80F5,bra,563,541,4,2,2
raw,M_TASKPOLICY_CANCELWAKE_8ADC984A,bra,8,8,4,2,2
raw,M_TASKPOLICY_CANCELWAKE_8ADC984A,bra,63,61,4,2,2
raw,M_TASKPOLICY_CANCELWAKE_8ADC984A,bra,85,81,4,2,2
raw,M_TASKPOLICY_DRAINONE_68E56764,conditional,112,108,6,2,4
raw,M_TASKPOLICY_DRAINONE_68E56764,conditional,159,149,6,2,4
raw,M_TASKPOLICY_DRAINONE_68E56764,bra,8,8,4,2,2
raw,M_TASKPOLICY_DRAINONE_68E56764,bra,38,36,4,2,2
raw,M_TASKPOLICY_DRAINONE_68E56764,bra,128,120,4,2,2
raw,M_TASKPOLICY_DRAINONE_68E56764,bra,177,163,4,2,2
raw,M_TASKPOLICY_DRAINONE_68E56764,bra,253,237,4,2,2
raw,M_TASKPOLICY_DRAINONE_68E56764,bra,343,325,4,2,2
raw,M_TASKPOLICY_DRAINONE_68E56764,bra,377,357,4,2,2
raw,M_TASKPOLICY_DRAINONE_68E56764,bra,450,428,4,2,2
raw,M_TASKPOLICY_DRAINONE_68E56764,bra,472,448,4,2,2
raw,M_TASKPOLICY_DRAINWAKES_15F017CB,bra,8,8,4,2,2
raw,M_TASKPOLICY_DRAINWAKES_15F017CB,bra,46,44,4,2,2
raw,M_TASKPOLICY_DRAINWAKES_15F017CB,bra,101,97,4,2,2
raw,M_TASKPOLICY_DRAINWAKES_15F017CB,bra,172,166,4,2,2
raw,M_TASKPOLICY_DRAINWAKES_15F017CB,bra,204,196,4,2,2
raw,M_TASKPOLICY_DRAINWAKES_15F017CB,bra,241,231,4,2,2
raw,M_TASKPOLICY_DRAINWAKES_15F017CB,brl,302,290,4,3,1
raw,M_TASKPOLICY_BOUNDPRODUCER_6D7B4E54,conditional,479,457,6,2,4
raw,M_TASKPOLICY_BOUNDPRODUCER_6D7B4E54,conditional,547,519,6,2,4
raw,M_TASKPOLICY_BOUNDPRODUCER_6D7B4E54,conditional,561,529,6,2,4
raw,M_TASKPOLICY_BOUNDPRODUCER_6D7B4E54,bra,8,8,4,2,2
raw,M_TASKPOLICY_BOUNDPRODUCER_6D7B4E54,bra,62,60,4,2,2
raw,M_TASKPOLICY_BOUNDPRODUCER_6D7B4E54,bra,135,131,4,2,2
raw,M_TASKPOLICY_BOUNDPRODUCER_6D7B4E54,brl,141,135,4,3,1
raw,M_TASKPOLICY_BOUNDPRODUCER_6D7B4E54,bra,161,154,4,2,2
raw,M_TASKPOLICY_BOUNDPRODUCER_6D7B4E54,bra,234,225,4,2,2
raw,M_TASKPOLICY_BOUNDPRODUCER_6D7B4E54,brl,240,229,4,3,1
raw,M_TASKPOLICY_BOUNDPRODUCER_6D7B4E54,bra,260,248,4,2,2
raw,M_TASKPOLICY_BOUNDPRODUCER_6D7B4E54,bra,333,319,4,2,2
raw,M_TASKPOLICY_BOUNDPRODUCER_6D7B4E54,bra,339,323,4,2,2
raw,M_TASKPOLICY_BOUNDPRODUCER_6D7B4E54,bra,359,341,4,2,2
raw,M_TASKPOLICY_BOUNDPRODUCER_6D7B4E54,bra,432,412,4,2,2
raw,M_TASKPOLICY_BOUNDPRODUCER_6D7B4E54,bra,487,461,4,2,2
raw,M_TASKPOLICY_BOUNDPRODUCER_6D7B4E54,bra,571,535,4,2,2
raw,M_TASKPOLICY_PRODUCERCONTROL_52F9499B,conditional,982,954,6,2,4
raw,M_TASKPOLICY_PRODUCERCONTROL_52F9499B,conditional,1058,1022,6,2,4
raw,M_TASKPOLICY_PRODUCERCONTROL_52F9499B,bra,8,8,4,2,2
raw,M_TASKPOLICY_PRODUCERCONTROL_52F9499B,bra,58,56,4,2,2
raw,M_TASKPOLICY_PRODUCERCONTROL_52F9499B,bra,135,131,4,2,2
raw,M_TASKPOLICY_PRODUCERCONTROL_52F9499B,bra,141,135,4,2,2
raw,M_TASKPOLICY_PRODUCERCONTROL_52F9499B,bra,161,153,4,2,2
raw,M_TASKPOLICY_PRODUCERCONTROL_52F9499B,brl,193,183,4,3,1
raw,M_TASKPOLICY_PRODUCERCONTROL_52F9499B,bra,207,196,4,2,2
raw,M_TASKPOLICY_PRODUCERCONTROL_52F9499B,brl,409,396,4,3,1
raw,M_TASKPOLICY_PRODUCERCONTROL_52F9499B,bra,423,409,4,2,2
raw,M_TASKPOLICY_PRODUCERCONTROL_52F9499B,bra,486,470,4,2,2
raw,M_TASKPOLICY_PRODUCERCONTROL_52F9499B,bra,551,533,4,2,2
raw,M_TASKPOLICY_PRODUCERCONTROL_52F9499B,bra,662,642,4,2,2
raw,M_TASKPOLICY_PRODUCERCONTROL_52F9499B,bra,692,670,4,2,2
raw,M_TASKPOLICY_PRODUCERCONTROL_52F9499B,bra,772,748,4,2,2
raw,M_TASKPOLICY_PRODUCERCONTROL_52F9499B,bra,898,872,4,2,2
raw,M_TASKPOLICY_PRODUCERCONTROL_52F9499B,bra,998,966,4,2,2
raw,M_TASKPOLICY_PRODUCERCONTROL_52F9499B,bra,1004,970,4,2,2
raw,M_TASKPOLICY_PRODUCERCONTROL_52F9499B,bra,1072,1032,4,2,2
raw,M_TASKPOLICY_PRODUCERCONTROL_52F9499B,bra,1272,1230,4,2,2
raw,M_TASKPOLICY_PRODUCERCONTROL_52F9499B,bra,1345,1301,4,2,2
raw,M_TASKPOLICY_MEMORYSERVICE_7FAD083C,conditional,40,38,6,2,4
raw,M_TASKPOLICY_MEMORYSERVICE_7FAD083C,conditional,68,60,6,2,4
raw,M_TASKPOLICY_MEMORYSERVICE_7FAD083C,conditional,106,92,6,2,4
raw,M_TASKPOLICY_MEMORYSERVICE_7FAD083C,conditional,134,114,6,2,4
raw,M_TASKPOLICY_MEMORYSERVICE_7FAD083C,bra,8,8,4,2,2
raw,M_TASKPOLICY_MEMORYSERVICE_7FAD083C,bra,48,42,4,2,2
raw,M_TASKPOLICY_MEMORYSERVICE_7FAD083C,bra,76,64,4,2,2
raw,M_TASKPOLICY_MEMORYSERVICE_7FAD083C,bra,114,96,4,2,2
raw,M_TASKPOLICY_MEMORYSERVICE_7FAD083C,bra,142,118,4,2,2
raw,M_TASKPOLICY_MEMORYPACKET_B36B55BB,conditional,367,349,6,2,4
raw,M_TASKPOLICY_MEMORYPACKET_B36B55BB,bra,8,8,4,2,2
raw,M_TASKPOLICY_MEMORYPACKET_B36B55BB,bra,54,52,4,2,2
raw,M_TASKPOLICY_MEMORYPACKET_B36B55BB,bra,145,141,4,2,2
raw,M_TASKPOLICY_MEMORYPACKET_B36B55BB,bra,151,145,4,2,2
raw,M_TASKPOLICY_MEMORYPACKET_B36B55BB,bra,169,161,4,2,2
raw,M_TASKPOLICY_MEMORYPACKET_B36B55BB,bra,205,195,4,2,2
raw,M_TASKPOLICY_MEMORYPACKET_B36B55BB,bra,260,248,4,2,2
raw,M_TASKPOLICY_MEMORYPACKET_B36B55BB,bra,266,252,4,2,2
raw,M_TASKPOLICY_MEMORYPACKET_B36B55BB,bra,303,287,4,2,2
raw,M_TASKPOLICY_MEMORYPACKET_B36B55BB,bra,377,355,4,2,2
raw,M_TASKPOLICY_MEMORYCALL_E7816C43,bra,8,8,4,2,2
raw,M_TASKPOLICY_MEMORYCALL_E7816C43,bra,58,56,4,2,2
raw,M_TASKPOLICY_MEMORYCALL_E7816C43,bra,145,141,4,2,2
raw,M_TASKPOLICY_MEMORYCALL_E7816C43,bra,175,169,4,2,2
raw,M_TASKPOLICY_MEMORYCALL_E7816C43,bra,257,249,4,2,2
raw,M_TASKPOLICY_MEMORYCALL_E7816C43,bra,263,253,4,2,2
raw,M_TASKPOLICY_MEMORYCALL_E7816C43,brl,281,269,4,3,1
raw,M_TASKPOLICY_MEMORYCALL_E7816C43,brl,333,320,4,3,1
raw,M_TASKPOLICY_MEMORYCALL_E7816C43,bra,411,397,4,2,2
raw,M_TASKPOLICY_MEMORYCALL_E7816C43,bra,523,507,4,2,2
raw,M_TASKPOLICY_MEMORYCALL_E7816C43,brl,582,564,4,3,1
raw,M_TASKPOLICY_MEMORYCALL_E7816C43,bra,658,639,4,2,2
raw,M_TASKPOLICY_MEMORYCALL_E7816C43,bra,770,749,4,2,2
raw,M_TASKPOLICY_MEMORYCALL_E7816C43,brl,843,820,4,3,1
raw,M_TASKPOLICY_MEMORYCALL_E7816C43,bra,953,929,4,2,2
raw,M_TASKPOLICY_MEMORYCALL_E7816C43,brl,1036,1010,4,3,1
raw,M_TASKPOLICY_MEMORYCALL_E7816C43,bra,1116,1089,4,2,2
raw,M_TASKPOLICY_MEMORYCALL_E7816C43,brl,1187,1158,4,3,1
raw,M_TASKPOLICY_MEMORYCALL_E7816C43,bra,1267,1237,4,2,2
raw,M_TASKPOLICY_MEMORYCALL_E7816C43,bra,1335,1303,4,2,2
raw,M_TASKPOLICY_MEMORYCALL_E7816C43,brl,1408,1374,4,3,1
raw,M_TASKPOLICY_MEMORYCALL_E7816C43,bra,1492,1457,4,2,2
raw,M_TASKPOLICY_MEMORYCALL_E7816C43,bra,1562,1525,4,2,2
raw,M_TASKPOLICY_PORTSERVICE_8D598BCC,conditional,40,38,6,2,4
raw,M_TASKPOLICY_PORTSERVICE_8D598BCC,conditional,68,60,6,2,4
raw,M_TASKPOLICY_PORTSERVICE_8D598BCC,bra,8,8,4,2,2
raw,M_TASKPOLICY_PORTSERVICE_8D598BCC,bra,48,42,4,2,2
raw,M_TASKPOLICY_PORTSERVICE_8D598BCC,bra,76,64,4,2,2
raw,M_TASKPOLICY_INITPORTS_2CB7E92A,bra,8,8,4,2,2
raw,M_TASKPOLICY_INITPORTS_2CB7E92A,bra,82,80,4,2,2
raw,M_TASKPOLICY_PORTSTORAGE_D3468DA2,conditional,40,38,6,2,4
raw,M_TASKPOLICY_PORTSTORAGE_D3468DA2,conditional,189,181,6,2,4
raw,M_TASKPOLICY_PORTSTORAGE_D3468DA2,conditional,195,183,6,2,4
raw,M_TASKPOLICY_PORTSTORAGE_D3468DA2,conditional,209,193,6,2,4
raw,M_TASKPOLICY_PORTSTORAGE_D3468DA2,conditional,215,195,6,2,4
raw,M_TASKPOLICY_PORTSTORAGE_D3468DA2,conditional,229,205,6,2,4
raw,M_TASKPOLICY_PORTSTORAGE_D3468DA2,conditional,235,207,6,2,4
raw,M_TASKPOLICY_PORTSTORAGE_D3468DA2,conditional,249,217,6,2,4
raw,M_TASKPOLICY_PORTSTORAGE_D3468DA2,conditional,255,219,6,2,4
raw,M_TASKPOLICY_PORTSTORAGE_D3468DA2,bra,8,8,4,2,2
raw,M_TASKPOLICY_PORTSTORAGE_D3468DA2,bra,56,50,4,2,2
raw,M_TASKPOLICY_PORTSTORAGE_D3468DA2,bra,261,221,4,2,2
raw,M_TASKPOLICY_PORTSTORAGE_D3468DA2,bra,267,225,4,2,2
raw,M_TASKPOLICY_PORTSTORAGE_D3468DA2,bra,273,229,4,2,2
raw,M_TASKPOLICY_PORTSTORAGE_D3468DA2,bra,279,233,4,2,2
raw,M_TASKPOLICY_VALIDPORT_7710F985,bra,8,8,4,2,2
raw,M_TASKPOLICY_VALIDPORT_7710F985,bra,46,44,4,2,2
raw,M_TASKPOLICY_VALIDPORT_7710F985,bra,119,115,4,2,2
raw,M_TASKPOLICY_VALIDPORT_7710F985,bra,170,164,4,2,2
raw,M_TASKPOLICY_VALIDPORT_7710F985,bra,221,213,4,2,2
raw,M_TASKPOLICY_VALIDPORT_7710F985,bra,260,250,4,2,2
raw,M_TASKPOLICY_VALIDMESSAGE_C0DE7739,conditional,40,38,6,2,4
raw,M_TASKPOLICY_VALIDMESSAGE_C0DE7739,conditional,289,277,6,2,4
raw,M_TASKPOLICY_VALIDMESSAGE_C0DE7739,conditional,295,279,6,2,4
raw,M_TASKPOLICY_VALIDMESSAGE_C0DE7739,conditional,309,289,6,2,4
raw,M_TASKPOLICY_VALIDMESSAGE_C0DE7739,conditional,315,291,6,2,4
raw,M_TASKPOLICY_VALIDMESSAGE_C0DE7739,conditional,329,301,6,2,4
raw,M_TASKPOLICY_VALIDMESSAGE_C0DE7739,conditional,335,303,6,2,4
raw,M_TASKPOLICY_VALIDMESSAGE_C0DE7739,conditional,349,313,6,2,4
raw,M_TASKPOLICY_VALIDMESSAGE_C0DE7739,conditional,355,315,6,2,4
raw,M_TASKPOLICY_VALIDMESSAGE_C0DE7739,bra,8,8,4,2,2
raw,M_TASKPOLICY_VALIDMESSAGE_C0DE7739,bra,56,50,4,2,2
raw,M_TASKPOLICY_VALIDMESSAGE_C0DE7739,bra,62,54,4,2,2
raw,M_TASKPOLICY_VALIDMESSAGE_C0DE7739,bra,156,146,4,2,2
raw,M_TASKPOLICY_VALIDMESSAGE_C0DE7739,bra,361,317,4,2,2
raw,M_TASKPOLICY_VALIDMESSAGE_C0DE7739,bra,367,321,4,2,2
raw,M_TASKPOLICY_VALIDMESSAGE_C0DE7739,bra,373,325,4,2,2
raw,M_TASKPOLICY_VALIDMESSAGE_C0DE7739,bra,379,329,4,2,2
raw,M_TASKPOLICY_SENDMESSAGE_7332557D,conditional,389,378,6,2,4
raw,M_TASKPOLICY_SENDMESSAGE_7332557D,bra,8,8,4,2,2
raw,M_TASKPOLICY_SENDMESSAGE_7332557D,bra,46,44,4,2,2
raw,M_TASKPOLICY_SENDMESSAGE_7332557D,bra,119,115,4,2,2
raw,M_TASKPOLICY_SENDMESSAGE_7332557D,brl,206,200,4,3,1
raw,M_TASKPOLICY_SENDMESSAGE_7332557D,bra,245,238,4,2,2
raw,M_TASKPOLICY_SENDMESSAGE_7332557D,bra,305,296,4,2,2
raw,M_TASKPOLICY_SENDMESSAGE_7332557D,bra,405,390,4,2,2
raw,M_TASKPOLICY_SENDMESSAGE_7332557D,bra,458,441,4,2,2
raw,M_TASKPOLICY_SENDMESSAGE_7332557D,bra,654,635,4,2,2
raw,M_TASKPOLICY_SENDMESSAGE_7332557D,brl,745,724,4,3,1
raw,M_TASKPOLICY_SENDMESSAGE_7332557D,bra,775,753,4,2,2
raw,M_TASKPOLICY_SENDMESSAGE_7332557D,bra,860,836,4,2,2
raw,M_TASKPOLICY_PORTHEAD_A12A0751,bra,8,8,4,2,2
raw,M_TASKPOLICY_PORTHEAD_A12A0751,bra,46,44,4,2,2
raw,M_TASKPOLICY_PORTHEAD_A12A0751,bra,119,115,4,2,2
raw,M_TASKPOLICY_PORTHEAD_A12A0751,bra,149,143,4,2,2
raw,M_TASKPOLICY_PORTHEAD_A12A0751,bra,226,218,4,2,2
raw,M_TASKPOLICY_PORTHEAD_A12A0751,bra,232,222,4,2,2
raw,M_TASKPOLICY_PORTHEAD_A12A0751,bra,269,257,4,2,2
raw,M_TASKPOLICY_PORTHEAD_A12A0751,bra,371,357,4,2,2
raw,M_TASKPOLICY_PORTHEAD_A12A0751,bra,377,361,4,2,2
raw,M_TASKPOLICY_PORTHEAD_A12A0751,bra,414,396,4,2,2
raw,M_TASKPOLICY_PORTHEAD_A12A0751,bra,511,491,4,2,2
raw,M_TASKPOLICY_PORTHEAD_A12A0751,bra,584,562,4,2,2
raw,M_TASKPOLICY_PORTHEAD_A12A0751,bra,680,656,4,2,2
raw,M_TASKPOLICY_PORTDELETE_CF47DFE6,conditional,544,528,6,2,4
raw,M_TASKPOLICY_PORTDELETE_CF47DFE6,bra,8,8,4,2,2
raw,M_TASKPOLICY_PORTDELETE_CF47DFE6,bra,46,44,4,2,2
raw,M_TASKPOLICY_PORTDELETE_CF47DFE6,bra,119,115,4,2,2
raw,M_TASKPOLICY_PORTDELETE_CF47DFE6,bra,237,231,4,2,2
raw,M_TASKPOLICY_PORTDELETE_CF47DFE6,bra,288,280,4,2,2
raw,M_TASKPOLICY_PORTDELETE_CF47DFE6,bra,294,284,4,2,2
raw,M_TASKPOLICY_PORTDELETE_CF47DFE6,bra,331,319,4,2,2
raw,M_TASKPOLICY_PORTDELETE_CF47DFE6,bra,384,370,4,2,2
raw,M_TASKPOLICY_PORTDELETE_CF47DFE6,bra,558,538,4,2,2
raw,M_TASKPOLICY_PORTDELETE_CF47DFE6,bra,639,617,4,2,2
raw,M_TASKPOLICY_PORTDELETE_CF47DFE6,bra,712,688,4,2,2
raw,M_TASKPOLICY_PORTDELETE_CF47DFE6,bra,777,751,4,2,2
raw,M_TASKPOLICY_REGISTRYCALL_6B5FFB7F,conditional,76,74,6,2,4
raw,M_TASKPOLICY_REGISTRYCALL_6B5FFB7F,bra,8,8,4,2,2
raw,M_TASKPOLICY_REGISTRYCALL_6B5FFB7F,bra,92,86,4,2,2
raw,M_TASKPOLICY_REGISTRYCALL_6B5FFB7F,brl,124,116,4,3,1
raw,M_TASKPOLICY_REGISTRYCALL_6B5FFB7F,bra,154,145,4,2,2
raw,M_TASKPOLICY_REGISTRYCALL_6B5FFB7F,bra,294,283,4,2,2
raw,M_TASKPOLICY_REGISTRYCALL_6B5FFB7F,brl,414,401,4,3,1
raw,M_TASKPOLICY_REGISTRYCALL_6B5FFB7F,bra,436,422,4,2,2
raw,M_TASKPOLICY_REGISTRYCALL_6B5FFB7F,bra,509,493,4,2,2
raw,M_TASKPOLICY_REGISTRYCALL_6B5FFB7F,bra,571,553,4,2,2
raw,M_TASKPOLICY_REGISTRYCALL_6B5FFB7F,bra,657,637,4,2,2
raw,M_TASKPOLICY_REGISTRYCALL_6B5FFB7F,bra,730,708,4,2,2
raw,M_TASKPOLICY_REGISTRYCALL_6B5FFB7F,bra,781,757,4,2,2
raw,M_TASKPOLICY_REGISTRYCALL_6B5FFB7F,bra,820,794,4,2,2
raw,M_TASKPOLICY_REGISTRYCALL_6B5FFB7F,bra,928,900,4,2,2
raw,M_TASKPOLICY_REGISTRYCALL_6B5FFB7F,bra,1091,1061,4,2,2
raw,M_TASKPOLICY_QUEUECALL_62B0545B,conditional,1010,988,6,2,4
raw,M_TASKPOLICY_QUEUECALL_62B0545B,bra,8,8,4,2,2
raw,M_TASKPOLICY_QUEUECALL_62B0545B,brl,44,42,4,3,1
raw,M_TASKPOLICY_QUEUECALL_62B0545B,bra,108,105,4,2,2
raw,M_TASKPOLICY_QUEUECALL_62B0545B,bra,181,176,4,2,2
raw,M_TASKPOLICY_QUEUECALL_62B0545B,bra,262,255,4,2,2
raw,M_TASKPOLICY_QUEUECALL_62B0545B,bra,388,379,4,2,2
raw,M_TASKPOLICY_QUEUECALL_62B0545B,brl,476,465,4,3,1
raw,M_TASKPOLICY_QUEUECALL_62B0545B,bra,540,528,4,2,2
raw,M_TASKPOLICY_QUEUECALL_62B0545B,bra,613,599,4,2,2
raw,M_TASKPOLICY_QUEUECALL_62B0545B,bra,693,677,4,2,2
raw,M_TASKPOLICY_QUEUECALL_62B0545B,bra,867,849,4,2,2
raw,M_TASKPOLICY_QUEUECALL_62B0545B,bra,940,920,4,2,2
raw,M_TASKPOLICY_QUEUECALL_62B0545B,bra,1026,1000,4,2,2
raw,M_TASKPOLICY_QUEUECALL_62B0545B,bra,1108,1080,4,2,2
raw,M_TASKPOLICY_PORTCALL_70989793,bra,8,8,4,2,2
raw,M_TASKPOLICY_PORTCALL_70989793,bra,54,52,4,2,2
raw,M_TASKPOLICY_PORTCALL_70989793,bra,145,141,4,2,2
raw,M_TASKPOLICY_PORTCALL_70989793,bra,200,194,4,2,2
raw,M_TASKPOLICY_PORTCALL_70989793,bra,206,198,4,2,2
raw,M_TASKPOLICY_PORTCALL_70989793,bra,243,233,4,2,2
raw,M_TASKPOLICY_PORTCALL_70989793,bra,309,297,4,2,2
raw,M_TASKPOLICY_PORTCALL_70989793,bra,339,325,4,2,2
raw,M_TASKPOLICY_PORTCALL_70989793,brl,437,421,4,3,1
raw,M_TASKPOLICY_PORTCALL_70989793,bra,509,492,4,2,2
raw,M_TASKPOLICY_PORTCALL_70989793,brl,607,588,4,3,1
raw,M_TASKPOLICY_PORTCALL_70989793,bra,667,647,4,2,2
raw,M_TASKPOLICY_PORTCALL_70989793,brl,769,747,4,3,1
raw,M_TASKPOLICY_PORTCALL_70989793,bra,829,806,4,2,2
raw,M_TASKPOLICY_PORTCALL_70989793,bra,953,928,4,2,2
raw,M_TASKPOLICY_IOSERVICE_1E6CF653,conditional,40,38,6,2,4
raw,M_TASKPOLICY_IOSERVICE_1E6CF653,conditional,68,60,6,2,4
raw,M_TASKPOLICY_IOSERVICE_1E6CF653,bra,8,8,4,2,2
raw,M_TASKPOLICY_IOSERVICE_1E6CF653,bra,48,42,4,2,2
raw,M_TASKPOLICY_IOSERVICE_1E6CF653,bra,76,64,4,2,2
raw,M_TASKPOLICY_INITIONAMES_D8642B1E,bra,8,8,4,2,2
raw,M_TASKPOLICY_INITIO_35D5D1E4,bra,8,8,4,2,2
raw,M_TASKPOLICY_INITIO_35D5D1E4,bra,61,59,4,2,2
raw,M_TASKPOLICY_INITIO_35D5D1E4,bra,67,63,4,2,2
raw,M_TASKPOLICY_INITIO_35D5D1E4,bra,102,96,4,2,2
raw,M_TASKPOLICY_INITIO_35D5D1E4,bra,108,100,4,2,2
raw,M_TASKPOLICY_INITIO_35D5D1E4,bra,131,121,4,2,2
raw,M_TASKPOLICY_INITIO_35D5D1E4,bra,523,511,4,2,2
raw,M_TASKPOLICY_INITIO_35D5D1E4,bra,824,810,4,2,2
raw,M_TASKPOLICY_INITIO_35D5D1E4,bra,881,865,4,2,2
raw,M_TASKPOLICY_INITIO_35D5D1E4,bra,895,877,4,2,2
raw,M_TASKPOLICY_IOEXTENT_9818C08A,conditional,364,356,6,2,4
raw,M_TASKPOLICY_IOEXTENT_9818C08A,conditional,370,358,6,2,4
raw,M_TASKPOLICY_IOEXTENT_9818C08A,conditional,384,368,6,2,4
raw,M_TASKPOLICY_IOEXTENT_9818C08A,conditional,390,370,6,2,4
raw,M_TASKPOLICY_IOEXTENT_9818C08A,conditional,404,380,6,2,4
raw,M_TASKPOLICY_IOEXTENT_9818C08A,conditional,410,382,6,2,4
raw,M_TASKPOLICY_IOEXTENT_9818C08A,conditional,424,392,6,2,4
raw,M_TASKPOLICY_IOEXTENT_9818C08A,conditional,430,394,6,2,4
raw,M_TASKPOLICY_IOEXTENT_9818C08A,bra,8,8,4,2,2
raw,M_TASKPOLICY_IOEXTENT_9818C08A,bra,78,76,4,2,2
raw,M_TASKPOLICY_IOEXTENT_9818C08A,bra,151,147,4,2,2
raw,M_TASKPOLICY_IOEXTENT_9818C08A,bra,202,196,4,2,2
raw,M_TASKPOLICY_IOEXTENT_9818C08A,bra,436,396,4,2,2
raw,M_TASKPOLICY_IOEXTENT_9818C08A,bra,442,400,4,2,2
raw,M_TASKPOLICY_IOEXTENT_9818C08A,bra,448,404,4,2,2
raw,M_TASKPOLICY_IOEXTENT_9818C08A,bra,454,408,4,2,2
raw,M_TASKPOLICY_IOERROR_9413450C,bra,8,8,4,2,2
raw,M_TASKPOLICY_IOERROR_9413450C,bra,64,62,4,2,2
raw,M_TASKPOLICY_IOERROR_9413450C,bra,136,132,4,2,2
raw,M_TASKPOLICY_IONAME_8B922013,conditional,40,38,6,2,4
raw,M_TASKPOLICY_IONAME_8B922013,bra,8,8,4,2,2
raw,M_TASKPOLICY_IONAME_8B922013,bra,56,50,4,2,2
raw,M_TASKPOLICY_IONAME_8B922013,bra,98,90,4,2,2
raw,M_TASKPOLICY_IOBOUND_33A4879E,conditional,705,686,6,2,4
raw,M_TASKPOLICY_IOBOUND_33A4879E,bra,8,8,4,2,2
raw,M_TASKPOLICY_IOBOUND_33A4879E,bra,46,44,4,2,2
raw,M_TASKPOLICY_IOBOUND_33A4879E,bra,119,115,4,2,2
raw,M_TASKPOLICY_IOBOUND_33A4879E,bra,125,119,4,2,2
raw,M_TASKPOLICY_IOBOUND_33A4879E,bra,145,137,4,2,2
raw,M_TASKPOLICY_IOBOUND_33A4879E,bra,218,208,4,2,2
raw,M_TASKPOLICY_IOBOUND_33A4879E,bra,246,234,4,2,2
raw,M_TASKPOLICY_IOBOUND_33A4879E,brl,338,324,4,3,1
raw,M_TASKPOLICY_IOBOUND_33A4879E,bra,471,456,4,2,2
raw,M_TASKPOLICY_IOBOUND_33A4879E,bra,648,631,4,2,2
raw,M_TASKPOLICY_IOBOUND_33A4879E,bra,715,692,4,2,2
raw,M_TASKPOLICY_IOOPEN_15F8E966,bra,8,8,4,2,2
raw,M_TASKPOLICY_IOOPEN_15F8E966,bra,100,98,4,2,2
raw,M_TASKPOLICY_IOOPEN_15F8E966,bra,181,177,4,2,2
raw,M_TASKPOLICY_IOOPEN_15F8E966,bra,323,317,4,2,2
raw,M_TASKPOLICY_IOOPEN_15F8E966,bra,396,388,4,2,2
raw,M_TASKPOLICY_IOOPEN_15F8E966,bra,422,412,4,2,2
raw,M_TASKPOLICY_IOOPEN_15F8E966,bra,615,603,4,2,2
raw,M_TASKPOLICY_IOOPEN_15F8E966,bra,702,688,4,2,2
raw,M_TASKPOLICY_IOOPEN_15F8E966,bra,728,712,4,2,2
raw,M_TASKPOLICY_IOOPEN_15F8E966,bra,822,804,4,2,2
raw,M_TASKPOLICY_IOOPENTEST_C4ABA6E6,conditional,158,155,6,2,4
raw,M_TASKPOLICY_IOOPENTEST_C4ABA6E6,conditional,228,220,6,2,4
raw,M_TASKPOLICY_IOOPENTEST_C4ABA6E6,bra,8,8,4,2,2
raw,M_TASKPOLICY_IOOPENTEST_C4ABA6E6,brl,102,100,4,3,1
raw,M_TASKPOLICY_IOOPENTEST_C4ABA6E6,brl,172,165,4,3,1
raw,M_TASKPOLICY_IOOPENTEST_C4ABA6E6,brl,242,230,4,3,1
raw,M_TASKPOLICY_IOOPENTEST_C4ABA6E6,bra,367,354,4,2,2
raw,M_TASKPOLICY_IOOPENTEST_C4ABA6E6,bra,454,439,4,2,2
raw,M_TASKPOLICY_IOOPENTEST_C4ABA6E6,bra,615,598,4,2,2
raw,M_TASKPOLICY_IOOPENTEST_C4ABA6E6,brl,702,683,4,3,1
raw,M_TASKPOLICY_IOOPENTEST_C4ABA6E6,bra,749,729,4,2,2
raw,M_TASKPOLICY_IOOPENTEST_C4ABA6E6,bra,767,745,4,2,2
raw,M_TASKPOLICY_IOOPENTEST_C4ABA6E6,brl,880,856,4,3,1
raw,M_TASKPOLICY_IOOPENTEST_C4ABA6E6,brl,916,891,4,3,1
raw,M_TASKPOLICY_IOOPENTEST_C4ABA6E6,bra,1174,1148,4,2,2
raw,M_TASKPOLICY_IOCOMPLETE_88BA0BF3,bra,8,8,4,2,2
raw,M_TASKPOLICY_IOCOMPLETE_88BA0BF3,brl,73,71,4,3,1
raw,M_TASKPOLICY_IOCOMPLETE_88BA0BF3,bra,145,142,4,2,2
raw,M_TASKPOLICY_IOCOMPLETE_88BA0BF3,bra,305,300,4,2,2
raw,M_TASKPOLICY_IOWAITOWNER_63A51E9E,conditional,208,202,6,2,4
raw,M_TASKPOLICY_IOWAITOWNER_63A51E9E,conditional,302,290,6,2,4
raw,M_TASKPOLICY_IOWAITOWNER_63A51E9E,conditional,316,300,6,2,4
raw,M_TASKPOLICY_IOWAITOWNER_63A51E9E,conditional,379,357,6,2,4
raw,M_TASKPOLICY_IOWAITOWNER_63A51E9E,bra,8,8,4,2,2
raw,M_TASKPOLICY_IOWAITOWNER_63A51E9E,bra,88,86,4,2,2
raw,M_TASKPOLICY_IOWAITOWNER_63A51E9E,bra,161,157,4,2,2
raw,M_TASKPOLICY_IOWAITOWNER_63A51E9E,bra,216,206,4,2,2
raw,M_TASKPOLICY_IOWAITOWNER_63A51E9E,bra,326,306,4,2,2
raw,M_TASKPOLICY_IOWAITOWNER_63A51E9E,bra,387,361,4,2,2
raw,M_TASKPOLICY_IOCOLLECT_D169FE6C,bra,8,8,4,2,2
raw,M_TASKPOLICY_IOCOLLECT_D169FE6C,bra,54,52,4,2,2
raw,M_TASKPOLICY_IOCOLLECT_D169FE6C,bra,141,137,4,2,2
raw,M_TASKPOLICY_IOCOLLECT_D169FE6C,brl,192,186,4,3,1
raw,M_TASKPOLICY_IOCOLLECT_D169FE6C,bra,335,328,4,2,2
raw,M_TASKPOLICY_IOCOLLECT_D169FE6C,brl,440,431,4,3,1
raw,M_TASKPOLICY_IOCOLLECT_D169FE6C,bra,490,480,4,2,2
raw,M_TASKPOLICY_IOCOLLECT_D169FE6C,bra,574,562,4,2,2
raw,M_TASKPOLICY_IOCOLLECT_D169FE6C,bra,611,597,4,2,2
raw,M_TASKPOLICY_IOCOLLECT_D169FE6C,bra,668,652,4,2,2
raw,M_TASKPOLICY_IOENQUEUE_EC975914,conditional,251,249,6,2,4
raw,M_TASKPOLICY_IOENQUEUE_EC975914,conditional,474,465,6,2,4
raw,M_TASKPOLICY_IOENQUEUE_EC975914,conditional,681,665,6,2,4
raw,M_TASKPOLICY_IOENQUEUE_EC975914,conditional,866,843,6,2,4
raw,M_TASKPOLICY_IOENQUEUE_EC975914,conditional,872,845,6,2,4
raw,M_TASKPOLICY_IOENQUEUE_EC975914,conditional,886,855,6,2,4
raw,M_TASKPOLICY_IOENQUEUE_EC975914,conditional,892,857,6,2,4
raw,M_TASKPOLICY_IOENQUEUE_EC975914,conditional,906,867,6,2,4
raw,M_TASKPOLICY_IOENQUEUE_EC975914,conditional,912,869,6,2,4
raw,M_TASKPOLICY_IOENQUEUE_EC975914,conditional,926,879,6,2,4
raw,M_TASKPOLICY_IOENQUEUE_EC975914,conditional,932,881,6,2,4
raw,M_TASKPOLICY_IOENQUEUE_EC975914,bra,8,8,4,2,2
raw,M_TASKPOLICY_IOENQUEUE_EC975914,brl,267,261,4,3,1
raw,M_TASKPOLICY_IOENQUEUE_EC975914,bra,336,329,4,2,2
raw,M_TASKPOLICY_IOENQUEUE_EC975914,brl,488,475,4,3,1
raw,M_TASKPOLICY_IOENQUEUE_EC975914,bra,557,543,4,2,2
raw,M_TASKPOLICY_IOENQUEUE_EC975914,bra,697,677,4,2,2
raw,M_TASKPOLICY_IOENQUEUE_EC975914,brl,703,681,4,3,1
raw,M_TASKPOLICY_IOENQUEUE_EC975914,bra,938,883,4,2,2
raw,M_TASKPOLICY_IOENQUEUE_EC975914,bra,944,887,4,2,2
raw,M_TASKPOLICY_IOENQUEUE_EC975914,bra,950,891,4,2,2
raw,M_TASKPOLICY_IOENQUEUE_EC975914,bra,956,895,4,2,2
raw,M_TASKPOLICY_IOENQUEUE_EC975914,brl,972,909,4,3,1
raw,M_TASKPOLICY_IOENQUEUE_EC975914,bra,1041,977,4,2,2
raw,M_TASKPOLICY_IOENQUEUE_EC975914,bra,1209,1143,4,2,2
raw,M_TASKPOLICY_IOENQUEUE_EC975914,bra,1352,1284,4,2,2
raw,M_TASKPOLICY_IOENQUEUE_EC975914,bra,1437,1367,4,2,2
raw,M_TASKPOLICY_IOBEGIN_A0C610B5,conditional,956,929,6,2,4
raw,M_TASKPOLICY_IOBEGIN_A0C610B5,bra,8,8,4,2,2
raw,M_TASKPOLICY_IOBEGIN_A0C610B5,bra,46,44,4,2,2
raw,M_TASKPOLICY_IOBEGIN_A0C610B5,bra,119,115,4,2,2
raw,M_TASKPOLICY_IOBEGIN_A0C610B5,bra,125,119,4,2,2
raw,M_TASKPOLICY_IOBEGIN_A0C610B5,bra,171,163,4,2,2
raw,M_TASKPOLICY_IOBEGIN_A0C610B5,bra,244,234,4,2,2
raw,M_TASKPOLICY_IOBEGIN_A0C610B5,bra,276,264,4,2,2
raw,M_TASKPOLICY_IOBEGIN_A0C610B5,brl,323,309,4,3,1
raw,M_TASKPOLICY_IOBEGIN_A0C610B5,bra,353,338,4,2,2
raw,M_TASKPOLICY_IOBEGIN_A0C610B5,bra,440,423,4,2,2
raw,M_TASKPOLICY_IOBEGIN_A0C610B5,bra,517,498,4,2,2
raw,M_TASKPOLICY_IOBEGIN_A0C610B5,bra,646,625,4,2,2
raw,M_TASKPOLICY_IOBEGIN_A0C610B5,bra,719,696,4,2,2
raw,M_TASKPOLICY_IOBEGIN_A0C610B5,bra,753,728,4,2,2
raw,M_TASKPOLICY_IOBEGIN_A0C610B5,bra,974,943,4,2,2
raw,M_TASKPOLICY_IOBEGIN_A0C610B5,bra,1008,975,4,2,2
raw,M_TASKPOLICY_IOBEGIN_A0C610B5,bra,1124,1089,4,2,2
raw,M_TASKPOLICY_IOTESTBEGIN_2E780855,conditional,485,472,6,2,4
raw,M_TASKPOLICY_IOTESTBEGIN_2E780855,bra,8,8,4,2,2
raw,M_TASKPOLICY_IOTESTBEGIN_2E780855,bra,71,69,4,2,2
raw,M_TASKPOLICY_IOTESTBEGIN_2E780855,bra,77,73,4,2,2
raw,M_TASKPOLICY_IOTESTBEGIN_2E780855,brl,122,116,4,3,1
raw,M_TASKPOLICY_IOTESTBEGIN_2E780855,bra,169,162,4,2,2
raw,M_TASKPOLICY_IOTESTBEGIN_2E780855,brl,210,201,4,3,1
raw,M_TASKPOLICY_IOTESTBEGIN_2E780855,bra,333,323,4,2,2
raw,M_TASKPOLICY_IOTESTBEGIN_2E780855,brl,366,354,4,3,1
raw,M_TASKPOLICY_IOTESTBEGIN_2E780855,bra,503,486,4,2,2
raw,M_TASKPOLICY_IOTESTBEGIN_2E780855,bra,537,518,4,2,2
raw,M_TASKPOLICY_IOTESTBEGIN_2E780855,bra,625,604,4,2,2
raw,M_TASKPOLICY_IOTESTBEGIN_2E780855,bra,670,647,4,2,2
raw,M_TASKPOLICY_IOTESTBEGIN_2E780855,bra,739,714,4,2,2
raw,M_TASKPOLICY_IOABORT_1EC95CFC,conditional,515,501,6,2,4
raw,M_TASKPOLICY_IOABORT_1EC95CFC,conditional,935,911,6,2,4
raw,M_TASKPOLICY_IOABORT_1EC95CFC,bra,8,8,4,2,2
raw,M_TASKPOLICY_IOABORT_1EC95CFC,bra,46,44,4,2,2
raw,M_TASKPOLICY_IOABORT_1EC95CFC,bra,119,115,4,2,2
raw,M_TASKPOLICY_IOABORT_1EC95CFC,bra,170,164,4,2,2
raw,M_TASKPOLICY_IOABORT_1EC95CFC,bra,205,197,4,2,2
raw,M_TASKPOLICY_IOABORT_1EC95CFC,bra,278,268,4,2,2
raw,M_TASKPOLICY_IOABORT_1EC95CFC,bra,312,300,4,2,2
raw,M_TASKPOLICY_IOABORT_1EC95CFC,bra,533,515,4,2,2
raw,M_TASKPOLICY_IOABORT_1EC95CFC,bra,567,547,4,2,2
raw,M_TASKPOLICY_IOABORT_1EC95CFC,bra,782,760,4,2,2
raw,M_TASKPOLICY_IOABORT_1EC95CFC,bra,953,925,4,2,2
raw,M_TASKPOLICY_IOABORT_1EC95CFC,bra,1043,1013,4,2,2
raw,M_TASKPOLICY_IOABORT_1EC95CFC,bra,1163,1131,4,2,2
raw,M_TASKPOLICY_IOWORKERCONTROL_3D43EE5B,conditional,238,232,6,2,4
raw,M_TASKPOLICY_IOWORKERCONTROL_3D43EE5B,bra,8,8,4,2,2
raw,M_TASKPOLICY_IOWORKERCONTROL_3D43EE5B,brl,44,42,4,3,1
raw,M_TASKPOLICY_IOWORKERCONTROL_3D43EE5B,bra,96,93,4,2,2
raw,M_TASKPOLICY_IOWORKERCONTROL_3D43EE5B,brl,102,97,4,3,1
raw,M_TASKPOLICY_IOWORKERCONTROL_3D43EE5B,bra,252,242,4,2,2
raw,M_TASKPOLICY_IOWORKERCONTROL_3D43EE5B,brl,362,350,4,3,1
raw,M_TASKPOLICY_IOWORKERCONTROL_3D43EE5B,bra,424,411,4,2,2
raw,M_TASKPOLICY_IOWORKERCONTROL_3D43EE5B,bra,488,473,4,2,2
raw,M_TASKPOLICY_IOWORKERCONTROL_3D43EE5B,bra,494,477,4,2,2
raw,M_TASKPOLICY_IOWORKERCONTROL_3D43EE5B,bra,542,523,4,2,2
raw,M_TASKPOLICY_IOWORKERCONTROL_3D43EE5B,bra,615,594,4,2,2
raw,M_TASKPOLICY_IOWORKERCONTROL_3D43EE5B,bra,748,725,4,2,2
raw,M_TASKPOLICY_IOCLAIM_E59988BA,conditional,334,328,6,2,4
raw,M_TASKPOLICY_IOCLAIM_E59988BA,bra,8,8,4,2,2
raw,M_TASKPOLICY_IOCLAIM_E59988BA,bra,76,74,4,2,2
raw,M_TASKPOLICY_IOCLAIM_E59988BA,bra,138,134,4,2,2
raw,M_TASKPOLICY_IOCLAIM_E59988BA,bra,350,340,4,2,2
raw,M_TASKPOLICY_IOCLAIM_E59988BA,bra,435,423,4,2,2
raw,M_TASKPOLICY_IOTEST_D46D842E,conditional,547,530,6,2,4
raw,M_TASKPOLICY_IOTEST_D46D842E,bra,8,8,4,2,2
raw,M_TASKPOLICY_IOTEST_D46D842E,bra,129,127,4,2,2
raw,M_TASKPOLICY_IOTEST_D46D842E,bra,161,157,4,2,2
raw,M_TASKPOLICY_IOTEST_D46D842E,bra,167,161,4,2,2
raw,M_TASKPOLICY_IOTEST_D46D842E,brl,185,177,4,3,1
raw,M_TASKPOLICY_IOTEST_D46D842E,bra,227,218,4,2,2
raw,M_TASKPOLICY_IOTEST_D46D842E,bra,379,368,4,2,2
raw,M_TASKPOLICY_IOTEST_D46D842E,bra,411,398,4,2,2
raw,M_TASKPOLICY_IOTEST_D46D842E,bra,437,422,4,2,2
raw,M_TASKPOLICY_IOTEST_D46D842E,bra,563,542,4,2,2
raw,M_TASKPOLICY_IOTEST_D46D842E,brl,595,572,4,3,1
raw,M_TASKPOLICY_IOTEST_D46D842E,bra,634,610,4,2,2
raw,M_TASKPOLICY_IOTEST_D46D842E,bra,730,704,4,2,2
raw,M_TASKPOLICY_IOTEST_D46D842E,bra,816,788,4,2,2
raw,M_TASKPOLICY_IOTEST_D46D842E,bra,862,832,4,2,2
raw,M_TASKPOLICY_IOTESTFINISH_35E02F77,bra,8,8,4,2,2
raw,M_TASKPOLICY_IOTESTFINISH_35E02F77,bra,105,103,4,2,2
raw,M_TASKPOLICY_IOTESTFINISH_35E02F77,bra,188,184,4,2,2
raw,M_TASKPOLICY_IOTESTFINISH_35E02F77,bra,229,223,4,2,2
raw,M_TASKPOLICY_IOTESTFINISH_35E02F77,bra,482,474,4,2,2
raw,M_TASKPOLICY_IOTESTFINISH_35E02F77,bra,569,559,4,2,2
raw,M_TASKPOLICY_IOCALL_78031962,bra,8,8,4,2,2
raw,M_TASKPOLICY_IOCALL_78031962,bra,54,52,4,2,2
raw,M_TASKPOLICY_IOCALL_78031962,bra,145,141,4,2,2
raw,M_TASKPOLICY_IOCALL_78031962,bra,181,175,4,2,2
raw,M_TASKPOLICY_IOCALL_78031962,bra,217,209,4,2,2
raw,M_TASKPOLICY_IOCALL_78031962,bra,272,262,4,2,2
raw,M_TASKPOLICY_IOCALL_78031962,bra,278,266,4,2,2
raw,M_TASKPOLICY_IOCALL_78031962,bra,315,301,4,2,2
raw,M_TASKPOLICY_IOCALL_78031962,bra,381,365,4,2,2
raw,M_TASKPOLICY_IOCALL_78031962,bra,411,393,4,2,2
raw,M_TASKPOLICY_IOCALL_78031962,brl,509,489,4,3,1
raw,M_TASKPOLICY_IOCALL_78031962,bra,559,538,4,2,2
raw,M_TASKPOLICY_IOCALL_78031962,brl,661,638,4,3,1
raw,M_TASKPOLICY_IOCALL_78031962,bra,730,706,4,2,2
raw,M_TASKPOLICY_IOCALL_78031962,brl,828,802,4,3,1
raw,M_TASKPOLICY_IOCALL_78031962,bra,892,865,4,2,2
raw,M_TASKPOLICY_IOCALL_78031962,bra,975,946,4,2,2
raw,M_TASKPOLICY_IOCALL_78031962,bra,1057,1026,4,2,2
raw,M_TASKPOLICY_IOCALL_78031962,bra,1099,1066,4,2,2
raw,M_TASKPOLICY_IOCALL_78031962,brl,1229,1194,4,3,1
raw,M_TASKPOLICY_IOCALL_78031962,bra,1263,1227,4,2,2
raw,M_TASKPOLICY_IOCALL_78031962,bra,1344,1306,4,2,2
raw,M_TASKPOLICY_IOCALL_78031962,bra,1397,1357,4,2,2
raw,M_TASKPOLICY_IOCALL_78031962,bra,1501,1459,4,2,2
raw,M_TASKPOLICY_IOREQUESTCALL_7ACD78BD,bra,8,8,4,2,2
raw,M_TASKPOLICY_IOREQUESTCALL_7ACD78BD,bra,58,56,4,2,2
raw,M_TASKPOLICY_IOREQUESTCALL_7ACD78BD,bra,139,135,4,2,2
raw,M_TASKPOLICY_IOREQUESTCALL_7ACD78BD,bra,171,165,4,2,2
raw,M_TASKPOLICY_IOREQUESTCALL_7ACD78BD,bra,177,169,4,2,2
raw,M_TASKPOLICY_IOREQUESTCALL_7ACD78BD,bra,195,185,4,2,2
raw,M_TASKPOLICY_IOREQUESTCALL_7ACD78BD,bra,201,189,4,2,2
raw,M_TASKPOLICY_IOREQUESTCALL_7ACD78BD,brl,219,205,4,3,1
raw,M_TASKPOLICY_IOREQUESTCALL_7ACD78BD,bra,261,246,4,2,2
raw,M_TASKPOLICY_IOREQUESTCALL_7ACD78BD,bra,391,374,4,2,2
raw,M_TASKPOLICY_IOSETTLEDCALL_042AE5B9,conditional,102,99,6,2,4
raw,M_TASKPOLICY_IOSETTLEDCALL_042AE5B9,conditional,548,529,6,2,4
raw,M_TASKPOLICY_IOSETTLEDCALL_042AE5B9,bra,8,8,4,2,2
raw,M_TASKPOLICY_IOSETTLEDCALL_042AE5B9,brl,60,58,4,3,1
raw,M_TASKPOLICY_IOSETTLEDCALL_042AE5B9,bra,118,111,4,2,2
raw,M_TASKPOLICY_IOSETTLEDCALL_042AE5B9,bra,153,144,4,2,2
raw,M_TASKPOLICY_IOSETTLEDCALL_042AE5B9,bra,226,215,4,2,2
raw,M_TASKPOLICY_IOSETTLEDCALL_042AE5B9,bra,260,247,4,2,2
raw,M_TASKPOLICY_IOSETTLEDCALL_042AE5B9,bra,333,318,4,2,2
raw,M_TASKPOLICY_IOSETTLEDCALL_042AE5B9,bra,359,342,4,2,2
raw,M_TASKPOLICY_IOSETTLEDCALL_042AE5B9,bra,566,543,4,2,2
raw,M_TASKPOLICY_IOSETTLEDCALL_042AE5B9,bra,588,563,4,2,2
raw,M_TASKPOLICY_IOSETTLEDCALL_042AE5B9,bra,854,827,4,2,2
raw,M_TASKPOLICY_IOSETTLEDCALL_042AE5B9,bra,888,859,4,2,2
raw,M_TASKPOLICY_IOSETTLEDCALL_042AE5B9,bra,990,959,4,2,2
raw,M_TASKPOLICY_IOSETTLEDCALL_042AE5B9,bra,1024,991,4,2,2
raw,M_TASKPOLICY_IOSETTLEDCALL_042AE5B9,brl,1126,1091,4,3,1
raw,M_TASKPOLICY_IOSETTLEDCALL_042AE5B9,bra,1165,1129,4,2,2
raw,M_TASKPOLICY_IOSETTLEDCALL_042AE5B9,bra,1223,1185,4,2,2
raw,M_TASKPOLICY_INITSIOSTATE_10B63F2C,bra,8,8,4,2,2
raw,M_TASKPOLICY_INITSIOSTATE_10B63F2C,bra,157,155,4,2,2
raw,M_TASKPOLICY_INITSIOSTATE_10B63F2C,bra,239,235,4,2,2
raw,M_TASKPOLICY_SIOBOUND_346E47DB,conditional,421,417,6,2,4
raw,M_TASKPOLICY_SIOBOUND_346E47DB,conditional,427,419,6,2,4
raw,M_TASKPOLICY_SIOBOUND_346E47DB,conditional,441,429,6,2,4
raw,M_TASKPOLICY_SIOBOUND_346E47DB,conditional,447,431,6,2,4
raw,M_TASKPOLICY_SIOBOUND_346E47DB,conditional,461,441,6,2,4
raw,M_TASKPOLICY_SIOBOUND_346E47DB,conditional,467,443,6,2,4
raw,M_TASKPOLICY_SIOBOUND_346E47DB,conditional,481,453,6,2,4
raw,M_TASKPOLICY_SIOBOUND_346E47DB,conditional,487,455,6,2,4
raw,M_TASKPOLICY_SIOBOUND_346E47DB,conditional,624,577,6,2,4
raw,M_TASKPOLICY_SIOBOUND_346E47DB,conditional,630,579,6,2,4
raw,M_TASKPOLICY_SIOBOUND_346E47DB,conditional,644,589,6,2,4
raw,M_TASKPOLICY_SIOBOUND_346E47DB,conditional,650,591,6,2,4
raw,M_TASKPOLICY_SIOBOUND_346E47DB,conditional,664,601,6,2,4
raw,M_TASKPOLICY_SIOBOUND_346E47DB,conditional,670,603,6,2,4
raw,M_TASKPOLICY_SIOBOUND_346E47DB,conditional,684,613,6,2,4
raw,M_TASKPOLICY_SIOBOUND_346E47DB,conditional,690,615,6,2,4
raw,M_TASKPOLICY_SIOBOUND_346E47DB,conditional,1110,1019,6,2,4
raw,M_TASKPOLICY_SIOBOUND_346E47DB,conditional,1173,1076,6,2,4
raw,M_TASKPOLICY_SIOBOUND_346E47DB,conditional,1236,1133,6,2,4
raw,M_TASKPOLICY_SIOBOUND_346E47DB,conditional,1287,1178,6,2,4
raw,M_TASKPOLICY_SIOBOUND_346E47DB,bra,8,8,4,2,2
raw,M_TASKPOLICY_SIOBOUND_346E47DB,bra,157,155,4,2,2
raw,M_TASKPOLICY_SIOBOUND_346E47DB,bra,493,457,4,2,2
raw,M_TASKPOLICY_SIOBOUND_346E47DB,bra,499,461,4,2,2
raw,M_TASKPOLICY_SIOBOUND_346E47DB,bra,505,465,4,2,2
raw,M_TASKPOLICY_SIOBOUND_346E47DB,bra,511,469,4,2,2
raw,M_TASKPOLICY_SIOBOUND_346E47DB,bra,527,483,4,2,2
raw,M_TASKPOLICY_SIOBOUND_346E47DB,brl,533,487,4,3,1
raw,M_TASKPOLICY_SIOBOUND_346E47DB,bra,696,617,4,2,2
raw,M_TASKPOLICY_SIOBOUND_346E47DB,bra,702,621,4,2,2
raw,M_TASKPOLICY_SIOBOUND_346E47DB,bra,708,625,4,2,2
raw,M_TASKPOLICY_SIOBOUND_346E47DB,bra,714,629,4,2,2
raw,M_TASKPOLICY_SIOBOUND_346E47DB,bra,730,643,4,2,2
raw,M_TASKPOLICY_SIOBOUND_346E47DB,bra,946,857,4,2,2
raw,M_TASKPOLICY_SIOBOUND_346E47DB,bra,1120,1025,4,2,2
raw,M_TASKPOLICY_SIOBOUND_346E47DB,bra,1183,1082,4,2,2
raw,M_TASKPOLICY_SIOBOUND_346E47DB,bra,1244,1137,4,2,2
raw,M_TASKPOLICY_SIOBOUND_346E47DB,bra,1295,1182,4,2,2
raw,M_TASKPOLICY_SIOOPEN_38E97F75,conditional,490,481,6,2,4
raw,M_TASKPOLICY_SIOOPEN_38E97F75,conditional,496,483,6,2,4
raw,M_TASKPOLICY_SIOOPEN_38E97F75,conditional,510,493,6,2,4
raw,M_TASKPOLICY_SIOOPEN_38E97F75,conditional,516,495,6,2,4
raw,M_TASKPOLICY_SIOOPEN_38E97F75,conditional,530,505,6,2,4
raw,M_TASKPOLICY_SIOOPEN_38E97F75,conditional,536,507,6,2,4
raw,M_TASKPOLICY_SIOOPEN_38E97F75,conditional,550,517,6,2,4
raw,M_TASKPOLICY_SIOOPEN_38E97F75,conditional,556,519,6,2,4
raw,M_TASKPOLICY_SIOOPEN_38E97F75,conditional,654,604,6,2,4
raw,M_TASKPOLICY_SIOOPEN_38E97F75,conditional,660,606,6,2,4
raw,M_TASKPOLICY_SIOOPEN_38E97F75,conditional,674,616,6,2,4
raw,M_TASKPOLICY_SIOOPEN_38E97F75,conditional,680,618,6,2,4
raw,M_TASKPOLICY_SIOOPEN_38E97F75,conditional,694,628,6,2,4
raw,M_TASKPOLICY_SIOOPEN_38E97F75,conditional,700,630,6,2,4
raw,M_TASKPOLICY_SIOOPEN_38E97F75,conditional,714,640,6,2,4
raw,M_TASKPOLICY_SIOOPEN_38E97F75,conditional,720,642,6,2,4
raw,M_TASKPOLICY_SIOOPEN_38E97F75,conditional,816,725,6,2,4
raw,M_TASKPOLICY_SIOOPEN_38E97F75,conditional,1117,1017,6,2,4
raw,M_TASKPOLICY_SIOOPEN_38E97F75,conditional,1125,1021,6,2,4
raw,M_TASKPOLICY_SIOOPEN_38E97F75,conditional,1146,1038,6,2,4
raw,M_TASKPOLICY_SIOOPEN_38E97F75,bra,8,8,4,2,2
raw,M_TASKPOLICY_SIOOPEN_38E97F75,bra,218,216,4,2,2
raw,M_TASKPOLICY_SIOOPEN_38E97F75,bra,284,280,4,2,2
raw,M_TASKPOLICY_SIOOPEN_38E97F75,bra,329,323,4,2,2
raw,M_TASKPOLICY_SIOOPEN_38E97F75,brl,432,424,4,3,1
raw,M_TASKPOLICY_SIOOPEN_38E97F75,bra,562,521,4,2,2
raw,M_TASKPOLICY_SIOOPEN_38E97F75,bra,568,525,4,2,2
raw,M_TASKPOLICY_SIOOPEN_38E97F75,bra,574,529,4,2,2
raw,M_TASKPOLICY_SIOOPEN_38E97F75,bra,580,533,4,2,2
raw,M_TASKPOLICY_SIOOPEN_38E97F75,brl,596,547,4,3,1
raw,M_TASKPOLICY_SIOOPEN_38E97F75,bra,726,644,4,2,2
raw,M_TASKPOLICY_SIOOPEN_38E97F75,bra,732,648,4,2,2
raw,M_TASKPOLICY_SIOOPEN_38E97F75,bra,738,652,4,2,2
raw,M_TASKPOLICY_SIOOPEN_38E97F75,bra,744,656,4,2,2
raw,M_TASKPOLICY_SIOOPEN_38E97F75,brl,760,670,4,3,1
raw,M_TASKPOLICY_SIOOPEN_38E97F75,brl,830,735,4,3,1
raw,M_TASKPOLICY_SIOOPEN_38E97F75,bra,877,781,4,2,2
raw,M_TASKPOLICY_SIOOPEN_38E97F75,brl,895,797,4,3,1
raw,M_TASKPOLICY_SIOOPEN_38E97F75,brl,929,830,4,3,1
raw,M_TASKPOLICY_SIOOPEN_38E97F75,bra,1152,1040,4,2,2
raw,M_TASKPOLICY_SIOOPEN_38E97F75,bra,1594,1480,4,2,2
raw,M_TASKPOLICY_SIOCLOSE_4815C4E5,bra,8,8,4,2,2
raw,M_TASKPOLICY_SIOENQUEUE_F49C65E1,bra,8,8,4,2,2
raw,M_TASKPOLICY_SIOENQUEUE_F49C65E1,brl,216,214,4,3,1
raw,M_TASKPOLICY_SIOENQUEUE_F49C65E1,bra,277,274,4,2,2
raw,M_TASKPOLICY_SIOENQUEUE_F49C65E1,bra,398,393,4,2,2
raw,M_TASKPOLICY_SIOENQUEUE_F49C65E1,bra,404,397,4,2,2
raw,M_TASKPOLICY_SIOENQUEUE_F49C65E1,brl,441,432,4,3,1
raw,M_TASKPOLICY_SIOENQUEUE_F49C65E1,bra,510,500,4,2,2
raw,M_TASKPOLICY_SIOENQUEUE_F49C65E1,bra,709,697,4,2,2
raw,M_TASKPOLICY_SIOABORT_410D8B25,conditional,165,163,6,2,4
raw,M_TASKPOLICY_SIOABORT_410D8B25,bra,8,8,4,2,2
raw,M_TASKPOLICY_SIOABORT_410D8B25,bra,183,177,4,2,2
raw,M_TASKPOLICY_SIOABORT_410D8B25,bra,312,304,4,2,2
raw,M_TASKPOLICY_SIOABORT_410D8B25,bra,432,422,4,2,2
raw,M_TASKPOLICY_SIOPREPAREWORKER_A27B8738,bra,8,8,4,2,2
raw,M_TASKPOLICY_SIOPREPAREWORKER_A27B8738,bra,184,182,4,2,2
raw,M_TASKPOLICY_SIOPREPAREWORKER_A27B8738,bra,281,277,4,2,2
raw,M_TASKPOLICY_SIOPREPAREWORKER_A27B8738,bra,799,793,4,2,2
raw,M_TASKPOLICY_SIOPREPAREBUS_A2AD2C52,bra,8,8,4,2,2
raw,M_TASKPOLICY_SIOPREPAREBUS_A2AD2C52,bra,373,371,4,2,2
raw,M_TASKPOLICY_SIOADMIT_DC2C0CF4,conditional,483,469,6,2,4
raw,M_TASKPOLICY_SIOADMIT_DC2C0CF4,bra,8,8,4,2,2
raw,M_TASKPOLICY_SIOADMIT_DC2C0CF4,bra,164,162,4,2,2
raw,M_TASKPOLICY_SIOADMIT_DC2C0CF4,bra,240,236,4,2,2
raw,M_TASKPOLICY_SIOADMIT_DC2C0CF4,brl,303,297,4,3,1
raw,M_TASKPOLICY_SIOADMIT_DC2C0CF4,bra,325,318,4,2,2
raw,M_TASKPOLICY_SIOADMIT_DC2C0CF4,bra,424,415,4,2,2
raw,M_TASKPOLICY_SIOADMIT_DC2C0CF4,bra,430,419,4,2,2
raw,M_TASKPOLICY_SIOADMIT_DC2C0CF4,brl,469,456,4,3,1
raw,M_TASKPOLICY_SIOADMIT_DC2C0CF4,bra,499,481,4,2,2
raw,M_TASKPOLICY_SIOADMIT_DC2C0CF4,bra,533,513,4,2,2
raw,M_TASKPOLICY_SIOADMIT_DC2C0CF4,bra,631,609,4,2,2
raw,M_TASKPOLICY_SIOADMIT_DC2C0CF4,bra,748,724,4,2,2
raw,M_TASKPOLICY_SIOTAKE_23947030,conditional,484,476,6,2,4
raw,M_TASKPOLICY_SIOTAKE_23947030,bra,8,8,4,2,2
raw,M_TASKPOLICY_SIOTAKE_23947030,bra,79,77,4,2,2
raw,M_TASKPOLICY_SIOTAKE_23947030,bra,158,154,4,2,2
raw,M_TASKPOLICY_SIOTAKE_23947030,bra,247,241,4,2,2
raw,M_TASKPOLICY_SIOTAKE_23947030,bra,500,488,4,2,2
raw,M_TASKPOLICY_SIOTAKE_23947030,bra,607,593,4,2,2
raw,M_TASKPOLICY_SIOFINISH_B1C2A78C,conditional,82,80,6,2,4
raw,M_TASKPOLICY_SIOFINISH_B1C2A78C,bra,8,8,4,2,2
raw,M_TASKPOLICY_SIOFINISH_B1C2A78C,bra,98,92,4,2,2
raw,M_TASKPOLICY_SIOFINISH_B1C2A78C,brl,209,201,4,3,1
raw,M_TASKPOLICY_SIOFINISH_B1C2A78C,bra,340,331,4,2,2
raw,M_TASKPOLICY_SIOFINISH_B1C2A78C,bra,377,366,4,2,2
raw,M_TASKPOLICY_SIOFINISH_B1C2A78C,bra,587,574,4,2,2
raw,M_TASKPOLICY_SIOFINISH_B1C2A78C,bra,674,659,4,2,2
raw,M_TASKPOLICY_SIOSTOP_31FA5BA1,bra,8,8,4,2,2
raw,M_TASKPOLICY_SIOSTOP_31FA5BA1,bra,71,69,4,2,2
raw,M_TASKPOLICY_SIOSTOP_31FA5BA1,brl,77,73,4,3,1
raw,M_TASKPOLICY_SIOSTOP_31FA5BA1,bra,127,122,4,2,2
raw,M_TASKPOLICY_SIOSTOP_31FA5BA1,brl,133,126,4,3,1
raw,M_TASKPOLICY_SIOSTOP_31FA5BA1,bra,200,192,4,2,2
raw,M_TASKPOLICY_SIOSTOP_31FA5BA1,bra,273,263,4,2,2
raw,M_TASKPOLICY_SIOSTOP_31FA5BA1,bra,324,312,4,2,2
raw,M_TASKPOLICY_SIOSTOP_31FA5BA1,bra,358,344,4,2,2
raw,M_TASKPOLICY_SIOSTOP_31FA5BA1,bra,542,526,4,2,2
raw,M_TASKPOLICY_SIOSTOP_31FA5BA1,bra,627,609,4,2,2
raw,M_TASKPOLICY_SIOSTOP_31FA5BA1,bra,688,668,4,2,2
raw,M_TASKPOLICY_SIOWORKERCONTROL_ABEF18A6,conditional,466,449,6,2,4
raw,M_TASKPOLICY_SIOWORKERCONTROL_ABEF18A6,bra,8,8,4,2,2
raw,M_TASKPOLICY_SIOWORKERCONTROL_ABEF18A6,bra,88,86,4,2,2
raw,M_TASKPOLICY_SIOWORKERCONTROL_ABEF18A6,bra,120,116,4,2,2
raw,M_TASKPOLICY_SIOWORKERCONTROL_ABEF18A6,bra,181,175,4,2,2
raw,M_TASKPOLICY_SIOWORKERCONTROL_ABEF18A6,bra,267,259,4,2,2
raw,M_TASKPOLICY_SIOWORKERCONTROL_ABEF18A6,bra,293,283,4,2,2
raw,M_TASKPOLICY_SIOWORKERCONTROL_ABEF18A6,brl,381,369,4,3,1
raw,M_TASKPOLICY_SIOWORKERCONTROL_ABEF18A6,bra,420,407,4,2,2
raw,M_TASKPOLICY_SIOWORKERCONTROL_ABEF18A6,bra,426,411,4,2,2
raw,M_TASKPOLICY_SIOWORKERCONTROL_ABEF18A6,bra,482,461,4,2,2
raw,M_TASKPOLICY_SIOWORKERCONTROL_ABEF18A6,brl,533,510,4,3,1
raw,M_TASKPOLICY_SIOWORKERCONTROL_ABEF18A6,bra,661,637,4,2,2
raw,M_TASKPOLICY_SIOWORKERCONTROL_ABEF18A6,bra,714,688,4,2,2
raw,M_TASKPOLICY_SIOWORKERCONTROL_ABEF18A6,bra,843,815,4,2,2
raw,M_TASKPOLICY_SIOWORKERCONTROL_ABEF18A6,bra,929,899,4,2,2
raw,M_TASKPOLICY_SIOWORKERCONTROL_ABEF18A6,bra,963,931,4,2,2
raw,M_TASKPOLICY_SIOWORKERCONTROL_ABEF18A6,brl,1065,1031,4,3,1
raw,M_TASKPOLICY_SIOWORKERCONTROL_ABEF18A6,bra,1126,1091,4,2,2
raw,M_TASKPOLICY_SIOWORKERCONTROL_ABEF18A6,bra,1228,1191,4,2,2
raw,M_TASKPOLICY_SIOWORKERCONTROL_ABEF18A6,bra,1289,1250,4,2,2
raw,M_TASKPOLICY_SIOWORKERCONTROL_ABEF18A6,bra,1375,1334,4,2,2
raw,M_TASKPOLICY_SIOWORKERCONTROL_ABEF18A6,bra,1432,1389,4,2,2
raw,M_TASKPOLICY_SIOPAUSE_4B7D62A1,bra,8,8,4,2,2
raw,M_TASKPOLICY_SIOPAUSE_4B7D62A1,bra,58,56,4,2,2
raw,M_TASKPOLICY_SIOPAUSE_4B7D62A1,bra,125,121,4,2,2
raw,M_TASKPOLICY_SIOPAUSE_4B7D62A1,bra,291,285,4,2,2
raw,M_TASKPOLICY_SIOPAUSE_4B7D62A1,bra,372,364,4,2,2
raw,M_TASKPOLICY_SIOCONTROL_0EC256A4,bra,8,8,4,2,2
raw,M_TASKPOLICY_SIOCONTROL_0EC256A4,brl,152,150,4,3,1
raw,M_TASKPOLICY_SIOCONTROL_0EC256A4,bra,225,222,4,2,2
raw,M_TASKPOLICY_SIOCONTROL_0EC256A4,brl,330,325,4,3,1
raw,M_TASKPOLICY_SIOCONTROL_0EC256A4,bra,394,388,4,2,2
raw,M_TASKPOLICY_SIOCONTROL_0EC256A4,bra,481,473,4,2,2
raw,M_TASKPOLICY_SIOCONTROL_0EC256A4,bra,613,603,4,2,2
raw,M_TASKPOLICY_SIOCONTROL_0EC256A4,bra,639,627,4,2,2
raw,M_TASKPOLICY_SIOCONTROL_0EC256A4,bra,750,736,4,2,2
raw,M_TASKPOLICY_SIOCONTROL_0EC256A4,bra,807,791,4,2,2
raw,M_TASKPOLICY_SIOCONTROL_0EC256A4,bra,912,894,4,2,2
raw,M_TASKPOLICY_SIOCONTROL_0EC256A4,bra,946,926,4,2,2
raw,M_TASKPOLICY_SIOCONTROL_0EC256A4,bra,1089,1067,4,2,2
raw,M_TASKPOLICY_SIOWORKERBOUND_9EFBF9DD,conditional,165,163,6,2,4
raw,M_TASKPOLICY_SIOWORKERBOUND_9EFBF9DD,conditional,179,173,6,2,4
raw,M_TASKPOLICY_SIOWORKERBOUND_9EFBF9DD,conditional,232,220,6,2,4
raw,M_TASKPOLICY_SIOWORKERBOUND_9EFBF9DD,conditional,293,275,6,2,4
raw,M_TASKPOLICY_SIOWORKERBOUND_9EFBF9DD,bra,8,8,4,2,2
raw,M_TASKPOLICY_SIOWORKERBOUND_9EFBF9DD,bra,189,179,4,2,2
raw,M_TASKPOLICY_SIOWORKERBOUND_9EFBF9DD,bra,240,224,4,2,2
raw,M_TASKPOLICY_SIOWORKERBOUND_9EFBF9DD,bra,301,279,4,2,2
raw,M_TASKPOLICY_SIORESIDENTCOUNT_72BFE78E,conditional,155,153,6,2,4
raw,M_TASKPOLICY_SIORESIDENTCOUNT_72BFE78E,conditional,244,236,6,2,4
raw,M_TASKPOLICY_SIORESIDENTCOUNT_72BFE78E,bra,8,8,4,2,2
raw,M_TASKPOLICY_SIORESIDENTCOUNT_72BFE78E,bra,171,165,4,2,2
raw,M_TASKPOLICY_SIORESIDENTCOUNT_72BFE78E,bra,252,240,4,2,2
raw,M_TASKPOLICY_SIOREMOVED_B08060ED,conditional,181,179,6,2,4
raw,M_TASKPOLICY_SIOREMOVED_B08060ED,conditional,606,591,6,2,4
raw,M_TASKPOLICY_SIOREMOVED_B08060ED,bra,8,8,4,2,2
raw,M_TASKPOLICY_SIOREMOVED_B08060ED,bra,199,193,4,2,2
raw,M_TASKPOLICY_SIOREMOVED_B08060ED,bra,315,307,4,2,2
raw,M_TASKPOLICY_SIOREMOVED_B08060ED,bra,391,381,4,2,2
raw,M_TASKPOLICY_SIOREMOVED_B08060ED,brl,465,453,4,3,1
raw,M_TASKPOLICY_SIOREMOVED_B08060ED,brl,517,504,4,3,1
raw,M_TASKPOLICY_SIOREMOVED_B08060ED,brl,564,550,4,3,1
raw,M_TASKPOLICY_SIOREMOVED_B08060ED,brl,622,603,4,3,1
raw,M_TASKPOLICY_SIOREMOVED_B08060ED,bra,691,671,4,2,2
raw,M_TASKPOLICY_SIOREMOVED_B08060ED,brl,764,742,4,3,1
raw,M_TASKPOLICY_SIOREMOVED_B08060ED,bra,855,832,4,2,2
raw,M_TASKPOLICY_DOSSLOTFOR_362EB215,conditional,97,95,6,2,4
raw,M_TASKPOLICY_DOSSLOTFOR_362EB215,conditional,105,99,6,2,4
raw,M_TASKPOLICY_DOSSLOTFOR_362EB215,conditional,126,116,6,2,4
raw,M_TASKPOLICY_DOSSLOTFOR_362EB215,bra,8,8,4,2,2
raw,M_TASKPOLICY_DOSSLOTFOR_362EB215,bra,132,118,4,2,2
raw,M_TASKPOLICY_DOSRESET_224DFB33,bra,8,8,4,2,2
raw,M_TASKPOLICY_DOSRESET_224DFB33,bra,46,44,4,2,2
raw,M_TASKPOLICY_DOSCANREMOVE_DB41E74E,conditional,251,245,6,2,4
raw,M_TASKPOLICY_DOSCANREMOVE_DB41E74E,conditional,309,297,6,2,4
raw,M_TASKPOLICY_DOSCANREMOVE_DB41E74E,conditional,321,305,6,2,4
raw,M_TASKPOLICY_DOSCANREMOVE_DB41E74E,conditional,391,369,6,2,4
raw,M_TASKPOLICY_DOSCANREMOVE_DB41E74E,conditional,403,377,6,2,4
raw,M_TASKPOLICY_DOSCANREMOVE_DB41E74E,bra,8,8,4,2,2
raw,M_TASKPOLICY_DOSCANREMOVE_DB41E74E,bra,46,44,4,2,2
raw,M_TASKPOLICY_DOSCANREMOVE_DB41E74E,bra,204,200,4,2,2
raw,M_TASKPOLICY_DOSCANREMOVE_DB41E74E,bra,259,249,4,2,2
raw,M_TASKPOLICY_DOSCANREMOVE_DB41E74E,bra,331,311,4,2,2
raw,M_TASKPOLICY_DOSCANREMOVE_DB41E74E,bra,413,383,4,2,2
raw,M_TASKPOLICY_DOSCURRENT_4399DFDB,bra,8,8,4,2,2
raw,M_TASKPOLICY_DOSCURRENT_4399DFDB,bra,63,61,4,2,2
raw,M_TASKPOLICY_DOSCURRENT_4399DFDB,bra,97,93,4,2,2
raw,M_TASKPOLICY_DOSCURRENT_4399DFDB,bra,255,249,4,2,2
raw,M_TASKPOLICY_DOSCURRENT_4399DFDB,bra,309,301,4,2,2
raw,M_TASKPOLICY_DOSINIT_97B41A44,conditional,681,671,6,2,4
raw,M_TASKPOLICY_DOSINIT_97B41A44,conditional,689,675,6,2,4
raw,M_TASKPOLICY_DOSINIT_97B41A44,conditional,697,679,6,2,4
raw,M_TASKPOLICY_DOSINIT_97B41A44,conditional,707,685,6,2,4
raw,M_TASKPOLICY_DOSINIT_97B41A44,conditional,715,689,6,2,4
raw,M_TASKPOLICY_DOSINIT_97B41A44,conditional,738,708,6,2,4
raw,M_TASKPOLICY_DOSINIT_97B41A44,conditional,923,887,6,2,4
raw,M_TASKPOLICY_DOSINIT_97B41A44,conditional,931,891,6,2,4
raw,M_TASKPOLICY_DOSINIT_97B41A44,conditional,939,895,6,2,4
raw,M_TASKPOLICY_DOSINIT_97B41A44,conditional,949,901,6,2,4
raw,M_TASKPOLICY_DOSINIT_97B41A44,conditional,957,905,6,2,4
raw,M_TASKPOLICY_DOSINIT_97B41A44,conditional,980,924,6,2,4
raw,M_TASKPOLICY_DOSINIT_97B41A44,bra,8,8,4,2,2
raw,M_TASKPOLICY_DOSINIT_97B41A44,bra,131,129,4,2,2
raw,M_TASKPOLICY_DOSINIT_97B41A44,bra,228,224,4,2,2
raw,M_TASKPOLICY_DOSINIT_97B41A44,bra,301,295,4,2,2
raw,M_TASKPOLICY_DOSINIT_97B41A44,bra,398,390,4,2,2
raw,M_TASKPOLICY_DOSINIT_97B41A44,bra,744,710,4,2,2
raw,M_TASKPOLICY_DOSINIT_97B41A44,bra,986,926,4,2,2
raw,M_TASKPOLICY_DOSWORKERBOUND_DB9BCF66,conditional,128,126,6,2,4
raw,M_TASKPOLICY_DOSWORKERBOUND_DB9BCF66,conditional,142,136,6,2,4
raw,M_TASKPOLICY_DOSWORKERBOUND_DB9BCF66,conditional,195,183,6,2,4
raw,M_TASKPOLICY_DOSWORKERBOUND_DB9BCF66,conditional,256,238,6,2,4
raw,M_TASKPOLICY_DOSWORKERBOUND_DB9BCF66,bra,8,8,4,2,2
raw,M_TASKPOLICY_DOSWORKERBOUND_DB9BCF66,bra,152,142,4,2,2
raw,M_TASKPOLICY_DOSWORKERBOUND_DB9BCF66,bra,203,187,4,2,2
raw,M_TASKPOLICY_DOSWORKERBOUND_DB9BCF66,bra,264,242,4,2,2
raw,M_TASKPOLICY_DOSRESIDENTCOUNT_ABEF6AC1,conditional,130,128,6,2,4
raw,M_TASKPOLICY_DOSRESIDENTCOUNT_ABEF6AC1,conditional,193,185,6,2,4
raw,M_TASKPOLICY_DOSRESIDENTCOUNT_ABEF6AC1,bra,8,8,4,2,2
raw,M_TASKPOLICY_DOSRESIDENTCOUNT_ABEF6AC1,bra,146,140,4,2,2
raw,M_TASKPOLICY_DOSRESIDENTCOUNT_ABEF6AC1,bra,201,189,4,2,2
raw,M_TASKPOLICY_DOSREMOVED_D36757B2,conditional,128,126,6,2,4
raw,M_TASKPOLICY_DOSREMOVED_D36757B2,conditional,236,228,6,2,4
raw,M_TASKPOLICY_DOSREMOVED_D36757B2,bra,8,8,4,2,2
raw,M_TASKPOLICY_DOSREMOVED_D36757B2,bra,146,140,4,2,2
raw,M_TASKPOLICY_DOSREMOVED_D36757B2,bra,252,240,4,2,2
raw,M_TASKPOLICY_DOSREMOVED_D36757B2,bra,258,244,4,2,2
raw,M_TASKPOLICY_DOSREMOVED_D36757B2,bra,295,279,4,2,2
raw,M_TASKPOLICY_DOSREMOVED_D36757B2,bra,334,316,4,2,2
raw,M_TASKPOLICY_DOSREMOVED_D36757B2,bra,460,440,4,2,2
raw,M_TASKPOLICY_DOSREMOVED_D36757B2,bra,578,556,4,2,2
raw,M_TASKPOLICY_DOSREMOVED_D36757B2,bra,642,618,4,2,2
raw,M_TASKPOLICY_DOSREMOVED_D36757B2,brl,708,682,4,3,1
raw,M_TASKPOLICY_DOSREMOVED_D36757B2,bra,852,825,4,2,2
raw,M_TASKPOLICY_DOSPREPARE_61B1CC0D,bra,8,8,4,2,2
raw,M_TASKPOLICY_DOSPREPARE_61B1CC0D,bra,139,137,4,2,2
raw,M_TASKPOLICY_DOSPREPARE_61B1CC0D,bra,236,232,4,2,2
raw,M_TASKPOLICY_DOSPREPARE_61B1CC0D,bra,639,633,4,2,2
raw,M_TASKPOLICY_DOSADMIT_DEA63DC3,conditional,114,112,6,2,4
raw,M_TASKPOLICY_DOSADMIT_DEA63DC3,conditional,526,502,6,2,4
raw,M_TASKPOLICY_DOSADMIT_DEA63DC3,bra,8,8,4,2,2
raw,M_TASKPOLICY_DOSADMIT_DEA63DC3,bra,132,126,4,2,2
raw,M_TASKPOLICY_DOSADMIT_DEA63DC3,bra,138,130,4,2,2
raw,M_TASKPOLICY_DOSADMIT_DEA63DC3,bra,200,190,4,2,2
raw,M_TASKPOLICY_DOSADMIT_DEA63DC3,bra,206,194,4,2,2
raw,M_TASKPOLICY_DOSADMIT_DEA63DC3,bra,256,242,4,2,2
raw,M_TASKPOLICY_DOSADMIT_DEA63DC3,brl,346,330,4,3,1
raw,M_TASKPOLICY_DOSADMIT_DEA63DC3,bra,368,351,4,2,2
raw,M_TASKPOLICY_DOSADMIT_DEA63DC3,bra,467,448,4,2,2
raw,M_TASKPOLICY_DOSADMIT_DEA63DC3,bra,473,452,4,2,2
raw,M_TASKPOLICY_DOSADMIT_DEA63DC3,brl,512,489,4,3,1
raw,M_TASKPOLICY_DOSADMIT_DEA63DC3,bra,542,514,4,2,2
raw,M_TASKPOLICY_DOSADMIT_DEA63DC3,bra,611,581,4,2,2
raw,M_TASKPOLICY_DOSADMIT_DEA63DC3,bra,857,825,4,2,2
raw,M_TASKPOLICY_DOSCONTROL_C7F82CE3,bra,8,8,4,2,2
raw,M_TASKPOLICY_DOSCONTROL_C7F82CE3,bra,42,40,4,2,2
raw,M_TASKPOLICY_DOSCONTROL_C7F82CE3,bra,159,155,4,2,2
raw,M_TASKPOLICY_DOSCONTROL_C7F82CE3,bra,205,199,4,2,2
raw,M_TASKPOLICY_DOSCONTROL_C7F82CE3,brl,312,304,4,3,1
raw,M_TASKPOLICY_DOSCONTROL_C7F82CE3,bra,376,367,4,2,2
raw,M_TASKPOLICY_DOSCONTROL_C7F82CE3,bra,450,439,4,2,2
raw,M_TASKPOLICY_DOSCONTROL_C7F82CE3,brl,584,571,4,3,1
raw,M_TASKPOLICY_DOSCONTROL_C7F82CE3,bra,748,734,4,2,2
raw,M_TASKPOLICY_DOSCONTROL_C7F82CE3,bra,859,843,4,2,2
raw,M_TASKPOLICY_CONSOLEINIT_02CC0011,bra,8,8,4,2,2
raw,M_TASKPOLICY_CONSOLEINIT_02CC0011,bra,99,97,4,2,2
raw,M_TASKPOLICY_CONSOLEINIT_02CC0011,bra,181,177,4,2,2
raw,M_TASKPOLICY_CONSOLEINIT_02CC0011,bra,254,248,4,2,2
raw,M_TASKPOLICY_CONSOLEINIT_02CC0011,bra,336,328,4,2,2
raw,M_TASKPOLICY_CONSOLEINIT_02CC0011,bra,348,338,4,2,2
raw,M_TASKPOLICY_CONSOLESERVICE_C7B70ED2,conditional,40,38,6,2,4
raw,M_TASKPOLICY_CONSOLESERVICE_C7B70ED2,conditional,68,60,6,2,4
raw,M_TASKPOLICY_CONSOLESERVICE_C7B70ED2,bra,8,8,4,2,2
raw,M_TASKPOLICY_CONSOLESERVICE_C7B70ED2,bra,48,42,4,2,2
raw,M_TASKPOLICY_CONSOLESERVICE_C7B70ED2,bra,76,64,4,2,2
raw,M_TASKPOLICY_CONSOLEPRODUCERBOUND_02AD29D1,conditional,148,146,6,2,4
raw,M_TASKPOLICY_CONSOLEPRODUCERBOUND_02AD29D1,conditional,216,208,6,2,4
raw,M_TASKPOLICY_CONSOLEPRODUCERBOUND_02AD29D1,conditional,230,218,6,2,4
raw,M_TASKPOLICY_CONSOLEPRODUCERBOUND_02AD29D1,bra,8,8,4,2,2
raw,M_TASKPOLICY_CONSOLEPRODUCERBOUND_02AD29D1,bra,156,150,4,2,2
raw,M_TASKPOLICY_CONSOLEPRODUCERBOUND_02AD29D1,bra,240,224,4,2,2
raw,M_TASKPOLICY_CONSOLEFORGETBINDING_5044609F,bra,8,8,4,2,2
raw,M_TASKPOLICY_CONSOLEPACKETVALID_068AA429,conditional,253,243,6,2,4
raw,M_TASKPOLICY_CONSOLEPACKETVALID_068AA429,bra,8,8,4,2,2
raw,M_TASKPOLICY_CONSOLEPACKETVALID_068AA429,bra,54,52,4,2,2
raw,M_TASKPOLICY_CONSOLEPACKETVALID_068AA429,bra,146,142,4,2,2
raw,M_TASKPOLICY_CONSOLEPACKETVALID_068AA429,bra,152,146,4,2,2
raw,M_TASKPOLICY_CONSOLEPACKETVALID_068AA429,bra,189,181,4,2,2
raw,M_TASKPOLICY_CONSOLEPACKETVALID_068AA429,bra,263,249,4,2,2
raw,M_TASKPOLICY_CONSOLEUNBIND_D1E0D209,bra,8,8,4,2,2
raw,M_TASKPOLICY_CONSOLEUNBIND_D1E0D209,bra,63,61,4,2,2
raw,M_TASKPOLICY_CONSOLEUNBIND_D1E0D209,bra,127,123,4,2,2
raw,M_TASKPOLICY_CONSOLEUNBIND_D1E0D209,bra,153,147,4,2,2
raw,M_TASKPOLICY_CONSOLEUNBIND_D1E0D209,bra,208,200,4,2,2
raw,M_TASKPOLICY_CONSOLEUNBIND_D1E0D209,bra,271,261,4,2,2
raw,M_TASKPOLICY_CONSOLEUNBIND_D1E0D209,bra,373,361,4,2,2
raw,M_TASKPOLICY_CONSOLEUNBIND_D1E0D209,bra,471,457,4,2,2
raw,M_TASKPOLICY_CONSOLEPRODUCERCONTROL_28DEB132,bra,8,8,4,2,2
raw,M_TASKPOLICY_CONSOLEPRODUCERCONTROL_28DEB132,bra,44,42,4,2,2
raw,M_TASKPOLICY_CONSOLEPRODUCERCONTROL_28DEB132,bra,70,66,4,2,2
raw,M_TASKPOLICY_CONSOLEPRODUCERCONTROL_28DEB132,bra,176,170,4,2,2
raw,M_TASKPOLICY_CONSOLEBINDCONTROL_DC86D25B,conditional,894,866,6,2,4
raw,M_TASKPOLICY_CONSOLEBINDCONTROL_DC86D25B,bra,8,8,4,2,2
raw,M_TASKPOLICY_CONSOLEBINDCONTROL_DC86D25B,bra,131,129,4,2,2
raw,M_TASKPOLICY_CONSOLEBINDCONTROL_DC86D25B,bra,208,204,4,2,2
raw,M_TASKPOLICY_CONSOLEBINDCONTROL_DC86D25B,bra,214,208,4,2,2
raw,M_TASKPOLICY_CONSOLEBINDCONTROL_DC86D25B,bra,234,226,4,2,2
raw,M_TASKPOLICY_CONSOLEBINDCONTROL_DC86D25B,bra,266,256,4,2,2
raw,M_TASKPOLICY_CONSOLEBINDCONTROL_DC86D25B,bra,300,288,4,2,2
raw,M_TASKPOLICY_CONSOLEBINDCONTROL_DC86D25B,bra,421,407,4,2,2
raw,M_TASKPOLICY_CONSOLEBINDCONTROL_DC86D25B,bra,451,435,4,2,2
raw,M_TASKPOLICY_CONSOLEBINDCONTROL_DC86D25B,bra,551,533,4,2,2
raw,M_TASKPOLICY_CONSOLEBINDCONTROL_DC86D25B,bra,636,616,4,2,2
raw,M_TASKPOLICY_CONSOLEBINDCONTROL_DC86D25B,bra,666,644,4,2,2
raw,M_TASKPOLICY_CONSOLEBINDCONTROL_DC86D25B,bra,834,810,4,2,2
raw,M_TASKPOLICY_CONSOLEBINDCONTROL_DC86D25B,bra,840,814,4,2,2
raw,M_TASKPOLICY_CONSOLEBINDCONTROL_DC86D25B,bra,908,876,4,2,2
raw,M_TASKPOLICY_CONSOLEBINDCONTROL_DC86D25B,bra,938,904,4,2,2
raw,M_TASKPOLICY_CONSOLEBINDCONTROL_DC86D25B,bra,1178,1142,4,2,2
raw,M_TASKPOLICY_CONSOLEBINDCONTROL_DC86D25B,bra,1208,1170,4,2,2
raw,M_TASKPOLICY_CONSOLEBINDCONTROL_DC86D25B,bra,1454,1414,4,2,2
raw,M_TASKPOLICY_CONSOLEBINDCONTROL_DC86D25B,bra,1525,1483,4,2,2
raw,M_TASKPOLICY_CONSOLEBINDCONTROL_DC86D25B,bra,1539,1495,4,2,2
raw,M_TASKPOLICY_CONSOLEBINDCONTROL_DC86D25B,bra,1614,1568,4,2,2
raw,M_TASKPOLICY_CONSOLESTATE_630D302C,bra,8,8,4,2,2
raw,M_TASKPOLICY_CONSOLEINSTANCE_9C722438,bra,8,8,4,2,2
raw,M_TASKPOLICY_CONSOLENAMES_B9E6EA95,bra,8,8,4,2,2
raw,M_TASKPOLICY_CONSOLENAME_0C46F590,bra,8,8,4,2,2
raw,M_TASKPOLICY_CONSOLENAME_0C46F590,bra,127,125,4,2,2
raw,M_TASKPOLICY_CONSOLEDEVICE_34497CA3,conditional,92,90,6,2,4
raw,M_TASKPOLICY_CONSOLEDEVICE_34497CA3,conditional,106,100,6,2,4
raw,M_TASKPOLICY_CONSOLEDEVICE_34497CA3,bra,8,8,4,2,2
raw,M_TASKPOLICY_CONSOLEDEVICE_34497CA3,bra,116,106,4,2,2
raw,M_TASKPOLICY_CONSOLEBOUND_8755F553,conditional,187,181,6,2,4
raw,M_TASKPOLICY_CONSOLEBOUND_8755F553,conditional,271,259,6,2,4
raw,M_TASKPOLICY_CONSOLEBOUND_8755F553,conditional,285,269,6,2,4
raw,M_TASKPOLICY_CONSOLEBOUND_8755F553,conditional,348,326,6,2,4
raw,M_TASKPOLICY_CONSOLEBOUND_8755F553,bra,8,8,4,2,2
raw,M_TASKPOLICY_CONSOLEBOUND_8755F553,bra,38,36,4,2,2
raw,M_TASKPOLICY_CONSOLEBOUND_8755F553,bra,118,114,4,2,2
raw,M_TASKPOLICY_CONSOLEBOUND_8755F553,bra,195,185,4,2,2
raw,M_TASKPOLICY_CONSOLEBOUND_8755F553,bra,295,275,4,2,2
raw,M_TASKPOLICY_CONSOLEBOUND_8755F553,bra,356,330,4,2,2
raw,M_TASKPOLICY_CONSOLEOPEN_4090447D,conditional,356,348,6,2,4
raw,M_TASKPOLICY_CONSOLEOPEN_4090447D,conditional,426,413,6,2,4
raw,M_TASKPOLICY_CONSOLEOPEN_4090447D,bra,8,8,4,2,2
raw,M_TASKPOLICY_CONSOLEOPEN_4090447D,bra,38,36,4,2,2
raw,M_TASKPOLICY_CONSOLEOPEN_4090447D,bra,110,106,4,2,2
raw,M_TASKPOLICY_CONSOLEOPEN_4090447D,brl,261,255,4,3,1
raw,M_TASKPOLICY_CONSOLEOPEN_4090447D,brl,300,293,4,3,1
raw,M_TASKPOLICY_CONSOLEOPEN_4090447D,brl,370,358,4,3,1
raw,M_TASKPOLICY_CONSOLEOPEN_4090447D,brl,440,423,4,3,1
raw,M_TASKPOLICY_CONSOLEOPEN_4090447D,bra,487,469,4,2,2
raw,M_TASKPOLICY_CONSOLEOPEN_4090447D,brl,505,485,4,3,1
raw,M_TASKPOLICY_CONSOLEOPEN_4090447D,bra,542,521,4,2,2
raw,M_TASKPOLICY_CONSOLEOPEN_4090447D,brl,560,537,4,3,1
raw,M_TASKPOLICY_CONSOLEOPEN_4090447D,bra,572,548,4,2,2
raw,M_TASKPOLICY_CONSOLEOPEN_4090447D,bra,1019,993,4,2,2
raw,M_TASKPOLICY_CONSOLEIDLE_D6547573,bra,8,8,4,2,2
raw,M_TASKPOLICY_CONSOLEIDLE_D6547573,bra,76,74,4,2,2
raw,M_TASKPOLICY_CONSOLEIDLE_D6547573,bra,82,78,4,2,2
raw,M_TASKPOLICY_CONSOLEIDLE_D6547573,bra,132,126,4,2,2
raw,M_TASKPOLICY_CONSOLEIDLE_D6547573,bra,138,130,4,2,2
raw,M_TASKPOLICY_CONSOLEIDLE_D6547573,bra,188,178,4,2,2
raw,M_TASKPOLICY_CONSOLEIDLE_D6547573,bra,269,257,4,2,2
raw,M_TASKPOLICY_CONSOLEIDLE_D6547573,bra,342,328,4,2,2
raw,M_TASKPOLICY_CONSOLEIDLE_D6547573,bra,423,407,4,2,2
raw,M_TASKPOLICY_CONSOLECLOSE_04E65EB3,bra,8,8,4,2,2
raw,M_TASKPOLICY_CONSOLECLOSE_04E65EB3,bra,38,36,4,2,2
raw,M_TASKPOLICY_CONSOLECLOSE_04E65EB3,bra,110,106,4,2,2
raw,M_TASKPOLICY_CONSOLECLOSE_04E65EB3,bra,198,192,4,2,2
raw,M_TASKPOLICY_CONSOLECLOSE_04E65EB3,bra,285,277,4,2,2
raw,M_TASKPOLICY_CONSOLECLOSE_04E65EB3,bra,505,495,4,2,2
raw,M_TASKPOLICY_CONSOLEIMMEDIATE_DAE617FC,conditional,646,630,6,2,4
raw,M_TASKPOLICY_CONSOLEIMMEDIATE_DAE617FC,conditional,805,782,6,2,4
raw,M_TASKPOLICY_CONSOLEIMMEDIATE_DAE617FC,conditional,990,960,6,2,4
raw,M_TASKPOLICY_CONSOLEIMMEDIATE_DAE617FC,conditional,996,962,6,2,4
raw,M_TASKPOLICY_CONSOLEIMMEDIATE_DAE617FC,conditional,1010,972,6,2,4
raw,M_TASKPOLICY_CONSOLEIMMEDIATE_DAE617FC,conditional,1016,974,6,2,4
raw,M_TASKPOLICY_CONSOLEIMMEDIATE_DAE617FC,conditional,1030,984,6,2,4
raw,M_TASKPOLICY_CONSOLEIMMEDIATE_DAE617FC,conditional,1036,986,6,2,4
raw,M_TASKPOLICY_CONSOLEIMMEDIATE_DAE617FC,conditional,1050,996,6,2,4
raw,M_TASKPOLICY_CONSOLEIMMEDIATE_DAE617FC,conditional,1056,998,6,2,4
raw,M_TASKPOLICY_CONSOLEIMMEDIATE_DAE617FC,bra,8,8,4,2,2
raw,M_TASKPOLICY_CONSOLEIMMEDIATE_DAE617FC,bra,71,69,4,2,2
raw,M_TASKPOLICY_CONSOLEIMMEDIATE_DAE617FC,bra,205,201,4,2,2
raw,M_TASKPOLICY_CONSOLEIMMEDIATE_DAE617FC,bra,308,302,4,2,2
raw,M_TASKPOLICY_CONSOLEIMMEDIATE_DAE617FC,bra,394,386,4,2,2
raw,M_TASKPOLICY_CONSOLEIMMEDIATE_DAE617FC,bra,453,443,4,2,2
raw,M_TASKPOLICY_CONSOLEIMMEDIATE_DAE617FC,bra,500,488,4,2,2
raw,M_TASKPOLICY_CONSOLEIMMEDIATE_DAE617FC,bra,586,572,4,2,2
raw,M_TASKPOLICY_CONSOLEIMMEDIATE_DAE617FC,bra,660,640,4,2,2
raw,M_TASKPOLICY_CONSOLEIMMEDIATE_DAE617FC,brl,763,741,4,3,1
raw,M_TASKPOLICY_CONSOLEIMMEDIATE_DAE617FC,bra,821,794,4,2,2
raw,M_TASKPOLICY_CONSOLEIMMEDIATE_DAE617FC,brl,827,798,4,3,1
raw,M_TASKPOLICY_CONSOLEIMMEDIATE_DAE617FC,bra,1062,1000,4,2,2
raw,M_TASKPOLICY_CONSOLEIMMEDIATE_DAE617FC,bra,1068,1004,4,2,2
raw,M_TASKPOLICY_CONSOLEIMMEDIATE_DAE617FC,bra,1074,1008,4,2,2
raw,M_TASKPOLICY_CONSOLEIMMEDIATE_DAE617FC,bra,1080,1012,4,2,2
raw,M_TASKPOLICY_CONSOLEIMMEDIATE_DAE617FC,bra,1096,1026,4,2,2
raw,M_TASKPOLICY_CONSOLEENQUEUE_BE188809,conditional,797,777,6,2,4
raw,M_TASKPOLICY_CONSOLEENQUEUE_BE188809,bra,8,8,4,2,2
raw,M_TASKPOLICY_CONSOLEENQUEUE_BE188809,bra,38,36,4,2,2
raw,M_TASKPOLICY_CONSOLEENQUEUE_BE188809,bra,110,106,4,2,2
raw,M_TASKPOLICY_CONSOLEENQUEUE_BE188809,bra,230,224,4,2,2
raw,M_TASKPOLICY_CONSOLEENQUEUE_BE188809,bra,345,337,4,2,2
raw,M_TASKPOLICY_CONSOLEENQUEUE_BE188809,bra,379,369,4,2,2
raw,M_TASKPOLICY_CONSOLEENQUEUE_BE188809,bra,500,488,4,2,2
raw,M_TASKPOLICY_CONSOLEENQUEUE_BE188809,bra,506,492,4,2,2
raw,M_TASKPOLICY_CONSOLEENQUEUE_BE188809,brl,543,527,4,3,1
raw,M_TASKPOLICY_CONSOLEENQUEUE_BE188809,bra,612,595,4,2,2
raw,M_TASKPOLICY_CONSOLEENQUEUE_BE188809,brl,741,722,4,3,1
raw,M_TASKPOLICY_CONSOLEENQUEUE_BE188809,bra,811,787,4,2,2
raw,M_TASKPOLICY_CONSOLEENQUEUE_BE188809,bra,845,819,4,2,2
raw,M_TASKPOLICY_CONSOLEENQUEUE_BE188809,brl,974,946,4,3,1
raw,M_TASKPOLICY_CONSOLEENQUEUE_BE188809,brl,1026,997,4,3,1
raw,M_TASKPOLICY_CONSOLEENQUEUE_BE188809,bra,1095,1065,4,2,2
raw,M_TASKPOLICY_CONSOLEENQUEUE_BE188809,bra,1482,1450,4,2,2
raw,M_TASKPOLICY_CONSOLEWAKE_FE0543B3,bra,8,8,4,2,2
raw,M_TASKPOLICY_CONSOLEWAKE_FE0543B3,bra,84,82,4,2,2
raw,M_TASKPOLICY_CONSOLEWAKE_FE0543B3,bra,171,167,4,2,2
raw,M_TASKPOLICY_CONSOLEABORT_CCCE9F0D,conditional,236,230,6,2,4
raw,M_TASKPOLICY_CONSOLEABORT_CCCE9F0D,conditional,457,444,6,2,4
raw,M_TASKPOLICY_CONSOLEABORT_CCCE9F0D,conditional,678,658,6,2,4
raw,M_TASKPOLICY_CONSOLEABORT_CCCE9F0D,bra,8,8,4,2,2
raw,M_TASKPOLICY_CONSOLEABORT_CCCE9F0D,bra,38,36,4,2,2
raw,M_TASKPOLICY_CONSOLEABORT_CCCE9F0D,bra,110,106,4,2,2
raw,M_TASKPOLICY_CONSOLEABORT_CCCE9F0D,brl,254,244,4,3,1
raw,M_TASKPOLICY_CONSOLEABORT_CCCE9F0D,bra,311,300,4,2,2
raw,M_TASKPOLICY_CONSOLEABORT_CCCE9F0D,brl,475,458,4,3,1
raw,M_TASKPOLICY_CONSOLEABORT_CCCE9F0D,bra,532,514,4,2,2
raw,M_TASKPOLICY_CONSOLEABORT_CCCE9F0D,brl,696,672,4,3,1
raw,M_TASKPOLICY_CONSOLEABORT_CCCE9F0D,brl,735,710,4,3,1
raw,M_TASKPOLICY_CONSOLEABORT_CCCE9F0D,bra,792,766,4,2,2
raw,M_TASKPOLICY_CONSOLEABORT_CCCE9F0D,bra,961,933,4,2,2
raw,M_TASKPOLICY_CONSOLEABORT_CCCE9F0D,bra,1081,1051,4,2,2
raw,M_TASKPOLICY_CONSOLEPREPARE_8098E872,bra,8,8,4,2,2
raw,M_TASKPOLICY_CONSOLEPREPARE_8098E872,bra,170,168,4,2,2
raw,M_TASKPOLICY_CONSOLEPREPARE_8098E872,bra,267,263,4,2,2
raw,M_TASKPOLICY_CONSOLEPREPARE_8098E872,bra,785,779,4,2,2
raw,M_TASKPOLICY_CONSOLEADMIT_A01C3E0C,conditional,278,271,6,2,4
raw,M_TASKPOLICY_CONSOLEADMIT_A01C3E0C,conditional,329,316,6,2,4
raw,M_TASKPOLICY_CONSOLEADMIT_A01C3E0C,conditional,418,399,6,2,4
raw,M_TASKPOLICY_CONSOLEADMIT_A01C3E0C,conditional,747,710,6,2,4
raw,M_TASKPOLICY_CONSOLEADMIT_A01C3E0C,bra,8,8,4,2,2
raw,M_TASKPOLICY_CONSOLEADMIT_A01C3E0C,bra,38,36,4,2,2
raw,M_TASKPOLICY_CONSOLEADMIT_A01C3E0C,bra,110,106,4,2,2
raw,M_TASKPOLICY_CONSOLEADMIT_A01C3E0C,brl,243,237,4,3,1
raw,M_TASKPOLICY_CONSOLEADMIT_A01C3E0C,bra,286,275,4,2,2
raw,M_TASKPOLICY_CONSOLEADMIT_A01C3E0C,bra,337,320,4,2,2
raw,M_TASKPOLICY_CONSOLEADMIT_A01C3E0C,bra,436,413,4,2,2
raw,M_TASKPOLICY_CONSOLEADMIT_A01C3E0C,bra,442,417,4,2,2
raw,M_TASKPOLICY_CONSOLEADMIT_A01C3E0C,bra,504,477,4,2,2
raw,M_TASKPOLICY_CONSOLEADMIT_A01C3E0C,brl,567,538,4,3,1
raw,M_TASKPOLICY_CONSOLEADMIT_A01C3E0C,bra,589,559,4,2,2
raw,M_TASKPOLICY_CONSOLEADMIT_A01C3E0C,bra,688,656,4,2,2
raw,M_TASKPOLICY_CONSOLEADMIT_A01C3E0C,bra,694,660,4,2,2
raw,M_TASKPOLICY_CONSOLEADMIT_A01C3E0C,brl,733,697,4,3,1
raw,M_TASKPOLICY_CONSOLEADMIT_A01C3E0C,bra,763,722,4,2,2
raw,M_TASKPOLICY_CONSOLEADMIT_A01C3E0C,bra,805,762,4,2,2
raw,M_TASKPOLICY_CONSOLEADMIT_A01C3E0C,bra,1219,1174,4,2,2
raw,M_TASKPOLICY_CONSOLEADMIT_A01C3E0C,bra,1478,1431,4,2,2
raw,M_TASKPOLICY_CONSOLEADMIT_A01C3E0C,bra,1581,1532,4,2,2
raw,M_TASKPOLICY_CONSOLETAKEARRIVAL_2A1E971F,conditional,344,336,6,2,4
raw,M_TASKPOLICY_CONSOLETAKEARRIVAL_2A1E971F,bra,8,8,4,2,2
raw,M_TASKPOLICY_CONSOLETAKEARRIVAL_2A1E971F,bra,76,74,4,2,2
raw,M_TASKPOLICY_CONSOLETAKEARRIVAL_2A1E971F,bra,157,153,4,2,2
raw,M_TASKPOLICY_CONSOLETAKEARRIVAL_2A1E971F,bra,275,269,4,2,2
raw,M_TASKPOLICY_CONSOLETAKEARRIVAL_2A1E971F,bra,360,348,4,2,2
raw,M_TASKPOLICY_CONSOLETAKEARRIVAL_2A1E971F,bra,420,406,4,2,2
raw,M_TASKPOLICY_CONSOLETAKEARRIVAL_2A1E971F,brl,507,491,4,3,1
raw,M_TASKPOLICY_CONSOLETAKEARRIVAL_2A1E971F,bra,624,607,4,2,2
raw,M_TASKPOLICY_CONSOLETAKEARRIVAL_2A1E971F,bra,845,826,4,2,2
raw,M_TASKPOLICY_CONSOLETAKEWRITE_96FEA12D,bra,8,8,4,2,2
raw,M_TASKPOLICY_CONSOLETAKEWRITE_96FEA12D,bra,76,74,4,2,2
raw,M_TASKPOLICY_CONSOLETAKEWRITE_96FEA12D,bra,177,173,4,2,2
raw,M_TASKPOLICY_CONSOLETAKEWRITE_96FEA12D,bra,386,380,4,2,2
raw,M_TASKPOLICY_CONSOLEFINISH_F43924B4,conditional,164,159,6,2,4
raw,M_TASKPOLICY_CONSOLEFINISH_F43924B4,conditional,493,472,6,2,4
raw,M_TASKPOLICY_CONSOLEFINISH_F43924B4,conditional,778,744,6,2,4
raw,M_TASKPOLICY_CONSOLEFINISH_F43924B4,bra,8,8,4,2,2
raw,M_TASKPOLICY_CONSOLEFINISH_F43924B4,bra,38,36,4,2,2
raw,M_TASKPOLICY_CONSOLEFINISH_F43924B4,brl,148,144,4,3,1
raw,M_TASKPOLICY_CONSOLEFINISH_F43924B4,bra,180,171,4,2,2
raw,M_TASKPOLICY_CONSOLEFINISH_F43924B4,bra,186,175,4,2,2
raw,M_TASKPOLICY_CONSOLEFINISH_F43924B4,bra,248,235,4,2,2
raw,M_TASKPOLICY_CONSOLEFINISH_F43924B4,bra,299,284,4,2,2
raw,M_TASKPOLICY_CONSOLEFINISH_F43924B4,bra,350,333,4,2,2
raw,M_TASKPOLICY_CONSOLEFINISH_F43924B4,brl,459,440,4,3,1
raw,M_TASKPOLICY_CONSOLEFINISH_F43924B4,brl,477,457,4,3,1
raw,M_TASKPOLICY_CONSOLEFINISH_F43924B4,bra,509,484,4,2,2
raw,M_TASKPOLICY_CONSOLEFINISH_F43924B4,bra,515,488,4,2,2
raw,M_TASKPOLICY_CONSOLEFINISH_F43924B4,bra,577,548,4,2,2
raw,M_TASKPOLICY_CONSOLEFINISH_F43924B4,bra,628,597,4,2,2
raw,M_TASKPOLICY_CONSOLEFINISH_F43924B4,brl,764,731,4,3,1
raw,M_TASKPOLICY_CONSOLEFINISH_F43924B4,bra,794,756,4,2,2
raw,M_TASKPOLICY_CONSOLEFINISH_F43924B4,bra,800,760,4,2,2
raw,M_TASKPOLICY_CONSOLEFINISH_F43924B4,bra,862,820,4,2,2
raw,M_TASKPOLICY_CONSOLEFINISH_F43924B4,bra,913,869,4,2,2
raw,M_TASKPOLICY_CONSOLEFINISH_F43924B4,bra,1050,1004,4,2,2
raw,M_TASKPOLICY_CONSOLEFINISH_F43924B4,bra,1137,1089,4,2,2
raw,M_TASKPOLICY_CONSOLERUNNABLE_8934D92E,bra,8,8,4,2,2
raw,M_TASKPOLICY_CONSOLERUNNABLE_8934D92E,brl,99,97,4,3,1
raw,M_TASKPOLICY_CONSOLERUNNABLE_8934D92E,bra,157,154,4,2,2
raw,M_TASKPOLICY_CONSOLERUNNABLE_8934D92E,bra,163,158,4,2,2
raw,M_TASKPOLICY_CONSOLERUNNABLE_8934D92E,bra,249,242,4,2,2
raw,M_TASKPOLICY_CONSOLERUNNABLE_8934D92E,bra,300,291,4,2,2
raw,M_TASKPOLICY_CONSOLERUNNABLE_8934D92E,brl,306,295,4,3,1
raw,M_TASKPOLICY_CONSOLERUNNABLE_8934D92E,bra,373,361,4,2,2
raw,M_TASKPOLICY_CONSOLERUNNABLE_8934D92E,bra,446,432,4,2,2
raw,M_TASKPOLICY_CONSOLERUNNABLE_8934D92E,bra,510,494,4,2,2
raw,M_TASKPOLICY_CONSOLERUNNABLE_8934D92E,brl,516,498,4,3,1
raw,M_TASKPOLICY_CONSOLERUNNABLE_8934D92E,bra,583,564,4,2,2
raw,M_TASKPOLICY_CONSOLERUNNABLE_8934D92E,bra,656,635,4,2,2
raw,M_TASKPOLICY_CONSOLERUNNABLE_8934D92E,brl,707,684,4,3,1
raw,M_TASKPOLICY_CONSOLERUNNABLE_8934D92E,bra,746,722,4,2,2
raw,M_TASKPOLICY_CONSOLERUNNABLE_8934D92E,bra,752,726,4,2,2
raw,M_TASKPOLICY_CONSOLERUNNABLE_8934D92E,bra,789,761,4,2,2
raw,M_TASKPOLICY_CONSOLERUNNABLE_8934D92E,bra,795,765,4,2,2
raw,M_TASKPOLICY_CONSOLERUNNABLE_8934D92E,bra,840,808,4,2,2
raw,M_TASKPOLICY_CONSOLERUNNABLE_8934D92E,bra,846,812,4,2,2
raw,M_TASKPOLICY_CONSOLERUNNABLE_8934D92E,bra,883,847,4,2,2
raw,M_TASKPOLICY_CONSOLESTOP_DAEB4759,bra,8,8,4,2,2
raw,M_TASKPOLICY_CONSOLESTOP_DAEB4759,bra,63,61,4,2,2
raw,M_TASKPOLICY_CONSOLESTOP_DAEB4759,bra,69,65,4,2,2
raw,M_TASKPOLICY_CONSOLESTOP_DAEB4759,bra,97,91,4,2,2
raw,M_TASKPOLICY_CONSOLESTOP_DAEB4759,bra,184,176,4,2,2
raw,M_TASKPOLICY_CONSOLESTOP_DAEB4759,bra,218,208,4,2,2
raw,M_TASKPOLICY_CONSOLESTOP_DAEB4759,brl,336,324,4,3,1
raw,M_TASKPOLICY_CONSOLESTOP_DAEB4759,bra,420,407,4,2,2
raw,M_TASKPOLICY_CONSOLESTOP_DAEB4759,bra,519,504,4,2,2
raw,M_TASKPOLICY_CONSOLEWORKERCONTROL_3CA89D3E,bra,8,8,4,2,2
raw,M_TASKPOLICY_CONSOLEWORKERCONTROL_3CA89D3E,bra,38,36,4,2,2
raw,M_TASKPOLICY_CONSOLEWORKERCONTROL_3CA89D3E,bra,110,106,4,2,2
raw,M_TASKPOLICY_CONSOLEWORKERCONTROL_3CA89D3E,bra,279,273,4,2,2
raw,M_TASKPOLICY_CONSOLEWORKERCONTROL_3CA89D3E,bra,311,303,4,2,2
raw,M_TASKPOLICY_CONSOLEWORKERCONTROL_3CA89D3E,bra,372,362,4,2,2
raw,M_TASKPOLICY_CONSOLEWORKERCONTROL_3CA89D3E,bra,458,446,4,2,2
raw,M_TASKPOLICY_CONSOLEWORKERCONTROL_3CA89D3E,bra,492,478,4,2,2
raw,M_TASKPOLICY_CONSOLEWORKERCONTROL_3CA89D3E,bra,594,578,4,2,2
raw,M_TASKPOLICY_CONSOLEWORKERCONTROL_3CA89D3E,bra,620,602,4,2,2
raw,M_TASKPOLICY_CONSOLEWORKERCONTROL_3CA89D3E,bra,708,688,4,2,2
raw,M_TASKPOLICY_CONSOLEWORKERCONTROL_3CA89D3E,bra,714,692,4,2,2
raw,M_TASKPOLICY_CONSOLEWORKERCONTROL_3CA89D3E,bra,732,708,4,2,2
raw,M_TASKPOLICY_CONSOLEWORKERCONTROL_3CA89D3E,bra,738,712,4,2,2
raw,M_TASKPOLICY_CONSOLEWORKERCONTROL_3CA89D3E,brl,756,728,4,3,1
raw,M_TASKPOLICY_CONSOLEWORKERCONTROL_3CA89D3E,bra,832,803,4,2,2
raw,M_TASKPOLICY_CONSOLEWORKERCONTROL_3CA89D3E,bra,950,919,4,2,2
raw,M_TASKPOLICY_CONSOLEWORKERCONTROL_3CA89D3E,bra,1011,978,4,2,2
raw,M_TASKPOLICY_CONSOLEWORKERCONTROL_3CA89D3E,brl,1097,1062,4,3,1
raw,M_TASKPOLICY_CONSOLEWORKERCONTROL_3CA89D3E,bra,1131,1095,4,2,2
raw,M_TASKPOLICY_CONSOLEWORKERCONTROL_3CA89D3E,bra,1232,1194,4,2,2
raw,M_TASKPOLICY_CONSOLEWORKERCONTROL_3CA89D3E,brl,1318,1278,4,3,1
raw,M_TASKPOLICY_CONSOLEWORKERCONTROL_3CA89D3E,bra,1382,1341,4,2,2
raw,M_TASKPOLICY_CONSOLECHECKEXTENT_830BDAF3,bra,8,8,4,2,2
raw,M_TASKPOLICY_CONSOLECHECKEXTENT_830BDAF3,bra,134,132,4,2,2
raw,M_TASKPOLICY_CONSOLECHECKEXTENT_830BDAF3,bra,235,231,4,2,2
raw,M_TASKPOLICY_CONSOLECONTROL_F218511C,bra,8,8,4,2,2
raw,M_TASKPOLICY_CONSOLECONTROL_F218511C,bra,62,60,4,2,2
raw,M_TASKPOLICY_CONSOLECONTROL_F218511C,bra,147,143,4,2,2
raw,M_TASKPOLICY_CONSOLECONTROL_F218511C,bra,177,171,4,2,2
raw,M_TASKPOLICY_CONSOLECONTROL_F218511C,bra,300,292,4,2,2
raw,M_TASKPOLICY_CONSOLECONTROL_F218511C,brl,378,368,4,3,1
raw,M_TASKPOLICY_CONSOLECONTROL_F218511C,bra,442,431,4,2,2
raw,M_TASKPOLICY_CONSOLECONTROL_F218511C,bra,529,516,4,2,2
raw,M_TASKPOLICY_CONSOLECONTROL_F218511C,bra,642,627,4,2,2
raw,M_TASKPOLICY_CONSOLECONTROL_F218511C,bra,699,682,4,2,2
raw,M_TASKPOLICY_CONSOLECONTROL_F218511C,brl,785,766,4,3,1
raw,M_TASKPOLICY_CONSOLECONTROL_F218511C,bra,819,799,4,2,2
raw,M_TASKPOLICY_CONSOLECONTROL_F218511C,bra,883,861,4,2,2
raw,M_TASKPOLICY_CONSOLECONTROL_F218511C,bra,1013,989,4,2,2
raw,M_TASKPOLICY_CONSOLEWORKERBOUND_96318375,conditional,164,160,6,2,4
raw,M_TASKPOLICY_CONSOLEWORKERBOUND_96318375,conditional,178,170,6,2,4
raw,M_TASKPOLICY_CONSOLEWORKERBOUND_96318375,conditional,231,217,6,2,4
raw,M_TASKPOLICY_CONSOLEWORKERBOUND_96318375,conditional,292,272,6,2,4
raw,M_TASKPOLICY_CONSOLEWORKERBOUND_96318375,bra,8,8,4,2,2
raw,M_TASKPOLICY_CONSOLEWORKERBOUND_96318375,bra,38,36,4,2,2
raw,M_TASKPOLICY_CONSOLEWORKERBOUND_96318375,bra,188,176,4,2,2
raw,M_TASKPOLICY_CONSOLEWORKERBOUND_96318375,bra,239,221,4,2,2
raw,M_TASKPOLICY_CONSOLEWORKERBOUND_96318375,bra,300,276,4,2,2
raw,M_TASKPOLICY_CONSOLERESIDENTCOUNT_6078C646,conditional,166,162,6,2,4
raw,M_TASKPOLICY_CONSOLERESIDENTCOUNT_6078C646,conditional,229,219,6,2,4
raw,M_TASKPOLICY_CONSOLERESIDENTCOUNT_6078C646,bra,8,8,4,2,2
raw,M_TASKPOLICY_CONSOLERESIDENTCOUNT_6078C646,bra,38,36,4,2,2
raw,M_TASKPOLICY_CONSOLERESIDENTCOUNT_6078C646,bra,182,174,4,2,2
raw,M_TASKPOLICY_CONSOLERESIDENTCOUNT_6078C646,bra,237,223,4,2,2
raw,M_TASKPOLICY_CONSOLECANREMOVE_6BA935F9,conditional,226,220,6,2,4
raw,M_TASKPOLICY_CONSOLECANREMOVE_6BA935F9,conditional,314,300,6,2,4
raw,M_TASKPOLICY_CONSOLECANREMOVE_6BA935F9,conditional,537,517,6,2,4
raw,M_TASKPOLICY_CONSOLECANREMOVE_6BA935F9,conditional,611,583,6,2,4
raw,M_TASKPOLICY_CONSOLECANREMOVE_6BA935F9,bra,8,8,4,2,2
raw,M_TASKPOLICY_CONSOLECANREMOVE_6BA935F9,bra,38,36,4,2,2
raw,M_TASKPOLICY_CONSOLECANREMOVE_6BA935F9,bra,110,106,4,2,2
raw,M_TASKPOLICY_CONSOLECANREMOVE_6BA935F9,bra,242,232,4,2,2
raw,M_TASKPOLICY_CONSOLECANREMOVE_6BA935F9,bra,248,236,4,2,2
raw,M_TASKPOLICY_CONSOLECANREMOVE_6BA935F9,bra,332,314,4,2,2
raw,M_TASKPOLICY_CONSOLECANREMOVE_6BA935F9,bra,555,531,4,2,2
raw,M_TASKPOLICY_CONSOLECANREMOVE_6BA935F9,bra,561,535,4,2,2
raw,M_TASKPOLICY_CONSOLECANREMOVE_6BA935F9,bra,629,597,4,2,2
raw,M_TASKPOLICY_CONSOLECANREMOVE_6BA935F9,bra,682,648,4,2,2
raw,M_TASKPOLICY_CONSOLECANREMOVE_6BA935F9,bra,758,722,4,2,2
raw,M_TASKPOLICY_CONSOLECANREMOVE_6BA935F9,bra,834,796,4,2,2
raw,M_TASKPOLICY_CONSOLECANREMOVE_6BA935F9,bra,908,868,4,2,2
raw,M_TASKPOLICY_CONSOLECANREMOVE_6BA935F9,bra,959,917,4,2,2
raw,M_TASKPOLICY_CONSOLECANREMOVE_6BA935F9,bra,1001,957,4,2,2
raw,M_TASKPOLICY_CONSOLEREMOVED_E0E10625,conditional,252,246,6,2,4
raw,M_TASKPOLICY_CONSOLEREMOVED_E0E10625,conditional,414,402,6,2,4
raw,M_TASKPOLICY_CONSOLEREMOVED_E0E10625,bra,8,8,4,2,2
raw,M_TASKPOLICY_CONSOLEREMOVED_E0E10625,bra,38,36,4,2,2
raw,M_TASKPOLICY_CONSOLEREMOVED_E0E10625,bra,110,106,4,2,2
raw,M_TASKPOLICY_CONSOLEREMOVED_E0E10625,bra,270,260,4,2,2
raw,M_TASKPOLICY_CONSOLEREMOVED_E0E10625,bra,430,414,4,2,2
raw,M_TASKPOLICY_CONSOLEREMOVED_E0E10625,bra,436,418,4,2,2
raw,M_TASKPOLICY_CONSOLEREMOVED_E0E10625,bra,473,453,4,2,2
raw,M_TASKPOLICY_CONSOLEREMOVED_E0E10625,bra,521,499,4,2,2
raw,M_TASKPOLICY_CONSOLEREMOVED_E0E10625,bra,597,573,4,2,2
raw,M_TASKPOLICY_CONSOLEREMOVED_E0E10625,brl,671,645,4,3,1
raw,M_TASKPOLICY_CONSOLEREMOVED_E0E10625,brl,710,683,4,3,1
raw,M_TASKPOLICY_CONSOLEREMOVED_E0E10625,bra,740,712,4,2,2
raw,M_TASKPOLICY_CONSOLEREMOVED_E0E10625,brl,827,797,4,3,1
raw,M_TASKPOLICY_CONSOLEREMOVED_E0E10625,bra,957,926,4,2,2
raw,M_TASKPOLICY_REQUESTVALID_195CAC51,conditional,423,406,6,2,4
raw,M_TASKPOLICY_REQUESTVALID_195CAC51,conditional,828,788,6,2,4
raw,M_TASKPOLICY_REQUESTVALID_195CAC51,bra,8,8,4,2,2
raw,M_TASKPOLICY_REQUESTVALID_195CAC51,bra,46,44,4,2,2
raw,M_TASKPOLICY_REQUESTVALID_195CAC51,brl,111,107,4,3,1
raw,M_TASKPOLICY_REQUESTVALID_195CAC51,bra,129,124,4,2,2
raw,M_TASKPOLICY_REQUESTVALID_195CAC51,bra,206,199,4,2,2
raw,M_TASKPOLICY_REQUESTVALID_195CAC51,bra,212,203,4,2,2
raw,M_TASKPOLICY_REQUESTVALID_195CAC51,bra,240,229,4,2,2
raw,M_TASKPOLICY_REQUESTVALID_195CAC51,bra,304,291,4,2,2
raw,M_TASKPOLICY_REQUESTVALID_195CAC51,bra,346,331,4,2,2
raw,M_TASKPOLICY_REQUESTVALID_195CAC51,bra,433,412,4,2,2
raw,M_TASKPOLICY_REQUESTVALID_195CAC51,bra,492,469,4,2,2
raw,M_TASKPOLICY_REQUESTVALID_195CAC51,bra,498,473,4,2,2
raw,M_TASKPOLICY_REQUESTVALID_195CAC51,brl,516,489,4,3,1
raw,M_TASKPOLICY_REQUESTVALID_195CAC51,bra,534,506,4,2,2
raw,M_TASKPOLICY_REQUESTVALID_195CAC51,bra,611,581,4,2,2
raw,M_TASKPOLICY_REQUESTVALID_195CAC51,bra,617,585,4,2,2
raw,M_TASKPOLICY_REQUESTVALID_195CAC51,bra,645,611,4,2,2
raw,M_TASKPOLICY_REQUESTVALID_195CAC51,bra,709,673,4,2,2
raw,M_TASKPOLICY_REQUESTVALID_195CAC51,bra,751,713,4,2,2
raw,M_TASKPOLICY_REQUESTVALID_195CAC51,bra,838,794,4,2,2
raw,M_TASKPOLICY_REQUESTVALID_195CAC51,bra,899,853,4,2,2
raw,M_TASKPOLICY_REQUESTVALID_195CAC51,bra,964,916,4,2,2
raw,M_TASKPOLICY_REQUESTVALID_195CAC51,brl,970,920,4,3,1
raw,M_TASKPOLICY_REQUESTVALID_195CAC51,bra,990,939,4,2,2
raw,M_TASKPOLICY_REQUESTVALID_195CAC51,bra,1055,1002,4,2,2
raw,M_TASKPOLICY_REQUESTVALID_195CAC51,bra,1061,1006,4,2,2
raw,M_TASKPOLICY_REQUESTVALID_195CAC51,bra,1081,1024,4,2,2
raw,M_TASKPOLICY_REQUESTVALID_195CAC51,brl,1146,1087,4,3,1
raw,M_TASKPOLICY_REQUESTVALID_195CAC51,bra,1164,1104,4,2,2
raw,M_TASKPOLICY_REQUESTVALID_195CAC51,bra,1241,1179,4,2,2
raw,M_TASKPOLICY_REQUESTVALID_195CAC51,bra,1247,1183,4,2,2
raw,M_TASKPOLICY_REQUESTVALID_195CAC51,bra,1275,1209,4,2,2
raw,M_TASKPOLICY_REQUESTVALID_195CAC51,bra,1339,1271,4,2,2
raw,M_TASKPOLICY_REQUESTVALID_195CAC51,bra,1381,1311,4,2,2
raw,M_TASKPOLICY_REQUESTVALID_195CAC51,bra,1460,1388,4,2,2
raw,M_TASKPOLICY_REQUESTVALID_195CAC51,bra,1494,1420,4,2,2
raw,M_TASKPOLICY_REQUESTVALID_195CAC51,bra,1559,1483,4,2,2
raw,M_TASKPOLICY_REQUESTVALID_195CAC51,bra,1577,1499,4,2,2
raw,M_TASKPOLICY_REQUESTVALID_195CAC51,bra,1654,1574,4,2,2
raw,M_TASKPOLICY_REQUESTVALID_195CAC51,brl,1686,1604,4,3,1
raw,M_TASKPOLICY_REQUESTVALID_195CAC51,brl,1706,1623,4,3,1
raw,M_TASKPOLICY_REQUESTVALID_195CAC51,bra,1724,1640,4,2,2
raw,M_TASKPOLICY_REQUESTVALID_195CAC51,bra,1801,1715,4,2,2
raw,M_TASKPOLICY_REQUESTVALID_195CAC51,bra,1807,1719,4,2,2
raw,M_TASKPOLICY_REQUESTVALID_195CAC51,bra,1835,1745,4,2,2
raw,M_TASKPOLICY_REQUESTVALID_195CAC51,bra,1899,1807,4,2,2
raw,M_TASKPOLICY_REQUESTVALID_195CAC51,brl,1931,1837,4,3,1
raw,M_TASKPOLICY_REQUESTVALID_195CAC51,brl,1951,1856,4,3,1
raw,M_TASKPOLICY_REQUESTVALID_195CAC51,bra,1969,1873,4,2,2
raw,M_TASKPOLICY_REQUESTVALID_195CAC51,bra,2046,1948,4,2,2
raw,M_TASKPOLICY_REQUESTVALID_195CAC51,bra,2088,1988,4,2,2
raw,M_TASKPOLICY_REQUESTVALID_195CAC51,bra,2176,2074,4,2,2
raw,M_TASKPOLICY_REQUESTVALID_195CAC51,brl,2208,2104,4,3,1
raw,M_TASKPOLICY_REQUESTVALID_195CAC51,bra,2238,2133,4,2,2
raw,M_TASKPOLICY_REQUESTVALID_195CAC51,bra,2333,2226,4,2,2
raw,M_TASKPOLICY_REQUESTVALID_195CAC51,brl,2365,2256,4,3,1
raw,M_TASKPOLICY_REQUESTVALID_195CAC51,brl,2385,2275,4,3,1
raw,M_TASKPOLICY_REQUESTVALID_195CAC51,bra,2403,2292,4,2,2
raw,M_TASKPOLICY_REQUESTVALID_195CAC51,bra,2480,2367,4,2,2
raw,M_TASKPOLICY_REQUESTVALID_195CAC51,bra,2486,2371,4,2,2
raw,M_TASKPOLICY_REQUESTVALID_195CAC51,bra,2514,2397,4,2,2
raw,M_TASKPOLICY_REQUESTVALID_195CAC51,bra,2578,2459,4,2,2
raw,M_TASKPOLICY_REQUESTVALID_195CAC51,bra,2620,2499,4,2,2
raw,M_TASKPOLICY_REQUESTVALID_195CAC51,bra,2699,2576,4,2,2
raw,M_TASKPOLICY_REQUESTVALID_195CAC51,bra,2731,2606,4,2,2
raw,M_TASKPOLICY_REQUESTVALID_195CAC51,bra,2749,2622,4,2,2
raw,M_TASKPOLICY_REQUESTVALID_195CAC51,bra,2826,2697,4,2,2
raw,M_TASKPOLICY_ROUTE_3006B749,bra,8,8,4,2,2
raw,M_TASKPOLICY_ROUTE_3006B749,bra,46,44,4,2,2
raw,M_TASKPOLICY_ROUTE_3006B749,bra,111,107,4,2,2
raw,M_TASKPOLICY_ROUTE_3006B749,bra,145,139,4,2,2
raw,M_TASKPOLICY_ROUTE_3006B749,bra,243,235,4,2,2
raw,M_TASKPOLICY_ROUTE_3006B749,bra,269,259,4,2,2
raw,M_TASKPOLICY_ROUTE_3006B749,bra,361,349,4,2,2
raw,M_TASKPOLICY_ROUTE_3006B749,bra,387,373,4,2,2
raw,M_TASKPOLICY_ROUTE_3006B749,brl,479,463,4,3,1
raw,M_TASKPOLICY_ROUTE_3006B749,bra,499,482,4,2,2
raw,M_TASKPOLICY_ROUTE_3006B749,bra,533,514,4,2,2
raw,M_TASKPOLICY_ROUTE_3006B749,brl,631,610,4,3,1
raw,M_TASKPOLICY_ROUTE_3006B749,brl,651,629,4,3,1
raw,M_TASKPOLICY_ROUTE_3006B749,bra,671,648,4,2,2
raw,M_TASKPOLICY_ROUTE_3006B749,bra,697,672,4,2,2
raw,M_TASKPOLICY_ROUTE_3006B749,bra,789,762,4,2,2
raw,M_TASKPOLICY_ROUTE_3006B749,bra,815,786,4,2,2
raw,M_TASKPOLICY_ROUTE_3006B749,bra,921,890,4,2,2
raw,M_TASKPOLICY_ROUTE_3006B749,bra,1019,986,4,2,2
raw,M_TASKPOLICY_ROUTE_3006B749,bra,1037,1002,4,2,2
raw,M_TASKPOLICY_ROUTE_3006B749,bra,1120,1083,4,2,2
raw,M_TASKPOLICY_ROUTE_3006B749,bra,1173,1134,4,2,2
raw,M_TASKPOLICY_ROUTE_3006B749,bra,1265,1224,4,2,2
raw,M_TASKPOLICY_ROUTE_3006B749,bra,1291,1248,4,2,2
raw,M_TASKPOLICY_ROUTE_3006B749,bra,1383,1338,4,2,2
raw,M_TASKPOLICY_ROUTE_3006B749,bra,1401,1354,4,2,2
raw,M_TASKPOLICY_ROUTE_3006B749,bra,1479,1430,4,2,2
raw,M_TASKPOLICY_ROUTE_3006B749,bra,1505,1454,4,2,2
raw,M_TASKPOLICY_ROUTE_3006B749,brl,1597,1544,4,3,1
raw,M_TASKPOLICY_ROUTE_3006B749,bra,1617,1563,4,2,2
raw,M_TASKPOLICY_ROUTE_3006B749,bra,1701,1645,4,2,2
raw,M_TASKPOLICY_ROUTE_3006B749,bra,1775,1717,4,2,2
raw,M_TASKPOLICY_ROUTE_3006B749,bra,1863,1803,4,2,2
raw,M_TASKPOLICY_ROUTE_3006B749,bra,1881,1819,4,2,2
raw,M_TASKPOLICY_ROUTE_3006B749,bra,1959,1895,4,2,2
raw,M_TASKPOLICY_ROUTE_3006B749,bra,1965,1899,4,2,2
raw,M_TASKPOLICY_ROUTE_3006B749,bra,1983,1915,4,2,2
raw,M_TASKPOLICY_ROUTE_3006B749,bra,2017,1947,4,2,2
raw,M_TASKPOLICY_ROUTE_3006B749,bra,2115,2043,4,2,2
raw,M_TASKPOLICY_ROUTE_3006B749,bra,2141,2067,4,2,2
raw,M_TASKPOLICY_ROUTE_3006B749,bra,2231,2155,4,2,2
raw,M_TASKPOLICY_FINISHDISPATCH_46CD5A79,bra,8,8,4,2,2
raw,M_TASKPOLICY_FINISHDISPATCH_46CD5A79,bra,52,50,4,2,2
raw,M_TASKPOLICY_FINISHDISPATCH_46CD5A79,bra,58,54,4,2,2
raw,M_TASKPOLICY_FINISHDISPATCH_46CD5A79,bra,71,65,4,2,2
raw,M_TASKPOLICY_FINISHDISPATCH_46CD5A79,bra,77,69,4,2,2
raw,M_TASKPOLICY_FINISHDISPATCH_46CD5A79,bra,124,114,4,2,2
raw,M_TASKPOLICY_FINISHDISPATCH_46CD5A79,bra,151,139,4,2,2
raw,M_TASKPOLICY_FINISHDISPATCH_46CD5A79,bra,222,208,4,2,2
raw,M_TASKPOLICY_FINISHDISPATCH_46CD5A79,bra,254,238,4,2,2
raw,M_TASKPOLICY_FINISHDISPATCH_46CD5A79,bra,307,289,4,2,2
raw,M_TASKPOLICY_DISPATCH_2D7B283C,bra,8,8,4,2,2
raw,M_TASKPOLICY_DISPATCH_2D7B283C,bra,50,48,4,2,2
raw,M_TASKPOLICY_DISPATCH_2D7B283C,bra,123,119,4,2,2
raw,M_TASKPOLICY_DISPATCH_2D7B283C,bra,171,165,4,2,2
raw,M_TASKPOLICY_DISPATCH_2D7B283C,bra,326,318,4,2,2
raw,M_TASKPOLICY_DISPATCH_2D7B283C,brl,419,409,4,3,1
raw,M_TASKPOLICY_DISPATCH_2D7B283C,bra,460,449,4,2,2
raw,M_TASKPOLICY_DISPATCH_2D7B283C,bra,523,510,4,2,2
raw,M_TASKPOLICY_DISPATCH_2D7B283C,bra,537,522,4,2,2
raw,M_TASKPOLICY_DISPATCH_2D7B283C,brl,600,583,4,3,1
raw,M_TASKPOLICY_DISPATCH_2D7B283C,bra,685,667,4,2,2
raw,M_TASKPOLICY_DISPATCH_2D7B283C,bra,765,745,4,2,2
raw,M_TASKPOLICY_DISPATCH_2D7B283C,bra,828,806,4,2,2
raw,M_TASKPOLICY_DISPATCH_2D7B283C,bra,866,842,4,2,2
raw,M_TASKPOLICY_DISPATCH_2D7B283C,bra,960,934,4,2,2
raw,M_TASKPOLICY_DISPATCH_2D7B283C,brl,1025,997,4,3,1
raw,M_TASKPOLICY_DISPATCH_2D7B283C,bra,1071,1042,4,2,2
raw,M_TASKPOLICY_DISPATCH_2D7B283C,bra,1152,1121,4,2,2
raw,M_TASKPOLICY_DISPATCH_2D7B283C,bra,1250,1217,4,2,2
raw,M_TASKPOLICY_DISPATCH_2D7B283C,brl,1315,1280,4,3,1
raw,M_TASKPOLICY_DISPATCH_2D7B283C,bra,1361,1325,4,2,2
raw,M_TASKPOLICY_DISPATCH_2D7B283C,bra,1442,1404,4,2,2
raw,M_TASKPOLICY_DISPATCH_2D7B283C,bra,1540,1500,4,2,2
raw,M_TASKPOLICY_DISPATCH_2D7B283C,brl,1605,1563,4,3,1
raw,M_TASKPOLICY_DISPATCH_2D7B283C,bra,1651,1608,4,2,2
raw,M_TASKPOLICY_DISPATCH_2D7B283C,bra,1732,1687,4,2,2
raw,M_TASKPOLICY_DISPATCH_2D7B283C,bra,1854,1807,4,2,2
raw,M_TASKPOLICY_DISPATCH_2D7B283C,bra,1935,1886,4,2,2
raw,M_CONSOLECORE_EXTENT_83D9960B,conditional,231,229,6,2,4
raw,M_CONSOLECORE_EXTENT_83D9960B,conditional,237,231,6,2,4
raw,M_CONSOLECORE_EXTENT_83D9960B,conditional,251,241,6,2,4
raw,M_CONSOLECORE_EXTENT_83D9960B,conditional,257,243,6,2,4
raw,M_CONSOLECORE_EXTENT_83D9960B,conditional,271,253,6,2,4
raw,M_CONSOLECORE_EXTENT_83D9960B,conditional,277,255,6,2,4
raw,M_CONSOLECORE_EXTENT_83D9960B,conditional,291,265,6,2,4
raw,M_CONSOLECORE_EXTENT_83D9960B,conditional,297,267,6,2,4
raw,M_CONSOLECORE_EXTENT_83D9960B,conditional,389,345,6,2,4
raw,M_CONSOLECORE_EXTENT_83D9960B,conditional,395,347,6,2,4
raw,M_CONSOLECORE_EXTENT_83D9960B,conditional,409,357,6,2,4
raw,M_CONSOLECORE_EXTENT_83D9960B,conditional,415,359,6,2,4
raw,M_CONSOLECORE_EXTENT_83D9960B,conditional,429,369,6,2,4
raw,M_CONSOLECORE_EXTENT_83D9960B,conditional,435,371,6,2,4
raw,M_CONSOLECORE_EXTENT_83D9960B,conditional,449,381,6,2,4
raw,M_CONSOLECORE_EXTENT_83D9960B,conditional,455,383,6,2,4
raw,M_CONSOLECORE_EXTENT_83D9960B,conditional,539,452,6,2,4
raw,M_CONSOLECORE_EXTENT_83D9960B,conditional,545,454,6,2,4
raw,M_CONSOLECORE_EXTENT_83D9960B,conditional,559,464,6,2,4
raw,M_CONSOLECORE_EXTENT_83D9960B,conditional,565,466,6,2,4
raw,M_CONSOLECORE_EXTENT_83D9960B,conditional,579,476,6,2,4
raw,M_CONSOLECORE_EXTENT_83D9960B,conditional,585,478,6,2,4
raw,M_CONSOLECORE_EXTENT_83D9960B,conditional,599,488,6,2,4
raw,M_CONSOLECORE_EXTENT_83D9960B,conditional,605,490,6,2,4
raw,M_CONSOLECORE_EXTENT_83D9960B,conditional,681,550,6,2,4
raw,M_CONSOLECORE_EXTENT_83D9960B,conditional,687,552,6,2,4
raw,M_CONSOLECORE_EXTENT_83D9960B,conditional,701,562,6,2,4
raw,M_CONSOLECORE_EXTENT_83D9960B,conditional,707,564,6,2,4
raw,M_CONSOLECORE_EXTENT_83D9960B,conditional,721,574,6,2,4
raw,M_CONSOLECORE_EXTENT_83D9960B,conditional,727,576,6,2,4
raw,M_CONSOLECORE_EXTENT_83D9960B,conditional,741,586,6,2,4
raw,M_CONSOLECORE_EXTENT_83D9960B,conditional,747,588,6,2,4
raw,M_CONSOLECORE_EXTENT_83D9960B,conditional,884,711,6,2,4
raw,M_CONSOLECORE_EXTENT_83D9960B,conditional,890,713,6,2,4
raw,M_CONSOLECORE_EXTENT_83D9960B,conditional,904,723,6,2,4
raw,M_CONSOLECORE_EXTENT_83D9960B,conditional,910,725,6,2,4
raw,M_CONSOLECORE_EXTENT_83D9960B,conditional,924,735,6,2,4
raw,M_CONSOLECORE_EXTENT_83D9960B,conditional,930,737,6,2,4
raw,M_CONSOLECORE_EXTENT_83D9960B,conditional,944,747,6,2,4
raw,M_CONSOLECORE_EXTENT_83D9960B,conditional,950,749,6,2,4
raw,M_CONSOLECORE_EXTENT_83D9960B,conditional,1022,807,6,2,4
raw,M_CONSOLECORE_EXTENT_83D9960B,conditional,1028,809,6,2,4
raw,M_CONSOLECORE_EXTENT_83D9960B,conditional,1042,819,6,2,4
raw,M_CONSOLECORE_EXTENT_83D9960B,conditional,1048,821,6,2,4
raw,M_CONSOLECORE_EXTENT_83D9960B,conditional,1062,831,6,2,4
raw,M_CONSOLECORE_EXTENT_83D9960B,conditional,1068,833,6,2,4
raw,M_CONSOLECORE_EXTENT_83D9960B,conditional,1082,843,6,2,4
raw,M_CONSOLECORE_EXTENT_83D9960B,conditional,1088,845,6,2,4
raw,M_CONSOLECORE_EXTENT_83D9960B,bra,8,8,4,2,2
raw,M_CONSOLECORE_EXTENT_83D9960B,bra,303,269,4,2,2
raw,M_CONSOLECORE_EXTENT_83D9960B,bra,309,273,4,2,2
raw,M_CONSOLECORE_EXTENT_83D9960B,bra,315,277,4,2,2
raw,M_CONSOLECORE_EXTENT_83D9960B,bra,321,281,4,2,2
raw,M_CONSOLECORE_EXTENT_83D9960B,bra,337,295,4,2,2
raw,M_CONSOLECORE_EXTENT_83D9960B,bra,461,385,4,2,2
raw,M_CONSOLECORE_EXTENT_83D9960B,bra,467,389,4,2,2
raw,M_CONSOLECORE_EXTENT_83D9960B,bra,473,393,4,2,2
raw,M_CONSOLECORE_EXTENT_83D9960B,bra,479,397,4,2,2
raw,M_CONSOLECORE_EXTENT_83D9960B,bra,495,411,4,2,2
raw,M_CONSOLECORE_EXTENT_83D9960B,brl,501,415,4,3,1
raw,M_CONSOLECORE_EXTENT_83D9960B,bra,611,492,4,2,2
raw,M_CONSOLECORE_EXTENT_83D9960B,bra,617,496,4,2,2
raw,M_CONSOLECORE_EXTENT_83D9960B,bra,623,500,4,2,2
raw,M_CONSOLECORE_EXTENT_83D9960B,bra,629,504,4,2,2
raw,M_CONSOLECORE_EXTENT_83D9960B,bra,645,518,4,2,2
raw,M_CONSOLECORE_EXTENT_83D9960B,bra,651,522,4,2,2
raw,M_CONSOLECORE_EXTENT_83D9960B,bra,753,590,4,2,2
raw,M_CONSOLECORE_EXTENT_83D9960B,bra,759,594,4,2,2
raw,M_CONSOLECORE_EXTENT_83D9960B,bra,765,598,4,2,2
raw,M_CONSOLECORE_EXTENT_83D9960B,bra,771,602,4,2,2
raw,M_CONSOLECORE_EXTENT_83D9960B,bra,787,616,4,2,2
raw,M_CONSOLECORE_EXTENT_83D9960B,bra,956,751,4,2,2
raw,M_CONSOLECORE_EXTENT_83D9960B,bra,962,755,4,2,2
raw,M_CONSOLECORE_EXTENT_83D9960B,bra,968,759,4,2,2
raw,M_CONSOLECORE_EXTENT_83D9960B,bra,974,763,4,2,2
raw,M_CONSOLECORE_EXTENT_83D9960B,bra,990,777,4,2,2
raw,M_CONSOLECORE_EXTENT_83D9960B,bra,1094,847,4,2,2
raw,M_CONSOLECORE_EXTENT_83D9960B,bra,1100,851,4,2,2
raw,M_CONSOLECORE_EXTENT_83D9960B,bra,1106,855,4,2,2
raw,M_CONSOLECORE_EXTENT_83D9960B,bra,1112,859,4,2,2
raw,M_CONSOLECORE_EXTENT_83D9960B,bra,1128,873,4,2,2
raw,M_CONSOLECORE_INIT_F63331F9,bra,8,8,4,2,2
raw,M_CONSOLECORE_INIT_F63331F9,bra,52,50,4,2,2
raw,M_CONSOLECORE_INIT_F63331F9,bra,58,54,4,2,2
raw,M_CONSOLECORE_INIT_F63331F9,bra,84,78,4,2,2
raw,M_CONSOLECORE_INIT_F63331F9,bra,90,82,4,2,2
raw,M_CONSOLECORE_INIT_F63331F9,bra,116,106,4,2,2
raw,M_CONSOLECORE_INIT_F63331F9,bra,122,110,4,2,2
raw,M_CONSOLECORE_INIT_F63331F9,bra,148,134,4,2,2
raw,M_CONSOLECORE_INIT_F63331F9,bra,210,194,4,2,2
raw,M_CONSOLECORE_INIT_F63331F9,bra,236,218,4,2,2
raw,M_CONSOLECORE_INIT_F63331F9,bra,280,260,4,2,2
raw,M_CONSOLECORE_INIT_F63331F9,bra,286,264,4,2,2
raw,M_CONSOLECORE_INIT_F63331F9,bra,302,278,4,2,2
raw,M_CONSOLECORE_INIT_F63331F9,bra,342,316,4,2,2
raw,M_CONSOLECORE_INIT_F63331F9,bra,441,413,4,2,2
raw,M_CONSOLECORE_DIRTY_4A63B073,bra,8,8,4,2,2
raw,M_CONSOLECORE_DIRTY_4A63B073,bra,63,61,4,2,2
raw,M_CONSOLECORE_DIRTY_4A63B073,bra,129,125,4,2,2
raw,M_CONSOLECORE_EDITQUANTUM_E6CDEC54,bra,8,8,4,2,2
raw,M_CONSOLECORE_EDITQUANTUM_E6CDEC54,bra,63,61,4,2,2
raw,M_CONSOLECORE_EDITQUANTUM_E6CDEC54,bra,144,140,4,2,2
raw,M_CONSOLECORE_EDITQUANTUM_E6CDEC54,brl,191,185,4,3,1
raw,M_CONSOLECORE_EDITQUANTUM_E6CDEC54,brl,266,259,4,3,1
raw,M_CONSOLECORE_EDITQUANTUM_E6CDEC54,brl,305,297,4,3,1
raw,M_CONSOLECORE_EDITQUANTUM_E6CDEC54,bra,491,482,4,2,2
raw,M_CONSOLECORE_EDITQUANTUM_E6CDEC54,brl,597,586,4,3,1
raw,M_CONSOLECORE_EDITQUANTUM_E6CDEC54,bra,644,632,4,2,2
raw,M_CONSOLECORE_EDITQUANTUM_E6CDEC54,bra,773,759,4,2,2
raw,M_CONSOLECORE_NEWLINE_97A73E23,bra,8,8,4,2,2
raw,M_CONSOLECORE_NEWLINE_97A73E23,bra,125,123,4,2,2
raw,M_CONSOLECORE_NEWLINE_97A73E23,bra,245,241,4,2,2
raw,M_CONSOLECORE_CHARACTER_94A5011A,bra,8,8,4,2,2
raw,M_CONSOLECORE_CHARACTER_94A5011A,brl,52,50,4,3,1
raw,M_CONSOLECORE_CHARACTER_94A5011A,brl,72,69,4,3,1
raw,M_CONSOLECORE_CHARACTER_94A5011A,bra,92,88,4,2,2
raw,M_CONSOLECORE_CHARACTER_94A5011A,bra,289,283,4,2,2
raw,M_CONSOLECORE_CHARACTER_94A5011A,bra,456,448,4,2,2
raw,M_CONSOLECORE_CHARACTER_94A5011A,bra,478,468,4,2,2
raw,M_CONSOLECORE_CHARACTER_94A5011A,brl,535,523,4,3,1
raw,M_CONSOLECORE_CHARACTER_94A5011A,bra,553,540,4,2,2
raw,M_CONSOLECORE_CHARACTER_94A5011A,bra,600,585,4,2,2
raw,M_CONSOLECORE_CHARACTER_94A5011A,brl,652,635,4,3,1
raw,M_CONSOLECORE_CHARACTER_94A5011A,brl,670,652,4,3,1
raw,M_CONSOLECORE_CHARACTER_94A5011A,bra,764,745,4,2,2
raw,M_CONSOLECORE_CHARACTER_94A5011A,bra,786,765,4,2,2
raw,M_CONSOLECORE_CHARACTER_94A5011A,bra,843,820,4,2,2
raw,M_CONSOLECORE_CHARACTER_94A5011A,brl,874,849,4,3,1
raw,M_CONSOLECORE_CHARACTER_94A5011A,bra,892,866,4,2,2
raw,M_CONSOLECORE_CHARACTER_94A5011A,bra,914,886,4,2,2
raw,M_CONSOLECORE_CHARACTER_94A5011A,brl,971,941,4,3,1
raw,M_CONSOLECORE_CHARACTER_94A5011A,brl,989,958,4,3,1
raw,M_CONSOLECORE_CHARACTER_94A5011A,bra,1162,1130,4,2,2
raw,M_CONSOLECORE_CHARACTER_94A5011A,bra,1180,1146,4,2,2
raw,M_CONSOLECORE_FEED_287D49E7,bra,8,8,4,2,2
raw,M_CONSOLECORE_FEED_287D49E7,bra,63,61,4,2,2
raw,M_CONSOLECORE_FEED_287D49E7,bra,85,81,4,2,2
raw,M_CONSOLECORE_FEED_287D49E7,bra,196,190,4,2,2
raw,M_CONSOLECORE_FEED_287D49E7,brl,232,224,4,3,1
raw,M_CONSOLECORE_FEED_287D49E7,bra,318,309,4,2,2
raw,M_CONSOLECORE_FEED_287D49E7,bra,426,415,4,2,2
raw,M_CONSOLECORE_FEED_287D49E7,bra,432,419,4,2,2
raw,M_CONSOLECORE_FEED_287D49E7,brl,436,421,4,3,1
raw,M_CONSOLEINPUT_INIT_5076ECFA,bra,8,8,4,2,2
raw,M_CONSOLEINPUT_LOSE_42C88EE3,bra,8,8,4,2,2
raw,M_CONSOLEINPUT_CLEAR_3DEF4D2B,bra,8,8,4,2,2
raw,M_CONSOLEINPUT_CLEAR_3DEF4D2B,bra,38,36,4,2,2
raw,M_CONSOLEINPUT_DECODE_A428056C,conditional,126,124,6,2,4
raw,M_CONSOLEINPUT_DECODE_A428056C,conditional,134,128,6,2,4
raw,M_CONSOLEINPUT_DECODE_A428056C,conditional,142,132,6,2,4
raw,M_CONSOLEINPUT_DECODE_A428056C,conditional,152,138,6,2,4
raw,M_CONSOLEINPUT_DECODE_A428056C,conditional,160,142,6,2,4
raw,M_CONSOLEINPUT_DECODE_A428056C,conditional,183,161,6,2,4
raw,M_CONSOLEINPUT_DECODE_A428056C,conditional,271,243,6,2,4
raw,M_CONSOLEINPUT_DECODE_A428056C,conditional,279,247,6,2,4
raw,M_CONSOLEINPUT_DECODE_A428056C,conditional,287,251,6,2,4
raw,M_CONSOLEINPUT_DECODE_A428056C,conditional,297,257,6,2,4
raw,M_CONSOLEINPUT_DECODE_A428056C,conditional,305,261,6,2,4
raw,M_CONSOLEINPUT_DECODE_A428056C,conditional,328,280,6,2,4
raw,M_CONSOLEINPUT_DECODE_A428056C,conditional,957,887,6,2,4
raw,M_CONSOLEINPUT_DECODE_A428056C,conditional,965,891,6,2,4
raw,M_CONSOLEINPUT_DECODE_A428056C,conditional,982,904,6,2,4
raw,M_CONSOLEINPUT_DECODE_A428056C,bra,8,8,4,2,2
raw,M_CONSOLEINPUT_DECODE_A428056C,bra,189,163,4,2,2
raw,M_CONSOLEINPUT_DECODE_A428056C,bra,334,282,4,2,2
raw,M_CONSOLEINPUT_DECODE_A428056C,bra,437,383,4,2,2
raw,M_CONSOLEINPUT_DECODE_A428056C,bra,476,420,4,2,2
raw,M_CONSOLEINPUT_DECODE_A428056C,bra,515,457,4,2,2
raw,M_CONSOLEINPUT_DECODE_A428056C,bra,628,568,4,2,2
raw,M_CONSOLEINPUT_DECODE_A428056C,bra,660,598,4,2,2
raw,M_CONSOLEINPUT_DECODE_A428056C,bra,710,646,4,2,2
raw,M_CONSOLEINPUT_DECODE_A428056C,bra,878,812,4,2,2
raw,M_CONSOLEINPUT_DECODE_A428056C,bra,910,842,4,2,2
raw,M_CONSOLEINPUT_DECODE_A428056C,bra,988,906,4,2,2
raw,M_CONSOLEINPUT_DECODE_A428056C,bra,1038,954,4,2,2
raw,M_CONSOLEINPUT_DECODE_A428056C,bra,1058,972,4,2,2
raw,M_CONSOLEINPUT_DECODE_A428056C,bra,1078,990,4,2,2
raw,M_CONSOLEINPUT_DECODE_A428056C,bra,1135,1045,4,2,2
raw,M_CONSOLEINPUT_DECODE_A428056C,bra,1179,1087,4,2,2
raw,M_CONSOLEINPUT_DECODE_A428056C,bra,1199,1105,4,2,2
raw,M_CONSOLEINPUT_DECODE_A428056C,bra,1252,1156,4,2,2
raw,M_CONSOLEINPUT_DECODE_A428056C,brl,1281,1183,4,3,1
raw,M_CONSOLEINPUT_DECODE_A428056C,brl,1299,1200,4,3,1
raw,M_CONSOLEINPUT_DECODE_A428056C,bra,1484,1384,4,2,2
raw,M_CONSOLEINPUT_DELIVER_8B43A137,bra,8,8,4,2,2
raw,M_CONSOLEINPUT_DELIVER_8B43A137,bra,63,61,4,2,2
raw,M_CONSOLEINPUT_DELIVER_8B43A137,bra,69,65,4,2,2
raw,M_CONSOLEINPUT_DELIVER_8B43A137,bra,106,100,4,2,2
raw,M_CONSOLEINPUT_DELIVER_8B43A137,bra,143,135,4,2,2
raw,M_CONSOLEINPUT_DELIVER_8B43A137,bra,225,215,4,2,2
raw,M_CONSOLEINPUT_DELIVER_8B43A137,bra,279,267,4,2,2
raw,M_CONSOLEINPUT_DELIVER_8B43A137,bra,301,287,4,2,2
raw,M_CONSOLEINPUT_PUMP_600356CC,conditional,174,169,6,2,4
raw,M_CONSOLEINPUT_PUMP_600356CC,conditional,230,218,6,2,4
raw,M_CONSOLEINPUT_PUMP_600356CC,bra,8,8,4,2,2
raw,M_CONSOLEINPUT_PUMP_600356CC,brl,68,66,4,3,1
raw,M_CONSOLEINPUT_PUMP_600356CC,bra,82,79,4,2,2
raw,M_CONSOLEINPUT_PUMP_600356CC,bra,188,179,4,2,2
raw,M_CONSOLEINPUT_PUMP_600356CC,brl,194,183,4,3,1
raw,M_CONSOLEINPUT_PUMP_600356CC,bra,244,228,4,2,2
raw,M_CONSOLEINPUT_PUMP_600356CC,bra,266,248,4,2,2
raw,M_CONSOLEINPUT_PUMP_600356CC,bra,323,303,4,2,2
raw,M_CONSOLEINPUT_PUMP_600356CC,bra,351,329,4,2,2
raw,M_CONSOLEINPUT_PUMP_600356CC,brl,432,408,4,3,1
raw,M_CONSOLEINPUT_READ_9E7D5EC6,bra,8,8,4,2,2
raw,M_CONSOLEINPUT_READ_9E7D5EC6,bra,64,62,4,2,2
raw,M_CONSOLEINPUT_READ_9E7D5EC6,bra,115,111,4,2,2
raw,M_CONSOLEINPUT_READ_9E7D5EC6,bra,137,131,4,2,2
raw,M_CONSOLEINPUT_READ_9E7D5EC6,bra,228,220,4,2,2
raw,M_CONSOLEINPUT_READ_9E7D5EC6,brl,280,270,4,3,1
raw,M_CONSOLEINPUT_READ_9E7D5EC6,brl,327,316,4,3,1
raw,M_CONSOLEINPUT_READ_9E7D5EC6,brl,642,630,4,3,1
raw,M_CONSOLEDISPLAY_GLYPH_DCC4F92E,bra,8,8,4,2,2
raw,M_CONSOLEDISPLAY_GLYPH_DCC4F92E,bra,80,78,4,2,2
raw,M_CONSOLEDISPLAY_LISTVALID_C50FC922,conditional,662,638,6,2,4
raw,M_CONSOLEDISPLAY_LISTVALID_C50FC922,conditional,670,642,6,2,4
raw,M_CONSOLEDISPLAY_LISTVALID_C50FC922,conditional,689,657,6,2,4
raw,M_CONSOLEDISPLAY_LISTVALID_C50FC922,conditional,1132,1083,6,2,4
raw,M_CONSOLEDISPLAY_LISTVALID_C50FC922,conditional,1140,1087,6,2,4
raw,M_CONSOLEDISPLAY_LISTVALID_C50FC922,conditional,1159,1102,6,2,4
raw,M_CONSOLEDISPLAY_LISTVALID_C50FC922,bra,8,8,4,2,2
raw,M_CONSOLEDISPLAY_LISTVALID_C50FC922,bra,39,37,4,2,2
raw,M_CONSOLEDISPLAY_LISTVALID_C50FC922,bra,45,41,4,2,2
raw,M_CONSOLEDISPLAY_LISTVALID_C50FC922,bra,60,54,4,2,2
raw,M_CONSOLEDISPLAY_LISTVALID_C50FC922,bra,98,90,4,2,2
raw,M_CONSOLEDISPLAY_LISTVALID_C50FC922,bra,122,112,4,2,2
raw,M_CONSOLEDISPLAY_LISTVALID_C50FC922,bra,250,238,4,2,2
raw,M_CONSOLEDISPLAY_LISTVALID_C50FC922,brl,256,242,4,3,1
raw,M_CONSOLEDISPLAY_LISTVALID_C50FC922,bra,330,315,4,2,2
raw,M_CONSOLEDISPLAY_LISTVALID_C50FC922,brl,336,319,4,3,1
raw,M_CONSOLEDISPLAY_LISTVALID_C50FC922,bra,410,392,4,2,2
raw,M_CONSOLEDISPLAY_LISTVALID_C50FC922,bra,416,396,4,2,2
raw,M_CONSOLEDISPLAY_LISTVALID_C50FC922,bra,490,468,4,2,2
raw,M_CONSOLEDISPLAY_LISTVALID_C50FC922,bra,695,659,4,2,2
raw,M_CONSOLEDISPLAY_LISTVALID_C50FC922,bra,732,694,4,2,2
raw,M_CONSOLEDISPLAY_LISTVALID_C50FC922,bra,788,748,4,2,2
raw,M_CONSOLEDISPLAY_LISTVALID_C50FC922,bra,864,822,4,2,2
raw,M_CONSOLEDISPLAY_LISTVALID_C50FC922,bra,894,850,4,2,2
raw,M_CONSOLEDISPLAY_LISTVALID_C50FC922,bra,968,922,4,2,2
raw,M_CONSOLEDISPLAY_LISTVALID_C50FC922,brl,974,926,4,3,1
raw,M_CONSOLEDISPLAY_LISTVALID_C50FC922,bra,1165,1104,4,2,2
raw,M_CONSOLEDISPLAY_LISTVALID_C50FC922,bra,1202,1139,4,2,2
raw,M_CONSOLEDISPLAY_VALIDATE_33E36106,bra,8,8,4,2,2
raw,M_CONSOLEDISPLAY_VALIDATE_33E36106,bra,46,44,4,2,2
raw,M_CONSOLEDISPLAY_VALIDATE_33E36106,bra,52,48,4,2,2
raw,M_CONSOLEDISPLAY_VALIDATE_33E36106,bra,72,66,4,2,2
raw,M_CONSOLEDISPLAY_VALIDATE_33E36106,bra,78,70,4,2,2
raw,M_CONSOLEDISPLAY_VALIDATE_33E36106,bra,98,88,4,2,2
raw,M_CONSOLEDISPLAY_VALIDATE_33E36106,bra,104,92,4,2,2
raw,M_CONSOLEDISPLAY_VALIDATE_33E36106,bra,124,110,4,2,2
raw,M_CONSOLEDISPLAY_VALIDATE_33E36106,bra,130,114,4,2,2
raw,M_CONSOLEDISPLAY_VALIDATE_33E36106,bra,150,132,4,2,2
raw,M_CONSOLEDISPLAY_VALIDATE_33E36106,bra,184,164,4,2,2
raw,M_CONSOLEDISPLAY_VALIDATE_33E36106,bra,190,168,4,2,2
raw,M_CONSOLEDISPLAY_VALIDATE_33E36106,bra,210,186,4,2,2
raw,M_CONSOLEDISPLAY_VALIDATE_33E36106,bra,216,190,4,2,2
raw,M_CONSOLEDISPLAY_VALIDATE_33E36106,bra,236,208,4,2,2
raw,M_CONSOLEDISPLAY_VALIDATE_33E36106,bra,265,235,4,2,2
raw,M_CONSOLEDISPLAY_VALIDATE_33E36106,bra,271,239,4,2,2
raw,M_CONSOLEDISPLAY_VALIDATE_33E36106,bra,288,254,4,2,2
raw,M_CONSOLEDISPLAY_VALIDATE_33E36106,bra,324,288,4,2,2
raw,M_CONSOLEDISPLAY_VALIDATE_33E36106,bra,330,292,4,2,2
raw,M_CONSOLEDISPLAY_VALIDATE_33E36106,bra,358,318,4,2,2
raw,M_CONSOLEDISPLAY_VALIDATE_33E36106,bra,396,354,4,2,2
raw,M_CONSOLEDISPLAY_GEOMETRY_B00D0334,bra,8,8,4,2,2
raw,M_CONSOLEDISPLAY_GEOMETRY_B00D0334,bra,71,69,4,2,2
raw,M_CONSOLEDISPLAY_GEOMETRY_B00D0334,brl,77,73,4,3,1
raw,M_CONSOLEDISPLAY_GEOMETRY_B00D0334,bra,122,117,4,2,2
raw,M_CONSOLEDISPLAY_GEOMETRY_B00D0334,bra,128,121,4,2,2
raw,M_CONSOLEDISPLAY_GEOMETRY_B00D0334,bra,173,164,4,2,2
raw,M_CONSOLEDISPLAY_GEOMETRY_B00D0334,bra,179,168,4,2,2
raw,M_CONSOLEDISPLAY_GEOMETRY_B00D0334,bra,224,211,4,2,2
raw,M_CONSOLEDISPLAY_GEOMETRY_B00D0334,bra,300,285,4,2,2
raw,M_CONSOLEDISPLAY_GEOMETRY_B00D0334,bra,306,289,4,2,2
raw,M_CONSOLEDISPLAY_GEOMETRY_B00D0334,bra,368,349,4,2,2
raw,M_CONSOLEDISPLAY_GEOMETRY_B00D0334,bra,438,417,4,2,2
raw,M_CONSOLEDISPLAY_GEOMETRY_B00D0334,bra,444,421,4,2,2
raw,M_CONSOLEDISPLAY_GEOMETRY_B00D0334,bra,500,475,4,2,2
raw,M_CONSOLEDISPLAY_COPYSCREEN_6781A699,bra,8,8,4,2,2
raw,M_CONSOLEDISPLAY_COPYSCREEN_6781A699,brl,68,66,4,3,1
raw,M_CONSOLEDISPLAY_COPYSCREEN_6781A699,brl,100,97,4,3,1
raw,M_CONSOLEDISPLAY_COPYSCREEN_6781A699,brl,246,242,4,3,1
raw,M_CONSOLEDISPLAY_COPYSCREEN_6781A699,bra,258,253,4,2,2
raw,M_CONSOLEDISPLAY_COPYSCREEN_6781A699,brl,305,298,4,3,1
raw,M_CONSOLEDISPLAY_CLAIM_0FF5CDD8,conditional,172,162,6,2,4
raw,M_CONSOLEDISPLAY_CLAIM_0FF5CDD8,conditional,240,222,6,2,4
raw,M_CONSOLEDISPLAY_CLAIM_0FF5CDD8,conditional,246,224,6,2,4
raw,M_CONSOLEDISPLAY_CLAIM_0FF5CDD8,conditional,260,234,6,2,4
raw,M_CONSOLEDISPLAY_CLAIM_0FF5CDD8,conditional,266,236,6,2,4
raw,M_CONSOLEDISPLAY_CLAIM_0FF5CDD8,conditional,280,246,6,2,4
raw,M_CONSOLEDISPLAY_CLAIM_0FF5CDD8,conditional,286,248,6,2,4
raw,M_CONSOLEDISPLAY_CLAIM_0FF5CDD8,bra,8,8,4,2,2
raw,M_CONSOLEDISPLAY_CLAIM_0FF5CDD8,bra,63,61,4,2,2
raw,M_CONSOLEDISPLAY_CLAIM_0FF5CDD8,bra,69,65,4,2,2
raw,M_CONSOLEDISPLAY_CLAIM_0FF5CDD8,bra,81,75,4,2,2
raw,M_CONSOLEDISPLAY_CLAIM_0FF5CDD8,bra,144,136,4,2,2
raw,M_CONSOLEDISPLAY_CLAIM_0FF5CDD8,bra,188,174,4,2,2
raw,M_CONSOLEDISPLAY_CLAIM_0FF5CDD8,bra,194,178,4,2,2
raw,M_CONSOLEDISPLAY_CLAIM_0FF5CDD8,bra,292,250,4,2,2
raw,M_CONSOLEDISPLAY_CLAIM_0FF5CDD8,bra,298,254,4,2,2
raw,M_CONSOLEDISPLAY_CLAIM_0FF5CDD8,bra,304,258,4,2,2
raw,M_CONSOLEDISPLAY_CLAIM_0FF5CDD8,bra,310,262,4,2,2
raw,M_CONSOLEDISPLAY_CLAIM_0FF5CDD8,bra,326,276,4,2,2
raw,M_CONSOLEDISPLAY_CLAIM_0FF5CDD8,bra,692,640,4,2,2
raw,M_CONSOLEDISPLAY_CLAIM_0FF5CDD8,bra,779,725,4,2,2
raw,M_CONSOLEDISPLAY_CLAIM_0FF5CDD8,bra,821,765,4,2,2
raw,M_CONSOLEDISPLAY_RELEASE_C2AC22C5,bra,8,8,4,2,2
raw,M_CONSOLEDISPLAY_RELEASE_C2AC22C5,bra,63,61,4,2,2
raw,M_CONSOLEDISPLAY_RELEASE_C2AC22C5,bra,179,175,4,2,2
raw,M_CONSOLEDISPLAY_POSITION_5668E3AD,conditional,48,46,6,2,4
raw,M_CONSOLEDISPLAY_POSITION_5668E3AD,conditional,56,50,6,2,4
raw,M_CONSOLEDISPLAY_POSITION_5668E3AD,conditional,75,65,6,2,4
raw,M_CONSOLEDISPLAY_POSITION_5668E3AD,conditional,119,103,6,2,4
raw,M_CONSOLEDISPLAY_POSITION_5668E3AD,conditional,127,107,6,2,4
raw,M_CONSOLEDISPLAY_POSITION_5668E3AD,conditional,146,122,6,2,4
raw,M_CONSOLEDISPLAY_POSITION_5668E3AD,bra,8,8,4,2,2
raw,M_CONSOLEDISPLAY_POSITION_5668E3AD,bra,81,67,4,2,2
raw,M_CONSOLEDISPLAY_POSITION_5668E3AD,bra,152,124,4,2,2
raw,M_CONSOLEDISPLAY_CURSOR_3EC7579C,bra,8,8,4,2,2
raw,M_CONSOLEDISPLAY_CURSOR_3EC7579C,bra,139,137,4,2,2
raw,M_CONSOLEDISPLAY_CURSOR_3EC7579C,bra,145,141,4,2,2
raw,M_CONSOLEDISPLAY_CURSOR_3EC7579C,bra,201,195,4,2,2
raw,M_CONSOLEDISPLAY_CURSOR_3EC7579C,bra,207,199,4,2,2
raw,M_CONSOLEDISPLAY_CURSOR_3EC7579C,bra,263,253,4,2,2
raw,M_CONSOLEDISPLAY_CURSOR_3EC7579C,bra,390,378,4,2,2
raw,M_CONSOLEDISPLAY_CURSOR_3EC7579C,bra,576,562,4,2,2
raw,M_CONSOLEDISPLAY_CELLS_58FB51DD,bra,8,8,4,2,2
raw,M_CONSOLEDISPLAY_CELLS_58FB51DD,bra,128,126,4,2,2
raw,M_CONSOLEDISPLAY_CELLS_58FB51DD,bra,180,176,4,2,2
raw,M_CONSOLEDISPLAY_CELLS_58FB51DD,brl,217,211,4,3,1
raw,M_CONSOLEDISPLAY_CELLS_58FB51DD,brl,245,238,4,3,1
raw,M_CONSOLEDISPLAY_CELLS_58FB51DD,brl,284,276,4,3,1
raw,M_CONSOLEDISPLAY_CELLS_58FB51DD,brl,323,314,4,3,1
raw,M_CONSOLEDISPLAY_CELLS_58FB51DD,bra,405,395,4,2,2
raw,M_CONSOLEDISPLAY_CELLS_58FB51DD,bra,602,590,4,2,2
raw,M_CONSOLEDISPLAY_CELLS_58FB51DD,bra,776,762,4,2,2
raw,M_CONSOLEDISPLAY_CELLS_58FB51DD,brl,810,794,4,3,1
raw,M_CONSOLEDISPLAY_CELLS_58FB51DD,bra,874,857,4,2,2
raw,M_CONSOLEDISPLAY_QUANTUM_5F98A18D,bra,8,8,4,2,2
raw,M_CONSOLEDISPLAY_QUANTUM_5F98A18D,bra,63,61,4,2,2
raw,M_CONSOLEDISPLAY_QUANTUM_5F98A18D,brl,69,65,4,3,1
raw,M_CONSOLEDISPLAY_QUANTUM_5F98A18D,bra,106,101,4,2,2
raw,M_CONSOLEDISPLAY_QUANTUM_5F98A18D,bra,112,105,4,2,2
raw,M_CONSOLEDISPLAY_QUANTUM_5F98A18D,bra,140,131,4,2,2
raw,M_CONSOLEDISPLAY_QUANTUM_5F98A18D,bra,227,216,4,2,2
raw,M_CONSOLEDISPLAY_QUANTUM_5F98A18D,brl,273,260,4,3,1
raw,M_CONSOLEDISPLAY_QUANTUM_5F98A18D,bra,470,456,4,2,2
raw,M_CONSOLEDISPLAY_QUANTUM_5F98A18D,bra,565,549,4,2,2
raw,M_CONSOLEDRIVER_GETSERVICE_BEE5E55D,bra,8,8,4,2,2
raw,M_CONSOLEDRIVER_GETINSTANCE_7919D405,bra,8,8,4,2,2
raw,M_CONSOLEDRIVER_MAPPED_DAA6A481,conditional,40,38,6,2,4
raw,M_CONSOLEDRIVER_MAPPED_DAA6A481,conditional,181,172,6,2,4
raw,M_CONSOLEDRIVER_MAPPED_DAA6A481,conditional,187,174,6,2,4
raw,M_CONSOLEDRIVER_MAPPED_DAA6A481,conditional,201,184,6,2,4
raw,M_CONSOLEDRIVER_MAPPED_DAA6A481,conditional,207,186,6,2,4
raw,M_CONSOLEDRIVER_MAPPED_DAA6A481,conditional,221,196,6,2,4
raw,M_CONSOLEDRIVER_MAPPED_DAA6A481,conditional,227,198,6,2,4
raw,M_CONSOLEDRIVER_MAPPED_DAA6A481,conditional,241,208,6,2,4
raw,M_CONSOLEDRIVER_MAPPED_DAA6A481,conditional,247,210,6,2,4
raw,M_CONSOLEDRIVER_MAPPED_DAA6A481,conditional,343,292,6,2,4
raw,M_CONSOLEDRIVER_MAPPED_DAA6A481,conditional,351,296,6,2,4
raw,M_CONSOLEDRIVER_MAPPED_DAA6A481,conditional,372,313,6,2,4
raw,M_CONSOLEDRIVER_MAPPED_DAA6A481,conditional,592,527,6,2,4
raw,M_CONSOLEDRIVER_MAPPED_DAA6A481,conditional,600,531,6,2,4
raw,M_CONSOLEDRIVER_MAPPED_DAA6A481,conditional,608,535,6,2,4
raw,M_CONSOLEDRIVER_MAPPED_DAA6A481,conditional,618,541,6,2,4
raw,M_CONSOLEDRIVER_MAPPED_DAA6A481,conditional,626,545,6,2,4
raw,M_CONSOLEDRIVER_MAPPED_DAA6A481,conditional,649,564,6,2,4
raw,M_CONSOLEDRIVER_MAPPED_DAA6A481,bra,8,8,4,2,2
raw,M_CONSOLEDRIVER_MAPPED_DAA6A481,bra,56,50,4,2,2
raw,M_CONSOLEDRIVER_MAPPED_DAA6A481,brl,62,54,4,3,1
raw,M_CONSOLEDRIVER_MAPPED_DAA6A481,bra,253,212,4,2,2
raw,M_CONSOLEDRIVER_MAPPED_DAA6A481,bra,259,216,4,2,2
raw,M_CONSOLEDRIVER_MAPPED_DAA6A481,bra,265,220,4,2,2
raw,M_CONSOLEDRIVER_MAPPED_DAA6A481,bra,271,224,4,2,2
raw,M_CONSOLEDRIVER_MAPPED_DAA6A481,bra,287,238,4,2,2
raw,M_CONSOLEDRIVER_MAPPED_DAA6A481,bra,378,315,4,2,2
raw,M_CONSOLEDRIVER_MAPPED_DAA6A481,bra,655,566,4,2,2
raw,M_CONSOLEDRIVER_MAPPED_DAA6A481,bra,723,632,4,2,2
raw,M_CONSOLEDRIVER_MAPPED_DAA6A481,brl,759,666,4,3,1
raw,M_CONSOLEDRIVER_MAPPED_DAA6A481,bra,808,714,4,2,2
raw,M_CONSOLEDRIVER_MAPPED_DAA6A481,bra,889,793,4,2,2
raw,M_CONSOLEDRIVER_MAPPED_DAA6A481,bra,921,823,4,2,2
raw,M_CONSOLEDRIVER_MAPPED_DAA6A481,bra,950,850,4,2,2
raw,M_CONSOLEDRIVER_MAPPED_DAA6A481,bra,956,854,4,2,2
raw,M_CONSOLEDRIVER_MAPPED_DAA6A481,brl,972,868,4,3,1
raw,M_CONSOLEDRIVER_VALIDATE_72D30322,conditional,234,228,6,2,4
raw,M_CONSOLEDRIVER_VALIDATE_72D30322,conditional,393,380,6,2,4
raw,M_CONSOLEDRIVER_VALIDATE_72D30322,conditional,578,558,6,2,4
raw,M_CONSOLEDRIVER_VALIDATE_72D30322,conditional,584,560,6,2,4
raw,M_CONSOLEDRIVER_VALIDATE_72D30322,conditional,598,570,6,2,4
raw,M_CONSOLEDRIVER_VALIDATE_72D30322,conditional,604,572,6,2,4
raw,M_CONSOLEDRIVER_VALIDATE_72D30322,conditional,618,582,6,2,4
raw,M_CONSOLEDRIVER_VALIDATE_72D30322,conditional,624,584,6,2,4
raw,M_CONSOLEDRIVER_VALIDATE_72D30322,conditional,638,594,6,2,4
raw,M_CONSOLEDRIVER_VALIDATE_72D30322,conditional,644,596,6,2,4
raw,M_CONSOLEDRIVER_VALIDATE_72D30322,conditional,789,727,6,2,4
raw,M_CONSOLEDRIVER_VALIDATE_72D30322,conditional,797,731,6,2,4
raw,M_CONSOLEDRIVER_VALIDATE_72D30322,conditional,818,748,6,2,4
raw,M_CONSOLEDRIVER_VALIDATE_72D30322,conditional,866,790,6,2,4
raw,M_CONSOLEDRIVER_VALIDATE_72D30322,conditional,1010,927,6,2,4
raw,M_CONSOLEDRIVER_VALIDATE_72D30322,bra,8,8,4,2,2
raw,M_CONSOLEDRIVER_VALIDATE_72D30322,bra,88,86,4,2,2
raw,M_CONSOLEDRIVER_VALIDATE_72D30322,bra,174,170,4,2,2
raw,M_CONSOLEDRIVER_VALIDATE_72D30322,bra,248,238,4,2,2
raw,M_CONSOLEDRIVER_VALIDATE_72D30322,brl,351,339,4,3,1
raw,M_CONSOLEDRIVER_VALIDATE_72D30322,bra,409,392,4,2,2
raw,M_CONSOLEDRIVER_VALIDATE_72D30322,brl,415,396,4,3,1
raw,M_CONSOLEDRIVER_VALIDATE_72D30322,bra,650,598,4,2,2
raw,M_CONSOLEDRIVER_VALIDATE_72D30322,bra,656,602,4,2,2
raw,M_CONSOLEDRIVER_VALIDATE_72D30322,bra,662,606,4,2,2
raw,M_CONSOLEDRIVER_VALIDATE_72D30322,bra,668,610,4,2,2
raw,M_CONSOLEDRIVER_VALIDATE_72D30322,bra,684,624,4,2,2
raw,M_CONSOLEDRIVER_VALIDATE_72D30322,bra,824,750,4,2,2
raw,M_CONSOLEDRIVER_VALIDATE_72D30322,brl,884,804,4,3,1
raw,M_CONSOLEDRIVER_VALIDATE_72D30322,bra,922,841,4,2,2
raw,M_CONSOLEDRIVER_VALIDATE_72D30322,bra,1024,937,4,2,2
raw,M_CONSOLEDRIVER_VALIDATE_72D30322,bra,1153,1064,4,2,2
raw,M_CONSOLEDRIVER_VALIDATE_72D30322,bra,1238,1147,4,2,2
raw,M_CONSOLEDRIVER_FINISHWRITE_E8555190,bra,8,8,4,2,2
raw,M_CONSOLEDRIVER_FINISHWRITE_E8555190,bra,63,61,4,2,2
raw,M_CONSOLEDRIVER_FINISHWRITE_E8555190,bra,136,132,4,2,2
raw,M_CONSOLEDRIVER_WRITEQUANTUM_AEE13626,conditional,94,92,6,2,4
raw,M_CONSOLEDRIVER_WRITEQUANTUM_AEE13626,conditional,238,229,6,2,4
raw,M_CONSOLEDRIVER_WRITEQUANTUM_AEE13626,conditional,733,705,6,2,4
raw,M_CONSOLEDRIVER_WRITEQUANTUM_AEE13626,conditional,1020,984,6,2,4
raw,M_CONSOLEDRIVER_WRITEQUANTUM_AEE13626,conditional,1026,986,6,2,4
raw,M_CONSOLEDRIVER_WRITEQUANTUM_AEE13626,conditional,1040,996,6,2,4
raw,M_CONSOLEDRIVER_WRITEQUANTUM_AEE13626,conditional,1046,998,6,2,4
raw,M_CONSOLEDRIVER_WRITEQUANTUM_AEE13626,conditional,1060,1008,6,2,4
raw,M_CONSOLEDRIVER_WRITEQUANTUM_AEE13626,conditional,1066,1010,6,2,4
raw,M_CONSOLEDRIVER_WRITEQUANTUM_AEE13626,conditional,1080,1020,6,2,4
raw,M_CONSOLEDRIVER_WRITEQUANTUM_AEE13626,conditional,1086,1022,6,2,4
raw,M_CONSOLEDRIVER_WRITEQUANTUM_AEE13626,bra,8,8,4,2,2
raw,M_CONSOLEDRIVER_WRITEQUANTUM_AEE13626,brl,110,104,4,3,1
raw,M_CONSOLEDRIVER_WRITEQUANTUM_AEE13626,bra,124,117,4,2,2
raw,M_CONSOLEDRIVER_WRITEQUANTUM_AEE13626,bra,254,241,4,2,2
raw,M_CONSOLEDRIVER_WRITEQUANTUM_AEE13626,bra,283,268,4,2,2
raw,M_CONSOLEDRIVER_WRITEQUANTUM_AEE13626,brl,364,347,4,3,1
raw,M_CONSOLEDRIVER_WRITEQUANTUM_AEE13626,bra,429,411,4,2,2
raw,M_CONSOLEDRIVER_WRITEQUANTUM_AEE13626,bra,540,520,4,2,2
raw,M_CONSOLEDRIVER_WRITEQUANTUM_AEE13626,bra,562,540,4,2,2
raw,M_CONSOLEDRIVER_WRITEQUANTUM_AEE13626,bra,659,635,4,2,2
raw,M_CONSOLEDRIVER_WRITEQUANTUM_AEE13626,bra,665,639,4,2,2
raw,M_CONSOLEDRIVER_WRITEQUANTUM_AEE13626,bra,747,715,4,2,2
raw,M_CONSOLEDRIVER_WRITEQUANTUM_AEE13626,bra,777,743,4,2,2
raw,M_CONSOLEDRIVER_WRITEQUANTUM_AEE13626,bra,1092,1024,4,2,2
raw,M_CONSOLEDRIVER_WRITEQUANTUM_AEE13626,bra,1098,1028,4,2,2
raw,M_CONSOLEDRIVER_WRITEQUANTUM_AEE13626,bra,1104,1032,4,2,2
raw,M_CONSOLEDRIVER_WRITEQUANTUM_AEE13626,bra,1110,1036,4,2,2
raw,M_CONSOLEDRIVER_WRITEQUANTUM_AEE13626,bra,1126,1050,4,2,2
raw,M_CONSOLEDRIVER_WRITEQUANTUM_AEE13626,bra,1311,1233,4,2,2
raw,M_CONSOLEDRIVER_READQUANTUM_10EBF725,conditional,94,92,6,2,4
raw,M_CONSOLEDRIVER_READQUANTUM_10EBF725,conditional,612,590,6,2,4
raw,M_CONSOLEDRIVER_READQUANTUM_10EBF725,conditional,618,592,6,2,4
raw,M_CONSOLEDRIVER_READQUANTUM_10EBF725,conditional,632,602,6,2,4
raw,M_CONSOLEDRIVER_READQUANTUM_10EBF725,conditional,638,604,6,2,4
raw,M_CONSOLEDRIVER_READQUANTUM_10EBF725,conditional,652,614,6,2,4
raw,M_CONSOLEDRIVER_READQUANTUM_10EBF725,conditional,658,616,6,2,4
raw,M_CONSOLEDRIVER_READQUANTUM_10EBF725,conditional,672,626,6,2,4
raw,M_CONSOLEDRIVER_READQUANTUM_10EBF725,conditional,678,628,6,2,4
raw,M_CONSOLEDRIVER_READQUANTUM_10EBF725,bra,8,8,4,2,2
raw,M_CONSOLEDRIVER_READQUANTUM_10EBF725,bra,110,104,4,2,2
raw,M_CONSOLEDRIVER_READQUANTUM_10EBF725,bra,116,108,4,2,2
raw,M_CONSOLEDRIVER_READQUANTUM_10EBF725,bra,153,143,4,2,2
raw,M_CONSOLEDRIVER_READQUANTUM_10EBF725,brl,199,187,4,3,1
raw,M_CONSOLEDRIVER_READQUANTUM_10EBF725,bra,229,216,4,2,2
raw,M_CONSOLEDRIVER_READQUANTUM_10EBF725,bra,371,356,4,2,2
raw,M_CONSOLEDRIVER_READQUANTUM_10EBF725,brl,445,428,4,3,1
raw,M_CONSOLEDRIVER_READQUANTUM_10EBF725,bra,492,474,4,2,2
raw,M_CONSOLEDRIVER_READQUANTUM_10EBF725,bra,531,511,4,2,2
raw,M_CONSOLEDRIVER_READQUANTUM_10EBF725,bra,684,630,4,2,2
raw,M_CONSOLEDRIVER_READQUANTUM_10EBF725,bra,690,634,4,2,2
raw,M_CONSOLEDRIVER_READQUANTUM_10EBF725,bra,696,638,4,2,2
raw,M_CONSOLEDRIVER_READQUANTUM_10EBF725,bra,702,642,4,2,2
raw,M_CONSOLEDRIVER_READQUANTUM_10EBF725,bra,718,656,4,2,2
raw,M_CONSOLEDRIVER_READQUANTUM_10EBF725,bra,824,760,4,2,2
raw,M_CONSOLEDRIVER_READQUANTUM_10EBF725,bra,912,846,4,2,2
raw,M_CONSOLEDRIVER_READQUANTUM_10EBF725,bra,945,877,4,2,2
raw,M_CONSOLEDRIVER_READQUANTUM_10EBF725,bra,1033,963,4,2,2
raw,M_CONSOLEDRIVER_ARRIVAL_EC6B7DA9,conditional,152,148,6,2,4
raw,M_CONSOLEDRIVER_ARRIVAL_EC6B7DA9,bra,8,8,4,2,2
raw,M_CONSOLEDRIVER_ARRIVAL_EC6B7DA9,bra,38,36,4,2,2
raw,M_CONSOLEDRIVER_ARRIVAL_EC6B7DA9,bra,168,160,4,2,2
raw,M_CONSOLEDRIVER_ARRIVAL_EC6B7DA9,bra,214,204,4,2,2
raw,M_CONSOLEDRIVER_ARRIVAL_EC6B7DA9,bra,236,224,4,2,2
raw,M_CONSOLEDRIVER_ARRIVAL_EC6B7DA9,bra,325,311,4,2,2
raw,M_CONSOLEDRIVER_INITIALIZE_D6CB2592,conditional,42,40,6,2,4
raw,M_CONSOLEDRIVER_INITIALIZE_D6CB2592,conditional,374,362,6,2,4
raw,M_CONSOLEDRIVER_INITIALIZE_D6CB2592,conditional,410,390,6,2,4
raw,M_CONSOLEDRIVER_INITIALIZE_D6CB2592,conditional,488,462,6,2,4
raw,M_CONSOLEDRIVER_INITIALIZE_D6CB2592,conditional,1017,973,6,2,4
raw,M_CONSOLEDRIVER_INITIALIZE_D6CB2592,conditional,1193,1141,6,2,4
raw,M_CONSOLEDRIVER_INITIALIZE_D6CB2592,bra,8,8,4,2,2
raw,M_CONSOLEDRIVER_INITIALIZE_D6CB2592,bra,50,44,4,2,2
raw,M_CONSOLEDRIVER_INITIALIZE_D6CB2592,bra,84,76,4,2,2
raw,M_CONSOLEDRIVER_INITIALIZE_D6CB2592,bra,200,190,4,2,2
raw,M_CONSOLEDRIVER_INITIALIZE_D6CB2592,bra,390,374,4,2,2
raw,M_CONSOLEDRIVER_INITIALIZE_D6CB2592,bra,396,378,4,2,2
raw,M_CONSOLEDRIVER_INITIALIZE_D6CB2592,bra,426,402,4,2,2
raw,M_CONSOLEDRIVER_INITIALIZE_D6CB2592,bra,496,466,4,2,2
raw,M_CONSOLEDRIVER_INITIALIZE_D6CB2592,bra,516,484,4,2,2
raw,M_CONSOLEDRIVER_INITIALIZE_D6CB2592,bra,619,585,4,2,2
raw,M_CONSOLEDRIVER_INITIALIZE_D6CB2592,brl,670,634,4,3,1
raw,M_CONSOLEDRIVER_INITIALIZE_D6CB2592,bra,692,655,4,2,2
raw,M_CONSOLEDRIVER_INITIALIZE_D6CB2592,bra,757,718,4,2,2
raw,M_CONSOLEDRIVER_INITIALIZE_D6CB2592,brl,804,763,4,3,1
raw,M_CONSOLEDRIVER_INITIALIZE_D6CB2592,bra,832,790,4,2,2
raw,M_CONSOLEDRIVER_INITIALIZE_D6CB2592,bra,1025,977,4,2,2
raw,M_CONSOLEDRIVER_INITIALIZE_D6CB2592,bra,1059,1009,4,2,2
raw,M_CONSOLEDRIVER_INITIALIZE_D6CB2592,bra,1209,1153,4,2,2
raw,M_CONSOLEDRIVER_INITIALIZE_D6CB2592,bra,1285,1227,4,2,2
raw,M_CONSOLEDRIVER_INITIALIZE_D6CB2592,bra,1382,1322,4,2,2
raw,M_CONSOLEDRIVER_INITIALIZE_D6CB2592,bra,1408,1346,4,2,2
raw,M_CONSOLEDRIVER_INITIALIZE_D6CB2592,bra,1473,1409,4,2,2
raw,M_CONSOLEDRIVER_INITIALIZE_D6CB2592,bra,1499,1433,4,2,2
raw,M_CONSOLEDRIVER_INITIALIZE_D6CB2592,bra,1564,1496,4,2,2
raw,M_CONSOLEDRIVER_INITIALIZE_D6CB2592,bra,1578,1508,4,2,2
raw,M_CONSOLEDRIVER_INITIALIZE_D6CB2592,bra,1647,1575,4,2,2
raw,M_CONSOLEDRIVER_INITIALIZE_D6CB2592,bra,1721,1647,4,2,2
raw,M_CONSOLEDRIVER_INITIALIZE_D6CB2592,bra,1808,1732,4,2,2
raw,M_CONSOLEDRIVER_INITIALIZE_D6CB2592,bra,1822,1744,4,2,2
raw,M_CONSOLEDRIVER_INITIALIZE_D6CB2592,bra,1879,1799,4,2,2
raw,M_CONSOLEDRIVER_FREESTORAGE_02676B4B,conditional,233,228,6,2,4
raw,M_CONSOLEDRIVER_FREESTORAGE_02676B4B,conditional,506,492,6,2,4
raw,M_CONSOLEDRIVER_FREESTORAGE_02676B4B,bra,8,8,4,2,2
raw,M_CONSOLEDRIVER_FREESTORAGE_02676B4B,bra,82,80,4,2,2
raw,M_CONSOLEDRIVER_FREESTORAGE_02676B4B,brl,185,181,4,3,1
raw,M_CONSOLEDRIVER_FREESTORAGE_02676B4B,bra,241,232,4,2,2
raw,M_CONSOLEDRIVER_FREESTORAGE_02676B4B,bra,261,250,4,2,2
raw,M_CONSOLEDRIVER_FREESTORAGE_02676B4B,brl,458,445,4,3,1
raw,M_CONSOLEDRIVER_FREESTORAGE_02676B4B,bra,514,496,4,2,2
raw,M_CONSOLEDRIVER_FREESTORAGE_02676B4B,bra,534,514,4,2,2
raw,M_CONSOLEDRIVER_FREESTORAGE_02676B4B,brl,690,668,4,3,1
raw,M_CONSOLEDRIVER_FREESTORAGE_02676B4B,bra,750,727,4,2,2
raw,M_CONSOLEDRIVER_WORKER_589B3ABC,conditional,1316,1284,6,2,4
raw,M_CONSOLEDRIVER_WORKER_589B3ABC,bra,8,8,4,2,2
raw,M_CONSOLEDRIVER_WORKER_589B3ABC,bra,38,36,4,2,2
raw,M_CONSOLEDRIVER_WORKER_589B3ABC,bra,110,106,4,2,2
raw,M_CONSOLEDRIVER_WORKER_589B3ABC,bra,198,192,4,2,2
raw,M_CONSOLEDRIVER_WORKER_589B3ABC,brl,285,277,4,3,1
raw,M_CONSOLEDRIVER_WORKER_589B3ABC,bra,315,306,4,2,2
raw,M_CONSOLEDRIVER_WORKER_589B3ABC,bra,429,418,4,2,2
raw,M_CONSOLEDRIVER_WORKER_589B3ABC,bra,520,507,4,2,2
raw,M_CONSOLEDRIVER_WORKER_589B3ABC,brl,629,614,4,3,1
raw,M_CONSOLEDRIVER_WORKER_589B3ABC,bra,643,627,4,2,2
raw,M_CONSOLEDRIVER_WORKER_589B3ABC,bra,706,688,4,2,2
raw,M_CONSOLEDRIVER_WORKER_589B3ABC,bra,777,757,4,2,2
raw,M_CONSOLEDRIVER_WORKER_589B3ABC,bra,848,826,4,2,2
raw,M_CONSOLEDRIVER_WORKER_589B3ABC,bra,943,919,4,2,2
raw,M_CONSOLEDRIVER_WORKER_589B3ABC,bra,1030,1004,4,2,2
raw,M_CONSOLEDRIVER_WORKER_589B3ABC,bra,1149,1121,4,2,2
raw,M_CONSOLEDRIVER_WORKER_589B3ABC,bra,1228,1198,4,2,2
raw,M_CONSOLEDRIVER_WORKER_589B3ABC,bra,1330,1294,4,2,2
raw,M_CONSOLEDRIVER_WORKER_589B3ABC,bra,1344,1306,4,2,2
raw,M_CONSOLEDRIVER_WORKER_589B3ABC,bra,1414,1374,4,2,2
raw,M_CONSOLEDRIVER_WORKER_589B3ABC,bra,1426,1384,4,2,2
raw,M_CONSOLEDRIVER_WORKER_589B3ABC,brl,1473,1429,4,3,1
raw,M_CONSOLEDRIVER_WORKER_589B3ABC,bra,1485,1440,4,2,2
raw,M_CONSOLEDRIVER_WORKER_589B3ABC,bra,1540,1493,4,2,2
raw,M_CONSOLEDRIVER_WORKER_589B3ABC,bra,1597,1548,4,2,2
raw,M_CONSOLEDRIVER_WORKER_589B3ABC,bra,1670,1619,4,2,2
raw,M_CONSOLEDRIVER_WORKER_589B3ABC,bra,1749,1696,4,2,2
raw,M_CONSOLEDRIVER_START_3E6AAC44,conditional,158,154,6,2,4
raw,M_CONSOLEDRIVER_START_3E6AAC44,conditional,463,447,6,2,4
raw,M_CONSOLEDRIVER_START_3E6AAC44,conditional,473,453,6,2,4
raw,M_CONSOLEDRIVER_START_3E6AAC44,bra,8,8,4,2,2
raw,M_CONSOLEDRIVER_START_3E6AAC44,bra,54,52,4,2,2
raw,M_CONSOLEDRIVER_START_3E6AAC44,bra,172,164,4,2,2
raw,M_CONSOLEDRIVER_START_3E6AAC44,bra,210,200,4,2,2
raw,M_CONSOLEDRIVER_START_3E6AAC44,bra,275,263,4,2,2
raw,M_CONSOLEDRIVER_START_3E6AAC44,brl,387,373,4,3,1
raw,M_CONSOLEDRIVER_START_3E6AAC44,brl,429,414,4,3,1
raw,M_CONSOLEDRIVER_START_3E6AAC44,bra,483,459,4,2,2
raw,M_CONSOLEDRIVER_STOP_093D3500,conditional,142,138,6,2,4
raw,M_CONSOLEDRIVER_STOP_093D3500,bra,8,8,4,2,2
raw,M_CONSOLEDRIVER_STOP_093D3500,bra,38,36,4,2,2
raw,M_CONSOLEDRIVER_STOP_093D3500,bra,156,148,4,2,2
raw,M_CONSOLEDRIVER_STOP_093D3500,bra,182,172,4,2,2
raw,M_CONSOLEDRIVER_STOP_093D3500,bra,278,266,4,2,2
raw,M_CONSOLEDRIVER_STOP_093D3500,bra,304,290,4,2,2
raw,M_CONSOLEDRIVER_STOP_093D3500,brl,361,345,4,3,1
raw,M_PORTCORE_CREATEMSGPORT_A47550A3,conditional,212,208,6,2,4
raw,M_PORTCORE_CREATEMSGPORT_A47550A3,bra,8,8,4,2,2
raw,M_PORTCORE_CREATEMSGPORT_A47550A3,bra,106,104,4,2,2
raw,M_PORTCORE_CREATEMSGPORT_A47550A3,bra,228,220,4,2,2
raw,M_PORTCORE_CREATEMSGPORT_A47550A3,bra,289,279,4,2,2
raw,M_PORTCORE_CREATEMSGPORT_A47550A3,brl,362,350,4,3,1
raw,M_PORTCORE_CREATEMSGPORT_A47550A3,bra,412,399,4,2,2
raw,M_PORTCORE_CREATEMSGPORT_A47550A3,bra,693,678,4,2,2
raw,M_PORTCORE_CREATEMSGPORT_A47550A3,bra,848,831,4,2,2
raw,M_PORTCORE_DELETEMSGPORT_9136F7C6,conditional,40,38,6,2,4
raw,M_PORTCORE_DELETEMSGPORT_9136F7C6,bra,8,8,4,2,2
raw,M_PORTCORE_DELETEMSGPORT_9136F7C6,bra,56,50,4,2,2
raw,M_PORTCORE_DELETEMSGPORT_9136F7C6,bra,85,77,4,2,2
raw,M_PORTCORE_DELETEMSGPORT_9136F7C6,bra,168,158,4,2,2
raw,M_PORTCORE_DELETEMSGPORT_9136F7C6,bra,261,249,4,2,2
raw,M_SIODRIVER_SIOMAPPED_D1D9A9D6,conditional,40,38,6,2,4
raw,M_SIODRIVER_SIOMAPPED_D1D9A9D6,conditional,181,172,6,2,4
raw,M_SIODRIVER_SIOMAPPED_D1D9A9D6,conditional,187,174,6,2,4
raw,M_SIODRIVER_SIOMAPPED_D1D9A9D6,conditional,201,184,6,2,4
raw,M_SIODRIVER_SIOMAPPED_D1D9A9D6,conditional,207,186,6,2,4
raw,M_SIODRIVER_SIOMAPPED_D1D9A9D6,conditional,221,196,6,2,4
raw,M_SIODRIVER_SIOMAPPED_D1D9A9D6,conditional,227,198,6,2,4
raw,M_SIODRIVER_SIOMAPPED_D1D9A9D6,conditional,241,208,6,2,4
raw,M_SIODRIVER_SIOMAPPED_D1D9A9D6,conditional,247,210,6,2,4
raw,M_SIODRIVER_SIOMAPPED_D1D9A9D6,conditional,343,292,6,2,4
raw,M_SIODRIVER_SIOMAPPED_D1D9A9D6,conditional,351,296,6,2,4
raw,M_SIODRIVER_SIOMAPPED_D1D9A9D6,conditional,372,313,6,2,4
raw,M_SIODRIVER_SIOMAPPED_D1D9A9D6,conditional,592,527,6,2,4
raw,M_SIODRIVER_SIOMAPPED_D1D9A9D6,conditional,600,531,6,2,4
raw,M_SIODRIVER_SIOMAPPED_D1D9A9D6,conditional,608,535,6,2,4
raw,M_SIODRIVER_SIOMAPPED_D1D9A9D6,conditional,618,541,6,2,4
raw,M_SIODRIVER_SIOMAPPED_D1D9A9D6,conditional,626,545,6,2,4
raw,M_SIODRIVER_SIOMAPPED_D1D9A9D6,conditional,649,564,6,2,4
raw,M_SIODRIVER_SIOMAPPED_D1D9A9D6,bra,8,8,4,2,2
raw,M_SIODRIVER_SIOMAPPED_D1D9A9D6,bra,56,50,4,2,2
raw,M_SIODRIVER_SIOMAPPED_D1D9A9D6,brl,62,54,4,3,1
raw,M_SIODRIVER_SIOMAPPED_D1D9A9D6,bra,253,212,4,2,2
raw,M_SIODRIVER_SIOMAPPED_D1D9A9D6,bra,259,216,4,2,2
raw,M_SIODRIVER_SIOMAPPED_D1D9A9D6,bra,265,220,4,2,2
raw,M_SIODRIVER_SIOMAPPED_D1D9A9D6,bra,271,224,4,2,2
raw,M_SIODRIVER_SIOMAPPED_D1D9A9D6,bra,287,238,4,2,2
raw,M_SIODRIVER_SIOMAPPED_D1D9A9D6,bra,378,315,4,2,2
raw,M_SIODRIVER_SIOMAPPED_D1D9A9D6,bra,655,566,4,2,2
raw,M_SIODRIVER_SIOMAPPED_D1D9A9D6,bra,723,632,4,2,2
raw,M_SIODRIVER_SIOMAPPED_D1D9A9D6,brl,759,666,4,3,1
raw,M_SIODRIVER_SIOMAPPED_D1D9A9D6,bra,808,714,4,2,2
raw,M_SIODRIVER_SIOMAPPED_D1D9A9D6,bra,889,793,4,2,2
raw,M_SIODRIVER_SIOMAPPED_D1D9A9D6,bra,921,823,4,2,2
raw,M_SIODRIVER_SIOMAPPED_D1D9A9D6,bra,950,850,4,2,2
raw,M_SIODRIVER_SIOMAPPED_D1D9A9D6,bra,956,854,4,2,2
raw,M_SIODRIVER_SIOMAPPED_D1D9A9D6,brl,972,868,4,3,1
raw,M_SIODRIVER_PAYLOADLENGTH_9F5C9B06,conditional,80,78,6,2,4
raw,M_SIODRIVER_PAYLOADLENGTH_9F5C9B06,conditional,164,156,6,2,4
raw,M_SIODRIVER_PAYLOADLENGTH_9F5C9B06,conditional,170,158,6,2,4
raw,M_SIODRIVER_PAYLOADLENGTH_9F5C9B06,conditional,184,168,6,2,4
raw,M_SIODRIVER_PAYLOADLENGTH_9F5C9B06,conditional,190,170,6,2,4
raw,M_SIODRIVER_PAYLOADLENGTH_9F5C9B06,conditional,204,180,6,2,4
raw,M_SIODRIVER_PAYLOADLENGTH_9F5C9B06,conditional,210,182,6,2,4
raw,M_SIODRIVER_PAYLOADLENGTH_9F5C9B06,conditional,224,192,6,2,4
raw,M_SIODRIVER_PAYLOADLENGTH_9F5C9B06,conditional,230,194,6,2,4
raw,M_SIODRIVER_PAYLOADLENGTH_9F5C9B06,conditional,330,280,6,2,4
raw,M_SIODRIVER_PAYLOADLENGTH_9F5C9B06,bra,8,8,4,2,2
raw,M_SIODRIVER_PAYLOADLENGTH_9F5C9B06,bra,94,88,4,2,2
raw,M_SIODRIVER_PAYLOADLENGTH_9F5C9B06,bra,236,196,4,2,2
raw,M_SIODRIVER_PAYLOADLENGTH_9F5C9B06,bra,242,200,4,2,2
raw,M_SIODRIVER_PAYLOADLENGTH_9F5C9B06,bra,248,204,4,2,2
raw,M_SIODRIVER_PAYLOADLENGTH_9F5C9B06,bra,254,208,4,2,2
raw,M_SIODRIVER_PAYLOADLENGTH_9F5C9B06,bra,270,222,4,2,2
raw,M_SIODRIVER_PAYLOADLENGTH_9F5C9B06,bra,338,284,4,2,2
raw,M_SIODRIVER_PAYLOADLENGTH_9F5C9B06,bra,362,306,4,2,2
raw,M_SIODRIVER_PAYLOADLENGTH_9F5C9B06,bra,421,363,4,2,2
raw,M_SIODRIVER_PAYLOADLENGTH_9F5C9B06,bra,468,408,4,2,2
raw,M_SIODRIVER_PAYLOADLENGTH_9F5C9B06,bra,519,457,4,2,2
raw,M_SIODRIVER_PAYLOADLENGTH_9F5C9B06,bra,525,461,4,2,2
raw,M_SIODRIVER_PAYLOADLENGTH_9F5C9B06,bra,562,496,4,2,2
raw,M_SIODRIVER_SIOVALIDATE_7D355271,conditional,672,653,6,2,4
raw,M_SIODRIVER_SIOVALIDATE_7D355271,conditional,700,675,6,2,4
raw,M_SIODRIVER_SIOVALIDATE_7D355271,conditional,706,677,6,2,4
raw,M_SIODRIVER_SIOVALIDATE_7D355271,conditional,720,687,6,2,4
raw,M_SIODRIVER_SIOVALIDATE_7D355271,conditional,726,689,6,2,4
raw,M_SIODRIVER_SIOVALIDATE_7D355271,conditional,740,699,6,2,4
raw,M_SIODRIVER_SIOVALIDATE_7D355271,conditional,746,701,6,2,4
raw,M_SIODRIVER_SIOVALIDATE_7D355271,conditional,760,711,6,2,4
raw,M_SIODRIVER_SIOVALIDATE_7D355271,conditional,766,713,6,2,4
raw,M_SIODRIVER_SIOVALIDATE_7D355271,conditional,907,840,6,2,4
raw,M_SIODRIVER_SIOVALIDATE_7D355271,conditional,913,842,6,2,4
raw,M_SIODRIVER_SIOVALIDATE_7D355271,conditional,927,852,6,2,4
raw,M_SIODRIVER_SIOVALIDATE_7D355271,conditional,933,854,6,2,4
raw,M_SIODRIVER_SIOVALIDATE_7D355271,conditional,947,864,6,2,4
raw,M_SIODRIVER_SIOVALIDATE_7D355271,conditional,953,866,6,2,4
raw,M_SIODRIVER_SIOVALIDATE_7D355271,conditional,967,876,6,2,4
raw,M_SIODRIVER_SIOVALIDATE_7D355271,conditional,973,878,6,2,4
raw,M_SIODRIVER_SIOVALIDATE_7D355271,conditional,1126,1014,6,2,4
raw,M_SIODRIVER_SIOVALIDATE_7D355271,conditional,1132,1016,6,2,4
raw,M_SIODRIVER_SIOVALIDATE_7D355271,conditional,1146,1026,6,2,4
raw,M_SIODRIVER_SIOVALIDATE_7D355271,conditional,1152,1028,6,2,4
raw,M_SIODRIVER_SIOVALIDATE_7D355271,conditional,1166,1038,6,2,4
raw,M_SIODRIVER_SIOVALIDATE_7D355271,conditional,1172,1040,6,2,4
raw,M_SIODRIVER_SIOVALIDATE_7D355271,conditional,1186,1050,6,2,4
raw,M_SIODRIVER_SIOVALIDATE_7D355271,conditional,1192,1052,6,2,4
raw,M_SIODRIVER_SIOVALIDATE_7D355271,bra,8,8,4,2,2
raw,M_SIODRIVER_SIOVALIDATE_7D355271,bra,71,69,4,2,2
raw,M_SIODRIVER_SIOVALIDATE_7D355271,bra,235,231,4,2,2
raw,M_SIODRIVER_SIOVALIDATE_7D355271,bra,313,307,4,2,2
raw,M_SIODRIVER_SIOVALIDATE_7D355271,bra,399,391,4,2,2
raw,M_SIODRIVER_SIOVALIDATE_7D355271,bra,405,395,4,2,2
raw,M_SIODRIVER_SIOVALIDATE_7D355271,bra,450,438,4,2,2
raw,M_SIODRIVER_SIOVALIDATE_7D355271,bra,509,495,4,2,2
raw,M_SIODRIVER_SIOVALIDATE_7D355271,bra,548,532,4,2,2
raw,M_SIODRIVER_SIOVALIDATE_7D355271,brl,624,606,4,3,1
raw,M_SIODRIVER_SIOVALIDATE_7D355271,bra,680,657,4,2,2
raw,M_SIODRIVER_SIOVALIDATE_7D355271,bra,772,715,4,2,2
raw,M_SIODRIVER_SIOVALIDATE_7D355271,bra,778,719,4,2,2
raw,M_SIODRIVER_SIOVALIDATE_7D355271,bra,784,723,4,2,2
raw,M_SIODRIVER_SIOVALIDATE_7D355271,bra,790,727,4,2,2
raw,M_SIODRIVER_SIOVALIDATE_7D355271,bra,806,741,4,2,2
raw,M_SIODRIVER_SIOVALIDATE_7D355271,bra,979,880,4,2,2
raw,M_SIODRIVER_SIOVALIDATE_7D355271,bra,985,884,4,2,2
raw,M_SIODRIVER_SIOVALIDATE_7D355271,bra,991,888,4,2,2
raw,M_SIODRIVER_SIOVALIDATE_7D355271,bra,997,892,4,2,2
raw,M_SIODRIVER_SIOVALIDATE_7D355271,brl,1013,906,4,3,1
raw,M_SIODRIVER_SIOVALIDATE_7D355271,bra,1060,952,4,2,2
raw,M_SIODRIVER_SIOVALIDATE_7D355271,bra,1066,956,4,2,2
raw,M_SIODRIVER_SIOVALIDATE_7D355271,bra,1198,1054,4,2,2
raw,M_SIODRIVER_SIOVALIDATE_7D355271,bra,1204,1058,4,2,2
raw,M_SIODRIVER_SIOVALIDATE_7D355271,bra,1210,1062,4,2,2
raw,M_SIODRIVER_SIOVALIDATE_7D355271,bra,1216,1066,4,2,2
raw,M_SIODRIVER_SIOVALIDATE_7D355271,bra,1232,1080,4,2,2
raw,M_SIODRIVER_SIOVALIDATE_7D355271,bra,1335,1181,4,2,2
raw,M_SIODRIVER_SIOVALIDATE_7D355271,bra,1341,1185,4,2,2
raw,M_SIODRIVER_SIOVALIDATE_7D355271,bra,1378,1220,4,2,2
raw,M_SIODRIVER_SIOVALIDATE_7D355271,bra,1456,1296,4,2,2
raw,M_SIODRIVER_SIOVALIDATE_7D355271,bra,1520,1358,4,2,2
raw,M_SIODRIVER_SIOVALIDATE_7D355271,bra,1593,1429,4,2,2
raw,M_SIODRIVER_SIOVALIDATE_7D355271,bra,1666,1500,4,2,2
raw,M_SIODRIVER_SIOVALIDATE_7D355271,bra,1783,1615,4,2,2
raw,M_SIODRIVER_SIOVALIDATE_7D355271,bra,1868,1698,4,2,2
raw,M_SIODRIVER_DEADLINETICKS_83CDA5CA,conditional,78,76,6,2,4
raw,M_SIODRIVER_DEADLINETICKS_83CDA5CA,conditional,226,216,6,2,4
raw,M_SIODRIVER_DEADLINETICKS_83CDA5CA,conditional,276,260,6,2,4
raw,M_SIODRIVER_DEADLINETICKS_83CDA5CA,conditional,284,264,6,2,4
raw,M_SIODRIVER_DEADLINETICKS_83CDA5CA,conditional,292,268,6,2,4
raw,M_SIODRIVER_DEADLINETICKS_83CDA5CA,conditional,302,274,6,2,4
raw,M_SIODRIVER_DEADLINETICKS_83CDA5CA,conditional,310,278,6,2,4
raw,M_SIODRIVER_DEADLINETICKS_83CDA5CA,conditional,333,297,6,2,4
raw,M_SIODRIVER_DEADLINETICKS_83CDA5CA,conditional,433,390,6,2,4
raw,M_SIODRIVER_DEADLINETICKS_83CDA5CA,conditional,439,392,6,2,4
raw,M_SIODRIVER_DEADLINETICKS_83CDA5CA,conditional,453,402,6,2,4
raw,M_SIODRIVER_DEADLINETICKS_83CDA5CA,conditional,459,404,6,2,4
raw,M_SIODRIVER_DEADLINETICKS_83CDA5CA,conditional,473,414,6,2,4
raw,M_SIODRIVER_DEADLINETICKS_83CDA5CA,conditional,479,416,6,2,4
raw,M_SIODRIVER_DEADLINETICKS_83CDA5CA,conditional,493,426,6,2,4
raw,M_SIODRIVER_DEADLINETICKS_83CDA5CA,conditional,499,428,6,2,4
raw,M_SIODRIVER_DEADLINETICKS_83CDA5CA,conditional,647,562,6,2,4
raw,M_SIODRIVER_DEADLINETICKS_83CDA5CA,conditional,655,566,6,2,4
raw,M_SIODRIVER_DEADLINETICKS_83CDA5CA,conditional,674,581,6,2,4
raw,M_SIODRIVER_DEADLINETICKS_83CDA5CA,conditional,744,645,6,2,4
raw,M_SIODRIVER_DEADLINETICKS_83CDA5CA,conditional,752,649,6,2,4
raw,M_SIODRIVER_DEADLINETICKS_83CDA5CA,conditional,760,653,6,2,4
raw,M_SIODRIVER_DEADLINETICKS_83CDA5CA,conditional,770,659,6,2,4
raw,M_SIODRIVER_DEADLINETICKS_83CDA5CA,conditional,778,663,6,2,4
raw,M_SIODRIVER_DEADLINETICKS_83CDA5CA,conditional,801,682,6,2,4
raw,M_SIODRIVER_DEADLINETICKS_83CDA5CA,bra,8,8,4,2,2
raw,M_SIODRIVER_DEADLINETICKS_83CDA5CA,bra,92,86,4,2,2
raw,M_SIODRIVER_DEADLINETICKS_83CDA5CA,bra,148,140,4,2,2
raw,M_SIODRIVER_DEADLINETICKS_83CDA5CA,bra,234,220,4,2,2
raw,M_SIODRIVER_DEADLINETICKS_83CDA5CA,bra,339,299,4,2,2
raw,M_SIODRIVER_DEADLINETICKS_83CDA5CA,brl,401,359,4,3,1
raw,M_SIODRIVER_DEADLINETICKS_83CDA5CA,bra,505,430,4,2,2
raw,M_SIODRIVER_DEADLINETICKS_83CDA5CA,bra,511,434,4,2,2
raw,M_SIODRIVER_DEADLINETICKS_83CDA5CA,bra,517,438,4,2,2
raw,M_SIODRIVER_DEADLINETICKS_83CDA5CA,bra,523,442,4,2,2
raw,M_SIODRIVER_DEADLINETICKS_83CDA5CA,bra,539,456,4,2,2
raw,M_SIODRIVER_DEADLINETICKS_83CDA5CA,bra,680,583,4,2,2
raw,M_SIODRIVER_DEADLINETICKS_83CDA5CA,bra,807,684,4,2,2
raw,M_SIODRIVER_DEADLINETICKS_83CDA5CA,brl,847,722,4,3,1
raw,M_SIODRIVER_DEADLINETICKS_83CDA5CA,bra,887,761,4,2,2
raw,M_SIODRIVER_PREPARE_D10BF723,bra,8,8,4,2,2
raw,M_SIODRIVER_PREPARE_D10BF723,bra,313,311,4,2,2
raw,M_SIODRIVER_PREPARE_D10BF723,bra,387,383,4,2,2
raw,M_SIODRIVER_PREPARE_D10BF723,bra,489,483,4,2,2
raw,M_SIODRIVER_PREPARE_D10BF723,brl,1005,997,4,3,1
raw,M_SIODRIVER_PREPARE_D10BF723,bra,1114,1105,4,2,2
raw,M_SIODRIVER_PREPARE_D10BF723,brl,1170,1159,4,3,1
raw,M_SIODRIVER_HARDWAREINIT_3568BDA6,bra,8,8,4,2,2
raw,M_SIODRIVER_HARDWAREINIT_3568BDA6,bra,38,36,4,2,2
raw,M_SIODRIVER_HARDWAREINIT_3568BDA6,bra,109,105,4,2,2
raw,M_SIODRIVER_HARDWAREINIT_3568BDA6,bra,182,176,4,2,2
raw,M_SIODRIVER_HARDWAREINIT_3568BDA6,bra,188,180,4,2,2
raw,M_SIODRIVER_HARDWAREINIT_3568BDA6,brl,206,196,4,3,1
raw,M_SIODRIVER_HARDWAREINIT_3568BDA6,bra,226,215,4,2,2
raw,M_SIODRIVER_HARDWAREINIT_3568BDA6,bra,248,235,4,2,2
raw,M_SIODRIVER_HARDWAREINIT_3568BDA6,bra,311,296,4,2,2
raw,M_SIODRIVER_HARDWAREINIT_3568BDA6,bra,333,316,4,2,2
raw,M_SIODRIVER_HARDWAREINIT_3568BDA6,bra,402,383,4,2,2
raw,M_SIODRIVER_HARDWAREINIT_3568BDA6,bra,496,475,4,2,2
raw,M_SIODRIVER_HARDWAREINIT_3568BDA6,brl,589,566,4,3,1
raw,M_SIODRIVER_HARDWAREINIT_3568BDA6,bra,603,579,4,2,2
raw,M_SIODRIVER_HARDWAREINIT_3568BDA6,bra,674,648,4,2,2
raw,M_SIODRIVER_HARDWAREINIT_3568BDA6,bra,700,672,4,2,2
raw,M_SIODRIVER_HARDWAREINIT_3568BDA6,bra,755,725,4,2,2
raw,M_SIODRIVER_HARDWAREINIT_3568BDA6,bra,810,778,4,2,2
raw,M_SIODRIVER_HARDWAREINIT_3568BDA6,bra,867,833,4,2,2
raw,M_SIODRIVER_RUNREQUEST_4500BA50,bra,8,8,4,2,2
raw,M_SIODRIVER_RUNREQUEST_4500BA50,brl,79,77,4,3,1
raw,M_SIODRIVER_RUNREQUEST_4500BA50,bra,166,163,4,2,2
raw,M_SIODRIVER_RUNREQUEST_4500BA50,bra,305,300,4,2,2
raw,M_SIODRIVER_RUNREQUEST_4500BA50,bra,420,413,4,2,2
raw,M_SIODRIVER_RUNREQUEST_4500BA50,bra,434,425,4,2,2
raw,M_SIODRIVER_RUNREQUEST_4500BA50,bra,533,522,4,2,2
raw,M_SIODRIVER_RUNREQUEST_4500BA50,bra,598,585,4,2,2
raw,M_SIODRIVER_RUNREQUEST_4500BA50,bra,682,667,4,2,2
raw,M_SIODRIVER_RUNREQUEST_4500BA50,brl,753,736,4,3,1
raw,M_SIODRIVER_RUNREQUEST_4500BA50,bra,792,774,4,2,2
raw,M_SIODRIVER_RUNREQUEST_4500BA50,bra,806,786,4,2,2
raw,M_SIODRIVER_RUNREQUEST_4500BA50,bra,1021,999,4,2,2
raw,M_SIODRIVER_RUNREQUEST_4500BA50,bra,1137,1113,4,2,2
raw,M_SIODRIVER_RUNREQUEST_4500BA50,bra,1171,1145,4,2,2
raw,M_SIODRIVER_RUNREQUEST_4500BA50,brl,1239,1211,4,3,1
raw,M_SIODRIVER_RUNREQUEST_4500BA50,bra,1251,1222,4,2,2
raw,M_SIODRIVER_RUNREQUEST_4500BA50,bra,1322,1291,4,2,2
raw,M_SIODRIVER_RUNREQUEST_4500BA50,bra,1336,1303,4,2,2
raw,M_SIODRIVER_RUNREQUEST_4500BA50,bra,1427,1392,4,2,2
raw,M_SIODRIVER_RUNREQUEST_4500BA50,bra,1517,1480,4,2,2
raw,M_SIODRIVER_RUNREQUEST_4500BA50,bra,1543,1504,4,2,2
raw,M_SIODRIVER_RUNREQUEST_4500BA50,bra,1608,1567,4,2,2
raw,M_SIODRIVER_WORKER_374ADF8C,conditional,543,526,6,2,4
raw,M_SIODRIVER_WORKER_374ADF8C,conditional,701,677,6,2,4
raw,M_SIODRIVER_WORKER_374ADF8C,bra,8,8,4,2,2
raw,M_SIODRIVER_WORKER_374ADF8C,bra,38,36,4,2,2
raw,M_SIODRIVER_WORKER_374ADF8C,bra,93,89,4,2,2
raw,M_SIODRIVER_WORKER_374ADF8C,brl,156,150,4,3,1
raw,M_SIODRIVER_WORKER_374ADF8C,bra,170,163,4,2,2
raw,M_SIODRIVER_WORKER_374ADF8C,bra,254,245,4,2,2
raw,M_SIODRIVER_WORKER_374ADF8C,bra,316,305,4,2,2
raw,M_SIODRIVER_WORKER_374ADF8C,bra,400,387,4,2,2
raw,M_SIODRIVER_WORKER_374ADF8C,bra,455,440,4,2,2
raw,M_SIODRIVER_WORKER_374ADF8C,brl,557,536,4,3,1
raw,M_SIODRIVER_WORKER_374ADF8C,bra,571,549,4,2,2
raw,M_SIODRIVER_WORKER_374ADF8C,bra,717,689,4,2,2
raw,M_SIODRIVER_WORKER_374ADF8C,bra,751,721,4,2,2
raw,M_SIODRIVER_WORKER_374ADF8C,bra,819,787,4,2,2
raw,M_SIODRIVER_WORKER_374ADF8C,bra,839,805,4,2,2
raw,M_SIODRIVER_WORKER_374ADF8C,brl,896,860,4,3,1
raw,M_SIODRIVER_WORKER_374ADF8C,bra,908,871,4,2,2
raw,M_SIODRIVER_WORKER_374ADF8C,bra,963,924,4,2,2
raw,M_SIODRIVER_WORKER_374ADF8C,bra,1018,977,4,2,2
raw,M_SIODRIVER_WORKER_374ADF8C,bra,1073,1030,4,2,2
raw,M_SIODRIVER_WORKER_374ADF8C,bra,1128,1083,4,2,2
raw,M_SIODRIVER_WORKER_374ADF8C,bra,1185,1138,4,2,2
raw,M_SIODRIVER_WORKER_374ADF8C,bra,1242,1193,4,2,2
raw,M_SIODRIVER_WORKER_374ADF8C,bra,1326,1275,4,2,2
raw,M_SIODRIVER_UNAVAILABLE_B7013E26,bra,8,8,4,2,2
raw,M_SIODRIVER_UNAVAILABLE_B7013E26,bra,38,36,4,2,2
raw,M_SIODRIVER_MATCHES_AEE1C237,conditional,40,38,6,2,4
raw,M_SIODRIVER_MATCHES_AEE1C237,bra,8,8,4,2,2
raw,M_SIODRIVER_MATCHES_AEE1C237,bra,56,50,4,2,2
raw,M_SIODRIVER_MATCHES_AEE1C237,brl,185,177,4,3,1
raw,M_SIODRIVER_MATCHES_AEE1C237,bra,341,332,4,2,2
raw,M_SIODRIVER_MATCHES_AEE1C237,brl,382,371,4,3,1
raw,M_SIODRIVER_START_4928F5B4,conditional,158,154,6,2,4
raw,M_SIODRIVER_START_4928F5B4,conditional,386,372,6,2,4
raw,M_SIODRIVER_START_4928F5B4,conditional,438,416,6,2,4
raw,M_SIODRIVER_START_4928F5B4,conditional,490,460,6,2,4
raw,M_SIODRIVER_START_4928F5B4,conditional,538,503,6,2,4
raw,M_SIODRIVER_START_4928F5B4,conditional,548,509,6,2,4
raw,M_SIODRIVER_START_4928F5B4,bra,8,8,4,2,2
raw,M_SIODRIVER_START_4928F5B4,bra,54,52,4,2,2
raw,M_SIODRIVER_START_4928F5B4,bra,172,164,4,2,2
raw,M_SIODRIVER_START_4928F5B4,bra,198,188,4,2,2
raw,M_SIODRIVER_START_4928F5B4,bra,282,270,4,2,2
raw,M_SIODRIVER_START_4928F5B4,bra,400,382,4,2,2
raw,M_SIODRIVER_START_4928F5B4,bra,406,386,4,2,2
raw,M_SIODRIVER_START_4928F5B4,bra,452,426,4,2,2
raw,M_SIODRIVER_START_4928F5B4,bra,458,430,4,2,2
raw,M_SIODRIVER_START_4928F5B4,brl,504,470,4,3,1
raw,M_SIODRIVER_START_4928F5B4,bra,558,515,4,2,2
raw,M_SIODRIVER_STOP_B26AF28A,bra,8,8,4,2,2
raw,M_SIODRIVER_STOP_B26AF28A,bra,38,36,4,2,2
raw,M_SIODRIVER_STOP_B26AF28A,bra,122,118,4,2,2
raw,M_SIODRIVER_STOP_B26AF28A,bra,218,212,4,2,2
raw,M_SIODRIVER_STOP_B26AF28A,bra,232,224,4,2,2
raw,M_SIODRIVER_STOP_B26AF28A,brl,308,298,4,3,1
raw,M_IOCORE_OPENDEVICE_A2787528,bra,8,8,4,2,2
raw,M_IOCORE_OPENDEVICE_A2787528,bra,46,44,4,2,2
raw,M_IOCORE_OPENDEVICE_A2787528,bra,119,115,4,2,2
raw,M_IOCORE_OPENDEVICE_A2787528,bra,133,127,4,2,2
raw,M_IOCORE_OPENDEVICE_A2787528,bra,234,226,4,2,2
raw,M_IOCORE_CREATEIOREQUEST_DE10015D,conditional,169,162,6,2,4
raw,M_IOCORE_CREATEIOREQUEST_DE10015D,conditional,175,164,6,2,4
raw,M_IOCORE_CREATEIOREQUEST_DE10015D,conditional,189,174,6,2,4
raw,M_IOCORE_CREATEIOREQUEST_DE10015D,conditional,195,176,6,2,4
raw,M_IOCORE_CREATEIOREQUEST_DE10015D,conditional,209,186,6,2,4
raw,M_IOCORE_CREATEIOREQUEST_DE10015D,conditional,215,188,6,2,4
raw,M_IOCORE_CREATEIOREQUEST_DE10015D,conditional,229,198,6,2,4
raw,M_IOCORE_CREATEIOREQUEST_DE10015D,conditional,235,200,6,2,4
raw,M_IOCORE_CREATEIOREQUEST_DE10015D,conditional,317,266,6,2,4
raw,M_IOCORE_CREATEIOREQUEST_DE10015D,conditional,323,268,6,2,4
raw,M_IOCORE_CREATEIOREQUEST_DE10015D,conditional,337,278,6,2,4
raw,M_IOCORE_CREATEIOREQUEST_DE10015D,conditional,343,280,6,2,4
raw,M_IOCORE_CREATEIOREQUEST_DE10015D,conditional,357,290,6,2,4
raw,M_IOCORE_CREATEIOREQUEST_DE10015D,conditional,363,292,6,2,4
raw,M_IOCORE_CREATEIOREQUEST_DE10015D,conditional,377,302,6,2,4
raw,M_IOCORE_CREATEIOREQUEST_DE10015D,conditional,383,304,6,2,4
raw,M_IOCORE_CREATEIOREQUEST_DE10015D,conditional,646,551,6,2,4
raw,M_IOCORE_CREATEIOREQUEST_DE10015D,bra,8,8,4,2,2
raw,M_IOCORE_CREATEIOREQUEST_DE10015D,bra,46,44,4,2,2
raw,M_IOCORE_CREATEIOREQUEST_DE10015D,bra,129,125,4,2,2
raw,M_IOCORE_CREATEIOREQUEST_DE10015D,brl,135,129,4,3,1
raw,M_IOCORE_CREATEIOREQUEST_DE10015D,bra,241,202,4,2,2
raw,M_IOCORE_CREATEIOREQUEST_DE10015D,bra,247,206,4,2,2
raw,M_IOCORE_CREATEIOREQUEST_DE10015D,bra,253,210,4,2,2
raw,M_IOCORE_CREATEIOREQUEST_DE10015D,bra,259,214,4,2,2
raw,M_IOCORE_CREATEIOREQUEST_DE10015D,bra,275,228,4,2,2
raw,M_IOCORE_CREATEIOREQUEST_DE10015D,bra,281,232,4,2,2
raw,M_IOCORE_CREATEIOREQUEST_DE10015D,bra,389,306,4,2,2
raw,M_IOCORE_CREATEIOREQUEST_DE10015D,bra,395,310,4,2,2
raw,M_IOCORE_CREATEIOREQUEST_DE10015D,bra,401,314,4,2,2
raw,M_IOCORE_CREATEIOREQUEST_DE10015D,bra,407,318,4,2,2
raw,M_IOCORE_CREATEIOREQUEST_DE10015D,bra,423,332,4,2,2
raw,M_IOCORE_CREATEIOREQUEST_DE10015D,bra,540,447,4,2,2
raw,M_IOCORE_CREATEIOREQUEST_DE10015D,bra,662,563,4,2,2
raw,M_IOCORE_DELETEIOREQUEST_93A87E78,conditional,40,38,6,2,4
raw,M_IOCORE_DELETEIOREQUEST_93A87E78,bra,8,8,4,2,2
raw,M_IOCORE_DELETEIOREQUEST_93A87E78,bra,56,50,4,2,2
raw,M_IOCORE_DELETEIOREQUEST_93A87E78,bra,85,77,4,2,2
raw,M_IOCORE_DELETEIOREQUEST_93A87E78,bra,202,192,4,2,2
raw,M_IOCORE_WAITIO_8CA35F61,conditional,274,269,6,2,4
raw,M_IOCORE_WAITIO_8CA35F61,conditional,282,273,6,2,4
raw,M_IOCORE_WAITIO_8CA35F61,conditional,290,277,6,2,4
raw,M_IOCORE_WAITIO_8CA35F61,conditional,300,283,6,2,4
raw,M_IOCORE_WAITIO_8CA35F61,conditional,308,287,6,2,4
raw,M_IOCORE_WAITIO_8CA35F61,conditional,331,306,6,2,4
raw,M_IOCORE_WAITIO_8CA35F61,bra,8,8,4,2,2
raw,M_IOCORE_WAITIO_8CA35F61,bra,46,44,4,2,2
raw,M_IOCORE_WAITIO_8CA35F61,brl,208,204,4,3,1
raw,M_IOCORE_WAITIO_8CA35F61,bra,337,308,4,2,2
raw,M_IOCORE_WAITIO_8CA35F61,bra,377,346,4,2,2
raw,M_IOCORE_WAITIO_8CA35F61,bra,461,428,4,2,2
raw,M_IOCORE_WAITIO_8CA35F61,brl,531,496,4,3,1
raw,M_IOCORE_DOIO_173DC4A1,bra,8,8,4,2,2
raw,M_IOCORE_DOIO_173DC4A1,bra,46,44,4,2,2
raw,M_IOCORE_DOIO_173DC4A1,bra,208,204,4,2,2
raw,M_IOCORE_DOIO_173DC4A1,bra,230,224,4,2,2
raw,M_DOSCLIENT_IOERR_BF9E8A97,bra,8,8,4,2,2
raw,M_DOSCLIENT_IOERR_BF9E8A97,bra,38,36,4,2,2
raw,M_DOSCLIENT_SETERROR_F2B11A26,bra,8,8,4,2,2
raw,M_DOSCLIENT_SETERROR_F2B11A26,bra,38,36,4,2,2
raw,M_DOSCLIENT_NEWCLIENT_41735729,conditional,235,231,6,2,4
raw,M_DOSCLIENT_NEWCLIENT_41735729,conditional,579,567,6,2,4
raw,M_DOSCLIENT_NEWCLIENT_41735729,bra,8,8,4,2,2
raw,M_DOSCLIENT_NEWCLIENT_41735729,bra,129,127,4,2,2
raw,M_DOSCLIENT_NEWCLIENT_41735729,bra,251,243,4,2,2
raw,M_DOSCLIENT_NEWCLIENT_41735729,bra,461,451,4,2,2
raw,M_DOSCLIENT_NEWCLIENT_41735729,brl,595,579,4,3,1
raw,M_DOSCLIENT_NEWCLIENT_41735729,bra,645,628,4,2,2
raw,M_DOSCLIENT_ENSURE_1859B044,bra,8,8,4,2,2
raw,M_DOSCLIENT_ENSURE_1859B044,bra,38,36,4,2,2
raw,M_DOSCLIENT_ENSURE_1859B044,bra,135,131,4,2,2
raw,M_DOSCLIENT_ENSURE_1859B044,brl,300,294,4,3,1
raw,M_DOSCLIENT_ENSURE_1859B044,bra,390,383,4,2,2
raw,M_DOSCLIENT_ENSURE_1859B044,bra,404,395,4,2,2
raw,M_DOSCLIENT_ENSURE_1859B044,bra,489,478,4,2,2
raw,M_DOSCLIENT_ENSURE_1859B044,bra,643,630,4,2,2
raw,M_DOSCLIENT_CLEARSELECTIONS_93A1D5D6,conditional,76,74,6,2,4
raw,M_DOSCLIENT_CLEARSELECTIONS_93A1D5D6,conditional,187,179,6,2,4
raw,M_DOSCLIENT_CLEARSELECTIONS_93A1D5D6,bra,8,8,4,2,2
raw,M_DOSCLIENT_CLEARSELECTIONS_93A1D5D6,bra,94,88,4,2,2
raw,M_DOSCLIENT_CLEARSELECTIONS_93A1D5D6,bra,205,193,4,2,2
raw,M_DOSCLIENT_RELEASECONTEXT_90CB2A06,conditional,294,288,6,2,4
raw,M_DOSCLIENT_RELEASECONTEXT_90CB2A06,conditional,357,345,6,2,4
raw,M_DOSCLIENT_RELEASECONTEXT_90CB2A06,conditional,1781,1725,6,2,4
raw,M_DOSCLIENT_RELEASECONTEXT_90CB2A06,bra,8,8,4,2,2
raw,M_DOSCLIENT_RELEASECONTEXT_90CB2A06,bra,38,36,4,2,2
raw,M_DOSCLIENT_RELEASECONTEXT_90CB2A06,bra,135,131,4,2,2
raw,M_DOSCLIENT_RELEASECONTEXT_90CB2A06,bra,310,300,4,2,2
raw,M_DOSCLIENT_RELEASECONTEXT_90CB2A06,bra,365,349,4,2,2
raw,M_DOSCLIENT_RELEASECONTEXT_90CB2A06,bra,504,486,4,2,2
raw,M_DOSCLIENT_RELEASECONTEXT_90CB2A06,bra,518,498,4,2,2
raw,M_DOSCLIENT_RELEASECONTEXT_90CB2A06,bra,603,581,4,2,2
raw,M_DOSCLIENT_RELEASECONTEXT_90CB2A06,brl,609,585,4,3,1
raw,M_DOSCLIENT_RELEASECONTEXT_90CB2A06,bra,654,629,4,2,2
raw,M_DOSCLIENT_RELEASECONTEXT_90CB2A06,brl,660,633,4,3,1
raw,M_DOSCLIENT_RELEASECONTEXT_90CB2A06,bra,710,682,4,2,2
raw,M_DOSCLIENT_RELEASECONTEXT_90CB2A06,brl,716,686,4,3,1
raw,M_DOSCLIENT_RELEASECONTEXT_90CB2A06,bra,766,735,4,2,2
raw,M_DOSCLIENT_RELEASECONTEXT_90CB2A06,bra,772,739,4,2,2
raw,M_DOSCLIENT_RELEASECONTEXT_90CB2A06,bra,822,787,4,2,2
raw,M_DOSCLIENT_RELEASECONTEXT_90CB2A06,bra,828,791,4,2,2
raw,M_DOSCLIENT_RELEASECONTEXT_90CB2A06,bra,878,839,4,2,2
raw,M_DOSCLIENT_RELEASECONTEXT_90CB2A06,brl,1019,978,4,3,1
raw,M_DOSCLIENT_RELEASECONTEXT_90CB2A06,bra,1097,1055,4,2,2
raw,M_DOSCLIENT_RELEASECONTEXT_90CB2A06,bra,1103,1059,4,2,2
raw,M_DOSCLIENT_RELEASECONTEXT_90CB2A06,bra,1179,1133,4,2,2
raw,M_DOSCLIENT_RELEASECONTEXT_90CB2A06,bra,1347,1299,4,2,2
raw,M_DOSCLIENT_RELEASECONTEXT_90CB2A06,bra,1407,1357,4,2,2
raw,M_DOSCLIENT_RELEASECONTEXT_90CB2A06,bra,1506,1454,4,2,2
raw,M_DOSCLIENT_RELEASECONTEXT_90CB2A06,bra,1607,1553,4,2,2
raw,M_DOSCLIENT_RELEASECONTEXT_90CB2A06,bra,1789,1729,4,2,2
raw,M_DOSCLIENT_CHECKREPLY_4530772C,bra,8,8,4,2,2
raw,M_DOSCLIENT_CHECKREPLY_4530772C,bra,109,107,4,2,2
raw,M_DOSCLIENT_CHECKREPLY_4530772C,bra,123,119,4,2,2
raw,M_DOSCLIENT_CHECKREPLY_4530772C,bra,292,286,4,2,2
raw,M_DOSCLIENT_CHECKREPLY_4530772C,bra,298,290,4,2,2
raw,M_DOSCLIENT_CHECKREPLY_4530772C,bra,386,376,4,2,2
raw,M_DOSCLIENT_CHECKREPLY_4530772C,bra,400,388,4,2,2
raw,M_DOSCLIENT_CHECKREPLY_4530772C,bra,510,496,4,2,2
raw,M_DOSCLIENT_CHECKREPLY_4530772C,bra,516,500,4,2,2
raw,M_DOSCLIENT_CHECKREPLY_4530772C,bra,604,586,4,2,2
raw,M_DOSCLIENT_CHECKREPLY_4530772C,bra,618,598,4,2,2
raw,M_DOSCLIENT_CALL_35DB3B22,conditional,112,108,6,2,4
raw,M_DOSCLIENT_CALL_35DB3B22,conditional,148,136,6,2,4
raw,M_DOSCLIENT_CALL_35DB3B22,conditional,1305,1269,6,2,4
raw,M_DOSCLIENT_CALL_35DB3B22,conditional,1417,1369,6,2,4
raw,M_DOSCLIENT_CALL_35DB3B22,bra,8,8,4,2,2
raw,M_DOSCLIENT_CALL_35DB3B22,bra,38,36,4,2,2
raw,M_DOSCLIENT_CALL_35DB3B22,bra,128,120,4,2,2
raw,M_DOSCLIENT_CALL_35DB3B22,bra,134,124,4,2,2
raw,M_DOSCLIENT_CALL_35DB3B22,bra,164,148,4,2,2
raw,M_DOSCLIENT_CALL_35DB3B22,bra,333,315,4,2,2
raw,M_DOSCLIENT_CALL_35DB3B22,bra,339,319,4,2,2
raw,M_DOSCLIENT_CALL_35DB3B22,bra,427,405,4,2,2
raw,M_DOSCLIENT_CALL_35DB3B22,bra,441,417,4,2,2
raw,M_DOSCLIENT_CALL_35DB3B22,bra,526,500,4,2,2
raw,M_DOSCLIENT_CALL_35DB3B22,bra,849,821,4,2,2
raw,M_DOSCLIENT_CALL_35DB3B22,bra,962,932,4,2,2
raw,M_DOSCLIENT_CALL_35DB3B22,bra,1078,1046,4,2,2
raw,M_DOSCLIENT_CALL_35DB3B22,bra,1176,1142,4,2,2
raw,M_DOSCLIENT_CALL_35DB3B22,bra,1313,1273,4,2,2
raw,M_DOSCLIENT_CALL_35DB3B22,bra,1337,1295,4,2,2
raw,M_DOSCLIENT_CALL_35DB3B22,bra,1379,1335,4,2,2
raw,M_DOSCLIENT_CALL_35DB3B22,bra,1385,1339,4,2,2
raw,M_DOSCLIENT_CALL_35DB3B22,bra,1431,1379,4,2,2
raw,M_DOSOBJECTS_FIND_2E898C70,conditional,146,143,6,2,4
raw,M_DOSOBJECTS_FIND_2E898C70,conditional,216,208,6,2,4
raw,M_DOSOBJECTS_FIND_2E898C70,bra,8,8,4,2,2
raw,M_DOSOBJECTS_FIND_2E898C70,brl,104,102,4,3,1
raw,M_DOSOBJECTS_FIND_2E898C70,brl,164,157,4,3,1
raw,M_DOSOBJECTS_FIND_2E898C70,bra,234,222,4,2,2
raw,M_DOSOBJECTS_FIND_2E898C70,bra,277,263,4,2,2
raw,M_DOSOBJECTS_FIND_2E898C70,brl,423,407,4,3,1
raw,M_DOSOBJECTS_LINK_9FA00D0F,bra,8,8,4,2,2
raw,M_DOSOBJECTS_LINK_9FA00D0F,bra,114,112,4,2,2
raw,M_DOSOBJECTS_LINK_9FA00D0F,bra,128,124,4,2,2
raw,M_DOSOBJECTS_UNLINK_C978FCF4,conditional,146,143,6,2,4
raw,M_DOSOBJECTS_UNLINK_C978FCF4,conditional,409,393,6,2,4
raw,M_DOSOBJECTS_UNLINK_C978FCF4,bra,8,8,4,2,2
raw,M_DOSOBJECTS_UNLINK_C978FCF4,brl,120,118,4,3,1
raw,M_DOSOBJECTS_UNLINK_C978FCF4,brl,164,157,4,3,1
raw,M_DOSOBJECTS_UNLINK_C978FCF4,bra,265,257,4,2,2
raw,M_DOSOBJECTS_UNLINK_C978FCF4,bra,271,261,4,2,2
raw,M_DOSOBJECTS_UNLINK_C978FCF4,bra,333,321,4,2,2
raw,M_DOSOBJECTS_UNLINK_C978FCF4,bra,347,333,4,2,2
raw,M_DOSOBJECTS_UNLINK_C978FCF4,bra,425,405,4,2,2
raw,M_DOSOBJECTS_UNLINK_C978FCF4,bra,499,477,4,2,2
raw,M_DOSOBJECTS_UNLINK_C978FCF4,brl,781,757,4,3,1
raw,M_BLOCKWIRE_TRANSFER_0A2F17CC,bra,8,8,4,2,2
raw,M_BLOCKWIRE_TRANSFER_0A2F17CC,bra,62,60,4,2,2
raw,M_BLOCKIO_GEOMETRY_4529DFEE,conditional,122,114,6,2,4
raw,M_BLOCKIO_GEOMETRY_4529DFEE,conditional,178,163,6,2,4
raw,M_BLOCKIO_GEOMETRY_4529DFEE,conditional,184,165,6,2,4
raw,M_BLOCKIO_GEOMETRY_4529DFEE,conditional,198,175,6,2,4
raw,M_BLOCKIO_GEOMETRY_4529DFEE,conditional,204,177,6,2,4
raw,M_BLOCKIO_GEOMETRY_4529DFEE,conditional,218,187,6,2,4
raw,M_BLOCKIO_GEOMETRY_4529DFEE,conditional,224,189,6,2,4
raw,M_BLOCKIO_GEOMETRY_4529DFEE,conditional,238,199,6,2,4
raw,M_BLOCKIO_GEOMETRY_4529DFEE,conditional,244,201,6,2,4
raw,M_BLOCKIO_GEOMETRY_4529DFEE,conditional,322,263,6,2,4
raw,M_BLOCKIO_GEOMETRY_4529DFEE,bra,8,8,4,2,2
raw,M_BLOCKIO_GEOMETRY_4529DFEE,bra,52,50,4,2,2
raw,M_BLOCKIO_GEOMETRY_4529DFEE,brl,58,54,4,3,1
raw,M_BLOCKIO_GEOMETRY_4529DFEE,bra,84,79,4,2,2
raw,M_BLOCKIO_GEOMETRY_4529DFEE,brl,90,83,4,3,1
raw,M_BLOCKIO_GEOMETRY_4529DFEE,bra,136,124,4,2,2
raw,M_BLOCKIO_GEOMETRY_4529DFEE,brl,142,128,4,3,1
raw,M_BLOCKIO_GEOMETRY_4529DFEE,bra,250,203,4,2,2
raw,M_BLOCKIO_GEOMETRY_4529DFEE,bra,256,207,4,2,2
raw,M_BLOCKIO_GEOMETRY_4529DFEE,bra,262,211,4,2,2
raw,M_BLOCKIO_GEOMETRY_4529DFEE,bra,268,215,4,2,2
raw,M_BLOCKIO_GEOMETRY_4529DFEE,bra,284,229,4,2,2
raw,M_BLOCKIO_GEOMETRY_4529DFEE,bra,290,233,4,2,2
raw,M_BLOCKIO_GEOMETRY_4529DFEE,bra,336,273,4,2,2
raw,M_BLOCKIO_GEOMETRY_4529DFEE,bra,368,303,4,2,2
raw,M_BLOCKIO_GEOMETRY_4529DFEE,bra,374,307,4,2,2
raw,M_BLOCKIO_GEOMETRY_4529DFEE,bra,400,331,4,2,2
raw,M_BLOCKIO_GEOMETRY_4529DFEE,bra,428,357,4,2,2
raw,M_BLOCKIO_GEOMETRY_4529DFEE,bra,468,395,4,2,2
raw,M_BLOCKIO_GEOMETRY_4529DFEE,bra,496,421,4,2,2
raw,M_BLOCKIO_GEOMETRY_4529DFEE,bra,524,447,4,2,2
raw,M_BLOCKIO_GEOMETRY_4529DFEE,bra,564,485,4,2,2
raw,M_BLOCKIO_GEOMETRY_4529DFEE,bra,592,511,4,2,2
raw,M_BLOCKIO_SECTORBYTES_B8369631,conditional,40,38,6,2,4
raw,M_BLOCKIO_SECTORBYTES_B8369631,conditional,102,94,6,2,4
raw,M_BLOCKIO_SECTORBYTES_B8369631,conditional,174,159,6,2,4
raw,M_BLOCKIO_SECTORBYTES_B8369631,conditional,180,161,6,2,4
raw,M_BLOCKIO_SECTORBYTES_B8369631,conditional,194,171,6,2,4
raw,M_BLOCKIO_SECTORBYTES_B8369631,conditional,200,173,6,2,4
raw,M_BLOCKIO_SECTORBYTES_B8369631,conditional,214,183,6,2,4
raw,M_BLOCKIO_SECTORBYTES_B8369631,conditional,220,185,6,2,4
raw,M_BLOCKIO_SECTORBYTES_B8369631,conditional,234,195,6,2,4
raw,M_BLOCKIO_SECTORBYTES_B8369631,conditional,240,197,6,2,4
raw,M_BLOCKIO_SECTORBYTES_B8369631,conditional,322,263,6,2,4
raw,M_BLOCKIO_SECTORBYTES_B8369631,conditional,328,265,6,2,4
raw,M_BLOCKIO_SECTORBYTES_B8369631,conditional,342,275,6,2,4
raw,M_BLOCKIO_SECTORBYTES_B8369631,conditional,348,277,6,2,4
raw,M_BLOCKIO_SECTORBYTES_B8369631,conditional,362,287,6,2,4
raw,M_BLOCKIO_SECTORBYTES_B8369631,conditional,368,289,6,2,4
raw,M_BLOCKIO_SECTORBYTES_B8369631,conditional,382,299,6,2,4
raw,M_BLOCKIO_SECTORBYTES_B8369631,conditional,388,301,6,2,4
raw,M_BLOCKIO_SECTORBYTES_B8369631,conditional,625,516,6,2,4
raw,M_BLOCKIO_SECTORBYTES_B8369631,conditional,631,518,6,2,4
raw,M_BLOCKIO_SECTORBYTES_B8369631,conditional,645,528,6,2,4
raw,M_BLOCKIO_SECTORBYTES_B8369631,conditional,651,530,6,2,4
raw,M_BLOCKIO_SECTORBYTES_B8369631,conditional,665,540,6,2,4
raw,M_BLOCKIO_SECTORBYTES_B8369631,conditional,671,542,6,2,4
raw,M_BLOCKIO_SECTORBYTES_B8369631,conditional,685,552,6,2,4
raw,M_BLOCKIO_SECTORBYTES_B8369631,conditional,691,554,6,2,4
raw,M_BLOCKIO_SECTORBYTES_B8369631,bra,8,8,4,2,2
raw,M_BLOCKIO_SECTORBYTES_B8369631,bra,56,50,4,2,2
raw,M_BLOCKIO_SECTORBYTES_B8369631,bra,116,104,4,2,2
raw,M_BLOCKIO_SECTORBYTES_B8369631,brl,122,108,4,3,1
raw,M_BLOCKIO_SECTORBYTES_B8369631,bra,246,199,4,2,2
raw,M_BLOCKIO_SECTORBYTES_B8369631,bra,252,203,4,2,2
raw,M_BLOCKIO_SECTORBYTES_B8369631,bra,258,207,4,2,2
raw,M_BLOCKIO_SECTORBYTES_B8369631,bra,264,211,4,2,2
raw,M_BLOCKIO_SECTORBYTES_B8369631,bra,280,225,4,2,2
raw,M_BLOCKIO_SECTORBYTES_B8369631,bra,286,229,4,2,2
raw,M_BLOCKIO_SECTORBYTES_B8369631,bra,394,303,4,2,2
raw,M_BLOCKIO_SECTORBYTES_B8369631,bra,400,307,4,2,2
raw,M_BLOCKIO_SECTORBYTES_B8369631,bra,406,311,4,2,2
raw,M_BLOCKIO_SECTORBYTES_B8369631,bra,412,315,4,2,2
raw,M_BLOCKIO_SECTORBYTES_B8369631,bra,428,329,4,2,2
raw,M_BLOCKIO_SECTORBYTES_B8369631,bra,479,378,4,2,2
raw,M_BLOCKIO_SECTORBYTES_B8369631,bra,485,382,4,2,2
raw,M_BLOCKIO_SECTORBYTES_B8369631,bra,530,425,4,2,2
raw,M_BLOCKIO_SECTORBYTES_B8369631,bra,577,470,4,2,2
raw,M_BLOCKIO_SECTORBYTES_B8369631,bra,697,556,4,2,2
raw,M_BLOCKIO_SECTORBYTES_B8369631,bra,703,560,4,2,2
raw,M_BLOCKIO_SECTORBYTES_B8369631,bra,709,564,4,2,2
raw,M_BLOCKIO_SECTORBYTES_B8369631,bra,715,568,4,2,2
raw,M_BLOCKIO_SECTORBYTES_B8369631,bra,731,582,4,2,2
raw,M_BLOCKIO_MAPPED_A9EEA713,conditional,58,56,6,2,4
raw,M_BLOCKIO_MAPPED_A9EEA713,conditional,92,82,6,2,4
raw,M_BLOCKIO_MAPPED_A9EEA713,conditional,241,225,6,2,4
raw,M_BLOCKIO_MAPPED_A9EEA713,conditional,247,227,6,2,4
raw,M_BLOCKIO_MAPPED_A9EEA713,conditional,261,237,6,2,4
raw,M_BLOCKIO_MAPPED_A9EEA713,conditional,267,239,6,2,4
raw,M_BLOCKIO_MAPPED_A9EEA713,conditional,281,249,6,2,4
raw,M_BLOCKIO_MAPPED_A9EEA713,conditional,287,251,6,2,4
raw,M_BLOCKIO_MAPPED_A9EEA713,conditional,301,261,6,2,4
raw,M_BLOCKIO_MAPPED_A9EEA713,conditional,307,263,6,2,4
raw,M_BLOCKIO_MAPPED_A9EEA713,conditional,403,345,6,2,4
raw,M_BLOCKIO_MAPPED_A9EEA713,conditional,411,349,6,2,4
raw,M_BLOCKIO_MAPPED_A9EEA713,conditional,432,366,6,2,4
raw,M_BLOCKIO_MAPPED_A9EEA713,conditional,652,580,6,2,4
raw,M_BLOCKIO_MAPPED_A9EEA713,conditional,660,584,6,2,4
raw,M_BLOCKIO_MAPPED_A9EEA713,conditional,668,588,6,2,4
raw,M_BLOCKIO_MAPPED_A9EEA713,conditional,678,594,6,2,4
raw,M_BLOCKIO_MAPPED_A9EEA713,conditional,686,598,6,2,4
raw,M_BLOCKIO_MAPPED_A9EEA713,conditional,709,617,6,2,4
raw,M_BLOCKIO_MAPPED_A9EEA713,bra,8,8,4,2,2
raw,M_BLOCKIO_MAPPED_A9EEA713,bra,72,66,4,2,2
raw,M_BLOCKIO_MAPPED_A9EEA713,bra,78,70,4,2,2
raw,M_BLOCKIO_MAPPED_A9EEA713,bra,108,94,4,2,2
raw,M_BLOCKIO_MAPPED_A9EEA713,bra,313,265,4,2,2
raw,M_BLOCKIO_MAPPED_A9EEA713,bra,319,269,4,2,2
raw,M_BLOCKIO_MAPPED_A9EEA713,bra,325,273,4,2,2
raw,M_BLOCKIO_MAPPED_A9EEA713,bra,331,277,4,2,2
raw,M_BLOCKIO_MAPPED_A9EEA713,bra,347,291,4,2,2
raw,M_BLOCKIO_MAPPED_A9EEA713,bra,438,368,4,2,2
raw,M_BLOCKIO_MAPPED_A9EEA713,bra,715,619,4,2,2
raw,M_BLOCKIO_MAPPED_A9EEA713,bra,783,685,4,2,2
raw,M_BLOCKIO_MAPPED_A9EEA713,brl,819,719,4,3,1
raw,M_BLOCKIO_MAPPED_A9EEA713,bra,868,767,4,2,2
raw,M_BLOCKIO_MAPPED_A9EEA713,bra,949,846,4,2,2
raw,M_BLOCKIO_MAPPED_A9EEA713,bra,981,876,4,2,2
raw,M_BLOCKIO_MAPPED_A9EEA713,bra,1010,903,4,2,2
raw,M_BLOCKIO_MAPPED_A9EEA713,bra,1016,907,4,2,2
raw,M_BLOCKIO_MAPPED_A9EEA713,brl,1032,921,4,3,1
raw,M_BLOCKIO_CREATE_DF5BA086,conditional,212,208,6,2,4
raw,M_BLOCKIO_CREATE_DF5BA086,conditional,685,669,6,2,4
raw,M_BLOCKIO_CREATE_DF5BA086,bra,8,8,4,2,2
raw,M_BLOCKIO_CREATE_DF5BA086,bra,106,104,4,2,2
raw,M_BLOCKIO_CREATE_DF5BA086,bra,228,220,4,2,2
raw,M_BLOCKIO_CREATE_DF5BA086,bra,297,287,4,2,2
raw,M_BLOCKIO_CREATE_DF5BA086,brl,425,413,4,3,1
raw,M_BLOCKIO_CREATE_DF5BA086,bra,493,480,4,2,2
raw,M_BLOCKIO_CREATE_DF5BA086,brl,659,644,4,3,1
raw,M_BLOCKIO_CREATE_DF5BA086,bra,693,673,4,2,2
raw,M_BLOCKIO_CREATE_DF5BA086,bra,727,705,4,2,2
raw,M_BLOCKIO_CREATE_DF5BA086,bra,871,847,4,2,2
raw,M_BLOCKIO_CREATE_DF5BA086,bra,978,952,4,2,2
raw,M_BLOCKIO_CREATE_DF5BA086,bra,1077,1049,4,2,2
raw,M_BLOCKIO_CREATE_DF5BA086,bra,1178,1148,4,2,2
raw,M_BLOCKIO_DESTROY_0CC5CBD8,conditional,40,38,6,2,4
raw,M_BLOCKIO_DESTROY_0CC5CBD8,conditional,218,204,6,2,4
raw,M_BLOCKIO_DESTROY_0CC5CBD8,bra,8,8,4,2,2
raw,M_BLOCKIO_DESTROY_0CC5CBD8,bra,56,50,4,2,2
raw,M_BLOCKIO_DESTROY_0CC5CBD8,bra,107,99,4,2,2
raw,M_BLOCKIO_DESTROY_0CC5CBD8,bra,113,103,4,2,2
raw,M_BLOCKIO_DESTROY_0CC5CBD8,bra,158,146,4,2,2
raw,M_BLOCKIO_DESTROY_0CC5CBD8,bra,226,208,4,2,2
raw,M_BLOCKIO_DESTROY_0CC5CBD8,bra,246,226,4,2,2
raw,M_BLOCKIO_DESTROY_0CC5CBD8,bra,369,347,4,2,2
raw,M_BLOCKIO_DESTROY_0CC5CBD8,bra,468,444,4,2,2
raw,M_BLOCKIO_DESTROY_0CC5CBD8,bra,569,543,4,2,2
raw,M_BLOCKIO_DEVICENAME_55BC3EC3,bra,8,8,4,2,2
raw,M_BLOCKIO_OPENVOLUME_36B90798,conditional,248,244,6,2,4
raw,M_BLOCKIO_OPENVOLUME_36B90798,conditional,803,786,6,2,4
raw,M_BLOCKIO_OPENVOLUME_36B90798,bra,8,8,4,2,2
raw,M_BLOCKIO_OPENVOLUME_36B90798,bra,92,90,4,2,2
raw,M_BLOCKIO_OPENVOLUME_36B90798,bra,264,256,4,2,2
raw,M_BLOCKIO_OPENVOLUME_36B90798,bra,371,361,4,2,2
raw,M_BLOCKIO_OPENVOLUME_36B90798,bra,486,474,4,2,2
raw,M_BLOCKIO_OPENVOLUME_36B90798,bra,656,642,4,2,2
raw,M_BLOCKIO_OPENVOLUME_36B90798,brl,773,757,4,3,1
raw,M_BLOCKIO_OPENVOLUME_36B90798,bra,811,790,4,2,2
raw,M_BLOCKIO_OPENVOLUME_36B90798,bra,899,876,4,2,2
raw,M_BLOCKIO_ATTACH_A1159825,conditional,411,399,6,2,4
raw,M_BLOCKIO_ATTACH_A1159825,conditional,674,654,6,2,4
raw,M_BLOCKIO_ATTACH_A1159825,conditional,1169,1141,6,2,4
raw,M_BLOCKIO_ATTACH_A1159825,bra,8,8,4,2,2
raw,M_BLOCKIO_ATTACH_A1159825,bra,109,107,4,2,2
raw,M_BLOCKIO_ATTACH_A1159825,bra,115,111,4,2,2
raw,M_BLOCKIO_ATTACH_A1159825,bra,149,143,4,2,2
raw,M_BLOCKIO_ATTACH_A1159825,bra,284,276,4,2,2
raw,M_BLOCKIO_ATTACH_A1159825,bra,385,375,4,2,2
raw,M_BLOCKIO_ATTACH_A1159825,bra,419,403,4,2,2
raw,M_BLOCKIO_ATTACH_A1159825,bra,568,550,4,2,2
raw,M_BLOCKIO_ATTACH_A1159825,bra,690,666,4,2,2
raw,M_BLOCKIO_ATTACH_A1159825,bra,1087,1061,4,2,2
raw,M_BLOCKIO_ATTACH_A1159825,brl,1185,1153,4,3,1
raw,M_BLOCKIO_ATTACH_A1159825,bra,1235,1202,4,2,2
raw,M_BLOCKIO_DETACH_FC4FFB83,conditional,40,38,6,2,4
raw,M_BLOCKIO_DETACH_FC4FFB83,bra,8,8,4,2,2
raw,M_BLOCKIO_DETACH_FC4FFB83,bra,56,50,4,2,2
raw,M_BLOCKIO_DETACH_FC4FFB83,bra,148,140,4,2,2
raw,M_BLOCKIO_DETACH_FC4FFB83,bra,154,144,4,2,2
raw,M_BLOCKIO_DETACH_FC4FFB83,bra,191,179,4,2,2
raw,M_BLOCKIO_DETACH_FC4FFB83,bra,197,183,4,2,2
raw,M_BLOCKIO_DETACH_FC4FFB83,bra,242,226,4,2,2
raw,M_BLOCKIO_DETACH_FC4FFB83,bra,248,230,4,2,2
raw,M_BLOCKIO_DETACH_FC4FFB83,bra,285,265,4,2,2
raw,M_BLOCKIO_DETACH_FC4FFB83,bra,433,411,4,2,2
raw,M_BLOCKIO_DETACH_FC4FFB83,bra,544,520,4,2,2
raw,M_BLOCKIO_DETACH_FC4FFB83,bra,645,619,4,2,2
raw,M_BLOCKIO_INVALIDATE_E4DCC90F,bra,8,8,4,2,2
raw,M_BLOCKIO_CACHED_7ABF0DB0,bra,8,8,4,2,2
raw,M_BLOCKIO_CACHED_7ABF0DB0,bra,71,69,4,2,2
raw,M_BLOCKIO_CACHED_7ABF0DB0,brl,77,73,4,3,1
raw,M_BLOCKIO_CACHED_7ABF0DB0,bra,139,134,4,2,2
raw,M_BLOCKIO_CACHED_7ABF0DB0,bra,145,138,4,2,2
raw,M_BLOCKIO_CACHED_7ABF0DB0,bra,221,212,4,2,2
raw,M_BLOCKIO_CACHED_7ABF0DB0,bra,289,278,4,2,2
raw,M_BLOCKIO_CACHED_7ABF0DB0,brl,295,282,4,3,1
raw,M_BLOCKIO_CACHED_7ABF0DB0,bra,371,357,4,2,2
raw,M_BLOCKIO_CACHED_7ABF0DB0,bra,377,361,4,2,2
raw,M_BLOCKIO_CACHED_7ABF0DB0,bra,433,415,4,2,2
raw,M_BLOCKIO_CACHED_7ABF0DB0,bra,511,491,4,2,2
raw,M_BLOCKIO_CACHED_7ABF0DB0,brl,517,495,4,3,1
raw,M_BLOCKIO_CACHED_7ABF0DB0,bra,581,558,4,2,2
raw,M_BLOCKIO_CACHED_7ABF0DB0,bra,587,562,4,2,2
raw,M_BLOCKIO_CACHED_7ABF0DB0,bra,651,624,4,2,2
raw,M_BLOCKIO_PUBLISH_42B93901,bra,8,8,4,2,2
raw,M_BLOCKIO_PREPARE_810BFFA1,conditional,481,479,6,2,4
raw,M_BLOCKIO_PREPARE_810BFFA1,conditional,489,483,6,2,4
raw,M_BLOCKIO_PREPARE_810BFFA1,conditional,497,487,6,2,4
raw,M_BLOCKIO_PREPARE_810BFFA1,conditional,507,493,6,2,4
raw,M_BLOCKIO_PREPARE_810BFFA1,conditional,515,497,6,2,4
raw,M_BLOCKIO_PREPARE_810BFFA1,conditional,538,516,6,2,4
raw,M_BLOCKIO_PREPARE_810BFFA1,bra,8,8,4,2,2
raw,M_BLOCKIO_PREPARE_810BFFA1,bra,544,518,4,2,2
raw,M_BLOCKIO_COMPLETE_80F6A54F,conditional,440,434,6,2,4
raw,M_BLOCKIO_COMPLETE_80F6A54F,conditional,742,724,6,2,4
raw,M_BLOCKIO_COMPLETE_80F6A54F,bra,8,8,4,2,2
raw,M_BLOCKIO_COMPLETE_80F6A54F,bra,258,256,4,2,2
raw,M_BLOCKIO_COMPLETE_80F6A54F,brl,348,344,4,3,1
raw,M_BLOCKIO_COMPLETE_80F6A54F,brl,387,382,4,3,1
raw,M_BLOCKIO_COMPLETE_80F6A54F,bra,448,438,4,2,2
raw,M_BLOCKIO_COMPLETE_80F6A54F,bra,650,638,4,2,2
raw,M_BLOCKIO_COMPLETE_80F6A54F,bra,656,642,4,2,2
raw,M_BLOCKIO_COMPLETE_80F6A54F,bra,724,708,4,2,2
raw,M_BLOCKIO_COMPLETE_80F6A54F,bra,750,728,4,2,2
raw,M_BLOCKIO_CHECK_A5B41A2A,conditional,391,382,6,2,4
raw,M_BLOCKIO_CHECK_A5B41A2A,conditional,565,546,6,2,4
raw,M_BLOCKIO_CHECK_A5B41A2A,conditional,680,654,6,2,4
raw,M_BLOCKIO_CHECK_A5B41A2A,bra,8,8,4,2,2
raw,M_BLOCKIO_CHECK_A5B41A2A,bra,109,107,4,2,2
raw,M_BLOCKIO_CHECK_A5B41A2A,bra,197,193,4,2,2
raw,M_BLOCKIO_CHECK_A5B41A2A,brl,292,286,4,3,1
raw,M_BLOCKIO_CHECK_A5B41A2A,bra,314,307,4,2,2
raw,M_BLOCKIO_CHECK_A5B41A2A,bra,399,386,4,2,2
raw,M_BLOCKIO_CHECK_A5B41A2A,bra,519,504,4,2,2
raw,M_BLOCKIO_CHECK_A5B41A2A,bra,525,508,4,2,2
raw,M_BLOCKIO_CHECK_A5B41A2A,brl,581,558,4,3,1
raw,M_BLOCKIO_CHECK_A5B41A2A,bra,603,579,4,2,2
raw,M_BLOCKIO_CHECK_A5B41A2A,bra,688,658,4,2,2
raw,M_BLOCKIO_CHECK_A5B41A2A,bra,766,734,4,2,2
raw,M_BLOCKIO_CHECK_A5B41A2A,bra,861,827,4,2,2
raw,M_BLOCKIO_CHECK_A5B41A2A,bra,896,860,4,2,2
raw,M_BLOCKIO_BEGINFETCH_6B9D7F07,bra,8,8,4,2,2
raw,M_BLOCKIO_BEGINFETCH_6B9D7F07,bra,62,60,4,2,2
raw,M_BLOCKIO_BEGINFETCH_6B9D7F07,bra,167,163,4,2,2
raw,M_BLOCKIO_BEGINFETCH_6B9D7F07,bra,226,220,4,2,2
raw,M_BLOCKIO_BEGINFETCH_6B9D7F07,bra,634,626,4,2,2
raw,M_BLOCKIO_FINISHFETCH_D55D2AA5,conditional,333,327,6,2,4
raw,M_BLOCKIO_FINISHFETCH_D55D2AA5,bra,8,8,4,2,2
raw,M_BLOCKIO_FINISHFETCH_D55D2AA5,bra,54,52,4,2,2
raw,M_BLOCKIO_FINISHFETCH_D55D2AA5,bra,173,169,4,2,2
raw,M_BLOCKIO_FINISHFETCH_D55D2AA5,bra,347,337,4,2,2
raw,M_BLOCKIO_FINISHFETCH_D55D2AA5,bra,389,377,4,2,2
raw,M_BLOCKIO_FETCH_124BDACE,conditional,389,381,6,2,4
raw,M_BLOCKIO_FETCH_124BDACE,bra,8,8,4,2,2
raw,M_BLOCKIO_FETCH_124BDACE,bra,62,60,4,2,2
raw,M_BLOCKIO_FETCH_124BDACE,bra,165,161,4,2,2
raw,M_BLOCKIO_FETCH_124BDACE,bra,286,280,4,2,2
raw,M_BLOCKIO_FETCH_124BDACE,bra,397,385,4,2,2
raw,M_BLOCKIO_FETCH_124BDACE,bra,417,403,4,2,2
raw,M_BLOCKIO_READSECTOR_D918C668,conditional,195,187,6,2,4
raw,M_BLOCKIO_READSECTOR_D918C668,conditional,201,189,6,2,4
raw,M_BLOCKIO_READSECTOR_D918C668,conditional,215,199,6,2,4
raw,M_BLOCKIO_READSECTOR_D918C668,conditional,221,201,6,2,4
raw,M_BLOCKIO_READSECTOR_D918C668,conditional,235,211,6,2,4
raw,M_BLOCKIO_READSECTOR_D918C668,conditional,241,213,6,2,4
raw,M_BLOCKIO_READSECTOR_D918C668,conditional,255,223,6,2,4
raw,M_BLOCKIO_READSECTOR_D918C668,conditional,261,225,6,2,4
raw,M_BLOCKIO_READSECTOR_D918C668,conditional,400,349,6,2,4
raw,M_BLOCKIO_READSECTOR_D918C668,conditional,737,675,6,2,4
raw,M_BLOCKIO_READSECTOR_D918C668,bra,8,8,4,2,2
raw,M_BLOCKIO_READSECTOR_D918C668,bra,54,52,4,2,2
raw,M_BLOCKIO_READSECTOR_D918C668,bra,149,145,4,2,2
raw,M_BLOCKIO_READSECTOR_D918C668,bra,155,149,4,2,2
raw,M_BLOCKIO_READSECTOR_D918C668,bra,267,227,4,2,2
raw,M_BLOCKIO_READSECTOR_D918C668,bra,273,231,4,2,2
raw,M_BLOCKIO_READSECTOR_D918C668,bra,279,235,4,2,2
raw,M_BLOCKIO_READSECTOR_D918C668,bra,285,239,4,2,2
raw,M_BLOCKIO_READSECTOR_D918C668,brl,301,253,4,3,1
raw,M_BLOCKIO_READSECTOR_D918C668,bra,323,274,4,2,2
raw,M_BLOCKIO_READSECTOR_D918C668,bra,408,353,4,2,2
raw,M_BLOCKIO_READSECTOR_D918C668,bra,553,496,4,2,2
raw,M_BLOCKIO_READSECTOR_D918C668,brl,638,579,4,3,1
raw,M_BLOCKIO_READSECTOR_D918C668,bra,660,600,4,2,2
raw,M_BLOCKIO_READSECTOR_D918C668,bra,745,679,4,2,2
raw,M_BLOCKIO_READSECTOR_D918C668,bra,884,816,4,2,2
raw,M_BLOCKIO_READSECTOR_D918C668,bra,1012,942,4,2,2
raw,M_BLOCKIO_READSECTOR_D918C668,brl,1103,1031,4,3,1
raw,M_BLOCKIO_READSECTOR_D918C668,bra,1274,1201,4,2,2
raw,M_BLOCKIO_READSECTOR_D918C668,bra,1280,1205,4,2,2
raw,M_BLOCKIO_READSECTOR_D918C668,brl,1296,1219,4,3,1
raw,M_MYDOSNAMES_LEGAL_C9AD70C6,bra,8,8,4,2,2
raw,M_MYDOSNAMES_LEGAL_C9AD70C6,bra,44,42,4,2,2
raw,M_MYDOSNAMES_LEGAL_C9AD70C6,bra,64,60,4,2,2
raw,M_MYDOSNAMES_LEGAL_C9AD70C6,bra,96,90,4,2,2
raw,M_MYDOSNAMES_LEGAL_C9AD70C6,bra,116,108,4,2,2
raw,M_MYDOSNAMES_LEGAL_C9AD70C6,bra,148,138,4,2,2
raw,M_MYDOSNAMES_LEGAL_C9AD70C6,bra,168,156,4,2,2
raw,M_MYDOSNAMES_FOLD_297622C6,bra,8,8,4,2,2
raw,M_MYDOSNAMES_FOLD_297622C6,bra,44,42,4,2,2
raw,M_MYDOSNAMES_FOLD_297622C6,bra,64,60,4,2,2
raw,M_MYDOSNAMES_STORED_9F1E578A,bra,8,8,4,2,2
raw,M_MYDOSNAMES_STORED_9F1E578A,bra,100,98,4,2,2
raw,M_MYDOSNAMES_STORED_9F1E578A,brl,106,102,4,3,1
raw,M_MYDOSNAMES_STORED_9F1E578A,bra,180,175,4,2,2
raw,M_MYDOSNAMES_STORED_9F1E578A,bra,256,249,4,2,2
raw,M_MYDOSNAMES_STORED_9F1E578A,brl,300,291,4,3,1
raw,M_MYDOSNAMES_STORED_9F1E578A,bra,320,310,4,2,2
raw,M_MYDOSNAMES_STORED_9F1E578A,bra,412,400,4,2,2
raw,M_MYDOSNAMES_STORED_9F1E578A,brl,426,412,4,3,1
raw,M_MYDOSNAMES_STORED_9F1E578A,bra,444,429,4,2,2
raw,M_MYDOSNAMES_STORED_9F1E578A,brl,450,433,4,3,1
raw,M_MYDOSNAMES_STORED_9F1E578A,bra,534,516,4,2,2
raw,M_MYDOSNAMES_STORED_9F1E578A,bra,599,579,4,2,2
raw,M_MYDOSNAMES_STORED_9F1E578A,brl,640,618,4,3,1
raw,M_MYDOSNAMES_MATCH_52630F12,bra,8,8,4,2,2
raw,M_MYDOSNAMES_MATCH_52630F12,brl,56,54,4,3,1
raw,M_MYDOSNAMES_MATCH_52630F12,bra,212,209,4,2,2
raw,M_MYDOSNAMES_MATCH_52630F12,bra,306,301,4,2,2
raw,M_MYDOSNAMES_MATCH_52630F12,bra,441,434,4,2,2
raw,M_MYDOSNAMES_MATCH_52630F12,bra,506,497,4,2,2
raw,M_MYDOSNAMES_MATCH_52630F12,brl,547,536,4,3,1
raw,M_MYDOSNAMES_MATCH_52630F12,bra,565,553,4,2,2
raw,M_MYDOSNAMES_COMPONENT_FF2F5328,bra,8,8,4,2,2
raw,M_MYDOSNAMES_COMPONENT_FF2F5328,brl,52,50,4,3,1
raw,M_MYDOSNAMES_COMPONENT_FF2F5328,brl,192,189,4,3,1
raw,M_MYDOSNAMES_COMPONENT_FF2F5328,brl,260,256,4,3,1
raw,M_MYDOSNAMES_COMPONENT_FF2F5328,bra,389,384,4,2,2
raw,M_MYDOSNAMES_COMPONENT_FF2F5328,brl,395,388,4,3,1
raw,M_MYDOSNAMES_COMPONENT_FF2F5328,bra,413,405,4,2,2
raw,M_MYDOSNAMES_COMPONENT_FF2F5328,bra,433,423,4,2,2
raw,M_MYDOSNAMES_COMPONENT_FF2F5328,bra,439,427,4,2,2
raw,M_MYDOSNAMES_COMPONENT_FF2F5328,bra,457,443,4,2,2
raw,M_MYDOSNAMES_COMPONENT_FF2F5328,brl,533,517,4,3,1
raw,M_MYDOSNAMES_COMPONENT_FF2F5328,bra,553,536,4,2,2
raw,M_MYDOSNAMES_COMPONENT_FF2F5328,bra,618,599,4,2,2
raw,M_MYDOSNAMES_COMPONENT_FF2F5328,bra,624,603,4,2,2
raw,M_MYDOSNAMES_COMPONENT_FF2F5328,bra,642,619,4,2,2
raw,M_MYDOSNAMES_COMPONENT_FF2F5328,bra,648,623,4,2,2
raw,M_MYDOSNAMES_COMPONENT_FF2F5328,bra,666,639,4,2,2
raw,M_MYDOSNAMES_COMPONENT_FF2F5328,bra,686,657,4,2,2
raw,M_MYDOSNAMES_COMPONENT_FF2F5328,brl,934,903,4,3,1
raw,M_MYDOSNAMES_COMPONENT_FF2F5328,bra,952,920,4,2,2
raw,M_MYDOSNAMES_COMPONENT_FF2F5328,brl,958,924,4,3,1
raw,M_MYDOSNAMES_COMPONENT_FF2F5328,bra,976,941,4,2,2
raw,M_MYDOSNAMES_COMPONENT_FF2F5328,bra,996,959,4,2,2
raw,M_MYDOSNAMES_COMPONENT_FF2F5328,brl,1002,963,4,3,1
raw,M_MYDOSNAMES_COMPONENT_FF2F5328,bra,1069,1029,4,2,2
raw,M_MYDOSNAMES_COMPONENT_FF2F5328,bra,1142,1100,4,2,2
raw,M_MYDOSNAMES_COMPONENT_FF2F5328,brl,1258,1214,4,3,1
raw,M_MYDOSNAMES_COMPONENT_FF2F5328,bra,1362,1317,4,2,2
raw,M_FSNAMES_STREAM_12DD2A4A,bra,8,8,4,2,2
raw,M_FSNAMES_STREAM_12DD2A4A,brl,52,50,4,3,1
raw,M_FSNAMES_STREAM_12DD2A4A,bra,130,127,4,2,2
raw,M_FSNAMES_STREAM_12DD2A4A,brl,195,190,4,3,1
raw,M_FSNAMES_STREAM_12DD2A4A,bra,273,267,4,2,2
raw,M_FSNAMES_STREAM_12DD2A4A,brl,338,330,4,3,1
raw,M_FSNAMES_STREAM_12DD2A4A,bra,416,407,4,2,2
raw,M_FSNAMES_STREAM_12DD2A4A,bra,481,470,4,2,2
raw,M_FSNAMES_STREAM_12DD2A4A,bra,571,558,4,2,2
raw,M_FSNAMES_STREAM_12DD2A4A,brl,636,621,4,3,1
raw,M_FSNAMES_STREAM_12DD2A4A,bra,714,698,4,2,2
raw,M_FSNAMES_STREAM_12DD2A4A,brl,779,761,4,3,1
raw,M_FSNAMES_STREAM_12DD2A4A,bra,857,838,4,2,2
raw,M_FSNAMES_STREAM_12DD2A4A,bra,922,901,4,2,2
raw,M_FSNAMES_STREAM_12DD2A4A,bra,1012,989,4,2,2
raw,M_FSNAMES_STREAM_12DD2A4A,brl,1077,1052,4,3,1
raw,M_FSNAMES_STREAM_12DD2A4A,bra,1155,1129,4,2,2
raw,M_FSNAMES_STREAM_12DD2A4A,brl,1220,1192,4,3,1
raw,M_FSNAMES_STREAM_12DD2A4A,bra,1298,1269,4,2,2
raw,M_FSNAMES_STREAM_12DD2A4A,bra,1363,1332,4,2,2
raw,M_FSNAMES_STREAM_12DD2A4A,brl,1381,1348,4,3,1
raw,M_FSNAMES_STREAM_12DD2A4A,brl,1407,1373,4,3,1
raw,M_FSNAMES_STREAM_12DD2A4A,bra,1485,1450,4,2,2
raw,M_FSNAMES_STREAM_12DD2A4A,brl,1550,1513,4,3,1
raw,M_FSNAMES_STREAM_12DD2A4A,bra,1628,1590,4,2,2
raw,M_FSNAMES_STREAM_12DD2A4A,brl,1693,1653,4,3,1
raw,M_FSNAMES_STREAM_12DD2A4A,bra,1771,1730,4,2,2
raw,M_FSNAMES_STREAM_12DD2A4A,brl,1836,1793,4,3,1
raw,M_FSNAMES_STREAM_12DD2A4A,bra,1914,1870,4,2,2
raw,M_FSNAMES_STREAM_12DD2A4A,brl,1979,1933,4,3,1
raw,M_FSNAMES_STREAM_12DD2A4A,bra,2057,2010,4,2,2
raw,M_FSNAMES_STREAM_12DD2A4A,brl,2122,2073,4,3,1
raw,M_FSNAMES_STREAM_12DD2A4A,bra,2200,2150,4,2,2
raw,M_FSNAMES_STREAM_12DD2A4A,brl,2265,2213,4,3,1
raw,M_FSNAMES_STREAM_12DD2A4A,bra,2343,2290,4,2,2
raw,M_FSNAMES_STREAM_12DD2A4A,bra,2408,2353,4,2,2
raw,M_FSNAMES_MAPPED_324F42A3,conditional,112,110,6,2,4
raw,M_FSNAMES_MAPPED_324F42A3,conditional,118,112,6,2,4
raw,M_FSNAMES_MAPPED_324F42A3,conditional,132,122,6,2,4
raw,M_FSNAMES_MAPPED_324F42A3,conditional,138,124,6,2,4
raw,M_FSNAMES_MAPPED_324F42A3,conditional,152,134,6,2,4
raw,M_FSNAMES_MAPPED_324F42A3,conditional,158,136,6,2,4
raw,M_FSNAMES_MAPPED_324F42A3,conditional,172,146,6,2,4
raw,M_FSNAMES_MAPPED_324F42A3,conditional,178,148,6,2,4
raw,M_FSNAMES_MAPPED_324F42A3,conditional,256,213,6,2,4
raw,M_FSNAMES_MAPPED_324F42A3,conditional,262,215,6,2,4
raw,M_FSNAMES_MAPPED_324F42A3,conditional,276,225,6,2,4
raw,M_FSNAMES_MAPPED_324F42A3,conditional,282,227,6,2,4
raw,M_FSNAMES_MAPPED_324F42A3,conditional,296,237,6,2,4
raw,M_FSNAMES_MAPPED_324F42A3,conditional,302,239,6,2,4
raw,M_FSNAMES_MAPPED_324F42A3,conditional,316,249,6,2,4
raw,M_FSNAMES_MAPPED_324F42A3,conditional,322,251,6,2,4
raw,M_FSNAMES_MAPPED_324F42A3,conditional,404,317,6,2,4
raw,M_FSNAMES_MAPPED_324F42A3,conditional,410,319,6,2,4
raw,M_FSNAMES_MAPPED_324F42A3,conditional,424,329,6,2,4
raw,M_FSNAMES_MAPPED_324F42A3,conditional,430,331,6,2,4
raw,M_FSNAMES_MAPPED_324F42A3,conditional,444,341,6,2,4
raw,M_FSNAMES_MAPPED_324F42A3,conditional,450,343,6,2,4
raw,M_FSNAMES_MAPPED_324F42A3,conditional,464,353,6,2,4
raw,M_FSNAMES_MAPPED_324F42A3,conditional,470,355,6,2,4
raw,M_FSNAMES_MAPPED_324F42A3,conditional,613,484,6,2,4
raw,M_FSNAMES_MAPPED_324F42A3,conditional,619,486,6,2,4
raw,M_FSNAMES_MAPPED_324F42A3,conditional,633,496,6,2,4
raw,M_FSNAMES_MAPPED_324F42A3,conditional,639,498,6,2,4
raw,M_FSNAMES_MAPPED_324F42A3,conditional,653,508,6,2,4
raw,M_FSNAMES_MAPPED_324F42A3,conditional,659,510,6,2,4
raw,M_FSNAMES_MAPPED_324F42A3,conditional,673,520,6,2,4
raw,M_FSNAMES_MAPPED_324F42A3,conditional,679,522,6,2,4
raw,M_FSNAMES_MAPPED_324F42A3,bra,8,8,4,2,2
raw,M_FSNAMES_MAPPED_324F42A3,bra,184,150,4,2,2
raw,M_FSNAMES_MAPPED_324F42A3,bra,190,154,4,2,2
raw,M_FSNAMES_MAPPED_324F42A3,bra,196,158,4,2,2
raw,M_FSNAMES_MAPPED_324F42A3,bra,202,162,4,2,2
raw,M_FSNAMES_MAPPED_324F42A3,brl,218,176,4,3,1
raw,M_FSNAMES_MAPPED_324F42A3,bra,328,253,4,2,2
raw,M_FSNAMES_MAPPED_324F42A3,bra,334,257,4,2,2
raw,M_FSNAMES_MAPPED_324F42A3,bra,340,261,4,2,2
raw,M_FSNAMES_MAPPED_324F42A3,bra,346,265,4,2,2
raw,M_FSNAMES_MAPPED_324F42A3,bra,362,279,4,2,2
raw,M_FSNAMES_MAPPED_324F42A3,bra,368,283,4,2,2
raw,M_FSNAMES_MAPPED_324F42A3,bra,476,357,4,2,2
raw,M_FSNAMES_MAPPED_324F42A3,bra,482,361,4,2,2
raw,M_FSNAMES_MAPPED_324F42A3,bra,488,365,4,2,2
raw,M_FSNAMES_MAPPED_324F42A3,bra,494,369,4,2,2
raw,M_FSNAMES_MAPPED_324F42A3,bra,510,383,4,2,2
raw,M_FSNAMES_MAPPED_324F42A3,bra,685,524,4,2,2
raw,M_FSNAMES_MAPPED_324F42A3,bra,691,528,4,2,2
raw,M_FSNAMES_MAPPED_324F42A3,bra,697,532,4,2,2
raw,M_FSNAMES_MAPPED_324F42A3,bra,703,536,4,2,2
raw,M_FSNAMES_MAPPED_324F42A3,bra,766,597,4,2,2
raw,M_FSNAMES_PATH_CFBF830F,conditional,152,149,6,2,4
raw,M_FSNAMES_PATH_CFBF830F,conditional,158,151,6,2,4
raw,M_FSNAMES_PATH_CFBF830F,conditional,172,161,6,2,4
raw,M_FSNAMES_PATH_CFBF830F,conditional,178,163,6,2,4
raw,M_FSNAMES_PATH_CFBF830F,conditional,192,173,6,2,4
raw,M_FSNAMES_PATH_CFBF830F,conditional,198,175,6,2,4
raw,M_FSNAMES_PATH_CFBF830F,conditional,286,250,6,2,4
raw,M_FSNAMES_PATH_CFBF830F,conditional,292,252,6,2,4
raw,M_FSNAMES_PATH_CFBF830F,conditional,306,262,6,2,4
raw,M_FSNAMES_PATH_CFBF830F,conditional,312,264,6,2,4
raw,M_FSNAMES_PATH_CFBF830F,conditional,326,274,6,2,4
raw,M_FSNAMES_PATH_CFBF830F,conditional,332,276,6,2,4
raw,M_FSNAMES_PATH_CFBF830F,conditional,424,352,6,2,4
raw,M_FSNAMES_PATH_CFBF830F,conditional,430,354,6,2,4
raw,M_FSNAMES_PATH_CFBF830F,conditional,444,364,6,2,4
raw,M_FSNAMES_PATH_CFBF830F,conditional,450,366,6,2,4
raw,M_FSNAMES_PATH_CFBF830F,conditional,464,376,6,2,4
raw,M_FSNAMES_PATH_CFBF830F,conditional,470,378,6,2,4
raw,M_FSNAMES_PATH_CFBF830F,conditional,570,463,6,2,4
raw,M_FSNAMES_PATH_CFBF830F,conditional,578,467,6,2,4
raw,M_FSNAMES_PATH_CFBF830F,conditional,599,484,6,2,4
raw,M_FSNAMES_PATH_CFBF830F,bra,8,8,4,2,2
raw,M_FSNAMES_PATH_CFBF830F,brl,104,102,4,3,1
raw,M_FSNAMES_PATH_CFBF830F,bra,204,177,4,2,2
raw,M_FSNAMES_PATH_CFBF830F,bra,210,181,4,2,2
raw,M_FSNAMES_PATH_CFBF830F,bra,216,185,4,2,2
raw,M_FSNAMES_PATH_CFBF830F,bra,222,189,4,2,2
raw,M_FSNAMES_PATH_CFBF830F,brl,238,203,4,3,1
raw,M_FSNAMES_PATH_CFBF830F,bra,338,278,4,2,2
raw,M_FSNAMES_PATH_CFBF830F,bra,344,282,4,2,2
raw,M_FSNAMES_PATH_CFBF830F,bra,350,286,4,2,2
raw,M_FSNAMES_PATH_CFBF830F,bra,356,290,4,2,2
raw,M_FSNAMES_PATH_CFBF830F,bra,372,304,4,2,2
raw,M_FSNAMES_PATH_CFBF830F,bra,378,308,4,2,2
raw,M_FSNAMES_PATH_CFBF830F,bra,476,380,4,2,2
raw,M_FSNAMES_PATH_CFBF830F,bra,482,384,4,2,2
raw,M_FSNAMES_PATH_CFBF830F,bra,488,388,4,2,2
raw,M_FSNAMES_PATH_CFBF830F,bra,494,392,4,2,2
raw,M_FSNAMES_PATH_CFBF830F,bra,510,406,4,2,2
raw,M_FSNAMES_PATH_CFBF830F,brl,528,422,4,3,1
raw,M_FSNAMES_PATH_CFBF830F,bra,605,486,4,2,2
raw,M_FSNAMES_PATH_CFBF830F,brl,657,536,4,3,1
raw,M_FSNAMES_PATH_CFBF830F,bra,706,584,4,2,2
raw,M_FSNAMES_PATH_CFBF830F,bra,787,663,4,2,2
raw,M_FSNAMES_PATH_CFBF830F,bra,793,667,4,2,2
raw,M_FSNAMES_PATH_CFBF830F,bra,811,683,4,2,2
raw,M_FSNAMES_PATH_CFBF830F,bra,876,746,4,2,2
raw,M_FSNAMES_PATH_CFBF830F,brl,909,777,4,3,1
raw,M_FSNAMES_PATH_CFBF830F,bra,924,791,4,2,2
raw,M_FSNAMES_PATH_CFBF830F,bra,930,795,4,2,2
raw,M_FSNAMES_PATH_CFBF830F,bra,956,819,4,2,2
raw,M_FSNAMES_PATH_CFBF830F,brl,996,857,4,3,1
raw,M_FSNAMES_PATH_CFBF830F,brl,1036,896,4,3,1
raw,M_FSNAMES_PATH_CFBF830F,bra,1114,973,4,2,2
raw,M_FSNAMES_PATH_CFBF830F,bra,1179,1036,4,2,2
raw,M_FSNAMES_PATH_CFBF830F,bra,1208,1063,4,2,2
raw,M_FSNAMES_PATH_CFBF830F,bra,1214,1067,4,2,2
raw,M_FSNAMES_PATH_CFBF830F,brl,1230,1081,4,3,1
raw,M_FSNAMES_PATH_CFBF830F,brl,1337,1187,4,3,1
raw,M_FSNAMES_ALIAS_A2F2B006,conditional,455,441,6,2,4
raw,M_FSNAMES_ALIAS_A2F2B006,bra,8,8,4,2,2
raw,M_FSNAMES_ALIAS_A2F2B006,brl,64,62,4,3,1
raw,M_FSNAMES_ALIAS_A2F2B006,bra,142,139,4,2,2
raw,M_FSNAMES_ALIAS_A2F2B006,bra,269,264,4,2,2
raw,M_FSNAMES_ALIAS_A2F2B006,bra,334,327,4,2,2
raw,M_FSNAMES_ALIAS_A2F2B006,bra,363,354,4,2,2
raw,M_FSNAMES_ALIAS_A2F2B006,bra,369,358,4,2,2
raw,M_FSNAMES_ALIAS_A2F2B006,brl,385,372,4,3,1
raw,M_FSNAMES_ALIAS_A2F2B006,bra,463,445,4,2,2
raw,M_FSNAMES_SAMEALIAS_76260CCC,bra,8,8,4,2,2
raw,M_FSNAMES_SAMEALIAS_76260CCC,brl,52,50,4,3,1
raw,M_FSNAMES_SAMEALIAS_76260CCC,bra,138,135,4,2,2
raw,M_FSNAMES_SAMEALIAS_76260CCC,bra,273,268,4,2,2
raw,M_FSNAMES_SAMEALIAS_76260CCC,bra,338,331,4,2,2
raw,M_FSNAMES_SAMEALIAS_76260CCC,bra,434,425,4,2,2
raw,M_FSNAMES_SAMEALIAS_76260CCC,brl,475,464,4,3,1
raw,M_FSNAMES_VALIDALIAS_36EB4E14,conditional,160,156,6,2,4
raw,M_FSNAMES_VALIDALIAS_36EB4E14,conditional,291,279,6,2,4
raw,M_FSNAMES_VALIDALIAS_36EB4E14,bra,8,8,4,2,2
raw,M_FSNAMES_VALIDALIAS_36EB4E14,brl,52,50,4,3,1
raw,M_FSNAMES_VALIDALIAS_36EB4E14,brl,144,141,4,3,1
raw,M_FSNAMES_VALIDALIAS_36EB4E14,bra,168,160,4,2,2
raw,M_FSNAMES_VALIDALIAS_36EB4E14,bra,214,204,4,2,2
raw,M_FSNAMES_VALIDALIAS_36EB4E14,bra,299,283,4,2,2
raw,M_FSNAMES_VALIDALIAS_36EB4E14,bra,370,352,4,2,2
raw,M_FSNAMES_VALIDALIAS_36EB4E14,bra,435,415,4,2,2
raw,M_FSNAMES_VALIDALIAS_36EB4E14,brl,476,454,4,3,1
raw,M_DOSSTREAMS_VALIDMODE_6A43AE29,conditional,50,48,6,2,4
raw,M_DOSSTREAMS_VALIDMODE_6A43AE29,conditional,74,66,6,2,4
raw,M_DOSSTREAMS_VALIDMODE_6A43AE29,conditional,84,72,6,2,4
raw,M_DOSSTREAMS_VALIDMODE_6A43AE29,conditional,128,110,6,2,4
raw,M_DOSSTREAMS_VALIDMODE_6A43AE29,conditional,152,128,6,2,4
raw,M_DOSSTREAMS_VALIDMODE_6A43AE29,conditional,162,134,6,2,4
raw,M_DOSSTREAMS_VALIDMODE_6A43AE29,conditional,216,182,6,2,4
raw,M_DOSSTREAMS_VALIDMODE_6A43AE29,conditional,240,200,6,2,4
raw,M_DOSSTREAMS_VALIDMODE_6A43AE29,conditional,250,206,6,2,4
raw,M_DOSSTREAMS_VALIDMODE_6A43AE29,bra,8,8,4,2,2
raw,M_DOSSTREAMS_VALIDMODE_6A43AE29,bra,58,52,4,2,2
raw,M_DOSSTREAMS_VALIDMODE_6A43AE29,bra,94,78,4,2,2
raw,M_DOSSTREAMS_VALIDMODE_6A43AE29,bra,136,114,4,2,2
raw,M_DOSSTREAMS_VALIDMODE_6A43AE29,bra,172,140,4,2,2
raw,M_DOSSTREAMS_VALIDMODE_6A43AE29,bra,224,186,4,2,2
raw,M_DOSSTREAMS_VALIDMODE_6A43AE29,bra,260,212,4,2,2
raw,M_DOSSTREAMS_VALIDBUFFER_D67D80FE,conditional,64,62,6,2,4
raw,M_DOSSTREAMS_VALIDBUFFER_D67D80FE,conditional,70,64,6,2,4
raw,M_DOSSTREAMS_VALIDBUFFER_D67D80FE,conditional,84,74,6,2,4
raw,M_DOSSTREAMS_VALIDBUFFER_D67D80FE,conditional,90,76,6,2,4
raw,M_DOSSTREAMS_VALIDBUFFER_D67D80FE,conditional,104,86,6,2,4
raw,M_DOSSTREAMS_VALIDBUFFER_D67D80FE,conditional,110,88,6,2,4
raw,M_DOSSTREAMS_VALIDBUFFER_D67D80FE,conditional,124,98,6,2,4
raw,M_DOSSTREAMS_VALIDBUFFER_D67D80FE,conditional,130,100,6,2,4
raw,M_DOSSTREAMS_VALIDBUFFER_D67D80FE,conditional,295,249,6,2,4
raw,M_DOSSTREAMS_VALIDBUFFER_D67D80FE,bra,8,8,4,2,2
raw,M_DOSSTREAMS_VALIDBUFFER_D67D80FE,bra,136,102,4,2,2
raw,M_DOSSTREAMS_VALIDBUFFER_D67D80FE,bra,142,106,4,2,2
raw,M_DOSSTREAMS_VALIDBUFFER_D67D80FE,bra,148,110,4,2,2
raw,M_DOSSTREAMS_VALIDBUFFER_D67D80FE,bra,154,114,4,2,2
raw,M_DOSSTREAMS_VALIDBUFFER_D67D80FE,bra,170,128,4,2,2
raw,M_DOSSTREAMS_VALIDBUFFER_D67D80FE,bra,200,156,4,2,2
raw,M_DOSSTREAMS_VALIDBUFFER_D67D80FE,bra,309,259,4,2,2
raw,M_DOSSTREAMS_VALIDBUFFER_D67D80FE,bra,371,319,4,2,2
raw,M_DOSSTREAMS_VALIDBUFFER_D67D80FE,bra,456,402,4,2,2
raw,M_DOSSTREAMS_VALIDBUFFER_D67D80FE,bra,486,430,4,2,2
raw,M_DOSSTREAMS_OPENNIL_7EDE8F17,conditional,311,305,6,2,4
raw,M_DOSSTREAMS_OPENNIL_7EDE8F17,bra,8,8,4,2,2
raw,M_DOSSTREAMS_OPENNIL_7EDE8F17,bra,38,36,4,2,2
raw,M_DOSSTREAMS_OPENNIL_7EDE8F17,bra,205,201,4,2,2
raw,M_DOSSTREAMS_OPENNIL_7EDE8F17,bra,327,317,4,2,2
raw,M_DOSSTREAMS_OPENNIL_7EDE8F17,bra,551,539,4,2,2
raw,M_DOSSTREAMS_TRANSFERNIL_E7EA5C2C,conditional,236,230,6,2,4
raw,M_DOSSTREAMS_TRANSFERNIL_E7EA5C2C,bra,8,8,4,2,2
raw,M_DOSSTREAMS_TRANSFERNIL_E7EA5C2C,bra,81,79,4,2,2
raw,M_DOSSTREAMS_TRANSFERNIL_E7EA5C2C,bra,166,162,4,2,2
raw,M_DOSSTREAMS_TRANSFERNIL_E7EA5C2C,bra,244,234,4,2,2
raw,M_DOSSTREAMS_TRANSFERNIL_E7EA5C2C,bra,323,311,4,2,2
raw,M_DOSSTREAMS_TRANSFERNIL_E7EA5C2C,bra,415,401,4,2,2
raw,M_DOSSTREAMS_CLOSENIL_3520E24B,conditional,598,584,6,2,4
raw,M_DOSSTREAMS_CLOSENIL_3520E24B,bra,8,8,4,2,2
raw,M_DOSSTREAMS_CLOSENIL_3520E24B,bra,38,36,4,2,2
raw,M_DOSSTREAMS_CLOSENIL_3520E24B,bra,169,165,4,2,2
raw,M_DOSSTREAMS_CLOSENIL_3520E24B,bra,264,258,4,2,2
raw,M_DOSSTREAMS_CLOSENIL_3520E24B,bra,351,343,4,2,2
raw,M_DOSSTREAMS_CLOSENIL_3520E24B,bra,365,355,4,2,2
raw,M_DOSSTREAMS_CLOSENIL_3520E24B,bra,465,453,4,2,2
raw,M_DOSSTREAMS_CLOSENIL_3520E24B,bra,606,588,4,2,2
raw,M_DOSRAW_GETREGISTRY_976423CC,bra,8,8,4,2,2
raw,M_DOSRAW_LIVE_14427091,conditional,393,380,6,2,4
raw,M_DOSRAW_LIVE_14427091,conditional,491,472,6,2,4
raw,M_DOSRAW_LIVE_14427091,conditional,501,478,6,2,4
raw,M_DOSRAW_LIVE_14427091,conditional,564,535,6,2,4
raw,M_DOSRAW_LIVE_14427091,bra,8,8,4,2,2
raw,M_DOSRAW_LIVE_14427091,bra,38,36,4,2,2
raw,M_DOSRAW_LIVE_14427091,bra,135,131,4,2,2
raw,M_DOSRAW_LIVE_14427091,brl,141,135,4,3,1
raw,M_DOSRAW_LIVE_14427091,bra,229,222,4,2,2
raw,M_DOSRAW_LIVE_14427091,bra,235,226,4,2,2
raw,M_DOSRAW_LIVE_14427091,bra,311,300,4,2,2
raw,M_DOSRAW_LIVE_14427091,bra,409,392,4,2,2
raw,M_DOSRAW_LIVE_14427091,bra,511,484,4,2,2
raw,M_DOSRAW_LIVE_14427091,bra,574,541,4,2,2
raw,M_DOSRAW_INITIALIZE_D871F7B7,bra,8,8,4,2,2
raw,M_DOSRAW_INITIALIZE_D871F7B7,bra,93,91,4,2,2
raw,M_DOSRAW_ROLLBACK_4A7594F5,bra,8,8,4,2,2
raw,M_DOSRAW_ROLLBACK_4A7594F5,bra,38,36,4,2,2
raw,M_DOSRAW_ROLLBACK_4A7594F5,bra,161,157,4,2,2
raw,M_DOSRAW_ACQUIRE_CC49A145,conditional,704,686,6,2,4
raw,M_DOSRAW_ACQUIRE_CC49A145,conditional,1300,1269,6,2,4
raw,M_DOSRAW_ACQUIRE_CC49A145,conditional,2274,2214,6,2,4
raw,M_DOSRAW_ACQUIRE_CC49A145,bra,8,8,4,2,2
raw,M_DOSRAW_ACQUIRE_CC49A145,bra,38,36,4,2,2
raw,M_DOSRAW_ACQUIRE_CC49A145,bra,110,106,4,2,2
raw,M_DOSRAW_ACQUIRE_CC49A145,brl,190,184,4,3,1
raw,M_DOSRAW_ACQUIRE_CC49A145,brl,280,273,4,3,1
raw,M_DOSRAW_ACQUIRE_CC49A145,bra,294,286,4,2,2
raw,M_DOSRAW_ACQUIRE_CC49A145,bra,365,355,4,2,2
raw,M_DOSRAW_ACQUIRE_CC49A145,bra,513,501,4,2,2
raw,M_DOSRAW_ACQUIRE_CC49A145,bra,640,626,4,2,2
raw,M_DOSRAW_ACQUIRE_CC49A145,bra,646,630,4,2,2
raw,M_DOSRAW_ACQUIRE_CC49A145,brl,718,696,4,3,1
raw,M_DOSRAW_ACQUIRE_CC49A145,bra,732,709,4,2,2
raw,M_DOSRAW_ACQUIRE_CC49A145,bra,803,778,4,2,2
raw,M_DOSRAW_ACQUIRE_CC49A145,bra,1067,1040,4,2,2
raw,M_DOSRAW_ACQUIRE_CC49A145,bra,1194,1165,4,2,2
raw,M_DOSRAW_ACQUIRE_CC49A145,brl,1316,1281,4,3,1
raw,M_DOSRAW_ACQUIRE_CC49A145,bra,1338,1302,4,2,2
raw,M_DOSRAW_ACQUIRE_CC49A145,bra,1419,1381,4,2,2
raw,M_DOSRAW_ACQUIRE_CC49A145,bra,1545,1505,4,2,2
raw,M_DOSRAW_ACQUIRE_CC49A145,bra,1749,1707,4,2,2
raw,M_DOSRAW_ACQUIRE_CC49A145,brl,1866,1822,4,3,1
raw,M_DOSRAW_ACQUIRE_CC49A145,bra,1920,1875,4,2,2
raw,M_DOSRAW_ACQUIRE_CC49A145,bra,2005,1958,4,2,2
raw,M_DOSRAW_ACQUIRE_CC49A145,bra,2071,2022,4,2,2
raw,M_DOSRAW_ACQUIRE_CC49A145,bra,2101,2050,4,2,2
raw,M_DOSRAW_ACQUIRE_CC49A145,brl,2156,2103,4,3,1
raw,M_DOSRAW_ACQUIRE_CC49A145,bra,2169,2115,4,2,2
raw,M_DOSRAW_ACQUIRE_CC49A145,bra,2199,2143,4,2,2
raw,M_DOSRAW_ACQUIRE_CC49A145,bra,2254,2196,4,2,2
raw,M_DOSRAW_ACQUIRE_CC49A145,bra,2282,2218,4,2,2
raw,M_DOSRAW_ACQUIRE_CC49A145,bra,2302,2236,4,2,2
raw,M_DOSRAW_ACQUIRE_CC49A145,bra,2404,2336,4,2,2
raw,M_DOSRAW_ACQUIRE_CC49A145,bra,2544,2474,4,2,2
raw,M_DOSRAW_OPEN_5F7F2547,conditional,239,235,6,2,4
raw,M_DOSRAW_OPEN_5F7F2547,conditional,484,471,6,2,4
raw,M_DOSRAW_OPEN_5F7F2547,bra,8,8,4,2,2
raw,M_DOSRAW_OPEN_5F7F2547,bra,133,131,4,2,2
raw,M_DOSRAW_OPEN_5F7F2547,brl,255,247,4,3,1
raw,M_DOSRAW_OPEN_5F7F2547,bra,308,299,4,2,2
raw,M_DOSRAW_OPEN_5F7F2547,bra,410,399,4,2,2
raw,M_DOSRAW_OPEN_5F7F2547,brl,500,483,4,3,1
raw,M_DOSRAW_OPEN_5F7F2547,bra,554,536,4,2,2
raw,M_DOSRAW_OPEN_5F7F2547,bra,869,849,4,2,2
raw,M_DOSRAW_OPEN_5F7F2547,bra,969,947,4,2,2
raw,M_DOSRAW_OPEN_5F7F2547,bra,1064,1040,4,2,2
raw,M_DOSRAW_VALIDEXTENT_84EF7CCB,conditional,241,234,6,2,4
raw,M_DOSRAW_VALIDEXTENT_84EF7CCB,conditional,247,236,6,2,4
raw,M_DOSRAW_VALIDEXTENT_84EF7CCB,conditional,261,246,6,2,4
raw,M_DOSRAW_VALIDEXTENT_84EF7CCB,conditional,267,248,6,2,4
raw,M_DOSRAW_VALIDEXTENT_84EF7CCB,conditional,281,258,6,2,4
raw,M_DOSRAW_VALIDEXTENT_84EF7CCB,conditional,287,260,6,2,4
raw,M_DOSRAW_VALIDEXTENT_84EF7CCB,conditional,510,468,6,2,4
raw,M_DOSRAW_VALIDEXTENT_84EF7CCB,bra,8,8,4,2,2
raw,M_DOSRAW_VALIDEXTENT_84EF7CCB,bra,54,52,4,2,2
raw,M_DOSRAW_VALIDEXTENT_84EF7CCB,bra,139,135,4,2,2
raw,M_DOSRAW_VALIDEXTENT_84EF7CCB,brl,193,187,4,3,1
raw,M_DOSRAW_VALIDEXTENT_84EF7CCB,bra,293,262,4,2,2
raw,M_DOSRAW_VALIDEXTENT_84EF7CCB,bra,299,266,4,2,2
raw,M_DOSRAW_VALIDEXTENT_84EF7CCB,bra,305,270,4,2,2
raw,M_DOSRAW_VALIDEXTENT_84EF7CCB,bra,311,274,4,2,2
raw,M_DOSRAW_VALIDEXTENT_84EF7CCB,brl,327,288,4,3,1
raw,M_DOSRAW_VALIDEXTENT_84EF7CCB,bra,436,396,4,2,2
raw,M_DOSRAW_VALIDEXTENT_84EF7CCB,bra,526,480,4,2,2
raw,M_DOSRAW_VALIDEXTENT_84EF7CCB,bra,556,508,4,2,2
raw,M_DOSRAW_RELEASEOPERATION_C2E80557,bra,8,8,4,2,2
raw,M_DOSRAW_RELEASEOPERATION_C2E80557,bra,38,36,4,2,2
raw,M_DOSRAW_RELEASEOPERATION_C2E80557,bra,126,122,4,2,2
raw,M_DOSRAW_RELEASEOPERATION_C2E80557,bra,140,134,4,2,2
raw,M_DOSRAW_RELEASEOPERATION_C2E80557,brl,206,198,4,3,1
raw,M_DOSRAW_RELEASEOPERATION_C2E80557,bra,286,277,4,2,2
raw,M_DOSRAW_RELEASEOPERATION_C2E80557,bra,300,289,4,2,2
raw,M_DOSRAW_RELEASEOPERATION_C2E80557,bra,447,434,4,2,2
raw,M_DOSRAW_PREPARE_F51F1B68,conditional,502,491,6,2,4
raw,M_DOSRAW_PREPARE_F51F1B68,conditional,1315,1281,6,2,4
raw,M_DOSRAW_PREPARE_F51F1B68,conditional,1503,1462,6,2,4
raw,M_DOSRAW_PREPARE_F51F1B68,bra,8,8,4,2,2
raw,M_DOSRAW_PREPARE_F51F1B68,bra,73,71,4,2,2
raw,M_DOSRAW_PREPARE_F51F1B68,brl,146,142,4,3,1
raw,M_DOSRAW_PREPARE_F51F1B68,bra,199,194,4,2,2
raw,M_DOSRAW_PREPARE_F51F1B68,bra,317,310,4,2,2
raw,M_DOSRAW_PREPARE_F51F1B68,bra,402,393,4,2,2
raw,M_DOSRAW_PREPARE_F51F1B68,brl,516,501,4,3,1
raw,M_DOSRAW_PREPARE_F51F1B68,bra,546,530,4,2,2
raw,M_DOSRAW_PREPARE_F51F1B68,bra,729,711,4,2,2
raw,M_DOSRAW_PREPARE_F51F1B68,bra,806,786,4,2,2
raw,M_DOSRAW_PREPARE_F51F1B68,bra,812,790,4,2,2
raw,M_DOSRAW_PREPARE_F51F1B68,brl,830,806,4,3,1
raw,M_DOSRAW_PREPARE_F51F1B68,brl,882,857,4,3,1
raw,M_DOSRAW_PREPARE_F51F1B68,bra,896,870,4,2,2
raw,M_DOSRAW_PREPARE_F51F1B68,bra,990,962,4,2,2
raw,M_DOSRAW_PREPARE_F51F1B68,bra,1144,1114,4,2,2
raw,M_DOSRAW_PREPARE_F51F1B68,bra,1216,1184,4,2,2
raw,M_DOSRAW_PREPARE_F51F1B68,brl,1331,1293,4,3,1
raw,M_DOSRAW_PREPARE_F51F1B68,bra,1391,1352,4,2,2
raw,M_DOSRAW_PREPARE_F51F1B68,brl,1519,1474,4,3,1
raw,M_DOSRAW_PREPARE_F51F1B68,bra,1557,1511,4,2,2
raw,M_DOSRAW_PREPARE_F51F1B68,bra,1677,1629,4,2,2
raw,M_DOSRAW_PREPARE_F51F1B68,bra,2186,2136,4,2,2
raw,M_DOSRAW_PREPARE_F51F1B68,bra,2227,2175,4,2,2
raw,M_DOSRAW_COMPLETE_0FD428DA,conditional,340,334,6,2,4
raw,M_DOSRAW_COMPLETE_0FD428DA,conditional,384,372,6,2,4
raw,M_DOSRAW_COMPLETE_0FD428DA,conditional,452,432,6,2,4
raw,M_DOSRAW_COMPLETE_0FD428DA,conditional,573,544,6,2,4
raw,M_DOSRAW_COMPLETE_0FD428DA,conditional,579,546,6,2,4
raw,M_DOSRAW_COMPLETE_0FD428DA,conditional,593,556,6,2,4
raw,M_DOSRAW_COMPLETE_0FD428DA,conditional,599,558,6,2,4
raw,M_DOSRAW_COMPLETE_0FD428DA,conditional,613,568,6,2,4
raw,M_DOSRAW_COMPLETE_0FD428DA,conditional,619,570,6,2,4
raw,M_DOSRAW_COMPLETE_0FD428DA,conditional,633,580,6,2,4
raw,M_DOSRAW_COMPLETE_0FD428DA,conditional,639,582,6,2,4
raw,M_DOSRAW_COMPLETE_0FD428DA,conditional,737,662,6,2,4
raw,M_DOSRAW_COMPLETE_0FD428DA,conditional,827,740,6,2,4
raw,M_DOSRAW_COMPLETE_0FD428DA,conditional,1402,1303,6,2,4
raw,M_DOSRAW_COMPLETE_0FD428DA,bra,8,8,4,2,2
raw,M_DOSRAW_COMPLETE_0FD428DA,bra,159,157,4,2,2
raw,M_DOSRAW_COMPLETE_0FD428DA,bra,173,169,4,2,2
raw,M_DOSRAW_COMPLETE_0FD428DA,bra,350,340,4,2,2
raw,M_DOSRAW_COMPLETE_0FD428DA,bra,392,376,4,2,2
raw,M_DOSRAW_COMPLETE_0FD428DA,bra,434,416,4,2,2
raw,M_DOSRAW_COMPLETE_0FD428DA,bra,460,436,4,2,2
raw,M_DOSRAW_COMPLETE_0FD428DA,bra,489,463,4,2,2
raw,M_DOSRAW_COMPLETE_0FD428DA,brl,541,513,4,3,1
raw,M_DOSRAW_COMPLETE_0FD428DA,bra,645,584,4,2,2
raw,M_DOSRAW_COMPLETE_0FD428DA,bra,651,588,4,2,2
raw,M_DOSRAW_COMPLETE_0FD428DA,bra,657,592,4,2,2
raw,M_DOSRAW_COMPLETE_0FD428DA,bra,663,596,4,2,2
raw,M_DOSRAW_COMPLETE_0FD428DA,bra,679,610,4,2,2
raw,M_DOSRAW_COMPLETE_0FD428DA,bra,685,614,4,2,2
raw,M_DOSRAW_COMPLETE_0FD428DA,bra,703,630,4,2,2
raw,M_DOSRAW_COMPLETE_0FD428DA,bra,751,672,4,2,2
raw,M_DOSRAW_COMPLETE_0FD428DA,bra,757,676,4,2,2
raw,M_DOSRAW_COMPLETE_0FD428DA,bra,775,692,4,2,2
raw,M_DOSRAW_COMPLETE_0FD428DA,bra,809,724,4,2,2
raw,M_DOSRAW_COMPLETE_0FD428DA,bra,835,744,4,2,2
raw,M_DOSRAW_COMPLETE_0FD428DA,bra,1148,1055,4,2,2
raw,M_DOSRAW_COMPLETE_0FD428DA,bra,1237,1142,4,2,2
raw,M_DOSRAW_COMPLETE_0FD428DA,bra,1355,1258,4,2,2
raw,M_DOSRAW_COMPLETE_0FD428DA,bra,1410,1307,4,2,2
raw,M_DOSRAW_CLOSEDEVICE_DECAF50F,bra,8,8,4,2,2
raw,M_DOSRAW_CLOSEDEVICE_DECAF50F,bra,86,84,4,2,2
raw,M_DOSRAW_CLOSE_4F38859D,conditional,2193,2140,6,2,4
raw,M_DOSRAW_CLOSE_4F38859D,bra,8,8,4,2,2
raw,M_DOSRAW_CLOSE_4F38859D,bra,46,44,4,2,2
raw,M_DOSRAW_CLOSE_4F38859D,bra,119,115,4,2,2
raw,M_DOSRAW_CLOSE_4F38859D,bra,149,143,4,2,2
raw,M_DOSRAW_CLOSE_4F38859D,bra,255,247,4,2,2
raw,M_DOSRAW_CLOSE_4F38859D,bra,416,406,4,2,2
raw,M_DOSRAW_CLOSE_4F38859D,brl,504,492,4,3,1
raw,M_DOSRAW_CLOSE_4F38859D,bra,551,538,4,2,2
raw,M_DOSRAW_CLOSE_4F38859D,bra,557,542,4,2,2
raw,M_DOSRAW_CLOSE_4F38859D,brl,607,590,4,3,1
raw,M_DOSRAW_CLOSE_4F38859D,bra,621,603,4,2,2
raw,M_DOSRAW_CLOSE_4F38859D,bra,715,695,4,2,2
raw,M_DOSRAW_CLOSE_4F38859D,bra,898,876,4,2,2
raw,M_DOSRAW_CLOSE_4F38859D,bra,985,961,4,2,2
raw,M_DOSRAW_CLOSE_4F38859D,bra,1064,1038,4,2,2
raw,M_DOSRAW_CLOSE_4F38859D,bra,1164,1136,4,2,2
raw,M_DOSRAW_CLOSE_4F38859D,bra,1251,1221,4,2,2
raw,M_DOSRAW_CLOSE_4F38859D,bra,1265,1233,4,2,2
raw,M_DOSRAW_CLOSE_4F38859D,bra,1365,1331,4,2,2
raw,M_DOSRAW_CLOSE_4F38859D,brl,1472,1436,4,3,1
raw,M_DOSRAW_CLOSE_4F38859D,bra,1494,1457,4,2,2
raw,M_DOSRAW_CLOSE_4F38859D,bra,1572,1533,4,2,2
raw,M_DOSRAW_CLOSE_4F38859D,bra,1668,1627,4,2,2
raw,M_DOSRAW_CLOSE_4F38859D,bra,1763,1720,4,2,2
raw,M_DOSRAW_CLOSE_4F38859D,bra,1840,1795,4,2,2
raw,M_DOSRAW_CLOSE_4F38859D,bra,1922,1875,4,2,2
raw,M_DOSRAW_CLOSE_4F38859D,bra,2032,1983,4,2,2
raw,M_DOSRAW_CLOSE_4F38859D,bra,2054,2003,4,2,2
raw,M_DOSRAW_CLOSE_4F38859D,bra,2201,2144,4,2,2
raw,M_FSREGISTRY_GETREGISTRY_3C838C00,bra,8,8,4,2,2
raw,M_FSREGISTRY_GETREGISTRY_3C838C00,bra,38,36,4,2,2
raw,M_FSREGISTRY_SERVICE_31663004,bra,8,8,4,2,2
raw,M_FSREGISTRY_SERVICE_31663004,bra,38,36,4,2,2
raw,M_FSREGISTRY_RETAIN_218C5FAC,bra,8,8,4,2,2
raw,M_FSREGISTRY_RETAIN_218C5FAC,bra,46,44,4,2,2
raw,M_FSREGISTRY_RETAIN_218C5FAC,bra,123,119,4,2,2
raw,M_FSREGISTRY_RETAIN_218C5FAC,bra,191,185,4,2,2
raw,M_FSREGISTRY_RETAINBASE_94E5BA0B,bra,8,8,4,2,2
raw,M_FSREGISTRY_RETAINBASE_94E5BA0B,bra,38,36,4,2,2
raw,M_FSREGISTRY_RETAINBASE_94E5BA0B,bra,134,130,4,2,2
raw,M_FSREGISTRY_RETAINBASE_94E5BA0B,brl,214,208,4,3,1
raw,M_FSREGISTRY_RETAINBASE_94E5BA0B,brl,253,246,4,3,1
raw,M_FSREGISTRY_RETAINBASE_94E5BA0B,brl,292,284,4,3,1
raw,M_FSREGISTRY_RETAINBASE_94E5BA0B,bra,352,343,4,2,2
raw,M_FSREGISTRY_RETAINBASE_94E5BA0B,bra,436,425,4,2,2
raw,M_FSREGISTRY_RELEASE_E0E99364,bra,8,8,4,2,2
raw,M_FSREGISTRY_RELEASE_E0E99364,bra,38,36,4,2,2
raw,M_FSREGISTRY_RELEASE_E0E99364,bra,139,135,4,2,2
raw,M_FSREGISTRY_LOOKUP_AD8B60C1,bra,8,8,4,2,2
raw,M_FSREGISTRY_LOOKUP_AD8B60C1,bra,38,36,4,2,2
raw,M_FSREGISTRY_LOOKUP_AD8B60C1,bra,126,122,4,2,2
raw,M_FSREGISTRY_LOOKUP_AD8B60C1,brl,206,200,4,3,1
raw,M_FSREGISTRY_LOOKUP_AD8B60C1,brl,245,238,4,3,1
raw,M_FSREGISTRY_LOOKUP_AD8B60C1,brl,365,357,4,3,1
raw,M_FSREGISTRY_LOOKUP_AD8B60C1,brl,550,541,4,3,1
raw,M_FSREGISTRY_LOOKUP_AD8B60C1,brl,589,579,4,3,1
raw,M_FSREGISTRY_LOOKUP_AD8B60C1,bra,651,640,4,2,2
raw,M_FSREGISTRY_LOOKUP_AD8B60C1,bra,742,729,4,2,2
raw,M_FSREGISTRY_LOOKUP_AD8B60C1,bra,778,763,4,2,2
raw,M_FSREGISTRY_LOOKUP_AD8B60C1,bra,830,813,4,2,2
raw,M_FSREGISTRY_LOOKUP_AD8B60C1,bra,860,841,4,2,2
raw,M_FSREGISTRY_LOOKUP_AD8B60C1,bra,866,845,4,2,2
raw,M_FSREGISTRY_LOOKUP_AD8B60C1,brl,893,870,4,3,1
raw,M_FSREGISTRY_LOOKUP_AD8B60C1,bra,905,881,4,2,2
raw,M_FSREGISTRY_FINDOBJECT_780CC443,bra,8,8,4,2,2
raw,M_FSREGISTRY_FINDOBJECT_780CC443,bra,62,60,4,2,2
raw,M_FSREGISTRY_FINDOBJECT_780CC443,bra,168,164,4,2,2
raw,M_FSREGISTRY_FROMHEADER_DCD07C60,conditional,40,38,6,2,4
raw,M_FSREGISTRY_FROMHEADER_DCD07C60,conditional,247,237,6,2,4
raw,M_FSREGISTRY_FROMHEADER_DCD07C60,bra,8,8,4,2,2
raw,M_FSREGISTRY_FROMHEADER_DCD07C60,bra,56,50,4,2,2
raw,M_FSREGISTRY_FROMHEADER_DCD07C60,bra,134,126,4,2,2
raw,M_FSREGISTRY_FROMHEADER_DCD07C60,bra,263,249,4,2,2
raw,M_FSREGISTRY_FROMHEADER_DCD07C60,bra,406,390,4,2,2
raw,M_FSREGISTRY_STAMP_BE264D84,conditional,156,152,6,2,4
raw,M_FSREGISTRY_STAMP_BE264D84,bra,8,8,4,2,2
raw,M_FSREGISTRY_STAMP_BE264D84,bra,38,36,4,2,2
raw,M_FSREGISTRY_STAMP_BE264D84,bra,170,162,4,2,2
raw,M_DOSWIRE_ISPOINTER_E1AC855F,conditional,86,84,6,2,4
raw,M_DOSWIRE_ISPOINTER_E1AC855F,conditional,94,88,6,2,4
raw,M_DOSWIRE_ISPOINTER_E1AC855F,conditional,102,92,6,2,4
raw,M_DOSWIRE_ISPOINTER_E1AC855F,conditional,112,98,6,2,4
raw,M_DOSWIRE_ISPOINTER_E1AC855F,conditional,120,102,6,2,4
raw,M_DOSWIRE_ISPOINTER_E1AC855F,conditional,143,121,6,2,4
raw,M_DOSWIRE_ISPOINTER_E1AC855F,conditional,199,171,6,2,4
raw,M_DOSWIRE_ISPOINTER_E1AC855F,conditional,209,177,6,2,4
raw,M_DOSWIRE_ISPOINTER_E1AC855F,bra,8,8,4,2,2
raw,M_DOSWIRE_ISPOINTER_E1AC855F,bra,149,123,4,2,2
raw,M_DOSWIRE_ISPOINTER_E1AC855F,bra,219,183,4,2,2
raw,M_FSLOCKS_TRAILER_B3BA463B,bra,8,8,4,2,2
raw,M_FSLOCKS_TEXT_C72F70F3,bra,8,8,4,2,2
raw,M_FSLOCKS_ALLOCATION_5B5A6C20,bra,8,8,4,2,2
raw,M_FSLOCKS_ALLOCATION_5B5A6C20,bra,63,61,4,2,2
raw,M_FSLOCKS_ALLOCATION_5B5A6C20,bra,124,120,4,2,2
raw,M_FSLOCKS_ROOT_D04E0C54,bra,8,8,4,2,2
raw,M_FSLOCKS_ROOT_D04E0C54,brl,166,164,4,3,1
raw,M_FSLOCKS_ROOT_D04E0C54,brl,409,406,4,3,1
raw,M_FSLOCKS_ADD_DEA4C903,bra,8,8,4,2,2
raw,M_FSLOCKS_ADD_DEA4C903,bra,71,69,4,2,2
raw,M_FSLOCKS_APPEND_3EC68462,bra,8,8,4,2,2
raw,M_FSLOCKS_APPEND_3EC68462,bra,97,95,4,2,2
raw,M_FSLOCKS_APPEND_3EC68462,bra,259,255,4,2,2
raw,M_FSLOCKS_APPEND_3EC68462,bra,281,275,4,2,2
raw,M_FSLOCKS_APPEND_3EC68462,bra,360,352,4,2,2
raw,M_FSLOCKS_APPEND_3EC68462,brl,400,390,4,3,1
raw,M_FSLOCKS_APPEND_3EC68462,bra,549,538,4,2,2
raw,M_FSLOCKS_APPEND_3EC68462,brl,555,542,4,3,1
raw,M_FSLOCKS_APPEND_3EC68462,bra,712,698,4,2,2
raw,M_FSLOCKS_APPEND_3EC68462,bra,791,775,4,2,2
raw,M_FSLOCKS_APPEND_3EC68462,brl,832,814,4,3,1
raw,M_FSLOCKS_APPEND_3EC68462,brl,975,956,4,3,1
raw,M_FSLOCKS_APPEND_3EC68462,bra,997,977,4,2,2
raw,M_FSLOCKS_APPEND_3EC68462,bra,1076,1054,4,2,2
raw,M_FSLOCKS_APPEND_3EC68462,brl,1116,1092,4,3,1
raw,M_FSLOCKS_APPEND_3EC68462,bra,1265,1240,4,2,2
raw,M_FSLOCKS_APPEND_3EC68462,brl,1271,1244,4,3,1
raw,M_FSLOCKS_APPEND_3EC68462,bra,1428,1400,4,2,2
raw,M_FSLOCKS_APPEND_3EC68462,bra,1507,1477,4,2,2
raw,M_FSLOCKS_APPEND_3EC68462,brl,1548,1516,4,3,1
raw,M_FSLOCKS_ALLOCATE_39B5BEE3,conditional,122,120,6,2,4
raw,M_FSLOCKS_ALLOCATE_39B5BEE3,conditional,463,454,6,2,4
raw,M_FSLOCKS_ALLOCATE_39B5BEE3,conditional,635,620,6,2,4
raw,M_FSLOCKS_ALLOCATE_39B5BEE3,bra,8,8,4,2,2
raw,M_FSLOCKS_ALLOCATE_39B5BEE3,brl,136,130,4,3,1
raw,M_FSLOCKS_ALLOCATE_39B5BEE3,bra,357,350,4,2,2
raw,M_FSLOCKS_ALLOCATE_39B5BEE3,bra,479,466,4,2,2
raw,M_FSLOCKS_ALLOCATE_39B5BEE3,brl,649,630,4,3,1
raw,M_FSLOCKS_ALLOCATE_39B5BEE3,bra,698,678,4,2,2
raw,M_FSLOCKS_ALLOCATE_39B5BEE3,bra,834,812,4,2,2
raw,M_FSLOCKS_ALLOCATE_39B5BEE3,brl,957,933,4,3,1
raw,M_FSLOCKS_ALLOCATE_39B5BEE3,bra,1149,1124,4,2,2
raw,M_FSLOCKS_ALLOCATE_39B5BEE3,bra,1155,1128,4,2,2
raw,M_FSLOCKS_ALLOCATE_39B5BEE3,brl,1171,1142,4,3,1
raw,M_FSPACKET_REPLY_F0943484,bra,8,8,4,2,2
raw,M_FSPACKET_REPLY_F0943484,bra,725,723,4,2,2
raw,M_FSPACKET_ERROR_61E70414,conditional,78,76,6,2,4
raw,M_FSPACKET_ERROR_61E70414,bra,8,8,4,2,2
raw,M_FSPACKET_ERROR_61E70414,brl,92,86,4,3,1
raw,M_FSPACKET_ERROR_61E70414,bra,182,175,4,2,2
raw,M_FSPACKET_ERROR_61E70414,bra,332,323,4,2,2
raw,M_FSPACKET_IDENTITY_6B3677B2,bra,8,8,4,2,2
raw,M_FSPACKET_IDENTITY_6B3677B2,bra,259,257,4,2,2
raw,M_FSPACKET_IDENTITY_6B3677B2,bra,330,326,4,2,2
raw,M_FSPACKET_IDENTITY_6B3677B2,bra,344,338,4,2,2
raw,M_FSPACKET_IDENTITY_6B3677B2,bra,636,628,4,2,2
raw,M_FSPACKET_IDENTITY_6B3677B2,brl,642,632,4,3,1
raw,M_FSPACKET_IDENTITY_6B3677B2,bra,782,771,4,2,2
raw,M_FSPACKET_IDENTITY_6B3677B2,bra,788,775,4,2,2
raw,M_FSPACKET_IDENTITY_6B3677B2,bra,851,836,4,2,2
raw,M_FSPACKET_IDENTITY_6B3677B2,bra,865,848,4,2,2
raw,M_FSPACKET_IDENTITY_6B3677B2,bra,1053,1034,4,2,2
raw,M_FSPACKET_IDENTITY_6B3677B2,brl,1059,1038,4,3,1
raw,M_FSPACKET_IDENTITY_6B3677B2,bra,1199,1177,4,2,2
raw,M_FSPACKET_IDENTITY_6B3677B2,bra,1213,1189,4,2,2
raw,M_FSPACKET_IDENTITY_6B3677B2,bra,1399,1373,4,2,2
raw,M_FSPACKET_IDENTITY_6B3677B2,brl,1405,1377,4,3,1
raw,M_FSPACKET_IDENTITY_6B3677B2,bra,1574,1545,4,2,2
raw,M_FSPACKET_IDENTITY_6B3677B2,bra,1588,1557,4,2,2
raw,M_FSPACKET_PUBLISHOPENSTEP_55EACFB5,conditional,537,533,6,2,4
raw,M_FSPACKET_PUBLISHOPENSTEP_55EACFB5,conditional,905,895,6,2,4
raw,M_FSPACKET_PUBLISHOPENSTEP_55EACFB5,bra,8,8,4,2,2
raw,M_FSPACKET_PUBLISHOPENSTEP_55EACFB5,bra,390,388,4,2,2
raw,M_FSPACKET_PUBLISHOPENSTEP_55EACFB5,brl,551,543,4,3,1
raw,M_FSPACKET_PUBLISHOPENSTEP_55EACFB5,brl,680,671,4,3,1
raw,M_FSPACKET_PUBLISHOPENSTEP_55EACFB5,bra,913,899,4,2,2
raw,M_FSPACKET_PUBLISHOPENSTEP_55EACFB5,bra,963,947,4,2,2
raw,M_FSPACKET_CLOSESTEP_61A48B9C,conditional,708,694,6,2,4
raw,M_FSPACKET_CLOSESTEP_61A48B9C,bra,8,8,4,2,2
raw,M_FSPACKET_CLOSESTEP_61A48B9C,bra,182,180,4,2,2
raw,M_FSPACKET_CLOSESTEP_61A48B9C,bra,269,265,4,2,2
raw,M_FSPACKET_CLOSESTEP_61A48B9C,bra,283,277,4,2,2
raw,M_FSPACKET_CLOSESTEP_61A48B9C,bra,377,369,4,2,2
raw,M_FSPACKET_CLOSESTEP_61A48B9C,bra,474,464,4,2,2
raw,M_FSPACKET_CLOSESTEP_61A48B9C,bra,568,556,4,2,2
raw,M_FSPACKET_CLOSESTEP_61A48B9C,bra,716,698,4,2,2
raw,M_FSPACKET_CLOSESTEP_61A48B9C,bra,766,746,4,2,2
raw,M_FSPORTS_CREATE_D9675AD2,conditional,212,208,6,2,4
raw,M_FSPORTS_CREATE_D9675AD2,bra,8,8,4,2,2
raw,M_FSPORTS_CREATE_D9675AD2,bra,106,104,4,2,2
raw,M_FSPORTS_CREATE_D9675AD2,bra,228,220,4,2,2
raw,M_FSPORTS_CREATE_D9675AD2,bra,351,341,4,2,2
raw,M_FSPORTS_CREATE_D9675AD2,bra,541,529,4,2,2
raw,M_FSPORTS_DELETE_FC342961,bra,8,8,4,2,2
raw,M_FSPORTS_DELETE_FC342961,bra,50,48,4,2,2
raw,M_FSPORTS_DELETE_FC342961,bra,100,96,4,2,2
raw,M_MYDOS_READPHYSICAL_AF05229A,bra,8,8,4,2,2
raw,M_MYDOS_READPHYSICAL_AF05229A,bra,339,337,4,2,2
raw,M_MYDOS_READPHYSICAL_AF05229A,bra,503,499,4,2,2
raw,M_MYDOS_DATASECTOR_95277D3B,conditional,60,58,6,2,4
raw,M_MYDOS_DATASECTOR_95277D3B,conditional,66,60,6,2,4
raw,M_MYDOS_DATASECTOR_95277D3B,conditional,80,70,6,2,4
raw,M_MYDOS_DATASECTOR_95277D3B,conditional,86,72,6,2,4
raw,M_MYDOS_DATASECTOR_95277D3B,conditional,100,82,6,2,4
raw,M_MYDOS_DATASECTOR_95277D3B,conditional,106,84,6,2,4
raw,M_MYDOS_DATASECTOR_95277D3B,conditional,120,94,6,2,4
raw,M_MYDOS_DATASECTOR_95277D3B,conditional,126,96,6,2,4
raw,M_MYDOS_DATASECTOR_95277D3B,conditional,250,205,6,2,4
raw,M_MYDOS_DATASECTOR_95277D3B,conditional,256,207,6,2,4
raw,M_MYDOS_DATASECTOR_95277D3B,conditional,270,217,6,2,4
raw,M_MYDOS_DATASECTOR_95277D3B,conditional,276,219,6,2,4
raw,M_MYDOS_DATASECTOR_95277D3B,conditional,290,229,6,2,4
raw,M_MYDOS_DATASECTOR_95277D3B,conditional,296,231,6,2,4
raw,M_MYDOS_DATASECTOR_95277D3B,conditional,310,241,6,2,4
raw,M_MYDOS_DATASECTOR_95277D3B,conditional,316,243,6,2,4
raw,M_MYDOS_DATASECTOR_95277D3B,conditional,398,309,6,2,4
raw,M_MYDOS_DATASECTOR_95277D3B,conditional,404,311,6,2,4
raw,M_MYDOS_DATASECTOR_95277D3B,conditional,418,321,6,2,4
raw,M_MYDOS_DATASECTOR_95277D3B,conditional,424,323,6,2,4
raw,M_MYDOS_DATASECTOR_95277D3B,conditional,438,333,6,2,4
raw,M_MYDOS_DATASECTOR_95277D3B,conditional,444,335,6,2,4
raw,M_MYDOS_DATASECTOR_95277D3B,conditional,458,345,6,2,4
raw,M_MYDOS_DATASECTOR_95277D3B,conditional,464,347,6,2,4
raw,M_MYDOS_DATASECTOR_95277D3B,conditional,577,446,6,2,4
raw,M_MYDOS_DATASECTOR_95277D3B,conditional,583,448,6,2,4
raw,M_MYDOS_DATASECTOR_95277D3B,conditional,597,458,6,2,4
raw,M_MYDOS_DATASECTOR_95277D3B,conditional,603,460,6,2,4
raw,M_MYDOS_DATASECTOR_95277D3B,conditional,617,470,6,2,4
raw,M_MYDOS_DATASECTOR_95277D3B,conditional,623,472,6,2,4
raw,M_MYDOS_DATASECTOR_95277D3B,conditional,637,482,6,2,4
raw,M_MYDOS_DATASECTOR_95277D3B,conditional,643,484,6,2,4
raw,M_MYDOS_DATASECTOR_95277D3B,conditional,709,536,6,2,4
raw,M_MYDOS_DATASECTOR_95277D3B,conditional,737,558,6,2,4
raw,M_MYDOS_DATASECTOR_95277D3B,conditional,743,560,6,2,4
raw,M_MYDOS_DATASECTOR_95277D3B,conditional,757,570,6,2,4
raw,M_MYDOS_DATASECTOR_95277D3B,conditional,763,572,6,2,4
raw,M_MYDOS_DATASECTOR_95277D3B,conditional,777,582,6,2,4
raw,M_MYDOS_DATASECTOR_95277D3B,conditional,783,584,6,2,4
raw,M_MYDOS_DATASECTOR_95277D3B,conditional,797,594,6,2,4
raw,M_MYDOS_DATASECTOR_95277D3B,conditional,803,596,6,2,4
raw,M_MYDOS_DATASECTOR_95277D3B,bra,8,8,4,2,2
raw,M_MYDOS_DATASECTOR_95277D3B,bra,132,98,4,2,2
raw,M_MYDOS_DATASECTOR_95277D3B,bra,138,102,4,2,2
raw,M_MYDOS_DATASECTOR_95277D3B,bra,144,106,4,2,2
raw,M_MYDOS_DATASECTOR_95277D3B,bra,150,110,4,2,2
raw,M_MYDOS_DATASECTOR_95277D3B,bra,166,124,4,2,2
raw,M_MYDOS_DATASECTOR_95277D3B,brl,172,128,4,3,1
raw,M_MYDOS_DATASECTOR_95277D3B,bra,322,245,4,2,2
raw,M_MYDOS_DATASECTOR_95277D3B,bra,328,249,4,2,2
raw,M_MYDOS_DATASECTOR_95277D3B,bra,334,253,4,2,2
raw,M_MYDOS_DATASECTOR_95277D3B,bra,340,257,4,2,2
raw,M_MYDOS_DATASECTOR_95277D3B,bra,356,271,4,2,2
raw,M_MYDOS_DATASECTOR_95277D3B,bra,362,275,4,2,2
raw,M_MYDOS_DATASECTOR_95277D3B,bra,470,349,4,2,2
raw,M_MYDOS_DATASECTOR_95277D3B,bra,476,353,4,2,2
raw,M_MYDOS_DATASECTOR_95277D3B,bra,482,357,4,2,2
raw,M_MYDOS_DATASECTOR_95277D3B,bra,488,361,4,2,2
raw,M_MYDOS_DATASECTOR_95277D3B,bra,504,375,4,2,2
raw,M_MYDOS_DATASECTOR_95277D3B,bra,649,486,4,2,2
raw,M_MYDOS_DATASECTOR_95277D3B,bra,655,490,4,2,2
raw,M_MYDOS_DATASECTOR_95277D3B,bra,661,494,4,2,2
raw,M_MYDOS_DATASECTOR_95277D3B,bra,667,498,4,2,2
raw,M_MYDOS_DATASECTOR_95277D3B,bra,683,512,4,2,2
raw,M_MYDOS_DATASECTOR_95277D3B,bra,717,540,4,2,2
raw,M_MYDOS_DATASECTOR_95277D3B,bra,809,598,4,2,2
raw,M_MYDOS_DATASECTOR_95277D3B,bra,815,602,4,2,2
raw,M_MYDOS_DATASECTOR_95277D3B,bra,821,606,4,2,2
raw,M_MYDOS_DATASECTOR_95277D3B,bra,827,610,4,2,2
raw,M_MYDOS_DATASECTOR_95277D3B,bra,843,624,4,2,2
raw,M_MYDOS_VALIDDIRECTORY_1CF8F62E,conditional,442,430,6,2,4
raw,M_MYDOS_VALIDDIRECTORY_1CF8F62E,conditional,448,432,6,2,4
raw,M_MYDOS_VALIDDIRECTORY_1CF8F62E,conditional,462,442,6,2,4
raw,M_MYDOS_VALIDDIRECTORY_1CF8F62E,conditional,468,444,6,2,4
raw,M_MYDOS_VALIDDIRECTORY_1CF8F62E,conditional,482,454,6,2,4
raw,M_MYDOS_VALIDDIRECTORY_1CF8F62E,conditional,488,456,6,2,4
raw,M_MYDOS_VALIDDIRECTORY_1CF8F62E,conditional,502,466,6,2,4
raw,M_MYDOS_VALIDDIRECTORY_1CF8F62E,conditional,508,468,6,2,4
raw,M_MYDOS_VALIDDIRECTORY_1CF8F62E,conditional,609,556,6,2,4
raw,M_MYDOS_VALIDDIRECTORY_1CF8F62E,conditional,615,558,6,2,4
raw,M_MYDOS_VALIDDIRECTORY_1CF8F62E,conditional,629,568,6,2,4
raw,M_MYDOS_VALIDDIRECTORY_1CF8F62E,conditional,635,570,6,2,4
raw,M_MYDOS_VALIDDIRECTORY_1CF8F62E,conditional,649,580,6,2,4
raw,M_MYDOS_VALIDDIRECTORY_1CF8F62E,conditional,655,582,6,2,4
raw,M_MYDOS_VALIDDIRECTORY_1CF8F62E,conditional,669,592,6,2,4
raw,M_MYDOS_VALIDDIRECTORY_1CF8F62E,conditional,675,594,6,2,4
raw,M_MYDOS_VALIDDIRECTORY_1CF8F62E,bra,8,8,4,2,2
raw,M_MYDOS_VALIDDIRECTORY_1CF8F62E,bra,151,149,4,2,2
raw,M_MYDOS_VALIDDIRECTORY_1CF8F62E,bra,236,232,4,2,2
raw,M_MYDOS_VALIDDIRECTORY_1CF8F62E,bra,242,236,4,2,2
raw,M_MYDOS_VALIDDIRECTORY_1CF8F62E,bra,270,262,4,2,2
raw,M_MYDOS_VALIDDIRECTORY_1CF8F62E,bra,355,345,4,2,2
raw,M_MYDOS_VALIDDIRECTORY_1CF8F62E,bra,514,470,4,2,2
raw,M_MYDOS_VALIDDIRECTORY_1CF8F62E,bra,520,474,4,2,2
raw,M_MYDOS_VALIDDIRECTORY_1CF8F62E,bra,526,478,4,2,2
raw,M_MYDOS_VALIDDIRECTORY_1CF8F62E,bra,532,482,4,2,2
raw,M_MYDOS_VALIDDIRECTORY_1CF8F62E,brl,548,496,4,3,1
raw,M_MYDOS_VALIDDIRECTORY_1CF8F62E,bra,681,596,4,2,2
raw,M_MYDOS_VALIDDIRECTORY_1CF8F62E,bra,687,600,4,2,2
raw,M_MYDOS_VALIDDIRECTORY_1CF8F62E,bra,693,604,4,2,2
raw,M_MYDOS_VALIDDIRECTORY_1CF8F62E,bra,699,608,4,2,2
raw,M_MYDOS_VALIDDIRECTORY_1CF8F62E,bra,715,622,4,2,2
raw,M_MYDOS_EXTENT_5BCD29B5,conditional,373,366,6,2,4
raw,M_MYDOS_EXTENT_5BCD29B5,conditional,381,370,6,2,4
raw,M_MYDOS_EXTENT_5BCD29B5,conditional,389,374,6,2,4
raw,M_MYDOS_EXTENT_5BCD29B5,conditional,399,380,6,2,4
raw,M_MYDOS_EXTENT_5BCD29B5,conditional,407,384,6,2,4
raw,M_MYDOS_EXTENT_5BCD29B5,conditional,430,403,6,2,4
raw,M_MYDOS_EXTENT_5BCD29B5,conditional,552,519,6,2,4
raw,M_MYDOS_EXTENT_5BCD29B5,conditional,560,523,6,2,4
raw,M_MYDOS_EXTENT_5BCD29B5,conditional,568,527,6,2,4
raw,M_MYDOS_EXTENT_5BCD29B5,conditional,578,533,6,2,4
raw,M_MYDOS_EXTENT_5BCD29B5,conditional,586,537,6,2,4
raw,M_MYDOS_EXTENT_5BCD29B5,conditional,609,556,6,2,4
raw,M_MYDOS_EXTENT_5BCD29B5,conditional,768,707,6,2,4
raw,M_MYDOS_EXTENT_5BCD29B5,conditional,776,711,6,2,4
raw,M_MYDOS_EXTENT_5BCD29B5,conditional,784,715,6,2,4
raw,M_MYDOS_EXTENT_5BCD29B5,conditional,794,721,6,2,4
raw,M_MYDOS_EXTENT_5BCD29B5,conditional,802,725,6,2,4
raw,M_MYDOS_EXTENT_5BCD29B5,conditional,825,744,6,2,4
raw,M_MYDOS_EXTENT_5BCD29B5,conditional,899,812,6,2,4
raw,M_MYDOS_EXTENT_5BCD29B5,conditional,943,848,6,2,4
raw,M_MYDOS_EXTENT_5BCD29B5,conditional,971,870,6,2,4
raw,M_MYDOS_EXTENT_5BCD29B5,conditional,977,872,6,2,4
raw,M_MYDOS_EXTENT_5BCD29B5,conditional,991,882,6,2,4
raw,M_MYDOS_EXTENT_5BCD29B5,conditional,997,884,6,2,4
raw,M_MYDOS_EXTENT_5BCD29B5,conditional,1011,894,6,2,4
raw,M_MYDOS_EXTENT_5BCD29B5,conditional,1017,896,6,2,4
raw,M_MYDOS_EXTENT_5BCD29B5,conditional,1031,906,6,2,4
raw,M_MYDOS_EXTENT_5BCD29B5,conditional,1037,908,6,2,4
raw,M_MYDOS_EXTENT_5BCD29B5,conditional,1252,1109,6,2,4
raw,M_MYDOS_EXTENT_5BCD29B5,conditional,1260,1113,6,2,4
raw,M_MYDOS_EXTENT_5BCD29B5,conditional,1268,1117,6,2,4
raw,M_MYDOS_EXTENT_5BCD29B5,conditional,1278,1123,6,2,4
raw,M_MYDOS_EXTENT_5BCD29B5,conditional,1286,1127,6,2,4
raw,M_MYDOS_EXTENT_5BCD29B5,conditional,1309,1146,6,2,4
raw,M_MYDOS_EXTENT_5BCD29B5,conditional,1446,1277,6,2,4
raw,M_MYDOS_EXTENT_5BCD29B5,conditional,1452,1279,6,2,4
raw,M_MYDOS_EXTENT_5BCD29B5,conditional,1466,1289,6,2,4
raw,M_MYDOS_EXTENT_5BCD29B5,conditional,1472,1291,6,2,4
raw,M_MYDOS_EXTENT_5BCD29B5,conditional,1486,1301,6,2,4
raw,M_MYDOS_EXTENT_5BCD29B5,conditional,1492,1303,6,2,4
raw,M_MYDOS_EXTENT_5BCD29B5,conditional,1506,1313,6,2,4
raw,M_MYDOS_EXTENT_5BCD29B5,conditional,1512,1315,6,2,4
raw,M_MYDOS_EXTENT_5BCD29B5,conditional,1633,1422,6,2,4
raw,M_MYDOS_EXTENT_5BCD29B5,bra,8,8,4,2,2
raw,M_MYDOS_EXTENT_5BCD29B5,bra,63,61,4,2,2
raw,M_MYDOS_EXTENT_5BCD29B5,bra,114,110,4,2,2
raw,M_MYDOS_EXTENT_5BCD29B5,brl,241,235,4,3,1
raw,M_MYDOS_EXTENT_5BCD29B5,bra,436,405,4,2,2
raw,M_MYDOS_EXTENT_5BCD29B5,bra,615,558,4,2,2
raw,M_MYDOS_EXTENT_5BCD29B5,bra,722,663,4,2,2
raw,M_MYDOS_EXTENT_5BCD29B5,bra,831,746,4,2,2
raw,M_MYDOS_EXTENT_5BCD29B5,bra,913,822,4,2,2
raw,M_MYDOS_EXTENT_5BCD29B5,bra,919,826,4,2,2
raw,M_MYDOS_EXTENT_5BCD29B5,bra,951,852,4,2,2
raw,M_MYDOS_EXTENT_5BCD29B5,bra,1043,910,4,2,2
raw,M_MYDOS_EXTENT_5BCD29B5,bra,1049,914,4,2,2
raw,M_MYDOS_EXTENT_5BCD29B5,bra,1055,918,4,2,2
raw,M_MYDOS_EXTENT_5BCD29B5,bra,1061,922,4,2,2
raw,M_MYDOS_EXTENT_5BCD29B5,bra,1077,936,4,2,2
raw,M_MYDOS_EXTENT_5BCD29B5,bra,1315,1148,4,2,2
raw,M_MYDOS_EXTENT_5BCD29B5,bra,1518,1317,4,2,2
raw,M_MYDOS_EXTENT_5BCD29B5,bra,1524,1321,4,2,2
raw,M_MYDOS_EXTENT_5BCD29B5,bra,1530,1325,4,2,2
raw,M_MYDOS_EXTENT_5BCD29B5,bra,1536,1329,4,2,2
raw,M_MYDOS_EXTENT_5BCD29B5,bra,1552,1343,4,2,2
raw,M_MYDOS_EXTENT_5BCD29B5,bra,1641,1426,4,2,2
raw,M_MYDOS_HEADER_A95A323A,conditional,424,418,6,2,4
raw,M_MYDOS_HEADER_A95A323A,conditional,432,422,6,2,4
raw,M_MYDOS_HEADER_A95A323A,conditional,451,437,6,2,4
raw,M_MYDOS_HEADER_A95A323A,conditional,640,620,6,2,4
raw,M_MYDOS_HEADER_A95A323A,conditional,648,624,6,2,4
raw,M_MYDOS_HEADER_A95A323A,conditional,667,639,6,2,4
raw,M_MYDOS_HEADER_A95A323A,conditional,999,958,6,2,4
raw,M_MYDOS_HEADER_A95A323A,conditional,1005,960,6,2,4
raw,M_MYDOS_HEADER_A95A323A,conditional,1019,970,6,2,4
raw,M_MYDOS_HEADER_A95A323A,conditional,1025,972,6,2,4
raw,M_MYDOS_HEADER_A95A323A,conditional,1039,982,6,2,4
raw,M_MYDOS_HEADER_A95A323A,conditional,1045,984,6,2,4
raw,M_MYDOS_HEADER_A95A323A,conditional,1059,994,6,2,4
raw,M_MYDOS_HEADER_A95A323A,conditional,1065,996,6,2,4
raw,M_MYDOS_HEADER_A95A323A,bra,8,8,4,2,2
raw,M_MYDOS_HEADER_A95A323A,bra,179,177,4,2,2
raw,M_MYDOS_HEADER_A95A323A,bra,252,248,4,2,2
raw,M_MYDOS_HEADER_A95A323A,bra,457,439,4,2,2
raw,M_MYDOS_HEADER_A95A323A,bra,673,641,4,2,2
raw,M_MYDOS_HEADER_A95A323A,bra,927,893,4,2,2
raw,M_MYDOS_HEADER_A95A323A,brl,933,897,4,3,1
raw,M_MYDOS_HEADER_A95A323A,bra,949,912,4,2,2
raw,M_MYDOS_HEADER_A95A323A,bra,955,916,4,2,2
raw,M_MYDOS_HEADER_A95A323A,bra,1071,998,4,2,2
raw,M_MYDOS_HEADER_A95A323A,bra,1077,1002,4,2,2
raw,M_MYDOS_HEADER_A95A323A,bra,1083,1006,4,2,2
raw,M_MYDOS_HEADER_A95A323A,bra,1089,1010,4,2,2
raw,M_MYDOS_HEADER_A95A323A,bra,1105,1024,4,2,2
raw,M_MYDOS_BEGINMOUNT_AA58F6DF,conditional,304,302,6,2,4
raw,M_MYDOS_BEGINMOUNT_AA58F6DF,conditional,332,324,6,2,4
raw,M_MYDOS_BEGINMOUNT_AA58F6DF,conditional,338,326,6,2,4
raw,M_MYDOS_BEGINMOUNT_AA58F6DF,conditional,352,336,6,2,4
raw,M_MYDOS_BEGINMOUNT_AA58F6DF,conditional,358,338,6,2,4
raw,M_MYDOS_BEGINMOUNT_AA58F6DF,conditional,372,348,6,2,4
raw,M_MYDOS_BEGINMOUNT_AA58F6DF,conditional,378,350,6,2,4
raw,M_MYDOS_BEGINMOUNT_AA58F6DF,conditional,392,360,6,2,4
raw,M_MYDOS_BEGINMOUNT_AA58F6DF,conditional,398,362,6,2,4
raw,M_MYDOS_BEGINMOUNT_AA58F6DF,bra,8,8,4,2,2
raw,M_MYDOS_BEGINMOUNT_AA58F6DF,bra,312,306,4,2,2
raw,M_MYDOS_BEGINMOUNT_AA58F6DF,bra,404,364,4,2,2
raw,M_MYDOS_BEGINMOUNT_AA58F6DF,bra,410,368,4,2,2
raw,M_MYDOS_BEGINMOUNT_AA58F6DF,bra,416,372,4,2,2
raw,M_MYDOS_BEGINMOUNT_AA58F6DF,bra,422,376,4,2,2
raw,M_MYDOS_BEGINMOUNT_AA58F6DF,bra,438,390,4,2,2
raw,M_MYDOS_MOUNTBUFFERED_114678B9,bra,8,8,4,2,2
raw,M_MYDOS_MOUNTBUFFERED_114678B9,bra,186,184,4,2,2
raw,M_MYDOS_MOUNTBUFFERED_114678B9,bra,273,269,4,2,2
raw,M_MYDOS_MOUNT_2B42A118,conditional,241,233,6,2,4
raw,M_MYDOS_MOUNT_2B42A118,bra,8,8,4,2,2
raw,M_MYDOS_MOUNT_2B42A118,bra,46,44,4,2,2
raw,M_MYDOS_MOUNT_2B42A118,bra,119,115,4,2,2
raw,M_MYDOS_MOUNT_2B42A118,bra,165,159,4,2,2
raw,M_MYDOS_MOUNT_2B42A118,bra,257,245,4,2,2
raw,M_MYDOS_MOUNT_2B42A118,bra,291,277,4,2,2
raw,M_MYDOS_COPYENTRY_C5D8D89C,bra,8,8,4,2,2
raw,M_MYDOS_COPYENTRY_C5D8D89C,brl,127,125,4,3,1
raw,M_MYDOS_COPYENTRY_C5D8D89C,brl,296,293,4,3,1
raw,M_MYDOS_DECODE_69B6DF25,conditional,372,370,6,2,4
raw,M_MYDOS_DECODE_69B6DF25,conditional,380,374,6,2,4
raw,M_MYDOS_DECODE_69B6DF25,conditional,399,389,6,2,4
raw,M_MYDOS_DECODE_69B6DF25,conditional,609,593,6,2,4
raw,M_MYDOS_DECODE_69B6DF25,conditional,617,597,6,2,4
raw,M_MYDOS_DECODE_69B6DF25,conditional,636,612,6,2,4
raw,M_MYDOS_DECODE_69B6DF25,bra,8,8,4,2,2
raw,M_MYDOS_DECODE_69B6DF25,bra,405,391,4,2,2
raw,M_MYDOS_DECODE_69B6DF25,bra,642,614,4,2,2
raw,M_MYDOS_DECODE_69B6DF25,brl,706,676,4,3,1
raw,M_MYDOS_DECODE_69B6DF25,brl,929,898,4,3,1
raw,M_MYDOS_LIVE_1E4E1377,bra,8,8,4,2,2
raw,M_MYDOS_LIVE_1E4E1377,bra,81,79,4,2,2
raw,M_MYDOS_LIVE_1E4E1377,bra,101,97,4,2,2
raw,M_MYDOS_LIVE_1E4E1377,bra,121,115,4,2,2
raw,M_MYDOS_LIVE_1E4E1377,bra,248,240,4,2,2
raw,M_MYDOS_LIVE_1E4E1377,bra,321,311,4,2,2
raw,M_MYDOS_LIVE_1E4E1377,brl,399,387,4,3,1
raw,M_MYDOS_LIVE_1E4E1377,bra,446,433,4,2,2
raw,M_MYDOS_LIVE_1E4E1377,brl,452,437,4,3,1
raw,M_MYDOS_LIVE_1E4E1377,bra,521,505,4,2,2
raw,M_MYDOS_LIVE_1E4E1377,bra,602,584,4,2,2
raw,M_MYDOS_BUFFEREDENTRY_DC465C80,conditional,191,189,6,2,4
raw,M_MYDOS_BUFFEREDENTRY_DC465C80,conditional,199,193,6,2,4
raw,M_MYDOS_BUFFEREDENTRY_DC465C80,conditional,218,208,6,2,4
raw,M_MYDOS_BUFFEREDENTRY_DC465C80,bra,8,8,4,2,2
raw,M_MYDOS_BUFFEREDENTRY_DC465C80,bra,224,210,4,2,2
raw,M_MYDOS_BUFFEREDENTRY_DC465C80,bra,389,373,4,2,2
raw,M_MYDOS_BUFFEREDENTRY_DC465C80,bra,477,459,4,2,2
raw,M_MYDOS_BUFFEREDENTRY_DC465C80,bra,616,596,4,2,2
raw,M_MYDOS_BUFFEREDENTRY_DC465C80,bra,713,691,4,2,2
raw,M_MYDOS_BEGINENTRY_95F170F4,conditional,638,627,6,2,4
raw,M_MYDOS_BEGINENTRY_95F170F4,conditional,646,631,6,2,4
raw,M_MYDOS_BEGINENTRY_95F170F4,conditional,663,644,6,2,4
raw,M_MYDOS_BEGINENTRY_95F170F4,bra,8,8,4,2,2
raw,M_MYDOS_BEGINENTRY_95F170F4,bra,208,206,4,2,2
raw,M_MYDOS_BEGINENTRY_95F170F4,bra,286,282,4,2,2
raw,M_MYDOS_BEGINENTRY_95F170F4,brl,353,347,4,3,1
raw,M_MYDOS_BEGINENTRY_95F170F4,bra,405,398,4,2,2
raw,M_MYDOS_BEGINENTRY_95F170F4,bra,486,477,4,2,2
raw,M_MYDOS_BEGINENTRY_95F170F4,bra,669,646,4,2,2
raw,M_MYDOS_GETENTRY_7D00AFBD,conditional,313,305,6,2,4
raw,M_MYDOS_GETENTRY_7D00AFBD,bra,8,8,4,2,2
raw,M_MYDOS_GETENTRY_7D00AFBD,bra,58,56,4,2,2
raw,M_MYDOS_GETENTRY_7D00AFBD,bra,153,149,4,2,2
raw,M_MYDOS_GETENTRY_7D00AFBD,bra,237,231,4,2,2
raw,M_MYDOS_GETENTRY_7D00AFBD,bra,329,317,4,2,2
raw,M_MYDOS_GETENTRY_7D00AFBD,bra,363,349,4,2,2
raw,M_MYDOS_SELECTMATCH_8984C9A2,bra,8,8,4,2,2
raw,M_MYDOS_SELECTMATCH_8984C9A2,bra,148,146,4,2,2
raw,M_MYDOS_SELECTMATCH_8984C9A2,brl,243,239,4,3,1
raw,M_MYDOS_SELECTMATCH_8984C9A2,brl,316,311,4,3,1
raw,M_MYDOS_SELECTMATCH_8984C9A2,bra,497,491,4,2,2
raw,M_MYDOS_SELECTMATCH_8984C9A2,brl,568,560,4,3,1
raw,M_MYDOS_SELECTMATCH_8984C9A2,brl,605,596,4,3,1
raw,M_MYDOS_SELECTMATCH_8984C9A2,bra,729,719,4,2,2
raw,M_MYDOS_CHOOSE_61B23C5E,bra,8,8,4,2,2
raw,M_MYDOS_CHOOSE_61B23C5E,bra,63,61,4,2,2
raw,M_MYDOS_CHOOSE_61B23C5E,bra,69,65,4,2,2
raw,M_MYDOS_CHOOSE_61B23C5E,bra,106,100,4,2,2
raw,M_MYDOS_CHOOSE_61B23C5E,bra,145,137,4,2,2
raw,M_MYDOS_CHOOSE_61B23C5E,bra,242,232,4,2,2
raw,M_MYDOS_CHOOSE_61B23C5E,bra,424,412,4,2,2
raw,M_MYDOS_STARTDIRECTORY_E432AEF2,bra,8,8,4,2,2
raw,M_MYDOS_DESCEND_C497F8DD,conditional,637,630,6,2,4
raw,M_MYDOS_DESCEND_C497F8DD,conditional,643,632,6,2,4
raw,M_MYDOS_DESCEND_C497F8DD,conditional,657,642,6,2,4
raw,M_MYDOS_DESCEND_C497F8DD,conditional,663,644,6,2,4
raw,M_MYDOS_DESCEND_C497F8DD,conditional,677,654,6,2,4
raw,M_MYDOS_DESCEND_C497F8DD,conditional,683,656,6,2,4
raw,M_MYDOS_DESCEND_C497F8DD,conditional,697,666,6,2,4
raw,M_MYDOS_DESCEND_C497F8DD,conditional,703,668,6,2,4
raw,M_MYDOS_DESCEND_C497F8DD,conditional,775,727,6,2,4
raw,M_MYDOS_DESCEND_C497F8DD,conditional,781,729,6,2,4
raw,M_MYDOS_DESCEND_C497F8DD,conditional,795,739,6,2,4
raw,M_MYDOS_DESCEND_C497F8DD,conditional,801,741,6,2,4
raw,M_MYDOS_DESCEND_C497F8DD,conditional,815,751,6,2,4
raw,M_MYDOS_DESCEND_C497F8DD,conditional,821,753,6,2,4
raw,M_MYDOS_DESCEND_C497F8DD,conditional,835,763,6,2,4
raw,M_MYDOS_DESCEND_C497F8DD,conditional,841,765,6,2,4
raw,M_MYDOS_DESCEND_C497F8DD,bra,8,8,4,2,2
raw,M_MYDOS_DESCEND_C497F8DD,bra,73,71,4,2,2
raw,M_MYDOS_DESCEND_C497F8DD,bra,170,166,4,2,2
raw,M_MYDOS_DESCEND_C497F8DD,brl,405,399,4,3,1
raw,M_MYDOS_DESCEND_C497F8DD,bra,709,670,4,2,2
raw,M_MYDOS_DESCEND_C497F8DD,bra,715,674,4,2,2
raw,M_MYDOS_DESCEND_C497F8DD,bra,721,678,4,2,2
raw,M_MYDOS_DESCEND_C497F8DD,bra,727,682,4,2,2
raw,M_MYDOS_DESCEND_C497F8DD,brl,743,696,4,3,1
raw,M_MYDOS_DESCEND_C497F8DD,bra,847,767,4,2,2
raw,M_MYDOS_DESCEND_C497F8DD,bra,853,771,4,2,2
raw,M_MYDOS_DESCEND_C497F8DD,bra,859,775,4,2,2
raw,M_MYDOS_DESCEND_C497F8DD,bra,865,779,4,2,2
raw,M_MYDOS_DESCEND_C497F8DD,bra,881,793,4,2,2
raw,M_MYDOS_DESCEND_C497F8DD,bra,959,869,4,2,2
raw,M_MYDOS_DESCEND_C497F8DD,bra,965,873,4,2,2
raw,M_MYDOS_DESCEND_C497F8DD,brl,992,898,4,3,1
raw,M_MYDOS_ROOTENTRY_E3F00029,bra,8,8,4,2,2
raw,M_MYDOS_ROOTENTRY_E3F00029,brl,234,232,4,3,1
raw,M_MYDOS_ROOTENTRY_E3F00029,brl,374,371,4,3,1
raw,M_MYDOS_STARTRESOLVE_24B3B079,conditional,553,549,6,2,4
raw,M_MYDOS_STARTRESOLVE_24B3B079,bra,8,8,4,2,2
raw,M_MYDOS_STARTRESOLVE_24B3B079,bra,479,477,4,2,2
raw,M_MYDOS_STARTRESOLVE_24B3B079,bra,569,561,4,2,2
raw,M_MYDOS_STARTRESOLVE_24B3B079,brl,674,664,4,3,1
raw,M_MYDOS_STARTRESOLVE_24B3B079,bra,769,758,4,2,2
raw,M_MYDOS_STARTRESOLVE_24B3B079,bra,775,762,4,2,2
raw,M_MYDOS_STARTRESOLVE_24B3B079,brl,825,810,4,3,1
raw,M_MYDOS_STARTRESOLVE_24B3B079,bra,870,854,4,2,2
raw,M_MYDOS_STARTRESOLVE_24B3B079,bra,975,957,4,2,2
raw,M_MYDOS_STARTRESOLVE_24B3B079,bra,997,977,4,2,2
raw,M_MYDOS_RESOLVECOMPONENT_8F2130C4,bra,8,8,4,2,2
raw,M_MYDOS_RESOLVECOMPONENT_8F2130C4,bra,46,44,4,2,2
raw,M_MYDOS_RESOLVECOMPONENT_8F2130C4,bra,119,115,4,2,2
raw,M_MYDOS_RESOLVECOMPONENT_8F2130C4,bra,153,147,4,2,2
raw,M_MYDOS_BEGINRESOLVE_3F47247C,bra,8,8,4,2,2
raw,M_MYDOS_BEGINRESOLVE_3F47247C,bra,54,52,4,2,2
raw,M_MYDOS_BEGINRESOLVE_3F47247C,bra,149,145,4,2,2
raw,M_MYDOS_BEGINRESOLVE_3F47247C,bra,171,165,4,2,2
raw,M_MYDOS_RESOLVESTEP_4ADA26D9,conditional,475,458,6,2,4
raw,M_MYDOS_RESOLVESTEP_4ADA26D9,conditional,483,462,6,2,4
raw,M_MYDOS_RESOLVESTEP_4ADA26D9,conditional,500,475,6,2,4
raw,M_MYDOS_RESOLVESTEP_4ADA26D9,bra,8,8,4,2,2
raw,M_MYDOS_RESOLVESTEP_4ADA26D9,bra,46,44,4,2,2
raw,M_MYDOS_RESOLVESTEP_4ADA26D9,bra,127,123,4,2,2
raw,M_MYDOS_RESOLVESTEP_4ADA26D9,bra,159,153,4,2,2
raw,M_MYDOS_RESOLVESTEP_4ADA26D9,brl,165,157,4,3,1
raw,M_MYDOS_RESOLVESTEP_4ADA26D9,bra,183,174,4,2,2
raw,M_MYDOS_RESOLVESTEP_4ADA26D9,bra,205,194,4,2,2
raw,M_MYDOS_RESOLVESTEP_4ADA26D9,bra,352,339,4,2,2
raw,M_MYDOS_RESOLVESTEP_4ADA26D9,brl,358,343,4,3,1
raw,M_MYDOS_RESOLVESTEP_4ADA26D9,brl,405,389,4,3,1
raw,M_MYDOS_RESOLVESTEP_4ADA26D9,bra,506,477,4,2,2
raw,M_MYDOS_RESOLVESTEP_4ADA26D9,brl,564,533,4,3,1
raw,M_MYDOS_RESOLVESTEP_4ADA26D9,bra,584,552,4,2,2
raw,M_MYDOS_RESOLVESTEP_4ADA26D9,bra,657,623,4,2,2
raw,M_MYDOS_RESOLVESTEP_4ADA26D9,brl,727,691,4,3,1
raw,M_MYDOS_RESOLVESTEP_4ADA26D9,bra,776,739,4,2,2
raw,M_MYDOS_RESOLVESTEP_4ADA26D9,bra,798,759,4,2,2
raw,M_MYDOS_RESOLVESTEP_4ADA26D9,bra,920,879,4,2,2
raw,M_MYDOS_RESOLVESTEP_4ADA26D9,bra,993,950,4,2,2
raw,M_MYDOS_RESOLVE_25FA7BCB,conditional,385,373,6,2,4
raw,M_MYDOS_RESOLVE_25FA7BCB,bra,8,8,4,2,2
raw,M_MYDOS_RESOLVE_25FA7BCB,bra,54,52,4,2,2
raw,M_MYDOS_RESOLVE_25FA7BCB,brl,153,149,4,3,1
raw,M_MYDOS_RESOLVE_25FA7BCB,bra,173,168,4,2,2
raw,M_MYDOS_RESOLVE_25FA7BCB,bra,195,188,4,2,2
raw,M_MYDOS_RESOLVE_25FA7BCB,brl,266,257,4,3,1
raw,M_MYDOS_RESOLVE_25FA7BCB,bra,309,299,4,2,2
raw,M_MYDOS_RESOLVE_25FA7BCB,bra,401,385,4,2,2
raw,M_MYDOS_RESOLVE_25FA7BCB,bra,435,417,4,2,2
raw,M_MYDOS_RESOLVE_25FA7BCB,brl,506,486,4,3,1
raw,M_FSINIT_CONFIG_A7C873FA,conditional,1963,1942,6,2,4
raw,M_FSINIT_CONFIG_A7C873FA,conditional,1991,1964,6,2,4
raw,M_FSINIT_CONFIG_A7C873FA,conditional,1997,1966,6,2,4
raw,M_FSINIT_CONFIG_A7C873FA,conditional,2011,1976,6,2,4
raw,M_FSINIT_CONFIG_A7C873FA,conditional,2017,1978,6,2,4
raw,M_FSINIT_CONFIG_A7C873FA,conditional,2031,1988,6,2,4
raw,M_FSINIT_CONFIG_A7C873FA,conditional,2037,1990,6,2,4
raw,M_FSINIT_CONFIG_A7C873FA,conditional,2051,2000,6,2,4
raw,M_FSINIT_CONFIG_A7C873FA,conditional,2057,2002,6,2,4
raw,M_FSINIT_CONFIG_A7C873FA,bra,8,8,4,2,2
raw,M_FSINIT_CONFIG_A7C873FA,bra,38,36,4,2,2
raw,M_FSINIT_CONFIG_A7C873FA,bra,189,185,4,2,2
raw,M_FSINIT_CONFIG_A7C873FA,bra,195,189,4,2,2
raw,M_FSINIT_CONFIG_A7C873FA,bra,232,224,4,2,2
raw,M_FSINIT_CONFIG_A7C873FA,brl,406,396,4,3,1
raw,M_FSINIT_CONFIG_A7C873FA,bra,565,554,4,2,2
raw,M_FSINIT_CONFIG_A7C873FA,bra,638,625,4,2,2
raw,M_FSINIT_CONFIG_A7C873FA,bra,848,833,4,2,2
raw,M_FSINIT_CONFIG_A7C873FA,bra,1639,1622,4,2,2
raw,M_FSINIT_CONFIG_A7C873FA,bra,1740,1721,4,2,2
raw,M_FSINIT_CONFIG_A7C873FA,bra,1971,1946,4,2,2
raw,M_FSINIT_CONFIG_A7C873FA,bra,2063,2004,4,2,2
raw,M_FSINIT_CONFIG_A7C873FA,bra,2069,2008,4,2,2
raw,M_FSINIT_CONFIG_A7C873FA,bra,2075,2012,4,2,2
raw,M_FSINIT_CONFIG_A7C873FA,bra,2081,2016,4,2,2
raw,M_FSINIT_CONFIG_A7C873FA,bra,2097,2030,4,2,2
raw,M_FSINIT_CONFIG_A7C873FA,brl,2187,2118,4,3,1
raw,M_FSINIT_CONFIG_A7C873FA,bra,2479,2409,4,2,2
raw,M_FSINIT_CONFIG_A7C873FA,brl,2485,2413,4,3,1
raw,M_FSINIT_CONFIG_A7C873FA,bra,2787,2714,4,2,2
raw,M_FSINIT_CONFIG_A7C873FA,bra,2874,2799,4,2,2
raw,M_FSINIT_CONFIG_A7C873FA,brl,2961,2884,4,3,1
raw,M_FSINIT_CONFIG_A7C873FA,bra,2979,2901,4,2,2
raw,M_FSINIT_CONFIG_A7C873FA,bra,2985,2905,4,2,2
raw,M_FSINIT_CONFIG_A7C873FA,brl,3012,2930,4,3,1
raw,M_FSINIT_WORKSPACE_ED5E2107,conditional,264,260,6,2,4
raw,M_FSINIT_WORKSPACE_ED5E2107,conditional,532,520,6,2,4
raw,M_FSINIT_WORKSPACE_ED5E2107,bra,8,8,4,2,2
raw,M_FSINIT_WORKSPACE_ED5E2107,bra,114,112,4,2,2
raw,M_FSINIT_WORKSPACE_ED5E2107,bra,280,272,4,2,2
raw,M_FSINIT_WORKSPACE_ED5E2107,bra,382,372,4,2,2
raw,M_FSINIT_WORKSPACE_ED5E2107,bra,548,532,4,2,2
raw,M_FSINIT_ARRIVAL_302FF83F,conditional,359,351,6,2,4
raw,M_FSINIT_ARRIVAL_302FF83F,conditional,367,355,6,2,4
raw,M_FSINIT_ARRIVAL_302FF83F,conditional,375,359,6,2,4
raw,M_FSINIT_ARRIVAL_302FF83F,conditional,385,365,6,2,4
raw,M_FSINIT_ARRIVAL_302FF83F,conditional,393,369,6,2,4
raw,M_FSINIT_ARRIVAL_302FF83F,conditional,416,388,6,2,4
raw,M_FSINIT_ARRIVAL_302FF83F,conditional,639,603,6,2,4
raw,M_FSINIT_ARRIVAL_302FF83F,conditional,651,611,6,2,4
raw,M_FSINIT_ARRIVAL_302FF83F,bra,8,8,4,2,2
raw,M_FSINIT_ARRIVAL_302FF83F,bra,83,81,4,2,2
raw,M_FSINIT_ARRIVAL_302FF83F,bra,190,186,4,2,2
raw,M_FSINIT_ARRIVAL_302FF83F,bra,216,210,4,2,2
raw,M_FSINIT_ARRIVAL_302FF83F,bra,422,390,4,2,2
raw,M_FSINIT_ARRIVAL_302FF83F,bra,519,485,4,2,2
raw,M_FSINIT_ARRIVAL_302FF83F,bra,661,617,4,2,2
raw,M_FSINIT_ALLOCATEMOUNT_EF481898,conditional,156,152,6,2,4
raw,M_FSINIT_ALLOCATEMOUNT_EF481898,conditional,420,408,6,2,4
raw,M_FSINIT_ALLOCATEMOUNT_EF481898,conditional,1593,1571,6,2,4
raw,M_FSINIT_ALLOCATEMOUNT_EF481898,conditional,1605,1579,6,2,4
raw,M_FSINIT_ALLOCATEMOUNT_EF481898,bra,8,8,4,2,2
raw,M_FSINIT_ALLOCATEMOUNT_EF481898,bra,38,36,4,2,2
raw,M_FSINIT_ALLOCATEMOUNT_EF481898,bra,170,162,4,2,2
raw,M_FSINIT_ALLOCATEMOUNT_EF481898,bra,314,304,4,2,2
raw,M_FSINIT_ALLOCATEMOUNT_EF481898,bra,436,420,4,2,2
raw,M_FSINIT_ALLOCATEMOUNT_EF481898,brl,1029,1011,4,3,1
raw,M_FSINIT_ALLOCATEMOUNT_EF481898,brl,1198,1179,4,3,1
raw,M_FSINIT_ALLOCATEMOUNT_EF481898,bra,1443,1423,4,2,2
raw,M_FSINIT_ALLOCATEMOUNT_EF481898,bra,1615,1585,4,2,2
raw,M_FSINIT_ALLOCATEBLOCK_5C0916F0,conditional,254,250,6,2,4
raw,M_FSINIT_ALLOCATEBLOCK_5C0916F0,conditional,977,965,6,2,4
raw,M_FSINIT_ALLOCATEBLOCK_5C0916F0,conditional,989,973,6,2,4
raw,M_FSINIT_ALLOCATEBLOCK_5C0916F0,bra,8,8,4,2,2
raw,M_FSINIT_ALLOCATEBLOCK_5C0916F0,bra,148,146,4,2,2
raw,M_FSINIT_ALLOCATEBLOCK_5C0916F0,bra,270,262,4,2,2
raw,M_FSINIT_ALLOCATEBLOCK_5C0916F0,bra,857,847,4,2,2
raw,M_FSINIT_ALLOCATEBLOCK_5C0916F0,bra,999,979,4,2,2
raw,M_FSINIT_PUBLISH_12D6516B,bra,8,8,4,2,2
raw,M_FSINIT_PUBLISH_12D6516B,bra,38,36,4,2,2
raw,M_FSINIT_PUBLISH_12D6516B,brl,162,158,4,3,1
raw,M_FSINIT_PUBLISH_12D6516B,bra,348,343,4,2,2
raw,M_FSINIT_PUBLISH_12D6516B,bra,354,347,4,2,2
raw,M_FSINIT_PUBLISH_12D6516B,brl,381,372,4,3,1
raw,M_FSINIT_FIRST_60F42DBA,bra,8,8,4,2,2
raw,M_FSINIT_FIRST_60F42DBA,bra,124,122,4,2,2
raw,M_FSINIT_FIRST_60F42DBA,bra,197,193,4,2,2
raw,M_FSINIT_ADAPTERSTEP_4F860EAF,conditional,196,192,6,2,4
raw,M_FSINIT_ADAPTERSTEP_4F860EAF,bra,8,8,4,2,2
raw,M_FSINIT_ADAPTERSTEP_4F860EAF,bra,78,76,4,2,2
raw,M_FSINIT_ADAPTERSTEP_4F860EAF,bra,212,204,4,2,2
raw,M_FSINIT_WORKSPACESTEP_AC19D935,bra,8,8,4,2,2
raw,M_FSINIT_WORKSPACESTEP_AC19D935,bra,78,76,4,2,2
raw,M_FSINIT_WORKSPACESTEP_AC19D935,bra,151,147,4,2,2
raw,M_FSINIT_WORKSPACESTEP_AC19D935,bra,157,151,4,2,2
raw,M_FSINIT_WORKSPACESTEP_AC19D935,bra,177,169,4,2,2
raw,M_FSINIT_WORKSPACESTEP_AC19D935,bra,250,240,4,2,2
raw,M_FSINIT_MOUNTSTEP_D16E7745,bra,8,8,4,2,2
raw,M_FSINIT_MOUNTSTEP_D16E7745,bra,124,122,4,2,2
raw,M_FSINIT_MOUNTSTEP_D16E7745,bra,197,193,4,2,2
raw,M_FSINIT_MOUNTSTEP_D16E7745,bra,219,213,4,2,2
raw,M_FSINIT_BLOCKSTEP_FC8F9559,bra,8,8,4,2,2
raw,M_FSINIT_BLOCKSTEP_FC8F9559,bra,78,76,4,2,2
raw,M_FSINIT_BLOCKSTEP_FC8F9559,bra,151,147,4,2,2
raw,M_FSINIT_BLOCKSTEP_FC8F9559,bra,173,167,4,2,2
raw,M_FSINIT_OPENEDSTEP_3B4623A1,bra,8,8,4,2,2
raw,M_FSINIT_OPENEDSTEP_3B4623A1,brl,95,93,4,3,1
raw,M_FSINIT_OPENEDSTEP_3B4623A1,bra,203,200,4,2,2
raw,M_FSINIT_OPENEDSTEP_3B4623A1,bra,459,454,4,2,2
raw,M_FSINIT_OPENEDSTEP_3B4623A1,brl,532,525,4,3,1
raw,M_FSINIT_OPENEDSTEP_3B4623A1,bra,640,632,4,2,2
raw,M_FSINIT_MOUNTEDSTEP_D00F6B02,conditional,900,885,6,2,4
raw,M_FSINIT_MOUNTEDSTEP_D00F6B02,bra,8,8,4,2,2
raw,M_FSINIT_MOUNTEDSTEP_D00F6B02,brl,95,93,4,3,1
raw,M_FSINIT_MOUNTEDSTEP_D00F6B02,bra,203,200,4,2,2
raw,M_FSINIT_MOUNTEDSTEP_D00F6B02,bra,339,334,4,2,2
raw,M_FSINIT_MOUNTEDSTEP_D00F6B02,brl,412,405,4,3,1
raw,M_FSINIT_MOUNTEDSTEP_D00F6B02,bra,520,512,4,2,2
raw,M_FSINIT_MOUNTEDSTEP_D00F6B02,brl,660,650,4,3,1
raw,M_FSINIT_MOUNTEDSTEP_D00F6B02,bra,674,663,4,2,2
raw,M_FSINIT_MOUNTEDSTEP_D00F6B02,bra,782,769,4,2,2
raw,M_FSINIT_MOUNTEDSTEP_D00F6B02,bra,908,889,4,2,2
raw,M_FSINIT_MOUNTEDSTEP_D00F6B02,bra,958,937,4,2,2
raw,M_FSINIT_MOUNTEDSTEP_D00F6B02,bra,1144,1121,4,2,2
raw,M_FSINIT_MOUNTEDSTEP_D00F6B02,bra,1191,1166,4,2,2
raw,M_FSINIT_MOUNTEDSTEP_D00F6B02,bra,1211,1184,4,2,2
raw,M_FSINIT_FAILED_4FB7E0CF,conditional,66,64,6,2,4
raw,M_FSINIT_FAILED_4FB7E0CF,bra,8,8,4,2,2
raw,M_FSINIT_FAILED_4FB7E0CF,bra,82,76,4,2,2
raw,M_FSINIT_ROLLBACKSTEP_8166A722,bra,8,8,4,2,2
raw,M_FSINIT_ROLLBACKSTEP_8166A722,bra,252,250,4,2,2
raw,M_FSINIT_ROLLBACKSTEP_8166A722,bra,546,542,4,2,2
raw,M_FSINIT_DESTROYMOUNT_00D5D10B,conditional,40,38,6,2,4
raw,M_FSINIT_DESTROYMOUNT_00D5D10B,bra,8,8,4,2,2
raw,M_FSINIT_DESTROYMOUNT_00D5D10B,bra,56,50,4,2,2
raw,M_FSINIT_DESTROYMOUNT_00D5D10B,bra,110,102,4,2,2
raw,M_FSINIT_DESTROYMOUNT_00D5D10B,bra,124,114,4,2,2
raw,M_FSINIT_DESTROYMOUNT_00D5D10B,brl,222,210,4,3,1
raw,M_FSINIT_DESTROYMOUNT_00D5D10B,bra,313,300,4,2,2
raw,M_FSINIT_DESTROYMOUNT_00D5D10B,bra,386,371,4,2,2
raw,M_FSINIT_DESTROYMOUNT_00D5D10B,bra,400,383,4,2,2
raw,M_FSINIT_DESTROYMOUNT_00D5D10B,brl,498,479,4,3,1
raw,M_FSINIT_DESTROYMOUNT_00D5D10B,brl,576,556,4,3,1
raw,M_FSINIT_DESTROYMOUNT_00D5D10B,bra,658,637,4,2,2
raw,M_FSINIT_DESTROYMOUNT_00D5D10B,bra,753,730,4,2,2
raw,M_FSINIT_DESTROYMOUNT_00D5D10B,bra,767,742,4,2,2
raw,M_FSINIT_DESTROYMOUNT_00D5D10B,brl,819,792,4,3,1
raw,M_FSINIT_DESTROYMOUNT_00D5D10B,bra,889,861,4,2,2
raw,M_FSINIT_DESTROYMOUNT_00D5D10B,bra,1000,970,4,2,2
raw,M_FSINIT_DESTROYMOUNT_00D5D10B,brl,1103,1071,4,3,1
raw,M_FSINIT_DESTROYMOUNT_00D5D10B,bra,1175,1142,4,2,2
raw,M_FSINIT_DESTROYMOUNT_00D5D10B,bra,1292,1257,4,2,2
raw,M_FSINIT_CLEANUP_26675F9E,bra,8,8,4,2,2
raw,M_FSINIT_CLEANUP_26675F9E,brl,52,50,4,3,1
raw,M_FSINIT_CLEANUP_26675F9E,bra,225,222,4,2,2
raw,M_FSINIT_CLEANUP_26675F9E,brl,319,314,4,3,1
raw,M_FSINIT_CLEANUP_26675F9E,bra,365,359,4,2,2
raw,M_FSINIT_CLEANUP_26675F9E,bra,455,447,4,2,2
raw,M_FSINIT_CLEANUP_26675F9E,bra,496,486,4,2,2
raw,M_FSINIT_CLEANUP_26675F9E,brl,591,579,4,3,1
raw,M_FSINIT_CLEANUP_26675F9E,bra,663,650,4,2,2
raw,M_FSINIT_CLEANUP_26675F9E,brl,778,763,4,3,1
raw,M_FSINIT_CLEANUP_26675F9E,bra,850,834,4,2,2
raw,M_FSINIT_CLEANUP_26675F9E,brl,965,947,4,3,1
raw,M_FSINIT_CLEANUP_26675F9E,bra,1013,994,4,2,2
raw,M_FSINIT_CLEANUP_26675F9E,bra,1094,1073,4,2,2
raw,M_FSINIT_CLEANUP_26675F9E,bra,1108,1085,4,2,2
raw,M_FSRELATIVE_VALIDATE_0372B7FC,conditional,1947,1919,6,2,4
raw,M_FSRELATIVE_VALIDATE_0372B7FC,conditional,1953,1921,6,2,4
raw,M_FSRELATIVE_VALIDATE_0372B7FC,conditional,1967,1931,6,2,4
raw,M_FSRELATIVE_VALIDATE_0372B7FC,conditional,1973,1933,6,2,4
raw,M_FSRELATIVE_VALIDATE_0372B7FC,conditional,1987,1943,6,2,4
raw,M_FSRELATIVE_VALIDATE_0372B7FC,conditional,1993,1945,6,2,4
raw,M_FSRELATIVE_VALIDATE_0372B7FC,conditional,2007,1955,6,2,4
raw,M_FSRELATIVE_VALIDATE_0372B7FC,conditional,2013,1957,6,2,4
raw,M_FSRELATIVE_VALIDATE_0372B7FC,conditional,2085,2016,6,2,4
raw,M_FSRELATIVE_VALIDATE_0372B7FC,conditional,2091,2018,6,2,4
raw,M_FSRELATIVE_VALIDATE_0372B7FC,conditional,2105,2028,6,2,4
raw,M_FSRELATIVE_VALIDATE_0372B7FC,conditional,2111,2030,6,2,4
raw,M_FSRELATIVE_VALIDATE_0372B7FC,conditional,2125,2040,6,2,4
raw,M_FSRELATIVE_VALIDATE_0372B7FC,conditional,2131,2042,6,2,4
raw,M_FSRELATIVE_VALIDATE_0372B7FC,conditional,2145,2052,6,2,4
raw,M_FSRELATIVE_VALIDATE_0372B7FC,conditional,2151,2054,6,2,4
raw,M_FSRELATIVE_VALIDATE_0372B7FC,bra,8,8,4,2,2
raw,M_FSRELATIVE_VALIDATE_0372B7FC,bra,145,143,4,2,2
raw,M_FSRELATIVE_VALIDATE_0372B7FC,bra,237,233,4,2,2
raw,M_FSRELATIVE_VALIDATE_0372B7FC,bra,327,321,4,2,2
raw,M_FSRELATIVE_VALIDATE_0372B7FC,bra,390,382,4,2,2
raw,M_FSRELATIVE_VALIDATE_0372B7FC,brl,396,386,4,3,1
raw,M_FSRELATIVE_VALIDATE_0372B7FC,bra,535,524,4,2,2
raw,M_FSRELATIVE_VALIDATE_0372B7FC,bra,734,721,4,2,2
raw,M_FSRELATIVE_VALIDATE_0372B7FC,bra,797,782,4,2,2
raw,M_FSRELATIVE_VALIDATE_0372B7FC,bra,844,827,4,2,2
raw,M_FSRELATIVE_VALIDATE_0372B7FC,brl,893,874,4,3,1
raw,M_FSRELATIVE_VALIDATE_0372B7FC,bra,1058,1038,4,2,2
raw,M_FSRELATIVE_VALIDATE_0372B7FC,brl,1133,1111,4,3,1
raw,M_FSRELATIVE_VALIDATE_0372B7FC,bra,1328,1305,4,2,2
raw,M_FSRELATIVE_VALIDATE_0372B7FC,bra,1409,1384,4,2,2
raw,M_FSRELATIVE_VALIDATE_0372B7FC,brl,1715,1688,4,3,1
raw,M_FSRELATIVE_VALIDATE_0372B7FC,bra,2019,1959,4,2,2
raw,M_FSRELATIVE_VALIDATE_0372B7FC,bra,2025,1963,4,2,2
raw,M_FSRELATIVE_VALIDATE_0372B7FC,bra,2031,1967,4,2,2
raw,M_FSRELATIVE_VALIDATE_0372B7FC,bra,2037,1971,4,2,2
raw,M_FSRELATIVE_VALIDATE_0372B7FC,brl,2053,1985,4,3,1
raw,M_FSRELATIVE_VALIDATE_0372B7FC,bra,2157,2056,4,2,2
raw,M_FSRELATIVE_VALIDATE_0372B7FC,bra,2163,2060,4,2,2
raw,M_FSRELATIVE_VALIDATE_0372B7FC,bra,2169,2064,4,2,2
raw,M_FSRELATIVE_VALIDATE_0372B7FC,bra,2175,2068,4,2,2
raw,M_FSRELATIVE_VALIDATE_0372B7FC,bra,2191,2082,4,2,2
raw,M_FSRELATIVE_VALIDATE_0372B7FC,bra,2254,2143,4,2,2
raw,M_FSRELATIVE_VALIDATE_0372B7FC,bra,2260,2147,4,2,2
raw,M_FSRELATIVE_VALIDATE_0372B7FC,brl,2287,2172,4,3,1
raw,M_FSRELATIVE_VALIDATE_0372B7FC,bra,2305,2189,4,2,2
raw,M_FSRELATIVE_VALIDATE_0372B7FC,bra,2311,2193,4,2,2
raw,M_FSRELATIVE_VALIDATE_0372B7FC,brl,2338,2218,4,3,1
raw,M_FSRELATIVE_SEED_FD9BA1BB,bra,8,8,4,2,2
raw,M_FSRELATIVE_SEED_FD9BA1BB,bra,170,168,4,2,2
raw,M_FSRELATIVE_SEED_FD9BA1BB,brl,442,438,4,3,1
raw,M_FSRELATIVE_SEED_FD9BA1BB,bra,726,721,4,2,2
raw,M_FSRELATIVE_SEED_FD9BA1BB,bra,732,725,4,2,2
raw,M_FSRELATIVE_SEED_FD9BA1BB,brl,759,750,4,3,1
raw,M_FSRELATIVE_SEED_FD9BA1BB,bra,779,769,4,2,2
raw,M_FSRELATIVE_SEED_FD9BA1BB,bra,869,857,4,2,2
raw,M_FSRELATIVE_SEED_FD9BA1BB,brl,1038,1024,4,3,1
raw,M_FSRELATIVE_SEED_FD9BA1BB,bra,1230,1215,4,2,2
raw,M_FSRELATIVE_SEED_FD9BA1BB,bra,1236,1219,4,2,2
raw,M_FSRELATIVE_SEED_FD9BA1BB,brl,1252,1233,4,3,1
raw,M_FSRELATIVE_TRIM_C4B2DBD8,bra,8,8,4,2,2
raw,M_FSRELATIVE_TRIM_C4B2DBD8,brl,71,69,4,3,1
raw,M_FSRELATIVE_TRIM_C4B2DBD8,bra,221,218,4,2,2
raw,M_FSRELATIVE_TRIM_C4B2DBD8,brl,227,222,4,3,1
raw,M_FSRELATIVE_TRIM_C4B2DBD8,bra,375,369,4,2,2
raw,M_FSRELATIVE_TRIM_C4B2DBD8,bra,427,419,4,2,2
raw,M_FSRELATIVE_TRIM_C4B2DBD8,brl,477,467,4,3,1
raw,M_FSRELATIVE_ROOT_94E4441A,bra,8,8,4,2,2
raw,M_FSRELATIVE_ROOT_94E4441A,bra,46,44,4,2,2
raw,M_FSRELATIVE_ROOT_94E4441A,bra,153,149,4,2,2
raw,M_FSRELATIVE_ROOT_94E4441A,brl,240,234,4,3,1
raw,M_FSRELATIVE_ROOT_94E4441A,bra,318,311,4,2,2
raw,M_FSRELATIVE_BEGIN_CB9D8F8D,conditional,106,104,6,2,4
raw,M_FSRELATIVE_BEGIN_CB9D8F8D,conditional,585,570,6,2,4
raw,M_FSRELATIVE_BEGIN_CB9D8F8D,conditional,915,891,6,2,4
raw,M_FSRELATIVE_BEGIN_CB9D8F8D,bra,8,8,4,2,2
raw,M_FSRELATIVE_BEGIN_CB9D8F8D,bra,120,114,4,2,2
raw,M_FSRELATIVE_BEGIN_CB9D8F8D,bra,190,182,4,2,2
raw,M_FSRELATIVE_BEGIN_CB9D8F8D,bra,274,264,4,2,2
raw,M_FSRELATIVE_BEGIN_CB9D8F8D,brl,345,333,4,3,1
raw,M_FSRELATIVE_BEGIN_CB9D8F8D,bra,383,370,4,2,2
raw,M_FSRELATIVE_BEGIN_CB9D8F8D,brl,599,580,4,3,1
raw,M_FSRELATIVE_BEGIN_CB9D8F8D,bra,629,609,4,2,2
raw,M_FSRELATIVE_BEGIN_CB9D8F8D,bra,815,793,4,2,2
raw,M_FSRELATIVE_BEGIN_CB9D8F8D,brl,931,903,4,3,1
raw,M_FSRELATIVE_BEGIN_CB9D8F8D,bra,969,940,4,2,2
raw,M_FSRELATIVE_BEGIN_CB9D8F8D,bra,1099,1068,4,2,2
raw,M_FSRELATIVE_BEGIN_CB9D8F8D,brl,1219,1186,4,3,1
raw,M_FSRELATIVE_BEGIN_CB9D8F8D,bra,1249,1215,4,2,2
raw,M_FSRELATIVE_BEGIN_CB9D8F8D,brl,1388,1352,4,3,1
raw,M_FSRELATIVE_BEGIN_CB9D8F8D,bra,1487,1450,4,2,2
raw,M_FSRELATIVE_BEGIN_CB9D8F8D,bra,1645,1606,4,2,2
raw,M_FSRELATIVE_BEGIN_CB9D8F8D,brl,1740,1699,4,3,1
raw,M_FSRELATIVE_BEGIN_CB9D8F8D,bra,1818,1776,4,2,2
raw,M_FSRELATIVE_BEGIN_CB9D8F8D,bra,1948,1904,4,2,2
raw,M_FSRELATIVE_BEGIN_CB9D8F8D,brl,2154,2108,4,3,1
raw,M_FSRELATIVE_BEGIN_CB9D8F8D,bra,2275,2228,4,2,2
raw,M_FSRELATIVE_BEGIN_CB9D8F8D,bra,2281,2232,4,2,2
raw,M_FSRELATIVE_BEGIN_CB9D8F8D,bra,2371,2320,4,2,2
raw,M_FSRELATIVE_BEGIN_CB9D8F8D,brl,2400,2347,4,3,1
raw,M_FSRELATIVE_BEGIN_CB9D8F8D,bra,2471,2417,4,2,2
raw,M_FSRELATIVE_BEGIN_CB9D8F8D,brl,2571,2515,4,3,1
raw,M_FSRELATIVE_BEGIN_CB9D8F8D,bra,2725,2668,4,2,2
raw,M_FSRELATIVE_BEGIN_CB9D8F8D,bra,2886,2827,4,2,2
raw,M_FSRELATIVE_BEGIN_CB9D8F8D,bra,2908,2847,4,2,2
raw,M_FSRELATIVE_BEGIN_CB9D8F8D,bra,2979,2916,4,2,2
raw,M_FSRELATIVE_BEGIN_CB9D8F8D,bra,2985,2920,4,2,2
raw,M_FSRELATIVE_BEGIN_CB9D8F8D,brl,3012,2945,4,3,1
raw,M_FSRELATIVE_BEGIN_CB9D8F8D,bra,3455,3387,4,2,2
raw,M_FSRELATIVE_BEGIN_CB9D8F8D,brl,3550,3480,4,3,1
raw,M_FSRELATIVE_BEGIN_CB9D8F8D,bra,3628,3557,4,2,2
raw,M_FSRELATIVE_PARENTRESULT_7CE6B959,conditional,1612,1588,6,2,4
raw,M_FSRELATIVE_PARENTRESULT_7CE6B959,conditional,1620,1592,6,2,4
raw,M_FSRELATIVE_PARENTRESULT_7CE6B959,conditional,1637,1605,6,2,4
raw,M_FSRELATIVE_PARENTRESULT_7CE6B959,bra,8,8,4,2,2
raw,M_FSRELATIVE_PARENTRESULT_7CE6B959,brl,95,93,4,3,1
raw,M_FSRELATIVE_PARENTRESULT_7CE6B959,bra,173,170,4,2,2
raw,M_FSRELATIVE_PARENTRESULT_7CE6B959,bra,321,316,4,2,2
raw,M_FSRELATIVE_PARENTRESULT_7CE6B959,brl,402,395,4,3,1
raw,M_FSRELATIVE_PARENTRESULT_7CE6B959,bra,480,472,4,2,2
raw,M_FSRELATIVE_PARENTRESULT_7CE6B959,bra,600,590,4,2,2
raw,M_FSRELATIVE_PARENTRESULT_7CE6B959,brl,606,594,4,3,1
raw,M_FSRELATIVE_PARENTRESULT_7CE6B959,brl,624,611,4,3,1
raw,M_FSRELATIVE_PARENTRESULT_7CE6B959,brl,708,694,4,3,1
raw,M_FSRELATIVE_PARENTRESULT_7CE6B959,brl,783,768,4,3,1
raw,M_FSRELATIVE_PARENTRESULT_7CE6B959,bra,821,805,4,2,2
raw,M_FSRELATIVE_PARENTRESULT_7CE6B959,bra,1172,1154,4,2,2
raw,M_FSRELATIVE_PARENTRESULT_7CE6B959,bra,1385,1365,4,2,2
raw,M_FSRELATIVE_PARENTRESULT_7CE6B959,brl,1391,1369,4,3,1
raw,M_FSRELATIVE_PARENTRESULT_7CE6B959,brl,1464,1441,4,3,1
raw,M_FSRELATIVE_PARENTRESULT_7CE6B959,bra,1643,1607,4,2,2
raw,M_FSRELATIVE_PARENTRESULT_7CE6B959,brl,1701,1663,4,3,1
raw,M_FSRELATIVE_PARENTRESULT_7CE6B959,brl,1764,1725,4,3,1
raw,M_FSRELATIVE_PARENTRESULT_7CE6B959,bra,1802,1762,4,2,2
raw,M_FSRELATIVE_PARENTRESULT_7CE6B959,bra,2070,2028,4,2,2
raw,M_FSRELATIVE_PARENTRESULT_7CE6B959,bra,2183,2139,4,2,2
raw,M_FSRELATIVE_PARENTRESULT_7CE6B959,bra,2256,2210,4,2,2
raw,M_FSRELATIVE_PARENTRESULT_7CE6B959,bra,2262,2214,4,2,2
raw,M_FSRELATIVE_PARENTRESULT_7CE6B959,bra,2282,2232,4,2,2
raw,M_FSRELATIVE_PARENTRESULT_7CE6B959,brl,2355,2303,4,3,1
raw,M_FSRELATIVE_PARENTRESULT_7CE6B959,bra,2433,2380,4,2,2
raw,M_FSINFO_ENUMERATIONSTATE_A9C412AA,bra,8,8,4,2,2
raw,M_FSINFO_CLEAR_E168B3AB,bra,8,8,4,2,2
raw,M_FSINFO_CLEAR_E168B3AB,bra,109,107,4,2,2
raw,M_FSINFO_CLEAR_E168B3AB,bra,191,187,4,2,2
raw,M_FSINFO_NAME_B42C963D,bra,8,8,4,2,2
raw,M_FSINFO_NAME_B42C963D,brl,71,69,4,3,1
raw,M_FSINFO_NAME_B42C963D,brl,99,96,4,3,1
raw,M_FSINFO_NAME_B42C963D,bra,418,414,4,2,2
raw,M_FSINFO_NAME_B42C963D,bra,424,418,4,2,2
raw,M_FSINFO_NAME_B42C963D,brl,451,443,4,3,1
raw,M_FSINFO_NAME_B42C963D,brl,488,479,4,3,1
raw,M_FSINFO_NAME_B42C963D,bra,615,605,4,2,2
raw,M_FSINFO_NAME_B42C963D,brl,621,609,4,3,1
raw,M_FSINFO_NAME_B42C963D,brl,893,880,4,3,1
raw,M_FSINFO_NAME_B42C963D,brl,1014,1000,4,3,1
raw,M_FSINFO_NAME_B42C963D,brl,1172,1157,4,3,1
raw,M_FSINFO_NAME_B42C963D,bra,1299,1283,4,2,2
raw,M_FSINFO_NAME_B42C963D,brl,1305,1287,4,3,1
raw,M_FSINFO_NAME_B42C963D,brl,1577,1558,4,3,1
raw,M_FSINFO_FILL_CDFFBE8F,conditional,50,48,6,2,4
raw,M_FSINFO_FILL_CDFFBE8F,bra,8,8,4,2,2
raw,M_FSINFO_FILL_CDFFBE8F,bra,58,52,4,2,2
raw,M_FSINFO_FILL_CDFFBE8F,brl,173,165,4,3,1
raw,M_FSINFO_FILL_CDFFBE8F,bra,312,303,4,2,2
raw,M_FSINFO_FILL_CDFFBE8F,bra,538,527,4,2,2
raw,M_FSINFO_SAVE_B1E7031F,bra,8,8,4,2,2
raw,M_FSINFO_SAVE_B1E7031F,bra,46,44,4,2,2
raw,M_MYDOSFILE_RESTART_75C66A72,bra,8,8,4,2,2
raw,M_MYDOSFILE_OPEN_0FD3469F,bra,8,8,4,2,2
raw,M_MYDOSFILE_OPEN_0FD3469F,bra,165,163,4,2,2
raw,M_MYDOSFILE_OPEN_0FD3469F,bra,270,266,4,2,2
raw,M_MYDOSFILE_OPEN_0FD3469F,bra,317,311,4,2,2
raw,M_MYDOSFILE_OPEN_0FD3469F,bra,323,315,4,2,2
raw,M_MYDOSFILE_OPEN_0FD3469F,bra,368,358,4,2,2
raw,M_MYDOSFILE_OPEN_0FD3469F,bra,415,403,4,2,2
raw,M_MYDOSFILE_OPEN_0FD3469F,bra,578,564,4,2,2
raw,M_MYDOSFILE_OPEN_0FD3469F,brl,748,732,4,3,1
raw,M_MYDOSFILE_OPEN_0FD3469F,bra,1010,993,4,2,2
raw,M_MYDOSFILE_OPEN_0FD3469F,bra,1016,997,4,2,2
raw,M_MYDOSFILE_OPEN_0FD3469F,brl,1043,1022,4,3,1
raw,M_MYDOSFILE_OPEN_0FD3469F,bra,1207,1185,4,2,2
raw,M_MYDOSFILE_OPEN_0FD3469F,bra,1256,1232,4,2,2
raw,M_MYDOSFILE_OPEN_0FD3469F,brl,1354,1328,4,3,1
raw,M_MYDOSFILE_OPEN_0FD3469F,bra,1407,1380,4,2,2
raw,M_MYDOSFILE_OPEN_0FD3469F,bra,1498,1469,4,2,2
raw,M_MYDOSFILE_SECTORALLOWED_E72DFCC7,conditional,441,434,6,2,4
raw,M_MYDOSFILE_SECTORALLOWED_E72DFCC7,conditional,447,436,6,2,4
raw,M_MYDOSFILE_SECTORALLOWED_E72DFCC7,conditional,461,446,6,2,4
raw,M_MYDOSFILE_SECTORALLOWED_E72DFCC7,conditional,467,448,6,2,4
raw,M_MYDOSFILE_SECTORALLOWED_E72DFCC7,conditional,481,458,6,2,4
raw,M_MYDOSFILE_SECTORALLOWED_E72DFCC7,conditional,487,460,6,2,4
raw,M_MYDOSFILE_SECTORALLOWED_E72DFCC7,conditional,501,470,6,2,4
raw,M_MYDOSFILE_SECTORALLOWED_E72DFCC7,conditional,507,472,6,2,4
raw,M_MYDOSFILE_SECTORALLOWED_E72DFCC7,conditional,632,584,6,2,4
raw,M_MYDOSFILE_SECTORALLOWED_E72DFCC7,conditional,638,586,6,2,4
raw,M_MYDOSFILE_SECTORALLOWED_E72DFCC7,conditional,652,596,6,2,4
raw,M_MYDOSFILE_SECTORALLOWED_E72DFCC7,conditional,658,598,6,2,4
raw,M_MYDOSFILE_SECTORALLOWED_E72DFCC7,conditional,672,608,6,2,4
raw,M_MYDOSFILE_SECTORALLOWED_E72DFCC7,conditional,678,610,6,2,4
raw,M_MYDOSFILE_SECTORALLOWED_E72DFCC7,conditional,692,620,6,2,4
raw,M_MYDOSFILE_SECTORALLOWED_E72DFCC7,conditional,698,622,6,2,4
raw,M_MYDOSFILE_SECTORALLOWED_E72DFCC7,bra,8,8,4,2,2
raw,M_MYDOSFILE_SECTORALLOWED_E72DFCC7,bra,110,108,4,2,2
raw,M_MYDOSFILE_SECTORALLOWED_E72DFCC7,bra,195,191,4,2,2
raw,M_MYDOSFILE_SECTORALLOWED_E72DFCC7,brl,262,256,4,3,1
raw,M_MYDOSFILE_SECTORALLOWED_E72DFCC7,bra,513,474,4,2,2
raw,M_MYDOSFILE_SECTORALLOWED_E72DFCC7,bra,519,478,4,2,2
raw,M_MYDOSFILE_SECTORALLOWED_E72DFCC7,bra,525,482,4,2,2
raw,M_MYDOSFILE_SECTORALLOWED_E72DFCC7,bra,531,486,4,2,2
raw,M_MYDOSFILE_SECTORALLOWED_E72DFCC7,brl,547,500,4,3,1
raw,M_MYDOSFILE_SECTORALLOWED_E72DFCC7,bra,704,624,4,2,2
raw,M_MYDOSFILE_SECTORALLOWED_E72DFCC7,bra,710,628,4,2,2
raw,M_MYDOSFILE_SECTORALLOWED_E72DFCC7,bra,716,632,4,2,2
raw,M_MYDOSFILE_SECTORALLOWED_E72DFCC7,bra,722,636,4,2,2
raw,M_MYDOSFILE_SECTORALLOWED_E72DFCC7,bra,738,650,4,2,2
raw,M_MYDOSFILE_SECTORALLOWED_E72DFCC7,bra,770,680,4,2,2
raw,M_MYDOSFILE_SECTORALLOWED_E72DFCC7,bra,776,684,4,2,2
raw,M_MYDOSFILE_SECTORALLOWED_E72DFCC7,brl,803,709,4,3,1
raw,M_MYDOSFILE_VISIT_2F7F40D0,conditional,204,202,6,2,4
raw,M_MYDOSFILE_VISIT_2F7F40D0,conditional,210,204,6,2,4
raw,M_MYDOSFILE_VISIT_2F7F40D0,conditional,224,214,6,2,4
raw,M_MYDOSFILE_VISIT_2F7F40D0,conditional,230,216,6,2,4
raw,M_MYDOSFILE_VISIT_2F7F40D0,conditional,244,226,6,2,4
raw,M_MYDOSFILE_VISIT_2F7F40D0,conditional,250,228,6,2,4
raw,M_MYDOSFILE_VISIT_2F7F40D0,conditional,264,238,6,2,4
raw,M_MYDOSFILE_VISIT_2F7F40D0,conditional,270,240,6,2,4
raw,M_MYDOSFILE_VISIT_2F7F40D0,conditional,378,334,6,2,4
raw,M_MYDOSFILE_VISIT_2F7F40D0,conditional,687,635,6,2,4
raw,M_MYDOSFILE_VISIT_2F7F40D0,conditional,823,766,6,2,4
raw,M_MYDOSFILE_VISIT_2F7F40D0,conditional,831,770,6,2,4
raw,M_MYDOSFILE_VISIT_2F7F40D0,conditional,839,774,6,2,4
raw,M_MYDOSFILE_VISIT_2F7F40D0,conditional,849,780,6,2,4
raw,M_MYDOSFILE_VISIT_2F7F40D0,conditional,857,784,6,2,4
raw,M_MYDOSFILE_VISIT_2F7F40D0,conditional,880,803,6,2,4
raw,M_MYDOSFILE_VISIT_2F7F40D0,bra,8,8,4,2,2
raw,M_MYDOSFILE_VISIT_2F7F40D0,bra,276,242,4,2,2
raw,M_MYDOSFILE_VISIT_2F7F40D0,bra,282,246,4,2,2
raw,M_MYDOSFILE_VISIT_2F7F40D0,bra,288,250,4,2,2
raw,M_MYDOSFILE_VISIT_2F7F40D0,bra,294,254,4,2,2
raw,M_MYDOSFILE_VISIT_2F7F40D0,bra,310,268,4,2,2
raw,M_MYDOSFILE_VISIT_2F7F40D0,bra,392,344,4,2,2
raw,M_MYDOSFILE_VISIT_2F7F40D0,bra,605,555,4,2,2
raw,M_MYDOSFILE_VISIT_2F7F40D0,brl,701,645,4,3,1
raw,M_MYDOSFILE_VISIT_2F7F40D0,bra,886,805,4,2,2
raw,M_MYDOSFILE_TRAILER_58DD2DFC,conditional,556,551,6,2,4
raw,M_MYDOSFILE_TRAILER_58DD2DFC,conditional,564,555,6,2,4
raw,M_MYDOSFILE_TRAILER_58DD2DFC,conditional,583,570,6,2,4
raw,M_MYDOSFILE_TRAILER_58DD2DFC,conditional,726,705,6,2,4
raw,M_MYDOSFILE_TRAILER_58DD2DFC,conditional,734,709,6,2,4
raw,M_MYDOSFILE_TRAILER_58DD2DFC,conditional,753,724,6,2,4
raw,M_MYDOSFILE_TRAILER_58DD2DFC,bra,8,8,4,2,2
raw,M_MYDOSFILE_TRAILER_58DD2DFC,bra,471,469,4,2,2
raw,M_MYDOSFILE_TRAILER_58DD2DFC,brl,532,528,4,3,1
raw,M_MYDOSFILE_TRAILER_58DD2DFC,bra,589,572,4,2,2
raw,M_MYDOSFILE_TRAILER_58DD2DFC,bra,650,631,4,2,2
raw,M_MYDOSFILE_TRAILER_58DD2DFC,bra,759,726,4,2,2
raw,M_MYDOSFILE_LINK_86A70D17,conditional,320,315,6,2,4
raw,M_MYDOSFILE_LINK_86A70D17,conditional,326,317,6,2,4
raw,M_MYDOSFILE_LINK_86A70D17,conditional,340,327,6,2,4
raw,M_MYDOSFILE_LINK_86A70D17,conditional,346,329,6,2,4
raw,M_MYDOSFILE_LINK_86A70D17,conditional,360,339,6,2,4
raw,M_MYDOSFILE_LINK_86A70D17,conditional,366,341,6,2,4
raw,M_MYDOSFILE_LINK_86A70D17,conditional,380,351,6,2,4
raw,M_MYDOSFILE_LINK_86A70D17,conditional,386,353,6,2,4
raw,M_MYDOSFILE_LINK_86A70D17,conditional,694,646,6,2,4
raw,M_MYDOSFILE_LINK_86A70D17,conditional,700,648,6,2,4
raw,M_MYDOSFILE_LINK_86A70D17,conditional,714,658,6,2,4
raw,M_MYDOSFILE_LINK_86A70D17,conditional,720,660,6,2,4
raw,M_MYDOSFILE_LINK_86A70D17,conditional,734,670,6,2,4
raw,M_MYDOSFILE_LINK_86A70D17,conditional,740,672,6,2,4
raw,M_MYDOSFILE_LINK_86A70D17,conditional,754,682,6,2,4
raw,M_MYDOSFILE_LINK_86A70D17,conditional,760,684,6,2,4
raw,M_MYDOSFILE_LINK_86A70D17,bra,8,8,4,2,2
raw,M_MYDOSFILE_LINK_86A70D17,brl,71,69,4,3,1
raw,M_MYDOSFILE_LINK_86A70D17,bra,160,157,4,2,2
raw,M_MYDOSFILE_LINK_86A70D17,bra,392,355,4,2,2
raw,M_MYDOSFILE_LINK_86A70D17,bra,398,359,4,2,2
raw,M_MYDOSFILE_LINK_86A70D17,bra,404,363,4,2,2
raw,M_MYDOSFILE_LINK_86A70D17,bra,410,367,4,2,2
raw,M_MYDOSFILE_LINK_86A70D17,bra,426,381,4,2,2
raw,M_MYDOSFILE_LINK_86A70D17,brl,613,566,4,3,1
raw,M_MYDOSFILE_LINK_86A70D17,bra,766,686,4,2,2
raw,M_MYDOSFILE_LINK_86A70D17,bra,772,690,4,2,2
raw,M_MYDOSFILE_LINK_86A70D17,bra,778,694,4,2,2
raw,M_MYDOSFILE_LINK_86A70D17,bra,784,698,4,2,2
raw,M_MYDOSFILE_LINK_86A70D17,bra,800,712,4,2,2
raw,M_MYDOSFILE_VALIDATE_CCD11D35,conditional,203,199,6,2,4
raw,M_MYDOSFILE_VALIDATE_CCD11D35,conditional,209,201,6,2,4
raw,M_MYDOSFILE_VALIDATE_CCD11D35,conditional,223,211,6,2,4
raw,M_MYDOSFILE_VALIDATE_CCD11D35,conditional,229,213,6,2,4
raw,M_MYDOSFILE_VALIDATE_CCD11D35,conditional,243,223,6,2,4
raw,M_MYDOSFILE_VALIDATE_CCD11D35,conditional,249,225,6,2,4
raw,M_MYDOSFILE_VALIDATE_CCD11D35,conditional,263,235,6,2,4
raw,M_MYDOSFILE_VALIDATE_CCD11D35,conditional,269,237,6,2,4
raw,M_MYDOSFILE_VALIDATE_CCD11D35,bra,8,8,4,2,2
raw,M_MYDOSFILE_VALIDATE_CCD11D35,bra,63,61,4,2,2
raw,M_MYDOSFILE_VALIDATE_CCD11D35,bra,275,239,4,2,2
raw,M_MYDOSFILE_VALIDATE_CCD11D35,bra,281,243,4,2,2
raw,M_MYDOSFILE_VALIDATE_CCD11D35,bra,287,247,4,2,2
raw,M_MYDOSFILE_VALIDATE_CCD11D35,bra,293,251,4,2,2
raw,M_MYDOSFILE_VALIDATE_CCD11D35,bra,309,265,4,2,2
raw,M_MYDOSFILE_VALIDATE_CCD11D35,brl,315,269,4,3,1
raw,M_MYDOSFILE_VALIDATE_CCD11D35,bra,366,319,4,2,2
raw,M_MYDOSFILE_VALIDATE_CCD11D35,bra,457,408,4,2,2
raw,M_MYDOSFILE_VALIDATE_CCD11D35,brl,463,412,4,3,1
raw,M_MYDOSFILE_VALIDATE_CCD11D35,bra,483,431,4,2,2
raw,M_MYDOSFILE_VALIDATE_CCD11D35,bra,556,502,4,2,2
raw,M_MYDOSFILE_VALIDATE_CCD11D35,brl,562,506,4,3,1
raw,M_MYDOSFILE_VALIDATE_CCD11D35,bra,590,533,4,2,2
raw,M_MYDOSFILE_VALIDATE_CCD11D35,bra,677,618,4,2,2
raw,M_MYDOSFILE_VALIDATE_CCD11D35,bra,683,622,4,2,2
raw,M_MYDOSFILE_VALIDATE_CCD11D35,bra,711,648,4,2,2
raw,M_MYDOSFILE_VALIDATE_CCD11D35,bra,798,733,4,2,2
raw,M_MYDOSFILE_VALIDATE_CCD11D35,brl,903,836,4,3,1
raw,M_MYDOSFILE_VALIDATE_CCD11D35,bra,956,888,4,2,2
raw,M_MYDOSFILE_VALIDATE_CCD11D35,bra,1047,977,4,2,2
raw,M_MYDOSFILE_FAIL_8A60C23B,conditional,282,280,6,2,4
raw,M_MYDOSFILE_FAIL_8A60C23B,bra,8,8,4,2,2
raw,M_MYDOSFILE_FAIL_8A60C23B,bra,290,284,4,2,2
raw,M_MYDOSFILE_FINISH_E4A712C2,bra,8,8,4,2,2
raw,M_MYDOSFILE_FINISH_E4A712C2,brl,63,61,4,3,1
raw,M_MYDOSFILE_FINISH_E4A712C2,brl,290,287,4,3,1
raw,M_MYDOSFILE_ADVANCE_71346BED,bra,8,8,4,2,2
raw,M_MYDOSFILE_BEGIN_902FB340,conditional,347,345,6,2,4
raw,M_MYDOSFILE_BEGIN_902FB340,bra,8,8,4,2,2
raw,M_MYDOSFILE_BEGIN_902FB340,bra,355,349,4,2,2
raw,M_MYDOSFILE_BEGINREAD_56DCAA56,conditional,306,302,6,2,4
raw,M_MYDOSFILE_BEGINREAD_56DCAA56,conditional,312,304,6,2,4
raw,M_MYDOSFILE_BEGINREAD_56DCAA56,conditional,326,314,6,2,4
raw,M_MYDOSFILE_BEGINREAD_56DCAA56,conditional,332,316,6,2,4
raw,M_MYDOSFILE_BEGINREAD_56DCAA56,conditional,346,326,6,2,4
raw,M_MYDOSFILE_BEGINREAD_56DCAA56,conditional,352,328,6,2,4
raw,M_MYDOSFILE_BEGINREAD_56DCAA56,conditional,366,338,6,2,4
raw,M_MYDOSFILE_BEGINREAD_56DCAA56,conditional,372,340,6,2,4
raw,M_MYDOSFILE_BEGINREAD_56DCAA56,conditional,606,559,6,2,4
raw,M_MYDOSFILE_BEGINREAD_56DCAA56,conditional,871,816,6,2,4
raw,M_MYDOSFILE_BEGINREAD_56DCAA56,conditional,877,818,6,2,4
raw,M_MYDOSFILE_BEGINREAD_56DCAA56,conditional,891,828,6,2,4
raw,M_MYDOSFILE_BEGINREAD_56DCAA56,conditional,897,830,6,2,4
raw,M_MYDOSFILE_BEGINREAD_56DCAA56,conditional,911,840,6,2,4
raw,M_MYDOSFILE_BEGINREAD_56DCAA56,conditional,917,842,6,2,4
raw,M_MYDOSFILE_BEGINREAD_56DCAA56,conditional,931,852,6,2,4
raw,M_MYDOSFILE_BEGINREAD_56DCAA56,conditional,937,854,6,2,4
raw,M_MYDOSFILE_BEGINREAD_56DCAA56,conditional,1597,1493,6,2,4
raw,M_MYDOSFILE_BEGINREAD_56DCAA56,bra,8,8,4,2,2
raw,M_MYDOSFILE_BEGINREAD_56DCAA56,bra,46,44,4,2,2
raw,M_MYDOSFILE_BEGINREAD_56DCAA56,bra,378,342,4,2,2
raw,M_MYDOSFILE_BEGINREAD_56DCAA56,bra,384,346,4,2,2
raw,M_MYDOSFILE_BEGINREAD_56DCAA56,bra,390,350,4,2,2
raw,M_MYDOSFILE_BEGINREAD_56DCAA56,bra,396,354,4,2,2
raw,M_MYDOSFILE_BEGINREAD_56DCAA56,brl,412,368,4,3,1
raw,M_MYDOSFILE_BEGINREAD_56DCAA56,bra,450,405,4,2,2
raw,M_MYDOSFILE_BEGINREAD_56DCAA56,bra,620,569,4,2,2
raw,M_MYDOSFILE_BEGINREAD_56DCAA56,bra,642,589,4,2,2
raw,M_MYDOSFILE_BEGINREAD_56DCAA56,bra,943,856,4,2,2
raw,M_MYDOSFILE_BEGINREAD_56DCAA56,bra,949,860,4,2,2
raw,M_MYDOSFILE_BEGINREAD_56DCAA56,bra,955,864,4,2,2
raw,M_MYDOSFILE_BEGINREAD_56DCAA56,bra,961,868,4,2,2
raw,M_MYDOSFILE_BEGINREAD_56DCAA56,brl,977,882,4,3,1
raw,M_MYDOSFILE_BEGINREAD_56DCAA56,bra,1015,919,4,2,2
raw,M_MYDOSFILE_BEGINREAD_56DCAA56,bra,1213,1115,4,2,2
raw,M_MYDOSFILE_BEGINREAD_56DCAA56,brl,1298,1198,4,3,1
raw,M_MYDOSFILE_BEGINREAD_56DCAA56,bra,1336,1235,4,2,2
raw,M_MYDOSFILE_BEGINREAD_56DCAA56,brl,1501,1398,4,3,1
raw,M_MYDOSFILE_BEGINREAD_56DCAA56,bra,1611,1503,4,2,2
raw,M_MYDOSFILE_BEGINREAD_56DCAA56,bra,1633,1523,4,2,2
raw,M_MYDOSFILE_BEGINREAD_56DCAA56,bra,1786,1674,4,2,2
raw,M_MYDOSFILE_BEGINREAD_56DCAA56,bra,1834,1720,4,2,2
raw,M_MYDOSFILE_TARGET_3D0FAE04,conditional,86,84,6,2,4
raw,M_MYDOSFILE_TARGET_3D0FAE04,conditional,92,86,6,2,4
raw,M_MYDOSFILE_TARGET_3D0FAE04,conditional,106,96,6,2,4
raw,M_MYDOSFILE_TARGET_3D0FAE04,conditional,112,98,6,2,4
raw,M_MYDOSFILE_TARGET_3D0FAE04,conditional,126,108,6,2,4
raw,M_MYDOSFILE_TARGET_3D0FAE04,conditional,132,110,6,2,4
raw,M_MYDOSFILE_TARGET_3D0FAE04,conditional,146,120,6,2,4
raw,M_MYDOSFILE_TARGET_3D0FAE04,conditional,152,122,6,2,4
raw,M_MYDOSFILE_TARGET_3D0FAE04,conditional,291,248,6,2,4
raw,M_MYDOSFILE_TARGET_3D0FAE04,conditional,297,250,6,2,4
raw,M_MYDOSFILE_TARGET_3D0FAE04,conditional,311,260,6,2,4
raw,M_MYDOSFILE_TARGET_3D0FAE04,conditional,317,262,6,2,4
raw,M_MYDOSFILE_TARGET_3D0FAE04,conditional,331,272,6,2,4
raw,M_MYDOSFILE_TARGET_3D0FAE04,conditional,337,274,6,2,4
raw,M_MYDOSFILE_TARGET_3D0FAE04,conditional,351,284,6,2,4
raw,M_MYDOSFILE_TARGET_3D0FAE04,conditional,357,286,6,2,4
raw,M_MYDOSFILE_TARGET_3D0FAE04,conditional,658,571,6,2,4
raw,M_MYDOSFILE_TARGET_3D0FAE04,conditional,664,573,6,2,4
raw,M_MYDOSFILE_TARGET_3D0FAE04,conditional,678,583,6,2,4
raw,M_MYDOSFILE_TARGET_3D0FAE04,conditional,684,585,6,2,4
raw,M_MYDOSFILE_TARGET_3D0FAE04,conditional,698,595,6,2,4
raw,M_MYDOSFILE_TARGET_3D0FAE04,conditional,704,597,6,2,4
raw,M_MYDOSFILE_TARGET_3D0FAE04,conditional,718,607,6,2,4
raw,M_MYDOSFILE_TARGET_3D0FAE04,conditional,724,609,6,2,4
raw,M_MYDOSFILE_TARGET_3D0FAE04,conditional,1186,1055,6,2,4
raw,M_MYDOSFILE_TARGET_3D0FAE04,conditional,1192,1057,6,2,4
raw,M_MYDOSFILE_TARGET_3D0FAE04,conditional,1206,1067,6,2,4
raw,M_MYDOSFILE_TARGET_3D0FAE04,conditional,1212,1069,6,2,4
raw,M_MYDOSFILE_TARGET_3D0FAE04,conditional,1226,1079,6,2,4
raw,M_MYDOSFILE_TARGET_3D0FAE04,conditional,1232,1081,6,2,4
raw,M_MYDOSFILE_TARGET_3D0FAE04,conditional,1246,1091,6,2,4
raw,M_MYDOSFILE_TARGET_3D0FAE04,conditional,1252,1093,6,2,4
raw,M_MYDOSFILE_TARGET_3D0FAE04,conditional,1612,1436,6,2,4
raw,M_MYDOSFILE_TARGET_3D0FAE04,bra,8,8,4,2,2
raw,M_MYDOSFILE_TARGET_3D0FAE04,bra,158,124,4,2,2
raw,M_MYDOSFILE_TARGET_3D0FAE04,bra,164,128,4,2,2
raw,M_MYDOSFILE_TARGET_3D0FAE04,bra,170,132,4,2,2
raw,M_MYDOSFILE_TARGET_3D0FAE04,bra,176,136,4,2,2
raw,M_MYDOSFILE_TARGET_3D0FAE04,brl,192,150,4,3,1
raw,M_MYDOSFILE_TARGET_3D0FAE04,bra,363,288,4,2,2
raw,M_MYDOSFILE_TARGET_3D0FAE04,bra,369,292,4,2,2
raw,M_MYDOSFILE_TARGET_3D0FAE04,bra,375,296,4,2,2
raw,M_MYDOSFILE_TARGET_3D0FAE04,bra,381,300,4,2,2
raw,M_MYDOSFILE_TARGET_3D0FAE04,brl,397,314,4,3,1
raw,M_MYDOSFILE_TARGET_3D0FAE04,bra,435,351,4,2,2
raw,M_MYDOSFILE_TARGET_3D0FAE04,brl,541,455,4,3,1
raw,M_MYDOSFILE_TARGET_3D0FAE04,bra,730,611,4,2,2
raw,M_MYDOSFILE_TARGET_3D0FAE04,bra,736,615,4,2,2
raw,M_MYDOSFILE_TARGET_3D0FAE04,bra,742,619,4,2,2
raw,M_MYDOSFILE_TARGET_3D0FAE04,bra,748,623,4,2,2
raw,M_MYDOSFILE_TARGET_3D0FAE04,brl,764,637,4,3,1
raw,M_MYDOSFILE_TARGET_3D0FAE04,bra,802,674,4,2,2
raw,M_MYDOSFILE_TARGET_3D0FAE04,brl,1080,950,4,3,1
raw,M_MYDOSFILE_TARGET_3D0FAE04,bra,1258,1095,4,2,2
raw,M_MYDOSFILE_TARGET_3D0FAE04,bra,1264,1099,4,2,2
raw,M_MYDOSFILE_TARGET_3D0FAE04,bra,1270,1103,4,2,2
raw,M_MYDOSFILE_TARGET_3D0FAE04,bra,1276,1107,4,2,2
raw,M_MYDOSFILE_TARGET_3D0FAE04,brl,1292,1121,4,3,1
raw,M_MYDOSFILE_TARGET_3D0FAE04,bra,1330,1158,4,2,2
raw,M_MYDOSFILE_TARGET_3D0FAE04,bra,1478,1304,4,2,2
raw,M_MYDOSFILE_TARGET_3D0FAE04,bra,1626,1446,4,2,2
raw,M_MYDOSFILE_TARGET_3D0FAE04,bra,1648,1466,4,2,2
raw,M_MYDOSFILE_BEGINSEEK_007E9A86,conditional,172,168,6,2,4
raw,M_MYDOSFILE_BEGINSEEK_007E9A86,conditional,196,186,6,2,4
raw,M_MYDOSFILE_BEGINSEEK_007E9A86,conditional,404,387,6,2,4
raw,M_MYDOSFILE_BEGINSEEK_007E9A86,bra,8,8,4,2,2
raw,M_MYDOSFILE_BEGINSEEK_007E9A86,bra,46,44,4,2,2
raw,M_MYDOSFILE_BEGINSEEK_007E9A86,bra,180,172,4,2,2
raw,M_MYDOSFILE_BEGINSEEK_007E9A86,brl,210,196,4,3,1
raw,M_MYDOSFILE_BEGINSEEK_007E9A86,bra,248,233,4,2,2
raw,M_MYDOSFILE_BEGINSEEK_007E9A86,brl,418,397,4,3,1
raw,M_MYDOSFILE_BEGINSEEK_007E9A86,bra,470,448,4,2,2
raw,M_MYDOSFILE_BEGINSEEK_007E9A86,brl,634,610,4,3,1
raw,M_MYDOSFILE_BEGINSEEK_007E9A86,bra,672,647,4,2,2
raw,M_MYDOSFILE_BEGINSEEK_007E9A86,brl,837,810,4,3,1
raw,M_MYDOSFILE_BEGINSEEK_007E9A86,bra,915,887,4,2,2
raw,M_MYDOSFILE_BEGINSEEK_007E9A86,bra,1063,1033,4,2,2
raw,M_MYDOSFILE_LOCATE_F172D4F1,conditional,254,252,6,2,4
raw,M_MYDOSFILE_LOCATE_F172D4F1,conditional,260,254,6,2,4
raw,M_MYDOSFILE_LOCATE_F172D4F1,conditional,274,264,6,2,4
raw,M_MYDOSFILE_LOCATE_F172D4F1,conditional,280,266,6,2,4
raw,M_MYDOSFILE_LOCATE_F172D4F1,conditional,294,276,6,2,4
raw,M_MYDOSFILE_LOCATE_F172D4F1,conditional,300,278,6,2,4
raw,M_MYDOSFILE_LOCATE_F172D4F1,conditional,314,288,6,2,4
raw,M_MYDOSFILE_LOCATE_F172D4F1,conditional,320,290,6,2,4
raw,M_MYDOSFILE_LOCATE_F172D4F1,bra,8,8,4,2,2
raw,M_MYDOSFILE_LOCATE_F172D4F1,bra,326,292,4,2,2
raw,M_MYDOSFILE_LOCATE_F172D4F1,bra,332,296,4,2,2
raw,M_MYDOSFILE_LOCATE_F172D4F1,bra,338,300,4,2,2
raw,M_MYDOSFILE_LOCATE_F172D4F1,bra,344,304,4,2,2
raw,M_MYDOSFILE_LOCATE_F172D4F1,brl,360,318,4,3,1
raw,M_MYDOSFILE_LOCATE_F172D4F1,bra,587,544,4,2,2
raw,M_MYDOSFILE_LOCATE_F172D4F1,bra,609,564,4,2,2
raw,M_MYDOSFILE_LOCATE_F172D4F1,brl,809,762,4,3,1
raw,M_MYDOSFILE_LOCATE_F172D4F1,bra,847,799,4,2,2
raw,M_MYDOSFILE_LOCATE_F172D4F1,bra,995,945,4,2,2
raw,M_MYDOSFILE_COPY_B45932A2,bra,8,8,4,2,2
raw,M_MYDOSFILE_COPY_B45932A2,brl,441,439,4,3,1
raw,M_MYDOSFILE_COPY_B45932A2,bra,586,583,4,2,2
raw,M_MYDOSFILE_COPY_B45932A2,bra,592,587,4,2,2
raw,M_MYDOSFILE_COPY_B45932A2,brl,608,601,4,3,1
raw,M_MYDOSFILE_CONSUME_CDF927EF,conditional,201,199,6,2,4
raw,M_MYDOSFILE_CONSUME_CDF927EF,conditional,207,201,6,2,4
raw,M_MYDOSFILE_CONSUME_CDF927EF,conditional,221,211,6,2,4
raw,M_MYDOSFILE_CONSUME_CDF927EF,conditional,227,213,6,2,4
raw,M_MYDOSFILE_CONSUME_CDF927EF,conditional,241,223,6,2,4
raw,M_MYDOSFILE_CONSUME_CDF927EF,conditional,247,225,6,2,4
raw,M_MYDOSFILE_CONSUME_CDF927EF,conditional,261,235,6,2,4
raw,M_MYDOSFILE_CONSUME_CDF927EF,conditional,267,237,6,2,4
raw,M_MYDOSFILE_CONSUME_CDF927EF,conditional,835,788,6,2,4
raw,M_MYDOSFILE_CONSUME_CDF927EF,bra,8,8,4,2,2
raw,M_MYDOSFILE_CONSUME_CDF927EF,bra,273,239,4,2,2
raw,M_MYDOSFILE_CONSUME_CDF927EF,bra,279,243,4,2,2
raw,M_MYDOSFILE_CONSUME_CDF927EF,bra,285,247,4,2,2
raw,M_MYDOSFILE_CONSUME_CDF927EF,bra,291,251,4,2,2
raw,M_MYDOSFILE_CONSUME_CDF927EF,bra,307,265,4,2,2
raw,M_MYDOSFILE_CONSUME_CDF927EF,brl,381,337,4,3,1
raw,M_MYDOSFILE_CONSUME_CDF927EF,bra,407,362,4,2,2
raw,M_MYDOSFILE_CONSUME_CDF927EF,bra,849,798,4,2,2
raw,M_MYDOSFILE_CONSUME_CDF927EF,bra,855,802,4,2,2
raw,M_MYDOSFILE_CONSUME_CDF927EF,bra,926,871,4,2,2
raw,M_MYDOSFILE_CONSUME_CDF927EF,bra,948,891,4,2,2
raw,M_MYDOSFILE_CONSUME_CDF927EF,bra,1084,1025,4,2,2
raw,M_MYDOSFILE_CONTINUEOPERATION_DDF4199B,bra,8,8,4,2,2
raw,M_MYDOSFILE_CONTINUEOPERATION_DDF4199B,bra,106,104,4,2,2
raw,M_MYDOSFILE_CONTINUEOPERATION_DDF4199B,brl,193,189,4,3,1
raw,M_MYDOSFILE_CONTINUEOPERATION_DDF4199B,bra,271,266,4,2,2
raw,M_MYDOSFILE_CONTINUEOPERATION_DDF4199B,brl,410,403,4,3,1
raw,M_MYDOSFILE_CONTINUEOPERATION_DDF4199B,brl,483,475,4,3,1
raw,M_MYDOSFILE_CONTINUEOPERATION_DDF4199B,bra,561,552,4,2,2
raw,M_MYDOSFILE_CONTINUEOPERATION_DDF4199B,bra,709,698,4,2,2
raw,M_MYDOSFILE_CONTINUEOPERATION_DDF4199B,brl,811,798,4,3,1
raw,M_MYDOSFILE_CONTINUEOPERATION_DDF4199B,bra,833,819,4,2,2
raw,M_MYDOSFILE_CONTINUEOPERATION_DDF4199B,bra,914,898,4,2,2
raw,M_MYDOSFILE_CONTINUEOPERATION_DDF4199B,bra,975,957,4,2,2
raw,M_MYDOSFILE_RUN_01B89F42,conditional,225,220,6,2,4
raw,M_MYDOSFILE_RUN_01B89F42,bra,8,8,4,2,2
raw,M_MYDOSFILE_RUN_01B89F42,brl,52,50,4,3,1
raw,M_MYDOSFILE_RUN_01B89F42,bra,149,146,4,2,2
raw,M_MYDOSFILE_RUN_01B89F42,brl,241,232,4,3,1
raw,M_MYDOSFILE_RUN_01B89F42,bra,319,309,4,2,2
raw,M_MYDOSFILE_RUN_01B89F42,bra,402,390,4,2,2
raw,M_MYDOSFILE_RUN_01B89F42,bra,422,408,4,2,2
raw,M_MYDOSFILE_RUN_01B89F42,brl,493,477,4,3,1
raw,M_FSDIRECTORY_LOCKCURSORSTEP_29BACC3E,bra,8,8,4,2,2
raw,M_FSDIRECTORY_LOCKCURSORSTEP_29BACC3E,bra,224,222,4,2,2
raw,M_FSDIRECTORY_LOCKCURSORSTEP_29BACC3E,brl,472,468,4,3,1
raw,M_FSDIRECTORY_LOCKCURSORSTEP_29BACC3E,bra,778,773,4,2,2
raw,M_FSDIRECTORY_LOCKCURSORSTEP_29BACC3E,bra,784,777,4,2,2
raw,M_FSDIRECTORY_LOCKCURSORSTEP_29BACC3E,brl,811,802,4,3,1
raw,M_FSDIRECTORY_SELECTSTEP_815DA095,conditional,619,610,6,2,4
raw,M_FSDIRECTORY_SELECTSTEP_815DA095,conditional,1109,1090,6,2,4
raw,M_FSDIRECTORY_SELECTSTEP_815DA095,bra,8,8,4,2,2
raw,M_FSDIRECTORY_SELECTSTEP_815DA095,bra,126,124,4,2,2
raw,M_FSDIRECTORY_SELECTSTEP_815DA095,brl,197,193,4,3,1
raw,M_FSDIRECTORY_SELECTSTEP_815DA095,bra,235,230,4,2,2
raw,M_FSDIRECTORY_SELECTSTEP_815DA095,bra,475,468,4,2,2
raw,M_FSDIRECTORY_SELECTSTEP_815DA095,brl,635,622,4,3,1
raw,M_FSDIRECTORY_SELECTSTEP_815DA095,bra,673,659,4,2,2
raw,M_FSDIRECTORY_SELECTSTEP_815DA095,brl,889,873,4,3,1
raw,M_FSDIRECTORY_SELECTSTEP_815DA095,bra,927,910,4,2,2
raw,M_FSDIRECTORY_SELECTSTEP_815DA095,bra,1123,1100,4,2,2
raw,M_FSDIRECTORY_SELECTSTEP_815DA095,bra,1170,1145,4,2,2
raw,M_FSDIRECTORY_INFOSTEP_3CC6E53D,conditional,501,494,6,2,4
raw,M_FSDIRECTORY_INFOSTEP_3CC6E53D,bra,8,8,4,2,2
raw,M_FSDIRECTORY_INFOSTEP_3CC6E53D,bra,126,124,4,2,2
raw,M_FSDIRECTORY_INFOSTEP_3CC6E53D,brl,197,193,4,3,1
raw,M_FSDIRECTORY_INFOSTEP_3CC6E53D,bra,235,230,4,2,2
raw,M_FSDIRECTORY_INFOSTEP_3CC6E53D,bra,509,498,4,2,2
raw,M_FSDIRECTORY_INFOSTEP_3CC6E53D,bra,529,516,4,2,2
raw,M_FSDIRECTORY_INFOSTEP_3CC6E53D,brl,614,599,4,3,1
raw,M_FSDIRECTORY_INFOSTEP_3CC6E53D,bra,652,636,4,2,2
raw,M_FSDIRECTORY_RESTORESTEP_8AADA789,conditional,658,650,6,2,4
raw,M_FSDIRECTORY_RESTORESTEP_8AADA789,bra,8,8,4,2,2
raw,M_FSDIRECTORY_RESTORESTEP_8AADA789,brl,239,237,4,3,1
raw,M_FSDIRECTORY_RESTORESTEP_8AADA789,bra,545,542,4,2,2
raw,M_FSDIRECTORY_RESTORESTEP_8AADA789,bra,551,546,4,2,2
raw,M_FSDIRECTORY_RESTORESTEP_8AADA789,brl,578,571,4,3,1
raw,M_FSDIRECTORY_RESTORESTEP_8AADA789,brl,672,660,4,3,1
raw,M_FSDIRECTORY_RESTORESTEP_8AADA789,bra,840,827,4,2,2
raw,M_FSDIRECTORY_RESTORESTEP_8AADA789,brl,1060,1045,4,3,1
raw,M_FSDIRECTORY_RESTORESTEP_8AADA789,bra,1098,1082,4,2,2
raw,M_FSDIRECTORY_STATESTEP_73ED4FBC,bra,8,8,4,2,2
raw,M_FSDIRECTORY_STATESTEP_73ED4FBC,bra,116,114,4,2,2
raw,M_FSDIRECTORY_STATESTEP_73ED4FBC,bra,252,248,4,2,2
raw,M_FSDIRECTORY_STATESTEP_73ED4FBC,brl,258,252,4,3,1
raw,M_FSDIRECTORY_STATESTEP_73ED4FBC,bra,358,351,4,2,2
raw,M_FSDIRECTORY_STATESTEP_73ED4FBC,brl,364,355,4,3,1
raw,M_FSDIRECTORY_STATESTEP_73ED4FBC,bra,452,442,4,2,2
raw,M_FSDIRECTORY_STATESTEP_73ED4FBC,bra,458,446,4,2,2
raw,M_FSDIRECTORY_STATESTEP_73ED4FBC,brl,560,546,4,3,1
raw,M_FSDIRECTORY_STATESTEP_73ED4FBC,bra,598,583,4,2,2
raw,M_FSDIRECTORY_STATESTEP_73ED4FBC,brl,737,720,4,3,1
raw,M_FSDIRECTORY_STATESTEP_73ED4FBC,bra,775,757,4,2,2
raw,M_FSDIRECTORY_END_806A2136,bra,8,8,4,2,2
raw,M_FSDIRECTORY_END_806A2136,bra,118,116,4,2,2
raw,M_FSDIRECTORY_END_806A2136,bra,223,219,4,2,2
raw,M_FSDIRECTORY_ENTRYSTEP_D4EA4ABB,bra,8,8,4,2,2
raw,M_FSDIRECTORY_ENTRYSTEP_D4EA4ABB,bra,180,178,4,2,2
raw,M_FSDIRECTORY_ENTRYSTEP_D4EA4ABB,brl,275,271,4,3,1
raw,M_FSDIRECTORY_ENTRYSTEP_D4EA4ABB,bra,353,348,4,2,2
raw,M_FSDIRECTORY_ENTRYSTEP_D4EA4ABB,bra,473,466,4,2,2
raw,M_FSDIRECTORY_ENTRYSTEP_D4EA4ABB,bra,495,486,4,2,2
raw,M_FSDIRECTORY_ENTRYRESULTSTEP_4C458A60,bra,8,8,4,2,2
raw,M_FSDIRECTORY_ENTRYRESULTSTEP_4C458A60,brl,95,93,4,3,1
raw,M_FSDIRECTORY_ENTRYRESULTSTEP_4C458A60,bra,173,170,4,2,2
raw,M_FSDIRECTORY_ENTRYRESULTSTEP_4C458A60,bra,321,316,4,2,2
raw,M_FSDIRECTORY_ENTRYRESULTSTEP_4C458A60,brl,402,395,4,3,1
raw,M_FSDIRECTORY_ENTRYRESULTSTEP_4C458A60,bra,480,472,4,2,2
raw,M_FSDIRECTORY_ENTRYRESULTSTEP_4C458A60,bra,600,590,4,2,2
raw,M_FSDIRECTORY_ENTRYRESULTSTEP_4C458A60,bra,622,610,4,2,2
raw,M_FSDIRECTORY_ENTRYRESULTSTEP_4C458A60,bra,783,769,4,2,2
raw,M_FSDIRECTORY_SIZESTEP_0C182F8A,conditional,259,256,6,2,4
raw,M_FSDIRECTORY_SIZESTEP_0C182F8A,bra,8,8,4,2,2
raw,M_FSDIRECTORY_SIZESTEP_0C182F8A,brl,177,175,4,3,1
raw,M_FSDIRECTORY_SIZESTEP_0C182F8A,brl,273,266,4,3,1
raw,M_FSDIRECTORY_SIZESTEP_0C182F8A,bra,321,313,4,2,2
raw,M_FSDIRECTORY_SIZESTEP_0C182F8A,brl,394,384,4,3,1
raw,M_FSDIRECTORY_SIZESTEP_0C182F8A,bra,472,461,4,2,2
raw,M_FSDIRECTORY_SIZESTEP_0C182F8A,bra,728,715,4,2,2
raw,M_FSDIRECTORY_SIZESTEP_0C182F8A,brl,815,800,4,3,1
raw,M_FSDIRECTORY_SIZESTEP_0C182F8A,bra,893,877,4,2,2
raw,M_FSDIRECTORY_SIZESTARTSTEP_F40FBDAE,bra,8,8,4,2,2
raw,M_FSDIRECTORY_SIZESTARTSTEP_F40FBDAE,bra,95,93,4,2,2
raw,M_FSDIRECTORY_SIZECONTINUESTEP_1EAFA525,bra,8,8,4,2,2
raw,M_FSDIRECTORY_SIZECONTINUESTEP_1EAFA525,brl,95,93,4,3,1
raw,M_FSDIRECTORY_SIZECONTINUESTEP_1EAFA525,bra,173,170,4,2,2
raw,M_FSDIRECTORY_SIZECONTINUESTEP_1EAFA525,bra,376,371,4,2,2
raw,M_FSDIRECTORY_SIZECONTINUESTEP_1EAFA525,brl,463,456,4,3,1
raw,M_FSDIRECTORY_SIZECONTINUESTEP_1EAFA525,bra,541,533,4,2,2
raw,M_FSDIRECTORY_SIZECONTINUESTEP_1EAFA525,bra,688,678,4,2,2
raw,M_FSDIRECTORY_SIZECONTINUESTEP_1EAFA525,bra,810,798,4,2,2
raw,M_FSDIRECTORY_CLEARSTEP_2A4A8FB8,bra,8,8,4,2,2
raw,M_FSDIRECTORY_CLEARSTEP_2A4A8FB8,bra,116,114,4,2,2
raw,M_FSDIRECTORY_NAMESTEP_97C5C3EC,bra,8,8,4,2,2
raw,M_FSDIRECTORY_NAMESTEP_97C5C3EC,bra,227,225,4,2,2
raw,M_FSDIRECTORY_FILLSTEP_E0581636,bra,8,8,4,2,2
raw,M_FSDIRECTORY_FILLSTEP_E0581636,bra,223,221,4,2,2
raw,M_FSDIRECTORY_PUBLISHSTEP_CC8DC0F6,conditional,321,317,6,2,4
raw,M_FSDIRECTORY_PUBLISHSTEP_CC8DC0F6,bra,8,8,4,2,2
raw,M_FSDIRECTORY_PUBLISHSTEP_CC8DC0F6,bra,177,175,4,2,2
raw,M_FSDIRECTORY_PUBLISHSTEP_CC8DC0F6,bra,329,321,4,2,2
raw,M_FSDIRECTORY_PUBLISHSTEP_CC8DC0F6,bra,379,369,4,2,2
raw,M_FSIO_BEGIN_68AD59C5,bra,8,8,4,2,2
raw,M_FSIO_BEGIN_68AD59C5,bra,348,346,4,2,2
raw,M_FSIO_BEGIN_68AD59C5,bra,567,563,4,2,2
raw,M_FSIO_COMPLETE_3A967BA3,bra,8,8,4,2,2
raw,M_FSIO_COMPLETE_3A967BA3,bra,289,287,4,2,2
raw,M_FSIO_COMPLETE_3A967BA3,brl,487,483,4,3,1
raw,M_FSIO_COMPLETE_3A967BA3,bra,569,564,4,2,2
raw,M_FSIO_COMPLETE_3A967BA3,bra,632,625,4,2,2
raw,M_FSIO_COMPLETE_3A967BA3,bra,654,645,4,2,2
raw,M_FSIO_OFFLINE_B7567A31,bra,8,8,4,2,2
raw,M_FSIO_OFFLINE_B7567A31,brl,90,88,4,3,1
raw,M_FSIO_OFFLINE_B7567A31,brl,275,272,4,3,1
raw,M_FSIO_OFFLINE_B7567A31,bra,314,310,4,2,2
raw,M_FSIO_OFFLINE_B7567A31,bra,447,441,4,2,2
raw,M_FSIO_OFFLINE_B7567A31,bra,453,445,4,2,2
raw,M_FSIO_OFFLINE_B7567A31,brl,480,470,4,3,1
raw,M_FSHANDLER_OPENRESULTSTEP_0C25E5DB,conditional,130,128,6,2,4
raw,M_FSHANDLER_OPENRESULTSTEP_0C25E5DB,conditional,154,146,6,2,4
raw,M_FSHANDLER_OPENRESULTSTEP_0C25E5DB,conditional,539,521,6,2,4
raw,M_FSHANDLER_OPENRESULTSTEP_0C25E5DB,conditional,1285,1251,6,2,4
raw,M_FSHANDLER_OPENRESULTSTEP_0C25E5DB,bra,8,8,4,2,2
raw,M_FSHANDLER_OPENRESULTSTEP_0C25E5DB,bra,138,132,4,2,2
raw,M_FSHANDLER_OPENRESULTSTEP_0C25E5DB,brl,168,156,4,3,1
raw,M_FSHANDLER_OPENRESULTSTEP_0C25E5DB,brl,243,230,4,3,1
raw,M_FSHANDLER_OPENRESULTSTEP_0C25E5DB,bra,281,267,4,2,2
raw,M_FSHANDLER_OPENRESULTSTEP_0C25E5DB,bra,411,395,4,2,2
raw,M_FSHANDLER_OPENRESULTSTEP_0C25E5DB,brl,555,533,4,3,1
raw,M_FSHANDLER_OPENRESULTSTEP_0C25E5DB,bra,593,570,4,2,2
raw,M_FSHANDLER_OPENRESULTSTEP_0C25E5DB,bra,741,716,4,2,2
raw,M_FSHANDLER_OPENRESULTSTEP_0C25E5DB,brl,814,787,4,3,1
raw,M_FSHANDLER_OPENRESULTSTEP_0C25E5DB,bra,908,880,4,2,2
raw,M_FSHANDLER_OPENRESULTSTEP_0C25E5DB,bra,1002,972,4,2,2
raw,M_FSHANDLER_OPENRESULTSTEP_0C25E5DB,bra,1103,1071,4,2,2
raw,M_FSHANDLER_OPENRESULTSTEP_0C25E5DB,bra,1299,1261,4,2,2
raw,M_FSHANDLER_OPENRESULTSTEP_0C25E5DB,bra,1346,1306,4,2,2
raw,M_FSHANDLER_CURSORSTEP_0CA2CA5E,bra,8,8,4,2,2
raw,M_FSHANDLER_CURSORSTEP_0CA2CA5E,bra,181,179,4,2,2
raw,M_FSHANDLER_CURSORSTEP_0CA2CA5E,brl,268,264,4,3,1
raw,M_FSHANDLER_CURSORSTEP_0CA2CA5E,bra,362,357,4,2,2
raw,M_FSHANDLER_CURSORSTEP_0CA2CA5E,bra,456,449,4,2,2
raw,M_FSHANDLER_CURSORSTEP_0CA2CA5E,bra,597,588,4,2,2
raw,M_FSHANDLER_OPENSTEP_A7675710,bra,8,8,4,2,2
raw,M_FSHANDLER_OPENSTEP_A7675710,bra,126,124,4,2,2
raw,M_FSHANDLER_OPENSTEP_A7675710,bra,197,193,4,2,2
raw,M_FSHANDLER_OPENSTEP_A7675710,brl,203,197,4,3,1
raw,M_FSHANDLER_OPENSTEP_A7675710,bra,271,264,4,2,2
raw,M_FSHANDLER_OPENSTEP_A7675710,brl,342,333,4,3,1
raw,M_FSHANDLER_OPENSTEP_A7675710,bra,380,370,4,2,2
raw,M_FSHANDLER_OPENSTEP_A7675710,bra,622,610,4,2,2
raw,M_FSHANDLER_OPENSTEP_A7675710,brl,707,693,4,3,1
raw,M_FSHANDLER_OPENSTEP_A7675710,bra,745,730,4,2,2
raw,M_FSHANDLER_LOCKSTEP_E0A0D2D5,conditional,275,267,6,2,4
raw,M_FSHANDLER_LOCKSTEP_E0A0D2D5,bra,8,8,4,2,2
raw,M_FSHANDLER_LOCKSTEP_E0A0D2D5,bra,126,124,4,2,2
raw,M_FSHANDLER_LOCKSTEP_E0A0D2D5,bra,197,193,4,2,2
raw,M_FSHANDLER_LOCKSTEP_E0A0D2D5,bra,203,197,4,2,2
raw,M_FSHANDLER_LOCKSTEP_E0A0D2D5,bra,283,271,4,2,2
raw,M_FSHANDLER_LOCKSTEP_E0A0D2D5,brl,307,293,4,3,1
raw,M_FSHANDLER_LOCKSTEP_E0A0D2D5,bra,345,330,4,2,2
raw,M_FSHANDLER_RESOLVESTARTSTEP_40B69900,bra,8,8,4,2,2
raw,M_FSHANDLER_RESOLVESTARTSTEP_40B69900,bra,146,144,4,2,2
raw,M_FSHANDLER_RESOLVEREADYSTEP_BDBFDED1,bra,8,8,4,2,2
raw,M_FSHANDLER_RESOLVEREADYSTEP_BDBFDED1,bra,166,164,4,2,2
raw,M_FSHANDLER_RESOLVEREADYSTEP_BDBFDED1,bra,213,209,4,2,2
raw,M_FSHANDLER_OPERATIONRESULT_4184CBFA,bra,8,8,4,2,2
raw,M_FSHANDLER_OPERATIONRESULT_4184CBFA,brl,44,42,4,3,1
raw,M_FSHANDLER_OPERATIONRESULT_4184CBFA,bra,536,533,4,2,2
raw,M_FSHANDLER_OPERATIONRESULT_4184CBFA,bra,670,665,4,2,2
raw,M_FSHANDLER_FILESELECTSTEP_BED2DD8A,conditional,619,610,6,2,4
raw,M_FSHANDLER_FILESELECTSTEP_BED2DD8A,conditional,1101,1082,6,2,4
raw,M_FSHANDLER_FILESELECTSTEP_BED2DD8A,conditional,1125,1100,6,2,4
raw,M_FSHANDLER_FILESELECTSTEP_BED2DD8A,bra,8,8,4,2,2
raw,M_FSHANDLER_FILESELECTSTEP_BED2DD8A,bra,126,124,4,2,2
raw,M_FSHANDLER_FILESELECTSTEP_BED2DD8A,brl,197,193,4,3,1
raw,M_FSHANDLER_FILESELECTSTEP_BED2DD8A,bra,235,230,4,2,2
raw,M_FSHANDLER_FILESELECTSTEP_BED2DD8A,bra,475,468,4,2,2
raw,M_FSHANDLER_FILESELECTSTEP_BED2DD8A,brl,635,622,4,3,1
raw,M_FSHANDLER_FILESELECTSTEP_BED2DD8A,bra,673,659,4,2,2
raw,M_FSHANDLER_FILESELECTSTEP_BED2DD8A,brl,889,873,4,3,1
raw,M_FSHANDLER_FILESELECTSTEP_BED2DD8A,bra,927,910,4,2,2
raw,M_FSHANDLER_FILESELECTSTEP_BED2DD8A,bra,1109,1086,4,2,2
raw,M_FSHANDLER_FILESELECTSTEP_BED2DD8A,bra,1139,1110,4,2,2
raw,M_FSHANDLER_ARGUMENTSSTEP_DD745A90,conditional,138,136,6,2,4
raw,M_FSHANDLER_ARGUMENTSSTEP_DD745A90,bra,8,8,4,2,2
raw,M_FSHANDLER_ARGUMENTSSTEP_DD745A90,brl,152,146,4,3,1
raw,M_FSHANDLER_ARGUMENTSSTEP_DD745A90,bra,222,215,4,2,2
raw,M_FSHANDLER_ARGUMENTSSTEP_DD745A90,brl,293,284,4,3,1
raw,M_FSHANDLER_ARGUMENTSSTEP_DD745A90,bra,331,321,4,2,2
raw,M_FSHANDLER_ARGUMENTSSTEP_DD745A90,brl,734,722,4,3,1
raw,M_FSHANDLER_READSTEP_5B9B1990,bra,8,8,4,2,2
raw,M_FSHANDLER_READSTEP_5B9B1990,bra,104,102,4,2,2
raw,M_FSHANDLER_READSTEP_5B9B1990,bra,199,195,4,2,2
raw,M_FSHANDLER_SEEKSTEP_90261C60,bra,8,8,4,2,2
raw,M_FSHANDLER_SEEKSTEP_90261C60,bra,104,102,4,2,2
raw,M_FSHANDLER_SEEKSTEP_90261C60,bra,199,195,4,2,2
raw,M_FSHANDLER_DISPATCHSTEP_D149BF3A,conditional,363,359,6,2,4
raw,M_FSHANDLER_DISPATCHSTEP_D149BF3A,conditional,407,395,6,2,4
raw,M_FSHANDLER_DISPATCHSTEP_D149BF3A,conditional,431,413,6,2,4
raw,M_FSHANDLER_DISPATCHSTEP_D149BF3A,conditional,522,498,6,2,4
raw,M_FSHANDLER_DISPATCHSTEP_D149BF3A,bra,8,8,4,2,2
raw,M_FSHANDLER_DISPATCHSTEP_D149BF3A,bra,78,76,4,2,2
raw,M_FSHANDLER_DISPATCHSTEP_D149BF3A,bra,377,369,4,2,2
raw,M_FSHANDLER_DISPATCHSTEP_D149BF3A,bra,383,373,4,2,2
raw,M_FSHANDLER_DISPATCHSTEP_D149BF3A,bra,415,399,4,2,2
raw,M_FSHANDLER_DISPATCHSTEP_D149BF3A,bra,445,423,4,2,2
raw,M_FSHANDLER_DISPATCHSTEP_D149BF3A,bra,530,502,4,2,2
raw,M_FSHANDLER_MEDIASTEP_8DCF2858,conditional,146,144,6,2,4
raw,M_FSHANDLER_MEDIASTEP_8DCF2858,bra,8,8,4,2,2
raw,M_FSHANDLER_MEDIASTEP_8DCF2858,bra,154,148,4,2,2
raw,M_FSHANDLER_MEDIASTEP_8DCF2858,brl,178,170,4,3,1
raw,M_FSHANDLER_MEDIASTEP_8DCF2858,brl,220,211,4,3,1
raw,M_FSHANDLER_MEDIASTEP_8DCF2858,brl,285,275,4,3,1
raw,M_FSHANDLER_MEDIASTEP_8DCF2858,bra,363,352,4,2,2
raw,M_FSHANDLER_MEDIASTEP_8DCF2858,bra,477,464,4,2,2
raw,M_FSHANDLER_MEDIASTEP_8DCF2858,brl,540,525,4,3,1
raw,M_FSHANDLER_MEDIASTEP_8DCF2858,bra,630,614,4,2,2
raw,M_FSHANDLER_MEDIASTEP_8DCF2858,bra,759,741,4,2,2
raw,M_FSHANDLER_ACTIONSTEP_7D527A4E,conditional,154,152,6,2,4
raw,M_FSHANDLER_ACTIONSTEP_7D527A4E,conditional,247,239,6,2,4
raw,M_FSHANDLER_ACTIONSTEP_7D527A4E,conditional,271,257,6,2,4
raw,M_FSHANDLER_ACTIONSTEP_7D527A4E,conditional,372,352,6,2,4
raw,M_FSHANDLER_ACTIONSTEP_7D527A4E,conditional,424,396,6,2,4
raw,M_FSHANDLER_ACTIONSTEP_7D527A4E,conditional,476,440,6,2,4
raw,M_FSHANDLER_ACTIONSTEP_7D527A4E,conditional,577,535,6,2,4
raw,M_FSHANDLER_ACTIONSTEP_7D527A4E,conditional,621,571,6,2,4
raw,M_FSHANDLER_ACTIONSTEP_7D527A4E,conditional,645,589,6,2,4
raw,M_FSHANDLER_ACTIONSTEP_7D527A4E,conditional,689,625,6,2,4
raw,M_FSHANDLER_ACTIONSTEP_7D527A4E,conditional,713,643,6,2,4
raw,M_FSHANDLER_ACTIONSTEP_7D527A4E,bra,8,8,4,2,2
raw,M_FSHANDLER_ACTIONSTEP_7D527A4E,bra,168,162,4,2,2
raw,M_FSHANDLER_ACTIONSTEP_7D527A4E,bra,255,243,4,2,2
raw,M_FSHANDLER_ACTIONSTEP_7D527A4E,bra,285,267,4,2,2
raw,M_FSHANDLER_ACTIONSTEP_7D527A4E,bra,386,362,4,2,2
raw,M_FSHANDLER_ACTIONSTEP_7D527A4E,bra,392,366,4,2,2
raw,M_FSHANDLER_ACTIONSTEP_7D527A4E,bra,438,406,4,2,2
raw,M_FSHANDLER_ACTIONSTEP_7D527A4E,bra,444,410,4,2,2
raw,M_FSHANDLER_ACTIONSTEP_7D527A4E,bra,490,450,4,2,2
raw,M_FSHANDLER_ACTIONSTEP_7D527A4E,bra,591,545,4,2,2
raw,M_FSHANDLER_ACTIONSTEP_7D527A4E,bra,597,549,4,2,2
raw,M_FSHANDLER_ACTIONSTEP_7D527A4E,bra,629,575,4,2,2
raw,M_FSHANDLER_ACTIONSTEP_7D527A4E,bra,659,599,4,2,2
raw,M_FSHANDLER_ACTIONSTEP_7D527A4E,bra,665,603,4,2,2
raw,M_FSHANDLER_ACTIONSTEP_7D527A4E,bra,697,629,4,2,2
raw,M_FSHANDLER_ACTIONSTEP_7D527A4E,bra,727,653,4,2,2
raw,M_FSHANDLER_ACTIONSTEP_7D527A4E,bra,818,742,4,2,2
raw,M_FSHANDLER_TAKESTEP_E4E18A11,bra,8,8,4,2,2
raw,M_FSHANDLER_TAKESTEP_E4E18A11,brl,122,120,4,3,1
raw,M_FSHANDLER_TAKESTEP_E4E18A11,bra,245,242,4,2,2
raw,M_FSHANDLER_TAKESTEP_E4E18A11,brl,480,475,4,3,1
raw,M_FSHANDLER_TAKESTEP_E4E18A11,bra,528,522,4,2,2
raw,M_FSHANDLER_TAKESTEP_E4E18A11,brl,622,614,4,3,1
raw,M_FSHANDLER_TAKESTEP_E4E18A11,bra,822,813,4,2,2
raw,M_FSHANDLER_TAKESTEP_E4E18A11,bra,828,817,4,2,2
raw,M_FSHANDLER_TAKESTEP_E4E18A11,brl,855,842,4,3,1
raw,M_FSHANDLER_COMPONENTSTEP_389CA8B9,bra,8,8,4,2,2
raw,M_FSHANDLER_COMPONENTSTEP_389CA8B9,bra,104,102,4,2,2
raw,M_FSHANDLER_COMPONENTSTEP_389CA8B9,brl,177,173,4,3,1
raw,M_FSHANDLER_COMPONENTSTEP_389CA8B9,bra,255,250,4,2,2
raw,M_FSHANDLER_RESOLVESTEP_D6E79D38,bra,8,8,4,2,2
raw,M_FSHANDLER_RESOLVESTEP_D6E79D38,brl,95,93,4,3,1
raw,M_FSHANDLER_RESOLVESTEP_D6E79D38,bra,173,170,4,2,2
raw,M_FSHANDLER_RESOLVESTEP_D6E79D38,bra,321,316,4,2,2
raw,M_FSHANDLER_RESOLVESTEP_D6E79D38,bra,402,395,4,2,2
raw,M_FSHANDLER_RESOLVESTEP_D6E79D38,bra,408,399,4,2,2
raw,M_FSHANDLER_RESOLVESTEP_D6E79D38,brl,426,415,4,3,1
raw,M_FSHANDLER_RESOLVESTEP_D6E79D38,bra,448,436,4,2,2
raw,M_FSHANDLER_RESOLVESTEP_D6E79D38,brl,521,507,4,3,1
raw,M_FSHANDLER_RESOLVESTEP_D6E79D38,bra,599,584,4,2,2
raw,M_FSHANDLER_RESOLVESTEP_D6E79D38,bra,719,702,4,2,2
raw,M_FSHANDLER_RESOLVESTEP_D6E79D38,bra,792,773,4,2,2
raw,M_FSHANDLER_RESOLVESTEP_D6E79D38,brl,824,803,4,3,1
raw,M_FSHANDLER_RESOLVESTEP_D6E79D38,bra,902,880,4,2,2
raw,M_FSHANDLER_FILESTEP_A93D50C2,bra,8,8,4,2,2
raw,M_FSHANDLER_FILESTEP_A93D50C2,brl,95,93,4,3,1
raw,M_FSHANDLER_FILESTEP_A93D50C2,bra,199,196,4,2,2
raw,M_FSHANDLER_FILESTEP_A93D50C2,bra,282,277,4,2,2
raw,M_FSHANDLER_FILESTEP_A93D50C2,bra,328,321,4,2,2
raw,M_FSHANDLER_FILESTEP_A93D50C2,bra,423,414,4,2,2
raw,M_FSWORKER_WORKER_2BB473B0,conditional,1009,983,6,2,4
raw,M_FSWORKER_WORKER_2BB473B0,conditional,1369,1332,6,2,4
raw,M_FSWORKER_WORKER_2BB473B0,conditional,1381,1340,6,2,4
raw,M_FSWORKER_WORKER_2BB473B0,bra,8,8,4,2,2
raw,M_FSWORKER_WORKER_2BB473B0,bra,38,36,4,2,2
raw,M_FSWORKER_WORKER_2BB473B0,bra,120,116,4,2,2
raw,M_FSWORKER_WORKER_2BB473B0,bra,225,219,4,2,2
raw,M_FSWORKER_WORKER_2BB473B0,bra,280,272,4,2,2
raw,M_FSWORKER_WORKER_2BB473B0,bra,431,421,4,2,2
raw,M_FSWORKER_WORKER_2BB473B0,bra,470,458,4,2,2
raw,M_FSWORKER_WORKER_2BB473B0,brl,476,462,4,3,1
raw,M_FSWORKER_WORKER_2BB473B0,bra,578,563,4,2,2
raw,M_FSWORKER_WORKER_2BB473B0,bra,687,670,4,2,2
raw,M_FSWORKER_WORKER_2BB473B0,brl,693,674,4,3,1
raw,M_FSWORKER_WORKER_2BB473B0,brl,711,691,4,3,1
raw,M_FSWORKER_WORKER_2BB473B0,bra,741,720,4,2,2
raw,M_FSWORKER_WORKER_2BB473B0,brl,856,833,4,3,1
raw,M_FSWORKER_WORKER_2BB473B0,bra,938,914,4,2,2
raw,M_FSWORKER_WORKER_2BB473B0,bra,1017,987,4,2,2
raw,M_FSWORKER_WORKER_2BB473B0,bra,1075,1043,4,2,2
raw,M_FSWORKER_WORKER_2BB473B0,brl,1171,1137,4,3,1
raw,M_FSWORKER_WORKER_2BB473B0,bra,1287,1252,4,2,2
raw,M_FSWORKER_WORKER_2BB473B0,bra,1391,1346,4,2,2
raw,M_FSWORKER_WORKER_2BB473B0,bra,1438,1391,4,2,2
raw,M_FSWORKER_WORKER_2BB473B0,bra,1482,1433,4,2,2
raw,M_FSWORKER_WORKER_2BB473B0,brl,1550,1499,4,3,1
raw,M_FSWORKER_WORKER_2BB473B0,bra,1586,1534,4,2,2
raw,M_FSWORKER_FINISH_EC2E5E2B,bra,8,8,4,2,2
raw,M_FSWORKER_FINISH_EC2E5E2B,bra,106,104,4,2,2
raw,M_FSWORKER_FINISH_EC2E5E2B,bra,211,207,4,2,2
raw,M_FSWORKER_FINISH_EC2E5E2B,bra,381,375,4,2,2
raw,M_FSWORKER_FINISH_EC2E5E2B,bra,414,406,4,2,2
raw,M_FSMOUNT_DISPATCH_FD59F08F,bra,8,8,4,2,2
raw,M_FSMOUNT_DISPATCH_FD59F08F,bra,78,76,4,2,2
raw,M_FSMOUNT_SELECTSTEP_8E807607,conditional,218,214,6,2,4
raw,M_FSMOUNT_SELECTSTEP_8E807607,conditional,242,232,6,2,4
raw,M_FSMOUNT_SELECTSTEP_8E807607,conditional,516,497,6,2,4
raw,M_FSMOUNT_SELECTSTEP_8E807607,conditional,741,714,6,2,4
raw,M_FSMOUNT_SELECTSTEP_8E807607,conditional,747,716,6,2,4
raw,M_FSMOUNT_SELECTSTEP_8E807607,conditional,761,726,6,2,4
raw,M_FSMOUNT_SELECTSTEP_8E807607,conditional,767,728,6,2,4
raw,M_FSMOUNT_SELECTSTEP_8E807607,conditional,781,738,6,2,4
raw,M_FSMOUNT_SELECTSTEP_8E807607,conditional,787,740,6,2,4
raw,M_FSMOUNT_SELECTSTEP_8E807607,conditional,801,750,6,2,4
raw,M_FSMOUNT_SELECTSTEP_8E807607,conditional,807,752,6,2,4
raw,M_FSMOUNT_SELECTSTEP_8E807607,conditional,914,844,6,2,4
raw,M_FSMOUNT_SELECTSTEP_8E807607,conditional,920,846,6,2,4
raw,M_FSMOUNT_SELECTSTEP_8E807607,conditional,934,856,6,2,4
raw,M_FSMOUNT_SELECTSTEP_8E807607,conditional,940,858,6,2,4
raw,M_FSMOUNT_SELECTSTEP_8E807607,conditional,954,868,6,2,4
raw,M_FSMOUNT_SELECTSTEP_8E807607,conditional,960,870,6,2,4
raw,M_FSMOUNT_SELECTSTEP_8E807607,conditional,974,880,6,2,4
raw,M_FSMOUNT_SELECTSTEP_8E807607,conditional,980,882,6,2,4
raw,M_FSMOUNT_SELECTSTEP_8E807607,bra,8,8,4,2,2
raw,M_FSMOUNT_SELECTSTEP_8E807607,bra,70,68,4,2,2
raw,M_FSMOUNT_SELECTSTEP_8E807607,bra,226,218,4,2,2
raw,M_FSMOUNT_SELECTSTEP_8E807607,brl,256,242,4,3,1
raw,M_FSMOUNT_SELECTSTEP_8E807607,bra,270,255,4,2,2
raw,M_FSMOUNT_SELECTSTEP_8E807607,bra,398,381,4,2,2
raw,M_FSMOUNT_SELECTSTEP_8E807607,bra,524,501,4,2,2
raw,M_FSMOUNT_SELECTSTEP_8E807607,bra,574,549,4,2,2
raw,M_FSMOUNT_SELECTSTEP_8E807607,bra,813,754,4,2,2
raw,M_FSMOUNT_SELECTSTEP_8E807607,bra,819,758,4,2,2
raw,M_FSMOUNT_SELECTSTEP_8E807607,bra,825,762,4,2,2
raw,M_FSMOUNT_SELECTSTEP_8E807607,bra,831,766,4,2,2
raw,M_FSMOUNT_SELECTSTEP_8E807607,bra,847,780,4,2,2
raw,M_FSMOUNT_SELECTSTEP_8E807607,brl,853,784,4,3,1
raw,M_FSMOUNT_SELECTSTEP_8E807607,bra,986,884,4,2,2
raw,M_FSMOUNT_SELECTSTEP_8E807607,bra,992,888,4,2,2
raw,M_FSMOUNT_SELECTSTEP_8E807607,bra,998,892,4,2,2
raw,M_FSMOUNT_SELECTSTEP_8E807607,bra,1004,896,4,2,2
raw,M_FSMOUNT_SELECTSTEP_8E807607,brl,1020,910,4,3,1
raw,M_FSMOUNT_SELECTSTEP_8E807607,bra,1058,947,4,2,2
raw,M_FSMOUNT_COMMANDSTEP_B1883B1A,conditional,218,214,6,2,4
raw,M_FSMOUNT_COMMANDSTEP_B1883B1A,conditional,242,232,6,2,4
raw,M_FSMOUNT_COMMANDSTEP_B1883B1A,conditional,335,319,6,2,4
raw,M_FSMOUNT_COMMANDSTEP_B1883B1A,conditional,359,337,6,2,4
raw,M_FSMOUNT_COMMANDSTEP_B1883B1A,bra,8,8,4,2,2
raw,M_FSMOUNT_COMMANDSTEP_B1883B1A,bra,70,68,4,2,2
raw,M_FSMOUNT_COMMANDSTEP_B1883B1A,bra,226,218,4,2,2
raw,M_FSMOUNT_COMMANDSTEP_B1883B1A,bra,256,242,4,2,2
raw,M_FSMOUNT_COMMANDSTEP_B1883B1A,bra,343,323,4,2,2
raw,M_FSMOUNT_COMMANDSTEP_B1883B1A,brl,373,347,4,3,1
raw,M_FSMOUNT_COMMANDSTEP_B1883B1A,bra,412,385,4,2,2
raw,M_FSMOUNT_COMMANDSTEP_B1883B1A,bra,418,389,4,2,2
raw,M_FSMOUNT_COMMANDSTEP_B1883B1A,brl,468,437,4,3,1
raw,M_FSMOUNT_COMMANDSTEP_B1883B1A,bra,506,474,4,2,2
raw,M_FSMOUNT_COMMANDSTEP_B1883B1A,bra,697,663,4,2,2
raw,M_FSMOUNT_REMOVESTEP_BBB2975B,conditional,98,96,6,2,4
raw,M_FSMOUNT_REMOVESTEP_BBB2975B,bra,8,8,4,2,2
raw,M_FSMOUNT_REMOVESTEP_BBB2975B,brl,114,108,4,3,1
raw,M_FSMOUNT_REMOVESTEP_BBB2975B,bra,152,145,4,2,2
raw,M_FSMOUNT_REMOVESTEP_BBB2975B,bra,274,265,4,2,2
raw,M_FSMOUNT_REMOVESTEP_BBB2975B,bra,388,377,4,2,2
raw,M_FSMOUNT_REMOVESTEP_BBB2975B,brl,402,389,4,3,1
raw,M_FSMOUNT_REMOVESTEP_BBB2975B,bra,644,630,4,2,2
raw,M_FSMOUNT_REMOVESTEP_BBB2975B,brl,705,689,4,3,1
raw,M_FSMOUNT_REMOVESTEP_BBB2975B,bra,743,726,4,2,2
raw,M_FSMOUNT_DESTROYSTEP_4CF540E7,conditional,254,250,6,2,4
raw,M_FSMOUNT_DESTROYSTEP_4CF540E7,bra,8,8,4,2,2
raw,M_FSMOUNT_DESTROYSTEP_4CF540E7,bra,112,110,4,2,2
raw,M_FSMOUNT_DESTROYSTEP_4CF540E7,bra,262,254,4,2,2
raw,M_FSMOUNT_DESTROYSTEP_4CF540E7,bra,312,302,4,2,2
raw,M_FSMUX_CONTROL_16FCB25F,conditional,156,152,6,2,4
raw,M_FSMUX_CONTROL_16FCB25F,bra,8,8,4,2,2
raw,M_FSMUX_CONTROL_16FCB25F,bra,72,70,4,2,2
raw,M_FSMUX_CONTROL_16FCB25F,bra,172,164,4,2,2
raw,M_FSMUX_TAKE_F08F7501,bra,8,8,4,2,2
raw,M_FSMUX_TAKE_F08F7501,brl,95,93,4,3,1
raw,M_FSMUX_TAKE_F08F7501,bra,144,141,4,2,2
raw,M_FSMUX_TAKE_F08F7501,bra,217,212,4,2,2
raw,M_FSMUX_TAKE_F08F7501,bra,251,244,4,2,2
raw,M_FSMUX_TAKE_F08F7501,bra,359,350,4,2,2
raw,M_FSMUX_TAKE_F08F7501,bra,420,409,4,2,2
raw,M_FSMUX_TAKE_F08F7501,bra,493,480,4,2,2
raw,M_FSBOOT_BEGINSERVICE_BC5D2672,conditional,216,212,6,2,4
raw,M_FSBOOT_BEGINSERVICE_BC5D2672,conditional,600,588,6,2,4
raw,M_FSBOOT_BEGINSERVICE_BC5D2672,bra,8,8,4,2,2
raw,M_FSBOOT_BEGINSERVICE_BC5D2672,bra,110,108,4,2,2
raw,M_FSBOOT_BEGINSERVICE_BC5D2672,bra,232,224,4,2,2
raw,M_FSBOOT_BEGINSERVICE_BC5D2672,bra,510,500,4,2,2
raw,M_FSBOOT_BEGINSERVICE_BC5D2672,brl,616,600,4,3,1
raw,M_FSBOOT_BEGINSERVICE_BC5D2672,bra,670,653,4,2,2
raw,M_FSBOOT_ENSURE_06ED6F00,conditional,415,398,6,2,4
raw,M_FSBOOT_ENSURE_06ED6F00,conditional,888,847,6,2,4
raw,M_FSBOOT_ENSURE_06ED6F00,conditional,939,892,6,2,4
raw,M_FSBOOT_ENSURE_06ED6F00,bra,8,8,4,2,2
raw,M_FSBOOT_ENSURE_06ED6F00,bra,38,36,4,2,2
raw,M_FSBOOT_ENSURE_06ED6F00,bra,118,114,4,2,2
raw,M_FSBOOT_ENSURE_06ED6F00,bra,198,192,4,2,2
raw,M_FSBOOT_ENSURE_06ED6F00,brl,250,242,4,3,1
raw,M_FSBOOT_ENSURE_06ED6F00,bra,287,278,4,2,2
raw,M_FSBOOT_ENSURE_06ED6F00,brl,293,282,4,3,1
raw,M_FSBOOT_ENSURE_06ED6F00,bra,330,318,4,2,2
raw,M_FSBOOT_ENSURE_06ED6F00,bra,336,322,4,2,2
raw,M_FSBOOT_ENSURE_06ED6F00,brl,373,357,4,3,1
raw,M_FSBOOT_ENSURE_06ED6F00,bra,431,410,4,2,2
raw,M_FSBOOT_ENSURE_06ED6F00,bra,470,447,4,2,2
raw,M_FSBOOT_ENSURE_06ED6F00,bra,522,497,4,2,2
raw,M_FSBOOT_ENSURE_06ED6F00,bra,565,538,4,2,2
raw,M_FSBOOT_ENSURE_06ED6F00,bra,626,597,4,2,2
raw,M_FSBOOT_ENSURE_06ED6F00,bra,648,617,4,2,2
raw,M_FSBOOT_ENSURE_06ED6F00,bra,721,688,4,2,2
raw,M_FSBOOT_ENSURE_06ED6F00,bra,772,737,4,2,2
raw,M_FSBOOT_ENSURE_06ED6F00,bra,798,761,4,2,2
raw,M_FSBOOT_ENSURE_06ED6F00,bra,855,816,4,2,2
raw,M_FSBOOT_ENSURE_06ED6F00,bra,896,851,4,2,2
raw,M_FSBOOT_ENSURE_06ED6F00,bra,947,896,4,2,2
raw,M_FSBOOT_STOP_AD5246E2,conditional,193,187,6,2,4
raw,M_FSBOOT_STOP_AD5246E2,bra,8,8,4,2,2
raw,M_FSBOOT_STOP_AD5246E2,bra,38,36,4,2,2
raw,M_FSBOOT_STOP_AD5246E2,bra,110,106,4,2,2
raw,M_FSBOOT_STOP_AD5246E2,bra,209,199,4,2,2
raw,M_FSBOOT_STOP_AD5246E2,bra,223,211,4,2,2
raw,M_FSBOOT_STOP_AD5246E2,bra,315,301,4,2,2
raw,M_FSBOOT_STOP_AD5246E2,bra,321,305,4,2,2
raw,M_FSBOOT_STOP_AD5246E2,bra,358,340,4,2,2
raw,M_FSBOOT_STOP_AD5246E2,bra,397,377,4,2,2
raw,M_FSBOOT_STOP_AD5246E2,bra,411,389,4,2,2
raw,M_FSBOOT_STOP_AD5246E2,brl,588,564,4,3,1
raw,M_FSBOOT_STOP_AD5246E2,brl,757,732,4,3,1
raw,M_FSBOOT_STOP_AD5246E2,bra,947,921,4,2,2
raw,M_FSBOOT_STOP_AD5246E2,bra,975,947,4,2,2
raw,M_FSBOOT_STOP_AD5246E2,bra,981,951,4,2,2
raw,M_FSBOOT_STOP_AD5246E2,brl,1008,976,4,3,1
raw,M_FSBOOT_STOP_AD5246E2,bra,1053,1020,4,2,2
raw,M_FSBOOT_STOP_AD5246E2,bra,1081,1046,4,2,2
raw,M_FSBOOT_STOP_AD5246E2,bra,1149,1112,4,2,2
raw,M_FSBOOT_STOP_AD5246E2,bra,1210,1171,4,2,2
raw,M_FSBOOT_STOP_AD5246E2,bra,1366,1325,4,2,2
raw,M_FSBOOT_STOP_AD5246E2,bra,1481,1438,4,2,2
raw,M_FSBOOT_STOP_AD5246E2,bra,1507,1462,4,2,2
raw,M_FSBOOT_STOP_AD5246E2,bra,1564,1517,4,2,2
raw,M_FSBOOT_STOP_AD5246E2,bra,1576,1527,4,2,2
raw,M_FSBOOT_STOP_AD5246E2,bra,1658,1607,4,2,2
raw,M_DOSCALLS_ARGUMENTS_D4B63738,bra,8,8,4,2,2
raw,M_DOSCALLS_NAMEARGUMENTS_4FEB00BB,conditional,58,56,6,2,4
raw,M_DOSCALLS_NAMEARGUMENTS_4FEB00BB,conditional,214,207,6,2,4
raw,M_DOSCALLS_NAMEARGUMENTS_4FEB00BB,bra,8,8,4,2,2
raw,M_DOSCALLS_NAMEARGUMENTS_4FEB00BB,brl,72,66,4,3,1
raw,M_DOSCALLS_NAMEARGUMENTS_4FEB00BB,bra,222,211,4,2,2
raw,M_DOSCALLS_NAMEARGUMENTS_4FEB00BB,brl,256,243,4,3,1
raw,M_DOSCALLS_ACQUIRE_C423433E,conditional,156,152,6,2,4
raw,M_DOSCALLS_ACQUIRE_C423433E,conditional,444,425,6,2,4
raw,M_DOSCALLS_ACQUIRE_C423433E,conditional,1140,1103,6,2,4
raw,M_DOSCALLS_ACQUIRE_C423433E,conditional,1673,1625,6,2,4
raw,M_DOSCALLS_ACQUIRE_C423433E,conditional,2015,1957,6,2,4
raw,M_DOSCALLS_ACQUIRE_C423433E,conditional,2136,2070,6,2,4
raw,M_DOSCALLS_ACQUIRE_C423433E,bra,8,8,4,2,2
raw,M_DOSCALLS_ACQUIRE_C423433E,bra,82,80,4,2,2
raw,M_DOSCALLS_ACQUIRE_C423433E,bra,172,164,4,2,2
raw,M_DOSCALLS_ACQUIRE_C423433E,bra,233,223,4,2,2
raw,M_DOSCALLS_ACQUIRE_C423433E,bra,306,294,4,2,2
raw,M_DOSCALLS_ACQUIRE_C423433E,bra,312,298,4,2,2
raw,M_DOSCALLS_ACQUIRE_C423433E,brl,338,322,4,3,1
raw,M_DOSCALLS_ACQUIRE_C423433E,bra,360,343,4,2,2
raw,M_DOSCALLS_ACQUIRE_C423433E,bra,460,437,4,2,2
raw,M_DOSCALLS_ACQUIRE_C423433E,bra,571,546,4,2,2
raw,M_DOSCALLS_ACQUIRE_C423433E,bra,677,650,4,2,2
raw,M_DOSCALLS_ACQUIRE_C423433E,brl,768,739,4,3,1
raw,M_DOSCALLS_ACQUIRE_C423433E,bra,780,750,4,2,2
raw,M_DOSCALLS_ACQUIRE_C423433E,brl,843,811,4,3,1
raw,M_DOSCALLS_ACQUIRE_C423433E,bra,857,824,4,2,2
raw,M_DOSCALLS_ACQUIRE_C423433E,bra,1048,1013,4,2,2
raw,M_DOSCALLS_ACQUIRE_C423433E,bra,1156,1115,4,2,2
raw,M_DOSCALLS_ACQUIRE_C423433E,bra,1380,1337,4,2,2
raw,M_DOSCALLS_ACQUIRE_C423433E,bra,1526,1481,4,2,2
raw,M_DOSCALLS_ACQUIRE_C423433E,brl,1639,1592,4,3,1
raw,M_DOSCALLS_ACQUIRE_C423433E,bra,1687,1635,4,2,2
raw,M_DOSCALLS_ACQUIRE_C423433E,bra,1763,1709,4,2,2
raw,M_DOSCALLS_ACQUIRE_C423433E,bra,1895,1839,4,2,2
raw,M_DOSCALLS_ACQUIRE_C423433E,bra,2029,1967,4,2,2
raw,M_DOSCALLS_ACQUIRE_C423433E,bra,2051,1987,4,2,2
raw,M_DOSCALLS_ACQUIRE_C423433E,bra,2150,2080,4,2,2
raw,M_DOSCALLS_CONFIGURED_B6EDEF76,bra,8,8,4,2,2
raw,M_DOSCALLS_CONFIGURED_B6EDEF76,bra,38,36,4,2,2
raw,M_DOSCALLS_CONFIGURED_B6EDEF76,bra,135,131,4,2,2
raw,M_DOSCALLS_CONFIGURED_B6EDEF76,brl,267,261,4,3,1
raw,M_DOSCALLS_CONFIGURED_B6EDEF76,bra,438,431,4,2,2
raw,M_DOSCALLS_CONFIGURED_B6EDEF76,bra,529,520,4,2,2
raw,M_DOSCALLS_CONFIGURED_B6EDEF76,bra,561,550,4,2,2
raw,M_DOSCALLS_CONFIGURED_B6EDEF76,bra,567,554,4,2,2
raw,M_DOSCALLS_CONFIGURED_B6EDEF76,brl,594,579,4,3,1
raw,M_DOSCALLS_DESTINATION_E6EBC832,conditional,323,308,6,2,4
raw,M_DOSCALLS_DESTINATION_E6EBC832,bra,8,8,4,2,2
raw,M_DOSCALLS_DESTINATION_E6EBC832,bra,39,37,4,2,2
raw,M_DOSCALLS_DESTINATION_E6EBC832,bra,69,65,4,2,2
raw,M_DOSCALLS_DESTINATION_E6EBC832,bra,145,139,4,2,2
raw,M_DOSCALLS_DESTINATION_E6EBC832,bra,151,143,4,2,2
raw,M_DOSCALLS_DESTINATION_E6EBC832,brl,177,167,4,3,1
raw,M_DOSCALLS_DESTINATION_E6EBC832,bra,191,180,4,2,2
raw,M_DOSCALLS_DESTINATION_E6EBC832,bra,255,242,4,2,2
raw,M_DOSCALLS_DESTINATION_E6EBC832,bra,339,320,4,2,2
raw,M_DOSCALLS_DESTINATION_E6EBC832,bra,389,368,4,2,2
raw,M_DOSCALLS_DESTINATION_E6EBC832,brl,478,455,4,3,1
raw,M_DOSCALLS_DESTINATION_E6EBC832,bra,560,536,4,2,2
raw,M_DOSCALLS_DESTINATION_E6EBC832,bra,590,564,4,2,2
raw,M_DOSCALLS_DESTINATION_E6EBC832,bra,716,688,4,2,2
raw,M_DOSCALLS_DESTINATION_E6EBC832,bra,797,767,4,2,2
raw,M_DOSCALLS_DESTINATION_E6EBC832,bra,827,795,4,2,2
raw,M_DOSCALLS_OPEN_390423B6,conditional,441,428,6,2,4
raw,M_DOSCALLS_OPEN_390423B6,conditional,621,598,6,2,4
raw,M_DOSCALLS_OPEN_390423B6,conditional,1063,1024,6,2,4
raw,M_DOSCALLS_OPEN_390423B6,bra,8,8,4,2,2
raw,M_DOSCALLS_OPEN_390423B6,bra,46,44,4,2,2
raw,M_DOSCALLS_OPEN_390423B6,bra,129,125,4,2,2
raw,M_DOSCALLS_OPEN_390423B6,bra,218,212,4,2,2
raw,M_DOSCALLS_OPEN_390423B6,bra,277,269,4,2,2
raw,M_DOSCALLS_OPEN_390423B6,bra,307,297,4,2,2
raw,M_DOSCALLS_OPEN_390423B6,brl,415,403,4,3,1
raw,M_DOSCALLS_OPEN_390423B6,bra,449,432,4,2,2
raw,M_DOSCALLS_OPEN_390423B6,bra,473,454,4,2,2
raw,M_DOSCALLS_OPEN_390423B6,bra,503,482,4,2,2
raw,M_DOSCALLS_OPEN_390423B6,bra,629,602,4,2,2
raw,M_DOSCALLS_OPEN_390423B6,bra,649,620,4,2,2
raw,M_DOSCALLS_OPEN_390423B6,bra,786,755,4,2,2
raw,M_DOSCALLS_OPEN_390423B6,bra,857,824,4,2,2
raw,M_DOSCALLS_OPEN_390423B6,bra,887,852,4,2,2
raw,M_DOSCALLS_OPEN_390423B6,bra,989,952,4,2,2
raw,M_DOSCALLS_OPEN_390423B6,bra,1079,1036,4,2,2
raw,M_DOSCALLS_OPEN_390423B6,bra,1138,1093,4,2,2
raw,M_DOSCALLS_OPEN_390423B6,bra,1160,1113,4,2,2
raw,M_DOSCALLS_OPEN_390423B6,bra,1281,1232,4,2,2
raw,M_DOSCALLS_LOCK_DE185F87,conditional,421,409,6,2,4
raw,M_DOSCALLS_LOCK_DE185F87,bra,8,8,4,2,2
raw,M_DOSCALLS_LOCK_DE185F87,bra,46,44,4,2,2
raw,M_DOSCALLS_LOCK_DE185F87,bra,129,125,4,2,2
raw,M_DOSCALLS_LOCK_DE185F87,bra,218,212,4,2,2
raw,M_DOSCALLS_LOCK_DE185F87,bra,277,269,4,2,2
raw,M_DOSCALLS_LOCK_DE185F87,bra,307,297,4,2,2
raw,M_DOSCALLS_LOCK_DE185F87,bra,429,413,4,2,2
raw,M_DOSCALLS_LOCK_DE185F87,bra,453,435,4,2,2
raw,M_DOSCALLS_LOCK_DE185F87,bra,483,463,4,2,2
raw,M_DOSCALLS_LOCK_DE185F87,bra,613,591,4,2,2
raw,M_DOSCALLS_BADOBJECT_51D88018,bra,8,8,4,2,2
raw,M_DOSCALLS_BADOBJECT_51D88018,bra,44,42,4,2,2
raw,M_DOSCALLS_BADOBJECT_51D88018,bra,74,70,4,2,2
raw,M_DOSCALLS_BADOBJECT_51D88018,bra,129,123,4,2,2
raw,M_DOSCALLS_BADOBJECT_51D88018,bra,157,149,4,2,2
raw,M_DOSCALLS_OBJECT_E89E37D3,bra,8,8,4,2,2
raw,M_DOSCALLS_OBJECT_E89E37D3,bra,38,36,4,2,2
raw,M_DOSCALLS_OBJECT_E89E37D3,bra,118,114,4,2,2
raw,M_DOSCALLS_OBJECT_E89E37D3,brl,228,222,4,3,1
raw,M_DOSCALLS_OBJECT_E89E37D3,bra,267,260,4,2,2
raw,M_DOSCALLS_OBJECT_E89E37D3,bra,273,264,4,2,2
raw,M_DOSCALLS_OBJECT_E89E37D3,bra,310,299,4,2,2
raw,M_DOSCALLS_OBJECT_E89E37D3,bra,316,303,4,2,2
raw,M_DOSCALLS_OBJECT_E89E37D3,bra,353,338,4,2,2
raw,M_DOSCALLS_OBJECT_E89E37D3,bra,422,405,4,2,2
raw,M_DOSCALLS_FILE_E8D1DABC,conditional,130,126,6,2,4
raw,M_DOSCALLS_FILE_E8D1DABC,bra,8,8,4,2,2
raw,M_DOSCALLS_FILE_E8D1DABC,bra,46,44,4,2,2
raw,M_DOSCALLS_FILE_E8D1DABC,brl,146,138,4,3,1
raw,M_DOSCALLS_FILE_E8D1DABC,bra,187,178,4,2,2
raw,M_DOSCALLS_FILE_E8D1DABC,bra,325,314,4,2,2
raw,M_DOSCALLS_FILE_E8D1DABC,bra,398,385,4,2,2
raw,M_DOSCALLS_FILE_E8D1DABC,bra,428,413,4,2,2
raw,M_DOSCALLS_FILE_E8D1DABC,bra,572,555,4,2,2
raw,M_DOSCALLS_READ_BEE8BE36,conditional,112,108,6,2,4
raw,M_DOSCALLS_READ_BEE8BE36,conditional,175,165,6,2,4
raw,M_DOSCALLS_READ_BEE8BE36,conditional,344,326,6,2,4
raw,M_DOSCALLS_READ_BEE8BE36,conditional,407,383,6,2,4
raw,M_DOSCALLS_READ_BEE8BE36,conditional,895,859,6,2,4
raw,M_DOSCALLS_READ_BEE8BE36,conditional,945,904,6,2,4
raw,M_DOSCALLS_READ_BEE8BE36,conditional,1045,997,6,2,4
raw,M_DOSCALLS_READ_BEE8BE36,conditional,1149,1095,6,2,4
raw,M_DOSCALLS_READ_BEE8BE36,conditional,1685,1617,6,2,4
raw,M_DOSCALLS_READ_BEE8BE36,conditional,1748,1674,6,2,4
raw,M_DOSCALLS_READ_BEE8BE36,bra,8,8,4,2,2
raw,M_DOSCALLS_READ_BEE8BE36,bra,38,36,4,2,2
raw,M_DOSCALLS_READ_BEE8BE36,bra,128,120,4,2,2
raw,M_DOSCALLS_READ_BEE8BE36,bra,183,169,4,2,2
raw,M_DOSCALLS_READ_BEE8BE36,bra,254,238,4,2,2
raw,M_DOSCALLS_READ_BEE8BE36,bra,360,338,4,2,2
raw,M_DOSCALLS_READ_BEE8BE36,bra,415,387,4,2,2
raw,M_DOSCALLS_READ_BEE8BE36,brl,503,473,4,3,1
raw,M_DOSCALLS_READ_BEE8BE36,bra,541,510,4,2,2
raw,M_DOSCALLS_READ_BEE8BE36,brl,707,674,4,3,1
raw,M_DOSCALLS_READ_BEE8BE36,bra,769,735,4,2,2
raw,M_DOSCALLS_READ_BEE8BE36,brl,911,871,4,3,1
raw,M_DOSCALLS_READ_BEE8BE36,brl,959,914,4,3,1
raw,M_DOSCALLS_READ_BEE8BE36,bra,973,927,4,2,2
raw,M_DOSCALLS_READ_BEE8BE36,bra,1059,1007,4,2,2
raw,M_DOSCALLS_READ_BEE8BE36,bra,1157,1099,4,2,2
raw,M_DOSCALLS_READ_BEE8BE36,bra,1244,1184,4,2,2
raw,M_DOSCALLS_READ_BEE8BE36,bra,1333,1271,4,2,2
raw,M_DOSCALLS_READ_BEE8BE36,bra,1440,1376,4,2,2
raw,M_DOSCALLS_READ_BEE8BE36,bra,1587,1521,4,2,2
raw,M_DOSCALLS_READ_BEE8BE36,bra,1701,1629,4,2,2
raw,M_DOSCALLS_READ_BEE8BE36,bra,1756,1678,4,2,2
raw,M_DOSCALLS_READ_BEE8BE36,bra,2023,1943,4,2,2
raw,M_DOSCALLS_READ_BEE8BE36,bra,2131,2049,4,2,2
raw,M_DOSCALLS_WRITE_8E98A1A7,conditional,112,108,6,2,4
raw,M_DOSCALLS_WRITE_8E98A1A7,conditional,175,165,6,2,4
raw,M_DOSCALLS_WRITE_8E98A1A7,conditional,344,326,6,2,4
raw,M_DOSCALLS_WRITE_8E98A1A7,conditional,407,383,6,2,4
raw,M_DOSCALLS_WRITE_8E98A1A7,conditional,895,859,6,2,4
raw,M_DOSCALLS_WRITE_8E98A1A7,conditional,945,904,6,2,4
raw,M_DOSCALLS_WRITE_8E98A1A7,conditional,1045,997,6,2,4
raw,M_DOSCALLS_WRITE_8E98A1A7,conditional,1149,1095,6,2,4
raw,M_DOSCALLS_WRITE_8E98A1A7,conditional,1647,1579,6,2,4
raw,M_DOSCALLS_WRITE_8E98A1A7,conditional,1767,1692,6,2,4
raw,M_DOSCALLS_WRITE_8E98A1A7,conditional,1986,1901,6,2,4
raw,M_DOSCALLS_WRITE_8E98A1A7,conditional,2077,1986,6,2,4
raw,M_DOSCALLS_WRITE_8E98A1A7,conditional,2339,2238,6,2,4
raw,M_DOSCALLS_WRITE_8E98A1A7,bra,8,8,4,2,2
raw,M_DOSCALLS_WRITE_8E98A1A7,bra,38,36,4,2,2
raw,M_DOSCALLS_WRITE_8E98A1A7,bra,128,120,4,2,2
raw,M_DOSCALLS_WRITE_8E98A1A7,bra,183,169,4,2,2
raw,M_DOSCALLS_WRITE_8E98A1A7,bra,254,238,4,2,2
raw,M_DOSCALLS_WRITE_8E98A1A7,bra,360,338,4,2,2
raw,M_DOSCALLS_WRITE_8E98A1A7,bra,415,387,4,2,2
raw,M_DOSCALLS_WRITE_8E98A1A7,brl,503,473,4,3,1
raw,M_DOSCALLS_WRITE_8E98A1A7,bra,541,510,4,2,2
raw,M_DOSCALLS_WRITE_8E98A1A7,brl,707,674,4,3,1
raw,M_DOSCALLS_WRITE_8E98A1A7,bra,769,735,4,2,2
raw,M_DOSCALLS_WRITE_8E98A1A7,brl,911,871,4,3,1
raw,M_DOSCALLS_WRITE_8E98A1A7,brl,959,914,4,3,1
raw,M_DOSCALLS_WRITE_8E98A1A7,bra,973,927,4,2,2
raw,M_DOSCALLS_WRITE_8E98A1A7,bra,1059,1007,4,2,2
raw,M_DOSCALLS_WRITE_8E98A1A7,bra,1157,1099,4,2,2
raw,M_DOSCALLS_WRITE_8E98A1A7,bra,1244,1184,4,2,2
raw,M_DOSCALLS_WRITE_8E98A1A7,bra,1333,1271,4,2,2
raw,M_DOSCALLS_WRITE_8E98A1A7,bra,1440,1376,4,2,2
raw,M_DOSCALLS_WRITE_8E98A1A7,bra,1579,1513,4,2,2
raw,M_DOSCALLS_WRITE_8E98A1A7,brl,1663,1591,4,3,1
raw,M_DOSCALLS_WRITE_8E98A1A7,bra,1677,1604,4,2,2
raw,M_DOSCALLS_WRITE_8E98A1A7,bra,1775,1696,4,2,2
raw,M_DOSCALLS_WRITE_8E98A1A7,bra,1854,1773,4,2,2
raw,M_DOSCALLS_WRITE_8E98A1A7,bra,1939,1856,4,2,2
raw,M_DOSCALLS_WRITE_8E98A1A7,bra,1994,1905,4,2,2
raw,M_DOSCALLS_WRITE_8E98A1A7,bra,2091,1996,4,2,2
raw,M_DOSCALLS_WRITE_8E98A1A7,bra,2121,2024,4,2,2
raw,M_DOSCALLS_WRITE_8E98A1A7,bra,2243,2144,4,2,2
raw,M_DOSCALLS_WRITE_8E98A1A7,bra,2347,2242,4,2,2
raw,M_DOSCALLS_SEEK_17FC33E6,conditional,112,108,6,2,4
raw,M_DOSCALLS_SEEK_17FC33E6,conditional,175,165,6,2,4
raw,M_DOSCALLS_SEEK_17FC33E6,conditional,344,326,6,2,4
raw,M_DOSCALLS_SEEK_17FC33E6,conditional,407,383,6,2,4
raw,M_DOSCALLS_SEEK_17FC33E6,conditional,740,704,6,2,4
raw,M_DOSCALLS_SEEK_17FC33E6,conditional,962,917,6,2,4
raw,M_DOSCALLS_SEEK_17FC33E6,conditional,1147,1094,6,2,4
raw,M_DOSCALLS_SEEK_17FC33E6,conditional,1210,1151,6,2,4
raw,M_DOSCALLS_SEEK_17FC33E6,conditional,1441,1376,6,2,4
raw,M_DOSCALLS_SEEK_17FC33E6,bra,8,8,4,2,2
raw,M_DOSCALLS_SEEK_17FC33E6,bra,38,36,4,2,2
raw,M_DOSCALLS_SEEK_17FC33E6,bra,128,120,4,2,2
raw,M_DOSCALLS_SEEK_17FC33E6,bra,183,169,4,2,2
raw,M_DOSCALLS_SEEK_17FC33E6,bra,254,238,4,2,2
raw,M_DOSCALLS_SEEK_17FC33E6,bra,360,338,4,2,2
raw,M_DOSCALLS_SEEK_17FC33E6,bra,415,387,4,2,2
raw,M_DOSCALLS_SEEK_17FC33E6,brl,503,473,4,3,1
raw,M_DOSCALLS_SEEK_17FC33E6,bra,541,510,4,2,2
raw,M_DOSCALLS_SEEK_17FC33E6,brl,614,581,4,3,1
raw,M_DOSCALLS_SEEK_17FC33E6,bra,644,610,4,2,2
raw,M_DOSCALLS_SEEK_17FC33E6,bra,748,708,4,2,2
raw,M_DOSCALLS_SEEK_17FC33E6,brl,836,794,4,3,1
raw,M_DOSCALLS_SEEK_17FC33E6,bra,866,823,4,2,2
raw,M_DOSCALLS_SEEK_17FC33E6,bra,970,921,4,2,2
raw,M_DOSCALLS_SEEK_17FC33E6,bra,1049,998,4,2,2
raw,M_DOSCALLS_SEEK_17FC33E6,bra,1163,1106,4,2,2
raw,M_DOSCALLS_SEEK_17FC33E6,bra,1218,1155,4,2,2
raw,M_DOSCALLS_SEEK_17FC33E6,bra,1449,1380,4,2,2
raw,M_DOSCALLS_SEEK_17FC33E6,bra,1469,1398,4,2,2
raw,M_DOSCALLS_SEEK_17FC33E6,bra,1577,1504,4,2,2
raw,M_DOSCALLS_CLOSE_97169B3A,conditional,112,108,6,2,4
raw,M_DOSCALLS_CLOSE_97169B3A,conditional,283,271,6,2,4
raw,M_DOSCALLS_CLOSE_97169B3A,conditional,850,824,6,2,4
raw,M_DOSCALLS_CLOSE_97169B3A,conditional,1102,1068,6,2,4
raw,M_DOSCALLS_CLOSE_97169B3A,bra,8,8,4,2,2
raw,M_DOSCALLS_CLOSE_97169B3A,bra,38,36,4,2,2
raw,M_DOSCALLS_CLOSE_97169B3A,bra,128,120,4,2,2
raw,M_DOSCALLS_CLOSE_97169B3A,bra,193,183,4,2,2
raw,M_DOSCALLS_CLOSE_97169B3A,bra,299,283,4,2,2
raw,M_DOSCALLS_CLOSE_97169B3A,brl,381,363,4,3,1
raw,M_DOSCALLS_CLOSE_97169B3A,bra,411,392,4,2,2
raw,M_DOSCALLS_CLOSE_97169B3A,brl,563,542,4,3,1
raw,M_DOSCALLS_CLOSE_97169B3A,bra,609,587,4,2,2
raw,M_DOSCALLS_CLOSE_97169B3A,bra,752,728,4,2,2
raw,M_DOSCALLS_CLOSE_97169B3A,bra,866,836,4,2,2
raw,M_DOSCALLS_CLOSE_97169B3A,bra,981,949,4,2,2
raw,M_DOSCALLS_CLOSE_97169B3A,bra,1110,1072,4,2,2
raw,M_DOSCALLS_CLOSE_97169B3A,bra,1130,1090,4,2,2
raw,M_DOSCALLS_CLOSE_97169B3A,bra,1238,1196,4,2,2
raw,M_DOSCALLS_UNLOCK_2871018C,conditional,40,38,6,2,4
raw,M_DOSCALLS_UNLOCK_2871018C,conditional,151,141,6,2,4
raw,M_DOSCALLS_UNLOCK_2871018C,conditional,286,268,6,2,4
raw,M_DOSCALLS_UNLOCK_2871018C,conditional,361,337,6,2,4
raw,M_DOSCALLS_UNLOCK_2871018C,conditional,593,559,6,2,4
raw,M_DOSCALLS_UNLOCK_2871018C,bra,8,8,4,2,2
raw,M_DOSCALLS_UNLOCK_2871018C,bra,56,50,4,2,2
raw,M_DOSCALLS_UNLOCK_2871018C,bra,77,69,4,2,2
raw,M_DOSCALLS_UNLOCK_2871018C,bra,167,153,4,2,2
raw,M_DOSCALLS_UNLOCK_2871018C,bra,196,180,4,2,2
raw,M_DOSCALLS_UNLOCK_2871018C,bra,302,280,4,2,2
raw,M_DOSCALLS_UNLOCK_2871018C,bra,379,351,4,2,2
raw,M_DOSCALLS_UNLOCK_2871018C,bra,409,379,4,2,2
raw,M_DOSCALLS_UNLOCK_2871018C,bra,495,463,4,2,2
raw,M_DOSCALLS_UNLOCK_2871018C,bra,609,571,4,2,2
raw,M_DOSCALLS_UNLOCK_2871018C,bra,726,686,4,2,2
raw,M_DOSCALLS_UNLOCK_2871018C,bra,834,792,4,2,2
raw,M_DOSCALLS_INFORMATION_13F25DEC,conditional,112,108,6,2,4
raw,M_DOSCALLS_INFORMATION_13F25DEC,conditional,283,271,6,2,4
raw,M_DOSCALLS_INFORMATION_13F25DEC,conditional,470,450,6,2,4
raw,M_DOSCALLS_INFORMATION_13F25DEC,bra,8,8,4,2,2
raw,M_DOSCALLS_INFORMATION_13F25DEC,bra,38,36,4,2,2
raw,M_DOSCALLS_INFORMATION_13F25DEC,bra,128,120,4,2,2
raw,M_DOSCALLS_INFORMATION_13F25DEC,bra,193,183,4,2,2
raw,M_DOSCALLS_INFORMATION_13F25DEC,bra,299,283,4,2,2
raw,M_DOSCALLS_INFORMATION_13F25DEC,bra,372,354,4,2,2
raw,M_DOSCALLS_INFORMATION_13F25DEC,bra,486,462,4,2,2
raw,M_DOSCALLS_INFORMATION_13F25DEC,bra,705,679,4,2,2
raw,M_DOSCALLS_INFORMATION_13F25DEC,bra,813,785,4,2,2
raw,M_DOSCALLS_SELECTED_604EA3D9,conditional,166,162,6,2,4
raw,M_DOSCALLS_SELECTED_604EA3D9,bra,8,8,4,2,2
raw,M_DOSCALLS_SELECTED_604EA3D9,bra,38,36,4,2,2
raw,M_DOSCALLS_SELECTED_604EA3D9,bra,182,174,4,2,2
raw,M_DOSCALLS_SELECTED_604EA3D9,bra,241,231,4,2,2
raw,M_DOSCALLS_SELECTIONREADY_28C831A1,bra,8,8,4,2,2
raw,M_DOSCALLS_SELECTIONREADY_28C831A1,bra,63,61,4,2,2
raw,M_DOSCALLS_SELECTIONREADY_28C831A1,bra,201,197,4,2,2
raw,M_DOSCALLS_SELECTIONREADY_28C831A1,bra,240,234,4,2,2
raw,M_DOSCALLS_LIVESELECTION_2BE04852,conditional,136,132,6,2,4
raw,M_DOSCALLS_LIVESELECTION_2BE04852,conditional,512,492,6,2,4
raw,M_DOSCALLS_LIVESELECTION_2BE04852,bra,8,8,4,2,2
raw,M_DOSCALLS_LIVESELECTION_2BE04852,bra,46,44,4,2,2
raw,M_DOSCALLS_LIVESELECTION_2BE04852,bra,152,144,4,2,2
raw,M_DOSCALLS_LIVESELECTION_2BE04852,brl,203,193,4,3,1
raw,M_DOSCALLS_LIVESELECTION_2BE04852,bra,241,230,4,2,2
raw,M_DOSCALLS_LIVESELECTION_2BE04852,bra,314,301,4,2,2
raw,M_DOSCALLS_LIVESELECTION_2BE04852,bra,328,313,4,2,2
raw,M_DOSCALLS_LIVESELECTION_2BE04852,brl,422,405,4,3,1
raw,M_DOSCALLS_LIVESELECTION_2BE04852,bra,444,426,4,2,2
raw,M_DOSCALLS_LIVESELECTION_2BE04852,bra,528,504,4,2,2
raw,M_DOSCALLS_LIVESELECTION_2BE04852,bra,542,516,4,2,2
raw,M_DOSCALLS_SELECT_1EDDE386,bra,8,8,4,2,2
raw,M_DOSCALLS_SELECT_1EDDE386,bra,38,36,4,2,2
raw,M_DOSCALLS_SELECT_1EDDE386,bra,118,114,4,2,2
raw,M_DOSCALLS_SELECT_1EDDE386,bra,191,185,4,2,2
raw,M_DOSCALLS_SELECT_1EDDE386,brl,256,248,4,3,1
raw,M_DOSCALLS_SELECT_1EDDE386,bra,278,269,4,2,2
raw,M_DOSCALLS_SELECT_1EDDE386,bra,351,340,4,2,2
raw,M_DOSCALLS_SELECT_1EDDE386,brl,486,473,4,3,1
raw,M_DOSCALLS_SELECT_1EDDE386,bra,506,492,4,2,2
raw,M_DOSCALLS_SELECT_1EDDE386,bra,596,580,4,2,2
raw,M_DOSCALLS_DIRECTORY_C8028D6B,conditional,228,222,6,2,4
raw,M_DOSCALLS_DIRECTORY_C8028D6B,conditional,371,359,6,2,4
raw,M_DOSCALLS_DIRECTORY_C8028D6B,conditional,628,608,6,2,4
raw,M_DOSCALLS_DIRECTORY_C8028D6B,bra,8,8,4,2,2
raw,M_DOSCALLS_DIRECTORY_C8028D6B,bra,46,44,4,2,2
raw,M_DOSCALLS_DIRECTORY_C8028D6B,bra,119,115,4,2,2
raw,M_DOSCALLS_DIRECTORY_C8028D6B,bra,244,234,4,2,2
raw,M_DOSCALLS_DIRECTORY_C8028D6B,bra,387,371,4,2,2
raw,M_DOSCALLS_DIRECTORY_C8028D6B,bra,528,510,4,2,2
raw,M_DOSCALLS_DIRECTORY_C8028D6B,bra,644,620,4,2,2
raw,M_DOSCALLS_DIRECTORY_C8028D6B,bra,786,760,4,2,2
raw,M_DOSCALLS_CURRENTDIR_1AA7335E,conditional,368,357,6,2,4
raw,M_DOSCALLS_CURRENTDIR_1AA7335E,conditional,529,510,6,2,4
raw,M_DOSCALLS_CURRENTDIR_1AA7335E,bra,8,8,4,2,2
raw,M_DOSCALLS_CURRENTDIR_1AA7335E,bra,38,36,4,2,2
raw,M_DOSCALLS_CURRENTDIR_1AA7335E,bra,118,114,4,2,2
raw,M_DOSCALLS_CURRENTDIR_1AA7335E,bra,191,185,4,2,2
raw,M_DOSCALLS_CURRENTDIR_1AA7335E,brl,256,248,4,3,1
raw,M_DOSCALLS_CURRENTDIR_1AA7335E,bra,278,269,4,2,2
raw,M_DOSCALLS_CURRENTDIR_1AA7335E,bra,384,369,4,2,2
raw,M_DOSCALLS_CURRENTDIR_1AA7335E,bra,445,428,4,2,2
raw,M_DOSCALLS_CURRENTDIR_1AA7335E,bra,545,522,4,2,2
raw,M_DOSCALLS_CURRENTDIR_1AA7335E,bra,559,534,4,2,2
raw,M_DOSCALLS_CURRENTDIR_1AA7335E,bra,690,663,4,2,2
raw,M_DOSCALLS_CURRENTDIR_1AA7335E,bra,871,842,4,2,2
raw,M_DOSCALLS_NAMEFROMLOCK_92457C4A,conditional,346,336,6,2,4
raw,M_DOSCALLS_NAMEFROMLOCK_92457C4A,conditional,511,493,6,2,4
raw,M_DOSCALLS_NAMEFROMLOCK_92457C4A,conditional,667,641,6,2,4
raw,M_DOSCALLS_NAMEFROMLOCK_92457C4A,conditional,673,643,6,2,4
raw,M_DOSCALLS_NAMEFROMLOCK_92457C4A,conditional,687,653,6,2,4
raw,M_DOSCALLS_NAMEFROMLOCK_92457C4A,conditional,693,655,6,2,4
raw,M_DOSCALLS_NAMEFROMLOCK_92457C4A,conditional,707,665,6,2,4
raw,M_DOSCALLS_NAMEFROMLOCK_92457C4A,conditional,713,667,6,2,4
raw,M_DOSCALLS_NAMEFROMLOCK_92457C4A,conditional,727,677,6,2,4
raw,M_DOSCALLS_NAMEFROMLOCK_92457C4A,conditional,733,679,6,2,4
raw,M_DOSCALLS_NAMEFROMLOCK_92457C4A,conditional,1335,1259,6,2,4
raw,M_DOSCALLS_NAMEFROMLOCK_92457C4A,conditional,1341,1261,6,2,4
raw,M_DOSCALLS_NAMEFROMLOCK_92457C4A,conditional,1355,1271,6,2,4
raw,M_DOSCALLS_NAMEFROMLOCK_92457C4A,conditional,1361,1273,6,2,4
raw,M_DOSCALLS_NAMEFROMLOCK_92457C4A,conditional,1375,1283,6,2,4
raw,M_DOSCALLS_NAMEFROMLOCK_92457C4A,conditional,1381,1285,6,2,4
raw,M_DOSCALLS_NAMEFROMLOCK_92457C4A,conditional,1395,1295,6,2,4
raw,M_DOSCALLS_NAMEFROMLOCK_92457C4A,conditional,1401,1297,6,2,4
raw,M_DOSCALLS_NAMEFROMLOCK_92457C4A,conditional,1843,1719,6,2,4
raw,M_DOSCALLS_NAMEFROMLOCK_92457C4A,bra,8,8,4,2,2
raw,M_DOSCALLS_NAMEFROMLOCK_92457C4A,bra,38,36,4,2,2
raw,M_DOSCALLS_NAMEFROMLOCK_92457C4A,bra,118,114,4,2,2
raw,M_DOSCALLS_NAMEFROMLOCK_92457C4A,bra,191,185,4,2,2
raw,M_DOSCALLS_NAMEFROMLOCK_92457C4A,bra,256,248,4,2,2
raw,M_DOSCALLS_NAMEFROMLOCK_92457C4A,bra,362,348,4,2,2
raw,M_DOSCALLS_NAMEFROMLOCK_92457C4A,bra,427,411,4,2,2
raw,M_DOSCALLS_NAMEFROMLOCK_92457C4A,bra,527,505,4,2,2
raw,M_DOSCALLS_NAMEFROMLOCK_92457C4A,bra,541,517,4,2,2
raw,M_DOSCALLS_NAMEFROMLOCK_92457C4A,bra,739,681,4,2,2
raw,M_DOSCALLS_NAMEFROMLOCK_92457C4A,bra,745,685,4,2,2
raw,M_DOSCALLS_NAMEFROMLOCK_92457C4A,bra,751,689,4,2,2
raw,M_DOSCALLS_NAMEFROMLOCK_92457C4A,bra,757,693,4,2,2
raw,M_DOSCALLS_NAMEFROMLOCK_92457C4A,bra,773,707,4,2,2
raw,M_DOSCALLS_NAMEFROMLOCK_92457C4A,bra,912,844,4,2,2
raw,M_DOSCALLS_NAMEFROMLOCK_92457C4A,bra,997,927,4,2,2
raw,M_DOSCALLS_NAMEFROMLOCK_92457C4A,bra,1108,1036,4,2,2
raw,M_DOSCALLS_NAMEFROMLOCK_92457C4A,bra,1198,1124,4,2,2
raw,M_DOSCALLS_NAMEFROMLOCK_92457C4A,bra,1407,1299,4,2,2
raw,M_DOSCALLS_NAMEFROMLOCK_92457C4A,bra,1413,1303,4,2,2
raw,M_DOSCALLS_NAMEFROMLOCK_92457C4A,bra,1419,1307,4,2,2
raw,M_DOSCALLS_NAMEFROMLOCK_92457C4A,bra,1425,1311,4,2,2
raw,M_DOSCALLS_NAMEFROMLOCK_92457C4A,bra,1441,1325,4,2,2
raw,M_DOSCALLS_NAMEFROMLOCK_92457C4A,brl,1585,1467,4,3,1
raw,M_DOSCALLS_NAMEFROMLOCK_92457C4A,bra,1730,1611,4,2,2
raw,M_DOSCALLS_NAMEFROMLOCK_92457C4A,bra,1736,1615,4,2,2
raw,M_DOSCALLS_NAMEFROMLOCK_92457C4A,brl,1752,1629,4,3,1
raw,M_DOSCALLS_NAMEFROMLOCK_92457C4A,bra,1851,1723,4,2,2
raw,M_DOSCALLS_ISINTERACTIVE_18CACEEA,conditional,536,522,6,2,4
raw,M_DOSCALLS_ISINTERACTIVE_18CACEEA,bra,8,8,4,2,2
raw,M_DOSCALLS_ISINTERACTIVE_18CACEEA,bra,38,36,4,2,2
raw,M_DOSCALLS_ISINTERACTIVE_18CACEEA,bra,118,114,4,2,2
raw,M_DOSCALLS_ISINTERACTIVE_18CACEEA,bra,191,185,4,2,2
raw,M_DOSCALLS_ISINTERACTIVE_18CACEEA,bra,256,248,4,2,2
raw,M_DOSCALLS_ISINTERACTIVE_18CACEEA,bra,329,319,4,2,2
raw,M_DOSCALLS_ISINTERACTIVE_18CACEEA,bra,489,477,4,2,2
raw,M_DOSCALLS_ISINTERACTIVE_18CACEEA,bra,544,526,4,2,2
raw,M_DOS_OPEN_87DAE823,bra,8,8,4,2,2
raw,M_DOS_OPEN_87DAE823,bra,54,52,4,2,2
raw,M_DOS_READ_BCD2228F,bra,8,8,4,2,2
raw,M_DOS_READ_BCD2228F,bra,78,76,4,2,2
raw,M_DOS_WRITE_BE4FDE64,bra,8,8,4,2,2
raw,M_DOS_WRITE_BE4FDE64,bra,78,76,4,2,2
raw,M_DOS_SEEK_DE9F46FB,bra,8,8,4,2,2
raw,M_DOS_SEEK_DE9F46FB,bra,78,76,4,2,2
raw,M_DOS_CLOSE_4C224801,bra,8,8,4,2,2
raw,M_DOS_CLOSE_4C224801,bra,62,60,4,2,2
raw,M_DOS_IOERR_E649FF90,bra,8,8,4,2,2
raw,M_DOS_IOERR_E649FF90,bra,38,36,4,2,2
raw,M_DOS_RELEASECONTEXT_9DB9F883,bra,8,8,4,2,2
raw,M_DOS_RELEASECONTEXT_9DB9F883,bra,38,36,4,2,2
raw,M_DOS_LOCK_4DEC517E,bra,8,8,4,2,2
raw,M_DOS_LOCK_4DEC517E,bra,54,52,4,2,2
raw,M_DOS_UNLOCK_74209499,bra,8,8,4,2,2
raw,M_DOS_UNLOCK_74209499,bra,62,60,4,2,2
raw,M_DOS_EXAMINE_1F15C1B0,bra,8,8,4,2,2
raw,M_DOS_EXAMINE_1F15C1B0,bra,98,96,4,2,2
raw,M_DOS_EXNEXT_623C7B53,bra,8,8,4,2,2
raw,M_DOS_EXNEXT_623C7B53,bra,98,96,4,2,2
raw,M_DOS_INPUT_41B1DDE9,bra,8,8,4,2,2
raw,M_DOS_INPUT_41B1DDE9,bra,38,36,4,2,2
raw,M_DOS_OUTPUT_DF7018DC,bra,8,8,4,2,2
raw,M_DOS_OUTPUT_DF7018DC,bra,38,36,4,2,2
raw,M_DOS_SELECTINPUT_FF0F4771,bra,8,8,4,2,2
raw,M_DOS_SELECTINPUT_FF0F4771,bra,62,60,4,2,2
raw,M_DOS_SELECTOUTPUT_3A928904,bra,8,8,4,2,2
raw,M_DOS_SELECTOUTPUT_3A928904,bra,62,60,4,2,2
raw,M_DOS_ISINTERACTIVE_FD05AE49,bra,8,8,4,2,2
raw,M_DOS_ISINTERACTIVE_FD05AE49,bra,62,60,4,2,2
raw,M_DOS_CURRENTDIR_764577CB,bra,8,8,4,2,2
raw,M_DOS_CURRENTDIR_764577CB,bra,62,60,4,2,2
raw,M_DOS_NAMEFROMLOCK_8794AD67,bra,8,8,4,2,2
raw,M_DOS_NAMEFROMLOCK_8794AD67,bra,78,76,4,2,2
raw,M_TASKINSPECT_SNAPSHOT_72A67CF0,conditional,40,38,6,2,4
raw,M_TASKINSPECT_SNAPSHOT_72A67CF0,conditional,260,245,6,2,4
raw,M_TASKINSPECT_SNAPSHOT_72A67CF0,conditional,268,249,6,2,4
raw,M_TASKINSPECT_SNAPSHOT_72A67CF0,conditional,289,266,6,2,4
raw,M_TASKINSPECT_SNAPSHOT_72A67CF0,bra,8,8,4,2,2
raw,M_TASKINSPECT_SNAPSHOT_72A67CF0,bra,56,50,4,2,2
raw,M_TASKINSPECT_SNAPSHOT_72A67CF0,bra,62,54,4,2,2
raw,M_TASKINSPECT_SNAPSHOT_72A67CF0,bra,88,78,4,2,2
raw,M_TASKINSPECT_SNAPSHOT_72A67CF0,bra,130,118,4,2,2
raw,M_TASKINSPECT_SNAPSHOT_72A67CF0,brl,210,196,4,3,1
raw,M_TASKINSPECT_SNAPSHOT_72A67CF0,bra,295,268,4,2,2
raw,M_TASKINSPECT_SNAPSHOT_72A67CF0,brl,452,423,4,3,1
raw,M_TASKINSPECT_SNAPSHOT_72A67CF0,brl,935,905,4,3,1
raw,M_TASKINSPECT_SNAPSHOT_72A67CF0,brl,955,924,4,3,1
raw,M_TASKINSPECT_SNAPSHOT_72A67CF0,bra,1047,1015,4,2,2
raw,M_TASKINSPECT_SNAPSHOT_72A67CF0,brl,1053,1019,4,3,1
raw,M_TASKINSPECT_SNAPSHOT_72A67CF0,bra,1071,1036,4,2,2
raw,M_TASKINSPECT_SNAPSHOT_72A67CF0,bra,1077,1040,4,2,2
raw,M_TASKINSPECT_SNAPSHOT_72A67CF0,bra,1095,1056,4,2,2
raw,M_TASKINSPECT_SNAPSHOT_72A67CF0,brl,1346,1305,4,3,1
raw,M_TASKINSPECT_SNAPSHOT_72A67CF0,brl,1599,1557,4,3,1
raw,M_TASKINSPECT_SNAPSHOT_72A67CF0,bra,1611,1568,4,2,2
raw,M_DEVICEINSPECT_SNAPSHOT_EBB6295F,conditional,40,38,6,2,4
raw,M_DEVICEINSPECT_SNAPSHOT_EBB6295F,bra,8,8,4,2,2
raw,M_DEVICEINSPECT_SNAPSHOT_EBB6295F,bra,56,50,4,2,2
raw,M_DEVICEINSPECT_SNAPSHOT_EBB6295F,bra,62,54,4,2,2
raw,M_DEVICEINSPECT_SNAPSHOT_EBB6295F,bra,88,78,4,2,2
raw,M_DEVICEINSPECT_SNAPSHOT_EBB6295F,bra,130,118,4,2,2
raw,M_DEVICEINSPECT_SNAPSHOT_EBB6295F,brl,207,193,4,3,1
raw,M_DEVICEINSPECT_SNAPSHOT_EBB6295F,bra,449,434,4,2,2
raw,M_DEVICEINSPECT_SNAPSHOT_EBB6295F,bra,488,471,4,2,2
raw,M_DEVICEINSPECT_SNAPSHOT_EBB6295F,bra,666,647,4,2,2
raw,M_DEVICEINSPECT_SNAPSHOT_EBB6295F,bra,808,787,4,2,2
raw,M_DEVICEINSPECT_SNAPSHOT_EBB6295F,bra,871,848,4,2,2
raw,M_DEVICEINSPECT_SNAPSHOT_EBB6295F,bra,967,942,4,2,2
raw,M_FSINSPECT_SNAPSHOT_873CF8A6,conditional,40,38,6,2,4
raw,M_FSINSPECT_SNAPSHOT_873CF8A6,bra,8,8,4,2,2
raw,M_FSINSPECT_SNAPSHOT_873CF8A6,bra,56,50,4,2,2
raw,M_FSINSPECT_SNAPSHOT_873CF8A6,bra,62,54,4,2,2
raw,M_FSINSPECT_SNAPSHOT_873CF8A6,bra,88,78,4,2,2
raw,M_FSINSPECT_SNAPSHOT_873CF8A6,bra,114,102,4,2,2
raw,M_FSINSPECT_SNAPSHOT_873CF8A6,bra,202,188,4,2,2
raw,M_FSINSPECT_SNAPSHOT_873CF8A6,brl,282,266,4,3,1
raw,M_FSINSPECT_SNAPSHOT_873CF8A6,brl,321,304,4,3,1
raw,M_FSINSPECT_SNAPSHOT_873CF8A6,brl,373,355,4,3,1
raw,M_FSINSPECT_SNAPSHOT_873CF8A6,brl,466,447,4,3,1
raw,M_FSINSPECT_SNAPSHOT_873CF8A6,brl,532,512,4,3,1
raw,M_FSINSPECT_SNAPSHOT_873CF8A6,brl,717,696,4,3,1
raw,M_FSINSPECT_SNAPSHOT_873CF8A6,brl,756,734,4,3,1
raw,M_FSINSPECT_SNAPSHOT_873CF8A6,brl,784,761,4,3,1
raw,M_FSINSPECT_SNAPSHOT_873CF8A6,bra,900,876,4,2,2
raw,M_FSINSPECT_SNAPSHOT_873CF8A6,brl,906,880,4,3,1
raw,M_FSINSPECT_SNAPSHOT_873CF8A6,bra,924,897,4,2,2
raw,M_FSINSPECT_SNAPSHOT_873CF8A6,bra,930,901,4,2,2
raw,M_FSINSPECT_SNAPSHOT_873CF8A6,bra,948,917,4,2,2
raw,M_FSINSPECT_SNAPSHOT_873CF8A6,brl,1167,1134,4,3,1
raw,M_FSINSPECT_SNAPSHOT_873CF8A6,bra,1519,1485,4,2,2
raw,M_FSINSPECT_SNAPSHOT_873CF8A6,bra,1525,1489,4,2,2
raw,M_FSINSPECT_SNAPSHOT_873CF8A6,brl,1552,1514,4,3,1
raw,M_FSINSPECT_SNAPSHOT_873CF8A6,bra,1564,1525,4,2,2
raw,M_SHELLAPP_SHELLLINE_DC60634C,bra,8,8,4,2,2
raw,M_SHELLAPP_SHELLDRAWBUFFER_B9163ABE,conditional,66,64,6,2,4
raw,M_SHELLAPP_SHELLDRAWBUFFER_B9163ABE,bra,8,8,4,2,2
raw,M_SHELLAPP_SHELLDRAWBUFFER_B9163ABE,bra,74,68,4,2,2
raw,M_SHELLAPP_SHELLSCRATCH_1695768C,conditional,66,64,6,2,4
raw,M_SHELLAPP_SHELLSCRATCH_1695768C,bra,8,8,4,2,2
raw,M_SHELLAPP_SHELLSCRATCH_1695768C,bra,74,68,4,2,2
raw,M_SHELLAPP_SHELLTRANSFER_C9C879BF,conditional,66,64,6,2,4
raw,M_SHELLAPP_SHELLTRANSFER_C9C879BF,bra,8,8,4,2,2
raw,M_SHELLAPP_SHELLTRANSFER_C9C879BF,bra,74,68,4,2,2
raw,M_SHELLAPP_SHELLFAIL_9D17A97C,conditional,88,86,6,2,4
raw,M_SHELLAPP_SHELLFAIL_9D17A97C,conditional,228,220,6,2,4
raw,M_SHELLAPP_SHELLFAIL_9D17A97C,bra,8,8,4,2,2
raw,M_SHELLAPP_SHELLFAIL_9D17A97C,bra,102,96,4,2,2
raw,M_SHELLAPP_SHELLFAIL_9D17A97C,bra,242,230,4,2,2
raw,M_SHELLAPP_SHELLLENGTH_56CE75A6,bra,8,8,4,2,2
raw,M_SHELLAPP_SHELLLENGTH_56CE75A6,bra,116,114,4,2,2
raw,M_SHELLAPP_SHELLLENGTH_56CE75A6,bra,144,140,4,2,2
raw,M_SHELLAPP_SHELLLENGTH_56CE75A6,bra,162,156,4,2,2
raw,M_SHELLAPP_SHELLEQUAL_EF077ADE,conditional,445,435,6,2,4
raw,M_SHELLAPP_SHELLEQUAL_EF077ADE,bra,8,8,4,2,2
raw,M_SHELLAPP_SHELLEQUAL_EF077ADE,brl,128,126,4,3,1
raw,M_SHELLAPP_SHELLEQUAL_EF077ADE,bra,212,209,4,2,2
raw,M_SHELLAPP_SHELLEQUAL_EF077ADE,bra,232,227,4,2,2
raw,M_SHELLAPP_SHELLEQUAL_EF077ADE,bra,345,338,4,2,2
raw,M_SHELLAPP_SHELLEQUAL_EF077ADE,brl,375,366,4,3,1
raw,M_SHELLAPP_SHELLEQUAL_EF077ADE,bra,453,439,4,2,2
raw,M_SHELLAPP_SHELLWRITE_F4A8AD7D,conditional,88,86,6,2,4
raw,M_SHELLAPP_SHELLWRITE_F4A8AD7D,conditional,545,527,6,2,4
raw,M_SHELLAPP_SHELLWRITE_F4A8AD7D,conditional,643,619,6,2,4
raw,M_SHELLAPP_SHELLWRITE_F4A8AD7D,bra,8,8,4,2,2
raw,M_SHELLAPP_SHELLWRITE_F4A8AD7D,bra,102,96,4,2,2
raw,M_SHELLAPP_SHELLWRITE_F4A8AD7D,brl,108,100,4,3,1
raw,M_SHELLAPP_SHELLWRITE_F4A8AD7D,bra,178,169,4,2,2
raw,M_SHELLAPP_SHELLWRITE_F4A8AD7D,bra,250,239,4,2,2
raw,M_SHELLAPP_SHELLWRITE_F4A8AD7D,bra,309,296,4,2,2
raw,M_SHELLAPP_SHELLWRITE_F4A8AD7D,bra,409,394,4,2,2
raw,M_SHELLAPP_SHELLWRITE_F4A8AD7D,brl,511,494,4,3,1
raw,M_SHELLAPP_SHELLWRITE_F4A8AD7D,bra,559,537,4,2,2
raw,M_SHELLAPP_SHELLWRITE_F4A8AD7D,bra,661,633,4,2,2
raw,M_SHELLAPP_SHELLWRITE_F4A8AD7D,bra,699,669,4,2,2
raw,M_SHELLAPP_SHELLWRITE_F4A8AD7D,bra,762,730,4,2,2
raw,M_SHELLAPP_SHELLWRITE_F4A8AD7D,bra,798,764,4,2,2
raw,M_SHELLAPP_SHELLBYTE_1EE28596,conditional,106,102,6,2,4
raw,M_SHELLAPP_SHELLBYTE_1EE28596,bra,8,8,4,2,2
raw,M_SHELLAPP_SHELLBYTE_1EE28596,bra,38,36,4,2,2
raw,M_SHELLAPP_SHELLBYTE_1EE28596,bra,114,106,4,2,2
raw,M_SHELLAPP_SHELLBYTE_1EE28596,bra,236,226,4,2,2
raw,M_SHELLAPP_SHELLTEXT_7D109071,bra,8,8,4,2,2
raw,M_SHELLAPP_SHELLTEXT_7D109071,bra,62,60,4,2,2
raw,M_SHELLAPP_SHELLTEXT_7D109071,bra,129,125,4,2,2
raw,M_SHELLAPP_SHELLPASCAL_09C83940,bra,8,8,4,2,2
raw,M_SHELLAPP_SHELLPASCAL_09C83940,bra,161,159,4,2,2
raw,M_SHELLAPP_SHELLNUMBER_7C65BFBB,conditional,160,156,6,2,4
raw,M_SHELLAPP_SHELLNUMBER_7C65BFBB,conditional,166,158,6,2,4
raw,M_SHELLAPP_SHELLNUMBER_7C65BFBB,conditional,180,168,6,2,4
raw,M_SHELLAPP_SHELLNUMBER_7C65BFBB,conditional,186,170,6,2,4
raw,M_SHELLAPP_SHELLNUMBER_7C65BFBB,conditional,200,180,6,2,4
raw,M_SHELLAPP_SHELLNUMBER_7C65BFBB,conditional,206,182,6,2,4
raw,M_SHELLAPP_SHELLNUMBER_7C65BFBB,conditional,220,192,6,2,4
raw,M_SHELLAPP_SHELLNUMBER_7C65BFBB,conditional,226,194,6,2,4
raw,M_SHELLAPP_SHELLNUMBER_7C65BFBB,conditional,732,684,6,2,4
raw,M_SHELLAPP_SHELLNUMBER_7C65BFBB,conditional,738,686,6,2,4
raw,M_SHELLAPP_SHELLNUMBER_7C65BFBB,conditional,752,696,6,2,4
raw,M_SHELLAPP_SHELLNUMBER_7C65BFBB,conditional,758,698,6,2,4
raw,M_SHELLAPP_SHELLNUMBER_7C65BFBB,conditional,772,708,6,2,4
raw,M_SHELLAPP_SHELLNUMBER_7C65BFBB,conditional,778,710,6,2,4
raw,M_SHELLAPP_SHELLNUMBER_7C65BFBB,conditional,792,720,6,2,4
raw,M_SHELLAPP_SHELLNUMBER_7C65BFBB,conditional,798,722,6,2,4
raw,M_SHELLAPP_SHELLNUMBER_7C65BFBB,bra,8,8,4,2,2
raw,M_SHELLAPP_SHELLNUMBER_7C65BFBB,bra,38,36,4,2,2
raw,M_SHELLAPP_SHELLNUMBER_7C65BFBB,bra,232,196,4,2,2
raw,M_SHELLAPP_SHELLNUMBER_7C65BFBB,bra,238,200,4,2,2
raw,M_SHELLAPP_SHELLNUMBER_7C65BFBB,bra,244,204,4,2,2
raw,M_SHELLAPP_SHELLNUMBER_7C65BFBB,bra,250,208,4,2,2
raw,M_SHELLAPP_SHELLNUMBER_7C65BFBB,brl,266,222,4,3,1
raw,M_SHELLAPP_SHELLNUMBER_7C65BFBB,bra,531,486,4,2,2
raw,M_SHELLAPP_SHELLNUMBER_7C65BFBB,brl,609,562,4,3,1
raw,M_SHELLAPP_SHELLNUMBER_7C65BFBB,bra,804,724,4,2,2
raw,M_SHELLAPP_SHELLNUMBER_7C65BFBB,bra,810,728,4,2,2
raw,M_SHELLAPP_SHELLNUMBER_7C65BFBB,bra,816,732,4,2,2
raw,M_SHELLAPP_SHELLNUMBER_7C65BFBB,bra,822,736,4,2,2
raw,M_SHELLAPP_SHELLNUMBER_7C65BFBB,brl,838,750,4,3,1
raw,M_SHELLAPP_SHELLNUMBER_7C65BFBB,brl,1019,930,4,3,1
raw,M_SHELLAPP_SHELLNUMBER_7C65BFBB,bra,1037,947,4,2,2
raw,M_SHELLAPP_SHELLNUMBER_7C65BFBB,bra,1043,951,4,2,2
raw,M_SHELLAPP_SHELLNUMBER_7C65BFBB,bra,1061,967,4,2,2
raw,M_SHELLAPP_SHELLNUMBER_7C65BFBB,bra,1067,971,4,2,2
raw,M_SHELLAPP_SHELLNUMBER_7C65BFBB,bra,1093,995,4,2,2
raw,M_SHELLAPP_SHELLNUMBER_7C65BFBB,brl,1214,1114,4,3,1
raw,M_SHELLAPP_SHELLNUMBER_7C65BFBB,bra,1246,1145,4,2,2
raw,M_SHELLAPP_SHELLDIAGNOSTIC_F84A4C35,conditional,88,86,6,2,4
raw,M_SHELLAPP_SHELLDIAGNOSTIC_F84A4C35,bra,8,8,4,2,2
raw,M_SHELLAPP_SHELLDIAGNOSTIC_F84A4C35,brl,102,96,4,3,1
raw,M_SHELLAPP_SHELLDIAGNOSTIC_F84A4C35,bra,182,175,4,2,2
raw,M_SHELLAPP_SHELLDIAGNOSTIC_F84A4C35,bra,341,332,4,2,2
raw,M_SHELLAPP_SHELLDIAGNOSTIC_F84A4C35,bra,460,449,4,2,2
raw,M_SHELLAPP_SHELLREDRAW_2EDE4915,bra,8,8,4,2,2
raw,M_SHELLAPP_SHELLREDRAW_2EDE4915,bra,38,36,4,2,2
raw,M_SHELLAPP_SHELLREDRAW_2EDE4915,bra,110,106,4,2,2
raw,M_SHELLAPP_SHELLREDRAW_2EDE4915,bra,247,241,4,2,2
raw,M_SHELLAPP_SHELLREDRAW_2EDE4915,bra,559,551,4,2,2
raw,M_SHELLAPP_SHELLREDRAW_2EDE4915,brl,667,657,4,3,1
raw,M_SHELLAPP_SHELLREDRAW_2EDE4915,brl,759,748,4,3,1
raw,M_SHELLAPP_SHELLREDRAW_2EDE4915,brl,924,912,4,3,1
raw,M_SHELLAPP_SHELLREDRAW_2EDE4915,brl,1282,1269,4,3,1
raw,M_SHELLAPP_SHELLREDRAW_2EDE4915,brl,1322,1308,4,3,1
raw,M_SHELLAPP_SHELLREDRAW_2EDE4915,bra,1490,1475,4,2,2
raw,M_SHELLAPP_SHELLREDRAW_2EDE4915,bra,1496,1479,4,2,2
raw,M_SHELLAPP_SHELLREDRAW_2EDE4915,brl,1512,1493,4,3,1
raw,M_SHELLAPP_SHELLREDRAW_2EDE4915,bra,1613,1593,4,2,2
raw,M_SHELLAPP_SHELLCLEAR_52BB640F,bra,8,8,4,2,2
raw,M_SHELLAPP_SHELLCLEAR_52BB640F,bra,38,36,4,2,2
raw,M_SHELLAPP_SHELLPARSE_A4976CAB,conditional,2980,2875,6,2,4
raw,M_SHELLAPP_SHELLPARSE_A4976CAB,bra,8,8,4,2,2
raw,M_SHELLAPP_SHELLPARSE_A4976CAB,bra,38,36,4,2,2
raw,M_SHELLAPP_SHELLPARSE_A4976CAB,bra,362,358,4,2,2
raw,M_SHELLAPP_SHELLPARSE_A4976CAB,bra,380,374,4,2,2
raw,M_SHELLAPP_SHELLPARSE_A4976CAB,bra,454,446,4,2,2
raw,M_SHELLAPP_SHELLPARSE_A4976CAB,brl,460,450,4,3,1
raw,M_SHELLAPP_SHELLPARSE_A4976CAB,bra,542,531,4,2,2
raw,M_SHELLAPP_SHELLPARSE_A4976CAB,bra,548,535,4,2,2
raw,M_SHELLAPP_SHELLPARSE_A4976CAB,brl,622,607,4,3,1
raw,M_SHELLAPP_SHELLPARSE_A4976CAB,bra,778,762,4,2,2
raw,M_SHELLAPP_SHELLPARSE_A4976CAB,bra,796,778,4,2,2
raw,M_SHELLAPP_SHELLPARSE_A4976CAB,bra,870,850,4,2,2
raw,M_SHELLAPP_SHELLPARSE_A4976CAB,brl,876,854,4,3,1
raw,M_SHELLAPP_SHELLPARSE_A4976CAB,bra,950,927,4,2,2
raw,M_SHELLAPP_SHELLPARSE_A4976CAB,bra,956,931,4,2,2
raw,M_SHELLAPP_SHELLPARSE_A4976CAB,bra,1030,1003,4,2,2
raw,M_SHELLAPP_SHELLPARSE_A4976CAB,bra,1062,1033,4,2,2
raw,M_SHELLAPP_SHELLPARSE_A4976CAB,bra,1106,1075,4,2,2
raw,M_SHELLAPP_SHELLPARSE_A4976CAB,bra,1112,1079,4,2,2
raw,M_SHELLAPP_SHELLPARSE_A4976CAB,bra,1130,1095,4,2,2
raw,M_SHELLAPP_SHELLPARSE_A4976CAB,bra,1174,1137,4,2,2
raw,M_SHELLAPP_SHELLPARSE_A4976CAB,bra,1241,1202,4,2,2
raw,M_SHELLAPP_SHELLPARSE_A4976CAB,bra,1401,1360,4,2,2
raw,M_SHELLAPP_SHELLPARSE_A4976CAB,brl,1505,1462,4,3,1
raw,M_SHELLAPP_SHELLPARSE_A4976CAB,bra,1525,1481,4,2,2
raw,M_SHELLAPP_SHELLPARSE_A4976CAB,bra,1557,1511,4,2,2
raw,M_SHELLAPP_SHELLPARSE_A4976CAB,brl,1583,1535,4,3,1
raw,M_SHELLAPP_SHELLPARSE_A4976CAB,bra,1601,1552,4,2,2
raw,M_SHELLAPP_SHELLPARSE_A4976CAB,bra,1697,1646,4,2,2
raw,M_SHELLAPP_SHELLPARSE_A4976CAB,bra,1717,1664,4,2,2
raw,M_SHELLAPP_SHELLPARSE_A4976CAB,brl,1735,1680,4,3,1
raw,M_SHELLAPP_SHELLPARSE_A4976CAB,bra,1753,1697,4,2,2
raw,M_SHELLAPP_SHELLPARSE_A4976CAB,bra,1759,1701,4,2,2
raw,M_SHELLAPP_SHELLPARSE_A4976CAB,bra,1777,1717,4,2,2
raw,M_SHELLAPP_SHELLPARSE_A4976CAB,brl,1783,1721,4,3,1
raw,M_SHELLAPP_SHELLPARSE_A4976CAB,bra,1801,1738,4,2,2
raw,M_SHELLAPP_SHELLPARSE_A4976CAB,bra,1807,1742,4,2,2
raw,M_SHELLAPP_SHELLPARSE_A4976CAB,bra,1825,1758,4,2,2
raw,M_SHELLAPP_SHELLPARSE_A4976CAB,bra,1831,1762,4,2,2
raw,M_SHELLAPP_SHELLPARSE_A4976CAB,bra,1849,1778,4,2,2
raw,M_SHELLAPP_SHELLPARSE_A4976CAB,bra,1855,1782,4,2,2
raw,M_SHELLAPP_SHELLPARSE_A4976CAB,bra,1873,1798,4,2,2
raw,M_SHELLAPP_SHELLPARSE_A4976CAB,bra,1879,1802,4,2,2
raw,M_SHELLAPP_SHELLPARSE_A4976CAB,bra,1897,1818,4,2,2
raw,M_SHELLAPP_SHELLPARSE_A4976CAB,brl,2011,1930,4,3,1
raw,M_SHELLAPP_SHELLPARSE_A4976CAB,brl,2029,1947,4,3,1
raw,M_SHELLAPP_SHELLPARSE_A4976CAB,bra,2049,1966,4,2,2
raw,M_SHELLAPP_SHELLPARSE_A4976CAB,brl,2055,1970,4,3,1
raw,M_SHELLAPP_SHELLPARSE_A4976CAB,bra,2129,2043,4,2,2
raw,M_SHELLAPP_SHELLPARSE_A4976CAB,bra,2205,2117,4,2,2
raw,M_SHELLAPP_SHELLPARSE_A4976CAB,bra,2301,2211,4,2,2
raw,M_SHELLAPP_SHELLPARSE_A4976CAB,bra,2409,2317,4,2,2
raw,M_SHELLAPP_SHELLPARSE_A4976CAB,brl,2450,2356,4,3,1
raw,M_SHELLAPP_SHELLPARSE_A4976CAB,bra,2468,2373,4,2,2
raw,M_SHELLAPP_SHELLPARSE_A4976CAB,brl,2509,2412,4,3,1
raw,M_SHELLAPP_SHELLPARSE_A4976CAB,bra,2837,2739,4,2,2
raw,M_SHELLAPP_SHELLPARSE_A4976CAB,bra,2843,2743,4,2,2
raw,M_SHELLAPP_SHELLPARSE_A4976CAB,brl,2847,2745,4,3,1
raw,M_SHELLAPP_SHELLPARSE_A4976CAB,bra,2927,2824,4,2,2
raw,M_SHELLAPP_SHELLPARSE_A4976CAB,bra,2990,2881,4,2,2
raw,M_SHELLAPP_SHELLPARSE_A4976CAB,bra,3238,3127,4,2,2
raw,M_SHELLAPP_SHELLPARSE_A4976CAB,bra,3325,3212,4,2,2
raw,M_SHELLAPP_SHELLPARSE_A4976CAB,brl,3366,3251,4,3,1
raw,M_SHELLAPP_SHELLPARSE_A4976CAB,bra,3414,3298,4,2,2
raw,M_SHELLAPP_SHELLPARSE_A4976CAB,bra,3501,3383,4,2,2
raw,M_SHELLAPP_SHELLPARSE_A4976CAB,brl,3542,3422,4,3,1
raw,M_SHELLAPP_SHELLPARSE_A4976CAB,bra,3590,3469,4,2,2
raw,M_SHELLAPP_SHELLPARSE_A4976CAB,bra,3677,3554,4,2,2
raw,M_SHELLAPP_SHELLPARSE_A4976CAB,brl,3718,3593,4,3,1
raw,M_SHELLAPP_SHELLPARSE_A4976CAB,bra,3766,3640,4,2,2
raw,M_SHELLAPP_SHELLPARSE_A4976CAB,bra,3853,3725,4,2,2
raw,M_SHELLAPP_SHELLPARSE_A4976CAB,brl,3894,3764,4,3,1
raw,M_SHELLAPP_SHELLPARSE_A4976CAB,bra,3942,3811,4,2,2
raw,M_SHELLAPP_SHELLPARSE_A4976CAB,bra,4029,3896,4,2,2
raw,M_SHELLAPP_SHELLPARSE_A4976CAB,brl,4070,3935,4,3,1
raw,M_SHELLAPP_SHELLPARSE_A4976CAB,bra,4118,3982,4,2,2
raw,M_SHELLAPP_SHELLPARSE_A4976CAB,bra,4205,4067,4,2,2
raw,M_SHELLAPP_SHELLPARSE_A4976CAB,brl,4246,4106,4,3,1
raw,M_SHELLAPP_SHELLPARSE_A4976CAB,bra,4294,4153,4,2,2
raw,M_SHELLAPP_SHELLPARSE_A4976CAB,bra,4381,4238,4,2,2
raw,M_SHELLAPP_SHELLPARSE_A4976CAB,brl,4422,4277,4,3,1
raw,M_SHELLAPP_SHELLPARSE_A4976CAB,bra,4470,4324,4,2,2
raw,M_SHELLAPP_SHELLPARSE_A4976CAB,bra,4557,4409,4,2,2
raw,M_SHELLAPP_SHELLPARSE_A4976CAB,brl,4598,4448,4,3,1
raw,M_SHELLAPP_SHELLPARSE_A4976CAB,bra,4646,4495,4,2,2
raw,M_SHELLAPP_SHELLPARSE_A4976CAB,bra,4733,4580,4,2,2
raw,M_SHELLAPP_SHELLPARSE_A4976CAB,brl,4774,4619,4,3,1
raw,M_SHELLAPP_SHELLPARSE_A4976CAB,bra,4822,4666,4,2,2
raw,M_SHELLAPP_SHELLPARSE_A4976CAB,bra,4909,4751,4,2,2
raw,M_SHELLAPP_SHELLPARSE_A4976CAB,brl,4950,4790,4,3,1
raw,M_SHELLAPP_SHELLPARSE_A4976CAB,bra,4998,4837,4,2,2
raw,M_SHELLAPP_SHELLPARSE_A4976CAB,bra,5085,4922,4,2,2
raw,M_SHELLAPP_SHELLPARSE_A4976CAB,bra,5167,5002,4,2,2
raw,M_SHELLAPP_SHELLPARSE_A4976CAB,bra,5209,5042,4,2,2
raw,M_SHELLAPP_SHELLPARSE_A4976CAB,bra,5325,5156,4,2,2
raw,M_SHELLAPP_SHELLPARSE_A4976CAB,bra,5331,5160,4,2,2
raw,M_SHELLAPP_SHELLPARSE_A4976CAB,bra,5376,5203,4,2,2
raw,M_SHELLAPP_SHELLPARSE_A4976CAB,bra,5382,5207,4,2,2
raw,M_SHELLAPP_SHELLPARSE_A4976CAB,bra,5427,5250,4,2,2
raw,M_SHELLAPP_SHELLPARSE_A4976CAB,bra,5474,5295,4,2,2
raw,M_SHELLAPP_SHELLPARSE_A4976CAB,bra,5533,5352,4,2,2
raw,M_SHELLAPP_SHELLPARSE_A4976CAB,bra,5539,5356,4,2,2
raw,M_SHELLAPP_SHELLPARSE_A4976CAB,bra,5584,5399,4,2,2
raw,M_SHELLAPP_SHELLPARSE_A4976CAB,bra,5590,5403,4,2,2
raw,M_SHELLAPP_SHELLPARSE_A4976CAB,bra,5635,5446,4,2,2
raw,M_SHELLAPP_SHELLPARSE_A4976CAB,bra,5682,5491,4,2,2
raw,M_SHELLAPP_SHELLCHANGE_E2B81D98,conditional,50,48,6,2,4
raw,M_SHELLAPP_SHELLCHANGE_E2B81D98,conditional,242,230,6,2,4
raw,M_SHELLAPP_SHELLCHANGE_E2B81D98,bra,8,8,4,2,2
raw,M_SHELLAPP_SHELLCHANGE_E2B81D98,bra,58,52,4,2,2
raw,M_SHELLAPP_SHELLCHANGE_E2B81D98,bra,78,70,4,2,2
raw,M_SHELLAPP_SHELLCHANGE_E2B81D98,bra,172,162,4,2,2
raw,M_SHELLAPP_SHELLCHANGE_E2B81D98,bra,258,242,4,2,2
raw,M_SHELLAPP_SHELLCHANGE_E2B81D98,bra,296,278,4,2,2
raw,M_SHELLAPP_SHELLCHANGE_E2B81D98,bra,432,412,4,2,2
raw,M_SHELLAPP_SHELLCHANGE_E2B81D98,bra,514,492,4,2,2
raw,M_SHELLAPP_SHELLCHANGE_E2B81D98,brl,610,586,4,3,1
raw,M_SHELLAPP_SHELLCHANGE_E2B81D98,bra,648,623,4,2,2
raw,M_SHELLAPP_SHELLCHANGE_E2B81D98,bra,761,734,4,2,2
raw,M_SHELLAPP_SHELLCHANGE_E2B81D98,bra,843,814,4,2,2
raw,M_SHELLAPP_SHELLCHANGE_E2B81D98,brl,923,892,4,3,1
raw,M_SHELLAPP_SHELLCHANGE_E2B81D98,bra,953,921,4,2,2
raw,M_SHELLAPP_SHELLCHANGE_E2B81D98,bra,1013,979,4,2,2
raw,M_SHELLAPP_SHELLCHANGE_E2B81D98,bra,1083,1047,4,2,2
raw,M_SHELLAPP_SHELLCHANGE_E2B81D98,bra,1237,1199,4,2,2
raw,M_SHELLAPP_SHELLCHANGE_E2B81D98,bra,1302,1262,4,2,2
raw,M_SHELLAPP_SHELLCHANGE_E2B81D98,brl,1382,1340,4,3,1
raw,M_SHELLAPP_SHELLCHANGE_E2B81D98,bra,1412,1369,4,2,2
raw,M_SHELLAPP_SHELLCHANGE_E2B81D98,bra,1472,1427,4,2,2
raw,M_SHELLAPP_SHELLCHANGE_E2B81D98,bra,1535,1488,4,2,2
raw,M_SHELLAPP_SHELLRELEASELOCK_7049A622,bra,8,8,4,2,2
raw,M_SHELLAPP_SHELLRELEASELOCK_7049A622,bra,80,78,4,2,2
raw,M_SHELLAPP_SHELLRELEASELOCK_7049A622,bra,162,158,4,2,2
raw,M_SHELLAPP_SHELLRELEASELOCK_7049A622,brl,242,236,4,3,1
raw,M_SHELLAPP_SHELLRELEASELOCK_7049A622,bra,272,265,4,2,2
raw,M_SHELLAPP_SHELLRELEASELOCK_7049A622,bra,332,323,4,2,2
raw,M_SHELLAPP_SHELLRELEASELOCK_7049A622,bra,452,441,4,2,2
raw,M_SHELLAPP_SHELLRELEASELOCK_7049A622,bra,517,504,4,2,2
raw,M_SHELLAPP_SHELLRELEASELOCK_7049A622,brl,597,582,4,3,1
raw,M_SHELLAPP_SHELLRELEASELOCK_7049A622,bra,627,611,4,2,2
raw,M_SHELLAPP_SHELLRELEASELOCK_7049A622,bra,687,669,4,2,2
raw,M_SHELLAPP_SHELLRELEASELOCK_7049A622,bra,750,730,4,2,2
raw,M_SHELLAPP_SHELLDIR_EB67AED9,conditional,296,293,6,2,4
raw,M_SHELLAPP_SHELLDIR_EB67AED9,conditional,472,461,6,2,4
raw,M_SHELLAPP_SHELLDIR_EB67AED9,conditional,974,948,6,2,4
raw,M_SHELLAPP_SHELLDIR_EB67AED9,conditional,1149,1114,6,2,4
raw,M_SHELLAPP_SHELLDIR_EB67AED9,conditional,1155,1116,6,2,4
raw,M_SHELLAPP_SHELLDIR_EB67AED9,conditional,1169,1126,6,2,4
raw,M_SHELLAPP_SHELLDIR_EB67AED9,conditional,1175,1128,6,2,4
raw,M_SHELLAPP_SHELLDIR_EB67AED9,conditional,1189,1138,6,2,4
raw,M_SHELLAPP_SHELLDIR_EB67AED9,conditional,1195,1140,6,2,4
raw,M_SHELLAPP_SHELLDIR_EB67AED9,conditional,1209,1150,6,2,4
raw,M_SHELLAPP_SHELLDIR_EB67AED9,conditional,1215,1152,6,2,4
raw,M_SHELLAPP_SHELLDIR_EB67AED9,conditional,1602,1518,6,2,4
raw,M_SHELLAPP_SHELLDIR_EB67AED9,conditional,2017,1919,6,2,4
raw,M_SHELLAPP_SHELLDIR_EB67AED9,conditional,2023,1921,6,2,4
raw,M_SHELLAPP_SHELLDIR_EB67AED9,conditional,2037,1931,6,2,4
raw,M_SHELLAPP_SHELLDIR_EB67AED9,conditional,2043,1933,6,2,4
raw,M_SHELLAPP_SHELLDIR_EB67AED9,conditional,2057,1943,6,2,4
raw,M_SHELLAPP_SHELLDIR_EB67AED9,conditional,2063,1945,6,2,4
raw,M_SHELLAPP_SHELLDIR_EB67AED9,conditional,2077,1955,6,2,4
raw,M_SHELLAPP_SHELLDIR_EB67AED9,conditional,2083,1957,6,2,4
raw,M_SHELLAPP_SHELLDIR_EB67AED9,bra,8,8,4,2,2
raw,M_SHELLAPP_SHELLDIR_EB67AED9,brl,95,93,4,3,1
raw,M_SHELLAPP_SHELLDIR_EB67AED9,bra,304,297,4,2,2
raw,M_SHELLAPP_SHELLDIR_EB67AED9,bra,324,315,4,2,2
raw,M_SHELLAPP_SHELLDIR_EB67AED9,brl,488,473,4,3,1
raw,M_SHELLAPP_SHELLDIR_EB67AED9,bra,518,502,4,2,2
raw,M_SHELLAPP_SHELLDIR_EB67AED9,bra,578,560,4,2,2
raw,M_SHELLAPP_SHELLDIR_EB67AED9,bra,656,636,4,2,2
raw,M_SHELLAPP_SHELLDIR_EB67AED9,bra,794,772,4,2,2
raw,M_SHELLAPP_SHELLDIR_EB67AED9,bra,886,862,4,2,2
raw,M_SHELLAPP_SHELLDIR_EB67AED9,bra,988,958,4,2,2
raw,M_SHELLAPP_SHELLDIR_EB67AED9,bra,1026,994,4,2,2
raw,M_SHELLAPP_SHELLDIR_EB67AED9,brl,1089,1055,4,3,1
raw,M_SHELLAPP_SHELLDIR_EB67AED9,bra,1221,1154,4,2,2
raw,M_SHELLAPP_SHELLDIR_EB67AED9,bra,1227,1158,4,2,2
raw,M_SHELLAPP_SHELLDIR_EB67AED9,bra,1233,1162,4,2,2
raw,M_SHELLAPP_SHELLDIR_EB67AED9,bra,1239,1166,4,2,2
raw,M_SHELLAPP_SHELLDIR_EB67AED9,bra,1255,1180,4,2,2
raw,M_SHELLAPP_SHELLDIR_EB67AED9,bra,1297,1220,4,2,2
raw,M_SHELLAPP_SHELLDIR_EB67AED9,brl,1360,1281,4,3,1
raw,M_SHELLAPP_SHELLDIR_EB67AED9,bra,1422,1342,4,2,2
raw,M_SHELLAPP_SHELLDIR_EB67AED9,bra,1514,1432,4,2,2
raw,M_SHELLAPP_SHELLDIR_EB67AED9,brl,1616,1528,4,3,1
raw,M_SHELLAPP_SHELLDIR_EB67AED9,bra,1658,1569,4,2,2
raw,M_SHELLAPP_SHELLDIR_EB67AED9,bra,1696,1605,4,2,2
raw,M_SHELLAPP_SHELLDIR_EB67AED9,brl,1759,1666,4,3,1
raw,M_SHELLAPP_SHELLDIR_EB67AED9,bra,1771,1677,4,2,2
raw,M_SHELLAPP_SHELLDIR_EB67AED9,bra,1890,1794,4,2,2
raw,M_SHELLAPP_SHELLDIR_EB67AED9,bra,2089,1959,4,2,2
raw,M_SHELLAPP_SHELLDIR_EB67AED9,bra,2095,1963,4,2,2
raw,M_SHELLAPP_SHELLDIR_EB67AED9,bra,2101,1967,4,2,2
raw,M_SHELLAPP_SHELLDIR_EB67AED9,bra,2107,1971,4,2,2
raw,M_SHELLAPP_SHELLDIR_EB67AED9,brl,2123,1985,4,3,1
raw,M_SHELLAPP_SHELLDIR_EB67AED9,bra,2137,1998,4,2,2
raw,M_SHELLAPP_SHELLDIR_EB67AED9,bra,2201,2060,4,2,2
raw,M_SHELLAPP_SHELLDIR_EB67AED9,brl,2264,2121,4,3,1
raw,M_SHELLAPP_SHELLDIR_EB67AED9,bra,2276,2132,4,2,2
raw,M_SHELLAPP_SHELLDIR_EB67AED9,bra,2340,2194,4,2,2
raw,M_SHELLAPP_SHELLDIR_EB67AED9,bra,2411,2263,4,2,2
raw,M_SHELLAPP_SHELLDIR_EB67AED9,bra,2505,2355,4,2,2
raw,M_SHELLAPP_SHELLDIR_EB67AED9,bra,2582,2430,4,2,2
raw,M_SHELLAPP_SHELLDIR_EB67AED9,bra,2646,2492,4,2,2
raw,M_SHELLAPP_SHELLDIR_EB67AED9,bra,2775,2619,4,2,2
raw,M_SHELLAPP_SHELLDIR_EB67AED9,bra,2781,2623,4,2,2
raw,M_SHELLAPP_SHELLDIR_EB67AED9,brl,2785,2625,4,3,1
raw,M_SHELLAPP_SHELLDIR_EB67AED9,bra,2797,2636,4,2,2
raw,M_SHELLAPP_SHELLCONVERT_8185A927,bra,8,8,4,2,2
raw,M_SHELLAPP_SHELLCONVERT_8185A927,bra,38,36,4,2,2
raw,M_SHELLAPP_SHELLCONVERT_8185A927,bra,140,136,4,2,2
raw,M_SHELLAPP_SHELLCONVERT_8185A927,brl,192,186,4,3,1
raw,M_SHELLAPP_SHELLCONVERT_8185A927,brl,276,269,4,3,1
raw,M_SHELLAPP_SHELLCONVERT_8185A927,bra,296,288,4,2,2
raw,M_SHELLAPP_SHELLCONVERT_8185A927,bra,310,300,4,2,2
raw,M_SHELLAPP_SHELLCONVERT_8185A927,bra,328,316,4,2,2
raw,M_SHELLAPP_SHELLCONVERT_8185A927,bra,348,334,4,2,2
raw,M_SHELLAPP_SHELLCONVERT_8185A927,bra,368,352,4,2,2
raw,M_SHELLAPP_SHELLCONVERT_8185A927,bra,374,356,4,2,2
raw,M_SHELLAPP_SHELLCONVERT_8185A927,bra,392,372,4,2,2
raw,M_SHELLAPP_SHELLCONVERT_8185A927,bra,501,479,4,2,2
raw,M_SHELLAPP_SHELLCONVERT_8185A927,bra,507,483,4,2,2
raw,M_SHELLAPP_SHELLCONVERT_8185A927,brl,523,497,4,3,1
raw,M_SHELLAPP_SHELLCLOSECOMMANDINPUT_5DFC114D,conditional,222,217,6,2,4
raw,M_SHELLAPP_SHELLCLOSECOMMANDINPUT_5DFC114D,bra,8,8,4,2,2
raw,M_SHELLAPP_SHELLCLOSECOMMANDINPUT_5DFC114D,brl,84,82,4,3,1
raw,M_SHELLAPP_SHELLCLOSECOMMANDINPUT_5DFC114D,bra,140,137,4,2,2
raw,M_SHELLAPP_SHELLCLOSECOMMANDINPUT_5DFC114D,brl,236,227,4,3,1
raw,M_SHELLAPP_SHELLCLOSECOMMANDINPUT_5DFC114D,bra,266,256,4,2,2
raw,M_SHELLAPP_SHELLCLOSECOMMANDINPUT_5DFC114D,bra,326,314,4,2,2
raw,M_SHELLAPP_SHELLCLOSECOMMANDINPUT_5DFC114D,bra,389,375,4,2,2
raw,M_SHELLAPP_SHELLTYPE_D64CE23C,conditional,252,249,6,2,4
raw,M_SHELLAPP_SHELLTYPE_D64CE23C,conditional,520,505,6,2,4
raw,M_SHELLAPP_SHELLTYPE_D64CE23C,conditional,638,616,6,2,4
raw,M_SHELLAPP_SHELLTYPE_D64CE23C,conditional,1361,1316,6,2,4
raw,M_SHELLAPP_SHELLTYPE_D64CE23C,conditional,1583,1528,6,2,4
raw,M_SHELLAPP_SHELLTYPE_D64CE23C,conditional,1589,1530,6,2,4
raw,M_SHELLAPP_SHELLTYPE_D64CE23C,conditional,1603,1540,6,2,4
raw,M_SHELLAPP_SHELLTYPE_D64CE23C,conditional,1609,1542,6,2,4
raw,M_SHELLAPP_SHELLTYPE_D64CE23C,conditional,1623,1552,6,2,4
raw,M_SHELLAPP_SHELLTYPE_D64CE23C,conditional,1629,1554,6,2,4
raw,M_SHELLAPP_SHELLTYPE_D64CE23C,conditional,1643,1564,6,2,4
raw,M_SHELLAPP_SHELLTYPE_D64CE23C,conditional,1649,1566,6,2,4
raw,M_SHELLAPP_SHELLTYPE_D64CE23C,conditional,1822,1722,6,2,4
raw,M_SHELLAPP_SHELLTYPE_D64CE23C,conditional,1866,1759,6,2,4
raw,M_SHELLAPP_SHELLTYPE_D64CE23C,conditional,1898,1785,6,2,4
raw,M_SHELLAPP_SHELLTYPE_D64CE23C,conditional,1904,1787,6,2,4
raw,M_SHELLAPP_SHELLTYPE_D64CE23C,conditional,1918,1797,6,2,4
raw,M_SHELLAPP_SHELLTYPE_D64CE23C,conditional,1924,1799,6,2,4
raw,M_SHELLAPP_SHELLTYPE_D64CE23C,conditional,1938,1809,6,2,4
raw,M_SHELLAPP_SHELLTYPE_D64CE23C,conditional,1944,1811,6,2,4
raw,M_SHELLAPP_SHELLTYPE_D64CE23C,conditional,1958,1821,6,2,4
raw,M_SHELLAPP_SHELLTYPE_D64CE23C,conditional,1964,1823,6,2,4
raw,M_SHELLAPP_SHELLTYPE_D64CE23C,bra,8,8,4,2,2
raw,M_SHELLAPP_SHELLTYPE_D64CE23C,brl,71,69,4,3,1
raw,M_SHELLAPP_SHELLTYPE_D64CE23C,bra,260,253,4,2,2
raw,M_SHELLAPP_SHELLTYPE_D64CE23C,bra,280,271,4,2,2
raw,M_SHELLAPP_SHELLTYPE_D64CE23C,bra,434,423,4,2,2
raw,M_SHELLAPP_SHELLTYPE_D64CE23C,bra,446,433,4,2,2
raw,M_SHELLAPP_SHELLTYPE_D64CE23C,brl,536,517,4,3,1
raw,M_SHELLAPP_SHELLTYPE_D64CE23C,bra,550,530,4,2,2
raw,M_SHELLAPP_SHELLTYPE_D64CE23C,bra,652,626,4,2,2
raw,M_SHELLAPP_SHELLTYPE_D64CE23C,bra,714,686,4,2,2
raw,M_SHELLAPP_SHELLTYPE_D64CE23C,brl,825,795,4,3,1
raw,M_SHELLAPP_SHELLTYPE_D64CE23C,bra,847,816,4,2,2
raw,M_SHELLAPP_SHELLTYPE_D64CE23C,bra,925,892,4,2,2
raw,M_SHELLAPP_SHELLTYPE_D64CE23C,bra,1021,986,4,2,2
raw,M_SHELLAPP_SHELLTYPE_D64CE23C,bra,1059,1022,4,2,2
raw,M_SHELLAPP_SHELLTYPE_D64CE23C,bra,1165,1126,4,2,2
raw,M_SHELLAPP_SHELLTYPE_D64CE23C,bra,1207,1166,4,2,2
raw,M_SHELLAPP_SHELLTYPE_D64CE23C,bra,1293,1250,4,2,2
raw,M_SHELLAPP_SHELLTYPE_D64CE23C,bra,1369,1320,4,2,2
raw,M_SHELLAPP_SHELLTYPE_D64CE23C,bra,1389,1338,4,2,2
raw,M_SHELLAPP_SHELLTYPE_D64CE23C,bra,1489,1436,4,2,2
raw,M_SHELLAPP_SHELLTYPE_D64CE23C,bra,1655,1568,4,2,2
raw,M_SHELLAPP_SHELLTYPE_D64CE23C,bra,1661,1572,4,2,2
raw,M_SHELLAPP_SHELLTYPE_D64CE23C,bra,1667,1576,4,2,2
raw,M_SHELLAPP_SHELLTYPE_D64CE23C,bra,1673,1580,4,2,2
raw,M_SHELLAPP_SHELLTYPE_D64CE23C,bra,1689,1594,4,2,2
raw,M_SHELLAPP_SHELLTYPE_D64CE23C,bra,1727,1630,4,2,2
raw,M_SHELLAPP_SHELLTYPE_D64CE23C,brl,1790,1691,4,3,1
raw,M_SHELLAPP_SHELLTYPE_D64CE23C,bra,1836,1732,4,2,2
raw,M_SHELLAPP_SHELLTYPE_D64CE23C,brl,1842,1736,4,3,1
raw,M_SHELLAPP_SHELLTYPE_D64CE23C,bra,1874,1763,4,2,2
raw,M_SHELLAPP_SHELLTYPE_D64CE23C,bra,1970,1825,4,2,2
raw,M_SHELLAPP_SHELLTYPE_D64CE23C,bra,1976,1829,4,2,2
raw,M_SHELLAPP_SHELLTYPE_D64CE23C,bra,1982,1833,4,2,2
raw,M_SHELLAPP_SHELLTYPE_D64CE23C,bra,1988,1837,4,2,2
raw,M_SHELLAPP_SHELLTYPE_D64CE23C,bra,2004,1851,4,2,2
raw,M_SHELLAPP_SHELLTYPE_D64CE23C,bra,2046,1891,4,2,2
raw,M_SHELLAPP_SHELLTYPE_D64CE23C,brl,2109,1952,4,3,1
raw,M_SHELLAPP_SHELLTYPE_D64CE23C,bra,2141,1983,4,2,2
raw,M_SHELLAPP_SHELLTYPE_D64CE23C,bra,2206,2046,4,2,2
raw,M_SHELLAPP_SHELLTYPE_D64CE23C,bra,2270,2108,4,2,2
raw,M_SHELLAPP_SHELLTYPE_D64CE23C,bra,2338,2174,4,2,2
raw,M_SHELLAPP_SHELLTYPE_D64CE23C,bra,2479,2313,4,2,2
raw,M_SHELLAPP_SHELLTYPE_D64CE23C,bra,2485,2317,4,2,2
raw,M_SHELLAPP_SHELLTYPE_D64CE23C,brl,2489,2319,4,3,1
raw,M_SHELLAPP_SHELLTYPE_D64CE23C,bra,2501,2330,4,2,2
raw,M_SHELLAPP_SHELLMEM_399A3E7B,bra,8,8,4,2,2
raw,M_SHELLAPP_SHELLMEM_399A3E7B,bra,38,36,4,2,2
raw,M_SHELLAPP_SHELLMEM_399A3E7B,bra,130,126,4,2,2
raw,M_SHELLAPP_SHELLMEM_399A3E7B,bra,209,203,4,2,2
raw,M_SHELLAPP_SHELLMEM_399A3E7B,bra,289,281,4,2,2
raw,M_SHELLAPP_SHELLMEM_399A3E7B,bra,377,367,4,2,2
raw,M_SHELLAPP_SHELLMEM_399A3E7B,bra,454,442,4,2,2
raw,M_SHELLAPP_SHELLMEM_399A3E7B,bra,518,504,4,2,2
raw,M_SHELLAPP_SHELLMEM_399A3E7B,bra,589,573,4,2,2
raw,M_SHELLAPP_SHELLMEM_399A3E7B,bra,681,663,4,2,2
raw,M_SHELLAPP_SHELLMEM_399A3E7B,bra,760,740,4,2,2
raw,M_SHELLAPP_SHELLMEM_399A3E7B,bra,824,802,4,2,2
raw,M_SHELLAPP_SHELLMEM_399A3E7B,bra,914,890,4,2,2
raw,M_SHELLAPP_SHELLMEM_399A3E7B,bra,991,965,4,2,2
raw,M_SHELLAPP_SHELLMEM_399A3E7B,bra,1055,1027,4,2,2
raw,M_SHELLAPP_SHELLMEM_399A3E7B,bra,1126,1096,4,2,2
raw,M_SHELLAPP_SHELLMEM_399A3E7B,bra,1218,1186,4,2,2
raw,M_SHELLAPP_SHELLMEM_399A3E7B,bra,1297,1263,4,2,2
raw,M_SHELLAPP_SHELLMEM_399A3E7B,bra,1361,1325,4,2,2
raw,M_SHELLAPP_SHELLMEM_399A3E7B,bra,1451,1413,4,2,2
raw,M_SHELLAPP_SHELLMEM_399A3E7B,bra,1528,1488,4,2,2
raw,M_SHELLAPP_SHELLMEM_399A3E7B,bra,1592,1550,4,2,2
raw,M_SHELLAPP_SHELLMEM_399A3E7B,bra,1663,1619,4,2,2
raw,M_SHELLAPP_SHELLMEM_399A3E7B,bra,1755,1709,4,2,2
raw,M_SHELLAPP_SHELLMEM_399A3E7B,bra,1834,1786,4,2,2
raw,M_SHELLAPP_SHELLMEM_399A3E7B,bra,1942,1892,4,2,2
raw,M_SHELLAPP_SHELLMEM_399A3E7B,bra,2030,1978,4,2,2
raw,M_SHELLAPP_SHELLMEM_399A3E7B,bra,2107,2053,4,2,2
raw,M_SHELLAPP_SHELLMEM_399A3E7B,bra,2171,2115,4,2,2
raw,M_SHELLAPP_SHELLTASKSTATE_6E5D5B16,bra,8,8,4,2,2
raw,M_SHELLAPP_SHELLTASKSTATE_6E5D5B16,bra,80,78,4,2,2
raw,M_SHELLAPP_SHELLTASKSTATE_6E5D5B16,brl,122,118,4,3,1
raw,M_SHELLAPP_SHELLTASKSTATE_6E5D5B16,bra,140,135,4,2,2
raw,M_SHELLAPP_SHELLTASKSTATE_6E5D5B16,bra,182,175,4,2,2
raw,M_SHELLAPP_SHELLTASKSTATE_6E5D5B16,bra,200,191,4,2,2
raw,M_SHELLAPP_SHELLTASKSTATE_6E5D5B16,bra,242,231,4,2,2
raw,M_SHELLAPP_SHELLTASKSTATE_6E5D5B16,bra,260,247,4,2,2
raw,M_SHELLAPP_SHELLTASKSTATE_6E5D5B16,bra,326,311,4,2,2
raw,M_SHELLAPP_SHELLTASKS_1B8DD8E2,bra,8,8,4,2,2
raw,M_SHELLAPP_SHELLTASKS_1B8DD8E2,bra,38,36,4,2,2
raw,M_SHELLAPP_SHELLTASKS_1B8DD8E2,bra,146,142,4,2,2
raw,M_SHELLAPP_SHELLTASKS_1B8DD8E2,bra,261,255,4,2,2
raw,M_SHELLAPP_SHELLTASKS_1B8DD8E2,bra,348,340,4,2,2
raw,M_SHELLAPP_SHELLTASKS_1B8DD8E2,bra,433,423,4,2,2
raw,M_SHELLAPP_SHELLTASKS_1B8DD8E2,brl,480,468,4,3,1
raw,M_SHELLAPP_SHELLTASKS_1B8DD8E2,bra,640,627,4,2,2
raw,M_SHELLAPP_SHELLTASKS_1B8DD8E2,bra,841,826,4,2,2
raw,M_SHELLAPP_SHELLTASKS_1B8DD8E2,bra,863,846,4,2,2
raw,M_SHELLAPP_SHELLTASKS_1B8DD8E2,bra,942,923,4,2,2
raw,M_SHELLAPP_SHELLTASKS_1B8DD8E2,bra,1021,1000,4,2,2
raw,M_SHELLAPP_SHELLTASKS_1B8DD8E2,bra,1100,1077,4,2,2
raw,M_SHELLAPP_SHELLTASKS_1B8DD8E2,bra,1305,1280,4,2,2
raw,M_SHELLAPP_SHELLTASKS_1B8DD8E2,bra,1384,1357,4,2,2
raw,M_SHELLAPP_SHELLTASKS_1B8DD8E2,bra,1663,1634,4,2,2
raw,M_SHELLAPP_SHELLTASKS_1B8DD8E2,bra,1713,1682,4,2,2
raw,M_SHELLAPP_SHELLTASKS_1B8DD8E2,brl,1784,1751,4,3,1
raw,M_SHELLAPP_SHELLTASKS_1B8DD8E2,bra,1958,1924,4,2,2
raw,M_SHELLAPP_SHELLTASKS_1B8DD8E2,bra,2045,2009,4,2,2
raw,M_SHELLAPP_SHELLTASKS_1B8DD8E2,bra,2174,2136,4,2,2
raw,M_SHELLAPP_SHELLTASKS_1B8DD8E2,bra,2180,2140,4,2,2
raw,M_SHELLAPP_SHELLTASKS_1B8DD8E2,bra,2195,2153,4,2,2
raw,M_SHELLAPP_SHELLTASKS_1B8DD8E2,bra,2201,2157,4,2,2
raw,M_SHELLAPP_SHELLTASKS_1B8DD8E2,brl,2217,2171,4,3,1
raw,M_SHELLAPP_SHELLDEVICES_E5FACF4D,bra,8,8,4,2,2
raw,M_SHELLAPP_SHELLDEVICES_E5FACF4D,bra,38,36,4,2,2
raw,M_SHELLAPP_SHELLDEVICES_E5FACF4D,bra,146,142,4,2,2
raw,M_SHELLAPP_SHELLDEVICES_E5FACF4D,bra,261,255,4,2,2
raw,M_SHELLAPP_SHELLDEVICES_E5FACF4D,bra,348,340,4,2,2
raw,M_SHELLAPP_SHELLDEVICES_E5FACF4D,bra,433,423,4,2,2
raw,M_SHELLAPP_SHELLDEVICES_E5FACF4D,brl,480,468,4,3,1
raw,M_SHELLAPP_SHELLDEVICES_E5FACF4D,bra,562,549,4,2,2
raw,M_SHELLAPP_SHELLDEVICES_E5FACF4D,bra,612,597,4,2,2
raw,M_SHELLAPP_SHELLDEVICES_E5FACF4D,bra,683,666,4,2,2
raw,M_SHELLAPP_SHELLDEVICES_E5FACF4D,bra,731,712,4,2,2
raw,M_SHELLAPP_SHELLDEVICES_E5FACF4D,bra,914,893,4,2,2
raw,M_SHELLAPP_SHELLDEVICES_E5FACF4D,brl,956,933,4,3,1
raw,M_SHELLAPP_SHELLDEVICES_E5FACF4D,bra,1036,1012,4,2,2
raw,M_SHELLAPP_SHELLDEVICES_E5FACF4D,brl,1078,1052,4,3,1
raw,M_SHELLAPP_SHELLDEVICES_E5FACF4D,bra,1158,1131,4,2,2
raw,M_SHELLAPP_SHELLDEVICES_E5FACF4D,brl,1200,1171,4,3,1
raw,M_SHELLAPP_SHELLDEVICES_E5FACF4D,bra,1280,1250,4,2,2
raw,M_SHELLAPP_SHELLDEVICES_E5FACF4D,brl,1322,1290,4,3,1
raw,M_SHELLAPP_SHELLDEVICES_E5FACF4D,bra,1402,1369,4,2,2
raw,M_SHELLAPP_SHELLDEVICES_E5FACF4D,bra,1444,1409,4,2,2
raw,M_SHELLAPP_SHELLDEVICES_E5FACF4D,bra,1524,1487,4,2,2
raw,M_SHELLAPP_SHELLDEVICES_E5FACF4D,bra,1590,1551,4,2,2
raw,M_SHELLAPP_SHELLDEVICES_E5FACF4D,bra,1677,1636,4,2,2
raw,M_SHELLAPP_SHELLDEVICES_E5FACF4D,bra,1806,1763,4,2,2
raw,M_SHELLAPP_SHELLDEVICES_E5FACF4D,bra,1812,1767,4,2,2
raw,M_SHELLAPP_SHELLDEVICES_E5FACF4D,bra,1827,1780,4,2,2
raw,M_SHELLAPP_SHELLDEVICES_E5FACF4D,bra,1833,1784,4,2,2
raw,M_SHELLAPP_SHELLDEVICES_E5FACF4D,brl,1849,1798,4,3,1
raw,M_SHELLAPP_SHELLMOUNTS_13BE84C6,bra,8,8,4,2,2
raw,M_SHELLAPP_SHELLMOUNTS_13BE84C6,bra,38,36,4,2,2
raw,M_SHELLAPP_SHELLMOUNTS_13BE84C6,bra,146,142,4,2,2
raw,M_SHELLAPP_SHELLMOUNTS_13BE84C6,bra,261,255,4,2,2
raw,M_SHELLAPP_SHELLMOUNTS_13BE84C6,bra,348,340,4,2,2
raw,M_SHELLAPP_SHELLMOUNTS_13BE84C6,brl,433,423,4,3,1
raw,M_SHELLAPP_SHELLMOUNTS_13BE84C6,bra,483,472,4,2,2
raw,M_SHELLAPP_SHELLMOUNTS_13BE84C6,bra,570,557,4,2,2
raw,M_SHELLAPP_SHELLMOUNTS_13BE84C6,brl,674,659,4,3,1
raw,M_SHELLAPP_SHELLMOUNTS_13BE84C6,bra,818,802,4,2,2
raw,M_SHELLAPP_SHELLMOUNTS_13BE84C6,bra,905,887,4,2,2
raw,M_SHELLAPP_SHELLMOUNTS_13BE84C6,bra,1098,1078,4,2,2
raw,M_SHELLAPP_SHELLMOUNTS_13BE84C6,bra,1189,1167,4,2,2
raw,M_SHELLAPP_SHELLMOUNTS_13BE84C6,bra,1211,1187,4,2,2
raw,M_SHELLAPP_SHELLMOUNTS_13BE84C6,bra,1286,1260,4,2,2
raw,M_SHELLAPP_SHELLMOUNTS_13BE84C6,bra,1306,1278,4,2,2
raw,M_SHELLAPP_SHELLMOUNTS_13BE84C6,bra,1413,1383,4,2,2
raw,M_SHELLAPP_SHELLMOUNTS_13BE84C6,bra,1603,1571,4,2,2
raw,M_SHELLAPP_SHELLMOUNTS_13BE84C6,bra,1653,1619,4,2,2
raw,M_SHELLAPP_SHELLMOUNTS_13BE84C6,bra,1724,1688,4,2,2
raw,M_SHELLAPP_SHELLMOUNTS_13BE84C6,bra,1772,1734,4,2,2
raw,M_SHELLAPP_SHELLMOUNTS_13BE84C6,bra,1859,1819,4,2,2
raw,M_SHELLAPP_SHELLMOUNTS_13BE84C6,bra,1988,1946,4,2,2
raw,M_SHELLAPP_SHELLMOUNTS_13BE84C6,bra,1994,1950,4,2,2
raw,M_SHELLAPP_SHELLMOUNTS_13BE84C6,bra,2009,1963,4,2,2
raw,M_SHELLAPP_SHELLMOUNTS_13BE84C6,bra,2015,1967,4,2,2
raw,M_SHELLAPP_SHELLMOUNTS_13BE84C6,brl,2031,1981,4,3,1
raw,M_SHELLAPP_SHELLUNREDIRECT_630E066D,conditional,1209,1181,6,2,4
raw,M_SHELLAPP_SHELLUNREDIRECT_630E066D,conditional,1621,1579,6,2,4
raw,M_SHELLAPP_SHELLUNREDIRECT_630E066D,conditional,1885,1832,6,2,4
raw,M_SHELLAPP_SHELLUNREDIRECT_630E066D,conditional,1951,1893,6,2,4
raw,M_SHELLAPP_SHELLUNREDIRECT_630E066D,bra,8,8,4,2,2
raw,M_SHELLAPP_SHELLUNREDIRECT_630E066D,bra,71,69,4,2,2
raw,M_SHELLAPP_SHELLUNREDIRECT_630E066D,brl,133,129,4,3,1
raw,M_SHELLAPP_SHELLUNREDIRECT_630E066D,bra,189,184,4,2,2
raw,M_SHELLAPP_SHELLUNREDIRECT_630E066D,bra,271,264,4,2,2
raw,M_SHELLAPP_SHELLUNREDIRECT_630E066D,brl,351,342,4,3,1
raw,M_SHELLAPP_SHELLUNREDIRECT_630E066D,bra,381,371,4,2,2
raw,M_SHELLAPP_SHELLUNREDIRECT_630E066D,bra,441,429,4,2,2
raw,M_SHELLAPP_SHELLUNREDIRECT_630E066D,bra,562,548,4,2,2
raw,M_SHELLAPP_SHELLUNREDIRECT_630E066D,bra,644,628,4,2,2
raw,M_SHELLAPP_SHELLUNREDIRECT_630E066D,brl,724,706,4,3,1
raw,M_SHELLAPP_SHELLUNREDIRECT_630E066D,bra,754,735,4,2,2
raw,M_SHELLAPP_SHELLUNREDIRECT_630E066D,bra,814,793,4,2,2
raw,M_SHELLAPP_SHELLUNREDIRECT_630E066D,bra,899,876,4,2,2
raw,M_SHELLAPP_SHELLUNREDIRECT_630E066D,brl,1071,1046,4,3,1
raw,M_SHELLAPP_SHELLUNREDIRECT_630E066D,bra,1127,1101,4,2,2
raw,M_SHELLAPP_SHELLUNREDIRECT_630E066D,brl,1223,1191,4,3,1
raw,M_SHELLAPP_SHELLUNREDIRECT_630E066D,bra,1253,1220,4,2,2
raw,M_SHELLAPP_SHELLUNREDIRECT_630E066D,bra,1313,1278,4,2,2
raw,M_SHELLAPP_SHELLUNREDIRECT_630E066D,bra,1376,1339,4,2,2
raw,M_SHELLAPP_SHELLUNREDIRECT_630E066D,brl,1483,1444,4,3,1
raw,M_SHELLAPP_SHELLUNREDIRECT_630E066D,bra,1539,1499,4,2,2
raw,M_SHELLAPP_SHELLUNREDIRECT_630E066D,brl,1635,1589,4,3,1
raw,M_SHELLAPP_SHELLUNREDIRECT_630E066D,bra,1665,1618,4,2,2
raw,M_SHELLAPP_SHELLUNREDIRECT_630E066D,bra,1725,1676,4,2,2
raw,M_SHELLAPP_SHELLUNREDIRECT_630E066D,bra,1788,1737,4,2,2
raw,M_SHELLAPP_SHELLUNREDIRECT_630E066D,brl,1901,1844,4,3,1
raw,M_SHELLAPP_SHELLUNREDIRECT_630E066D,brl,1967,1905,4,3,1
raw,M_SHELLAPP_SHELLREDIRECT_BB31A89E,conditional,603,590,6,2,4
raw,M_SHELLAPP_SHELLREDIRECT_BB31A89E,conditional,779,758,6,2,4
raw,M_SHELLAPP_SHELLREDIRECT_BB31A89E,conditional,1114,1083,6,2,4
raw,M_SHELLAPP_SHELLREDIRECT_BB31A89E,conditional,1290,1251,6,2,4
raw,M_SHELLAPP_SHELLREDIRECT_BB31A89E,bra,8,8,4,2,2
raw,M_SHELLAPP_SHELLREDIRECT_BB31A89E,bra,68,66,4,2,2
raw,M_SHELLAPP_SHELLREDIRECT_BB31A89E,bra,112,108,4,2,2
raw,M_SHELLAPP_SHELLREDIRECT_BB31A89E,bra,138,132,4,2,2
raw,M_SHELLAPP_SHELLREDIRECT_BB31A89E,bra,226,218,4,2,2
raw,M_SHELLAPP_SHELLREDIRECT_BB31A89E,bra,332,322,4,2,2
raw,M_SHELLAPP_SHELLREDIRECT_BB31A89E,brl,487,475,4,3,1
raw,M_SHELLAPP_SHELLREDIRECT_BB31A89E,bra,611,594,4,2,2
raw,M_SHELLAPP_SHELLREDIRECT_BB31A89E,bra,631,612,4,2,2
raw,M_SHELLAPP_SHELLREDIRECT_BB31A89E,brl,795,770,4,3,1
raw,M_SHELLAPP_SHELLREDIRECT_BB31A89E,bra,825,799,4,2,2
raw,M_SHELLAPP_SHELLREDIRECT_BB31A89E,bra,885,857,4,2,2
raw,M_SHELLAPP_SHELLREDIRECT_BB31A89E,brl,998,968,4,3,1
raw,M_SHELLAPP_SHELLREDIRECT_BB31A89E,bra,1122,1087,4,2,2
raw,M_SHELLAPP_SHELLREDIRECT_BB31A89E,bra,1142,1105,4,2,2
raw,M_SHELLAPP_SHELLREDIRECT_BB31A89E,brl,1306,1263,4,3,1
raw,M_SHELLAPP_SHELLREDIRECT_BB31A89E,bra,1336,1292,4,2,2
raw,M_SHELLAPP_SHELLREDIRECT_BB31A89E,bra,1396,1350,4,2,2
raw,M_SHELLAPP_SHELLREDIRECT_BB31A89E,brl,1560,1512,4,3,1
raw,M_SHELLAPP_SHELLREDIRECT_BB31A89E,bra,1616,1567,4,2,2
raw,M_SHELLAPP_SHELLREDIRECT_BB31A89E,bra,1698,1647,4,2,2
raw,M_SHELLAPP_SHELLREDIRECT_BB31A89E,brl,1778,1725,4,3,1
raw,M_SHELLAPP_SHELLREDIRECT_BB31A89E,bra,1808,1754,4,2,2
raw,M_SHELLAPP_SHELLREDIRECT_BB31A89E,bra,1868,1812,4,2,2
raw,M_SHELLAPP_SHELLREDIRECT_BB31A89E,brl,1997,1939,4,3,1
raw,M_SHELLAPP_SHELLREDIRECT_BB31A89E,bra,2053,1994,4,2,2
raw,M_SHELLAPP_SHELLREDIRECT_BB31A89E,bra,2135,2074,4,2,2
raw,M_SHELLAPP_SHELLREDIRECT_BB31A89E,brl,2215,2152,4,3,1
raw,M_SHELLAPP_SHELLREDIRECT_BB31A89E,bra,2245,2181,4,2,2
raw,M_SHELLAPP_SHELLREDIRECT_BB31A89E,bra,2305,2239,4,2,2
raw,M_SHELLAPP_SHELLDISPATCH_02D6964A,conditional,1627,1586,6,2,4
raw,M_SHELLAPP_SHELLDISPATCH_02D6964A,conditional,1759,1710,6,2,4
raw,M_SHELLAPP_SHELLDISPATCH_02D6964A,bra,8,8,4,2,2
raw,M_SHELLAPP_SHELLDISPATCH_02D6964A,brl,71,69,4,3,1
raw,M_SHELLAPP_SHELLDISPATCH_02D6964A,bra,85,82,4,2,2
raw,M_SHELLAPP_SHELLDISPATCH_02D6964A,bra,177,172,4,2,2
raw,M_SHELLAPP_SHELLDISPATCH_02D6964A,bra,256,249,4,2,2
raw,M_SHELLAPP_SHELLDISPATCH_02D6964A,bra,320,311,4,2,2
raw,M_SHELLAPP_SHELLDISPATCH_02D6964A,brl,383,372,4,3,1
raw,M_SHELLAPP_SHELLDISPATCH_02D6964A,brl,428,416,4,3,1
raw,M_SHELLAPP_SHELLDISPATCH_02D6964A,brl,475,462,4,3,1
raw,M_SHELLAPP_SHELLDISPATCH_02D6964A,brl,556,542,4,3,1
raw,M_SHELLAPP_SHELLDISPATCH_02D6964A,brl,584,569,4,3,1
raw,M_SHELLAPP_SHELLDISPATCH_02D6964A,bra,598,582,4,2,2
raw,M_SHELLAPP_SHELLDISPATCH_02D6964A,bra,662,644,4,2,2
raw,M_SHELLAPP_SHELLDISPATCH_02D6964A,bra,733,713,4,2,2
raw,M_SHELLAPP_SHELLDISPATCH_02D6964A,bra,948,926,4,2,2
raw,M_SHELLAPP_SHELLDISPATCH_02D6964A,bra,1030,1006,4,2,2
raw,M_SHELLAPP_SHELLDISPATCH_02D6964A,bra,1036,1010,4,2,2
raw,M_SHELLAPP_SHELLDISPATCH_02D6964A,brl,1052,1024,4,3,1
raw,M_SHELLAPP_SHELLDISPATCH_02D6964A,bra,1064,1035,4,2,2
raw,M_SHELLAPP_SHELLDISPATCH_02D6964A,bra,1128,1097,4,2,2
raw,M_SHELLAPP_SHELLDISPATCH_02D6964A,brl,1191,1158,4,3,1
raw,M_SHELLAPP_SHELLDISPATCH_02D6964A,brl,1236,1202,4,3,1
raw,M_SHELLAPP_SHELLDISPATCH_02D6964A,brl,1283,1248,4,3,1
raw,M_SHELLAPP_SHELLDISPATCH_02D6964A,bra,1448,1412,4,2,2
raw,M_SHELLAPP_SHELLDISPATCH_02D6964A,brl,1505,1467,4,3,1
raw,M_SHELLAPP_SHELLDISPATCH_02D6964A,bra,1559,1520,4,2,2
raw,M_SHELLAPP_SHELLDISPATCH_02D6964A,bra,1635,1590,4,2,2
raw,M_SHELLAPP_SHELLDISPATCH_02D6964A,bra,1655,1608,4,2,2
raw,M_SHELLAPP_SHELLDISPATCH_02D6964A,brl,1773,1720,4,3,1
raw,M_SHELLAPP_SHELLDISPATCH_02D6964A,bra,1803,1749,4,2,2
raw,M_SHELLAPP_SHELLDISPATCH_02D6964A,bra,1863,1807,4,2,2
raw,M_SHELLAPP_SHELLDISPATCH_02D6964A,brl,1926,1868,4,3,1
raw,M_SHELLAPP_SHELLDISPATCH_02D6964A,bra,1938,1879,4,2,2
raw,M_SHELLAPP_SHELLDISPATCH_02D6964A,bra,2002,1941,4,2,2
raw,M_SHELLAPP_SHELLDISPATCH_02D6964A,bra,2066,2003,4,2,2
raw,M_SHELLAPP_SHELLDISPATCH_02D6964A,bra,2145,2080,4,2,2
raw,M_SHELLAPP_SHELLDISPATCH_02D6964A,bra,2209,2142,4,2,2
raw,M_SHELLAPP_SHELLDISPATCH_02D6964A,brl,2272,2203,4,3,1
raw,M_SHELLAPP_SHELLDISPATCH_02D6964A,bra,2317,2247,4,2,2
raw,M_SHELLAPP_SHELLDISPATCH_02D6964A,brl,2358,2286,4,3,1
raw,M_SHELLAPP_SHELLDISPATCH_02D6964A,bra,2403,2330,4,2,2
raw,M_SHELLAPP_SHELLDISPATCH_02D6964A,bra,2417,2342,4,2,2
raw,M_SHELLAPP_SHELLDISPATCH_02D6964A,brl,2464,2387,4,3,1
raw,M_SHELLAPP_SHELLDISPATCH_02D6964A,bra,2509,2431,4,2,2
raw,M_SHELLAPP_SHELLDISPATCH_02D6964A,bra,2523,2443,4,2,2
raw,M_SHELLAPP_SHELLDISPATCH_02D6964A,brl,2570,2488,4,3,1
raw,M_SHELLAPP_SHELLDISPATCH_02D6964A,bra,2615,2532,4,2,2
raw,M_SHELLAPP_SHELLDISPATCH_02D6964A,bra,2629,2544,4,2,2
raw,M_SHELLAPP_SHELLDISPATCH_02D6964A,brl,2676,2589,4,3,1
raw,M_SHELLAPP_SHELLDISPATCH_02D6964A,brl,2721,2633,4,3,1
raw,M_SHELLAPP_SHELLDISPATCH_02D6964A,bra,2735,2646,4,2,2
raw,M_SHELLAPP_SHELLDISPATCH_02D6964A,bra,2799,2708,4,2,2
raw,M_SHELLAPP_SHELLDISPATCH_02D6964A,brl,2856,2763,4,3,1
raw,M_SHELLAPP_SHELLDISPATCH_02D6964A,brl,2901,2807,4,3,1
raw,M_SHELLAPP_SHELLDISPATCH_02D6964A,bra,2915,2820,4,2,2
raw,M_SHELLAPP_SHELLDISPATCH_02D6964A,bra,2995,2898,4,2,2
raw,M_SHELLAPP_SHELLDISPATCH_02D6964A,brl,3066,2967,4,3,1
raw,M_SHELLAPP_SHELLDISPATCH_02D6964A,brl,3111,3011,4,3,1
raw,M_SHELLAPP_SHELLDISPATCH_02D6964A,bra,3125,3024,4,2,2
raw,M_SHELLAPP_SHELLDISPATCH_02D6964A,bra,3189,3086,4,2,2
raw,M_SHELLAPP_SHELLDISPATCH_02D6964A,brl,3246,3141,4,3,1
raw,M_SHELLAPP_SHELLDISPATCH_02D6964A,bra,3291,3185,4,2,2
raw,M_SHELLAPP_SHELLDISPATCH_02D6964A,bra,3305,3197,4,2,2
raw,M_SHELLAPP_SHELLDISPATCH_02D6964A,bra,3369,3259,4,2,2
raw,M_SHELLAPP_SHELLCOMMAND_01DF848F,bra,8,8,4,2,2
raw,M_SHELLAPP_SHELLCOMMAND_01DF848F,bra,71,69,4,2,2
raw,M_SHELLAPP_SHELLCOMMAND_01DF848F,bra,192,188,4,2,2
raw,M_SHELLAPP_SHELLCOMMAND_01DF848F,bra,255,249,4,2,2
raw,M_SHELLAPP_SHELLCOMMAND_01DF848F,bra,297,289,4,2,2
raw,M_SHELLAPP_SHELLCOMMAND_01DF848F,bra,360,350,4,2,2
raw,M_SHELLAPP_SHELLCOMMAND_01DF848F,bra,372,360,4,2,2
raw,M_SHELLAPP_SHELLCOMMAND_01DF848F,bra,435,421,4,2,2
raw,M_SHELLAPP_SHELLCOMMAND_01DF848F,bra,449,433,4,2,2
raw,M_SHELLAPP_SHELLCOMMAND_01DF848F,bra,504,486,4,2,2
raw,M_SHELLAPP_SHELLCOMMAND_01DF848F,bra,559,539,4,2,2
raw,M_SHELLAPP_SHELLFEED_19C6DEC4,bra,8,8,4,2,2
raw,M_SHELLAPP_SHELLFEED_19C6DEC4,bra,46,44,4,2,2
raw,M_SHELLAPP_SHELLFEED_19C6DEC4,bra,151,147,4,2,2
raw,M_SHELLAPP_SHELLFEED_19C6DEC4,brl,205,199,4,3,1
raw,M_SHELLAPP_SHELLFEED_19C6DEC4,bra,225,218,4,2,2
raw,M_SHELLAPP_SHELLFEED_19C6DEC4,bra,231,222,4,2,2
raw,M_SHELLAPP_SHELLFEED_19C6DEC4,brl,249,238,4,3,1
raw,M_SHELLAPP_SHELLFEED_19C6DEC4,bra,305,293,4,2,2
raw,M_SHELLAPP_SHELLFEED_19C6DEC4,bra,376,362,4,2,2
raw,M_SHELLAPP_SHELLFEED_19C6DEC4,bra,431,415,4,2,2
raw,M_SHELLAPP_SHELLFEED_19C6DEC4,brl,478,460,4,3,1
raw,M_SHELLAPP_SHELLFEED_19C6DEC4,brl,496,477,4,3,1
raw,M_SHELLAPP_SHELLFEED_19C6DEC4,brl,543,523,4,3,1
raw,M_SHELLAPP_SHELLFEED_19C6DEC4,bra,599,578,4,2,2
raw,M_SHELLAPP_SHELLFEED_19C6DEC4,bra,670,647,4,2,2
raw,M_SHELLAPP_SHELLFEED_19C6DEC4,bra,725,700,4,2,2
raw,M_SHELLAPP_SHELLFEED_19C6DEC4,brl,793,766,4,3,1
raw,M_SHELLAPP_SHELLFEED_19C6DEC4,bra,849,821,4,2,2
raw,M_SHELLAPP_SHELLFEED_19C6DEC4,bra,920,890,4,2,2
raw,M_SHELLAPP_SHELLFEED_19C6DEC4,bra,975,943,4,2,2
raw,M_SHELLAPP_SHELLFEED_19C6DEC4,brl,1022,988,4,3,1
raw,M_SHELLAPP_SHELLFEED_19C6DEC4,bra,1040,1005,4,2,2
raw,M_SHELLAPP_SHELLFEED_19C6DEC4,bra,1046,1009,4,2,2
raw,M_SHELLAPP_SHELLFEED_19C6DEC4,brl,1064,1025,4,3,1
raw,M_SHELLAPP_SHELLFEED_19C6DEC4,bra,1120,1080,4,2,2
raw,M_SHELLAPP_SHELLFEED_19C6DEC4,bra,1191,1149,4,2,2
raw,M_SHELLAPP_SHELLFEED_19C6DEC4,bra,1246,1202,4,2,2
raw,M_SHELLAPP_SHELLFEED_19C6DEC4,bra,1334,1288,4,2,2
raw,M_SHELLAPP_SHELLFEED_19C6DEC4,bra,1348,1300,4,2,2
raw,M_SHELLAPP_SHELLFEED_19C6DEC4,brl,1395,1345,4,3,1
raw,M_SHELLAPP_SHELLFEED_19C6DEC4,brl,1413,1362,4,3,1
raw,M_SHELLAPP_SHELLFEED_19C6DEC4,brl,1468,1416,4,3,1
raw,M_SHELLAPP_SHELLFEED_19C6DEC4,bra,1627,1574,4,2,2
raw,M_SHELLAPP_SHELLFEED_19C6DEC4,brl,1674,1619,4,3,1
raw,M_SHELLAPP_SHELLFEED_19C6DEC4,bra,1692,1636,4,2,2
raw,M_SHELLAPP_SHELLFEED_19C6DEC4,brl,1720,1662,4,3,1
raw,M_SHELLAPP_SHELLFEED_19C6DEC4,brl,1740,1681,4,3,1
raw,M_SHELLAPP_SHELLFEED_19C6DEC4,brl,1795,1735,4,3,1
raw,M_SHELLAPP_SHELLFEED_19C6DEC4,bra,2147,2086,4,2,2
raw,M_SHELLAPP_SHELLFEED_19C6DEC4,bra,2218,2155,4,2,2
raw,M_SHELLAPP_SHELLFEED_19C6DEC4,brl,2265,2200,4,3,1
raw,M_SHELLAPP_SHELLFEED_19C6DEC4,bra,2521,2455,4,2,2
raw,M_SHELLAPP_SHELLREADSTEP_5848FDA6,conditional,364,356,6,2,4
raw,M_SHELLAPP_SHELLREADSTEP_5848FDA6,conditional,506,489,6,2,4
raw,M_SHELLAPP_SHELLREADSTEP_5848FDA6,conditional,512,491,6,2,4
raw,M_SHELLAPP_SHELLREADSTEP_5848FDA6,conditional,526,501,6,2,4
raw,M_SHELLAPP_SHELLREADSTEP_5848FDA6,conditional,532,503,6,2,4
raw,M_SHELLAPP_SHELLREADSTEP_5848FDA6,conditional,546,513,6,2,4
raw,M_SHELLAPP_SHELLREADSTEP_5848FDA6,conditional,552,515,6,2,4
raw,M_SHELLAPP_SHELLREADSTEP_5848FDA6,conditional,566,525,6,2,4
raw,M_SHELLAPP_SHELLREADSTEP_5848FDA6,conditional,572,527,6,2,4
raw,M_SHELLAPP_SHELLREADSTEP_5848FDA6,conditional,638,580,6,2,4
raw,M_SHELLAPP_SHELLREADSTEP_5848FDA6,conditional,662,598,6,2,4
raw,M_SHELLAPP_SHELLREADSTEP_5848FDA6,bra,8,8,4,2,2
raw,M_SHELLAPP_SHELLREADSTEP_5848FDA6,bra,38,36,4,2,2
raw,M_SHELLAPP_SHELLREADSTEP_5848FDA6,bra,176,172,4,2,2
raw,M_SHELLAPP_SHELLREADSTEP_5848FDA6,bra,276,270,4,2,2
raw,M_SHELLAPP_SHELLREADSTEP_5848FDA6,bra,378,366,4,2,2
raw,M_SHELLAPP_SHELLREADSTEP_5848FDA6,bra,419,405,4,2,2
raw,M_SHELLAPP_SHELLREADSTEP_5848FDA6,brl,468,452,4,3,1
raw,M_SHELLAPP_SHELLREADSTEP_5848FDA6,bra,578,529,4,2,2
raw,M_SHELLAPP_SHELLREADSTEP_5848FDA6,bra,584,533,4,2,2
raw,M_SHELLAPP_SHELLREADSTEP_5848FDA6,bra,590,537,4,2,2
raw,M_SHELLAPP_SHELLREADSTEP_5848FDA6,bra,596,541,4,2,2
raw,M_SHELLAPP_SHELLREADSTEP_5848FDA6,brl,612,555,4,3,1
raw,M_SHELLAPP_SHELLREADSTEP_5848FDA6,bra,646,584,4,2,2
raw,M_SHELLAPP_SHELLREADSTEP_5848FDA6,brl,676,608,4,3,1
raw,M_SHELLAPP_SHELLREADSTEP_5848FDA6,bra,729,660,4,2,2
raw,M_SHELLAPP_SHELLREADSTEP_5848FDA6,bra,1132,1061,4,2,2
raw,M_SHELLAPP_SHELLREADSTEP_5848FDA6,bra,1269,1196,4,2,2
raw,M_SHELLAPP_SHELLREADSTEP_5848FDA6,bra,1390,1315,4,2,2
raw,M_SHELLAPP_SHELLREADSTEP_5848FDA6,bra,1453,1376,4,2,2
raw,M_SHELLAPP_SHELLREADSTEP_5848FDA6,bra,1489,1410,4,2,2
raw,M_SHELLAPP_SHELLOPEN_DC32811A,conditional,42,40,6,2,4
raw,M_SHELLAPP_SHELLOPEN_DC32811A,conditional,246,236,6,2,4
raw,M_SHELLAPP_SHELLOPEN_DC32811A,conditional,320,304,6,2,4
raw,M_SHELLAPP_SHELLOPEN_DC32811A,conditional,496,472,6,2,4
raw,M_SHELLAPP_SHELLOPEN_DC32811A,bra,8,8,4,2,2
raw,M_SHELLAPP_SHELLOPEN_DC32811A,bra,50,44,4,2,2
raw,M_SHELLAPP_SHELLOPEN_DC32811A,bra,124,116,4,2,2
raw,M_SHELLAPP_SHELLOPEN_DC32811A,bra,262,248,4,2,2
raw,M_SHELLAPP_SHELLOPEN_DC32811A,bra,328,308,4,2,2
raw,M_SHELLAPP_SHELLOPEN_DC32811A,bra,348,326,4,2,2
raw,M_SHELLAPP_SHELLOPEN_DC32811A,brl,512,484,4,3,1
raw,M_SHELLAPP_SHELLOPEN_DC32811A,bra,542,513,4,2,2
raw,M_SHELLAPP_SHELLOPEN_DC32811A,bra,602,571,4,2,2
raw,M_SHELLAPP_SHELLOPEN_DC32811A,bra,743,710,4,2,2
raw,M_SHELLAPP_SHELLOPEN_DC32811A,bra,843,808,4,2,2
raw,M_SHELLAPP_SHELLOPEN_DC32811A,brl,923,886,4,3,1
raw,M_SHELLAPP_SHELLOPEN_DC32811A,bra,953,915,4,2,2
raw,M_SHELLAPP_SHELLOPEN_DC32811A,bra,1013,973,4,2,2
raw,M_SHELLAPP_SHELLOPEN_DC32811A,bra,1189,1147,4,2,2
raw,M_SHELLAPP_SHELLOPEN_DC32811A,bra,1289,1245,4,2,2
raw,M_SHELLAPP_SHELLOPEN_DC32811A,brl,1369,1323,4,3,1
raw,M_SHELLAPP_SHELLOPEN_DC32811A,bra,1399,1352,4,2,2
raw,M_SHELLAPP_SHELLOPEN_DC32811A,bra,1459,1410,4,2,2
raw,M_SHELLAPP_SHELLINITIALPROMPT_9A2AE0BA,bra,8,8,4,2,2
raw,M_SHELLAPP_SHELLINITIALPROMPT_9A2AE0BA,bra,190,188,4,2,2
raw,M_SHELLAPP_SHELLINITIALPROMPT_9A2AE0BA,bra,245,241,4,2,2
raw,M_SHELLAPP_SHELLSTART_D37857EA,conditional,310,298,6,2,4
raw,M_SHELLAPP_SHELLSTART_D37857EA,bra,8,8,4,2,2
raw,M_SHELLAPP_SHELLSTART_D37857EA,bra,38,36,4,2,2
raw,M_SHELLAPP_SHELLSTART_D37857EA,bra,101,97,4,2,2
raw,M_SHELLAPP_SHELLSTART_D37857EA,bra,139,133,4,2,2
raw,M_SHELLAPP_SHELLSTART_D37857EA,bra,161,153,4,2,2
raw,M_SHELLAPP_SHELLSTART_D37857EA,bra,226,216,4,2,2
raw,M_SHELLAPP_SHELLSTART_D37857EA,bra,318,302,4,2,2
raw,M_SHELLAPP_SHELLFINISH_77CE18A3,conditional,48,46,6,2,4
raw,M_SHELLAPP_SHELLFINISH_77CE18A3,conditional,2730,2664,6,2,4
raw,M_SHELLAPP_SHELLFINISH_77CE18A3,conditional,3069,2992,6,2,4
raw,M_SHELLAPP_SHELLFINISH_77CE18A3,conditional,3361,3275,6,2,4
raw,M_SHELLAPP_SHELLFINISH_77CE18A3,bra,8,8,4,2,2
raw,M_SHELLAPP_SHELLFINISH_77CE18A3,bra,64,58,4,2,2
raw,M_SHELLAPP_SHELLFINISH_77CE18A3,bra,121,113,4,2,2
raw,M_SHELLAPP_SHELLFINISH_77CE18A3,bra,209,199,4,2,2
raw,M_SHELLAPP_SHELLFINISH_77CE18A3,brl,299,287,4,3,1
raw,M_SHELLAPP_SHELLFINISH_77CE18A3,bra,355,342,4,2,2
raw,M_SHELLAPP_SHELLFINISH_77CE18A3,bra,437,422,4,2,2
raw,M_SHELLAPP_SHELLFINISH_77CE18A3,brl,517,500,4,3,1
raw,M_SHELLAPP_SHELLFINISH_77CE18A3,bra,547,529,4,2,2
raw,M_SHELLAPP_SHELLFINISH_77CE18A3,bra,607,587,4,2,2
raw,M_SHELLAPP_SHELLFINISH_77CE18A3,brl,754,732,4,3,1
raw,M_SHELLAPP_SHELLFINISH_77CE18A3,bra,810,787,4,2,2
raw,M_SHELLAPP_SHELLFINISH_77CE18A3,bra,892,867,4,2,2
raw,M_SHELLAPP_SHELLFINISH_77CE18A3,brl,972,945,4,3,1
raw,M_SHELLAPP_SHELLFINISH_77CE18A3,bra,1002,974,4,2,2
raw,M_SHELLAPP_SHELLFINISH_77CE18A3,bra,1062,1032,4,2,2
raw,M_SHELLAPP_SHELLFINISH_77CE18A3,bra,1176,1144,4,2,2
raw,M_SHELLAPP_SHELLFINISH_77CE18A3,bra,1258,1224,4,2,2
raw,M_SHELLAPP_SHELLFINISH_77CE18A3,brl,1338,1302,4,3,1
raw,M_SHELLAPP_SHELLFINISH_77CE18A3,bra,1368,1331,4,2,2
raw,M_SHELLAPP_SHELLFINISH_77CE18A3,bra,1428,1389,4,2,2
raw,M_SHELLAPP_SHELLFINISH_77CE18A3,bra,1550,1509,4,2,2
raw,M_SHELLAPP_SHELLFINISH_77CE18A3,bra,1615,1572,4,2,2
raw,M_SHELLAPP_SHELLFINISH_77CE18A3,brl,1695,1650,4,3,1
raw,M_SHELLAPP_SHELLFINISH_77CE18A3,bra,1725,1679,4,2,2
raw,M_SHELLAPP_SHELLFINISH_77CE18A3,bra,1785,1737,4,2,2
raw,M_SHELLAPP_SHELLFINISH_77CE18A3,bra,1990,1940,4,2,2
raw,M_SHELLAPP_SHELLFINISH_77CE18A3,bra,2055,2003,4,2,2
raw,M_SHELLAPP_SHELLFINISH_77CE18A3,brl,2135,2081,4,3,1
raw,M_SHELLAPP_SHELLFINISH_77CE18A3,bra,2165,2110,4,2,2
raw,M_SHELLAPP_SHELLFINISH_77CE18A3,bra,2225,2168,4,2,2
raw,M_SHELLAPP_SHELLFINISH_77CE18A3,bra,2388,2329,4,2,2
raw,M_SHELLAPP_SHELLFINISH_77CE18A3,bra,2489,2428,4,2,2
raw,M_SHELLAPP_SHELLFINISH_77CE18A3,brl,2592,2529,4,3,1
raw,M_SHELLAPP_SHELLFINISH_77CE18A3,bra,2648,2584,4,2,2
raw,M_SHELLAPP_SHELLFINISH_77CE18A3,brl,2744,2674,4,3,1
raw,M_SHELLAPP_SHELLFINISH_77CE18A3,bra,2774,2703,4,2,2
raw,M_SHELLAPP_SHELLFINISH_77CE18A3,bra,2834,2761,4,2,2
raw,M_SHELLAPP_SHELLFINISH_77CE18A3,bra,2997,2922,4,2,2
raw,M_SHELLAPP_SHELLFINISH_77CE18A3,brl,3083,3002,4,3,1
raw,M_SHELLAPP_SHELLFINISH_77CE18A3,bra,3113,3031,4,2,2
raw,M_SHELLAPP_SHELLFINISH_77CE18A3,bra,3173,3089,4,2,2
raw,M_SHELLAPP_SHELLFINISH_77CE18A3,bra,3369,3279,4,2,2
raw,M_SHELLAPP_SHELLFINISH_77CE18A3,bra,3389,3297,4,2,2
raw,M_SHELLAPP_SHELLBOOTSIO_1538A419,conditional,112,108,6,2,4
raw,M_SHELLAPP_SHELLBOOTSIO_1538A419,conditional,373,359,6,2,4
raw,M_SHELLAPP_SHELLBOOTSIO_1538A419,conditional,1041,1007,6,2,4
raw,M_SHELLAPP_SHELLBOOTSIO_1538A419,bra,8,8,4,2,2
raw,M_SHELLAPP_SHELLBOOTSIO_1538A419,bra,38,36,4,2,2
raw,M_SHELLAPP_SHELLBOOTSIO_1538A419,bra,128,120,4,2,2
raw,M_SHELLAPP_SHELLBOOTSIO_1538A419,bra,170,160,4,2,2
raw,M_SHELLAPP_SHELLBOOTSIO_1538A419,bra,277,265,4,2,2
raw,M_SHELLAPP_SHELLBOOTSIO_1538A419,brl,389,371,4,3,1
raw,M_SHELLAPP_SHELLBOOTSIO_1538A419,bra,411,392,4,2,2
raw,M_SHELLAPP_SHELLBOOTSIO_1538A419,bra,504,483,4,2,2
raw,M_SHELLAPP_SHELLBOOTSIO_1538A419,bra,639,616,4,2,2
raw,M_SHELLAPP_SHELLBOOTSIO_1538A419,bra,756,731,4,2,2
raw,M_SHELLAPP_SHELLBOOTSIO_1538A419,bra,778,751,4,2,2
raw,M_SHELLAPP_SHELLBOOTSIO_1538A419,bra,851,822,4,2,2
raw,M_SHELLAPP_SHELLBOOTSIO_1538A419,bra,924,893,4,2,2
raw,M_SHELLAPP_SHELLBOOTSIO_1538A419,brl,1003,970,4,3,1
raw,M_SHELLAPP_SHELLBOOTSIO_1538A419,bra,1049,1011,4,2,2
raw,M_SHELLAPP_SHELLBOOTSIO_1538A419,bra,1069,1029,4,2,2
raw,M_SHELLAPP_SHELLBOOTSTART_6A4872BE,conditional,1557,1523,6,2,4
raw,M_SHELLAPP_SHELLBOOTSTART_6A4872BE,conditional,2191,2141,6,2,4
raw,M_SHELLAPP_SHELLBOOTSTART_6A4872BE,conditional,2936,2868,6,2,4
raw,M_SHELLAPP_SHELLBOOTSTART_6A4872BE,bra,8,8,4,2,2
raw,M_SHELLAPP_SHELLBOOTSTART_6A4872BE,bra,38,36,4,2,2
raw,M_SHELLAPP_SHELLBOOTSTART_6A4872BE,bra,101,97,4,2,2
raw,M_SHELLAPP_SHELLBOOTSTART_6A4872BE,bra,127,121,4,2,2
raw,M_SHELLAPP_SHELLBOOTSTART_6A4872BE,bra,209,201,4,2,2
raw,M_SHELLAPP_SHELLBOOTSTART_6A4872BE,bra,314,304,4,2,2
raw,M_SHELLAPP_SHELLBOOTSTART_6A4872BE,bra,427,415,4,2,2
raw,M_SHELLAPP_SHELLBOOTSTART_6A4872BE,bra,564,550,4,2,2
raw,M_SHELLAPP_SHELLBOOTSTART_6A4872BE,bra,701,685,4,2,2
raw,M_SHELLAPP_SHELLBOOTSTART_6A4872BE,bra,846,828,4,2,2
raw,M_SHELLAPP_SHELLBOOTSTART_6A4872BE,bra,967,947,4,2,2
raw,M_SHELLAPP_SHELLBOOTSTART_6A4872BE,bra,1096,1074,4,2,2
raw,M_SHELLAPP_SHELLBOOTSTART_6A4872BE,brl,1124,1100,4,3,1
raw,M_SHELLAPP_SHELLBOOTSTART_6A4872BE,bra,1138,1113,4,2,2
raw,M_SHELLAPP_SHELLBOOTSTART_6A4872BE,brl,1201,1174,4,3,1
raw,M_SHELLAPP_SHELLBOOTSTART_6A4872BE,bra,1281,1253,4,2,2
raw,M_SHELLAPP_SHELLBOOTSTART_6A4872BE,bra,1402,1372,4,2,2
raw,M_SHELLAPP_SHELLBOOTSTART_6A4872BE,bra,1473,1441,4,2,2
raw,M_SHELLAPP_SHELLBOOTSTART_6A4872BE,bra,1565,1527,4,2,2
raw,M_SHELLAPP_SHELLBOOTSTART_6A4872BE,bra,1676,1636,4,2,2
raw,M_SHELLAPP_SHELLBOOTSTART_6A4872BE,bra,1813,1771,4,2,2
raw,M_SHELLAPP_SHELLBOOTSTART_6A4872BE,bra,1897,1853,4,2,2
raw,M_SHELLAPP_SHELLBOOTSTART_6A4872BE,bra,2034,1988,4,2,2
raw,M_SHELLAPP_SHELLBOOTSTART_6A4872BE,bra,2076,2028,4,2,2
raw,M_SHELLAPP_SHELLBOOTSTART_6A4872BE,brl,2205,2151,4,3,1
raw,M_SHELLAPP_SHELLBOOTSTART_6A4872BE,bra,2285,2230,4,2,2
raw,M_SHELLAPP_SHELLBOOTSTART_6A4872BE,bra,2406,2349,4,2,2
raw,M_SHELLAPP_SHELLBOOTSTART_6A4872BE,brl,2469,2410,4,3,1
raw,M_SHELLAPP_SHELLBOOTSTART_6A4872BE,bra,2547,2487,4,2,2
raw,M_SHELLAPP_SHELLBOOTSTART_6A4872BE,bra,2668,2606,4,2,2
raw,M_SHELLAPP_SHELLBOOTSTART_6A4872BE,bra,2781,2717,4,2,2
raw,M_SHELLAPP_SHELLBOOTSTART_6A4872BE,bra,2852,2786,4,2,2
raw,M_SHELLAPP_SHELLBOOTSTART_6A4872BE,bra,2944,2872,4,2,2
raw,M_SHELLAPP_MAIN_168A375D,bra,8,8,4,2,2
raw,M_SHELLAPP_MAIN_168A375D,bra,38,36,4,2,2
raw,M_SHELLAPP_MAIN_168A375D,bra,101,97,4,2,2
raw,M_SHELLAPP_MAIN_168A375D,bra,148,142,4,2,2
raw,M_SHELLAPP_MAIN_168A375D,bra,162,154,4,2,2
raw,M_SHELLAPP_MAIN_168A375D,bra,209,199,4,2,2
raw,M_SHELLAPP_MAIN_168A375D,bra,221,209,4,2,2
opt,M_EXECMEMORY_VALIDBANK_E9E0A79B,bra,8,8,4,2,2
opt,M_EXECMEMORY_VALIDBANK_E9E0A79B,bra,39,37,4,2,2
opt,M_EXECMEMORY_VALIDOWNER_462B929A,bra,8,8,4,2,2
opt,M_EXECMEMORY_VALIDOWNER_462B929A,bra,39,37,4,2,2
opt,M_EXECMEMORY_VALIDOWNER_462B929A,bra,45,41,4,2,2
opt,M_EXECMEMORY_VALIDOWNER_462B929A,bra,60,54,4,2,2
opt,M_EXECMEMORY_ADOPT_494D3B99,bra,8,8,4,2,2
opt,M_EXECMEMORY_ADOPT_494D3B99,bra,102,100,4,2,2
opt,M_EXECMEMORY_ADOPT_494D3B99,bra,108,104,4,2,2
opt,M_EXECMEMORY_ADOPT_494D3B99,bra,128,122,4,2,2
opt,M_EXECMEMORY_ADOPT_494D3B99,bra,157,149,4,2,2
opt,M_EXECMEMORY_ADOPT_494D3B99,bra,163,153,4,2,2
opt,M_EXECMEMORY_ADOPT_494D3B99,bra,178,166,4,2,2
opt,M_EXECMEMORY_ADOPT_494D3B99,bra,214,200,4,2,2
opt,M_EXECMEMORY_ADOPT_494D3B99,bra,220,204,4,2,2
opt,M_EXECMEMORY_ADOPT_494D3B99,bra,235,217,4,2,2
opt,M_EXECMEMORY_ADOPT_494D3B99,brl,265,245,4,3,1
opt,M_EXECMEMORY_ADOPT_494D3B99,bra,433,412,4,2,2
opt,M_EXECMEMORY_ADOPT_494D3B99,brl,463,440,4,3,1
opt,M_EXECMEMORY_ADOPT_494D3B99,brl,479,455,4,3,1
opt,M_EXECMEMORY_ADOPT_494D3B99,bra,635,610,4,2,2
opt,M_EXECMEMORY_ADOPT_494D3B99,brl,665,638,4,3,1
opt,M_EXECMEMORY_ADOPT_494D3B99,bra,759,731,4,2,2
opt,M_EXECMEMORY_ADOPT_494D3B99,bra,765,735,4,2,2
opt,M_EXECMEMORY_ADOPT_494D3B99,bra,860,828,4,2,2
opt,M_EXECMEMORY_QUERY_D2E34F9F,bra,8,8,4,2,2
opt,M_EXECMEMORY_QUERY_D2E34F9F,bra,41,39,4,2,2
opt,M_EXECMEMORY_QUERY_D2E34F9F,bra,71,67,4,2,2
opt,M_EXECMEMORY_QUERY_D2E34F9F,bra,131,125,4,2,2
opt,M_EXECMEMORY_RESERVEEXACT_88D3D2C8,bra,8,8,4,2,2
opt,M_EXECMEMORY_RESERVEEXACT_88D3D2C8,bra,41,39,4,2,2
opt,M_EXECMEMORY_RESERVEEXACT_88D3D2C8,bra,71,67,4,2,2
opt,M_EXECMEMORY_RESERVEEXACT_88D3D2C8,bra,131,125,4,2,2
opt,M_EXECMEMORY_RESERVEEXACT_88D3D2C8,bra,161,153,4,2,2
opt,M_EXECMEMORY_RESERVEEXACT_88D3D2C8,bra,221,211,4,2,2
opt,M_EXECMEMORY_RESERVEEXACT_88D3D2C8,bra,329,317,4,2,2
opt,M_EXECMEMORY_RESERVEEXACT_88D3D2C8,bra,437,423,4,2,2
opt,M_EXECMEMORY_RESERVEEXACT_88D3D2C8,bra,545,529,4,2,2
opt,M_EXECMEMORY_ACQUIRE_EAA019EB,bra,8,8,4,2,2
opt,M_EXECMEMORY_ACQUIRE_EAA019EB,bra,41,39,4,2,2
opt,M_EXECMEMORY_ACQUIRE_EAA019EB,bra,71,67,4,2,2
opt,M_EXECMEMORY_ACQUIRE_EAA019EB,bra,131,125,4,2,2
opt,M_EXECMEMORY_ACQUIRE_EAA019EB,brl,161,153,4,3,1
opt,M_EXECMEMORY_ACQUIRE_EAA019EB,brl,253,244,4,3,1
opt,M_EXECMEMORY_ACQUIRE_EAA019EB,brl,550,540,4,3,1
opt,M_EXECMEMORY_RELEASE_A6E307FC,bra,8,8,4,2,2
opt,M_EXECMEMORY_RELEASE_A6E307FC,bra,41,39,4,2,2
opt,M_EXECMEMORY_RELEASE_A6E307FC,bra,71,67,4,2,2
opt,M_EXECMEMORY_RELEASE_A6E307FC,bra,131,125,4,2,2
opt,M_EXECMEMORY_RELEASE_A6E307FC,bra,161,153,4,2,2
opt,M_EXECMEMORY_RELEASE_A6E307FC,bra,221,211,4,2,2
opt,M_EXECMEMORY_RELEASE_A6E307FC,bra,329,317,4,2,2
opt,M_EXECMEMORY_RELEASE_A6E307FC,bra,437,423,4,2,2
opt,M_EXECMEMORY_RELEASE_A6E307FC,bra,545,529,4,2,2
opt,M_EXECMEMORY_RELEASE_A6E307FC,bra,657,639,4,2,2
opt,M_EXECMEMORY_INIT_F4EA07E3,bra,8,8,4,2,2
opt,M_EXECMEMORY_INIT_F4EA07E3,bra,38,36,4,2,2
opt,M_EXECLISTS_NEWLIST_B3502541,bra,8,8,4,2,2
opt,M_EXECLISTS_NEWMINLIST_A2695943,bra,8,8,4,2,2
opt,M_EXECLISTS_NEWMINLIST_A2695943,bra,62,60,4,2,2
opt,M_EXECLISTS_ISLISTEMPTY_6EEB0796,conditional,135,133,6,2,4
opt,M_EXECLISTS_ISLISTEMPTY_6EEB0796,conditional,149,143,6,2,4
opt,M_EXECLISTS_ISLISTEMPTY_6EEB0796,bra,8,8,4,2,2
opt,M_EXECLISTS_ISLISTEMPTY_6EEB0796,bra,159,149,4,2,2
opt,M_EXECLISTS_ISMINLISTEMPTY_6D517164,bra,8,8,4,2,2
opt,M_EXECLISTS_ISMINLISTEMPTY_6D517164,bra,62,60,4,2,2
opt,M_EXECLISTS_ADDHEAD_3AE3E6E4,bra,8,8,4,2,2
opt,M_EXECLISTS_ADDTAIL_A1C0F364,bra,8,8,4,2,2
opt,M_EXECLISTS_INSERT_468B11BA,conditional,40,38,6,2,4
opt,M_EXECLISTS_INSERT_468B11BA,conditional,126,116,6,2,4
opt,M_EXECLISTS_INSERT_468B11BA,conditional,331,313,6,2,4
opt,M_EXECLISTS_INSERT_468B11BA,bra,8,8,4,2,2
opt,M_EXECLISTS_INSERT_468B11BA,bra,56,50,4,2,2
opt,M_EXECLISTS_INSERT_468B11BA,bra,62,54,4,2,2
opt,M_EXECLISTS_INSERT_468B11BA,bra,144,130,4,2,2
opt,M_EXECLISTS_INSERT_468B11BA,bra,174,158,4,2,2
opt,M_EXECLISTS_INSERT_468B11BA,bra,349,327,4,2,2
opt,M_EXECLISTS_INSERT_468B11BA,bra,379,355,4,2,2
opt,M_EXECLISTS_REMOVE_2E26C2C1,bra,8,8,4,2,2
opt,M_EXECLISTS_REMHEAD_F8063CE7,conditional,100,98,6,2,4
opt,M_EXECLISTS_REMHEAD_F8063CE7,bra,8,8,4,2,2
opt,M_EXECLISTS_REMHEAD_F8063CE7,bra,116,110,4,2,2
opt,M_EXECLISTS_REMHEAD_F8063CE7,bra,177,169,4,2,2
opt,M_EXECLISTS_REMTAIL_292EAA27,conditional,100,98,6,2,4
opt,M_EXECLISTS_REMTAIL_292EAA27,bra,8,8,4,2,2
opt,M_EXECLISTS_REMTAIL_292EAA27,bra,116,110,4,2,2
opt,M_EXECLISTS_REMTAIL_292EAA27,bra,177,169,4,2,2
opt,M_EXECLISTS_ENQUEUE_763E1E61,bra,8,8,4,2,2
opt,M_EXECLISTS_ENQUEUE_763E1E61,brl,130,128,4,3,1
opt,M_EXECLISTS_ENQUEUE_763E1E61,brl,208,205,4,3,1
opt,M_EXECLISTS_ENQUEUE_763E1E61,bra,264,260,4,2,2
opt,M_EXECLISTS_ENQUEUE_763E1E61,brl,406,400,4,3,1
opt,M_EXECLISTS_ENQUEUE_763E1E61,bra,434,427,4,2,2
opt,M_EXECLISTS_FINDNAME_2659CDBB,bra,8,8,4,2,2
opt,M_EXECLISTS_FINDNAME_2659CDBB,brl,130,128,4,3,1
opt,M_EXECLISTS_FINDNAME_2659CDBB,brl,182,179,4,3,1
opt,M_EXECLISTS_FINDNAME_2659CDBB,brl,284,280,4,3,1
opt,M_EXECLISTS_FINDNAME_2659CDBB,bra,315,310,4,2,2
opt,M_EXECLISTS_FINDNAME_2659CDBB,brl,526,519,4,3,1
opt,M_EXECLISTS_FINDNAME_2659CDBB,brl,584,576,4,3,1
opt,M_HEAPCORE_ROUNDED_9D79FA03,conditional,40,38,6,2,4
opt,M_HEAPCORE_ROUNDED_9D79FA03,conditional,80,70,6,2,4
opt,M_HEAPCORE_ROUNDED_9D79FA03,conditional,86,72,6,2,4
opt,M_HEAPCORE_ROUNDED_9D79FA03,conditional,100,82,6,2,4
opt,M_HEAPCORE_ROUNDED_9D79FA03,conditional,106,84,6,2,4
opt,M_HEAPCORE_ROUNDED_9D79FA03,conditional,120,94,6,2,4
opt,M_HEAPCORE_ROUNDED_9D79FA03,conditional,126,96,6,2,4
opt,M_HEAPCORE_ROUNDED_9D79FA03,conditional,140,106,6,2,4
opt,M_HEAPCORE_ROUNDED_9D79FA03,conditional,146,108,6,2,4
opt,M_HEAPCORE_ROUNDED_9D79FA03,bra,8,8,4,2,2
opt,M_HEAPCORE_ROUNDED_9D79FA03,bra,52,46,4,2,2
opt,M_HEAPCORE_ROUNDED_9D79FA03,bra,58,50,4,2,2
opt,M_HEAPCORE_ROUNDED_9D79FA03,bra,152,110,4,2,2
opt,M_HEAPCORE_ROUNDED_9D79FA03,bra,158,114,4,2,2
opt,M_HEAPCORE_ROUNDED_9D79FA03,bra,164,118,4,2,2
opt,M_HEAPCORE_ROUNDED_9D79FA03,bra,170,122,4,2,2
opt,M_HEAPCORE_ROUNDED_9D79FA03,bra,186,136,4,2,2
opt,M_HEAPCORE_BOUNDS_2387CB05,conditional,40,38,6,2,4
opt,M_HEAPCORE_BOUNDS_2387CB05,conditional,168,158,6,2,4
opt,M_HEAPCORE_BOUNDS_2387CB05,conditional,174,160,6,2,4
opt,M_HEAPCORE_BOUNDS_2387CB05,conditional,188,170,6,2,4
opt,M_HEAPCORE_BOUNDS_2387CB05,conditional,194,172,6,2,4
opt,M_HEAPCORE_BOUNDS_2387CB05,conditional,208,182,6,2,4
opt,M_HEAPCORE_BOUNDS_2387CB05,conditional,214,184,6,2,4
opt,M_HEAPCORE_BOUNDS_2387CB05,conditional,228,194,6,2,4
opt,M_HEAPCORE_BOUNDS_2387CB05,conditional,234,196,6,2,4
opt,M_HEAPCORE_BOUNDS_2387CB05,conditional,412,358,6,2,4
opt,M_HEAPCORE_BOUNDS_2387CB05,conditional,482,421,6,2,4
opt,M_HEAPCORE_BOUNDS_2387CB05,conditional,488,423,6,2,4
opt,M_HEAPCORE_BOUNDS_2387CB05,conditional,502,433,6,2,4
opt,M_HEAPCORE_BOUNDS_2387CB05,conditional,508,435,6,2,4
opt,M_HEAPCORE_BOUNDS_2387CB05,conditional,522,445,6,2,4
opt,M_HEAPCORE_BOUNDS_2387CB05,conditional,528,447,6,2,4
opt,M_HEAPCORE_BOUNDS_2387CB05,conditional,542,457,6,2,4
opt,M_HEAPCORE_BOUNDS_2387CB05,conditional,548,459,6,2,4
opt,M_HEAPCORE_BOUNDS_2387CB05,conditional,638,533,6,2,4
opt,M_HEAPCORE_BOUNDS_2387CB05,conditional,644,535,6,2,4
opt,M_HEAPCORE_BOUNDS_2387CB05,conditional,658,545,6,2,4
opt,M_HEAPCORE_BOUNDS_2387CB05,conditional,664,547,6,2,4
opt,M_HEAPCORE_BOUNDS_2387CB05,conditional,678,557,6,2,4
opt,M_HEAPCORE_BOUNDS_2387CB05,conditional,684,559,6,2,4
opt,M_HEAPCORE_BOUNDS_2387CB05,conditional,698,569,6,2,4
opt,M_HEAPCORE_BOUNDS_2387CB05,conditional,704,571,6,2,4
opt,M_HEAPCORE_BOUNDS_2387CB05,conditional,1199,1046,6,2,4
opt,M_HEAPCORE_BOUNDS_2387CB05,conditional,1205,1048,6,2,4
opt,M_HEAPCORE_BOUNDS_2387CB05,conditional,1219,1058,6,2,4
opt,M_HEAPCORE_BOUNDS_2387CB05,conditional,1225,1060,6,2,4
opt,M_HEAPCORE_BOUNDS_2387CB05,conditional,1239,1070,6,2,4
opt,M_HEAPCORE_BOUNDS_2387CB05,conditional,1245,1072,6,2,4
opt,M_HEAPCORE_BOUNDS_2387CB05,conditional,1259,1082,6,2,4
opt,M_HEAPCORE_BOUNDS_2387CB05,conditional,1265,1084,6,2,4
opt,M_HEAPCORE_BOUNDS_2387CB05,bra,8,8,4,2,2
opt,M_HEAPCORE_BOUNDS_2387CB05,bra,56,50,4,2,2
opt,M_HEAPCORE_BOUNDS_2387CB05,bra,70,62,4,2,2
opt,M_HEAPCORE_BOUNDS_2387CB05,bra,240,198,4,2,2
opt,M_HEAPCORE_BOUNDS_2387CB05,bra,246,202,4,2,2
opt,M_HEAPCORE_BOUNDS_2387CB05,bra,252,206,4,2,2
opt,M_HEAPCORE_BOUNDS_2387CB05,bra,258,210,4,2,2
opt,M_HEAPCORE_BOUNDS_2387CB05,bra,274,224,4,2,2
opt,M_HEAPCORE_BOUNDS_2387CB05,bra,288,236,4,2,2
opt,M_HEAPCORE_BOUNDS_2387CB05,bra,424,366,4,2,2
opt,M_HEAPCORE_BOUNDS_2387CB05,brl,430,370,4,3,1
opt,M_HEAPCORE_BOUNDS_2387CB05,bra,554,461,4,2,2
opt,M_HEAPCORE_BOUNDS_2387CB05,bra,560,465,4,2,2
opt,M_HEAPCORE_BOUNDS_2387CB05,bra,566,469,4,2,2
opt,M_HEAPCORE_BOUNDS_2387CB05,bra,572,473,4,2,2
opt,M_HEAPCORE_BOUNDS_2387CB05,bra,588,487,4,2,2
opt,M_HEAPCORE_BOUNDS_2387CB05,bra,594,491,4,2,2
opt,M_HEAPCORE_BOUNDS_2387CB05,bra,710,573,4,2,2
opt,M_HEAPCORE_BOUNDS_2387CB05,bra,716,577,4,2,2
opt,M_HEAPCORE_BOUNDS_2387CB05,bra,722,581,4,2,2
opt,M_HEAPCORE_BOUNDS_2387CB05,bra,728,585,4,2,2
opt,M_HEAPCORE_BOUNDS_2387CB05,bra,744,599,4,2,2
opt,M_HEAPCORE_BOUNDS_2387CB05,bra,758,611,4,2,2
opt,M_HEAPCORE_BOUNDS_2387CB05,bra,1014,865,4,2,2
opt,M_HEAPCORE_BOUNDS_2387CB05,bra,1028,877,4,2,2
opt,M_HEAPCORE_BOUNDS_2387CB05,bra,1271,1086,4,2,2
opt,M_HEAPCORE_BOUNDS_2387CB05,bra,1277,1090,4,2,2
opt,M_HEAPCORE_BOUNDS_2387CB05,bra,1283,1094,4,2,2
opt,M_HEAPCORE_BOUNDS_2387CB05,bra,1289,1098,4,2,2
opt,M_HEAPCORE_BOUNDS_2387CB05,bra,1305,1112,4,2,2
opt,M_HEAPCORE_BOUNDS_2387CB05,bra,1319,1124,4,2,2
opt,M_HEAPCORE_CHUNKADDRESS_A551D41B,conditional,146,144,6,2,4
opt,M_HEAPCORE_CHUNKADDRESS_A551D41B,conditional,152,146,6,2,4
opt,M_HEAPCORE_CHUNKADDRESS_A551D41B,conditional,166,156,6,2,4
opt,M_HEAPCORE_CHUNKADDRESS_A551D41B,conditional,172,158,6,2,4
opt,M_HEAPCORE_CHUNKADDRESS_A551D41B,conditional,186,168,6,2,4
opt,M_HEAPCORE_CHUNKADDRESS_A551D41B,conditional,192,170,6,2,4
opt,M_HEAPCORE_CHUNKADDRESS_A551D41B,conditional,206,180,6,2,4
opt,M_HEAPCORE_CHUNKADDRESS_A551D41B,conditional,212,182,6,2,4
opt,M_HEAPCORE_CHUNKADDRESS_A551D41B,conditional,407,361,6,2,4
opt,M_HEAPCORE_CHUNKADDRESS_A551D41B,conditional,413,363,6,2,4
opt,M_HEAPCORE_CHUNKADDRESS_A551D41B,conditional,427,373,6,2,4
opt,M_HEAPCORE_CHUNKADDRESS_A551D41B,conditional,433,375,6,2,4
opt,M_HEAPCORE_CHUNKADDRESS_A551D41B,conditional,447,385,6,2,4
opt,M_HEAPCORE_CHUNKADDRESS_A551D41B,conditional,453,387,6,2,4
opt,M_HEAPCORE_CHUNKADDRESS_A551D41B,conditional,467,397,6,2,4
opt,M_HEAPCORE_CHUNKADDRESS_A551D41B,conditional,473,399,6,2,4
opt,M_HEAPCORE_CHUNKADDRESS_A551D41B,bra,8,8,4,2,2
opt,M_HEAPCORE_CHUNKADDRESS_A551D41B,bra,218,184,4,2,2
opt,M_HEAPCORE_CHUNKADDRESS_A551D41B,bra,224,188,4,2,2
opt,M_HEAPCORE_CHUNKADDRESS_A551D41B,bra,230,192,4,2,2
opt,M_HEAPCORE_CHUNKADDRESS_A551D41B,bra,236,196,4,2,2
opt,M_HEAPCORE_CHUNKADDRESS_A551D41B,bra,252,210,4,2,2
opt,M_HEAPCORE_CHUNKADDRESS_A551D41B,bra,266,222,4,2,2
opt,M_HEAPCORE_CHUNKADDRESS_A551D41B,bra,479,401,4,2,2
opt,M_HEAPCORE_CHUNKADDRESS_A551D41B,bra,485,405,4,2,2
opt,M_HEAPCORE_CHUNKADDRESS_A551D41B,bra,491,409,4,2,2
opt,M_HEAPCORE_CHUNKADDRESS_A551D41B,bra,497,413,4,2,2
opt,M_HEAPCORE_CHUNKADDRESS_A551D41B,bra,513,427,4,2,2
opt,M_HEAPCORE_CHUNKADDRESS_A551D41B,bra,519,431,4,2,2
opt,M_HEAPCORE_CHUNKADDRESS_A551D41B,bra,583,493,4,2,2
opt,M_HEAPCORE_CHUNKADDRESS_A551D41B,bra,597,505,4,2,2
opt,M_HEAPCORE_NEXTADDRESS_E32592FF,conditional,118,115,6,2,4
opt,M_HEAPCORE_NEXTADDRESS_E32592FF,conditional,124,117,6,2,4
opt,M_HEAPCORE_NEXTADDRESS_E32592FF,conditional,138,127,6,2,4
opt,M_HEAPCORE_NEXTADDRESS_E32592FF,conditional,144,129,6,2,4
opt,M_HEAPCORE_NEXTADDRESS_E32592FF,conditional,158,139,6,2,4
opt,M_HEAPCORE_NEXTADDRESS_E32592FF,conditional,164,141,6,2,4
opt,M_HEAPCORE_NEXTADDRESS_E32592FF,conditional,178,151,6,2,4
opt,M_HEAPCORE_NEXTADDRESS_E32592FF,conditional,184,153,6,2,4
opt,M_HEAPCORE_NEXTADDRESS_E32592FF,conditional,323,277,6,2,4
opt,M_HEAPCORE_NEXTADDRESS_E32592FF,conditional,329,279,6,2,4
opt,M_HEAPCORE_NEXTADDRESS_E32592FF,conditional,343,289,6,2,4
opt,M_HEAPCORE_NEXTADDRESS_E32592FF,conditional,349,291,6,2,4
opt,M_HEAPCORE_NEXTADDRESS_E32592FF,conditional,363,301,6,2,4
opt,M_HEAPCORE_NEXTADDRESS_E32592FF,conditional,369,303,6,2,4
opt,M_HEAPCORE_NEXTADDRESS_E32592FF,conditional,383,313,6,2,4
opt,M_HEAPCORE_NEXTADDRESS_E32592FF,conditional,389,315,6,2,4
opt,M_HEAPCORE_NEXTADDRESS_E32592FF,bra,8,8,4,2,2
opt,M_HEAPCORE_NEXTADDRESS_E32592FF,brl,86,84,4,3,1
opt,M_HEAPCORE_NEXTADDRESS_E32592FF,bra,190,155,4,2,2
opt,M_HEAPCORE_NEXTADDRESS_E32592FF,bra,196,159,4,2,2
opt,M_HEAPCORE_NEXTADDRESS_E32592FF,bra,202,163,4,2,2
opt,M_HEAPCORE_NEXTADDRESS_E32592FF,bra,208,167,4,2,2
opt,M_HEAPCORE_NEXTADDRESS_E32592FF,bra,224,181,4,2,2
opt,M_HEAPCORE_NEXTADDRESS_E32592FF,brl,230,185,4,3,1
opt,M_HEAPCORE_NEXTADDRESS_E32592FF,bra,395,317,4,2,2
opt,M_HEAPCORE_NEXTADDRESS_E32592FF,bra,401,321,4,2,2
opt,M_HEAPCORE_NEXTADDRESS_E32592FF,bra,407,325,4,2,2
opt,M_HEAPCORE_NEXTADDRESS_E32592FF,bra,413,329,4,2,2
opt,M_HEAPCORE_NEXTADDRESS_E32592FF,bra,429,343,4,2,2
opt,M_HEAPCORE_NEXTADDRESS_E32592FF,bra,435,347,4,2,2
opt,M_HEAPCORE_NEXTADDRESS_E32592FF,bra,499,409,4,2,2
opt,M_HEAPCORE_NEXTADDRESS_E32592FF,bra,513,421,4,2,2
opt,M_HEAPCORE_CHUNKEND_0E0C27CE,conditional,205,201,6,2,4
opt,M_HEAPCORE_CHUNKEND_0E0C27CE,conditional,494,478,6,2,4
opt,M_HEAPCORE_CHUNKEND_0E0C27CE,conditional,500,480,6,2,4
opt,M_HEAPCORE_CHUNKEND_0E0C27CE,conditional,514,490,6,2,4
opt,M_HEAPCORE_CHUNKEND_0E0C27CE,conditional,520,492,6,2,4
opt,M_HEAPCORE_CHUNKEND_0E0C27CE,conditional,534,502,6,2,4
opt,M_HEAPCORE_CHUNKEND_0E0C27CE,conditional,540,504,6,2,4
opt,M_HEAPCORE_CHUNKEND_0E0C27CE,conditional,554,514,6,2,4
opt,M_HEAPCORE_CHUNKEND_0E0C27CE,conditional,560,516,6,2,4
opt,M_HEAPCORE_CHUNKEND_0E0C27CE,bra,8,8,4,2,2
opt,M_HEAPCORE_CHUNKEND_0E0C27CE,bra,54,52,4,2,2
opt,M_HEAPCORE_CHUNKEND_0E0C27CE,bra,217,209,4,2,2
opt,M_HEAPCORE_CHUNKEND_0E0C27CE,bra,223,213,4,2,2
opt,M_HEAPCORE_CHUNKEND_0E0C27CE,bra,309,297,4,2,2
opt,M_HEAPCORE_CHUNKEND_0E0C27CE,bra,323,309,4,2,2
opt,M_HEAPCORE_CHUNKEND_0E0C27CE,bra,566,518,4,2,2
opt,M_HEAPCORE_CHUNKEND_0E0C27CE,bra,572,522,4,2,2
opt,M_HEAPCORE_CHUNKEND_0E0C27CE,bra,578,526,4,2,2
opt,M_HEAPCORE_CHUNKEND_0E0C27CE,bra,584,530,4,2,2
opt,M_HEAPCORE_CHUNKEND_0E0C27CE,bra,600,544,4,2,2
opt,M_HEAPCORE_CHUNKEND_0E0C27CE,bra,614,556,4,2,2
opt,M_HEAPCORE_CHUNKEND_0E0C27CE,bra,815,755,4,2,2
opt,M_HEAPCORE_VALIDATE_B397AD34,bra,8,8,4,2,2
opt,M_HEAPCORE_VALIDATE_B397AD34,bra,46,44,4,2,2
opt,M_HEAPCORE_VALIDATE_B397AD34,brl,209,205,4,3,1
opt,M_HEAPCORE_VALIDATE_B397AD34,bra,231,226,4,2,2
opt,M_HEAPCORE_VALIDATE_B397AD34,brl,460,453,4,3,1
opt,M_HEAPCORE_VALIDATE_B397AD34,bra,506,498,4,2,2
opt,M_HEAPCORE_VALIDATE_B397AD34,bra,520,510,4,2,2
opt,M_HEAPCORE_LINK_9B47F952,conditional,40,38,6,2,4
opt,M_HEAPCORE_LINK_9B47F952,bra,8,8,4,2,2
opt,M_HEAPCORE_LINK_9B47F952,bra,56,50,4,2,2
opt,M_HEAPCORE_LINK_9B47F952,bra,104,96,4,2,2
opt,M_HEAPCORE_WRITECHUNK_D768FC26,bra,8,8,4,2,2
opt,M_HEAPCORE_SPLIT_B6117102,bra,8,8,4,2,2
opt,M_HEAPCORE_SPLIT_B6117102,brl,430,428,4,3,1
opt,M_HEAPCORE_SPLIT_B6117102,bra,579,576,4,2,2
opt,M_HEAPCORE_SPLIT_B6117102,bra,674,669,4,2,2
opt,M_HEAPCORE_SPLIT_B6117102,bra,760,753,4,2,2
opt,M_HEAPCORE_SPLIT_B6117102,bra,796,787,4,2,2
opt,M_HEAPCORE_CANDIDATE_07CF3557,conditional,209,206,6,2,4
opt,M_HEAPCORE_CANDIDATE_07CF3557,conditional,215,208,6,2,4
opt,M_HEAPCORE_CANDIDATE_07CF3557,conditional,229,218,6,2,4
opt,M_HEAPCORE_CANDIDATE_07CF3557,conditional,235,220,6,2,4
opt,M_HEAPCORE_CANDIDATE_07CF3557,conditional,249,230,6,2,4
opt,M_HEAPCORE_CANDIDATE_07CF3557,conditional,255,232,6,2,4
opt,M_HEAPCORE_CANDIDATE_07CF3557,conditional,269,242,6,2,4
opt,M_HEAPCORE_CANDIDATE_07CF3557,conditional,275,244,6,2,4
opt,M_HEAPCORE_CANDIDATE_07CF3557,bra,8,8,4,2,2
opt,M_HEAPCORE_CANDIDATE_07CF3557,brl,92,90,4,3,1
opt,M_HEAPCORE_CANDIDATE_07CF3557,bra,281,246,4,2,2
opt,M_HEAPCORE_CANDIDATE_07CF3557,bra,287,250,4,2,2
opt,M_HEAPCORE_CANDIDATE_07CF3557,bra,293,254,4,2,2
opt,M_HEAPCORE_CANDIDATE_07CF3557,bra,299,258,4,2,2
opt,M_HEAPCORE_CANDIDATE_07CF3557,bra,315,272,4,2,2
opt,M_HEAPCORE_RESERVE_2192E9C0,conditional,108,104,6,2,4
opt,M_HEAPCORE_RESERVE_2192E9C0,conditional,195,183,6,2,4
opt,M_HEAPCORE_RESERVE_2192E9C0,conditional,201,185,6,2,4
opt,M_HEAPCORE_RESERVE_2192E9C0,conditional,215,195,6,2,4
opt,M_HEAPCORE_RESERVE_2192E9C0,conditional,221,197,6,2,4
opt,M_HEAPCORE_RESERVE_2192E9C0,conditional,235,207,6,2,4
opt,M_HEAPCORE_RESERVE_2192E9C0,conditional,241,209,6,2,4
opt,M_HEAPCORE_RESERVE_2192E9C0,conditional,255,219,6,2,4
opt,M_HEAPCORE_RESERVE_2192E9C0,conditional,261,221,6,2,4
opt,M_HEAPCORE_RESERVE_2192E9C0,conditional,459,403,6,2,4
opt,M_HEAPCORE_RESERVE_2192E9C0,conditional,465,405,6,2,4
opt,M_HEAPCORE_RESERVE_2192E9C0,conditional,479,415,6,2,4
opt,M_HEAPCORE_RESERVE_2192E9C0,conditional,485,417,6,2,4
opt,M_HEAPCORE_RESERVE_2192E9C0,conditional,499,427,6,2,4
opt,M_HEAPCORE_RESERVE_2192E9C0,conditional,505,429,6,2,4
opt,M_HEAPCORE_RESERVE_2192E9C0,conditional,519,439,6,2,4
opt,M_HEAPCORE_RESERVE_2192E9C0,conditional,525,441,6,2,4
opt,M_HEAPCORE_RESERVE_2192E9C0,conditional,907,806,6,2,4
opt,M_HEAPCORE_RESERVE_2192E9C0,conditional,913,808,6,2,4
opt,M_HEAPCORE_RESERVE_2192E9C0,conditional,927,818,6,2,4
opt,M_HEAPCORE_RESERVE_2192E9C0,conditional,933,820,6,2,4
opt,M_HEAPCORE_RESERVE_2192E9C0,conditional,947,830,6,2,4
opt,M_HEAPCORE_RESERVE_2192E9C0,conditional,953,832,6,2,4
opt,M_HEAPCORE_RESERVE_2192E9C0,conditional,967,842,6,2,4
opt,M_HEAPCORE_RESERVE_2192E9C0,conditional,973,844,6,2,4
opt,M_HEAPCORE_RESERVE_2192E9C0,conditional,1070,928,6,2,4
opt,M_HEAPCORE_RESERVE_2192E9C0,conditional,1076,930,6,2,4
opt,M_HEAPCORE_RESERVE_2192E9C0,conditional,1090,940,6,2,4
opt,M_HEAPCORE_RESERVE_2192E9C0,conditional,1096,942,6,2,4
opt,M_HEAPCORE_RESERVE_2192E9C0,conditional,1110,952,6,2,4
opt,M_HEAPCORE_RESERVE_2192E9C0,conditional,1116,954,6,2,4
opt,M_HEAPCORE_RESERVE_2192E9C0,conditional,1130,964,6,2,4
opt,M_HEAPCORE_RESERVE_2192E9C0,conditional,1136,966,6,2,4
opt,M_HEAPCORE_RESERVE_2192E9C0,bra,8,8,4,2,2
opt,M_HEAPCORE_RESERVE_2192E9C0,bra,46,44,4,2,2
opt,M_HEAPCORE_RESERVE_2192E9C0,bra,120,112,4,2,2
opt,M_HEAPCORE_RESERVE_2192E9C0,bra,179,169,4,2,2
opt,M_HEAPCORE_RESERVE_2192E9C0,bra,267,223,4,2,2
opt,M_HEAPCORE_RESERVE_2192E9C0,bra,273,227,4,2,2
opt,M_HEAPCORE_RESERVE_2192E9C0,bra,279,231,4,2,2
opt,M_HEAPCORE_RESERVE_2192E9C0,bra,285,235,4,2,2
opt,M_HEAPCORE_RESERVE_2192E9C0,bra,301,249,4,2,2
opt,M_HEAPCORE_RESERVE_2192E9C0,bra,362,308,4,2,2
opt,M_HEAPCORE_RESERVE_2192E9C0,bra,531,443,4,2,2
opt,M_HEAPCORE_RESERVE_2192E9C0,bra,537,447,4,2,2
opt,M_HEAPCORE_RESERVE_2192E9C0,bra,543,451,4,2,2
opt,M_HEAPCORE_RESERVE_2192E9C0,bra,549,455,4,2,2
opt,M_HEAPCORE_RESERVE_2192E9C0,bra,565,469,4,2,2
opt,M_HEAPCORE_RESERVE_2192E9C0,brl,700,602,4,3,1
opt,M_HEAPCORE_RESERVE_2192E9C0,bra,722,623,4,2,2
opt,M_HEAPCORE_RESERVE_2192E9C0,bra,979,846,4,2,2
opt,M_HEAPCORE_RESERVE_2192E9C0,bra,985,850,4,2,2
opt,M_HEAPCORE_RESERVE_2192E9C0,bra,991,854,4,2,2
opt,M_HEAPCORE_RESERVE_2192E9C0,bra,997,858,4,2,2
opt,M_HEAPCORE_RESERVE_2192E9C0,brl,1013,872,4,3,1
opt,M_HEAPCORE_RESERVE_2192E9C0,bra,1142,968,4,2,2
opt,M_HEAPCORE_RESERVE_2192E9C0,bra,1148,972,4,2,2
opt,M_HEAPCORE_RESERVE_2192E9C0,bra,1154,976,4,2,2
opt,M_HEAPCORE_RESERVE_2192E9C0,bra,1160,980,4,2,2
opt,M_HEAPCORE_RESERVE_2192E9C0,brl,1176,994,4,3,1
opt,M_HEAPCORE_RESERVE_2192E9C0,bra,1206,1023,4,2,2
opt,M_HEAPCORE_RESERVE_2192E9C0,brl,1436,1251,4,3,1
opt,M_HEAPCORE_ALLOCATE_E39F1AF5,bra,8,8,4,2,2
opt,M_HEAPCORE_ALLOCATE_E39F1AF5,bra,54,52,4,2,2
opt,M_HEAPCORE_LARGEST_AA9886E8,conditional,558,548,6,2,4
opt,M_HEAPCORE_LARGEST_AA9886E8,conditional,564,550,6,2,4
opt,M_HEAPCORE_LARGEST_AA9886E8,conditional,578,560,6,2,4
opt,M_HEAPCORE_LARGEST_AA9886E8,conditional,584,562,6,2,4
opt,M_HEAPCORE_LARGEST_AA9886E8,conditional,598,572,6,2,4
opt,M_HEAPCORE_LARGEST_AA9886E8,conditional,604,574,6,2,4
opt,M_HEAPCORE_LARGEST_AA9886E8,conditional,618,584,6,2,4
opt,M_HEAPCORE_LARGEST_AA9886E8,conditional,624,586,6,2,4
opt,M_HEAPCORE_LARGEST_AA9886E8,conditional,721,670,6,2,4
opt,M_HEAPCORE_LARGEST_AA9886E8,conditional,727,672,6,2,4
opt,M_HEAPCORE_LARGEST_AA9886E8,conditional,741,682,6,2,4
opt,M_HEAPCORE_LARGEST_AA9886E8,conditional,747,684,6,2,4
opt,M_HEAPCORE_LARGEST_AA9886E8,conditional,761,694,6,2,4
opt,M_HEAPCORE_LARGEST_AA9886E8,conditional,767,696,6,2,4
opt,M_HEAPCORE_LARGEST_AA9886E8,conditional,781,706,6,2,4
opt,M_HEAPCORE_LARGEST_AA9886E8,conditional,787,708,6,2,4
opt,M_HEAPCORE_LARGEST_AA9886E8,conditional,1126,1031,6,2,4
opt,M_HEAPCORE_LARGEST_AA9886E8,conditional,1132,1033,6,2,4
opt,M_HEAPCORE_LARGEST_AA9886E8,conditional,1146,1043,6,2,4
opt,M_HEAPCORE_LARGEST_AA9886E8,conditional,1152,1045,6,2,4
opt,M_HEAPCORE_LARGEST_AA9886E8,conditional,1166,1055,6,2,4
opt,M_HEAPCORE_LARGEST_AA9886E8,conditional,1172,1057,6,2,4
opt,M_HEAPCORE_LARGEST_AA9886E8,conditional,1186,1067,6,2,4
opt,M_HEAPCORE_LARGEST_AA9886E8,conditional,1192,1069,6,2,4
opt,M_HEAPCORE_LARGEST_AA9886E8,conditional,1342,1205,6,2,4
opt,M_HEAPCORE_LARGEST_AA9886E8,conditional,1348,1207,6,2,4
opt,M_HEAPCORE_LARGEST_AA9886E8,conditional,1362,1217,6,2,4
opt,M_HEAPCORE_LARGEST_AA9886E8,conditional,1368,1219,6,2,4
opt,M_HEAPCORE_LARGEST_AA9886E8,conditional,1382,1229,6,2,4
opt,M_HEAPCORE_LARGEST_AA9886E8,conditional,1388,1231,6,2,4
opt,M_HEAPCORE_LARGEST_AA9886E8,conditional,1402,1241,6,2,4
opt,M_HEAPCORE_LARGEST_AA9886E8,conditional,1408,1243,6,2,4
opt,M_HEAPCORE_LARGEST_AA9886E8,conditional,1572,1393,6,2,4
opt,M_HEAPCORE_LARGEST_AA9886E8,conditional,1578,1395,6,2,4
opt,M_HEAPCORE_LARGEST_AA9886E8,conditional,1592,1405,6,2,4
opt,M_HEAPCORE_LARGEST_AA9886E8,conditional,1598,1407,6,2,4
opt,M_HEAPCORE_LARGEST_AA9886E8,conditional,1612,1417,6,2,4
opt,M_HEAPCORE_LARGEST_AA9886E8,conditional,1618,1419,6,2,4
opt,M_HEAPCORE_LARGEST_AA9886E8,conditional,1632,1429,6,2,4
opt,M_HEAPCORE_LARGEST_AA9886E8,conditional,1638,1431,6,2,4
opt,M_HEAPCORE_LARGEST_AA9886E8,bra,8,8,4,2,2
opt,M_HEAPCORE_LARGEST_AA9886E8,bra,46,44,4,2,2
opt,M_HEAPCORE_LARGEST_AA9886E8,brl,241,237,4,3,1
opt,M_HEAPCORE_LARGEST_AA9886E8,bra,263,258,4,2,2
opt,M_HEAPCORE_LARGEST_AA9886E8,brl,452,445,4,3,1
opt,M_HEAPCORE_LARGEST_AA9886E8,bra,466,458,4,2,2
opt,M_HEAPCORE_LARGEST_AA9886E8,bra,630,588,4,2,2
opt,M_HEAPCORE_LARGEST_AA9886E8,bra,636,592,4,2,2
opt,M_HEAPCORE_LARGEST_AA9886E8,bra,642,596,4,2,2
opt,M_HEAPCORE_LARGEST_AA9886E8,bra,648,600,4,2,2
opt,M_HEAPCORE_LARGEST_AA9886E8,brl,664,614,4,3,1
opt,M_HEAPCORE_LARGEST_AA9886E8,bra,793,710,4,2,2
opt,M_HEAPCORE_LARGEST_AA9886E8,bra,799,714,4,2,2
opt,M_HEAPCORE_LARGEST_AA9886E8,bra,805,718,4,2,2
opt,M_HEAPCORE_LARGEST_AA9886E8,bra,811,722,4,2,2
opt,M_HEAPCORE_LARGEST_AA9886E8,bra,863,772,4,2,2
opt,M_HEAPCORE_LARGEST_AA9886E8,bra,941,848,4,2,2
opt,M_HEAPCORE_LARGEST_AA9886E8,bra,1198,1071,4,2,2
opt,M_HEAPCORE_LARGEST_AA9886E8,bra,1204,1075,4,2,2
opt,M_HEAPCORE_LARGEST_AA9886E8,bra,1210,1079,4,2,2
opt,M_HEAPCORE_LARGEST_AA9886E8,bra,1216,1083,4,2,2
opt,M_HEAPCORE_LARGEST_AA9886E8,bra,1268,1133,4,2,2
opt,M_HEAPCORE_LARGEST_AA9886E8,bra,1414,1245,4,2,2
opt,M_HEAPCORE_LARGEST_AA9886E8,bra,1420,1249,4,2,2
opt,M_HEAPCORE_LARGEST_AA9886E8,bra,1426,1253,4,2,2
opt,M_HEAPCORE_LARGEST_AA9886E8,bra,1432,1257,4,2,2
opt,M_HEAPCORE_LARGEST_AA9886E8,bra,1484,1307,4,2,2
opt,M_HEAPCORE_LARGEST_AA9886E8,bra,1644,1433,4,2,2
opt,M_HEAPCORE_LARGEST_AA9886E8,bra,1650,1437,4,2,2
opt,M_HEAPCORE_LARGEST_AA9886E8,bra,1656,1441,4,2,2
opt,M_HEAPCORE_LARGEST_AA9886E8,bra,1662,1445,4,2,2
opt,M_HEAPCORE_LARGEST_AA9886E8,bra,1714,1495,4,2,2
opt,M_HEAPCORE_LARGEST_AA9886E8,brl,1874,1653,4,3,1
opt,M_HEAPCORE_LARGEST_AA9886E8,bra,1920,1698,4,2,2
opt,M_HEAPCORE_LARGEST_AA9886E8,bra,1934,1710,4,2,2
opt,M_HEAPCORE_INSERTFREE_129E41BB,conditional,227,224,6,2,4
opt,M_HEAPCORE_INSERTFREE_129E41BB,conditional,283,274,6,2,4
opt,M_HEAPCORE_INSERTFREE_129E41BB,conditional,866,846,6,2,4
opt,M_HEAPCORE_INSERTFREE_129E41BB,bra,8,8,4,2,2
opt,M_HEAPCORE_INSERTFREE_129E41BB,brl,94,92,4,3,1
opt,M_HEAPCORE_INSERTFREE_129E41BB,bra,241,234,4,2,2
opt,M_HEAPCORE_INSERTFREE_129E41BB,brl,301,288,4,3,1
opt,M_HEAPCORE_INSERTFREE_129E41BB,brl,507,493,4,3,1
opt,M_HEAPCORE_INSERTFREE_129E41BB,bra,596,581,4,2,2
opt,M_HEAPCORE_INSERTFREE_129E41BB,bra,707,690,4,2,2
opt,M_HEAPCORE_INSERTFREE_129E41BB,brl,808,789,4,3,1
opt,M_HEAPCORE_INSERTFREE_129E41BB,brl,880,856,4,3,1
opt,M_HEAPCORE_RETURNRANGE_11C95A83,conditional,106,104,6,2,4
opt,M_HEAPCORE_RETURNRANGE_11C95A83,conditional,112,106,6,2,4
opt,M_HEAPCORE_RETURNRANGE_11C95A83,conditional,126,116,6,2,4
opt,M_HEAPCORE_RETURNRANGE_11C95A83,conditional,132,118,6,2,4
opt,M_HEAPCORE_RETURNRANGE_11C95A83,conditional,146,128,6,2,4
opt,M_HEAPCORE_RETURNRANGE_11C95A83,conditional,152,130,6,2,4
opt,M_HEAPCORE_RETURNRANGE_11C95A83,conditional,166,140,6,2,4
opt,M_HEAPCORE_RETURNRANGE_11C95A83,conditional,172,142,6,2,4
opt,M_HEAPCORE_RETURNRANGE_11C95A83,conditional,270,224,6,2,4
opt,M_HEAPCORE_RETURNRANGE_11C95A83,conditional,276,226,6,2,4
opt,M_HEAPCORE_RETURNRANGE_11C95A83,conditional,290,236,6,2,4
opt,M_HEAPCORE_RETURNRANGE_11C95A83,conditional,296,238,6,2,4
opt,M_HEAPCORE_RETURNRANGE_11C95A83,conditional,310,248,6,2,4
opt,M_HEAPCORE_RETURNRANGE_11C95A83,conditional,316,250,6,2,4
opt,M_HEAPCORE_RETURNRANGE_11C95A83,conditional,330,260,6,2,4
opt,M_HEAPCORE_RETURNRANGE_11C95A83,conditional,336,262,6,2,4
opt,M_HEAPCORE_RETURNRANGE_11C95A83,conditional,717,627,6,2,4
opt,M_HEAPCORE_RETURNRANGE_11C95A83,conditional,723,629,6,2,4
opt,M_HEAPCORE_RETURNRANGE_11C95A83,conditional,737,639,6,2,4
opt,M_HEAPCORE_RETURNRANGE_11C95A83,conditional,743,641,6,2,4
opt,M_HEAPCORE_RETURNRANGE_11C95A83,conditional,757,651,6,2,4
opt,M_HEAPCORE_RETURNRANGE_11C95A83,conditional,763,653,6,2,4
opt,M_HEAPCORE_RETURNRANGE_11C95A83,conditional,777,663,6,2,4
opt,M_HEAPCORE_RETURNRANGE_11C95A83,conditional,783,665,6,2,4
opt,M_HEAPCORE_RETURNRANGE_11C95A83,conditional,1035,900,6,2,4
opt,M_HEAPCORE_RETURNRANGE_11C95A83,conditional,1041,902,6,2,4
opt,M_HEAPCORE_RETURNRANGE_11C95A83,conditional,1055,912,6,2,4
opt,M_HEAPCORE_RETURNRANGE_11C95A83,conditional,1061,914,6,2,4
opt,M_HEAPCORE_RETURNRANGE_11C95A83,conditional,1075,924,6,2,4
opt,M_HEAPCORE_RETURNRANGE_11C95A83,conditional,1081,926,6,2,4
opt,M_HEAPCORE_RETURNRANGE_11C95A83,conditional,1095,936,6,2,4
opt,M_HEAPCORE_RETURNRANGE_11C95A83,conditional,1101,938,6,2,4
opt,M_HEAPCORE_RETURNRANGE_11C95A83,conditional,1376,1195,6,2,4
opt,M_HEAPCORE_RETURNRANGE_11C95A83,conditional,1382,1197,6,2,4
opt,M_HEAPCORE_RETURNRANGE_11C95A83,conditional,1396,1207,6,2,4
opt,M_HEAPCORE_RETURNRANGE_11C95A83,conditional,1402,1209,6,2,4
opt,M_HEAPCORE_RETURNRANGE_11C95A83,conditional,1416,1219,6,2,4
opt,M_HEAPCORE_RETURNRANGE_11C95A83,conditional,1422,1221,6,2,4
opt,M_HEAPCORE_RETURNRANGE_11C95A83,conditional,1436,1231,6,2,4
opt,M_HEAPCORE_RETURNRANGE_11C95A83,conditional,1442,1233,6,2,4
opt,M_HEAPCORE_RETURNRANGE_11C95A83,conditional,1612,1386,6,2,4
opt,M_HEAPCORE_RETURNRANGE_11C95A83,conditional,1618,1388,6,2,4
opt,M_HEAPCORE_RETURNRANGE_11C95A83,conditional,1632,1398,6,2,4
opt,M_HEAPCORE_RETURNRANGE_11C95A83,conditional,1638,1400,6,2,4
opt,M_HEAPCORE_RETURNRANGE_11C95A83,conditional,1652,1410,6,2,4
opt,M_HEAPCORE_RETURNRANGE_11C95A83,conditional,1658,1412,6,2,4
opt,M_HEAPCORE_RETURNRANGE_11C95A83,conditional,1672,1422,6,2,4
opt,M_HEAPCORE_RETURNRANGE_11C95A83,conditional,1678,1424,6,2,4
opt,M_HEAPCORE_RETURNRANGE_11C95A83,bra,8,8,4,2,2
opt,M_HEAPCORE_RETURNRANGE_11C95A83,bra,178,144,4,2,2
opt,M_HEAPCORE_RETURNRANGE_11C95A83,bra,184,148,4,2,2
opt,M_HEAPCORE_RETURNRANGE_11C95A83,bra,190,152,4,2,2
opt,M_HEAPCORE_RETURNRANGE_11C95A83,bra,196,156,4,2,2
opt,M_HEAPCORE_RETURNRANGE_11C95A83,bra,212,170,4,2,2
opt,M_HEAPCORE_RETURNRANGE_11C95A83,bra,218,174,4,2,2
opt,M_HEAPCORE_RETURNRANGE_11C95A83,bra,342,264,4,2,2
opt,M_HEAPCORE_RETURNRANGE_11C95A83,bra,348,268,4,2,2
opt,M_HEAPCORE_RETURNRANGE_11C95A83,bra,354,272,4,2,2
opt,M_HEAPCORE_RETURNRANGE_11C95A83,bra,360,276,4,2,2
opt,M_HEAPCORE_RETURNRANGE_11C95A83,bra,376,290,4,2,2
opt,M_HEAPCORE_RETURNRANGE_11C95A83,bra,390,302,4,2,2
opt,M_HEAPCORE_RETURNRANGE_11C95A83,bra,789,667,4,2,2
opt,M_HEAPCORE_RETURNRANGE_11C95A83,bra,795,671,4,2,2
opt,M_HEAPCORE_RETURNRANGE_11C95A83,bra,801,675,4,2,2
opt,M_HEAPCORE_RETURNRANGE_11C95A83,bra,807,679,4,2,2
opt,M_HEAPCORE_RETURNRANGE_11C95A83,bra,823,693,4,2,2
opt,M_HEAPCORE_RETURNRANGE_11C95A83,bra,837,705,4,2,2
opt,M_HEAPCORE_RETURNRANGE_11C95A83,brl,979,845,4,3,1
opt,M_HEAPCORE_RETURNRANGE_11C95A83,bra,1107,940,4,2,2
opt,M_HEAPCORE_RETURNRANGE_11C95A83,bra,1113,944,4,2,2
opt,M_HEAPCORE_RETURNRANGE_11C95A83,bra,1119,948,4,2,2
opt,M_HEAPCORE_RETURNRANGE_11C95A83,bra,1125,952,4,2,2
opt,M_HEAPCORE_RETURNRANGE_11C95A83,bra,1141,966,4,2,2
opt,M_HEAPCORE_RETURNRANGE_11C95A83,bra,1147,970,4,2,2
opt,M_HEAPCORE_RETURNRANGE_11C95A83,brl,1213,1034,4,3,1
opt,M_HEAPCORE_RETURNRANGE_11C95A83,brl,1237,1057,4,3,1
opt,M_HEAPCORE_RETURNRANGE_11C95A83,bra,1448,1235,4,2,2
opt,M_HEAPCORE_RETURNRANGE_11C95A83,bra,1454,1239,4,2,2
opt,M_HEAPCORE_RETURNRANGE_11C95A83,bra,1460,1243,4,2,2
opt,M_HEAPCORE_RETURNRANGE_11C95A83,bra,1466,1247,4,2,2
opt,M_HEAPCORE_RETURNRANGE_11C95A83,bra,1482,1261,4,2,2
opt,M_HEAPCORE_RETURNRANGE_11C95A83,bra,1496,1273,4,2,2
opt,M_HEAPCORE_RETURNRANGE_11C95A83,brl,1560,1335,4,3,1
opt,M_HEAPCORE_RETURNRANGE_11C95A83,bra,1684,1426,4,2,2
opt,M_HEAPCORE_RETURNRANGE_11C95A83,bra,1690,1430,4,2,2
opt,M_HEAPCORE_RETURNRANGE_11C95A83,bra,1696,1434,4,2,2
opt,M_HEAPCORE_RETURNRANGE_11C95A83,bra,1702,1438,4,2,2
opt,M_HEAPCORE_RETURNRANGE_11C95A83,bra,1718,1452,4,2,2
opt,M_HEAPCORE_RETURNRANGE_11C95A83,bra,1732,1464,4,2,2
opt,M_HEAPCORE_RETURNRANGE_11C95A83,bra,1824,1554,4,2,2
opt,M_HEAPCORE_DEALLOCATE_60F97CF2,conditional,40,38,6,2,4
opt,M_HEAPCORE_DEALLOCATE_60F97CF2,conditional,115,107,6,2,4
opt,M_HEAPCORE_DEALLOCATE_60F97CF2,conditional,204,189,6,2,4
opt,M_HEAPCORE_DEALLOCATE_60F97CF2,conditional,210,191,6,2,4
opt,M_HEAPCORE_DEALLOCATE_60F97CF2,conditional,224,201,6,2,4
opt,M_HEAPCORE_DEALLOCATE_60F97CF2,conditional,230,203,6,2,4
opt,M_HEAPCORE_DEALLOCATE_60F97CF2,conditional,244,213,6,2,4
opt,M_HEAPCORE_DEALLOCATE_60F97CF2,conditional,250,215,6,2,4
opt,M_HEAPCORE_DEALLOCATE_60F97CF2,conditional,264,225,6,2,4
opt,M_HEAPCORE_DEALLOCATE_60F97CF2,conditional,270,227,6,2,4
opt,M_HEAPCORE_DEALLOCATE_60F97CF2,bra,8,8,4,2,2
opt,M_HEAPCORE_DEALLOCATE_60F97CF2,bra,52,46,4,2,2
opt,M_HEAPCORE_DEALLOCATE_60F97CF2,bra,127,115,4,2,2
opt,M_HEAPCORE_DEALLOCATE_60F97CF2,brl,133,119,4,3,1
opt,M_HEAPCORE_DEALLOCATE_60F97CF2,bra,276,229,4,2,2
opt,M_HEAPCORE_DEALLOCATE_60F97CF2,bra,282,233,4,2,2
opt,M_HEAPCORE_DEALLOCATE_60F97CF2,bra,288,237,4,2,2
opt,M_HEAPCORE_DEALLOCATE_60F97CF2,bra,294,241,4,2,2
opt,M_HEAPCORE_DEALLOCATE_60F97CF2,bra,310,255,4,2,2
opt,M_HEAPCORE_DEALLOCATE_60F97CF2,bra,324,267,4,2,2
opt,M_HEAPCORE_DEALLOCATE_60F97CF2,bra,505,446,4,2,2
opt,M_HEAPCORE_DEALLOCATE_60F97CF2,bra,589,528,4,2,2
opt,M_HEAPCORE_DEALLOCATE_60F97CF2,bra,678,615,4,2,2
opt,M_HEAPPOLICY_GETSTATE_9B9EAF7C,bra,8,8,4,2,2
opt,M_HEAPPOLICY_HEADER_A992FDFC,conditional,64,62,6,2,4
opt,M_HEAPPOLICY_HEADER_A992FDFC,conditional,72,66,6,2,4
opt,M_HEAPPOLICY_HEADER_A992FDFC,conditional,93,83,6,2,4
opt,M_HEAPPOLICY_HEADER_A992FDFC,bra,8,8,4,2,2
opt,M_HEAPPOLICY_HEADER_A992FDFC,bra,99,85,4,2,2
opt,M_HEAPPOLICY_SHUTDOWN_9E341637,bra,8,8,4,2,2
opt,M_HEAPPOLICY_SHUTDOWN_9E341637,bra,38,36,4,2,2
opt,M_HEAPPOLICY_SHUTDOWN_9E341637,brl,145,141,4,3,1
opt,M_HEAPPOLICY_SHUTDOWN_9E341637,bra,209,204,4,2,2
opt,M_HEAPPOLICY_SHUTDOWN_9E341637,bra,223,216,4,2,2
opt,M_HEAPPOLICY_SHUTDOWN_9E341637,brl,345,336,4,3,1
opt,M_HEAPPOLICY_SHUTDOWN_9E341637,bra,427,417,4,2,2
opt,M_HEAPPOLICY_RUNS_07A33D25,bra,8,8,4,2,2
opt,M_HEAPPOLICY_RUNS_07A33D25,brl,55,53,4,3,1
opt,M_HEAPPOLICY_RUNS_07A33D25,bra,100,97,4,2,2
opt,M_HEAPPOLICY_RUNS_07A33D25,bra,170,165,4,2,2
opt,M_HEAPPOLICY_RUNS_07A33D25,bra,202,195,4,2,2
opt,M_HEAPPOLICY_RUNS_07A33D25,bra,226,217,4,2,2
opt,M_HEAPPOLICY_RUNS_07A33D25,bra,254,243,4,2,2
opt,M_HEAPPOLICY_RUNS_07A33D25,brl,286,273,4,3,1
opt,M_HEAPPOLICY_REGION_F42DC07D,conditional,359,355,6,2,4
opt,M_HEAPPOLICY_REGION_F42DC07D,conditional,367,359,6,2,4
opt,M_HEAPPOLICY_REGION_F42DC07D,conditional,375,363,6,2,4
opt,M_HEAPPOLICY_REGION_F42DC07D,conditional,385,369,6,2,4
opt,M_HEAPPOLICY_REGION_F42DC07D,conditional,393,373,6,2,4
opt,M_HEAPPOLICY_REGION_F42DC07D,conditional,416,392,6,2,4
opt,M_HEAPPOLICY_REGION_F42DC07D,conditional,552,522,6,2,4
opt,M_HEAPPOLICY_REGION_F42DC07D,conditional,560,526,6,2,4
opt,M_HEAPPOLICY_REGION_F42DC07D,conditional,568,530,6,2,4
opt,M_HEAPPOLICY_REGION_F42DC07D,conditional,578,536,6,2,4
opt,M_HEAPPOLICY_REGION_F42DC07D,conditional,586,540,6,2,4
opt,M_HEAPPOLICY_REGION_F42DC07D,conditional,609,559,6,2,4
opt,M_HEAPPOLICY_REGION_F42DC07D,conditional,726,670,6,2,4
opt,M_HEAPPOLICY_REGION_F42DC07D,conditional,734,674,6,2,4
opt,M_HEAPPOLICY_REGION_F42DC07D,conditional,742,678,6,2,4
opt,M_HEAPPOLICY_REGION_F42DC07D,conditional,752,684,6,2,4
opt,M_HEAPPOLICY_REGION_F42DC07D,conditional,760,688,6,2,4
opt,M_HEAPPOLICY_REGION_F42DC07D,conditional,783,707,6,2,4
opt,M_HEAPPOLICY_REGION_F42DC07D,bra,8,8,4,2,2
opt,M_HEAPPOLICY_REGION_F42DC07D,bra,42,40,4,2,2
opt,M_HEAPPOLICY_REGION_F42DC07D,bra,422,394,4,2,2
opt,M_HEAPPOLICY_REGION_F42DC07D,bra,615,561,4,2,2
opt,M_HEAPPOLICY_REGION_F42DC07D,bra,789,709,4,2,2
opt,M_HEAPPOLICY_START_1455FA91,bra,8,8,4,2,2
opt,M_HEAPPOLICY_START_1455FA91,bra,38,36,4,2,2
opt,M_HEAPPOLICY_START_1455FA91,bra,119,115,4,2,2
opt,M_HEAPPOLICY_START_1455FA91,bra,145,139,4,2,2
opt,M_HEAPPOLICY_START_1455FA91,bra,205,197,4,2,2
opt,M_HEAPPOLICY_START_1455FA91,bra,211,201,4,2,2
opt,M_HEAPPOLICY_START_1455FA91,bra,227,215,4,2,2
opt,M_HEAPPOLICY_START_1455FA91,bra,233,219,4,2,2
opt,M_HEAPPOLICY_START_1455FA91,bra,248,232,4,2,2
opt,M_HEAPPOLICY_START_1455FA91,bra,297,279,4,2,2
opt,M_HEAPPOLICY_START_1455FA91,bra,311,291,4,2,2
opt,M_HEAPPOLICY_START_1455FA91,bra,409,387,4,2,2
opt,M_HEAPPOLICY_START_1455FA91,bra,484,460,4,2,2
opt,M_HEAPPOLICY_START_1455FA91,brl,490,464,4,3,1
opt,M_HEAPPOLICY_START_1455FA91,bra,503,476,4,2,2
opt,M_HEAPPOLICY_START_1455FA91,bra,517,488,4,2,2
opt,M_HEAPPOLICY_START_1455FA91,brl,644,613,4,3,1
opt,M_HEAPPOLICY_START_1455FA91,brl,681,649,4,3,1
opt,M_HEAPPOLICY_START_1455FA91,brl,696,663,4,3,1
opt,M_HEAPPOLICY_START_1455FA91,bra,764,730,4,2,2
opt,M_HEAPPOLICY_START_1455FA91,bra,779,743,4,2,2
opt,M_HEAPPOLICY_START_1455FA91,bra,795,757,4,2,2
opt,M_HEAPPOLICY_START_1455FA91,bra,810,770,4,2,2
opt,M_HEAPPOLICY_START_1455FA91,bra,828,786,4,2,2
opt,M_HEAPPOLICY_START_1455FA91,bra,912,868,4,2,2
opt,M_HEAPPOLICY_START_1455FA91,bra,927,881,4,2,2
opt,M_HEAPPOLICY_START_1455FA91,bra,945,897,4,2,2
opt,M_HEAPPOLICY_START_1455FA91,brl,1042,992,4,3,1
opt,M_HEAPPOLICY_START_1455FA91,brl,1068,1017,4,3,1
opt,M_HEAPPOLICY_START_1455FA91,brl,1082,1030,4,3,1
opt,M_HEAPPOLICY_START_1455FA91,bra,1128,1075,4,2,2
opt,M_HEAPPOLICY_START_1455FA91,bra,1212,1157,4,2,2
opt,M_HEAPPOLICY_START_1455FA91,bra,1294,1237,4,2,2
opt,M_HEAPPOLICY_START_1455FA91,bra,1300,1241,4,2,2
opt,M_HEAPPOLICY_START_1455FA91,brl,1316,1255,4,3,1
opt,M_HEAPPOLICY_INIT_69D6AA0D,bra,8,8,4,2,2
opt,M_HEAPPOLICY_INIT_69D6AA0D,bra,38,36,4,2,2
opt,M_HEAPPOLICY_INIT_69D6AA0D,bra,138,134,4,2,2
opt,M_HEAPPOLICY_INIT_69D6AA0D,bra,216,210,4,2,2
opt,M_HEAPPOLICY_INIT_69D6AA0D,bra,264,256,4,2,2
opt,M_HEAPPOLICY_INIT_69D6AA0D,bra,329,319,4,2,2
opt,M_HEAPPOLICY_FLAGSVALID_4BF22F96,conditional,413,403,6,2,4
opt,M_HEAPPOLICY_FLAGSVALID_4BF22F96,bra,8,8,4,2,2
opt,M_HEAPPOLICY_FLAGSVALID_4BF22F96,bra,60,58,4,2,2
opt,M_HEAPPOLICY_FLAGSVALID_4BF22F96,bra,194,190,4,2,2
opt,M_HEAPPOLICY_FLAGSVALID_4BF22F96,bra,272,266,4,2,2
opt,M_HEAPPOLICY_FLAGSVALID_4BF22F96,bra,338,330,4,2,2
opt,M_HEAPPOLICY_FLAGSVALID_4BF22F96,bra,428,414,4,2,2
opt,M_HEAPPOLICY_DESCRIPTOR_8971C45E,conditional,76,74,6,2,4
opt,M_HEAPPOLICY_DESCRIPTOR_8971C45E,conditional,82,76,6,2,4
opt,M_HEAPPOLICY_DESCRIPTOR_8971C45E,conditional,96,86,6,2,4
opt,M_HEAPPOLICY_DESCRIPTOR_8971C45E,conditional,102,88,6,2,4
opt,M_HEAPPOLICY_DESCRIPTOR_8971C45E,conditional,116,98,6,2,4
opt,M_HEAPPOLICY_DESCRIPTOR_8971C45E,conditional,122,100,6,2,4
opt,M_HEAPPOLICY_DESCRIPTOR_8971C45E,conditional,136,110,6,2,4
opt,M_HEAPPOLICY_DESCRIPTOR_8971C45E,conditional,142,112,6,2,4
opt,M_HEAPPOLICY_DESCRIPTOR_8971C45E,conditional,445,396,6,2,4
opt,M_HEAPPOLICY_DESCRIPTOR_8971C45E,conditional,453,400,6,2,4
opt,M_HEAPPOLICY_DESCRIPTOR_8971C45E,conditional,461,404,6,2,4
opt,M_HEAPPOLICY_DESCRIPTOR_8971C45E,conditional,471,410,6,2,4
opt,M_HEAPPOLICY_DESCRIPTOR_8971C45E,conditional,479,414,6,2,4
opt,M_HEAPPOLICY_DESCRIPTOR_8971C45E,conditional,502,433,6,2,4
opt,M_HEAPPOLICY_DESCRIPTOR_8971C45E,conditional,548,473,6,2,4
opt,M_HEAPPOLICY_DESCRIPTOR_8971C45E,conditional,554,475,6,2,4
opt,M_HEAPPOLICY_DESCRIPTOR_8971C45E,conditional,568,485,6,2,4
opt,M_HEAPPOLICY_DESCRIPTOR_8971C45E,conditional,574,487,6,2,4
opt,M_HEAPPOLICY_DESCRIPTOR_8971C45E,conditional,588,497,6,2,4
opt,M_HEAPPOLICY_DESCRIPTOR_8971C45E,conditional,594,499,6,2,4
opt,M_HEAPPOLICY_DESCRIPTOR_8971C45E,conditional,608,509,6,2,4
opt,M_HEAPPOLICY_DESCRIPTOR_8971C45E,conditional,614,511,6,2,4
opt,M_HEAPPOLICY_DESCRIPTOR_8971C45E,bra,8,8,4,2,2
opt,M_HEAPPOLICY_DESCRIPTOR_8971C45E,bra,148,114,4,2,2
opt,M_HEAPPOLICY_DESCRIPTOR_8971C45E,bra,154,118,4,2,2
opt,M_HEAPPOLICY_DESCRIPTOR_8971C45E,bra,160,122,4,2,2
opt,M_HEAPPOLICY_DESCRIPTOR_8971C45E,bra,166,126,4,2,2
opt,M_HEAPPOLICY_DESCRIPTOR_8971C45E,bra,182,140,4,2,2
opt,M_HEAPPOLICY_DESCRIPTOR_8971C45E,bra,196,152,4,2,2
opt,M_HEAPPOLICY_DESCRIPTOR_8971C45E,bra,389,343,4,2,2
opt,M_HEAPPOLICY_DESCRIPTOR_8971C45E,brl,395,347,4,3,1
opt,M_HEAPPOLICY_DESCRIPTOR_8971C45E,bra,508,435,4,2,2
opt,M_HEAPPOLICY_DESCRIPTOR_8971C45E,bra,620,513,4,2,2
opt,M_HEAPPOLICY_DESCRIPTOR_8971C45E,bra,626,517,4,2,2
opt,M_HEAPPOLICY_DESCRIPTOR_8971C45E,bra,632,521,4,2,2
opt,M_HEAPPOLICY_DESCRIPTOR_8971C45E,bra,638,525,4,2,2
opt,M_HEAPPOLICY_DESCRIPTOR_8971C45E,bra,654,539,4,2,2
opt,M_HEAPPOLICY_DESCRIPTOR_8971C45E,bra,668,551,4,2,2
opt,M_HEAPPOLICY_VALIDATEREGIONS_C3A52ACE,bra,8,8,4,2,2
opt,M_HEAPPOLICY_VALIDATEREGIONS_C3A52ACE,bra,38,36,4,2,2
opt,M_HEAPPOLICY_VALIDATEREGIONS_C3A52ACE,bra,119,115,4,2,2
opt,M_HEAPPOLICY_VALIDATEREGIONS_C3A52ACE,bra,125,119,4,2,2
opt,M_HEAPPOLICY_VALIDATEREGIONS_C3A52ACE,bra,151,143,4,2,2
opt,M_HEAPPOLICY_VALIDATEREGIONS_C3A52ACE,bra,165,155,4,2,2
opt,M_HEAPPOLICY_VALIDATEREGIONS_C3A52ACE,brl,434,422,4,3,1
opt,M_HEAPPOLICY_VALIDATEREGIONS_C3A52ACE,bra,461,448,4,2,2
opt,M_HEAPPOLICY_VALIDATEREGIONS_C3A52ACE,bra,475,460,4,2,2
opt,M_HEAPPOLICY_VALIDATEREGIONS_C3A52ACE,bra,550,533,4,2,2
opt,M_HEAPPOLICY_VALIDATEREGIONS_C3A52ACE,bra,657,638,4,2,2
opt,M_HEAPPOLICY_VALIDATEREGIONS_C3A52ACE,bra,663,642,4,2,2
opt,M_HEAPPOLICY_VALIDATEREGIONS_C3A52ACE,bra,692,669,4,2,2
opt,M_HEAPPOLICY_VALIDATEREGIONS_C3A52ACE,bra,706,681,4,2,2
opt,M_HEAPPOLICY_VALIDATEREGIONS_C3A52ACE,brl,860,833,4,3,1
opt,M_HEAPPOLICY_VALIDATEREGIONS_C3A52ACE,bra,885,857,4,2,2
opt,M_HEAPPOLICY_VALIDATEREGIONS_C3A52ACE,bra,891,861,4,2,2
opt,M_HEAPPOLICY_VALIDATEREGIONS_C3A52ACE,bra,937,905,4,2,2
opt,M_HEAPPOLICY_VALIDATEREGIONS_C3A52ACE,bra,951,917,4,2,2
opt,M_HEAPPOLICY_VALIDATEREGIONS_C3A52ACE,bra,1041,1005,4,2,2
opt,M_HEAPPOLICY_VALIDATEREGIONS_C3A52ACE,bra,1055,1017,4,2,2
opt,M_HEAPPOLICY_MATCHES_ACC95206,conditional,222,218,6,2,4
opt,M_HEAPPOLICY_MATCHES_ACC95206,bra,8,8,4,2,2
opt,M_HEAPPOLICY_MATCHES_ACC95206,bra,125,123,4,2,2
opt,M_HEAPPOLICY_MATCHES_ACC95206,bra,232,224,4,2,2
opt,M_HEAPPOLICY_RESERVE_42F2499D,conditional,211,201,6,2,4
opt,M_HEAPPOLICY_RESERVE_42F2499D,conditional,322,306,6,2,4
opt,M_HEAPPOLICY_RESERVE_42F2499D,conditional,330,310,6,2,4
opt,M_HEAPPOLICY_RESERVE_42F2499D,conditional,388,361,6,2,4
opt,M_HEAPPOLICY_RESERVE_42F2499D,conditional,394,363,6,2,4
opt,M_HEAPPOLICY_RESERVE_42F2499D,conditional,408,373,6,2,4
opt,M_HEAPPOLICY_RESERVE_42F2499D,conditional,414,375,6,2,4
opt,M_HEAPPOLICY_RESERVE_42F2499D,conditional,428,385,6,2,4
opt,M_HEAPPOLICY_RESERVE_42F2499D,conditional,434,387,6,2,4
opt,M_HEAPPOLICY_RESERVE_42F2499D,conditional,448,397,6,2,4
opt,M_HEAPPOLICY_RESERVE_42F2499D,conditional,454,399,6,2,4
opt,M_HEAPPOLICY_RESERVE_42F2499D,bra,8,8,4,2,2
opt,M_HEAPPOLICY_RESERVE_42F2499D,bra,46,44,4,2,2
opt,M_HEAPPOLICY_RESERVE_42F2499D,bra,123,119,4,2,2
opt,M_HEAPPOLICY_RESERVE_42F2499D,bra,129,123,4,2,2
opt,M_HEAPPOLICY_RESERVE_42F2499D,bra,149,141,4,2,2
opt,M_HEAPPOLICY_RESERVE_42F2499D,bra,223,209,4,2,2
opt,M_HEAPPOLICY_RESERVE_42F2499D,bra,340,316,4,2,2
opt,M_HEAPPOLICY_RESERVE_42F2499D,brl,364,338,4,3,1
opt,M_HEAPPOLICY_RESERVE_42F2499D,bra,460,401,4,2,2
opt,M_HEAPPOLICY_RESERVE_42F2499D,bra,466,405,4,2,2
opt,M_HEAPPOLICY_RESERVE_42F2499D,bra,472,409,4,2,2
opt,M_HEAPPOLICY_RESERVE_42F2499D,bra,478,413,4,2,2
opt,M_HEAPPOLICY_RESERVE_42F2499D,bra,494,427,4,2,2
opt,M_HEAPPOLICY_RESERVE_42F2499D,bra,547,478,4,2,2
opt,M_HEAPPOLICY_RESERVE_42F2499D,bra,602,531,4,2,2
opt,M_HEAPPOLICY_RESERVE_42F2499D,brl,819,746,4,3,1
opt,M_HEAPPOLICY_RESERVE_42F2499D,bra,865,791,4,2,2
opt,M_HEAPPOLICY_RESERVE_42F2499D,brl,950,874,4,3,1
opt,M_HEAPPOLICY_RESERVE_42F2499D,bra,988,911,4,2,2
opt,M_HEAPPOLICY_RESERVE_42F2499D,bra,1092,1013,4,2,2
opt,M_HEAPPOLICY_RESERVE_42F2499D,brl,1199,1118,4,3,1
opt,M_HEAPPOLICY_LOCATE_7B91FF59,conditional,497,488,6,2,4
opt,M_HEAPPOLICY_LOCATE_7B91FF59,conditional,503,490,6,2,4
opt,M_HEAPPOLICY_LOCATE_7B91FF59,conditional,517,500,6,2,4
opt,M_HEAPPOLICY_LOCATE_7B91FF59,conditional,523,502,6,2,4
opt,M_HEAPPOLICY_LOCATE_7B91FF59,conditional,537,512,6,2,4
opt,M_HEAPPOLICY_LOCATE_7B91FF59,conditional,543,514,6,2,4
opt,M_HEAPPOLICY_LOCATE_7B91FF59,conditional,557,524,6,2,4
opt,M_HEAPPOLICY_LOCATE_7B91FF59,conditional,563,526,6,2,4
opt,M_HEAPPOLICY_LOCATE_7B91FF59,conditional,641,591,6,2,4
opt,M_HEAPPOLICY_LOCATE_7B91FF59,conditional,647,593,6,2,4
opt,M_HEAPPOLICY_LOCATE_7B91FF59,conditional,661,603,6,2,4
opt,M_HEAPPOLICY_LOCATE_7B91FF59,conditional,667,605,6,2,4
opt,M_HEAPPOLICY_LOCATE_7B91FF59,conditional,681,615,6,2,4
opt,M_HEAPPOLICY_LOCATE_7B91FF59,conditional,687,617,6,2,4
opt,M_HEAPPOLICY_LOCATE_7B91FF59,conditional,701,627,6,2,4
opt,M_HEAPPOLICY_LOCATE_7B91FF59,conditional,707,629,6,2,4
opt,M_HEAPPOLICY_LOCATE_7B91FF59,bra,8,8,4,2,2
opt,M_HEAPPOLICY_LOCATE_7B91FF59,bra,38,36,4,2,2
opt,M_HEAPPOLICY_LOCATE_7B91FF59,bra,93,89,4,2,2
opt,M_HEAPPOLICY_LOCATE_7B91FF59,brl,350,344,4,3,1
opt,M_HEAPPOLICY_LOCATE_7B91FF59,bra,380,373,4,2,2
opt,M_HEAPPOLICY_LOCATE_7B91FF59,bra,569,528,4,2,2
opt,M_HEAPPOLICY_LOCATE_7B91FF59,bra,575,532,4,2,2
opt,M_HEAPPOLICY_LOCATE_7B91FF59,bra,581,536,4,2,2
opt,M_HEAPPOLICY_LOCATE_7B91FF59,bra,587,540,4,2,2
opt,M_HEAPPOLICY_LOCATE_7B91FF59,brl,603,554,4,3,1
opt,M_HEAPPOLICY_LOCATE_7B91FF59,bra,713,631,4,2,2
opt,M_HEAPPOLICY_LOCATE_7B91FF59,bra,719,635,4,2,2
opt,M_HEAPPOLICY_LOCATE_7B91FF59,bra,725,639,4,2,2
opt,M_HEAPPOLICY_LOCATE_7B91FF59,bra,731,643,4,2,2
opt,M_HEAPPOLICY_LOCATE_7B91FF59,bra,747,657,4,2,2
opt,M_HEAPPOLICY_LOCATE_7B91FF59,brl,846,754,4,3,1
opt,M_HEAPPOLICY_FREE_3EA2E1EF,conditional,40,38,6,2,4
opt,M_HEAPPOLICY_FREE_3EA2E1EF,conditional,207,197,6,2,4
opt,M_HEAPPOLICY_FREE_3EA2E1EF,conditional,309,287,6,2,4
opt,M_HEAPPOLICY_FREE_3EA2E1EF,conditional,479,447,6,2,4
opt,M_HEAPPOLICY_FREE_3EA2E1EF,conditional,658,618,6,2,4
opt,M_HEAPPOLICY_FREE_3EA2E1EF,conditional,664,620,6,2,4
opt,M_HEAPPOLICY_FREE_3EA2E1EF,conditional,678,630,6,2,4
opt,M_HEAPPOLICY_FREE_3EA2E1EF,conditional,684,632,6,2,4
opt,M_HEAPPOLICY_FREE_3EA2E1EF,conditional,698,642,6,2,4
opt,M_HEAPPOLICY_FREE_3EA2E1EF,conditional,704,644,6,2,4
opt,M_HEAPPOLICY_FREE_3EA2E1EF,conditional,718,654,6,2,4
opt,M_HEAPPOLICY_FREE_3EA2E1EF,conditional,724,656,6,2,4
opt,M_HEAPPOLICY_FREE_3EA2E1EF,bra,8,8,4,2,2
opt,M_HEAPPOLICY_FREE_3EA2E1EF,bra,52,46,4,2,2
opt,M_HEAPPOLICY_FREE_3EA2E1EF,bra,129,121,4,2,2
opt,M_HEAPPOLICY_FREE_3EA2E1EF,bra,219,205,4,2,2
opt,M_HEAPPOLICY_FREE_3EA2E1EF,bra,225,209,4,2,2
opt,M_HEAPPOLICY_FREE_3EA2E1EF,bra,289,271,4,2,2
opt,M_HEAPPOLICY_FREE_3EA2E1EF,bra,295,275,4,2,2
opt,M_HEAPPOLICY_FREE_3EA2E1EF,bra,321,295,4,2,2
opt,M_HEAPPOLICY_FREE_3EA2E1EF,bra,335,307,4,2,2
opt,M_HEAPPOLICY_FREE_3EA2E1EF,bra,403,373,4,2,2
opt,M_HEAPPOLICY_FREE_3EA2E1EF,bra,495,459,4,2,2
opt,M_HEAPPOLICY_FREE_3EA2E1EF,bra,509,471,4,2,2
opt,M_HEAPPOLICY_FREE_3EA2E1EF,bra,730,658,4,2,2
opt,M_HEAPPOLICY_FREE_3EA2E1EF,bra,736,662,4,2,2
opt,M_HEAPPOLICY_FREE_3EA2E1EF,bra,742,666,4,2,2
opt,M_HEAPPOLICY_FREE_3EA2E1EF,bra,748,670,4,2,2
opt,M_HEAPPOLICY_FREE_3EA2E1EF,bra,764,684,4,2,2
opt,M_HEAPPOLICY_FREE_3EA2E1EF,bra,778,696,4,2,2
opt,M_HEAPPOLICY_FREE_3EA2E1EF,bra,862,778,4,2,2
opt,M_HEAPPOLICY_AVAIL_22774B2C,conditional,1057,1038,6,2,4
opt,M_HEAPPOLICY_AVAIL_22774B2C,conditional,1065,1042,6,2,4
opt,M_HEAPPOLICY_AVAIL_22774B2C,conditional,1375,1341,6,2,4
opt,M_HEAPPOLICY_AVAIL_22774B2C,conditional,1381,1343,6,2,4
opt,M_HEAPPOLICY_AVAIL_22774B2C,conditional,1395,1353,6,2,4
opt,M_HEAPPOLICY_AVAIL_22774B2C,conditional,1401,1355,6,2,4
opt,M_HEAPPOLICY_AVAIL_22774B2C,conditional,1415,1365,6,2,4
opt,M_HEAPPOLICY_AVAIL_22774B2C,conditional,1421,1367,6,2,4
opt,M_HEAPPOLICY_AVAIL_22774B2C,conditional,1435,1377,6,2,4
opt,M_HEAPPOLICY_AVAIL_22774B2C,conditional,1441,1379,6,2,4
opt,M_HEAPPOLICY_AVAIL_22774B2C,bra,8,8,4,2,2
opt,M_HEAPPOLICY_AVAIL_22774B2C,bra,46,44,4,2,2
opt,M_HEAPPOLICY_AVAIL_22774B2C,bra,123,119,4,2,2
opt,M_HEAPPOLICY_AVAIL_22774B2C,bra,180,174,4,2,2
opt,M_HEAPPOLICY_AVAIL_22774B2C,bra,235,227,4,2,2
opt,M_HEAPPOLICY_AVAIL_22774B2C,brl,484,474,4,3,1
opt,M_HEAPPOLICY_AVAIL_22774B2C,bra,522,511,4,2,2
opt,M_HEAPPOLICY_AVAIL_22774B2C,brl,643,630,4,3,1
opt,M_HEAPPOLICY_AVAIL_22774B2C,bra,657,643,4,2,2
opt,M_HEAPPOLICY_AVAIL_22774B2C,brl,774,758,4,3,1
opt,M_HEAPPOLICY_AVAIL_22774B2C,brl,933,916,4,3,1
opt,M_HEAPPOLICY_AVAIL_22774B2C,brl,997,979,4,3,1
opt,M_HEAPPOLICY_AVAIL_22774B2C,bra,1075,1048,4,2,2
opt,M_HEAPPOLICY_AVAIL_22774B2C,bra,1097,1068,4,2,2
opt,M_HEAPPOLICY_AVAIL_22774B2C,bra,1201,1170,4,2,2
opt,M_HEAPPOLICY_AVAIL_22774B2C,brl,1359,1326,4,3,1
opt,M_HEAPPOLICY_AVAIL_22774B2C,bra,1447,1381,4,2,2
opt,M_HEAPPOLICY_AVAIL_22774B2C,bra,1453,1385,4,2,2
opt,M_HEAPPOLICY_AVAIL_22774B2C,bra,1459,1389,4,2,2
opt,M_HEAPPOLICY_AVAIL_22774B2C,bra,1465,1393,4,2,2
opt,M_HEAPPOLICY_AVAIL_22774B2C,bra,1517,1443,4,2,2
opt,M_HEAPPOLICY_AVAIL_22774B2C,bra,1595,1519,4,2,2
opt,M_HEAPPOLICY_AVAIL_22774B2C,brl,1802,1724,4,3,1
opt,M_HEAPPOLICY_MEMORYTYPE_D394B206,conditional,122,118,6,2,4
opt,M_HEAPPOLICY_MEMORYTYPE_D394B206,bra,8,8,4,2,2
opt,M_HEAPPOLICY_MEMORYTYPE_D394B206,bra,46,44,4,2,2
opt,M_HEAPPOLICY_MEMORYTYPE_D394B206,bra,138,130,4,2,2
opt,M_HEAPPOLICY_VECTORBYTES_E6541B8F,conditional,116,112,6,2,4
opt,M_HEAPPOLICY_VECTORBYTES_E6541B8F,conditional,156,144,6,2,4
opt,M_HEAPPOLICY_VECTORBYTES_E6541B8F,conditional,162,146,6,2,4
opt,M_HEAPPOLICY_VECTORBYTES_E6541B8F,conditional,176,156,6,2,4
opt,M_HEAPPOLICY_VECTORBYTES_E6541B8F,conditional,182,158,6,2,4
opt,M_HEAPPOLICY_VECTORBYTES_E6541B8F,conditional,196,168,6,2,4
opt,M_HEAPPOLICY_VECTORBYTES_E6541B8F,conditional,202,170,6,2,4
opt,M_HEAPPOLICY_VECTORBYTES_E6541B8F,conditional,216,180,6,2,4
opt,M_HEAPPOLICY_VECTORBYTES_E6541B8F,conditional,222,182,6,2,4
opt,M_HEAPPOLICY_VECTORBYTES_E6541B8F,bra,8,8,4,2,2
opt,M_HEAPPOLICY_VECTORBYTES_E6541B8F,bra,46,44,4,2,2
opt,M_HEAPPOLICY_VECTORBYTES_E6541B8F,bra,128,120,4,2,2
opt,M_HEAPPOLICY_VECTORBYTES_E6541B8F,bra,134,124,4,2,2
opt,M_HEAPPOLICY_VECTORBYTES_E6541B8F,bra,228,184,4,2,2
opt,M_HEAPPOLICY_VECTORBYTES_E6541B8F,bra,234,188,4,2,2
opt,M_HEAPPOLICY_VECTORBYTES_E6541B8F,bra,240,192,4,2,2
opt,M_HEAPPOLICY_VECTORBYTES_E6541B8F,bra,246,196,4,2,2
opt,M_HEAPPOLICY_VECTORBYTES_E6541B8F,bra,262,210,4,2,2
opt,M_HEAPPOLICY_RESERVEVECTOR_C09ED6F4,conditional,116,112,6,2,4
opt,M_HEAPPOLICY_RESERVEVECTOR_C09ED6F4,bra,8,8,4,2,2
opt,M_HEAPPOLICY_RESERVEVECTOR_C09ED6F4,bra,46,44,4,2,2
opt,M_HEAPPOLICY_RESERVEVECTOR_C09ED6F4,bra,128,120,4,2,2
opt,M_HEAPPOLICY_RESERVEVECTOR_C09ED6F4,bra,197,187,4,2,2
opt,M_HEAPPOLICY_FREEVECTOR_698EC5DE,conditional,40,38,6,2,4
opt,M_HEAPPOLICY_FREEVECTOR_698EC5DE,conditional,127,119,6,2,4
opt,M_HEAPPOLICY_FREEVECTOR_698EC5DE,conditional,133,121,6,2,4
opt,M_HEAPPOLICY_FREEVECTOR_698EC5DE,conditional,147,131,6,2,4
opt,M_HEAPPOLICY_FREEVECTOR_698EC5DE,conditional,153,133,6,2,4
opt,M_HEAPPOLICY_FREEVECTOR_698EC5DE,conditional,167,143,6,2,4
opt,M_HEAPPOLICY_FREEVECTOR_698EC5DE,conditional,173,145,6,2,4
opt,M_HEAPPOLICY_FREEVECTOR_698EC5DE,conditional,187,155,6,2,4
opt,M_HEAPPOLICY_FREEVECTOR_698EC5DE,conditional,193,157,6,2,4
opt,M_HEAPPOLICY_FREEVECTOR_698EC5DE,conditional,542,484,6,2,4
opt,M_HEAPPOLICY_FREEVECTOR_698EC5DE,conditional,713,647,6,2,4
opt,M_HEAPPOLICY_FREEVECTOR_698EC5DE,conditional,719,649,6,2,4
opt,M_HEAPPOLICY_FREEVECTOR_698EC5DE,conditional,733,659,6,2,4
opt,M_HEAPPOLICY_FREEVECTOR_698EC5DE,conditional,739,661,6,2,4
opt,M_HEAPPOLICY_FREEVECTOR_698EC5DE,conditional,753,671,6,2,4
opt,M_HEAPPOLICY_FREEVECTOR_698EC5DE,conditional,759,673,6,2,4
opt,M_HEAPPOLICY_FREEVECTOR_698EC5DE,conditional,773,683,6,2,4
opt,M_HEAPPOLICY_FREEVECTOR_698EC5DE,conditional,779,685,6,2,4
opt,M_HEAPPOLICY_FREEVECTOR_698EC5DE,conditional,1029,917,6,2,4
opt,M_HEAPPOLICY_FREEVECTOR_698EC5DE,conditional,1264,1140,6,2,4
opt,M_HEAPPOLICY_FREEVECTOR_698EC5DE,conditional,1270,1142,6,2,4
opt,M_HEAPPOLICY_FREEVECTOR_698EC5DE,conditional,1284,1152,6,2,4
opt,M_HEAPPOLICY_FREEVECTOR_698EC5DE,conditional,1290,1154,6,2,4
opt,M_HEAPPOLICY_FREEVECTOR_698EC5DE,conditional,1304,1164,6,2,4
opt,M_HEAPPOLICY_FREEVECTOR_698EC5DE,conditional,1310,1166,6,2,4
opt,M_HEAPPOLICY_FREEVECTOR_698EC5DE,conditional,1324,1176,6,2,4
opt,M_HEAPPOLICY_FREEVECTOR_698EC5DE,conditional,1330,1178,6,2,4
opt,M_HEAPPOLICY_FREEVECTOR_698EC5DE,bra,8,8,4,2,2
opt,M_HEAPPOLICY_FREEVECTOR_698EC5DE,bra,56,50,4,2,2
opt,M_HEAPPOLICY_FREEVECTOR_698EC5DE,bra,199,159,4,2,2
opt,M_HEAPPOLICY_FREEVECTOR_698EC5DE,bra,205,163,4,2,2
opt,M_HEAPPOLICY_FREEVECTOR_698EC5DE,bra,211,167,4,2,2
opt,M_HEAPPOLICY_FREEVECTOR_698EC5DE,bra,217,171,4,2,2
opt,M_HEAPPOLICY_FREEVECTOR_698EC5DE,bra,233,185,4,2,2
opt,M_HEAPPOLICY_FREEVECTOR_698EC5DE,bra,239,189,4,2,2
opt,M_HEAPPOLICY_FREEVECTOR_698EC5DE,bra,303,251,4,2,2
opt,M_HEAPPOLICY_FREEVECTOR_698EC5DE,bra,317,263,4,2,2
opt,M_HEAPPOLICY_FREEVECTOR_698EC5DE,bra,466,410,4,2,2
opt,M_HEAPPOLICY_FREEVECTOR_698EC5DE,bra,558,496,4,2,2
opt,M_HEAPPOLICY_FREEVECTOR_698EC5DE,bra,572,508,4,2,2
opt,M_HEAPPOLICY_FREEVECTOR_698EC5DE,bra,785,687,4,2,2
opt,M_HEAPPOLICY_FREEVECTOR_698EC5DE,bra,791,691,4,2,2
opt,M_HEAPPOLICY_FREEVECTOR_698EC5DE,bra,797,695,4,2,2
opt,M_HEAPPOLICY_FREEVECTOR_698EC5DE,bra,803,699,4,2,2
opt,M_HEAPPOLICY_FREEVECTOR_698EC5DE,bra,819,713,4,2,2
opt,M_HEAPPOLICY_FREEVECTOR_698EC5DE,bra,833,725,4,2,2
opt,M_HEAPPOLICY_FREEVECTOR_698EC5DE,bra,959,849,4,2,2
opt,M_HEAPPOLICY_FREEVECTOR_698EC5DE,bra,1041,925,4,2,2
opt,M_HEAPPOLICY_FREEVECTOR_698EC5DE,bra,1047,929,4,2,2
opt,M_HEAPPOLICY_FREEVECTOR_698EC5DE,bra,1101,981,4,2,2
opt,M_HEAPPOLICY_FREEVECTOR_698EC5DE,bra,1115,993,4,2,2
opt,M_HEAPPOLICY_FREEVECTOR_698EC5DE,bra,1336,1180,4,2,2
opt,M_HEAPPOLICY_FREEVECTOR_698EC5DE,bra,1342,1184,4,2,2
opt,M_HEAPPOLICY_FREEVECTOR_698EC5DE,bra,1348,1188,4,2,2
opt,M_HEAPPOLICY_FREEVECTOR_698EC5DE,bra,1354,1192,4,2,2
opt,M_HEAPPOLICY_FREEVECTOR_698EC5DE,bra,1370,1206,4,2,2
opt,M_HEAPPOLICY_FREEVECTOR_698EC5DE,bra,1384,1218,4,2,2
opt,M_HEAPPOLICY_FREEVECTOR_698EC5DE,bra,1496,1328,4,2,2
opt,M_TASKPOLICY_RECORDFOR_833E2B66,conditional,62,60,6,2,4
opt,M_TASKPOLICY_RECORDFOR_833E2B66,conditional,70,64,6,2,4
opt,M_TASKPOLICY_RECORDFOR_833E2B66,conditional,91,81,6,2,4
opt,M_TASKPOLICY_RECORDFOR_833E2B66,bra,8,8,4,2,2
opt,M_TASKPOLICY_RECORDFOR_833E2B66,bra,97,83,4,2,2
opt,M_TASKPOLICY_SAVEDWORD_D1C8E663,bra,8,8,4,2,2
opt,M_TASKPOLICY_RESULT_DA2077E3,bra,8,8,4,2,2
opt,M_TASKPOLICY_POINTERRESULT_E8D88610,conditional,205,201,6,2,4
opt,M_TASKPOLICY_POINTERRESULT_E8D88610,conditional,213,205,6,2,4
opt,M_TASKPOLICY_POINTERRESULT_E8D88610,conditional,234,222,6,2,4
opt,M_TASKPOLICY_POINTERRESULT_E8D88610,bra,8,8,4,2,2
opt,M_TASKPOLICY_POINTERRESULT_E8D88610,bra,74,72,4,2,2
opt,M_TASKPOLICY_POINTERRESULT_E8D88610,bra,240,224,4,2,2
opt,M_TASKPOLICY_ARGUMENTPOINTER_A19325C6,conditional,236,230,6,2,4
opt,M_TASKPOLICY_ARGUMENTPOINTER_A19325C6,conditional,244,234,6,2,4
opt,M_TASKPOLICY_ARGUMENTPOINTER_A19325C6,conditional,265,251,6,2,4
opt,M_TASKPOLICY_ARGUMENTPOINTER_A19325C6,bra,8,8,4,2,2
opt,M_TASKPOLICY_ARGUMENTPOINTER_A19325C6,bra,42,40,4,2,2
opt,M_TASKPOLICY_ARGUMENTPOINTER_A19325C6,bra,128,124,4,2,2
opt,M_TASKPOLICY_ARGUMENTPOINTER_A19325C6,bra,271,253,4,2,2
opt,M_TASKPOLICY_FLAGS_56B3B4FF,bra,8,8,4,2,2
opt,M_TASKPOLICY_PROTECTED_FCDCE808,conditional,58,56,6,2,4
opt,M_TASKPOLICY_PROTECTED_FCDCE808,conditional,90,82,6,2,4
opt,M_TASKPOLICY_PROTECTED_FCDCE808,conditional,207,191,6,2,4
opt,M_TASKPOLICY_PROTECTED_FCDCE808,bra,8,8,4,2,2
opt,M_TASKPOLICY_PROTECTED_FCDCE808,bra,68,62,4,2,2
opt,M_TASKPOLICY_PROTECTED_FCDCE808,bra,98,86,4,2,2
opt,M_TASKPOLICY_PROTECTED_FCDCE808,bra,134,120,4,2,2
opt,M_TASKPOLICY_PROTECTED_FCDCE808,bra,215,195,4,2,2
opt,M_TASKPOLICY_LOOKUP_41F6D1E4,conditional,40,38,6,2,4
opt,M_TASKPOLICY_LOOKUP_41F6D1E4,conditional,161,153,6,2,4
opt,M_TASKPOLICY_LOOKUP_41F6D1E4,conditional,167,155,6,2,4
opt,M_TASKPOLICY_LOOKUP_41F6D1E4,conditional,181,165,6,2,4
opt,M_TASKPOLICY_LOOKUP_41F6D1E4,conditional,187,167,6,2,4
opt,M_TASKPOLICY_LOOKUP_41F6D1E4,conditional,201,177,6,2,4
opt,M_TASKPOLICY_LOOKUP_41F6D1E4,conditional,207,179,6,2,4
opt,M_TASKPOLICY_LOOKUP_41F6D1E4,conditional,275,231,6,2,4
opt,M_TASKPOLICY_LOOKUP_41F6D1E4,conditional,281,233,6,2,4
opt,M_TASKPOLICY_LOOKUP_41F6D1E4,conditional,295,243,6,2,4
opt,M_TASKPOLICY_LOOKUP_41F6D1E4,conditional,301,245,6,2,4
opt,M_TASKPOLICY_LOOKUP_41F6D1E4,conditional,315,255,6,2,4
opt,M_TASKPOLICY_LOOKUP_41F6D1E4,conditional,321,257,6,2,4
opt,M_TASKPOLICY_LOOKUP_41F6D1E4,bra,8,8,4,2,2
opt,M_TASKPOLICY_LOOKUP_41F6D1E4,bra,56,50,4,2,2
opt,M_TASKPOLICY_LOOKUP_41F6D1E4,bra,213,181,4,2,2
opt,M_TASKPOLICY_LOOKUP_41F6D1E4,bra,219,185,4,2,2
opt,M_TASKPOLICY_LOOKUP_41F6D1E4,bra,225,189,4,2,2
opt,M_TASKPOLICY_LOOKUP_41F6D1E4,bra,231,193,4,2,2
opt,M_TASKPOLICY_LOOKUP_41F6D1E4,bra,247,207,4,2,2
opt,M_TASKPOLICY_LOOKUP_41F6D1E4,bra,253,211,4,2,2
opt,M_TASKPOLICY_LOOKUP_41F6D1E4,bra,327,259,4,2,2
opt,M_TASKPOLICY_LOOKUP_41F6D1E4,bra,333,263,4,2,2
opt,M_TASKPOLICY_LOOKUP_41F6D1E4,bra,339,267,4,2,2
opt,M_TASKPOLICY_LOOKUP_41F6D1E4,bra,345,271,4,2,2
opt,M_TASKPOLICY_LOOKUP_41F6D1E4,bra,361,285,4,2,2
opt,M_TASKPOLICY_LOOKUP_41F6D1E4,bra,503,425,4,2,2
opt,M_TASKPOLICY_LOOKUP_41F6D1E4,bra,605,525,4,2,2
opt,M_TASKPOLICY_LOOKUP_41F6D1E4,bra,611,529,4,2,2
opt,M_TASKPOLICY_LOOKUP_41F6D1E4,bra,673,589,4,2,2
opt,M_TASKPOLICY_WRITABLE_0565D862,conditional,184,179,6,2,4
opt,M_TASKPOLICY_WRITABLE_0565D862,conditional,192,183,6,2,4
opt,M_TASKPOLICY_WRITABLE_0565D862,conditional,213,200,6,2,4
opt,M_TASKPOLICY_WRITABLE_0565D862,conditional,330,311,6,2,4
opt,M_TASKPOLICY_WRITABLE_0565D862,conditional,336,313,6,2,4
opt,M_TASKPOLICY_WRITABLE_0565D862,conditional,350,323,6,2,4
opt,M_TASKPOLICY_WRITABLE_0565D862,conditional,356,325,6,2,4
opt,M_TASKPOLICY_WRITABLE_0565D862,conditional,370,335,6,2,4
opt,M_TASKPOLICY_WRITABLE_0565D862,conditional,376,337,6,2,4
opt,M_TASKPOLICY_WRITABLE_0565D862,conditional,547,495,6,2,4
opt,M_TASKPOLICY_WRITABLE_0565D862,conditional,553,497,6,2,4
opt,M_TASKPOLICY_WRITABLE_0565D862,conditional,567,507,6,2,4
opt,M_TASKPOLICY_WRITABLE_0565D862,conditional,573,509,6,2,4
opt,M_TASKPOLICY_WRITABLE_0565D862,conditional,587,519,6,2,4
opt,M_TASKPOLICY_WRITABLE_0565D862,conditional,593,521,6,2,4
opt,M_TASKPOLICY_WRITABLE_0565D862,conditional,722,637,6,2,4
opt,M_TASKPOLICY_WRITABLE_0565D862,conditional,728,639,6,2,4
opt,M_TASKPOLICY_WRITABLE_0565D862,conditional,742,649,6,2,4
opt,M_TASKPOLICY_WRITABLE_0565D862,conditional,748,651,6,2,4
opt,M_TASKPOLICY_WRITABLE_0565D862,conditional,762,661,6,2,4
opt,M_TASKPOLICY_WRITABLE_0565D862,conditional,768,663,6,2,4
opt,M_TASKPOLICY_WRITABLE_0565D862,bra,8,8,4,2,2
opt,M_TASKPOLICY_WRITABLE_0565D862,bra,60,58,4,2,2
opt,M_TASKPOLICY_WRITABLE_0565D862,brl,118,114,4,3,1
opt,M_TASKPOLICY_WRITABLE_0565D862,bra,219,202,4,2,2
opt,M_TASKPOLICY_WRITABLE_0565D862,bra,382,339,4,2,2
opt,M_TASKPOLICY_WRITABLE_0565D862,bra,388,343,4,2,2
opt,M_TASKPOLICY_WRITABLE_0565D862,bra,394,347,4,2,2
opt,M_TASKPOLICY_WRITABLE_0565D862,bra,400,351,4,2,2
opt,M_TASKPOLICY_WRITABLE_0565D862,brl,416,365,4,3,1
opt,M_TASKPOLICY_WRITABLE_0565D862,bra,599,523,4,2,2
opt,M_TASKPOLICY_WRITABLE_0565D862,bra,605,527,4,2,2
opt,M_TASKPOLICY_WRITABLE_0565D862,bra,611,531,4,2,2
opt,M_TASKPOLICY_WRITABLE_0565D862,bra,617,535,4,2,2
opt,M_TASKPOLICY_WRITABLE_0565D862,brl,633,549,4,3,1
opt,M_TASKPOLICY_WRITABLE_0565D862,bra,774,665,4,2,2
opt,M_TASKPOLICY_WRITABLE_0565D862,bra,780,669,4,2,2
opt,M_TASKPOLICY_WRITABLE_0565D862,bra,786,673,4,2,2
opt,M_TASKPOLICY_WRITABLE_0565D862,bra,792,677,4,2,2
opt,M_TASKPOLICY_WRITABLE_0565D862,bra,808,691,4,2,2
opt,M_TASKPOLICY_WRITABLE_0565D862,bra,833,714,4,2,2
opt,M_TASKPOLICY_WRITABLE_0565D862,bra,839,718,4,2,2
opt,M_TASKPOLICY_WRITABLE_0565D862,brl,855,732,4,3,1
opt,M_TASKPOLICY_AVAILABLERECORD_80983EA0,conditional,427,417,6,2,4
opt,M_TASKPOLICY_AVAILABLERECORD_80983EA0,conditional,433,419,6,2,4
opt,M_TASKPOLICY_AVAILABLERECORD_80983EA0,conditional,447,429,6,2,4
opt,M_TASKPOLICY_AVAILABLERECORD_80983EA0,conditional,453,431,6,2,4
opt,M_TASKPOLICY_AVAILABLERECORD_80983EA0,conditional,467,441,6,2,4
opt,M_TASKPOLICY_AVAILABLERECORD_80983EA0,conditional,473,443,6,2,4
opt,M_TASKPOLICY_AVAILABLERECORD_80983EA0,conditional,576,533,6,2,4
opt,M_TASKPOLICY_AVAILABLERECORD_80983EA0,conditional,582,535,6,2,4
opt,M_TASKPOLICY_AVAILABLERECORD_80983EA0,conditional,596,545,6,2,4
opt,M_TASKPOLICY_AVAILABLERECORD_80983EA0,conditional,602,547,6,2,4
opt,M_TASKPOLICY_AVAILABLERECORD_80983EA0,conditional,616,557,6,2,4
opt,M_TASKPOLICY_AVAILABLERECORD_80983EA0,conditional,622,559,6,2,4
opt,M_TASKPOLICY_AVAILABLERECORD_80983EA0,bra,8,8,4,2,2
opt,M_TASKPOLICY_AVAILABLERECORD_80983EA0,bra,78,76,4,2,2
opt,M_TASKPOLICY_AVAILABLERECORD_80983EA0,bra,165,161,4,2,2
opt,M_TASKPOLICY_AVAILABLERECORD_80983EA0,brl,205,199,4,3,1
opt,M_TASKPOLICY_AVAILABLERECORD_80983EA0,bra,219,212,4,2,2
opt,M_TASKPOLICY_AVAILABLERECORD_80983EA0,brl,310,301,4,3,1
opt,M_TASKPOLICY_AVAILABLERECORD_80983EA0,bra,479,445,4,2,2
opt,M_TASKPOLICY_AVAILABLERECORD_80983EA0,bra,485,449,4,2,2
opt,M_TASKPOLICY_AVAILABLERECORD_80983EA0,bra,491,453,4,2,2
opt,M_TASKPOLICY_AVAILABLERECORD_80983EA0,bra,497,457,4,2,2
opt,M_TASKPOLICY_AVAILABLERECORD_80983EA0,brl,513,471,4,3,1
opt,M_TASKPOLICY_AVAILABLERECORD_80983EA0,bra,628,561,4,2,2
opt,M_TASKPOLICY_AVAILABLERECORD_80983EA0,bra,634,565,4,2,2
opt,M_TASKPOLICY_AVAILABLERECORD_80983EA0,bra,640,569,4,2,2
opt,M_TASKPOLICY_AVAILABLERECORD_80983EA0,bra,646,573,4,2,2
opt,M_TASKPOLICY_AVAILABLERECORD_80983EA0,bra,662,587,4,2,2
opt,M_TASKPOLICY_AVAILABLERECORD_80983EA0,brl,707,630,4,3,1
opt,M_TASKPOLICY_EMPTYMEMORY_C893BDB0,conditional,190,188,6,2,4
opt,M_TASKPOLICY_EMPTYMEMORY_C893BDB0,conditional,204,198,6,2,4
opt,M_TASKPOLICY_EMPTYMEMORY_C893BDB0,conditional,264,252,6,2,4
opt,M_TASKPOLICY_EMPTYMEMORY_C893BDB0,conditional,276,260,6,2,4
opt,M_TASKPOLICY_EMPTYMEMORY_C893BDB0,conditional,396,374,6,2,4
opt,M_TASKPOLICY_EMPTYMEMORY_C893BDB0,conditional,410,384,6,2,4
opt,M_TASKPOLICY_EMPTYMEMORY_C893BDB0,bra,8,8,4,2,2
opt,M_TASKPOLICY_EMPTYMEMORY_C893BDB0,bra,214,204,4,2,2
opt,M_TASKPOLICY_EMPTYMEMORY_C893BDB0,bra,286,266,4,2,2
opt,M_TASKPOLICY_EMPTYMEMORY_C893BDB0,bra,420,390,4,2,2
opt,M_TASKPOLICY_VALIDENTRY_58BA8A58,conditional,184,181,6,2,4
opt,M_TASKPOLICY_VALIDENTRY_58BA8A58,bra,8,8,4,2,2
opt,M_TASKPOLICY_VALIDENTRY_58BA8A58,brl,70,68,4,3,1
opt,M_TASKPOLICY_VALIDENTRY_58BA8A58,bra,202,195,4,2,2
opt,M_TASKPOLICY_VALIDENTRY_58BA8A58,bra,227,218,4,2,2
opt,M_TASKPOLICY_VALIDENTRY_58BA8A58,bra,233,222,4,2,2
opt,M_TASKPOLICY_VALIDENTRY_58BA8A58,brl,249,236,4,3,1
opt,M_TASKPOLICY_STACKSLOT_2A322EEA,conditional,186,183,6,2,4
opt,M_TASKPOLICY_STACKSLOT_2A322EEA,conditional,349,341,6,2,4
opt,M_TASKPOLICY_STACKSLOT_2A322EEA,conditional,546,529,6,2,4
opt,M_TASKPOLICY_STACKSLOT_2A322EEA,conditional,552,531,6,2,4
opt,M_TASKPOLICY_STACKSLOT_2A322EEA,conditional,566,541,6,2,4
opt,M_TASKPOLICY_STACKSLOT_2A322EEA,conditional,572,543,6,2,4
opt,M_TASKPOLICY_STACKSLOT_2A322EEA,conditional,586,553,6,2,4
opt,M_TASKPOLICY_STACKSLOT_2A322EEA,conditional,592,555,6,2,4
opt,M_TASKPOLICY_STACKSLOT_2A322EEA,conditional,789,737,6,2,4
opt,M_TASKPOLICY_STACKSLOT_2A322EEA,conditional,795,739,6,2,4
opt,M_TASKPOLICY_STACKSLOT_2A322EEA,conditional,809,749,6,2,4
opt,M_TASKPOLICY_STACKSLOT_2A322EEA,conditional,815,751,6,2,4
opt,M_TASKPOLICY_STACKSLOT_2A322EEA,conditional,829,761,6,2,4
opt,M_TASKPOLICY_STACKSLOT_2A322EEA,conditional,835,763,6,2,4
opt,M_TASKPOLICY_STACKSLOT_2A322EEA,bra,8,8,4,2,2
opt,M_TASKPOLICY_STACKSLOT_2A322EEA,brl,52,50,4,3,1
opt,M_TASKPOLICY_STACKSLOT_2A322EEA,brl,204,197,4,3,1
opt,M_TASKPOLICY_STACKSLOT_2A322EEA,brl,367,355,4,3,1
opt,M_TASKPOLICY_STACKSLOT_2A322EEA,bra,381,368,4,2,2
opt,M_TASKPOLICY_STACKSLOT_2A322EEA,bra,464,449,4,2,2
opt,M_TASKPOLICY_STACKSLOT_2A322EEA,bra,598,557,4,2,2
opt,M_TASKPOLICY_STACKSLOT_2A322EEA,bra,604,561,4,2,2
opt,M_TASKPOLICY_STACKSLOT_2A322EEA,bra,610,565,4,2,2
opt,M_TASKPOLICY_STACKSLOT_2A322EEA,bra,616,569,4,2,2
opt,M_TASKPOLICY_STACKSLOT_2A322EEA,bra,632,583,4,2,2
opt,M_TASKPOLICY_STACKSLOT_2A322EEA,brl,638,587,4,3,1
opt,M_TASKPOLICY_STACKSLOT_2A322EEA,bra,841,765,4,2,2
opt,M_TASKPOLICY_STACKSLOT_2A322EEA,bra,847,769,4,2,2
opt,M_TASKPOLICY_STACKSLOT_2A322EEA,bra,853,773,4,2,2
opt,M_TASKPOLICY_STACKSLOT_2A322EEA,bra,859,777,4,2,2
opt,M_TASKPOLICY_STACKSLOT_2A322EEA,bra,875,791,4,2,2
opt,M_TASKPOLICY_STACKSLOT_2A322EEA,bra,969,883,4,2,2
opt,M_TASKPOLICY_STACKSLOT_2A322EEA,brl,1037,949,4,3,1
opt,M_TASKPOLICY_PREPARESTACK_1A1C583B,conditional,315,313,6,2,4
opt,M_TASKPOLICY_PREPARESTACK_1A1C583B,conditional,323,317,6,2,4
opt,M_TASKPOLICY_PREPARESTACK_1A1C583B,conditional,342,332,6,2,4
opt,M_TASKPOLICY_PREPARESTACK_1A1C583B,bra,8,8,4,2,2
opt,M_TASKPOLICY_PREPARESTACK_1A1C583B,bra,348,334,4,2,2
opt,M_TASKPOLICY_PREPARESTACK_1A1C583B,bra,380,364,4,2,2
opt,M_TASKPOLICY_PREPARESTACK_1A1C583B,bra,466,448,4,2,2
opt,M_TASKPOLICY_PREPARESTACK_1A1C583B,bra,472,452,4,2,2
opt,M_TASKPOLICY_PREPARESTACK_1A1C583B,brl,488,466,4,3,1
opt,M_TASKPOLICY_PREPAREDOMAIN_45DA3401,conditional,333,331,6,2,4
opt,M_TASKPOLICY_PREPAREDOMAIN_45DA3401,conditional,341,335,6,2,4
opt,M_TASKPOLICY_PREPAREDOMAIN_45DA3401,conditional,360,350,6,2,4
opt,M_TASKPOLICY_PREPAREDOMAIN_45DA3401,bra,8,8,4,2,2
opt,M_TASKPOLICY_PREPAREDOMAIN_45DA3401,bra,366,352,4,2,2
opt,M_TASKPOLICY_PREPAREDOMAIN_45DA3401,bra,398,382,4,2,2
opt,M_TASKPOLICY_PREPAREDOMAIN_45DA3401,bra,476,458,4,2,2
opt,M_TASKPOLICY_PREPAREDOMAIN_45DA3401,bra,482,462,4,2,2
opt,M_TASKPOLICY_PREPAREDOMAIN_45DA3401,brl,498,476,4,3,1
opt,M_TASKPOLICY_PREPAREDOMAIN_45DA3401,bra,565,542,4,2,2
opt,M_TASKPOLICY_PREPAREDOMAIN_45DA3401,bra,648,623,4,2,2
opt,M_TASKPOLICY_PREPAREFRAME_D5FF2FA0,bra,8,8,4,2,2
opt,M_TASKPOLICY_PREPAREFRAME_D5FF2FA0,bra,119,117,4,2,2
opt,M_TASKPOLICY_PREPAREFRAME_D5FF2FA0,bra,197,193,4,2,2
opt,M_TASKPOLICY_PREPAREFRAME_D5FF2FA0,bra,356,350,4,2,2
opt,M_TASKPOLICY_PREPAREFRAME_D5FF2FA0,bra,403,395,4,2,2
opt,M_TASKPOLICY_SETSTATE_52D88FAF,bra,8,8,4,2,2
opt,M_TASKPOLICY_SETSTATE_52D88FAF,bra,119,117,4,2,2
opt,M_TASKPOLICY_READY_679992F5,bra,8,8,4,2,2
opt,M_TASKPOLICY_READY_679992F5,bra,88,86,4,2,2
opt,M_TASKPOLICY_READY_679992F5,bra,169,165,4,2,2
opt,M_TASKPOLICY_READY_679992F5,bra,286,280,4,2,2
opt,M_TASKPOLICY_INITSIGNALS_5C831CB9,bra,8,8,4,2,2
opt,M_TASKPOLICY_INITSIGNALS_5C831CB9,bra,54,52,4,2,2
opt,M_TASKPOLICY_ADMIT_CF1671AB,bra,8,8,4,2,2
opt,M_TASKPOLICY_ADMIT_CF1671AB,bra,306,304,4,2,2
opt,M_TASKPOLICY_ADMIT_CF1671AB,bra,379,375,4,2,2
opt,M_TASKPOLICY_ADMIT_CF1671AB,bra,629,623,4,2,2
opt,M_TASKPOLICY_ADMIT_CF1671AB,bra,716,708,4,2,2
opt,M_TASKPOLICY_INIT_57A5FAC8,bra,8,8,4,2,2
opt,M_TASKPOLICY_INIT_57A5FAC8,bra,38,36,4,2,2
opt,M_TASKPOLICY_INIT_57A5FAC8,bra,94,90,4,2,2
opt,M_TASKPOLICY_INIT_57A5FAC8,bra,120,114,4,2,2
opt,M_TASKPOLICY_INIT_57A5FAC8,bra,175,167,4,2,2
opt,M_TASKPOLICY_INIT_57A5FAC8,bra,230,220,4,2,2
opt,M_TASKPOLICY_INIT_57A5FAC8,bra,285,273,4,2,2
opt,M_TASKPOLICY_INIT_57A5FAC8,bra,348,334,4,2,2
opt,M_TASKPOLICY_INIT_57A5FAC8,bra,414,398,4,2,2
opt,M_TASKPOLICY_INIT_57A5FAC8,bra,479,461,4,2,2
opt,M_TASKPOLICY_INIT_57A5FAC8,brl,676,656,4,3,1
opt,M_TASKPOLICY_INIT_57A5FAC8,bra,690,669,4,2,2
opt,M_TASKPOLICY_INIT_57A5FAC8,bra,1057,1034,4,2,2
opt,M_TASKPOLICY_INIT_57A5FAC8,bra,1152,1127,4,2,2
opt,M_TASKPOLICY_INIT_57A5FAC8,bra,1217,1190,4,2,2
opt,M_TASKPOLICY_INIT_57A5FAC8,brl,1301,1272,4,3,1
opt,M_TASKPOLICY_INIT_57A5FAC8,bra,2009,1979,4,2,2
opt,M_TASKPOLICY_INIT_57A5FAC8,bra,2074,2042,4,2,2
opt,M_TASKPOLICY_INIT_57A5FAC8,bra,2182,2148,4,2,2
opt,M_TASKPOLICY_INIT_57A5FAC8,bra,2261,2225,4,2,2
opt,M_TASKPOLICY_INIT_57A5FAC8,bra,2334,2296,4,2,2
opt,M_TASKPOLICY_TIMEDCOUNT_C3B59E74,bra,8,8,4,2,2
opt,M_TASKPOLICY_ADJUSTTIMED_DDC1BE1E,bra,8,8,4,2,2
opt,M_TASKPOLICY_ADJUSTTIMED_DDC1BE1E,bra,44,42,4,2,2
opt,M_TASKPOLICY_ADJUSTTIMED_DDC1BE1E,bra,103,99,4,2,2
opt,M_TASKPOLICY_WAKE_9E9C7518,bra,8,8,4,2,2
opt,M_TASKPOLICY_WAKE_9E9C7518,brl,72,70,4,3,1
opt,M_TASKPOLICY_WAKE_9E9C7518,bra,86,83,4,2,2
opt,M_TASKPOLICY_WAKE_9E9C7518,brl,169,164,4,3,1
opt,M_TASKPOLICY_WAKE_9E9C7518,brl,232,226,4,3,1
opt,M_TASKPOLICY_WAKE_9E9C7518,bra,265,258,4,2,2
opt,M_TASKPOLICY_WAKE_9E9C7518,bra,322,313,4,2,2
opt,M_TASKPOLICY_WAKE_9E9C7518,brl,406,395,4,3,1
opt,M_TASKPOLICY_SELECT_1A709B3E,conditional,219,211,6,2,4
opt,M_TASKPOLICY_SELECT_1A709B3E,conditional,435,415,6,2,4
opt,M_TASKPOLICY_SELECT_1A709B3E,bra,8,8,4,2,2
opt,M_TASKPOLICY_SELECT_1A709B3E,bra,38,36,4,2,2
opt,M_TASKPOLICY_SELECT_1A709B3E,bra,101,97,4,2,2
opt,M_TASKPOLICY_SELECT_1A709B3E,bra,143,137,4,2,2
opt,M_TASKPOLICY_SELECT_1A709B3E,bra,235,223,4,2,2
opt,M_TASKPOLICY_SELECT_1A709B3E,bra,249,235,4,2,2
opt,M_TASKPOLICY_SELECT_1A709B3E,bra,315,299,4,2,2
opt,M_TASKPOLICY_SELECT_1A709B3E,bra,351,333,4,2,2
opt,M_TASKPOLICY_SELECT_1A709B3E,bra,451,427,4,2,2
opt,M_TASKPOLICY_SELECT_1A709B3E,bra,485,459,4,2,2
opt,M_TASKPOLICY_SELECT_1A709B3E,bra,558,530,4,2,2
opt,M_TASKPOLICY_SELECT_1A709B3E,bra,592,562,4,2,2
opt,M_TASKPOLICY_SELECT_1A709B3E,bra,722,690,4,2,2
opt,M_TASKPOLICY_SWITCH_98522C9E,conditional,59,57,6,2,4
opt,M_TASKPOLICY_SWITCH_98522C9E,bra,8,8,4,2,2
opt,M_TASKPOLICY_SWITCH_98522C9E,bra,67,61,4,2,2
opt,M_TASKPOLICY_SWITCH_98522C9E,bra,101,93,4,2,2
opt,M_TASKPOLICY_SWITCH_98522C9E,bra,192,182,4,2,2
opt,M_TASKPOLICY_SWITCH_98522C9E,bra,246,234,4,2,2
opt,M_TASKPOLICY_SWITCH_98522C9E,bra,319,305,4,2,2
opt,M_TASKPOLICY_SWITCH_98522C9E,bra,371,355,4,2,2
opt,M_TASKPOLICY_SWITCH_98522C9E,bra,393,375,4,2,2
opt,M_TASKPOLICY_SWITCH_98522C9E,bra,450,430,4,2,2
opt,M_TASKPOLICY_SWITCH_98522C9E,bra,497,475,4,2,2
opt,M_TASKPOLICY_EMPTYSIGNALS_EA2224E4,conditional,62,60,6,2,4
opt,M_TASKPOLICY_EMPTYSIGNALS_EA2224E4,conditional,70,64,6,2,4
opt,M_TASKPOLICY_EMPTYSIGNALS_EA2224E4,conditional,126,114,6,2,4
opt,M_TASKPOLICY_EMPTYSIGNALS_EA2224E4,conditional,134,118,6,2,4
opt,M_TASKPOLICY_EMPTYSIGNALS_EA2224E4,conditional,200,178,6,2,4
opt,M_TASKPOLICY_EMPTYSIGNALS_EA2224E4,conditional,208,182,6,2,4
opt,M_TASKPOLICY_EMPTYSIGNALS_EA2224E4,conditional,274,242,6,2,4
opt,M_TASKPOLICY_EMPTYSIGNALS_EA2224E4,conditional,282,246,6,2,4
opt,M_TASKPOLICY_EMPTYSIGNALS_EA2224E4,conditional,352,310,6,2,4
opt,M_TASKPOLICY_EMPTYSIGNALS_EA2224E4,conditional,364,318,6,2,4
opt,M_TASKPOLICY_EMPTYSIGNALS_EA2224E4,bra,8,8,4,2,2
opt,M_TASKPOLICY_EMPTYSIGNALS_EA2224E4,bra,80,70,4,2,2
opt,M_TASKPOLICY_EMPTYSIGNALS_EA2224E4,bra,144,124,4,2,2
opt,M_TASKPOLICY_EMPTYSIGNALS_EA2224E4,bra,218,188,4,2,2
opt,M_TASKPOLICY_EMPTYSIGNALS_EA2224E4,bra,292,252,4,2,2
opt,M_TASKPOLICY_EMPTYSIGNALS_EA2224E4,bra,374,324,4,2,2
opt,M_TASKPOLICY_ADD_A5E7C92B,bra,8,8,4,2,2
opt,M_TASKPOLICY_ADD_A5E7C92B,bra,42,40,4,2,2
opt,M_TASKPOLICY_ADD_A5E7C92B,bra,284,280,4,2,2
opt,M_TASKPOLICY_ADD_A5E7C92B,bra,357,351,4,2,2
opt,M_TASKPOLICY_ADD_A5E7C92B,bra,375,367,4,2,2
opt,M_TASKPOLICY_ADD_A5E7C92B,bra,483,473,4,2,2
opt,M_TASKPOLICY_ADD_A5E7C92B,bra,489,477,4,2,2
opt,M_TASKPOLICY_ADD_A5E7C92B,bra,526,512,4,2,2
opt,M_TASKPOLICY_ADD_A5E7C92B,bra,532,516,4,2,2
opt,M_TASKPOLICY_ADD_A5E7C92B,bra,569,551,4,2,2
opt,M_TASKPOLICY_ADD_A5E7C92B,bra,587,567,4,2,2
opt,M_TASKPOLICY_ADD_A5E7C92B,bra,678,656,4,2,2
opt,M_TASKPOLICY_ADD_A5E7C92B,bra,751,727,4,2,2
opt,M_TASKPOLICY_ADD_A5E7C92B,bra,769,743,4,2,2
opt,M_TASKPOLICY_ADD_A5E7C92B,bra,860,832,4,2,2
opt,M_TASKPOLICY_ADD_A5E7C92B,bra,933,903,4,2,2
opt,M_TASKPOLICY_ADD_A5E7C92B,bra,939,907,4,2,2
opt,M_TASKPOLICY_ADD_A5E7C92B,bra,959,925,4,2,2
opt,M_TASKPOLICY_ADD_A5E7C92B,bra,1032,996,4,2,2
opt,M_TASKPOLICY_ADD_A5E7C92B,bra,1050,1012,4,2,2
opt,M_TASKPOLICY_ADD_A5E7C92B,brl,1145,1105,4,3,1
opt,M_TASKPOLICY_ADD_A5E7C92B,bra,1167,1126,4,2,2
opt,M_TASKPOLICY_ADD_A5E7C92B,bra,1240,1197,4,2,2
opt,M_TASKPOLICY_ADD_A5E7C92B,bra,1258,1213,4,2,2
opt,M_TASKPOLICY_ADD_A5E7C92B,bra,1349,1302,4,2,2
opt,M_TASKPOLICY_ADD_A5E7C92B,bra,1419,1370,4,2,2
opt,M_TASKPOLICY_ADD_A5E7C92B,bra,1437,1386,4,2,2
opt,M_TASKPOLICY_ADD_A5E7C92B,bra,1532,1479,4,2,2
opt,M_TASKPOLICY_ADD_A5E7C92B,bra,1622,1567,4,2,2
opt,M_TASKPOLICY_ADD_A5E7C92B,bra,1737,1680,4,2,2
opt,M_TASKPOLICY_ADD_A5E7C92B,bra,1816,1757,4,2,2
opt,M_TASKPOLICY_ADD_A5E7C92B,bra,1921,1860,4,2,2
opt,M_TASKPOLICY_REMOVETASK_35F29A21,conditional,273,261,6,2,4
opt,M_TASKPOLICY_REMOVETASK_35F29A21,conditional,429,409,6,2,4
opt,M_TASKPOLICY_REMOVETASK_35F29A21,conditional,1873,1811,6,2,4
opt,M_TASKPOLICY_REMOVETASK_35F29A21,bra,8,8,4,2,2
opt,M_TASKPOLICY_REMOVETASK_35F29A21,bra,58,56,4,2,2
opt,M_TASKPOLICY_REMOVETASK_35F29A21,bra,64,60,4,2,2
opt,M_TASKPOLICY_REMOVETASK_35F29A21,bra,80,74,4,2,2
opt,M_TASKPOLICY_REMOVETASK_35F29A21,bra,157,149,4,2,2
opt,M_TASKPOLICY_REMOVETASK_35F29A21,bra,187,177,4,2,2
opt,M_TASKPOLICY_REMOVETASK_35F29A21,bra,289,273,4,2,2
opt,M_TASKPOLICY_REMOVETASK_35F29A21,bra,353,335,4,2,2
opt,M_TASKPOLICY_REMOVETASK_35F29A21,bra,445,421,4,2,2
opt,M_TASKPOLICY_REMOVETASK_35F29A21,bra,479,453,4,2,2
opt,M_TASKPOLICY_REMOVETASK_35F29A21,bra,552,524,4,2,2
opt,M_TASKPOLICY_REMOVETASK_35F29A21,brl,558,528,4,3,1
opt,M_TASKPOLICY_REMOVETASK_35F29A21,bra,578,547,4,2,2
opt,M_TASKPOLICY_REMOVETASK_35F29A21,bra,651,618,4,2,2
opt,M_TASKPOLICY_REMOVETASK_35F29A21,brl,657,622,4,3,1
opt,M_TASKPOLICY_REMOVETASK_35F29A21,bra,677,641,4,2,2
opt,M_TASKPOLICY_REMOVETASK_35F29A21,bra,750,712,4,2,2
opt,M_TASKPOLICY_REMOVETASK_35F29A21,bra,756,716,4,2,2
opt,M_TASKPOLICY_REMOVETASK_35F29A21,bra,776,734,4,2,2
opt,M_TASKPOLICY_REMOVETASK_35F29A21,bra,849,805,4,2,2
opt,M_TASKPOLICY_REMOVETASK_35F29A21,bra,883,837,4,2,2
opt,M_TASKPOLICY_REMOVETASK_35F29A21,bra,973,925,4,2,2
opt,M_TASKPOLICY_REMOVETASK_35F29A21,bra,987,937,4,2,2
opt,M_TASKPOLICY_REMOVETASK_35F29A21,bra,1069,1017,4,2,2
opt,M_TASKPOLICY_REMOVETASK_35F29A21,bra,1119,1065,4,2,2
opt,M_TASKPOLICY_REMOVETASK_35F29A21,bra,1650,1594,4,2,2
opt,M_TASKPOLICY_REMOVETASK_35F29A21,bra,1723,1665,4,2,2
opt,M_TASKPOLICY_REMOVETASK_35F29A21,bra,1796,1736,4,2,2
opt,M_TASKPOLICY_REMOVETASK_35F29A21,bra,1891,1825,4,2,2
opt,M_TASKPOLICY_REMOVETASK_35F29A21,bra,1913,1845,4,2,2
opt,M_TASKPOLICY_SAMENAME_968CD62D,conditional,72,70,6,2,4
opt,M_TASKPOLICY_SAMENAME_968CD62D,bra,8,8,4,2,2
opt,M_TASKPOLICY_SAMENAME_968CD62D,bra,88,82,4,2,2
opt,M_TASKPOLICY_SAMENAME_968CD62D,brl,166,158,4,3,1
opt,M_TASKPOLICY_SAMENAME_968CD62D,bra,205,196,4,2,2
opt,M_TASKPOLICY_SAMENAME_968CD62D,brl,373,362,4,3,1
opt,M_TASKPOLICY_FIND_0D9A09D7,conditional,40,38,6,2,4
opt,M_TASKPOLICY_FIND_0D9A09D7,bra,8,8,4,2,2
opt,M_TASKPOLICY_FIND_0D9A09D7,brl,56,50,4,3,1
opt,M_TASKPOLICY_FIND_0D9A09D7,bra,80,73,4,2,2
opt,M_TASKPOLICY_FIND_0D9A09D7,brl,225,216,4,3,1
opt,M_TASKPOLICY_FIND_0D9A09D7,bra,239,229,4,2,2
opt,M_TASKPOLICY_FIND_0D9A09D7,brl,330,318,4,3,1
opt,M_TASKPOLICY_FIND_0D9A09D7,bra,420,407,4,2,2
opt,M_TASKPOLICY_FIND_0D9A09D7,bra,507,492,4,2,2
opt,M_TASKPOLICY_FIND_0D9A09D7,brl,587,570,4,3,1
opt,M_TASKPOLICY_PRIORITY_7FE7EE8A,conditional,202,196,6,2,4
opt,M_TASKPOLICY_PRIORITY_7FE7EE8A,conditional,359,345,6,2,4
opt,M_TASKPOLICY_PRIORITY_7FE7EE8A,conditional,367,349,6,2,4
opt,M_TASKPOLICY_PRIORITY_7FE7EE8A,conditional,386,364,6,2,4
opt,M_TASKPOLICY_PRIORITY_7FE7EE8A,bra,8,8,4,2,2
opt,M_TASKPOLICY_PRIORITY_7FE7EE8A,bra,42,40,4,2,2
opt,M_TASKPOLICY_PRIORITY_7FE7EE8A,bra,134,130,4,2,2
opt,M_TASKPOLICY_PRIORITY_7FE7EE8A,bra,218,208,4,2,2
opt,M_TASKPOLICY_PRIORITY_7FE7EE8A,bra,287,275,4,2,2
opt,M_TASKPOLICY_PRIORITY_7FE7EE8A,bra,392,366,4,2,2
opt,M_TASKPOLICY_PRIORITY_7FE7EE8A,bra,465,437,4,2,2
opt,M_TASKPOLICY_EXCLUSION_DFE541A6,bra,8,8,4,2,2
opt,M_TASKPOLICY_EXCLUSION_DFE541A6,bra,86,84,4,2,2
opt,M_TASKPOLICY_EXCLUSION_DFE541A6,bra,122,118,4,2,2
opt,M_TASKPOLICY_EXCLUSION_DFE541A6,bra,186,180,4,2,2
opt,M_TASKPOLICY_EXCLUSION_DFE541A6,bra,220,212,4,2,2
opt,M_TASKPOLICY_EXCLUSION_DFE541A6,bra,370,360,4,2,2
opt,M_TASKPOLICY_SLEEPTASK_6A909BCC,bra,8,8,4,2,2
opt,M_TASKPOLICY_SLEEPTASK_6A909BCC,bra,42,40,4,2,2
opt,M_TASKPOLICY_SLEEPTASK_6A909BCC,bra,111,107,4,2,2
opt,M_TASKPOLICY_SLEEPTASK_6A909BCC,bra,129,123,4,2,2
opt,M_TASKPOLICY_SLEEPTASK_6A909BCC,bra,218,210,4,2,2
opt,M_TASKPOLICY_SLEEPTASK_6A909BCC,bra,299,289,4,2,2
opt,M_TASKPOLICY_SLEEPTASK_6A909BCC,bra,317,305,4,2,2
opt,M_TASKPOLICY_SLEEPTASK_6A909BCC,bra,398,384,4,2,2
opt,M_TASKPOLICY_SLEEPTASK_6A909BCC,bra,463,447,4,2,2
opt,M_TASKPOLICY_SLEEPTASK_6A909BCC,bra,516,498,4,2,2
opt,M_TASKPOLICY_SLEEPTASK_6A909BCC,bra,602,582,4,2,2
opt,M_TASKPOLICY_SLEEPTASK_6A909BCC,bra,771,749,4,2,2
opt,M_TASKPOLICY_SLEEPTASK_6A909BCC,bra,852,828,4,2,2
opt,M_TASKPOLICY_MASKRESULT_220A6FAB,conditional,183,179,6,2,4
opt,M_TASKPOLICY_MASKRESULT_220A6FAB,conditional,191,183,6,2,4
opt,M_TASKPOLICY_MASKRESULT_220A6FAB,conditional,199,187,6,2,4
opt,M_TASKPOLICY_MASKRESULT_220A6FAB,conditional,209,193,6,2,4
opt,M_TASKPOLICY_MASKRESULT_220A6FAB,conditional,217,197,6,2,4
opt,M_TASKPOLICY_MASKRESULT_220A6FAB,conditional,240,216,6,2,4
opt,M_TASKPOLICY_MASKRESULT_220A6FAB,bra,8,8,4,2,2
opt,M_TASKPOLICY_MASKRESULT_220A6FAB,bra,62,60,4,2,2
opt,M_TASKPOLICY_MASKRESULT_220A6FAB,bra,246,218,4,2,2
opt,M_TASKPOLICY_SIGNALBIT_7E52F9EF,conditional,66,64,6,2,4
opt,M_TASKPOLICY_SIGNALBIT_7E52F9EF,conditional,74,68,6,2,4
opt,M_TASKPOLICY_SIGNALBIT_7E52F9EF,conditional,82,72,6,2,4
opt,M_TASKPOLICY_SIGNALBIT_7E52F9EF,conditional,92,78,6,2,4
opt,M_TASKPOLICY_SIGNALBIT_7E52F9EF,conditional,100,82,6,2,4
opt,M_TASKPOLICY_SIGNALBIT_7E52F9EF,conditional,123,101,6,2,4
opt,M_TASKPOLICY_SIGNALBIT_7E52F9EF,bra,8,8,4,2,2
opt,M_TASKPOLICY_SIGNALBIT_7E52F9EF,bra,129,103,4,2,2
opt,M_TASKPOLICY_ALLOCATEBIT_A349E154,conditional,224,218,6,2,4
opt,M_TASKPOLICY_ALLOCATEBIT_A349E154,bra,8,8,4,2,2
opt,M_TASKPOLICY_ALLOCATEBIT_A349E154,brl,52,50,4,3,1
opt,M_TASKPOLICY_ALLOCATEBIT_A349E154,brl,80,77,4,3,1
opt,M_TASKPOLICY_ALLOCATEBIT_A349E154,bra,94,90,4,2,2
opt,M_TASKPOLICY_ALLOCATEBIT_A349E154,bra,236,226,4,2,2
opt,M_TASKPOLICY_ALLOCATEBIT_A349E154,bra,250,238,4,2,2
opt,M_TASKPOLICY_ALLOCATEBIT_A349E154,brl,281,267,4,3,1
opt,M_TASKPOLICY_ALLOCATEBIT_A349E154,bra,299,284,4,2,2
opt,M_TASKPOLICY_ALLOCATEBIT_A349E154,bra,305,288,4,2,2
opt,M_TASKPOLICY_ALLOCATEBIT_A349E154,bra,323,304,4,2,2
opt,M_TASKPOLICY_ALLOCATEBIT_A349E154,bra,357,336,4,2,2
opt,M_TASKPOLICY_ALLOCATEBIT_A349E154,bra,493,470,4,2,2
opt,M_TASKPOLICY_ALLOCATEBIT_A349E154,bra,623,598,4,2,2
opt,M_TASKPOLICY_MASKS_49833CE1,conditional,686,666,6,2,4
opt,M_TASKPOLICY_MASKS_49833CE1,bra,8,8,4,2,2
opt,M_TASKPOLICY_MASKS_49833CE1,bra,84,82,4,2,2
opt,M_TASKPOLICY_MASKS_49833CE1,brl,182,178,4,3,1
opt,M_TASKPOLICY_MASKS_49833CE1,bra,235,230,4,2,2
opt,M_TASKPOLICY_MASKS_49833CE1,bra,324,317,4,2,2
opt,M_TASKPOLICY_MASKS_49833CE1,brl,406,397,4,3,1
opt,M_TASKPOLICY_MASKS_49833CE1,bra,449,439,4,2,2
opt,M_TASKPOLICY_MASKS_49833CE1,bra,482,470,4,2,2
opt,M_TASKPOLICY_MASKS_49833CE1,bra,488,474,4,2,2
opt,M_TASKPOLICY_MASKS_49833CE1,bra,506,490,4,2,2
opt,M_TASKPOLICY_MASKS_49833CE1,bra,540,522,4,2,2
opt,M_TASKPOLICY_MASKS_49833CE1,bra,698,674,4,2,2
opt,M_TASKPOLICY_MASKS_49833CE1,bra,1087,1061,4,2,2
opt,M_TASKPOLICY_MASKS_49833CE1,bra,1197,1169,4,2,2
opt,M_TASKPOLICY_COMPLETEWAIT_31FB45E4,conditional,169,163,6,2,4
opt,M_TASKPOLICY_COMPLETEWAIT_31FB45E4,bra,8,8,4,2,2
opt,M_TASKPOLICY_COMPLETEWAIT_31FB45E4,bra,63,61,4,2,2
opt,M_TASKPOLICY_COMPLETEWAIT_31FB45E4,bra,97,93,4,2,2
opt,M_TASKPOLICY_COMPLETEWAIT_31FB45E4,bra,181,171,4,2,2
opt,M_TASKPOLICY_COMPLETEWAIT_31FB45E4,bra,238,226,4,2,2
opt,M_TASKPOLICY_WAITTASK_AD94C4A2,bra,8,8,4,2,2
opt,M_TASKPOLICY_WAITTASK_AD94C4A2,bra,42,40,4,2,2
opt,M_TASKPOLICY_WAITTASK_AD94C4A2,bra,119,115,4,2,2
opt,M_TASKPOLICY_WAITTASK_AD94C4A2,bra,149,143,4,2,2
opt,M_TASKPOLICY_WAITTASK_AD94C4A2,bra,279,271,4,2,2
opt,M_TASKPOLICY_WAITTASK_AD94C4A2,bra,369,359,4,2,2
opt,M_TASKPOLICY_WAITTASK_AD94C4A2,bra,395,383,4,2,2
opt,M_TASKPOLICY_WAITTASK_AD94C4A2,bra,483,469,4,2,2
opt,M_TASKPOLICY_POSTSIGNAL_10773240,bra,8,8,4,2,2
opt,M_TASKPOLICY_POSTSIGNAL_10773240,bra,80,78,4,2,2
opt,M_TASKPOLICY_POSTSIGNAL_10773240,bra,178,174,4,2,2
opt,M_TASKPOLICY_POSTSIGNAL_10773240,bra,251,245,4,2,2
opt,M_TASKPOLICY_POSTSIGNAL_10773240,bra,273,265,4,2,2
opt,M_TASKPOLICY_SIGNALTASK_806F80F5,conditional,236,230,6,2,4
opt,M_TASKPOLICY_SIGNALTASK_806F80F5,conditional,310,298,6,2,4
opt,M_TASKPOLICY_SIGNALTASK_806F80F5,bra,8,8,4,2,2
opt,M_TASKPOLICY_SIGNALTASK_806F80F5,bra,42,40,4,2,2
opt,M_TASKPOLICY_SIGNALTASK_806F80F5,bra,160,156,4,2,2
opt,M_TASKPOLICY_SIGNALTASK_806F80F5,bra,252,242,4,2,2
opt,M_TASKPOLICY_SIGNALTASK_806F80F5,bra,322,306,4,2,2
opt,M_TASKPOLICY_SIGNALTASK_806F80F5,bra,365,347,4,2,2
opt,M_TASKPOLICY_SIGNALTASK_806F80F5,bra,450,430,4,2,2
opt,M_TASKPOLICY_SIGNALTASK_806F80F5,bra,503,481,4,2,2
opt,M_TASKPOLICY_CANCELWAKE_8ADC984A,bra,8,8,4,2,2
opt,M_TASKPOLICY_CANCELWAKE_8ADC984A,bra,63,61,4,2,2
opt,M_TASKPOLICY_CANCELWAKE_8ADC984A,bra,85,81,4,2,2
opt,M_TASKPOLICY_DRAINONE_68E56764,conditional,104,100,6,2,4
opt,M_TASKPOLICY_DRAINONE_68E56764,conditional,151,141,6,2,4
opt,M_TASKPOLICY_DRAINONE_68E56764,bra,8,8,4,2,2
opt,M_TASKPOLICY_DRAINONE_68E56764,bra,38,36,4,2,2
opt,M_TASKPOLICY_DRAINONE_68E56764,bra,120,112,4,2,2
opt,M_TASKPOLICY_DRAINONE_68E56764,bra,169,155,4,2,2
opt,M_TASKPOLICY_DRAINONE_68E56764,bra,229,213,4,2,2
opt,M_TASKPOLICY_DRAINONE_68E56764,bra,319,301,4,2,2
opt,M_TASKPOLICY_DRAINONE_68E56764,bra,353,333,4,2,2
opt,M_TASKPOLICY_DRAINONE_68E56764,bra,426,404,4,2,2
opt,M_TASKPOLICY_DRAINONE_68E56764,bra,448,424,4,2,2
opt,M_TASKPOLICY_DRAINWAKES_15F017CB,bra,8,8,4,2,2
opt,M_TASKPOLICY_DRAINWAKES_15F017CB,bra,38,36,4,2,2
opt,M_TASKPOLICY_DRAINWAKES_15F017CB,bra,105,101,4,2,2
opt,M_TASKPOLICY_DRAINWAKES_15F017CB,bra,168,162,4,2,2
opt,M_TASKPOLICY_DRAINWAKES_15F017CB,bra,208,200,4,2,2
opt,M_TASKPOLICY_DRAINWAKES_15F017CB,bra,237,227,4,2,2
opt,M_TASKPOLICY_DRAINWAKES_15F017CB,brl,306,294,4,3,1
opt,M_TASKPOLICY_BOUNDPRODUCER_6D7B4E54,conditional,459,437,6,2,4
opt,M_TASKPOLICY_BOUNDPRODUCER_6D7B4E54,conditional,523,495,6,2,4
opt,M_TASKPOLICY_BOUNDPRODUCER_6D7B4E54,conditional,537,505,6,2,4
opt,M_TASKPOLICY_BOUNDPRODUCER_6D7B4E54,bra,8,8,4,2,2
opt,M_TASKPOLICY_BOUNDPRODUCER_6D7B4E54,bra,46,44,4,2,2
opt,M_TASKPOLICY_BOUNDPRODUCER_6D7B4E54,bra,119,115,4,2,2
opt,M_TASKPOLICY_BOUNDPRODUCER_6D7B4E54,brl,125,119,4,3,1
opt,M_TASKPOLICY_BOUNDPRODUCER_6D7B4E54,bra,145,138,4,2,2
opt,M_TASKPOLICY_BOUNDPRODUCER_6D7B4E54,bra,218,209,4,2,2
opt,M_TASKPOLICY_BOUNDPRODUCER_6D7B4E54,brl,224,213,4,3,1
opt,M_TASKPOLICY_BOUNDPRODUCER_6D7B4E54,bra,244,232,4,2,2
opt,M_TASKPOLICY_BOUNDPRODUCER_6D7B4E54,bra,317,303,4,2,2
opt,M_TASKPOLICY_BOUNDPRODUCER_6D7B4E54,bra,323,307,4,2,2
opt,M_TASKPOLICY_BOUNDPRODUCER_6D7B4E54,bra,343,325,4,2,2
opt,M_TASKPOLICY_BOUNDPRODUCER_6D7B4E54,bra,416,396,4,2,2
opt,M_TASKPOLICY_BOUNDPRODUCER_6D7B4E54,bra,467,441,4,2,2
opt,M_TASKPOLICY_BOUNDPRODUCER_6D7B4E54,bra,547,511,4,2,2
opt,M_TASKPOLICY_PRODUCERCONTROL_52F9499B,conditional,957,929,6,2,4
opt,M_TASKPOLICY_PRODUCERCONTROL_52F9499B,conditional,1015,979,6,2,4
opt,M_TASKPOLICY_PRODUCERCONTROL_52F9499B,bra,8,8,4,2,2
opt,M_TASKPOLICY_PRODUCERCONTROL_52F9499B,bra,58,56,4,2,2
opt,M_TASKPOLICY_PRODUCERCONTROL_52F9499B,bra,135,131,4,2,2
opt,M_TASKPOLICY_PRODUCERCONTROL_52F9499B,bra,141,135,4,2,2
opt,M_TASKPOLICY_PRODUCERCONTROL_52F9499B,bra,161,153,4,2,2
opt,M_TASKPOLICY_PRODUCERCONTROL_52F9499B,brl,193,183,4,3,1
opt,M_TASKPOLICY_PRODUCERCONTROL_52F9499B,bra,207,196,4,2,2
opt,M_TASKPOLICY_PRODUCERCONTROL_52F9499B,brl,411,398,4,3,1
opt,M_TASKPOLICY_PRODUCERCONTROL_52F9499B,bra,425,411,4,2,2
opt,M_TASKPOLICY_PRODUCERCONTROL_52F9499B,bra,488,472,4,2,2
opt,M_TASKPOLICY_PRODUCERCONTROL_52F9499B,bra,553,535,4,2,2
opt,M_TASKPOLICY_PRODUCERCONTROL_52F9499B,bra,664,644,4,2,2
opt,M_TASKPOLICY_PRODUCERCONTROL_52F9499B,bra,682,660,4,2,2
opt,M_TASKPOLICY_PRODUCERCONTROL_52F9499B,bra,763,739,4,2,2
opt,M_TASKPOLICY_PRODUCERCONTROL_52F9499B,bra,881,855,4,2,2
opt,M_TASKPOLICY_PRODUCERCONTROL_52F9499B,bra,973,941,4,2,2
opt,M_TASKPOLICY_PRODUCERCONTROL_52F9499B,bra,979,945,4,2,2
opt,M_TASKPOLICY_PRODUCERCONTROL_52F9499B,bra,1027,987,4,2,2
opt,M_TASKPOLICY_PRODUCERCONTROL_52F9499B,bra,1227,1185,4,2,2
opt,M_TASKPOLICY_PRODUCERCONTROL_52F9499B,bra,1300,1256,4,2,2
opt,M_TASKPOLICY_MEMORYSERVICE_7FAD083C,conditional,40,38,6,2,4
opt,M_TASKPOLICY_MEMORYSERVICE_7FAD083C,conditional,68,60,6,2,4
opt,M_TASKPOLICY_MEMORYSERVICE_7FAD083C,conditional,106,92,6,2,4
opt,M_TASKPOLICY_MEMORYSERVICE_7FAD083C,conditional,134,114,6,2,4
opt,M_TASKPOLICY_MEMORYSERVICE_7FAD083C,bra,8,8,4,2,2
opt,M_TASKPOLICY_MEMORYSERVICE_7FAD083C,bra,48,42,4,2,2
opt,M_TASKPOLICY_MEMORYSERVICE_7FAD083C,bra,76,64,4,2,2
opt,M_TASKPOLICY_MEMORYSERVICE_7FAD083C,bra,114,96,4,2,2
opt,M_TASKPOLICY_MEMORYSERVICE_7FAD083C,bra,142,118,4,2,2
opt,M_TASKPOLICY_MEMORYPACKET_B36B55BB,conditional,340,322,6,2,4
opt,M_TASKPOLICY_MEMORYPACKET_B36B55BB,bra,8,8,4,2,2
opt,M_TASKPOLICY_MEMORYPACKET_B36B55BB,bra,42,40,4,2,2
opt,M_TASKPOLICY_MEMORYPACKET_B36B55BB,bra,126,122,4,2,2
opt,M_TASKPOLICY_MEMORYPACKET_B36B55BB,bra,132,126,4,2,2
opt,M_TASKPOLICY_MEMORYPACKET_B36B55BB,bra,150,142,4,2,2
opt,M_TASKPOLICY_MEMORYPACKET_B36B55BB,bra,182,172,4,2,2
opt,M_TASKPOLICY_MEMORYPACKET_B36B55BB,bra,233,221,4,2,2
opt,M_TASKPOLICY_MEMORYPACKET_B36B55BB,bra,239,225,4,2,2
opt,M_TASKPOLICY_MEMORYPACKET_B36B55BB,bra,276,260,4,2,2
opt,M_TASKPOLICY_MEMORYPACKET_B36B55BB,bra,350,328,4,2,2
opt,M_TASKPOLICY_MEMORYCALL_E7816C43,bra,8,8,4,2,2
opt,M_TASKPOLICY_MEMORYCALL_E7816C43,bra,58,56,4,2,2
opt,M_TASKPOLICY_MEMORYCALL_E7816C43,bra,145,141,4,2,2
opt,M_TASKPOLICY_MEMORYCALL_E7816C43,bra,175,169,4,2,2
opt,M_TASKPOLICY_MEMORYCALL_E7816C43,bra,257,249,4,2,2
opt,M_TASKPOLICY_MEMORYCALL_E7816C43,bra,263,253,4,2,2
opt,M_TASKPOLICY_MEMORYCALL_E7816C43,brl,281,269,4,3,1
opt,M_TASKPOLICY_MEMORYCALL_E7816C43,brl,333,320,4,3,1
opt,M_TASKPOLICY_MEMORYCALL_E7816C43,bra,411,397,4,2,2
opt,M_TASKPOLICY_MEMORYCALL_E7816C43,bra,523,507,4,2,2
opt,M_TASKPOLICY_MEMORYCALL_E7816C43,brl,582,564,4,3,1
opt,M_TASKPOLICY_MEMORYCALL_E7816C43,bra,658,639,4,2,2
opt,M_TASKPOLICY_MEMORYCALL_E7816C43,bra,770,749,4,2,2
opt,M_TASKPOLICY_MEMORYCALL_E7816C43,brl,843,820,4,3,1
opt,M_TASKPOLICY_MEMORYCALL_E7816C43,bra,945,921,4,2,2
opt,M_TASKPOLICY_MEMORYCALL_E7816C43,bra,1028,1002,4,2,2
opt,M_TASKPOLICY_MEMORYCALL_E7816C43,bra,1092,1064,4,2,2
opt,M_TASKPOLICY_MEMORYCALL_E7816C43,brl,1163,1133,4,3,1
opt,M_TASKPOLICY_MEMORYCALL_E7816C43,bra,1243,1212,4,2,2
opt,M_TASKPOLICY_MEMORYCALL_E7816C43,bra,1311,1278,4,2,2
opt,M_TASKPOLICY_MEMORYCALL_E7816C43,brl,1384,1349,4,3,1
opt,M_TASKPOLICY_MEMORYCALL_E7816C43,bra,1468,1432,4,2,2
opt,M_TASKPOLICY_MEMORYCALL_E7816C43,bra,1538,1500,4,2,2
opt,M_TASKPOLICY_PORTSERVICE_8D598BCC,conditional,40,38,6,2,4
opt,M_TASKPOLICY_PORTSERVICE_8D598BCC,conditional,68,60,6,2,4
opt,M_TASKPOLICY_PORTSERVICE_8D598BCC,bra,8,8,4,2,2
opt,M_TASKPOLICY_PORTSERVICE_8D598BCC,bra,48,42,4,2,2
opt,M_TASKPOLICY_PORTSERVICE_8D598BCC,bra,76,64,4,2,2
opt,M_TASKPOLICY_INITPORTS_2CB7E92A,bra,8,8,4,2,2
opt,M_TASKPOLICY_INITPORTS_2CB7E92A,bra,62,60,4,2,2
opt,M_TASKPOLICY_PORTSTORAGE_D3468DA2,conditional,40,38,6,2,4
opt,M_TASKPOLICY_PORTSTORAGE_D3468DA2,conditional,161,153,6,2,4
opt,M_TASKPOLICY_PORTSTORAGE_D3468DA2,conditional,167,155,6,2,4
opt,M_TASKPOLICY_PORTSTORAGE_D3468DA2,conditional,181,165,6,2,4
opt,M_TASKPOLICY_PORTSTORAGE_D3468DA2,conditional,187,167,6,2,4
opt,M_TASKPOLICY_PORTSTORAGE_D3468DA2,conditional,201,177,6,2,4
opt,M_TASKPOLICY_PORTSTORAGE_D3468DA2,conditional,207,179,6,2,4
opt,M_TASKPOLICY_PORTSTORAGE_D3468DA2,conditional,221,189,6,2,4
opt,M_TASKPOLICY_PORTSTORAGE_D3468DA2,conditional,227,191,6,2,4
opt,M_TASKPOLICY_PORTSTORAGE_D3468DA2,bra,8,8,4,2,2
opt,M_TASKPOLICY_PORTSTORAGE_D3468DA2,bra,56,50,4,2,2
opt,M_TASKPOLICY_PORTSTORAGE_D3468DA2,bra,233,193,4,2,2
opt,M_TASKPOLICY_PORTSTORAGE_D3468DA2,bra,239,197,4,2,2
opt,M_TASKPOLICY_PORTSTORAGE_D3468DA2,bra,245,201,4,2,2
opt,M_TASKPOLICY_PORTSTORAGE_D3468DA2,bra,251,205,4,2,2
opt,M_TASKPOLICY_VALIDPORT_7710F985,bra,8,8,4,2,2
opt,M_TASKPOLICY_VALIDPORT_7710F985,bra,46,44,4,2,2
opt,M_TASKPOLICY_VALIDPORT_7710F985,bra,119,115,4,2,2
opt,M_TASKPOLICY_VALIDPORT_7710F985,bra,170,164,4,2,2
opt,M_TASKPOLICY_VALIDPORT_7710F985,bra,221,213,4,2,2
opt,M_TASKPOLICY_VALIDPORT_7710F985,bra,260,250,4,2,2
opt,M_TASKPOLICY_VALIDMESSAGE_C0DE7739,conditional,40,38,6,2,4
opt,M_TASKPOLICY_VALIDMESSAGE_C0DE7739,conditional,237,225,6,2,4
opt,M_TASKPOLICY_VALIDMESSAGE_C0DE7739,conditional,243,227,6,2,4
opt,M_TASKPOLICY_VALIDMESSAGE_C0DE7739,conditional,257,237,6,2,4
opt,M_TASKPOLICY_VALIDMESSAGE_C0DE7739,conditional,263,239,6,2,4
opt,M_TASKPOLICY_VALIDMESSAGE_C0DE7739,conditional,277,249,6,2,4
opt,M_TASKPOLICY_VALIDMESSAGE_C0DE7739,conditional,283,251,6,2,4
opt,M_TASKPOLICY_VALIDMESSAGE_C0DE7739,conditional,297,261,6,2,4
opt,M_TASKPOLICY_VALIDMESSAGE_C0DE7739,conditional,303,263,6,2,4
opt,M_TASKPOLICY_VALIDMESSAGE_C0DE7739,bra,8,8,4,2,2
opt,M_TASKPOLICY_VALIDMESSAGE_C0DE7739,bra,56,50,4,2,2
opt,M_TASKPOLICY_VALIDMESSAGE_C0DE7739,bra,62,54,4,2,2
opt,M_TASKPOLICY_VALIDMESSAGE_C0DE7739,bra,132,122,4,2,2
opt,M_TASKPOLICY_VALIDMESSAGE_C0DE7739,bra,309,265,4,2,2
opt,M_TASKPOLICY_VALIDMESSAGE_C0DE7739,bra,315,269,4,2,2
opt,M_TASKPOLICY_VALIDMESSAGE_C0DE7739,bra,321,273,4,2,2
opt,M_TASKPOLICY_VALIDMESSAGE_C0DE7739,bra,327,277,4,2,2
opt,M_TASKPOLICY_SENDMESSAGE_7332557D,conditional,377,366,6,2,4
opt,M_TASKPOLICY_SENDMESSAGE_7332557D,bra,8,8,4,2,2
opt,M_TASKPOLICY_SENDMESSAGE_7332557D,bra,46,44,4,2,2
opt,M_TASKPOLICY_SENDMESSAGE_7332557D,bra,119,115,4,2,2
opt,M_TASKPOLICY_SENDMESSAGE_7332557D,brl,202,196,4,3,1
opt,M_TASKPOLICY_SENDMESSAGE_7332557D,bra,241,234,4,2,2
opt,M_TASKPOLICY_SENDMESSAGE_7332557D,bra,301,292,4,2,2
opt,M_TASKPOLICY_SENDMESSAGE_7332557D,bra,393,378,4,2,2
opt,M_TASKPOLICY_SENDMESSAGE_7332557D,bra,446,429,4,2,2
opt,M_TASKPOLICY_SENDMESSAGE_7332557D,bra,642,623,4,2,2
opt,M_TASKPOLICY_SENDMESSAGE_7332557D,brl,733,712,4,3,1
opt,M_TASKPOLICY_SENDMESSAGE_7332557D,bra,763,741,4,2,2
opt,M_TASKPOLICY_SENDMESSAGE_7332557D,bra,848,824,4,2,2
opt,M_TASKPOLICY_PORTHEAD_A12A0751,bra,8,8,4,2,2
opt,M_TASKPOLICY_PORTHEAD_A12A0751,bra,46,44,4,2,2
opt,M_TASKPOLICY_PORTHEAD_A12A0751,bra,119,115,4,2,2
opt,M_TASKPOLICY_PORTHEAD_A12A0751,bra,149,143,4,2,2
opt,M_TASKPOLICY_PORTHEAD_A12A0751,bra,226,218,4,2,2
opt,M_TASKPOLICY_PORTHEAD_A12A0751,bra,232,222,4,2,2
opt,M_TASKPOLICY_PORTHEAD_A12A0751,bra,269,257,4,2,2
opt,M_TASKPOLICY_PORTHEAD_A12A0751,bra,371,357,4,2,2
opt,M_TASKPOLICY_PORTHEAD_A12A0751,bra,377,361,4,2,2
opt,M_TASKPOLICY_PORTHEAD_A12A0751,bra,414,396,4,2,2
opt,M_TASKPOLICY_PORTHEAD_A12A0751,bra,511,491,4,2,2
opt,M_TASKPOLICY_PORTHEAD_A12A0751,bra,584,562,4,2,2
opt,M_TASKPOLICY_PORTHEAD_A12A0751,bra,680,656,4,2,2
opt,M_TASKPOLICY_PORTDELETE_CF47DFE6,conditional,530,514,6,2,4
opt,M_TASKPOLICY_PORTDELETE_CF47DFE6,bra,8,8,4,2,2
opt,M_TASKPOLICY_PORTDELETE_CF47DFE6,bra,46,44,4,2,2
opt,M_TASKPOLICY_PORTDELETE_CF47DFE6,bra,119,115,4,2,2
opt,M_TASKPOLICY_PORTDELETE_CF47DFE6,bra,237,231,4,2,2
opt,M_TASKPOLICY_PORTDELETE_CF47DFE6,bra,288,280,4,2,2
opt,M_TASKPOLICY_PORTDELETE_CF47DFE6,bra,294,284,4,2,2
opt,M_TASKPOLICY_PORTDELETE_CF47DFE6,bra,331,319,4,2,2
opt,M_TASKPOLICY_PORTDELETE_CF47DFE6,bra,384,370,4,2,2
opt,M_TASKPOLICY_PORTDELETE_CF47DFE6,bra,542,522,4,2,2
opt,M_TASKPOLICY_PORTDELETE_CF47DFE6,bra,623,601,4,2,2
opt,M_TASKPOLICY_PORTDELETE_CF47DFE6,bra,696,672,4,2,2
opt,M_TASKPOLICY_PORTDELETE_CF47DFE6,bra,761,735,4,2,2
opt,M_TASKPOLICY_REGISTRYCALL_6B5FFB7F,conditional,64,62,6,2,4
opt,M_TASKPOLICY_REGISTRYCALL_6B5FFB7F,bra,8,8,4,2,2
opt,M_TASKPOLICY_REGISTRYCALL_6B5FFB7F,bra,80,74,4,2,2
opt,M_TASKPOLICY_REGISTRYCALL_6B5FFB7F,brl,112,104,4,3,1
opt,M_TASKPOLICY_REGISTRYCALL_6B5FFB7F,bra,142,133,4,2,2
opt,M_TASKPOLICY_REGISTRYCALL_6B5FFB7F,bra,282,271,4,2,2
opt,M_TASKPOLICY_REGISTRYCALL_6B5FFB7F,brl,402,389,4,3,1
opt,M_TASKPOLICY_REGISTRYCALL_6B5FFB7F,bra,424,410,4,2,2
opt,M_TASKPOLICY_REGISTRYCALL_6B5FFB7F,bra,497,481,4,2,2
opt,M_TASKPOLICY_REGISTRYCALL_6B5FFB7F,bra,559,541,4,2,2
opt,M_TASKPOLICY_REGISTRYCALL_6B5FFB7F,bra,645,625,4,2,2
opt,M_TASKPOLICY_REGISTRYCALL_6B5FFB7F,bra,718,696,4,2,2
opt,M_TASKPOLICY_REGISTRYCALL_6B5FFB7F,bra,769,745,4,2,2
opt,M_TASKPOLICY_REGISTRYCALL_6B5FFB7F,bra,808,782,4,2,2
opt,M_TASKPOLICY_REGISTRYCALL_6B5FFB7F,bra,916,888,4,2,2
opt,M_TASKPOLICY_REGISTRYCALL_6B5FFB7F,bra,1079,1049,4,2,2
opt,M_TASKPOLICY_QUEUECALL_62B0545B,conditional,978,956,6,2,4
opt,M_TASKPOLICY_QUEUECALL_62B0545B,bra,8,8,4,2,2
opt,M_TASKPOLICY_QUEUECALL_62B0545B,brl,44,42,4,3,1
opt,M_TASKPOLICY_QUEUECALL_62B0545B,bra,100,97,4,2,2
opt,M_TASKPOLICY_QUEUECALL_62B0545B,bra,173,168,4,2,2
opt,M_TASKPOLICY_QUEUECALL_62B0545B,bra,254,247,4,2,2
opt,M_TASKPOLICY_QUEUECALL_62B0545B,bra,380,371,4,2,2
opt,M_TASKPOLICY_QUEUECALL_62B0545B,brl,468,457,4,3,1
opt,M_TASKPOLICY_QUEUECALL_62B0545B,bra,524,512,4,2,2
opt,M_TASKPOLICY_QUEUECALL_62B0545B,bra,597,583,4,2,2
opt,M_TASKPOLICY_QUEUECALL_62B0545B,bra,677,661,4,2,2
opt,M_TASKPOLICY_QUEUECALL_62B0545B,bra,843,825,4,2,2
opt,M_TASKPOLICY_QUEUECALL_62B0545B,bra,916,896,4,2,2
opt,M_TASKPOLICY_QUEUECALL_62B0545B,bra,994,968,4,2,2
opt,M_TASKPOLICY_QUEUECALL_62B0545B,bra,1076,1048,4,2,2
opt,M_TASKPOLICY_PORTCALL_70989793,bra,8,8,4,2,2
opt,M_TASKPOLICY_PORTCALL_70989793,bra,42,40,4,2,2
opt,M_TASKPOLICY_PORTCALL_70989793,bra,126,122,4,2,2
opt,M_TASKPOLICY_PORTCALL_70989793,bra,177,171,4,2,2
opt,M_TASKPOLICY_PORTCALL_70989793,bra,183,175,4,2,2
opt,M_TASKPOLICY_PORTCALL_70989793,bra,220,210,4,2,2
opt,M_TASKPOLICY_PORTCALL_70989793,bra,286,274,4,2,2
opt,M_TASKPOLICY_PORTCALL_70989793,bra,316,302,4,2,2
opt,M_TASKPOLICY_PORTCALL_70989793,brl,414,398,4,3,1
opt,M_TASKPOLICY_PORTCALL_70989793,bra,486,469,4,2,2
opt,M_TASKPOLICY_PORTCALL_70989793,brl,584,565,4,3,1
opt,M_TASKPOLICY_PORTCALL_70989793,bra,644,624,4,2,2
opt,M_TASKPOLICY_PORTCALL_70989793,brl,746,724,4,3,1
opt,M_TASKPOLICY_PORTCALL_70989793,bra,806,783,4,2,2
opt,M_TASKPOLICY_PORTCALL_70989793,bra,930,905,4,2,2
opt,M_TASKPOLICY_IOSERVICE_1E6CF653,conditional,40,38,6,2,4
opt,M_TASKPOLICY_IOSERVICE_1E6CF653,conditional,68,60,6,2,4
opt,M_TASKPOLICY_IOSERVICE_1E6CF653,bra,8,8,4,2,2
opt,M_TASKPOLICY_IOSERVICE_1E6CF653,bra,48,42,4,2,2
opt,M_TASKPOLICY_IOSERVICE_1E6CF653,bra,76,64,4,2,2
opt,M_TASKPOLICY_INITIONAMES_D8642B1E,bra,8,8,4,2,2
opt,M_TASKPOLICY_INITIO_35D5D1E4,bra,8,8,4,2,2
opt,M_TASKPOLICY_INITIO_35D5D1E4,bra,236,234,4,2,2
opt,M_TASKPOLICY_INITIO_35D5D1E4,bra,539,535,4,2,2
opt,M_TASKPOLICY_IOEXTENT_9818C08A,conditional,340,332,6,2,4
opt,M_TASKPOLICY_IOEXTENT_9818C08A,conditional,346,334,6,2,4
opt,M_TASKPOLICY_IOEXTENT_9818C08A,conditional,360,344,6,2,4
opt,M_TASKPOLICY_IOEXTENT_9818C08A,conditional,366,346,6,2,4
opt,M_TASKPOLICY_IOEXTENT_9818C08A,conditional,380,356,6,2,4
opt,M_TASKPOLICY_IOEXTENT_9818C08A,conditional,386,358,6,2,4
opt,M_TASKPOLICY_IOEXTENT_9818C08A,conditional,400,368,6,2,4
opt,M_TASKPOLICY_IOEXTENT_9818C08A,conditional,406,370,6,2,4
opt,M_TASKPOLICY_IOEXTENT_9818C08A,bra,8,8,4,2,2
opt,M_TASKPOLICY_IOEXTENT_9818C08A,bra,70,68,4,2,2
opt,M_TASKPOLICY_IOEXTENT_9818C08A,bra,143,139,4,2,2
opt,M_TASKPOLICY_IOEXTENT_9818C08A,bra,194,188,4,2,2
opt,M_TASKPOLICY_IOEXTENT_9818C08A,bra,412,372,4,2,2
opt,M_TASKPOLICY_IOEXTENT_9818C08A,bra,418,376,4,2,2
opt,M_TASKPOLICY_IOEXTENT_9818C08A,bra,424,380,4,2,2
opt,M_TASKPOLICY_IOEXTENT_9818C08A,bra,430,384,4,2,2
opt,M_TASKPOLICY_IOERROR_9413450C,bra,8,8,4,2,2
opt,M_TASKPOLICY_IOERROR_9413450C,bra,64,62,4,2,2
opt,M_TASKPOLICY_IOERROR_9413450C,bra,136,132,4,2,2
opt,M_TASKPOLICY_IONAME_8B922013,conditional,40,38,6,2,4
opt,M_TASKPOLICY_IONAME_8B922013,bra,8,8,4,2,2
opt,M_TASKPOLICY_IONAME_8B922013,bra,56,50,4,2,2
opt,M_TASKPOLICY_IONAME_8B922013,bra,98,90,4,2,2
opt,M_TASKPOLICY_IOBOUND_33A4879E,bra,8,8,4,2,2
opt,M_TASKPOLICY_IOBOUND_33A4879E,bra,46,44,4,2,2
opt,M_TASKPOLICY_IOBOUND_33A4879E,bra,119,115,4,2,2
opt,M_TASKPOLICY_IOBOUND_33A4879E,bra,125,119,4,2,2
opt,M_TASKPOLICY_IOBOUND_33A4879E,bra,145,137,4,2,2
opt,M_TASKPOLICY_IOBOUND_33A4879E,bra,218,208,4,2,2
opt,M_TASKPOLICY_IOOPEN_15F8E966,bra,8,8,4,2,2
opt,M_TASKPOLICY_IOOPEN_15F8E966,bra,80,78,4,2,2
opt,M_TASKPOLICY_IOOPEN_15F8E966,bra,162,158,4,2,2
opt,M_TASKPOLICY_IOOPEN_15F8E966,bra,304,298,4,2,2
opt,M_TASKPOLICY_IOOPEN_15F8E966,bra,377,369,4,2,2
opt,M_TASKPOLICY_IOOPEN_15F8E966,bra,403,393,4,2,2
opt,M_TASKPOLICY_IOOPEN_15F8E966,bra,531,519,4,2,2
opt,M_TASKPOLICY_IOOPEN_15F8E966,bra,618,604,4,2,2
opt,M_TASKPOLICY_IOOPEN_15F8E966,bra,644,628,4,2,2
opt,M_TASKPOLICY_IOOPEN_15F8E966,bra,738,720,4,2,2
opt,M_TASKPOLICY_IOOPENTEST_C4ABA6E6,bra,8,8,4,2,2
opt,M_TASKPOLICY_IOOPENTEST_C4ABA6E6,bra,127,125,4,2,2
opt,M_TASKPOLICY_IOCOMPLETE_88BA0BF3,bra,8,8,4,2,2
opt,M_TASKPOLICY_IOCOMPLETE_88BA0BF3,brl,73,71,4,3,1
opt,M_TASKPOLICY_IOCOMPLETE_88BA0BF3,bra,145,142,4,2,2
opt,M_TASKPOLICY_IOCOMPLETE_88BA0BF3,bra,305,300,4,2,2
opt,M_TASKPOLICY_IOWAITOWNER_63A51E9E,conditional,200,194,6,2,4
opt,M_TASKPOLICY_IOWAITOWNER_63A51E9E,conditional,294,282,6,2,4
opt,M_TASKPOLICY_IOWAITOWNER_63A51E9E,conditional,308,292,6,2,4
opt,M_TASKPOLICY_IOWAITOWNER_63A51E9E,conditional,371,349,6,2,4
opt,M_TASKPOLICY_IOWAITOWNER_63A51E9E,bra,8,8,4,2,2
opt,M_TASKPOLICY_IOWAITOWNER_63A51E9E,bra,80,78,4,2,2
opt,M_TASKPOLICY_IOWAITOWNER_63A51E9E,bra,153,149,4,2,2
opt,M_TASKPOLICY_IOWAITOWNER_63A51E9E,bra,208,198,4,2,2
opt,M_TASKPOLICY_IOWAITOWNER_63A51E9E,bra,318,298,4,2,2
opt,M_TASKPOLICY_IOWAITOWNER_63A51E9E,bra,379,353,4,2,2
opt,M_TASKPOLICY_IOCOLLECT_D169FE6C,bra,8,8,4,2,2
opt,M_TASKPOLICY_IOCOLLECT_D169FE6C,bra,54,52,4,2,2
opt,M_TASKPOLICY_IOCOLLECT_D169FE6C,bra,141,137,4,2,2
opt,M_TASKPOLICY_IOCOLLECT_D169FE6C,brl,192,186,4,3,1
opt,M_TASKPOLICY_IOCOLLECT_D169FE6C,bra,315,308,4,2,2
opt,M_TASKPOLICY_IOCOLLECT_D169FE6C,brl,420,411,4,3,1
opt,M_TASKPOLICY_IOCOLLECT_D169FE6C,bra,470,460,4,2,2
opt,M_TASKPOLICY_IOCOLLECT_D169FE6C,bra,554,542,4,2,2
opt,M_TASKPOLICY_IOCOLLECT_D169FE6C,bra,591,577,4,2,2
opt,M_TASKPOLICY_IOCOLLECT_D169FE6C,bra,648,632,4,2,2
opt,M_TASKPOLICY_IOENQUEUE_EC975914,conditional,178,176,6,2,4
opt,M_TASKPOLICY_IOENQUEUE_EC975914,conditional,375,366,6,2,4
opt,M_TASKPOLICY_IOENQUEUE_EC975914,conditional,572,556,6,2,4
opt,M_TASKPOLICY_IOENQUEUE_EC975914,conditional,737,714,6,2,4
opt,M_TASKPOLICY_IOENQUEUE_EC975914,conditional,743,716,6,2,4
opt,M_TASKPOLICY_IOENQUEUE_EC975914,conditional,757,726,6,2,4
opt,M_TASKPOLICY_IOENQUEUE_EC975914,conditional,763,728,6,2,4
opt,M_TASKPOLICY_IOENQUEUE_EC975914,conditional,777,738,6,2,4
opt,M_TASKPOLICY_IOENQUEUE_EC975914,conditional,783,740,6,2,4
opt,M_TASKPOLICY_IOENQUEUE_EC975914,conditional,797,750,6,2,4
opt,M_TASKPOLICY_IOENQUEUE_EC975914,conditional,803,752,6,2,4
opt,M_TASKPOLICY_IOENQUEUE_EC975914,bra,8,8,4,2,2
opt,M_TASKPOLICY_IOENQUEUE_EC975914,brl,194,188,4,3,1
opt,M_TASKPOLICY_IOENQUEUE_EC975914,bra,255,248,4,2,2
opt,M_TASKPOLICY_IOENQUEUE_EC975914,brl,387,374,4,3,1
opt,M_TASKPOLICY_IOENQUEUE_EC975914,bra,448,434,4,2,2
opt,M_TASKPOLICY_IOENQUEUE_EC975914,bra,588,568,4,2,2
opt,M_TASKPOLICY_IOENQUEUE_EC975914,brl,594,572,4,3,1
opt,M_TASKPOLICY_IOENQUEUE_EC975914,bra,809,754,4,2,2
opt,M_TASKPOLICY_IOENQUEUE_EC975914,bra,815,758,4,2,2
opt,M_TASKPOLICY_IOENQUEUE_EC975914,bra,821,762,4,2,2
opt,M_TASKPOLICY_IOENQUEUE_EC975914,bra,827,766,4,2,2
opt,M_TASKPOLICY_IOENQUEUE_EC975914,brl,843,780,4,3,1
opt,M_TASKPOLICY_IOENQUEUE_EC975914,bra,904,840,4,2,2
opt,M_TASKPOLICY_IOENQUEUE_EC975914,bra,1072,1006,4,2,2
opt,M_TASKPOLICY_IOENQUEUE_EC975914,bra,1215,1147,4,2,2
opt,M_TASKPOLICY_IOENQUEUE_EC975914,bra,1300,1230,4,2,2
opt,M_TASKPOLICY_IOBEGIN_A0C610B5,conditional,873,846,6,2,4
opt,M_TASKPOLICY_IOBEGIN_A0C610B5,bra,8,8,4,2,2
opt,M_TASKPOLICY_IOBEGIN_A0C610B5,bra,46,44,4,2,2
opt,M_TASKPOLICY_IOBEGIN_A0C610B5,bra,119,115,4,2,2
opt,M_TASKPOLICY_IOBEGIN_A0C610B5,bra,125,119,4,2,2
opt,M_TASKPOLICY_IOBEGIN_A0C610B5,bra,171,163,4,2,2
opt,M_TASKPOLICY_IOBEGIN_A0C610B5,bra,244,234,4,2,2
opt,M_TASKPOLICY_IOBEGIN_A0C610B5,bra,276,264,4,2,2
opt,M_TASKPOLICY_IOBEGIN_A0C610B5,brl,323,309,4,3,1
opt,M_TASKPOLICY_IOBEGIN_A0C610B5,bra,353,338,4,2,2
opt,M_TASKPOLICY_IOBEGIN_A0C610B5,bra,440,423,4,2,2
opt,M_TASKPOLICY_IOBEGIN_A0C610B5,bra,497,478,4,2,2
opt,M_TASKPOLICY_IOBEGIN_A0C610B5,bra,628,607,4,2,2
opt,M_TASKPOLICY_IOBEGIN_A0C610B5,bra,701,678,4,2,2
opt,M_TASKPOLICY_IOBEGIN_A0C610B5,bra,735,710,4,2,2
opt,M_TASKPOLICY_IOBEGIN_A0C610B5,bra,891,860,4,2,2
opt,M_TASKPOLICY_IOBEGIN_A0C610B5,bra,925,892,4,2,2
opt,M_TASKPOLICY_IOBEGIN_A0C610B5,bra,1041,1006,4,2,2
opt,M_TASKPOLICY_IOTESTBEGIN_2E780855,conditional,354,341,6,2,4
opt,M_TASKPOLICY_IOTESTBEGIN_2E780855,bra,8,8,4,2,2
opt,M_TASKPOLICY_IOTESTBEGIN_2E780855,bra,60,58,4,2,2
opt,M_TASKPOLICY_IOTESTBEGIN_2E780855,bra,66,62,4,2,2
opt,M_TASKPOLICY_IOTESTBEGIN_2E780855,brl,100,94,4,3,1
opt,M_TASKPOLICY_IOTESTBEGIN_2E780855,bra,136,129,4,2,2
opt,M_TASKPOLICY_IOTESTBEGIN_2E780855,brl,169,160,4,3,1
opt,M_TASKPOLICY_IOTESTBEGIN_2E780855,bra,267,257,4,2,2
opt,M_TASKPOLICY_IOTESTBEGIN_2E780855,brl,300,288,4,3,1
opt,M_TASKPOLICY_IOTESTBEGIN_2E780855,bra,372,355,4,2,2
opt,M_TASKPOLICY_IOTESTBEGIN_2E780855,bra,406,387,4,2,2
opt,M_TASKPOLICY_IOTESTBEGIN_2E780855,bra,494,473,4,2,2
opt,M_TASKPOLICY_IOTESTBEGIN_2E780855,bra,528,505,4,2,2
opt,M_TASKPOLICY_IOTESTBEGIN_2E780855,bra,589,564,4,2,2
opt,M_TASKPOLICY_IOABORT_1EC95CFC,conditional,450,436,6,2,4
opt,M_TASKPOLICY_IOABORT_1EC95CFC,conditional,732,708,6,2,4
opt,M_TASKPOLICY_IOABORT_1EC95CFC,bra,8,8,4,2,2
opt,M_TASKPOLICY_IOABORT_1EC95CFC,bra,46,44,4,2,2
opt,M_TASKPOLICY_IOABORT_1EC95CFC,bra,119,115,4,2,2
opt,M_TASKPOLICY_IOABORT_1EC95CFC,bra,170,164,4,2,2
opt,M_TASKPOLICY_IOABORT_1EC95CFC,bra,205,197,4,2,2
opt,M_TASKPOLICY_IOABORT_1EC95CFC,bra,278,268,4,2,2
opt,M_TASKPOLICY_IOABORT_1EC95CFC,bra,312,300,4,2,2
opt,M_TASKPOLICY_IOABORT_1EC95CFC,bra,468,450,4,2,2
opt,M_TASKPOLICY_IOABORT_1EC95CFC,bra,502,482,4,2,2
opt,M_TASKPOLICY_IOABORT_1EC95CFC,bra,652,630,4,2,2
opt,M_TASKPOLICY_IOABORT_1EC95CFC,bra,750,722,4,2,2
opt,M_TASKPOLICY_IOABORT_1EC95CFC,bra,840,810,4,2,2
opt,M_TASKPOLICY_IOABORT_1EC95CFC,bra,952,920,4,2,2
opt,M_TASKPOLICY_IOWORKERCONTROL_3D43EE5B,conditional,208,201,6,2,4
opt,M_TASKPOLICY_IOWORKERCONTROL_3D43EE5B,bra,8,8,4,2,2
opt,M_TASKPOLICY_IOWORKERCONTROL_3D43EE5B,brl,44,42,4,3,1
opt,M_TASKPOLICY_IOWORKERCONTROL_3D43EE5B,bra,96,93,4,2,2
opt,M_TASKPOLICY_IOWORKERCONTROL_3D43EE5B,bra,102,97,4,2,2
opt,M_TASKPOLICY_IOWORKERCONTROL_3D43EE5B,bra,220,209,4,2,2
opt,M_TASKPOLICY_IOWORKERCONTROL_3D43EE5B,brl,328,315,4,3,1
opt,M_TASKPOLICY_IOWORKERCONTROL_3D43EE5B,bra,390,376,4,2,2
opt,M_TASKPOLICY_IOWORKERCONTROL_3D43EE5B,bra,454,438,4,2,2
opt,M_TASKPOLICY_IOWORKERCONTROL_3D43EE5B,bra,460,442,4,2,2
opt,M_TASKPOLICY_IOWORKERCONTROL_3D43EE5B,bra,508,488,4,2,2
opt,M_TASKPOLICY_IOWORKERCONTROL_3D43EE5B,bra,581,559,4,2,2
opt,M_TASKPOLICY_IOWORKERCONTROL_3D43EE5B,bra,700,676,4,2,2
opt,M_TASKPOLICY_IOCLAIM_E59988BA,conditional,334,328,6,2,4
opt,M_TASKPOLICY_IOCLAIM_E59988BA,bra,8,8,4,2,2
opt,M_TASKPOLICY_IOCLAIM_E59988BA,bra,76,74,4,2,2
opt,M_TASKPOLICY_IOCLAIM_E59988BA,bra,138,134,4,2,2
opt,M_TASKPOLICY_IOCLAIM_E59988BA,bra,350,340,4,2,2
opt,M_TASKPOLICY_IOCLAIM_E59988BA,bra,435,423,4,2,2
opt,M_TASKPOLICY_IOTEST_D46D842E,bra,8,8,4,2,2
opt,M_TASKPOLICY_IOTESTFINISH_35E02F77,bra,8,8,4,2,2
opt,M_TASKPOLICY_IOTESTFINISH_35E02F77,bra,105,103,4,2,2
opt,M_TASKPOLICY_IOTESTFINISH_35E02F77,bra,188,184,4,2,2
opt,M_TASKPOLICY_IOTESTFINISH_35E02F77,brl,221,215,4,3,1
opt,M_TASKPOLICY_IOTESTFINISH_35E02F77,bra,460,453,4,2,2
opt,M_TASKPOLICY_IOTESTFINISH_35E02F77,bra,549,540,4,2,2
opt,M_TASKPOLICY_IOCALL_78031962,bra,8,8,4,2,2
opt,M_TASKPOLICY_IOCALL_78031962,bra,42,40,4,2,2
opt,M_TASKPOLICY_IOCALL_78031962,bra,126,122,4,2,2
opt,M_TASKPOLICY_IOCALL_78031962,bra,158,152,4,2,2
opt,M_TASKPOLICY_IOCALL_78031962,bra,190,182,4,2,2
opt,M_TASKPOLICY_IOCALL_78031962,bra,241,231,4,2,2
opt,M_TASKPOLICY_IOCALL_78031962,bra,247,235,4,2,2
opt,M_TASKPOLICY_IOCALL_78031962,bra,284,270,4,2,2
opt,M_TASKPOLICY_IOCALL_78031962,bra,350,334,4,2,2
opt,M_TASKPOLICY_IOCALL_78031962,bra,380,362,4,2,2
opt,M_TASKPOLICY_IOCALL_78031962,brl,478,458,4,3,1
opt,M_TASKPOLICY_IOCALL_78031962,bra,528,507,4,2,2
opt,M_TASKPOLICY_IOCALL_78031962,brl,630,607,4,3,1
opt,M_TASKPOLICY_IOCALL_78031962,bra,699,675,4,2,2
opt,M_TASKPOLICY_IOCALL_78031962,brl,797,771,4,3,1
opt,M_TASKPOLICY_IOCALL_78031962,bra,861,834,4,2,2
opt,M_TASKPOLICY_IOCALL_78031962,bra,944,915,4,2,2
opt,M_TASKPOLICY_IOCALL_78031962,bra,1026,995,4,2,2
opt,M_TASKPOLICY_IOCALL_78031962,bra,1068,1035,4,2,2
opt,M_TASKPOLICY_IOCALL_78031962,brl,1198,1163,4,3,1
opt,M_TASKPOLICY_IOCALL_78031962,bra,1220,1184,4,2,2
opt,M_TASKPOLICY_IOCALL_78031962,bra,1302,1264,4,2,2
opt,M_TASKPOLICY_IOCALL_78031962,bra,1355,1315,4,2,2
opt,M_TASKPOLICY_IOCALL_78031962,bra,1459,1417,4,2,2
opt,M_TASKPOLICY_IOREQUESTCALL_7ACD78BD,bra,8,8,4,2,2
opt,M_TASKPOLICY_IOREQUESTCALL_7ACD78BD,bra,46,44,4,2,2
opt,M_TASKPOLICY_IOREQUESTCALL_7ACD78BD,bra,128,124,4,2,2
opt,M_TASKPOLICY_IOREQUESTCALL_7ACD78BD,bra,160,154,4,2,2
opt,M_TASKPOLICY_IOREQUESTCALL_7ACD78BD,bra,166,158,4,2,2
opt,M_TASKPOLICY_IOREQUESTCALL_7ACD78BD,bra,184,174,4,2,2
opt,M_TASKPOLICY_IOREQUESTCALL_7ACD78BD,bra,190,178,4,2,2
opt,M_TASKPOLICY_IOREQUESTCALL_7ACD78BD,brl,208,194,4,3,1
opt,M_TASKPOLICY_IOREQUESTCALL_7ACD78BD,bra,250,235,4,2,2
opt,M_TASKPOLICY_IOREQUESTCALL_7ACD78BD,bra,380,363,4,2,2
opt,M_TASKPOLICY_IOSETTLEDCALL_042AE5B9,conditional,102,99,6,2,4
opt,M_TASKPOLICY_IOSETTLEDCALL_042AE5B9,conditional,483,464,6,2,4
opt,M_TASKPOLICY_IOSETTLEDCALL_042AE5B9,bra,8,8,4,2,2
opt,M_TASKPOLICY_IOSETTLEDCALL_042AE5B9,brl,60,58,4,3,1
opt,M_TASKPOLICY_IOSETTLEDCALL_042AE5B9,bra,118,111,4,2,2
opt,M_TASKPOLICY_IOSETTLEDCALL_042AE5B9,bra,153,144,4,2,2
opt,M_TASKPOLICY_IOSETTLEDCALL_042AE5B9,bra,226,215,4,2,2
opt,M_TASKPOLICY_IOSETTLEDCALL_042AE5B9,bra,260,247,4,2,2
opt,M_TASKPOLICY_IOSETTLEDCALL_042AE5B9,bra,333,318,4,2,2
opt,M_TASKPOLICY_IOSETTLEDCALL_042AE5B9,bra,359,342,4,2,2
opt,M_TASKPOLICY_IOSETTLEDCALL_042AE5B9,bra,501,478,4,2,2
opt,M_TASKPOLICY_IOSETTLEDCALL_042AE5B9,bra,523,498,4,2,2
opt,M_TASKPOLICY_IOSETTLEDCALL_042AE5B9,bra,773,746,4,2,2
opt,M_TASKPOLICY_IOSETTLEDCALL_042AE5B9,bra,807,778,4,2,2
opt,M_TASKPOLICY_IOSETTLEDCALL_042AE5B9,bra,909,878,4,2,2
opt,M_TASKPOLICY_IOSETTLEDCALL_042AE5B9,bra,943,910,4,2,2
opt,M_TASKPOLICY_IOSETTLEDCALL_042AE5B9,brl,1045,1010,4,3,1
opt,M_TASKPOLICY_IOSETTLEDCALL_042AE5B9,bra,1084,1048,4,2,2
opt,M_TASKPOLICY_IOSETTLEDCALL_042AE5B9,bra,1142,1104,4,2,2
opt,M_TASKPOLICY_INITSIOSTATE_10B63F2C,bra,8,8,4,2,2
opt,M_TASKPOLICY_INITSIOSTATE_10B63F2C,bra,66,64,4,2,2
opt,M_TASKPOLICY_INITSIOSTATE_10B63F2C,bra,144,140,4,2,2
opt,M_TASKPOLICY_SIOBOUND_346E47DB,conditional,214,210,6,2,4
opt,M_TASKPOLICY_SIOBOUND_346E47DB,conditional,220,212,6,2,4
opt,M_TASKPOLICY_SIOBOUND_346E47DB,conditional,234,222,6,2,4
opt,M_TASKPOLICY_SIOBOUND_346E47DB,conditional,240,224,6,2,4
opt,M_TASKPOLICY_SIOBOUND_346E47DB,conditional,254,234,6,2,4
opt,M_TASKPOLICY_SIOBOUND_346E47DB,conditional,260,236,6,2,4
opt,M_TASKPOLICY_SIOBOUND_346E47DB,conditional,274,246,6,2,4
opt,M_TASKPOLICY_SIOBOUND_346E47DB,conditional,280,248,6,2,4
opt,M_TASKPOLICY_SIOBOUND_346E47DB,conditional,348,300,6,2,4
opt,M_TASKPOLICY_SIOBOUND_346E47DB,conditional,354,302,6,2,4
opt,M_TASKPOLICY_SIOBOUND_346E47DB,conditional,368,312,6,2,4
opt,M_TASKPOLICY_SIOBOUND_346E47DB,conditional,374,314,6,2,4
opt,M_TASKPOLICY_SIOBOUND_346E47DB,conditional,388,324,6,2,4
opt,M_TASKPOLICY_SIOBOUND_346E47DB,conditional,394,326,6,2,4
opt,M_TASKPOLICY_SIOBOUND_346E47DB,conditional,408,336,6,2,4
opt,M_TASKPOLICY_SIOBOUND_346E47DB,conditional,414,338,6,2,4
opt,M_TASKPOLICY_SIOBOUND_346E47DB,conditional,716,624,6,2,4
opt,M_TASKPOLICY_SIOBOUND_346E47DB,conditional,768,670,6,2,4
opt,M_TASKPOLICY_SIOBOUND_346E47DB,conditional,831,727,6,2,4
opt,M_TASKPOLICY_SIOBOUND_346E47DB,conditional,882,772,6,2,4
opt,M_TASKPOLICY_SIOBOUND_346E47DB,bra,8,8,4,2,2
opt,M_TASKPOLICY_SIOBOUND_346E47DB,bra,92,90,4,2,2
opt,M_TASKPOLICY_SIOBOUND_346E47DB,bra,286,250,4,2,2
opt,M_TASKPOLICY_SIOBOUND_346E47DB,bra,292,254,4,2,2
opt,M_TASKPOLICY_SIOBOUND_346E47DB,bra,298,258,4,2,2
opt,M_TASKPOLICY_SIOBOUND_346E47DB,bra,304,262,4,2,2
opt,M_TASKPOLICY_SIOBOUND_346E47DB,bra,320,276,4,2,2
opt,M_TASKPOLICY_SIOBOUND_346E47DB,bra,326,280,4,2,2
opt,M_TASKPOLICY_SIOBOUND_346E47DB,bra,420,340,4,2,2
opt,M_TASKPOLICY_SIOBOUND_346E47DB,bra,426,344,4,2,2
opt,M_TASKPOLICY_SIOBOUND_346E47DB,bra,432,348,4,2,2
opt,M_TASKPOLICY_SIOBOUND_346E47DB,bra,438,352,4,2,2
opt,M_TASKPOLICY_SIOBOUND_346E47DB,bra,454,366,4,2,2
opt,M_TASKPOLICY_SIOBOUND_346E47DB,bra,573,483,4,2,2
opt,M_TASKPOLICY_SIOBOUND_346E47DB,bra,726,630,4,2,2
opt,M_TASKPOLICY_SIOBOUND_346E47DB,bra,778,676,4,2,2
opt,M_TASKPOLICY_SIOBOUND_346E47DB,bra,839,731,4,2,2
opt,M_TASKPOLICY_SIOBOUND_346E47DB,bra,890,776,4,2,2
opt,M_TASKPOLICY_SIOOPEN_38E97F75,conditional,389,380,6,2,4
opt,M_TASKPOLICY_SIOOPEN_38E97F75,conditional,395,382,6,2,4
opt,M_TASKPOLICY_SIOOPEN_38E97F75,conditional,409,392,6,2,4
opt,M_TASKPOLICY_SIOOPEN_38E97F75,conditional,415,394,6,2,4
opt,M_TASKPOLICY_SIOOPEN_38E97F75,conditional,429,404,6,2,4
opt,M_TASKPOLICY_SIOOPEN_38E97F75,conditional,435,406,6,2,4
opt,M_TASKPOLICY_SIOOPEN_38E97F75,conditional,449,416,6,2,4
opt,M_TASKPOLICY_SIOOPEN_38E97F75,conditional,455,418,6,2,4
opt,M_TASKPOLICY_SIOOPEN_38E97F75,conditional,541,491,6,2,4
opt,M_TASKPOLICY_SIOOPEN_38E97F75,conditional,547,493,6,2,4
opt,M_TASKPOLICY_SIOOPEN_38E97F75,conditional,561,503,6,2,4
opt,M_TASKPOLICY_SIOOPEN_38E97F75,conditional,567,505,6,2,4
opt,M_TASKPOLICY_SIOOPEN_38E97F75,conditional,581,515,6,2,4
opt,M_TASKPOLICY_SIOOPEN_38E97F75,conditional,587,517,6,2,4
opt,M_TASKPOLICY_SIOOPEN_38E97F75,conditional,601,527,6,2,4
opt,M_TASKPOLICY_SIOOPEN_38E97F75,conditional,607,529,6,2,4
opt,M_TASKPOLICY_SIOOPEN_38E97F75,conditional,685,594,6,2,4
opt,M_TASKPOLICY_SIOOPEN_38E97F75,conditional,888,788,6,2,4
opt,M_TASKPOLICY_SIOOPEN_38E97F75,conditional,896,792,6,2,4
opt,M_TASKPOLICY_SIOOPEN_38E97F75,conditional,917,809,6,2,4
opt,M_TASKPOLICY_SIOOPEN_38E97F75,bra,8,8,4,2,2
opt,M_TASKPOLICY_SIOOPEN_38E97F75,bra,129,127,4,2,2
opt,M_TASKPOLICY_SIOOPEN_38E97F75,bra,195,191,4,2,2
opt,M_TASKPOLICY_SIOOPEN_38E97F75,bra,240,234,4,2,2
opt,M_TASKPOLICY_SIOOPEN_38E97F75,brl,343,335,4,3,1
opt,M_TASKPOLICY_SIOOPEN_38E97F75,bra,461,420,4,2,2
opt,M_TASKPOLICY_SIOOPEN_38E97F75,bra,467,424,4,2,2
opt,M_TASKPOLICY_SIOOPEN_38E97F75,bra,473,428,4,2,2
opt,M_TASKPOLICY_SIOOPEN_38E97F75,bra,479,432,4,2,2
opt,M_TASKPOLICY_SIOOPEN_38E97F75,brl,495,446,4,3,1
opt,M_TASKPOLICY_SIOOPEN_38E97F75,bra,613,531,4,2,2
opt,M_TASKPOLICY_SIOOPEN_38E97F75,bra,619,535,4,2,2
opt,M_TASKPOLICY_SIOOPEN_38E97F75,bra,625,539,4,2,2
opt,M_TASKPOLICY_SIOOPEN_38E97F75,bra,631,543,4,2,2
opt,M_TASKPOLICY_SIOOPEN_38E97F75,brl,647,557,4,3,1
opt,M_TASKPOLICY_SIOOPEN_38E97F75,brl,697,602,4,3,1
opt,M_TASKPOLICY_SIOOPEN_38E97F75,bra,733,637,4,2,2
opt,M_TASKPOLICY_SIOOPEN_38E97F75,brl,747,649,4,3,1
opt,M_TASKPOLICY_SIOOPEN_38E97F75,brl,781,682,4,3,1
opt,M_TASKPOLICY_SIOOPEN_38E97F75,bra,923,811,4,2,2
opt,M_TASKPOLICY_SIOOPEN_38E97F75,bra,1365,1251,4,2,2
opt,M_TASKPOLICY_SIOCLOSE_4815C4E5,bra,8,8,4,2,2
opt,M_TASKPOLICY_SIOENQUEUE_F49C65E1,bra,8,8,4,2,2
opt,M_TASKPOLICY_SIOENQUEUE_F49C65E1,brl,143,141,4,3,1
opt,M_TASKPOLICY_SIOENQUEUE_F49C65E1,bra,204,201,4,2,2
opt,M_TASKPOLICY_SIOENQUEUE_F49C65E1,bra,325,320,4,2,2
opt,M_TASKPOLICY_SIOENQUEUE_F49C65E1,bra,331,324,4,2,2
opt,M_TASKPOLICY_SIOENQUEUE_F49C65E1,brl,368,359,4,3,1
opt,M_TASKPOLICY_SIOENQUEUE_F49C65E1,bra,429,419,4,2,2
opt,M_TASKPOLICY_SIOENQUEUE_F49C65E1,bra,628,616,4,2,2
opt,M_TASKPOLICY_SIOABORT_410D8B25,conditional,92,90,6,2,4
opt,M_TASKPOLICY_SIOABORT_410D8B25,bra,8,8,4,2,2
opt,M_TASKPOLICY_SIOABORT_410D8B25,bra,110,104,4,2,2
opt,M_TASKPOLICY_SIOABORT_410D8B25,bra,219,211,4,2,2
opt,M_TASKPOLICY_SIOABORT_410D8B25,bra,331,321,4,2,2
opt,M_TASKPOLICY_SIOPREPAREWORKER_A27B8738,bra,8,8,4,2,2
opt,M_TASKPOLICY_SIOPREPAREWORKER_A27B8738,bra,100,98,4,2,2
opt,M_TASKPOLICY_SIOPREPAREWORKER_A27B8738,bra,193,189,4,2,2
opt,M_TASKPOLICY_SIOPREPAREWORKER_A27B8738,bra,646,640,4,2,2
opt,M_TASKPOLICY_SIOPREPAREBUS_A2AD2C52,bra,8,8,4,2,2
opt,M_TASKPOLICY_SIOPREPAREBUS_A2AD2C52,bra,300,298,4,2,2
opt,M_TASKPOLICY_SIOADMIT_DC2C0CF4,conditional,371,357,6,2,4
opt,M_TASKPOLICY_SIOADMIT_DC2C0CF4,bra,8,8,4,2,2
opt,M_TASKPOLICY_SIOADMIT_DC2C0CF4,bra,71,69,4,2,2
opt,M_TASKPOLICY_SIOADMIT_DC2C0CF4,bra,147,143,4,2,2
opt,M_TASKPOLICY_SIOADMIT_DC2C0CF4,brl,203,197,4,3,1
opt,M_TASKPOLICY_SIOADMIT_DC2C0CF4,bra,217,210,4,2,2
opt,M_TASKPOLICY_SIOADMIT_DC2C0CF4,bra,308,299,4,2,2
opt,M_TASKPOLICY_SIOADMIT_DC2C0CF4,bra,314,303,4,2,2
opt,M_TASKPOLICY_SIOADMIT_DC2C0CF4,brl,357,344,4,3,1
opt,M_TASKPOLICY_SIOADMIT_DC2C0CF4,bra,387,369,4,2,2
opt,M_TASKPOLICY_SIOADMIT_DC2C0CF4,bra,421,401,4,2,2
opt,M_TASKPOLICY_SIOADMIT_DC2C0CF4,bra,519,497,4,2,2
opt,M_TASKPOLICY_SIOADMIT_DC2C0CF4,bra,622,598,4,2,2
opt,M_TASKPOLICY_SIOTAKE_23947030,conditional,436,428,6,2,4
opt,M_TASKPOLICY_SIOTAKE_23947030,bra,8,8,4,2,2
opt,M_TASKPOLICY_SIOTAKE_23947030,bra,59,57,4,2,2
opt,M_TASKPOLICY_SIOTAKE_23947030,bra,138,134,4,2,2
opt,M_TASKPOLICY_SIOTAKE_23947030,bra,219,213,4,2,2
opt,M_TASKPOLICY_SIOTAKE_23947030,bra,452,440,4,2,2
opt,M_TASKPOLICY_SIOTAKE_23947030,bra,559,545,4,2,2
opt,M_TASKPOLICY_SIOFINISH_B1C2A78C,conditional,74,72,6,2,4
opt,M_TASKPOLICY_SIOFINISH_B1C2A78C,bra,8,8,4,2,2
opt,M_TASKPOLICY_SIOFINISH_B1C2A78C,bra,90,84,4,2,2
opt,M_TASKPOLICY_SIOFINISH_B1C2A78C,bra,189,181,4,2,2
opt,M_TASKPOLICY_SIOFINISH_B1C2A78C,bra,316,306,4,2,2
opt,M_TASKPOLICY_SIOFINISH_B1C2A78C,bra,353,341,4,2,2
opt,M_TASKPOLICY_SIOFINISH_B1C2A78C,bra,541,527,4,2,2
opt,M_TASKPOLICY_SIOFINISH_B1C2A78C,bra,630,614,4,2,2
opt,M_TASKPOLICY_SIOSTOP_31FA5BA1,bra,8,8,4,2,2
opt,M_TASKPOLICY_SIOSTOP_31FA5BA1,bra,60,58,4,2,2
opt,M_TASKPOLICY_SIOSTOP_31FA5BA1,brl,66,62,4,3,1
opt,M_TASKPOLICY_SIOSTOP_31FA5BA1,bra,116,111,4,2,2
opt,M_TASKPOLICY_SIOSTOP_31FA5BA1,brl,122,115,4,3,1
opt,M_TASKPOLICY_SIOSTOP_31FA5BA1,bra,189,181,4,2,2
opt,M_TASKPOLICY_SIOSTOP_31FA5BA1,bra,262,252,4,2,2
opt,M_TASKPOLICY_SIOSTOP_31FA5BA1,bra,313,301,4,2,2
opt,M_TASKPOLICY_SIOSTOP_31FA5BA1,bra,331,317,4,2,2
opt,M_TASKPOLICY_SIOSTOP_31FA5BA1,bra,501,485,4,2,2
opt,M_TASKPOLICY_SIOSTOP_31FA5BA1,bra,588,570,4,2,2
opt,M_TASKPOLICY_SIOSTOP_31FA5BA1,bra,633,613,4,2,2
opt,M_TASKPOLICY_SIOWORKERCONTROL_ABEF18A6,conditional,452,435,6,2,4
opt,M_TASKPOLICY_SIOWORKERCONTROL_ABEF18A6,bra,8,8,4,2,2
opt,M_TASKPOLICY_SIOWORKERCONTROL_ABEF18A6,bra,88,86,4,2,2
opt,M_TASKPOLICY_SIOWORKERCONTROL_ABEF18A6,bra,120,116,4,2,2
opt,M_TASKPOLICY_SIOWORKERCONTROL_ABEF18A6,bra,165,159,4,2,2
opt,M_TASKPOLICY_SIOWORKERCONTROL_ABEF18A6,bra,253,245,4,2,2
opt,M_TASKPOLICY_SIOWORKERCONTROL_ABEF18A6,bra,279,269,4,2,2
opt,M_TASKPOLICY_SIOWORKERCONTROL_ABEF18A6,brl,367,355,4,3,1
opt,M_TASKPOLICY_SIOWORKERCONTROL_ABEF18A6,bra,406,393,4,2,2
opt,M_TASKPOLICY_SIOWORKERCONTROL_ABEF18A6,bra,412,397,4,2,2
opt,M_TASKPOLICY_SIOWORKERCONTROL_ABEF18A6,bra,468,447,4,2,2
opt,M_TASKPOLICY_SIOWORKERCONTROL_ABEF18A6,bra,564,541,4,2,2
opt,M_TASKPOLICY_SIOWORKERCONTROL_ABEF18A6,bra,650,625,4,2,2
opt,M_TASKPOLICY_SIOWORKERCONTROL_ABEF18A6,bra,684,657,4,2,2
opt,M_TASKPOLICY_SIOWORKERCONTROL_ABEF18A6,brl,786,757,4,3,1
opt,M_TASKPOLICY_SIOWORKERCONTROL_ABEF18A6,bra,847,817,4,2,2
opt,M_TASKPOLICY_SIOWORKERCONTROL_ABEF18A6,bra,949,917,4,2,2
opt,M_TASKPOLICY_SIOWORKERCONTROL_ABEF18A6,bra,994,960,4,2,2
opt,M_TASKPOLICY_SIOWORKERCONTROL_ABEF18A6,bra,1082,1046,4,2,2
opt,M_TASKPOLICY_SIOWORKERCONTROL_ABEF18A6,bra,1139,1101,4,2,2
opt,M_TASKPOLICY_SIOPAUSE_4B7D62A1,bra,8,8,4,2,2
opt,M_TASKPOLICY_SIOPAUSE_4B7D62A1,bra,42,40,4,2,2
opt,M_TASKPOLICY_SIOPAUSE_4B7D62A1,bra,111,107,4,2,2
opt,M_TASKPOLICY_SIOPAUSE_4B7D62A1,bra,277,271,4,2,2
opt,M_TASKPOLICY_SIOPAUSE_4B7D62A1,bra,358,350,4,2,2
opt,M_TASKPOLICY_SIOCONTROL_0EC256A4,bra,8,8,4,2,2
opt,M_TASKPOLICY_SIOCONTROL_0EC256A4,bra,87,85,4,2,2
opt,M_TASKPOLICY_SIOCONTROL_0EC256A4,bra,140,136,4,2,2
opt,M_TASKPOLICY_SIOCONTROL_0EC256A4,brl,245,239,4,3,1
opt,M_TASKPOLICY_SIOCONTROL_0EC256A4,bra,309,302,4,2,2
opt,M_TASKPOLICY_SIOCONTROL_0EC256A4,bra,396,387,4,2,2
opt,M_TASKPOLICY_SIOCONTROL_0EC256A4,bra,528,517,4,2,2
opt,M_TASKPOLICY_SIOCONTROL_0EC256A4,bra,554,541,4,2,2
opt,M_TASKPOLICY_SIOCONTROL_0EC256A4,bra,665,650,4,2,2
opt,M_TASKPOLICY_SIOCONTROL_0EC256A4,bra,722,705,4,2,2
opt,M_TASKPOLICY_SIOCONTROL_0EC256A4,bra,827,808,4,2,2
opt,M_TASKPOLICY_SIOCONTROL_0EC256A4,bra,861,840,4,2,2
opt,M_TASKPOLICY_SIOCONTROL_0EC256A4,bra,1004,981,4,2,2
opt,M_TASKPOLICY_SIOWORKERBOUND_9EFBF9DD,conditional,92,90,6,2,4
opt,M_TASKPOLICY_SIOWORKERBOUND_9EFBF9DD,conditional,106,100,6,2,4
opt,M_TASKPOLICY_SIOWORKERBOUND_9EFBF9DD,conditional,159,147,6,2,4
opt,M_TASKPOLICY_SIOWORKERBOUND_9EFBF9DD,conditional,220,202,6,2,4
opt,M_TASKPOLICY_SIOWORKERBOUND_9EFBF9DD,bra,8,8,4,2,2
opt,M_TASKPOLICY_SIOWORKERBOUND_9EFBF9DD,bra,116,106,4,2,2
opt,M_TASKPOLICY_SIOWORKERBOUND_9EFBF9DD,bra,167,151,4,2,2
opt,M_TASKPOLICY_SIOWORKERBOUND_9EFBF9DD,bra,228,206,4,2,2
opt,M_TASKPOLICY_SIORESIDENTCOUNT_72BFE78E,conditional,82,80,6,2,4
opt,M_TASKPOLICY_SIORESIDENTCOUNT_72BFE78E,conditional,171,163,6,2,4
opt,M_TASKPOLICY_SIORESIDENTCOUNT_72BFE78E,bra,8,8,4,2,2
opt,M_TASKPOLICY_SIORESIDENTCOUNT_72BFE78E,bra,98,92,4,2,2
opt,M_TASKPOLICY_SIORESIDENTCOUNT_72BFE78E,bra,179,167,4,2,2
opt,M_TASKPOLICY_SIOREMOVED_B08060ED,conditional,92,90,6,2,4
opt,M_TASKPOLICY_SIOREMOVED_B08060ED,conditional,502,487,6,2,4
opt,M_TASKPOLICY_SIOREMOVED_B08060ED,bra,8,8,4,2,2
opt,M_TASKPOLICY_SIOREMOVED_B08060ED,bra,110,104,4,2,2
opt,M_TASKPOLICY_SIOREMOVED_B08060ED,bra,222,214,4,2,2
opt,M_TASKPOLICY_SIOREMOVED_B08060ED,bra,298,288,4,2,2
opt,M_TASKPOLICY_SIOREMOVED_B08060ED,brl,372,360,4,3,1
opt,M_TASKPOLICY_SIOREMOVED_B08060ED,brl,424,411,4,3,1
opt,M_TASKPOLICY_SIOREMOVED_B08060ED,brl,460,446,4,3,1
opt,M_TASKPOLICY_SIOREMOVED_B08060ED,brl,518,499,4,3,1
opt,M_TASKPOLICY_SIOREMOVED_B08060ED,bra,587,567,4,2,2
opt,M_TASKPOLICY_SIOREMOVED_B08060ED,brl,660,638,4,3,1
opt,M_TASKPOLICY_SIOREMOVED_B08060ED,bra,735,712,4,2,2
opt,M_TASKPOLICY_DOSSLOTFOR_362EB215,conditional,81,79,6,2,4
opt,M_TASKPOLICY_DOSSLOTFOR_362EB215,conditional,89,83,6,2,4
opt,M_TASKPOLICY_DOSSLOTFOR_362EB215,conditional,110,100,6,2,4
opt,M_TASKPOLICY_DOSSLOTFOR_362EB215,bra,8,8,4,2,2
opt,M_TASKPOLICY_DOSSLOTFOR_362EB215,bra,116,102,4,2,2
opt,M_TASKPOLICY_DOSRESET_224DFB33,bra,8,8,4,2,2
opt,M_TASKPOLICY_DOSRESET_224DFB33,bra,46,44,4,2,2
opt,M_TASKPOLICY_DOSCANREMOVE_DB41E74E,conditional,243,237,6,2,4
opt,M_TASKPOLICY_DOSCANREMOVE_DB41E74E,conditional,301,289,6,2,4
opt,M_TASKPOLICY_DOSCANREMOVE_DB41E74E,conditional,313,297,6,2,4
opt,M_TASKPOLICY_DOSCANREMOVE_DB41E74E,conditional,383,361,6,2,4
opt,M_TASKPOLICY_DOSCANREMOVE_DB41E74E,conditional,395,369,6,2,4
opt,M_TASKPOLICY_DOSCANREMOVE_DB41E74E,bra,8,8,4,2,2
opt,M_TASKPOLICY_DOSCANREMOVE_DB41E74E,bra,46,44,4,2,2
opt,M_TASKPOLICY_DOSCANREMOVE_DB41E74E,bra,196,192,4,2,2
opt,M_TASKPOLICY_DOSCANREMOVE_DB41E74E,bra,251,241,4,2,2
opt,M_TASKPOLICY_DOSCANREMOVE_DB41E74E,bra,323,303,4,2,2
opt,M_TASKPOLICY_DOSCANREMOVE_DB41E74E,bra,405,375,4,2,2
opt,M_TASKPOLICY_DOSCURRENT_4399DFDB,bra,8,8,4,2,2
opt,M_TASKPOLICY_DOSCURRENT_4399DFDB,bra,63,61,4,2,2
opt,M_TASKPOLICY_DOSCURRENT_4399DFDB,bra,97,93,4,2,2
opt,M_TASKPOLICY_DOSCURRENT_4399DFDB,bra,247,241,4,2,2
opt,M_TASKPOLICY_DOSCURRENT_4399DFDB,bra,301,293,4,2,2
opt,M_TASKPOLICY_DOSINIT_97B41A44,conditional,508,498,6,2,4
opt,M_TASKPOLICY_DOSINIT_97B41A44,conditional,516,502,6,2,4
opt,M_TASKPOLICY_DOSINIT_97B41A44,conditional,524,506,6,2,4
opt,M_TASKPOLICY_DOSINIT_97B41A44,conditional,534,512,6,2,4
opt,M_TASKPOLICY_DOSINIT_97B41A44,conditional,542,516,6,2,4
opt,M_TASKPOLICY_DOSINIT_97B41A44,conditional,565,535,6,2,4
opt,M_TASKPOLICY_DOSINIT_97B41A44,conditional,738,702,6,2,4
opt,M_TASKPOLICY_DOSINIT_97B41A44,conditional,746,706,6,2,4
opt,M_TASKPOLICY_DOSINIT_97B41A44,conditional,754,710,6,2,4
opt,M_TASKPOLICY_DOSINIT_97B41A44,conditional,764,716,6,2,4
opt,M_TASKPOLICY_DOSINIT_97B41A44,conditional,772,720,6,2,4
opt,M_TASKPOLICY_DOSINIT_97B41A44,conditional,795,739,6,2,4
opt,M_TASKPOLICY_DOSINIT_97B41A44,bra,8,8,4,2,2
opt,M_TASKPOLICY_DOSINIT_97B41A44,bra,92,90,4,2,2
opt,M_TASKPOLICY_DOSINIT_97B41A44,bra,177,173,4,2,2
opt,M_TASKPOLICY_DOSINIT_97B41A44,bra,219,213,4,2,2
opt,M_TASKPOLICY_DOSINIT_97B41A44,bra,304,296,4,2,2
opt,M_TASKPOLICY_DOSINIT_97B41A44,bra,571,537,4,2,2
opt,M_TASKPOLICY_DOSINIT_97B41A44,bra,801,741,4,2,2
opt,M_TASKPOLICY_DOSWORKERBOUND_DB9BCF66,conditional,108,106,6,2,4
opt,M_TASKPOLICY_DOSWORKERBOUND_DB9BCF66,conditional,122,116,6,2,4
opt,M_TASKPOLICY_DOSWORKERBOUND_DB9BCF66,conditional,175,163,6,2,4
opt,M_TASKPOLICY_DOSWORKERBOUND_DB9BCF66,conditional,236,218,6,2,4
opt,M_TASKPOLICY_DOSWORKERBOUND_DB9BCF66,bra,8,8,4,2,2
opt,M_TASKPOLICY_DOSWORKERBOUND_DB9BCF66,bra,132,122,4,2,2
opt,M_TASKPOLICY_DOSWORKERBOUND_DB9BCF66,bra,183,167,4,2,2
opt,M_TASKPOLICY_DOSWORKERBOUND_DB9BCF66,bra,244,222,4,2,2
opt,M_TASKPOLICY_DOSRESIDENTCOUNT_ABEF6AC1,conditional,94,92,6,2,4
opt,M_TASKPOLICY_DOSRESIDENTCOUNT_ABEF6AC1,conditional,157,149,6,2,4
opt,M_TASKPOLICY_DOSRESIDENTCOUNT_ABEF6AC1,bra,8,8,4,2,2
opt,M_TASKPOLICY_DOSRESIDENTCOUNT_ABEF6AC1,bra,110,104,4,2,2
opt,M_TASKPOLICY_DOSRESIDENTCOUNT_ABEF6AC1,bra,165,153,4,2,2
opt,M_TASKPOLICY_DOSREMOVED_D36757B2,conditional,108,106,6,2,4
opt,M_TASKPOLICY_DOSREMOVED_D36757B2,conditional,216,208,6,2,4
opt,M_TASKPOLICY_DOSREMOVED_D36757B2,bra,8,8,4,2,2
opt,M_TASKPOLICY_DOSREMOVED_D36757B2,bra,126,120,4,2,2
opt,M_TASKPOLICY_DOSREMOVED_D36757B2,bra,232,220,4,2,2
opt,M_TASKPOLICY_DOSREMOVED_D36757B2,bra,238,224,4,2,2
opt,M_TASKPOLICY_DOSREMOVED_D36757B2,bra,275,259,4,2,2
opt,M_TASKPOLICY_DOSREMOVED_D36757B2,bra,314,296,4,2,2
opt,M_TASKPOLICY_DOSREMOVED_D36757B2,bra,359,339,4,2,2
opt,M_TASKPOLICY_DOSREMOVED_D36757B2,bra,477,455,4,2,2
opt,M_TASKPOLICY_DOSREMOVED_D36757B2,bra,541,517,4,2,2
opt,M_TASKPOLICY_DOSREMOVED_D36757B2,brl,603,577,4,3,1
opt,M_TASKPOLICY_DOSREMOVED_D36757B2,bra,747,720,4,2,2
opt,M_TASKPOLICY_DOSPREPARE_61B1CC0D,bra,8,8,4,2,2
opt,M_TASKPOLICY_DOSPREPARE_61B1CC0D,bra,120,118,4,2,2
opt,M_TASKPOLICY_DOSPREPARE_61B1CC0D,bra,213,209,4,2,2
opt,M_TASKPOLICY_DOSPREPARE_61B1CC0D,bra,616,610,4,2,2
opt,M_TASKPOLICY_DOSADMIT_DEA63DC3,conditional,82,80,6,2,4
opt,M_TASKPOLICY_DOSADMIT_DEA63DC3,conditional,473,449,6,2,4
opt,M_TASKPOLICY_DOSADMIT_DEA63DC3,bra,8,8,4,2,2
opt,M_TASKPOLICY_DOSADMIT_DEA63DC3,bra,98,92,4,2,2
opt,M_TASKPOLICY_DOSADMIT_DEA63DC3,bra,104,96,4,2,2
opt,M_TASKPOLICY_DOSADMIT_DEA63DC3,bra,166,156,4,2,2
opt,M_TASKPOLICY_DOSADMIT_DEA63DC3,bra,172,160,4,2,2
opt,M_TASKPOLICY_DOSADMIT_DEA63DC3,bra,222,208,4,2,2
opt,M_TASKPOLICY_DOSADMIT_DEA63DC3,brl,305,289,4,3,1
opt,M_TASKPOLICY_DOSADMIT_DEA63DC3,bra,319,302,4,2,2
opt,M_TASKPOLICY_DOSADMIT_DEA63DC3,bra,410,391,4,2,2
opt,M_TASKPOLICY_DOSADMIT_DEA63DC3,bra,416,395,4,2,2
opt,M_TASKPOLICY_DOSADMIT_DEA63DC3,brl,459,436,4,3,1
opt,M_TASKPOLICY_DOSADMIT_DEA63DC3,bra,489,461,4,2,2
opt,M_TASKPOLICY_DOSADMIT_DEA63DC3,bra,558,528,4,2,2
opt,M_TASKPOLICY_DOSADMIT_DEA63DC3,bra,790,758,4,2,2
opt,M_TASKPOLICY_DOSCONTROL_C7F82CE3,bra,8,8,4,2,2
opt,M_TASKPOLICY_DOSCONTROL_C7F82CE3,bra,42,40,4,2,2
opt,M_TASKPOLICY_DOSCONTROL_C7F82CE3,bra,151,147,4,2,2
opt,M_TASKPOLICY_DOSCONTROL_C7F82CE3,bra,185,179,4,2,2
opt,M_TASKPOLICY_DOSCONTROL_C7F82CE3,brl,292,284,4,3,1
opt,M_TASKPOLICY_DOSCONTROL_C7F82CE3,bra,356,347,4,2,2
opt,M_TASKPOLICY_DOSCONTROL_C7F82CE3,bra,430,419,4,2,2
opt,M_TASKPOLICY_DOSCONTROL_C7F82CE3,brl,564,551,4,3,1
opt,M_TASKPOLICY_DOSCONTROL_C7F82CE3,bra,728,714,4,2,2
opt,M_TASKPOLICY_DOSCONTROL_C7F82CE3,bra,839,823,4,2,2
opt,M_TASKPOLICY_CONSOLEINIT_02CC0011,bra,8,8,4,2,2
opt,M_TASKPOLICY_CONSOLEINIT_02CC0011,bra,58,56,4,2,2
opt,M_TASKPOLICY_CONSOLEINIT_02CC0011,bra,128,124,4,2,2
opt,M_TASKPOLICY_CONSOLEINIT_02CC0011,bra,160,154,4,2,2
opt,M_TASKPOLICY_CONSOLEINIT_02CC0011,bra,230,222,4,2,2
opt,M_TASKPOLICY_CONSOLEINIT_02CC0011,bra,242,232,4,2,2
opt,M_TASKPOLICY_CONSOLESERVICE_C7B70ED2,conditional,40,38,6,2,4
opt,M_TASKPOLICY_CONSOLESERVICE_C7B70ED2,conditional,68,60,6,2,4
opt,M_TASKPOLICY_CONSOLESERVICE_C7B70ED2,bra,8,8,4,2,2
opt,M_TASKPOLICY_CONSOLESERVICE_C7B70ED2,bra,48,42,4,2,2
opt,M_TASKPOLICY_CONSOLESERVICE_C7B70ED2,bra,76,64,4,2,2
opt,M_TASKPOLICY_CONSOLEPRODUCERBOUND_02AD29D1,conditional,75,73,6,2,4
opt,M_TASKPOLICY_CONSOLEPRODUCERBOUND_02AD29D1,conditional,143,135,6,2,4
opt,M_TASKPOLICY_CONSOLEPRODUCERBOUND_02AD29D1,conditional,157,145,6,2,4
opt,M_TASKPOLICY_CONSOLEPRODUCERBOUND_02AD29D1,bra,8,8,4,2,2
opt,M_TASKPOLICY_CONSOLEPRODUCERBOUND_02AD29D1,bra,83,77,4,2,2
opt,M_TASKPOLICY_CONSOLEPRODUCERBOUND_02AD29D1,bra,167,151,4,2,2
opt,M_TASKPOLICY_CONSOLEFORGETBINDING_5044609F,bra,8,8,4,2,2
opt,M_TASKPOLICY_CONSOLEPACKETVALID_068AA429,conditional,240,230,6,2,4
opt,M_TASKPOLICY_CONSOLEPACKETVALID_068AA429,bra,8,8,4,2,2
opt,M_TASKPOLICY_CONSOLEPACKETVALID_068AA429,bra,42,40,4,2,2
opt,M_TASKPOLICY_CONSOLEPACKETVALID_068AA429,bra,133,129,4,2,2
opt,M_TASKPOLICY_CONSOLEPACKETVALID_068AA429,bra,139,133,4,2,2
opt,M_TASKPOLICY_CONSOLEPACKETVALID_068AA429,bra,176,168,4,2,2
opt,M_TASKPOLICY_CONSOLEPACKETVALID_068AA429,bra,250,236,4,2,2
opt,M_TASKPOLICY_CONSOLEUNBIND_D1E0D209,bra,8,8,4,2,2
opt,M_TASKPOLICY_CONSOLEUNBIND_D1E0D209,bra,63,61,4,2,2
opt,M_TASKPOLICY_CONSOLEUNBIND_D1E0D209,bra,127,123,4,2,2
opt,M_TASKPOLICY_CONSOLEUNBIND_D1E0D209,bra,153,147,4,2,2
opt,M_TASKPOLICY_CONSOLEUNBIND_D1E0D209,bra,208,200,4,2,2
opt,M_TASKPOLICY_CONSOLEUNBIND_D1E0D209,bra,271,261,4,2,2
opt,M_TASKPOLICY_CONSOLEUNBIND_D1E0D209,bra,361,349,4,2,2
opt,M_TASKPOLICY_CONSOLEUNBIND_D1E0D209,bra,453,439,4,2,2
opt,M_TASKPOLICY_CONSOLEPRODUCERCONTROL_28DEB132,bra,8,8,4,2,2
opt,M_TASKPOLICY_CONSOLEPRODUCERCONTROL_28DEB132,bra,44,42,4,2,2
opt,M_TASKPOLICY_CONSOLEPRODUCERCONTROL_28DEB132,bra,70,66,4,2,2
opt,M_TASKPOLICY_CONSOLEPRODUCERCONTROL_28DEB132,bra,176,170,4,2,2
opt,M_TASKPOLICY_CONSOLEBINDCONTROL_DC86D25B,conditional,781,753,6,2,4
opt,M_TASKPOLICY_CONSOLEBINDCONTROL_DC86D25B,bra,8,8,4,2,2
opt,M_TASKPOLICY_CONSOLEBINDCONTROL_DC86D25B,bra,66,64,4,2,2
opt,M_TASKPOLICY_CONSOLEBINDCONTROL_DC86D25B,bra,143,139,4,2,2
opt,M_TASKPOLICY_CONSOLEBINDCONTROL_DC86D25B,bra,149,143,4,2,2
opt,M_TASKPOLICY_CONSOLEBINDCONTROL_DC86D25B,bra,169,161,4,2,2
opt,M_TASKPOLICY_CONSOLEBINDCONTROL_DC86D25B,bra,201,191,4,2,2
opt,M_TASKPOLICY_CONSOLEBINDCONTROL_DC86D25B,bra,235,223,4,2,2
opt,M_TASKPOLICY_CONSOLEBINDCONTROL_DC86D25B,bra,356,342,4,2,2
opt,M_TASKPOLICY_CONSOLEBINDCONTROL_DC86D25B,bra,374,358,4,2,2
opt,M_TASKPOLICY_CONSOLEBINDCONTROL_DC86D25B,bra,463,445,4,2,2
opt,M_TASKPOLICY_CONSOLEBINDCONTROL_DC86D25B,bra,549,529,4,2,2
opt,M_TASKPOLICY_CONSOLEBINDCONTROL_DC86D25B,bra,579,557,4,2,2
opt,M_TASKPOLICY_CONSOLEBINDCONTROL_DC86D25B,bra,739,715,4,2,2
opt,M_TASKPOLICY_CONSOLEBINDCONTROL_DC86D25B,bra,745,719,4,2,2
opt,M_TASKPOLICY_CONSOLEBINDCONTROL_DC86D25B,bra,793,761,4,2,2
opt,M_TASKPOLICY_CONSOLEBINDCONTROL_DC86D25B,bra,811,777,4,2,2
opt,M_TASKPOLICY_CONSOLEBINDCONTROL_DC86D25B,bra,1052,1016,4,2,2
opt,M_TASKPOLICY_CONSOLEBINDCONTROL_DC86D25B,bra,1070,1032,4,2,2
opt,M_TASKPOLICY_CONSOLEBINDCONTROL_DC86D25B,bra,1317,1277,4,2,2
opt,M_TASKPOLICY_CONSOLEBINDCONTROL_DC86D25B,bra,1384,1342,4,2,2
opt,M_TASKPOLICY_CONSOLEBINDCONTROL_DC86D25B,bra,1398,1354,4,2,2
opt,M_TASKPOLICY_CONSOLEBINDCONTROL_DC86D25B,bra,1473,1427,4,2,2
opt,M_TASKPOLICY_CONSOLESTATE_630D302C,bra,8,8,4,2,2
opt,M_TASKPOLICY_CONSOLEINSTANCE_9C722438,bra,8,8,4,2,2
opt,M_TASKPOLICY_CONSOLENAMES_B9E6EA95,bra,8,8,4,2,2
opt,M_TASKPOLICY_CONSOLENAME_0C46F590,bra,8,8,4,2,2
opt,M_TASKPOLICY_CONSOLENAME_0C46F590,bra,62,60,4,2,2
opt,M_TASKPOLICY_CONSOLEDEVICE_34497CA3,conditional,80,78,6,2,4
opt,M_TASKPOLICY_CONSOLEDEVICE_34497CA3,conditional,94,88,6,2,4
opt,M_TASKPOLICY_CONSOLEDEVICE_34497CA3,bra,8,8,4,2,2
opt,M_TASKPOLICY_CONSOLEDEVICE_34497CA3,bra,104,94,4,2,2
opt,M_TASKPOLICY_CONSOLEBOUND_8755F553,conditional,187,181,6,2,4
opt,M_TASKPOLICY_CONSOLEBOUND_8755F553,conditional,271,259,6,2,4
opt,M_TASKPOLICY_CONSOLEBOUND_8755F553,conditional,285,269,6,2,4
opt,M_TASKPOLICY_CONSOLEBOUND_8755F553,conditional,348,326,6,2,4
opt,M_TASKPOLICY_CONSOLEBOUND_8755F553,bra,8,8,4,2,2
opt,M_TASKPOLICY_CONSOLEBOUND_8755F553,bra,38,36,4,2,2
opt,M_TASKPOLICY_CONSOLEBOUND_8755F553,bra,118,114,4,2,2
opt,M_TASKPOLICY_CONSOLEBOUND_8755F553,bra,195,185,4,2,2
opt,M_TASKPOLICY_CONSOLEBOUND_8755F553,bra,295,275,4,2,2
opt,M_TASKPOLICY_CONSOLEBOUND_8755F553,bra,356,330,4,2,2
opt,M_TASKPOLICY_CONSOLEOPEN_4090447D,conditional,334,326,6,2,4
opt,M_TASKPOLICY_CONSOLEOPEN_4090447D,conditional,384,371,6,2,4
opt,M_TASKPOLICY_CONSOLEOPEN_4090447D,bra,8,8,4,2,2
opt,M_TASKPOLICY_CONSOLEOPEN_4090447D,bra,38,36,4,2,2
opt,M_TASKPOLICY_CONSOLEOPEN_4090447D,bra,110,106,4,2,2
opt,M_TASKPOLICY_CONSOLEOPEN_4090447D,brl,257,251,4,3,1
opt,M_TASKPOLICY_CONSOLEOPEN_4090447D,brl,296,289,4,3,1
opt,M_TASKPOLICY_CONSOLEOPEN_4090447D,brl,346,334,4,3,1
opt,M_TASKPOLICY_CONSOLEOPEN_4090447D,brl,396,379,4,3,1
opt,M_TASKPOLICY_CONSOLEOPEN_4090447D,bra,432,414,4,2,2
opt,M_TASKPOLICY_CONSOLEOPEN_4090447D,brl,446,426,4,3,1
opt,M_TASKPOLICY_CONSOLEOPEN_4090447D,bra,483,462,4,2,2
opt,M_TASKPOLICY_CONSOLEOPEN_4090447D,brl,497,474,4,3,1
opt,M_TASKPOLICY_CONSOLEOPEN_4090447D,bra,509,485,4,2,2
opt,M_TASKPOLICY_CONSOLEOPEN_4090447D,bra,948,922,4,2,2
opt,M_TASKPOLICY_CONSOLEIDLE_D6547573,bra,8,8,4,2,2
opt,M_TASKPOLICY_CONSOLEIDLE_D6547573,bra,76,74,4,2,2
opt,M_TASKPOLICY_CONSOLEIDLE_D6547573,bra,82,78,4,2,2
opt,M_TASKPOLICY_CONSOLEIDLE_D6547573,bra,132,126,4,2,2
opt,M_TASKPOLICY_CONSOLEIDLE_D6547573,bra,138,130,4,2,2
opt,M_TASKPOLICY_CONSOLEIDLE_D6547573,bra,188,178,4,2,2
opt,M_TASKPOLICY_CONSOLEIDLE_D6547573,bra,269,257,4,2,2
opt,M_TASKPOLICY_CONSOLEIDLE_D6547573,bra,342,328,4,2,2
opt,M_TASKPOLICY_CONSOLEIDLE_D6547573,bra,423,407,4,2,2
opt,M_TASKPOLICY_CONSOLECLOSE_04E65EB3,bra,8,8,4,2,2
opt,M_TASKPOLICY_CONSOLECLOSE_04E65EB3,bra,38,36,4,2,2
opt,M_TASKPOLICY_CONSOLECLOSE_04E65EB3,bra,110,106,4,2,2
opt,M_TASKPOLICY_CONSOLECLOSE_04E65EB3,bra,198,192,4,2,2
opt,M_TASKPOLICY_CONSOLECLOSE_04E65EB3,bra,285,277,4,2,2
opt,M_TASKPOLICY_CONSOLECLOSE_04E65EB3,bra,501,491,4,2,2
opt,M_TASKPOLICY_CONSOLEIMMEDIATE_DAE617FC,conditional,446,430,6,2,4
opt,M_TASKPOLICY_CONSOLEIMMEDIATE_DAE617FC,conditional,559,536,6,2,4
opt,M_TASKPOLICY_CONSOLEIMMEDIATE_DAE617FC,conditional,724,694,6,2,4
opt,M_TASKPOLICY_CONSOLEIMMEDIATE_DAE617FC,conditional,730,696,6,2,4
opt,M_TASKPOLICY_CONSOLEIMMEDIATE_DAE617FC,conditional,744,706,6,2,4
opt,M_TASKPOLICY_CONSOLEIMMEDIATE_DAE617FC,conditional,750,708,6,2,4
opt,M_TASKPOLICY_CONSOLEIMMEDIATE_DAE617FC,conditional,764,718,6,2,4
opt,M_TASKPOLICY_CONSOLEIMMEDIATE_DAE617FC,conditional,770,720,6,2,4
opt,M_TASKPOLICY_CONSOLEIMMEDIATE_DAE617FC,conditional,784,730,6,2,4
opt,M_TASKPOLICY_CONSOLEIMMEDIATE_DAE617FC,conditional,790,732,6,2,4
opt,M_TASKPOLICY_CONSOLEIMMEDIATE_DAE617FC,bra,8,8,4,2,2
opt,M_TASKPOLICY_CONSOLEIMMEDIATE_DAE617FC,bra,60,58,4,2,2
opt,M_TASKPOLICY_CONSOLEIMMEDIATE_DAE617FC,bra,169,165,4,2,2
opt,M_TASKPOLICY_CONSOLEIMMEDIATE_DAE617FC,bra,225,219,4,2,2
opt,M_TASKPOLICY_CONSOLEIMMEDIATE_DAE617FC,bra,273,265,4,2,2
opt,M_TASKPOLICY_CONSOLEIMMEDIATE_DAE617FC,bra,321,311,4,2,2
opt,M_TASKPOLICY_CONSOLEIMMEDIATE_DAE617FC,bra,357,345,4,2,2
opt,M_TASKPOLICY_CONSOLEIMMEDIATE_DAE617FC,bra,405,391,4,2,2
opt,M_TASKPOLICY_CONSOLEIMMEDIATE_DAE617FC,bra,461,441,4,2,2
opt,M_TASKPOLICY_CONSOLEIMMEDIATE_DAE617FC,brl,517,495,4,3,1
opt,M_TASKPOLICY_CONSOLEIMMEDIATE_DAE617FC,bra,575,548,4,2,2
opt,M_TASKPOLICY_CONSOLEIMMEDIATE_DAE617FC,brl,581,552,4,3,1
opt,M_TASKPOLICY_CONSOLEIMMEDIATE_DAE617FC,bra,796,734,4,2,2
opt,M_TASKPOLICY_CONSOLEIMMEDIATE_DAE617FC,bra,802,738,4,2,2
opt,M_TASKPOLICY_CONSOLEIMMEDIATE_DAE617FC,bra,808,742,4,2,2
opt,M_TASKPOLICY_CONSOLEIMMEDIATE_DAE617FC,bra,814,746,4,2,2
opt,M_TASKPOLICY_CONSOLEIMMEDIATE_DAE617FC,bra,830,760,4,2,2
opt,M_TASKPOLICY_CONSOLEENQUEUE_BE188809,conditional,760,740,6,2,4
opt,M_TASKPOLICY_CONSOLEENQUEUE_BE188809,bra,8,8,4,2,2
opt,M_TASKPOLICY_CONSOLEENQUEUE_BE188809,bra,38,36,4,2,2
opt,M_TASKPOLICY_CONSOLEENQUEUE_BE188809,bra,110,106,4,2,2
opt,M_TASKPOLICY_CONSOLEENQUEUE_BE188809,bra,230,224,4,2,2
opt,M_TASKPOLICY_CONSOLEENQUEUE_BE188809,bra,345,337,4,2,2
opt,M_TASKPOLICY_CONSOLEENQUEUE_BE188809,bra,379,369,4,2,2
opt,M_TASKPOLICY_CONSOLEENQUEUE_BE188809,bra,500,488,4,2,2
opt,M_TASKPOLICY_CONSOLEENQUEUE_BE188809,bra,506,492,4,2,2
opt,M_TASKPOLICY_CONSOLEENQUEUE_BE188809,brl,543,527,4,3,1
opt,M_TASKPOLICY_CONSOLEENQUEUE_BE188809,bra,604,587,4,2,2
opt,M_TASKPOLICY_CONSOLEENQUEUE_BE188809,brl,722,703,4,3,1
opt,M_TASKPOLICY_CONSOLEENQUEUE_BE188809,bra,772,748,4,2,2
opt,M_TASKPOLICY_CONSOLEENQUEUE_BE188809,bra,806,780,4,2,2
opt,M_TASKPOLICY_CONSOLEENQUEUE_BE188809,brl,924,896,4,3,1
opt,M_TASKPOLICY_CONSOLEENQUEUE_BE188809,brl,976,947,4,3,1
opt,M_TASKPOLICY_CONSOLEENQUEUE_BE188809,bra,1037,1007,4,2,2
opt,M_TASKPOLICY_CONSOLEENQUEUE_BE188809,bra,1416,1384,4,2,2
opt,M_TASKPOLICY_CONSOLEWAKE_FE0543B3,bra,8,8,4,2,2
opt,M_TASKPOLICY_CONSOLEWAKE_FE0543B3,bra,84,82,4,2,2
opt,M_TASKPOLICY_CONSOLEWAKE_FE0543B3,bra,171,167,4,2,2
opt,M_TASKPOLICY_CONSOLEABORT_CCCE9F0D,conditional,228,222,6,2,4
opt,M_TASKPOLICY_CONSOLEABORT_CCCE9F0D,conditional,449,436,6,2,4
opt,M_TASKPOLICY_CONSOLEABORT_CCCE9F0D,conditional,670,650,6,2,4
opt,M_TASKPOLICY_CONSOLEABORT_CCCE9F0D,bra,8,8,4,2,2
opt,M_TASKPOLICY_CONSOLEABORT_CCCE9F0D,bra,38,36,4,2,2
opt,M_TASKPOLICY_CONSOLEABORT_CCCE9F0D,bra,110,106,4,2,2
opt,M_TASKPOLICY_CONSOLEABORT_CCCE9F0D,brl,246,236,4,3,1
opt,M_TASKPOLICY_CONSOLEABORT_CCCE9F0D,bra,303,292,4,2,2
opt,M_TASKPOLICY_CONSOLEABORT_CCCE9F0D,brl,467,450,4,3,1
opt,M_TASKPOLICY_CONSOLEABORT_CCCE9F0D,bra,524,506,4,2,2
opt,M_TASKPOLICY_CONSOLEABORT_CCCE9F0D,brl,688,664,4,3,1
opt,M_TASKPOLICY_CONSOLEABORT_CCCE9F0D,brl,727,702,4,3,1
opt,M_TASKPOLICY_CONSOLEABORT_CCCE9F0D,bra,784,758,4,2,2
opt,M_TASKPOLICY_CONSOLEABORT_CCCE9F0D,bra,953,925,4,2,2
opt,M_TASKPOLICY_CONSOLEABORT_CCCE9F0D,bra,1065,1035,4,2,2
opt,M_TASKPOLICY_CONSOLEPREPARE_8098E872,bra,8,8,4,2,2
opt,M_TASKPOLICY_CONSOLEPREPARE_8098E872,bra,151,149,4,2,2
opt,M_TASKPOLICY_CONSOLEPREPARE_8098E872,bra,244,240,4,2,2
opt,M_TASKPOLICY_CONSOLEPREPARE_8098E872,bra,697,691,4,2,2
opt,M_TASKPOLICY_CONSOLEADMIT_A01C3E0C,conditional,266,259,6,2,4
opt,M_TASKPOLICY_CONSOLEADMIT_A01C3E0C,conditional,317,304,6,2,4
opt,M_TASKPOLICY_CONSOLEADMIT_A01C3E0C,conditional,390,371,6,2,4
opt,M_TASKPOLICY_CONSOLEADMIT_A01C3E0C,conditional,698,661,6,2,4
opt,M_TASKPOLICY_CONSOLEADMIT_A01C3E0C,bra,8,8,4,2,2
opt,M_TASKPOLICY_CONSOLEADMIT_A01C3E0C,bra,38,36,4,2,2
opt,M_TASKPOLICY_CONSOLEADMIT_A01C3E0C,bra,110,106,4,2,2
opt,M_TASKPOLICY_CONSOLEADMIT_A01C3E0C,brl,231,225,4,3,1
opt,M_TASKPOLICY_CONSOLEADMIT_A01C3E0C,bra,274,263,4,2,2
opt,M_TASKPOLICY_CONSOLEADMIT_A01C3E0C,bra,325,308,4,2,2
opt,M_TASKPOLICY_CONSOLEADMIT_A01C3E0C,bra,406,383,4,2,2
opt,M_TASKPOLICY_CONSOLEADMIT_A01C3E0C,bra,412,387,4,2,2
opt,M_TASKPOLICY_CONSOLEADMIT_A01C3E0C,bra,474,447,4,2,2
opt,M_TASKPOLICY_CONSOLEADMIT_A01C3E0C,brl,530,501,4,3,1
opt,M_TASKPOLICY_CONSOLEADMIT_A01C3E0C,bra,544,514,4,2,2
opt,M_TASKPOLICY_CONSOLEADMIT_A01C3E0C,bra,635,603,4,2,2
opt,M_TASKPOLICY_CONSOLEADMIT_A01C3E0C,bra,641,607,4,2,2
opt,M_TASKPOLICY_CONSOLEADMIT_A01C3E0C,brl,684,648,4,3,1
opt,M_TASKPOLICY_CONSOLEADMIT_A01C3E0C,bra,714,673,4,2,2
opt,M_TASKPOLICY_CONSOLEADMIT_A01C3E0C,bra,756,713,4,2,2
opt,M_TASKPOLICY_CONSOLEADMIT_A01C3E0C,bra,1169,1124,4,2,2
opt,M_TASKPOLICY_CONSOLEADMIT_A01C3E0C,bra,1428,1381,4,2,2
opt,M_TASKPOLICY_CONSOLEADMIT_A01C3E0C,bra,1517,1468,4,2,2
opt,M_TASKPOLICY_CONSOLETAKEARRIVAL_2A1E971F,conditional,330,322,6,2,4
opt,M_TASKPOLICY_CONSOLETAKEARRIVAL_2A1E971F,bra,8,8,4,2,2
opt,M_TASKPOLICY_CONSOLETAKEARRIVAL_2A1E971F,bra,76,74,4,2,2
opt,M_TASKPOLICY_CONSOLETAKEARRIVAL_2A1E971F,bra,157,153,4,2,2
opt,M_TASKPOLICY_CONSOLETAKEARRIVAL_2A1E971F,bra,259,253,4,2,2
opt,M_TASKPOLICY_CONSOLETAKEARRIVAL_2A1E971F,bra,346,334,4,2,2
opt,M_TASKPOLICY_CONSOLETAKEARRIVAL_2A1E971F,bra,395,381,4,2,2
opt,M_TASKPOLICY_CONSOLETAKEARRIVAL_2A1E971F,brl,471,455,4,3,1
opt,M_TASKPOLICY_CONSOLETAKEARRIVAL_2A1E971F,bra,588,571,4,2,2
opt,M_TASKPOLICY_CONSOLETAKEARRIVAL_2A1E971F,bra,809,790,4,2,2
opt,M_TASKPOLICY_CONSOLETAKEWRITE_96FEA12D,bra,8,8,4,2,2
opt,M_TASKPOLICY_CONSOLETAKEWRITE_96FEA12D,bra,76,74,4,2,2
opt,M_TASKPOLICY_CONSOLETAKEWRITE_96FEA12D,bra,169,165,4,2,2
opt,M_TASKPOLICY_CONSOLETAKEWRITE_96FEA12D,bra,378,372,4,2,2
opt,M_TASKPOLICY_CONSOLEFINISH_F43924B4,conditional,164,159,6,2,4
opt,M_TASKPOLICY_CONSOLEFINISH_F43924B4,conditional,485,464,6,2,4
opt,M_TASKPOLICY_CONSOLEFINISH_F43924B4,conditional,762,728,6,2,4
opt,M_TASKPOLICY_CONSOLEFINISH_F43924B4,bra,8,8,4,2,2
opt,M_TASKPOLICY_CONSOLEFINISH_F43924B4,bra,38,36,4,2,2
opt,M_TASKPOLICY_CONSOLEFINISH_F43924B4,brl,148,144,4,3,1
opt,M_TASKPOLICY_CONSOLEFINISH_F43924B4,bra,180,171,4,2,2
opt,M_TASKPOLICY_CONSOLEFINISH_F43924B4,bra,186,175,4,2,2
opt,M_TASKPOLICY_CONSOLEFINISH_F43924B4,bra,248,235,4,2,2
opt,M_TASKPOLICY_CONSOLEFINISH_F43924B4,bra,299,284,4,2,2
opt,M_TASKPOLICY_CONSOLEFINISH_F43924B4,bra,350,333,4,2,2
opt,M_TASKPOLICY_CONSOLEFINISH_F43924B4,brl,451,432,4,3,1
opt,M_TASKPOLICY_CONSOLEFINISH_F43924B4,brl,469,449,4,3,1
opt,M_TASKPOLICY_CONSOLEFINISH_F43924B4,bra,501,476,4,2,2
opt,M_TASKPOLICY_CONSOLEFINISH_F43924B4,bra,507,480,4,2,2
opt,M_TASKPOLICY_CONSOLEFINISH_F43924B4,bra,569,540,4,2,2
opt,M_TASKPOLICY_CONSOLEFINISH_F43924B4,bra,620,589,4,2,2
opt,M_TASKPOLICY_CONSOLEFINISH_F43924B4,brl,748,715,4,3,1
opt,M_TASKPOLICY_CONSOLEFINISH_F43924B4,bra,778,740,4,2,2
opt,M_TASKPOLICY_CONSOLEFINISH_F43924B4,bra,784,744,4,2,2
opt,M_TASKPOLICY_CONSOLEFINISH_F43924B4,bra,846,804,4,2,2
opt,M_TASKPOLICY_CONSOLEFINISH_F43924B4,bra,897,853,4,2,2
opt,M_TASKPOLICY_CONSOLEFINISH_F43924B4,bra,1010,964,4,2,2
opt,M_TASKPOLICY_CONSOLEFINISH_F43924B4,bra,1099,1051,4,2,2
opt,M_TASKPOLICY_CONSOLERUNNABLE_8934D92E,bra,8,8,4,2,2
opt,M_TASKPOLICY_CONSOLERUNNABLE_8934D92E,brl,79,77,4,3,1
opt,M_TASKPOLICY_CONSOLERUNNABLE_8934D92E,bra,137,134,4,2,2
opt,M_TASKPOLICY_CONSOLERUNNABLE_8934D92E,bra,143,138,4,2,2
opt,M_TASKPOLICY_CONSOLERUNNABLE_8934D92E,bra,229,222,4,2,2
opt,M_TASKPOLICY_CONSOLERUNNABLE_8934D92E,bra,280,271,4,2,2
opt,M_TASKPOLICY_CONSOLERUNNABLE_8934D92E,brl,286,275,4,3,1
opt,M_TASKPOLICY_CONSOLERUNNABLE_8934D92E,bra,353,341,4,2,2
opt,M_TASKPOLICY_CONSOLERUNNABLE_8934D92E,bra,426,412,4,2,2
opt,M_TASKPOLICY_CONSOLERUNNABLE_8934D92E,bra,490,474,4,2,2
opt,M_TASKPOLICY_CONSOLERUNNABLE_8934D92E,brl,496,478,4,3,1
opt,M_TASKPOLICY_CONSOLERUNNABLE_8934D92E,bra,563,544,4,2,2
opt,M_TASKPOLICY_CONSOLERUNNABLE_8934D92E,bra,636,615,4,2,2
opt,M_TASKPOLICY_CONSOLERUNNABLE_8934D92E,brl,687,664,4,3,1
opt,M_TASKPOLICY_CONSOLERUNNABLE_8934D92E,bra,726,702,4,2,2
opt,M_TASKPOLICY_CONSOLERUNNABLE_8934D92E,bra,732,706,4,2,2
opt,M_TASKPOLICY_CONSOLERUNNABLE_8934D92E,bra,769,741,4,2,2
opt,M_TASKPOLICY_CONSOLERUNNABLE_8934D92E,bra,775,745,4,2,2
opt,M_TASKPOLICY_CONSOLERUNNABLE_8934D92E,bra,809,777,4,2,2
opt,M_TASKPOLICY_CONSOLERUNNABLE_8934D92E,bra,815,781,4,2,2
opt,M_TASKPOLICY_CONSOLERUNNABLE_8934D92E,bra,852,816,4,2,2
opt,M_TASKPOLICY_CONSOLESTOP_DAEB4759,bra,8,8,4,2,2
opt,M_TASKPOLICY_CONSOLESTOP_DAEB4759,bra,63,61,4,2,2
opt,M_TASKPOLICY_CONSOLESTOP_DAEB4759,bra,69,65,4,2,2
opt,M_TASKPOLICY_CONSOLESTOP_DAEB4759,bra,97,91,4,2,2
opt,M_TASKPOLICY_CONSOLESTOP_DAEB4759,bra,184,176,4,2,2
opt,M_TASKPOLICY_CONSOLESTOP_DAEB4759,bra,202,192,4,2,2
opt,M_TASKPOLICY_CONSOLESTOP_DAEB4759,brl,322,310,4,3,1
opt,M_TASKPOLICY_CONSOLESTOP_DAEB4759,bra,406,393,4,2,2
opt,M_TASKPOLICY_CONSOLESTOP_DAEB4759,bra,489,474,4,2,2
opt,M_TASKPOLICY_CONSOLEWORKERCONTROL_3CA89D3E,bra,8,8,4,2,2
opt,M_TASKPOLICY_CONSOLEWORKERCONTROL_3CA89D3E,bra,38,36,4,2,2
opt,M_TASKPOLICY_CONSOLEWORKERCONTROL_3CA89D3E,bra,110,106,4,2,2
opt,M_TASKPOLICY_CONSOLEWORKERCONTROL_3CA89D3E,bra,275,269,4,2,2
opt,M_TASKPOLICY_CONSOLEWORKERCONTROL_3CA89D3E,bra,303,295,4,2,2
opt,M_TASKPOLICY_CONSOLEWORKERCONTROL_3CA89D3E,bra,348,338,4,2,2
opt,M_TASKPOLICY_CONSOLEWORKERCONTROL_3CA89D3E,bra,432,420,4,2,2
opt,M_TASKPOLICY_CONSOLEWORKERCONTROL_3CA89D3E,bra,466,452,4,2,2
opt,M_TASKPOLICY_CONSOLEWORKERCONTROL_3CA89D3E,bra,564,548,4,2,2
opt,M_TASKPOLICY_CONSOLEWORKERCONTROL_3CA89D3E,bra,590,572,4,2,2
opt,M_TASKPOLICY_CONSOLEWORKERCONTROL_3CA89D3E,bra,674,654,4,2,2
opt,M_TASKPOLICY_CONSOLEWORKERCONTROL_3CA89D3E,bra,680,658,4,2,2
opt,M_TASKPOLICY_CONSOLEWORKERCONTROL_3CA89D3E,bra,694,670,4,2,2
opt,M_TASKPOLICY_CONSOLEWORKERCONTROL_3CA89D3E,bra,700,674,4,2,2
opt,M_TASKPOLICY_CONSOLEWORKERCONTROL_3CA89D3E,brl,714,686,4,3,1
opt,M_TASKPOLICY_CONSOLEWORKERCONTROL_3CA89D3E,bra,782,753,4,2,2
opt,M_TASKPOLICY_CONSOLEWORKERCONTROL_3CA89D3E,bra,896,865,4,2,2
opt,M_TASKPOLICY_CONSOLEWORKERCONTROL_3CA89D3E,bra,941,908,4,2,2
opt,M_TASKPOLICY_CONSOLEWORKERCONTROL_3CA89D3E,brl,1025,990,4,3,1
opt,M_TASKPOLICY_CONSOLEWORKERCONTROL_3CA89D3E,bra,1059,1023,4,2,2
opt,M_TASKPOLICY_CONSOLEWORKERCONTROL_3CA89D3E,bra,1160,1122,4,2,2
opt,M_TASKPOLICY_CONSOLEWORKERCONTROL_3CA89D3E,brl,1242,1202,4,3,1
opt,M_TASKPOLICY_CONSOLEWORKERCONTROL_3CA89D3E,bra,1306,1265,4,2,2
opt,M_TASKPOLICY_CONSOLECHECKEXTENT_830BDAF3,bra,8,8,4,2,2
opt,M_TASKPOLICY_CONSOLECHECKEXTENT_830BDAF3,bra,134,132,4,2,2
opt,M_TASKPOLICY_CONSOLECHECKEXTENT_830BDAF3,bra,235,231,4,2,2
opt,M_TASKPOLICY_CONSOLECONTROL_F218511C,bra,8,8,4,2,2
opt,M_TASKPOLICY_CONSOLECONTROL_F218511C,bra,50,48,4,2,2
opt,M_TASKPOLICY_CONSOLECONTROL_F218511C,bra,136,132,4,2,2
opt,M_TASKPOLICY_CONSOLECONTROL_F218511C,bra,166,160,4,2,2
opt,M_TASKPOLICY_CONSOLECONTROL_F218511C,bra,281,273,4,2,2
opt,M_TASKPOLICY_CONSOLECONTROL_F218511C,brl,359,349,4,3,1
opt,M_TASKPOLICY_CONSOLECONTROL_F218511C,bra,423,412,4,2,2
opt,M_TASKPOLICY_CONSOLECONTROL_F218511C,bra,510,497,4,2,2
opt,M_TASKPOLICY_CONSOLECONTROL_F218511C,bra,623,608,4,2,2
opt,M_TASKPOLICY_CONSOLECONTROL_F218511C,bra,680,663,4,2,2
opt,M_TASKPOLICY_CONSOLECONTROL_F218511C,brl,766,747,4,3,1
opt,M_TASKPOLICY_CONSOLECONTROL_F218511C,bra,800,780,4,2,2
opt,M_TASKPOLICY_CONSOLECONTROL_F218511C,bra,864,842,4,2,2
opt,M_TASKPOLICY_CONSOLECONTROL_F218511C,bra,994,970,4,2,2
opt,M_TASKPOLICY_CONSOLEWORKERBOUND_96318375,conditional,156,152,6,2,4
opt,M_TASKPOLICY_CONSOLEWORKERBOUND_96318375,conditional,170,162,6,2,4
opt,M_TASKPOLICY_CONSOLEWORKERBOUND_96318375,conditional,223,209,6,2,4
opt,M_TASKPOLICY_CONSOLEWORKERBOUND_96318375,conditional,284,264,6,2,4
opt,M_TASKPOLICY_CONSOLEWORKERBOUND_96318375,bra,8,8,4,2,2
opt,M_TASKPOLICY_CONSOLEWORKERBOUND_96318375,bra,38,36,4,2,2
opt,M_TASKPOLICY_CONSOLEWORKERBOUND_96318375,bra,180,168,4,2,2
opt,M_TASKPOLICY_CONSOLEWORKERBOUND_96318375,bra,231,213,4,2,2
opt,M_TASKPOLICY_CONSOLEWORKERBOUND_96318375,bra,292,268,4,2,2
opt,M_TASKPOLICY_CONSOLERESIDENTCOUNT_6078C646,conditional,142,138,6,2,4
opt,M_TASKPOLICY_CONSOLERESIDENTCOUNT_6078C646,conditional,205,195,6,2,4
opt,M_TASKPOLICY_CONSOLERESIDENTCOUNT_6078C646,bra,8,8,4,2,2
opt,M_TASKPOLICY_CONSOLERESIDENTCOUNT_6078C646,bra,38,36,4,2,2
opt,M_TASKPOLICY_CONSOLERESIDENTCOUNT_6078C646,bra,158,150,4,2,2
opt,M_TASKPOLICY_CONSOLERESIDENTCOUNT_6078C646,bra,213,199,4,2,2
opt,M_TASKPOLICY_CONSOLECANREMOVE_6BA935F9,conditional,210,204,6,2,4
opt,M_TASKPOLICY_CONSOLECANREMOVE_6BA935F9,conditional,298,284,6,2,4
opt,M_TASKPOLICY_CONSOLECANREMOVE_6BA935F9,conditional,444,424,6,2,4
opt,M_TASKPOLICY_CONSOLECANREMOVE_6BA935F9,conditional,518,490,6,2,4
opt,M_TASKPOLICY_CONSOLECANREMOVE_6BA935F9,bra,8,8,4,2,2
opt,M_TASKPOLICY_CONSOLECANREMOVE_6BA935F9,bra,38,36,4,2,2
opt,M_TASKPOLICY_CONSOLECANREMOVE_6BA935F9,bra,110,106,4,2,2
opt,M_TASKPOLICY_CONSOLECANREMOVE_6BA935F9,bra,226,216,4,2,2
opt,M_TASKPOLICY_CONSOLECANREMOVE_6BA935F9,bra,232,220,4,2,2
opt,M_TASKPOLICY_CONSOLECANREMOVE_6BA935F9,bra,316,298,4,2,2
opt,M_TASKPOLICY_CONSOLECANREMOVE_6BA935F9,bra,462,438,4,2,2
opt,M_TASKPOLICY_CONSOLECANREMOVE_6BA935F9,bra,468,442,4,2,2
opt,M_TASKPOLICY_CONSOLECANREMOVE_6BA935F9,bra,536,504,4,2,2
opt,M_TASKPOLICY_CONSOLECANREMOVE_6BA935F9,bra,585,551,4,2,2
opt,M_TASKPOLICY_CONSOLECANREMOVE_6BA935F9,bra,661,625,4,2,2
opt,M_TASKPOLICY_CONSOLECANREMOVE_6BA935F9,bra,737,699,4,2,2
opt,M_TASKPOLICY_CONSOLECANREMOVE_6BA935F9,bra,811,771,4,2,2
opt,M_TASKPOLICY_CONSOLECANREMOVE_6BA935F9,bra,862,820,4,2,2
opt,M_TASKPOLICY_CONSOLECANREMOVE_6BA935F9,bra,904,860,4,2,2
opt,M_TASKPOLICY_CONSOLEREMOVED_E0E10625,conditional,236,230,6,2,4
opt,M_TASKPOLICY_CONSOLEREMOVED_E0E10625,conditional,398,386,6,2,4
opt,M_TASKPOLICY_CONSOLEREMOVED_E0E10625,bra,8,8,4,2,2
opt,M_TASKPOLICY_CONSOLEREMOVED_E0E10625,bra,38,36,4,2,2
opt,M_TASKPOLICY_CONSOLEREMOVED_E0E10625,bra,110,106,4,2,2
opt,M_TASKPOLICY_CONSOLEREMOVED_E0E10625,bra,254,244,4,2,2
opt,M_TASKPOLICY_CONSOLEREMOVED_E0E10625,bra,414,398,4,2,2
opt,M_TASKPOLICY_CONSOLEREMOVED_E0E10625,bra,420,402,4,2,2
opt,M_TASKPOLICY_CONSOLEREMOVED_E0E10625,bra,457,437,4,2,2
opt,M_TASKPOLICY_CONSOLEREMOVED_E0E10625,bra,501,479,4,2,2
opt,M_TASKPOLICY_CONSOLEREMOVED_E0E10625,bra,577,553,4,2,2
opt,M_TASKPOLICY_CONSOLEREMOVED_E0E10625,brl,651,625,4,3,1
opt,M_TASKPOLICY_CONSOLEREMOVED_E0E10625,brl,690,663,4,3,1
opt,M_TASKPOLICY_CONSOLEREMOVED_E0E10625,bra,720,692,4,2,2
opt,M_TASKPOLICY_CONSOLEREMOVED_E0E10625,brl,807,777,4,3,1
opt,M_TASKPOLICY_CONSOLEREMOVED_E0E10625,bra,921,890,4,2,2
opt,M_TASKPOLICY_REQUESTVALID_195CAC51,conditional,401,384,6,2,4
opt,M_TASKPOLICY_REQUESTVALID_195CAC51,conditional,784,744,6,2,4
opt,M_TASKPOLICY_REQUESTVALID_195CAC51,bra,8,8,4,2,2
opt,M_TASKPOLICY_REQUESTVALID_195CAC51,bra,46,44,4,2,2
opt,M_TASKPOLICY_REQUESTVALID_195CAC51,brl,111,107,4,3,1
opt,M_TASKPOLICY_REQUESTVALID_195CAC51,bra,129,124,4,2,2
opt,M_TASKPOLICY_REQUESTVALID_195CAC51,bra,206,199,4,2,2
opt,M_TASKPOLICY_REQUESTVALID_195CAC51,bra,212,203,4,2,2
opt,M_TASKPOLICY_REQUESTVALID_195CAC51,bra,228,217,4,2,2
opt,M_TASKPOLICY_REQUESTVALID_195CAC51,bra,293,280,4,2,2
opt,M_TASKPOLICY_REQUESTVALID_195CAC51,bra,323,308,4,2,2
opt,M_TASKPOLICY_REQUESTVALID_195CAC51,bra,411,390,4,2,2
opt,M_TASKPOLICY_REQUESTVALID_195CAC51,bra,470,447,4,2,2
opt,M_TASKPOLICY_REQUESTVALID_195CAC51,bra,476,451,4,2,2
opt,M_TASKPOLICY_REQUESTVALID_195CAC51,brl,494,467,4,3,1
opt,M_TASKPOLICY_REQUESTVALID_195CAC51,bra,512,484,4,2,2
opt,M_TASKPOLICY_REQUESTVALID_195CAC51,bra,589,559,4,2,2
opt,M_TASKPOLICY_REQUESTVALID_195CAC51,bra,595,563,4,2,2
opt,M_TASKPOLICY_REQUESTVALID_195CAC51,bra,611,577,4,2,2
opt,M_TASKPOLICY_REQUESTVALID_195CAC51,bra,676,640,4,2,2
opt,M_TASKPOLICY_REQUESTVALID_195CAC51,bra,706,668,4,2,2
opt,M_TASKPOLICY_REQUESTVALID_195CAC51,bra,794,750,4,2,2
opt,M_TASKPOLICY_REQUESTVALID_195CAC51,bra,855,809,4,2,2
opt,M_TASKPOLICY_REQUESTVALID_195CAC51,bra,920,872,4,2,2
opt,M_TASKPOLICY_REQUESTVALID_195CAC51,brl,926,876,4,3,1
opt,M_TASKPOLICY_REQUESTVALID_195CAC51,bra,946,895,4,2,2
opt,M_TASKPOLICY_REQUESTVALID_195CAC51,bra,1011,958,4,2,2
opt,M_TASKPOLICY_REQUESTVALID_195CAC51,bra,1017,962,4,2,2
opt,M_TASKPOLICY_REQUESTVALID_195CAC51,bra,1037,980,4,2,2
opt,M_TASKPOLICY_REQUESTVALID_195CAC51,brl,1102,1043,4,3,1
opt,M_TASKPOLICY_REQUESTVALID_195CAC51,bra,1120,1060,4,2,2
opt,M_TASKPOLICY_REQUESTVALID_195CAC51,bra,1197,1135,4,2,2
opt,M_TASKPOLICY_REQUESTVALID_195CAC51,bra,1203,1139,4,2,2
opt,M_TASKPOLICY_REQUESTVALID_195CAC51,bra,1219,1153,4,2,2
opt,M_TASKPOLICY_REQUESTVALID_195CAC51,bra,1284,1216,4,2,2
opt,M_TASKPOLICY_REQUESTVALID_195CAC51,bra,1314,1244,4,2,2
opt,M_TASKPOLICY_REQUESTVALID_195CAC51,bra,1394,1322,4,2,2
opt,M_TASKPOLICY_REQUESTVALID_195CAC51,bra,1428,1354,4,2,2
opt,M_TASKPOLICY_REQUESTVALID_195CAC51,bra,1493,1417,4,2,2
opt,M_TASKPOLICY_REQUESTVALID_195CAC51,bra,1511,1433,4,2,2
opt,M_TASKPOLICY_REQUESTVALID_195CAC51,bra,1588,1508,4,2,2
opt,M_TASKPOLICY_REQUESTVALID_195CAC51,brl,1620,1538,4,3,1
opt,M_TASKPOLICY_REQUESTVALID_195CAC51,brl,1640,1557,4,3,1
opt,M_TASKPOLICY_REQUESTVALID_195CAC51,bra,1658,1574,4,2,2
opt,M_TASKPOLICY_REQUESTVALID_195CAC51,bra,1735,1649,4,2,2
opt,M_TASKPOLICY_REQUESTVALID_195CAC51,bra,1741,1653,4,2,2
opt,M_TASKPOLICY_REQUESTVALID_195CAC51,bra,1757,1667,4,2,2
opt,M_TASKPOLICY_REQUESTVALID_195CAC51,bra,1822,1730,4,2,2
opt,M_TASKPOLICY_REQUESTVALID_195CAC51,brl,1854,1760,4,3,1
opt,M_TASKPOLICY_REQUESTVALID_195CAC51,brl,1874,1779,4,3,1
opt,M_TASKPOLICY_REQUESTVALID_195CAC51,bra,1892,1796,4,2,2
opt,M_TASKPOLICY_REQUESTVALID_195CAC51,bra,1969,1871,4,2,2
opt,M_TASKPOLICY_REQUESTVALID_195CAC51,bra,1999,1899,4,2,2
opt,M_TASKPOLICY_REQUESTVALID_195CAC51,bra,2088,1986,4,2,2
opt,M_TASKPOLICY_REQUESTVALID_195CAC51,bra,2120,2016,4,2,2
opt,M_TASKPOLICY_REQUESTVALID_195CAC51,bra,2138,2032,4,2,2
opt,M_TASKPOLICY_REQUESTVALID_195CAC51,bra,2227,2119,4,2,2
opt,M_TASKPOLICY_REQUESTVALID_195CAC51,brl,2259,2149,4,3,1
opt,M_TASKPOLICY_REQUESTVALID_195CAC51,brl,2279,2168,4,3,1
opt,M_TASKPOLICY_REQUESTVALID_195CAC51,bra,2297,2185,4,2,2
opt,M_TASKPOLICY_REQUESTVALID_195CAC51,bra,2374,2260,4,2,2
opt,M_TASKPOLICY_REQUESTVALID_195CAC51,bra,2380,2264,4,2,2
opt,M_TASKPOLICY_REQUESTVALID_195CAC51,bra,2396,2278,4,2,2
opt,M_TASKPOLICY_REQUESTVALID_195CAC51,bra,2461,2341,4,2,2
opt,M_TASKPOLICY_REQUESTVALID_195CAC51,bra,2491,2369,4,2,2
opt,M_TASKPOLICY_REQUESTVALID_195CAC51,bra,2571,2447,4,2,2
opt,M_TASKPOLICY_REQUESTVALID_195CAC51,bra,2603,2477,4,2,2
opt,M_TASKPOLICY_REQUESTVALID_195CAC51,bra,2621,2493,4,2,2
opt,M_TASKPOLICY_REQUESTVALID_195CAC51,bra,2698,2568,4,2,2
opt,M_TASKPOLICY_ROUTE_3006B749,bra,8,8,4,2,2
opt,M_TASKPOLICY_ROUTE_3006B749,bra,46,44,4,2,2
opt,M_TASKPOLICY_ROUTE_3006B749,bra,111,107,4,2,2
opt,M_TASKPOLICY_ROUTE_3006B749,bra,145,139,4,2,2
opt,M_TASKPOLICY_ROUTE_3006B749,bra,243,235,4,2,2
opt,M_TASKPOLICY_ROUTE_3006B749,bra,269,259,4,2,2
opt,M_TASKPOLICY_ROUTE_3006B749,bra,361,349,4,2,2
opt,M_TASKPOLICY_ROUTE_3006B749,bra,387,373,4,2,2
opt,M_TASKPOLICY_ROUTE_3006B749,brl,479,463,4,3,1
opt,M_TASKPOLICY_ROUTE_3006B749,bra,499,482,4,2,2
opt,M_TASKPOLICY_ROUTE_3006B749,bra,533,514,4,2,2
opt,M_TASKPOLICY_ROUTE_3006B749,brl,631,610,4,3,1
opt,M_TASKPOLICY_ROUTE_3006B749,brl,651,629,4,3,1
opt,M_TASKPOLICY_ROUTE_3006B749,bra,671,648,4,2,2
opt,M_TASKPOLICY_ROUTE_3006B749,bra,697,672,4,2,2
opt,M_TASKPOLICY_ROUTE_3006B749,bra,789,762,4,2,2
opt,M_TASKPOLICY_ROUTE_3006B749,bra,815,786,4,2,2
opt,M_TASKPOLICY_ROUTE_3006B749,bra,921,890,4,2,2
opt,M_TASKPOLICY_ROUTE_3006B749,bra,1019,986,4,2,2
opt,M_TASKPOLICY_ROUTE_3006B749,bra,1037,1002,4,2,2
opt,M_TASKPOLICY_ROUTE_3006B749,bra,1120,1083,4,2,2
opt,M_TASKPOLICY_ROUTE_3006B749,bra,1173,1134,4,2,2
opt,M_TASKPOLICY_ROUTE_3006B749,bra,1265,1224,4,2,2
opt,M_TASKPOLICY_ROUTE_3006B749,bra,1291,1248,4,2,2
opt,M_TASKPOLICY_ROUTE_3006B749,bra,1383,1338,4,2,2
opt,M_TASKPOLICY_ROUTE_3006B749,bra,1401,1354,4,2,2
opt,M_TASKPOLICY_ROUTE_3006B749,bra,1479,1430,4,2,2
opt,M_TASKPOLICY_ROUTE_3006B749,bra,1505,1454,4,2,2
opt,M_TASKPOLICY_ROUTE_3006B749,brl,1597,1544,4,3,1
opt,M_TASKPOLICY_ROUTE_3006B749,bra,1615,1561,4,2,2
opt,M_TASKPOLICY_ROUTE_3006B749,bra,1699,1643,4,2,2
opt,M_TASKPOLICY_ROUTE_3006B749,bra,1773,1715,4,2,2
opt,M_TASKPOLICY_ROUTE_3006B749,bra,1861,1801,4,2,2
opt,M_TASKPOLICY_ROUTE_3006B749,bra,1879,1817,4,2,2
opt,M_TASKPOLICY_ROUTE_3006B749,bra,1957,1893,4,2,2
opt,M_TASKPOLICY_ROUTE_3006B749,bra,1963,1897,4,2,2
opt,M_TASKPOLICY_ROUTE_3006B749,bra,1981,1913,4,2,2
opt,M_TASKPOLICY_ROUTE_3006B749,bra,2015,1945,4,2,2
opt,M_TASKPOLICY_ROUTE_3006B749,bra,2113,2041,4,2,2
opt,M_TASKPOLICY_ROUTE_3006B749,bra,2139,2065,4,2,2
opt,M_TASKPOLICY_ROUTE_3006B749,bra,2229,2153,4,2,2
opt,M_TASKPOLICY_FINISHDISPATCH_46CD5A79,bra,8,8,4,2,2
opt,M_TASKPOLICY_FINISHDISPATCH_46CD5A79,bra,39,37,4,2,2
opt,M_TASKPOLICY_FINISHDISPATCH_46CD5A79,bra,45,41,4,2,2
opt,M_TASKPOLICY_FINISHDISPATCH_46CD5A79,bra,58,52,4,2,2
opt,M_TASKPOLICY_FINISHDISPATCH_46CD5A79,bra,64,56,4,2,2
opt,M_TASKPOLICY_FINISHDISPATCH_46CD5A79,bra,111,101,4,2,2
opt,M_TASKPOLICY_FINISHDISPATCH_46CD5A79,bra,138,126,4,2,2
opt,M_TASKPOLICY_FINISHDISPATCH_46CD5A79,bra,205,191,4,2,2
opt,M_TASKPOLICY_FINISHDISPATCH_46CD5A79,bra,237,221,4,2,2
opt,M_TASKPOLICY_FINISHDISPATCH_46CD5A79,bra,290,272,4,2,2
opt,M_TASKPOLICY_DISPATCH_2D7B283C,bra,8,8,4,2,2
opt,M_TASKPOLICY_DISPATCH_2D7B283C,bra,50,48,4,2,2
opt,M_TASKPOLICY_DISPATCH_2D7B283C,bra,123,119,4,2,2
opt,M_TASKPOLICY_DISPATCH_2D7B283C,bra,171,165,4,2,2
opt,M_TASKPOLICY_DISPATCH_2D7B283C,bra,310,302,4,2,2
opt,M_TASKPOLICY_DISPATCH_2D7B283C,brl,403,393,4,3,1
opt,M_TASKPOLICY_DISPATCH_2D7B283C,bra,444,433,4,2,2
opt,M_TASKPOLICY_DISPATCH_2D7B283C,bra,507,494,4,2,2
opt,M_TASKPOLICY_DISPATCH_2D7B283C,bra,521,506,4,2,2
opt,M_TASKPOLICY_DISPATCH_2D7B283C,brl,584,567,4,3,1
opt,M_TASKPOLICY_DISPATCH_2D7B283C,bra,669,651,4,2,2
opt,M_TASKPOLICY_DISPATCH_2D7B283C,bra,749,729,4,2,2
opt,M_TASKPOLICY_DISPATCH_2D7B283C,bra,812,790,4,2,2
opt,M_TASKPOLICY_DISPATCH_2D7B283C,bra,850,826,4,2,2
opt,M_TASKPOLICY_DISPATCH_2D7B283C,bra,944,918,4,2,2
opt,M_TASKPOLICY_DISPATCH_2D7B283C,brl,1009,981,4,3,1
opt,M_TASKPOLICY_DISPATCH_2D7B283C,bra,1043,1014,4,2,2
opt,M_TASKPOLICY_DISPATCH_2D7B283C,bra,1124,1093,4,2,2
opt,M_TASKPOLICY_DISPATCH_2D7B283C,bra,1222,1189,4,2,2
opt,M_TASKPOLICY_DISPATCH_2D7B283C,brl,1287,1252,4,3,1
opt,M_TASKPOLICY_DISPATCH_2D7B283C,bra,1321,1285,4,2,2
opt,M_TASKPOLICY_DISPATCH_2D7B283C,bra,1402,1364,4,2,2
opt,M_TASKPOLICY_DISPATCH_2D7B283C,bra,1500,1460,4,2,2
opt,M_TASKPOLICY_DISPATCH_2D7B283C,brl,1565,1523,4,3,1
opt,M_TASKPOLICY_DISPATCH_2D7B283C,bra,1599,1556,4,2,2
opt,M_TASKPOLICY_DISPATCH_2D7B283C,bra,1680,1635,4,2,2
opt,M_TASKPOLICY_DISPATCH_2D7B283C,bra,1790,1743,4,2,2
opt,M_TASKPOLICY_DISPATCH_2D7B283C,bra,1871,1822,4,2,2
opt,M_CONSOLECORE_EXTENT_83D9960B,conditional,223,221,6,2,4
opt,M_CONSOLECORE_EXTENT_83D9960B,conditional,229,223,6,2,4
opt,M_CONSOLECORE_EXTENT_83D9960B,conditional,243,233,6,2,4
opt,M_CONSOLECORE_EXTENT_83D9960B,conditional,249,235,6,2,4
opt,M_CONSOLECORE_EXTENT_83D9960B,conditional,263,245,6,2,4
opt,M_CONSOLECORE_EXTENT_83D9960B,conditional,269,247,6,2,4
opt,M_CONSOLECORE_EXTENT_83D9960B,conditional,283,257,6,2,4
opt,M_CONSOLECORE_EXTENT_83D9960B,conditional,289,259,6,2,4
opt,M_CONSOLECORE_EXTENT_83D9960B,conditional,365,321,6,2,4
opt,M_CONSOLECORE_EXTENT_83D9960B,conditional,371,323,6,2,4
opt,M_CONSOLECORE_EXTENT_83D9960B,conditional,385,333,6,2,4
opt,M_CONSOLECORE_EXTENT_83D9960B,conditional,391,335,6,2,4
opt,M_CONSOLECORE_EXTENT_83D9960B,conditional,405,345,6,2,4
opt,M_CONSOLECORE_EXTENT_83D9960B,conditional,411,347,6,2,4
opt,M_CONSOLECORE_EXTENT_83D9960B,conditional,425,357,6,2,4
opt,M_CONSOLECORE_EXTENT_83D9960B,conditional,431,359,6,2,4
opt,M_CONSOLECORE_EXTENT_83D9960B,conditional,499,412,6,2,4
opt,M_CONSOLECORE_EXTENT_83D9960B,conditional,505,414,6,2,4
opt,M_CONSOLECORE_EXTENT_83D9960B,conditional,519,424,6,2,4
opt,M_CONSOLECORE_EXTENT_83D9960B,conditional,525,426,6,2,4
opt,M_CONSOLECORE_EXTENT_83D9960B,conditional,539,436,6,2,4
opt,M_CONSOLECORE_EXTENT_83D9960B,conditional,545,438,6,2,4
opt,M_CONSOLECORE_EXTENT_83D9960B,conditional,559,448,6,2,4
opt,M_CONSOLECORE_EXTENT_83D9960B,conditional,565,450,6,2,4
opt,M_CONSOLECORE_EXTENT_83D9960B,conditional,641,510,6,2,4
opt,M_CONSOLECORE_EXTENT_83D9960B,conditional,647,512,6,2,4
opt,M_CONSOLECORE_EXTENT_83D9960B,conditional,661,522,6,2,4
opt,M_CONSOLECORE_EXTENT_83D9960B,conditional,667,524,6,2,4
opt,M_CONSOLECORE_EXTENT_83D9960B,conditional,681,534,6,2,4
opt,M_CONSOLECORE_EXTENT_83D9960B,conditional,687,536,6,2,4
opt,M_CONSOLECORE_EXTENT_83D9960B,conditional,701,546,6,2,4
opt,M_CONSOLECORE_EXTENT_83D9960B,conditional,707,548,6,2,4
opt,M_CONSOLECORE_EXTENT_83D9960B,conditional,832,659,6,2,4
opt,M_CONSOLECORE_EXTENT_83D9960B,conditional,838,661,6,2,4
opt,M_CONSOLECORE_EXTENT_83D9960B,conditional,852,671,6,2,4
opt,M_CONSOLECORE_EXTENT_83D9960B,conditional,858,673,6,2,4
opt,M_CONSOLECORE_EXTENT_83D9960B,conditional,872,683,6,2,4
opt,M_CONSOLECORE_EXTENT_83D9960B,conditional,878,685,6,2,4
opt,M_CONSOLECORE_EXTENT_83D9960B,conditional,892,695,6,2,4
opt,M_CONSOLECORE_EXTENT_83D9960B,conditional,898,697,6,2,4
opt,M_CONSOLECORE_EXTENT_83D9960B,conditional,970,755,6,2,4
opt,M_CONSOLECORE_EXTENT_83D9960B,conditional,976,757,6,2,4
opt,M_CONSOLECORE_EXTENT_83D9960B,conditional,990,767,6,2,4
opt,M_CONSOLECORE_EXTENT_83D9960B,conditional,996,769,6,2,4
opt,M_CONSOLECORE_EXTENT_83D9960B,conditional,1010,779,6,2,4
opt,M_CONSOLECORE_EXTENT_83D9960B,conditional,1016,781,6,2,4
opt,M_CONSOLECORE_EXTENT_83D9960B,conditional,1030,791,6,2,4
opt,M_CONSOLECORE_EXTENT_83D9960B,conditional,1036,793,6,2,4
opt,M_CONSOLECORE_EXTENT_83D9960B,bra,8,8,4,2,2
opt,M_CONSOLECORE_EXTENT_83D9960B,bra,295,261,4,2,2
opt,M_CONSOLECORE_EXTENT_83D9960B,bra,301,265,4,2,2
opt,M_CONSOLECORE_EXTENT_83D9960B,bra,307,269,4,2,2
opt,M_CONSOLECORE_EXTENT_83D9960B,bra,313,273,4,2,2
opt,M_CONSOLECORE_EXTENT_83D9960B,bra,329,287,4,2,2
opt,M_CONSOLECORE_EXTENT_83D9960B,bra,437,361,4,2,2
opt,M_CONSOLECORE_EXTENT_83D9960B,bra,443,365,4,2,2
opt,M_CONSOLECORE_EXTENT_83D9960B,bra,449,369,4,2,2
opt,M_CONSOLECORE_EXTENT_83D9960B,bra,455,373,4,2,2
opt,M_CONSOLECORE_EXTENT_83D9960B,bra,471,387,4,2,2
opt,M_CONSOLECORE_EXTENT_83D9960B,brl,477,391,4,3,1
opt,M_CONSOLECORE_EXTENT_83D9960B,bra,571,452,4,2,2
opt,M_CONSOLECORE_EXTENT_83D9960B,bra,577,456,4,2,2
opt,M_CONSOLECORE_EXTENT_83D9960B,bra,583,460,4,2,2
opt,M_CONSOLECORE_EXTENT_83D9960B,bra,589,464,4,2,2
opt,M_CONSOLECORE_EXTENT_83D9960B,bra,605,478,4,2,2
opt,M_CONSOLECORE_EXTENT_83D9960B,bra,611,482,4,2,2
opt,M_CONSOLECORE_EXTENT_83D9960B,bra,713,550,4,2,2
opt,M_CONSOLECORE_EXTENT_83D9960B,bra,719,554,4,2,2
opt,M_CONSOLECORE_EXTENT_83D9960B,bra,725,558,4,2,2
opt,M_CONSOLECORE_EXTENT_83D9960B,bra,731,562,4,2,2
opt,M_CONSOLECORE_EXTENT_83D9960B,bra,747,576,4,2,2
opt,M_CONSOLECORE_EXTENT_83D9960B,bra,904,699,4,2,2
opt,M_CONSOLECORE_EXTENT_83D9960B,bra,910,703,4,2,2
opt,M_CONSOLECORE_EXTENT_83D9960B,bra,916,707,4,2,2
opt,M_CONSOLECORE_EXTENT_83D9960B,bra,922,711,4,2,2
opt,M_CONSOLECORE_EXTENT_83D9960B,bra,938,725,4,2,2
opt,M_CONSOLECORE_EXTENT_83D9960B,bra,1042,795,4,2,2
opt,M_CONSOLECORE_EXTENT_83D9960B,bra,1048,799,4,2,2
opt,M_CONSOLECORE_EXTENT_83D9960B,bra,1054,803,4,2,2
opt,M_CONSOLECORE_EXTENT_83D9960B,bra,1060,807,4,2,2
opt,M_CONSOLECORE_EXTENT_83D9960B,bra,1076,821,4,2,2
opt,M_CONSOLECORE_INIT_F63331F9,bra,8,8,4,2,2
opt,M_CONSOLECORE_INIT_F63331F9,bra,39,37,4,2,2
opt,M_CONSOLECORE_INIT_F63331F9,bra,45,41,4,2,2
opt,M_CONSOLECORE_INIT_F63331F9,bra,58,52,4,2,2
opt,M_CONSOLECORE_INIT_F63331F9,bra,64,56,4,2,2
opt,M_CONSOLECORE_INIT_F63331F9,bra,79,69,4,2,2
opt,M_CONSOLECORE_INIT_F63331F9,bra,85,73,4,2,2
opt,M_CONSOLECORE_INIT_F63331F9,bra,100,86,4,2,2
opt,M_CONSOLECORE_INIT_F63331F9,bra,140,124,4,2,2
opt,M_CONSOLECORE_INIT_F63331F9,bra,162,144,4,2,2
opt,M_CONSOLECORE_INIT_F63331F9,bra,198,178,4,2,2
opt,M_CONSOLECORE_INIT_F63331F9,bra,206,184,4,2,2
opt,M_CONSOLECORE_INIT_F63331F9,bra,228,204,4,2,2
opt,M_CONSOLECORE_INIT_F63331F9,bra,264,238,4,2,2
opt,M_CONSOLECORE_INIT_F63331F9,bra,363,335,4,2,2
opt,M_CONSOLECORE_DIRTY_4A63B073,bra,8,8,4,2,2
opt,M_CONSOLECORE_DIRTY_4A63B073,bra,63,61,4,2,2
opt,M_CONSOLECORE_DIRTY_4A63B073,bra,129,125,4,2,2
opt,M_CONSOLECORE_EDITQUANTUM_E6CDEC54,bra,8,8,4,2,2
opt,M_CONSOLECORE_EDITQUANTUM_E6CDEC54,bra,63,61,4,2,2
opt,M_CONSOLECORE_EDITQUANTUM_E6CDEC54,bra,138,134,4,2,2
opt,M_CONSOLECORE_EDITQUANTUM_E6CDEC54,brl,177,171,4,3,1
opt,M_CONSOLECORE_EDITQUANTUM_E6CDEC54,brl,246,239,4,3,1
opt,M_CONSOLECORE_EDITQUANTUM_E6CDEC54,brl,281,273,4,3,1
opt,M_CONSOLECORE_EDITQUANTUM_E6CDEC54,bra,459,450,4,2,2
opt,M_CONSOLECORE_EDITQUANTUM_E6CDEC54,brl,561,550,4,3,1
opt,M_CONSOLECORE_EDITQUANTUM_E6CDEC54,bra,596,584,4,2,2
opt,M_CONSOLECORE_EDITQUANTUM_E6CDEC54,bra,717,703,4,2,2
opt,M_CONSOLECORE_NEWLINE_97A73E23,bra,8,8,4,2,2
opt,M_CONSOLECORE_NEWLINE_97A73E23,bra,124,122,4,2,2
opt,M_CONSOLECORE_NEWLINE_97A73E23,bra,236,232,4,2,2
opt,M_CONSOLECORE_CHARACTER_94A5011A,bra,8,8,4,2,2
opt,M_CONSOLECORE_CHARACTER_94A5011A,brl,52,50,4,3,1
opt,M_CONSOLECORE_CHARACTER_94A5011A,brl,72,69,4,3,1
opt,M_CONSOLECORE_CHARACTER_94A5011A,bra,92,88,4,2,2
opt,M_CONSOLECORE_CHARACTER_94A5011A,bra,285,279,4,2,2
opt,M_CONSOLECORE_CHARACTER_94A5011A,bra,452,444,4,2,2
opt,M_CONSOLECORE_CHARACTER_94A5011A,bra,474,464,4,2,2
opt,M_CONSOLECORE_CHARACTER_94A5011A,brl,531,519,4,3,1
opt,M_CONSOLECORE_CHARACTER_94A5011A,bra,549,536,4,2,2
opt,M_CONSOLECORE_CHARACTER_94A5011A,bra,585,570,4,2,2
opt,M_CONSOLECORE_CHARACTER_94A5011A,brl,637,620,4,3,1
opt,M_CONSOLECORE_CHARACTER_94A5011A,brl,655,637,4,3,1
opt,M_CONSOLECORE_CHARACTER_94A5011A,bra,747,728,4,2,2
opt,M_CONSOLECORE_CHARACTER_94A5011A,bra,769,748,4,2,2
opt,M_CONSOLECORE_CHARACTER_94A5011A,bra,826,803,4,2,2
opt,M_CONSOLECORE_CHARACTER_94A5011A,brl,857,832,4,3,1
opt,M_CONSOLECORE_CHARACTER_94A5011A,bra,875,849,4,2,2
opt,M_CONSOLECORE_CHARACTER_94A5011A,bra,897,869,4,2,2
opt,M_CONSOLECORE_CHARACTER_94A5011A,brl,954,924,4,3,1
opt,M_CONSOLECORE_CHARACTER_94A5011A,brl,972,941,4,3,1
opt,M_CONSOLECORE_CHARACTER_94A5011A,bra,1141,1109,4,2,2
opt,M_CONSOLECORE_CHARACTER_94A5011A,bra,1159,1125,4,2,2
opt,M_CONSOLECORE_FEED_287D49E7,bra,8,8,4,2,2
opt,M_CONSOLECORE_FEED_287D49E7,bra,63,61,4,2,2
opt,M_CONSOLECORE_FEED_287D49E7,bra,85,81,4,2,2
opt,M_CONSOLECORE_FEED_287D49E7,bra,167,161,4,2,2
opt,M_CONSOLECORE_FEED_287D49E7,brl,204,196,4,3,1
opt,M_CONSOLECORE_FEED_287D49E7,bra,286,277,4,2,2
opt,M_CONSOLECORE_FEED_287D49E7,bra,390,379,4,2,2
opt,M_CONSOLECORE_FEED_287D49E7,brl,411,398,4,3,1
opt,M_CONSOLEINPUT_INIT_5076ECFA,bra,8,8,4,2,2
opt,M_CONSOLEINPUT_LOSE_42C88EE3,bra,8,8,4,2,2
opt,M_CONSOLEINPUT_CLEAR_3DEF4D2B,bra,8,8,4,2,2
opt,M_CONSOLEINPUT_CLEAR_3DEF4D2B,bra,38,36,4,2,2
opt,M_CONSOLEINPUT_DECODE_A428056C,conditional,102,100,6,2,4
opt,M_CONSOLEINPUT_DECODE_A428056C,conditional,110,104,6,2,4
opt,M_CONSOLEINPUT_DECODE_A428056C,conditional,118,108,6,2,4
opt,M_CONSOLEINPUT_DECODE_A428056C,conditional,128,114,6,2,4
opt,M_CONSOLEINPUT_DECODE_A428056C,conditional,136,118,6,2,4
opt,M_CONSOLEINPUT_DECODE_A428056C,conditional,159,137,6,2,4
opt,M_CONSOLEINPUT_DECODE_A428056C,conditional,235,207,6,2,4
opt,M_CONSOLEINPUT_DECODE_A428056C,conditional,243,211,6,2,4
opt,M_CONSOLEINPUT_DECODE_A428056C,conditional,251,215,6,2,4
opt,M_CONSOLEINPUT_DECODE_A428056C,conditional,261,221,6,2,4
opt,M_CONSOLEINPUT_DECODE_A428056C,conditional,269,225,6,2,4
opt,M_CONSOLEINPUT_DECODE_A428056C,conditional,292,244,6,2,4
opt,M_CONSOLEINPUT_DECODE_A428056C,conditional,905,835,6,2,4
opt,M_CONSOLEINPUT_DECODE_A428056C,conditional,913,839,6,2,4
opt,M_CONSOLEINPUT_DECODE_A428056C,conditional,930,852,6,2,4
opt,M_CONSOLEINPUT_DECODE_A428056C,bra,8,8,4,2,2
opt,M_CONSOLEINPUT_DECODE_A428056C,bra,165,139,4,2,2
opt,M_CONSOLEINPUT_DECODE_A428056C,bra,298,246,4,2,2
opt,M_CONSOLEINPUT_DECODE_A428056C,bra,401,347,4,2,2
opt,M_CONSOLEINPUT_DECODE_A428056C,bra,440,384,4,2,2
opt,M_CONSOLEINPUT_DECODE_A428056C,bra,479,421,4,2,2
opt,M_CONSOLEINPUT_DECODE_A428056C,bra,592,532,4,2,2
opt,M_CONSOLEINPUT_DECODE_A428056C,bra,624,562,4,2,2
opt,M_CONSOLEINPUT_DECODE_A428056C,bra,670,606,4,2,2
opt,M_CONSOLEINPUT_DECODE_A428056C,bra,826,760,4,2,2
opt,M_CONSOLEINPUT_DECODE_A428056C,bra,858,790,4,2,2
opt,M_CONSOLEINPUT_DECODE_A428056C,bra,936,854,4,2,2
opt,M_CONSOLEINPUT_DECODE_A428056C,bra,986,902,4,2,2
opt,M_CONSOLEINPUT_DECODE_A428056C,bra,1006,920,4,2,2
opt,M_CONSOLEINPUT_DECODE_A428056C,bra,1026,938,4,2,2
opt,M_CONSOLEINPUT_DECODE_A428056C,bra,1083,993,4,2,2
opt,M_CONSOLEINPUT_DECODE_A428056C,bra,1127,1035,4,2,2
opt,M_CONSOLEINPUT_DECODE_A428056C,bra,1147,1053,4,2,2
opt,M_CONSOLEINPUT_DECODE_A428056C,bra,1200,1104,4,2,2
opt,M_CONSOLEINPUT_DECODE_A428056C,bra,1229,1131,4,2,2
opt,M_CONSOLEINPUT_DECODE_A428056C,bra,1247,1147,4,2,2
opt,M_CONSOLEINPUT_DECODE_A428056C,bra,1347,1245,4,2,2
opt,M_CONSOLEINPUT_DELIVER_8B43A137,bra,8,8,4,2,2
opt,M_CONSOLEINPUT_DELIVER_8B43A137,bra,63,61,4,2,2
opt,M_CONSOLEINPUT_DELIVER_8B43A137,bra,69,65,4,2,2
opt,M_CONSOLEINPUT_DELIVER_8B43A137,bra,106,100,4,2,2
opt,M_CONSOLEINPUT_DELIVER_8B43A137,bra,143,135,4,2,2
opt,M_CONSOLEINPUT_DELIVER_8B43A137,bra,225,215,4,2,2
opt,M_CONSOLEINPUT_DELIVER_8B43A137,bra,268,256,4,2,2
opt,M_CONSOLEINPUT_DELIVER_8B43A137,bra,290,276,4,2,2
opt,M_CONSOLEINPUT_PUMP_600356CC,conditional,113,108,6,2,4
opt,M_CONSOLEINPUT_PUMP_600356CC,conditional,150,139,6,2,4
opt,M_CONSOLEINPUT_PUMP_600356CC,bra,8,8,4,2,2
opt,M_CONSOLEINPUT_PUMP_600356CC,brl,42,40,4,3,1
opt,M_CONSOLEINPUT_PUMP_600356CC,bra,56,53,4,2,2
opt,M_CONSOLEINPUT_PUMP_600356CC,bra,128,119,4,2,2
opt,M_CONSOLEINPUT_PUMP_600356CC,bra,165,150,4,2,2
opt,M_CONSOLEINPUT_PUMP_600356CC,bra,187,170,4,2,2
opt,M_CONSOLEINPUT_PUMP_600356CC,bra,244,225,4,2,2
opt,M_CONSOLEINPUT_PUMP_600356CC,bra,264,243,4,2,2
opt,M_CONSOLEINPUT_PUMP_600356CC,brl,345,322,4,3,1
opt,M_CONSOLEINPUT_READ_9E7D5EC6,bra,8,8,4,2,2
opt,M_CONSOLEINPUT_READ_9E7D5EC6,bra,51,49,4,2,2
opt,M_CONSOLEINPUT_READ_9E7D5EC6,bra,102,98,4,2,2
opt,M_CONSOLEINPUT_READ_9E7D5EC6,bra,124,118,4,2,2
opt,M_CONSOLEINPUT_READ_9E7D5EC6,bra,204,196,4,2,2
opt,M_CONSOLEINPUT_READ_9E7D5EC6,brl,237,227,4,3,1
opt,M_CONSOLEINPUT_READ_9E7D5EC6,brl,273,262,4,3,1
opt,M_CONSOLEINPUT_READ_9E7D5EC6,brl,576,564,4,3,1
opt,M_CONSOLEDISPLAY_GLYPH_DCC4F92E,bra,8,8,4,2,2
opt,M_CONSOLEDISPLAY_GLYPH_DCC4F92E,bra,68,66,4,2,2
opt,M_CONSOLEDISPLAY_LISTVALID_C50FC922,conditional,606,582,6,2,4
opt,M_CONSOLEDISPLAY_LISTVALID_C50FC922,conditional,614,586,6,2,4
opt,M_CONSOLEDISPLAY_LISTVALID_C50FC922,conditional,633,601,6,2,4
opt,M_CONSOLEDISPLAY_LISTVALID_C50FC922,conditional,1014,965,6,2,4
opt,M_CONSOLEDISPLAY_LISTVALID_C50FC922,conditional,1022,969,6,2,4
opt,M_CONSOLEDISPLAY_LISTVALID_C50FC922,conditional,1041,984,6,2,4
opt,M_CONSOLEDISPLAY_LISTVALID_C50FC922,bra,8,8,4,2,2
opt,M_CONSOLEDISPLAY_LISTVALID_C50FC922,bra,39,37,4,2,2
opt,M_CONSOLEDISPLAY_LISTVALID_C50FC922,bra,45,41,4,2,2
opt,M_CONSOLEDISPLAY_LISTVALID_C50FC922,bra,60,54,4,2,2
opt,M_CONSOLEDISPLAY_LISTVALID_C50FC922,bra,98,90,4,2,2
opt,M_CONSOLEDISPLAY_LISTVALID_C50FC922,bra,122,112,4,2,2
opt,M_CONSOLEDISPLAY_LISTVALID_C50FC922,bra,234,222,4,2,2
opt,M_CONSOLEDISPLAY_LISTVALID_C50FC922,brl,240,226,4,3,1
opt,M_CONSOLEDISPLAY_LISTVALID_C50FC922,bra,306,291,4,2,2
opt,M_CONSOLEDISPLAY_LISTVALID_C50FC922,brl,312,295,4,3,1
opt,M_CONSOLEDISPLAY_LISTVALID_C50FC922,bra,378,360,4,2,2
opt,M_CONSOLEDISPLAY_LISTVALID_C50FC922,bra,384,364,4,2,2
opt,M_CONSOLEDISPLAY_LISTVALID_C50FC922,bra,450,428,4,2,2
opt,M_CONSOLEDISPLAY_LISTVALID_C50FC922,bra,639,603,4,2,2
opt,M_CONSOLEDISPLAY_LISTVALID_C50FC922,bra,676,638,4,2,2
opt,M_CONSOLEDISPLAY_LISTVALID_C50FC922,bra,706,666,4,2,2
opt,M_CONSOLEDISPLAY_LISTVALID_C50FC922,bra,770,728,4,2,2
opt,M_CONSOLEDISPLAY_LISTVALID_C50FC922,bra,800,756,4,2,2
opt,M_CONSOLEDISPLAY_LISTVALID_C50FC922,bra,866,820,4,2,2
opt,M_CONSOLEDISPLAY_LISTVALID_C50FC922,brl,872,824,4,3,1
opt,M_CONSOLEDISPLAY_LISTVALID_C50FC922,bra,1047,986,4,2,2
opt,M_CONSOLEDISPLAY_LISTVALID_C50FC922,bra,1084,1021,4,2,2
opt,M_CONSOLEDISPLAY_VALIDATE_33E36106,bra,8,8,4,2,2
opt,M_CONSOLEDISPLAY_VALIDATE_33E36106,bra,46,44,4,2,2
opt,M_CONSOLEDISPLAY_VALIDATE_33E36106,bra,52,48,4,2,2
opt,M_CONSOLEDISPLAY_VALIDATE_33E36106,bra,72,66,4,2,2
opt,M_CONSOLEDISPLAY_VALIDATE_33E36106,bra,78,70,4,2,2
opt,M_CONSOLEDISPLAY_VALIDATE_33E36106,bra,98,88,4,2,2
opt,M_CONSOLEDISPLAY_VALIDATE_33E36106,bra,104,92,4,2,2
opt,M_CONSOLEDISPLAY_VALIDATE_33E36106,bra,124,110,4,2,2
opt,M_CONSOLEDISPLAY_VALIDATE_33E36106,bra,130,114,4,2,2
opt,M_CONSOLEDISPLAY_VALIDATE_33E36106,bra,150,132,4,2,2
opt,M_CONSOLEDISPLAY_VALIDATE_33E36106,bra,184,164,4,2,2
opt,M_CONSOLEDISPLAY_VALIDATE_33E36106,bra,190,168,4,2,2
opt,M_CONSOLEDISPLAY_VALIDATE_33E36106,bra,210,186,4,2,2
opt,M_CONSOLEDISPLAY_VALIDATE_33E36106,bra,216,190,4,2,2
opt,M_CONSOLEDISPLAY_VALIDATE_33E36106,bra,236,208,4,2,2
opt,M_CONSOLEDISPLAY_VALIDATE_33E36106,bra,265,235,4,2,2
opt,M_CONSOLEDISPLAY_VALIDATE_33E36106,bra,271,239,4,2,2
opt,M_CONSOLEDISPLAY_VALIDATE_33E36106,bra,288,254,4,2,2
opt,M_CONSOLEDISPLAY_VALIDATE_33E36106,bra,324,288,4,2,2
opt,M_CONSOLEDISPLAY_VALIDATE_33E36106,bra,330,292,4,2,2
opt,M_CONSOLEDISPLAY_VALIDATE_33E36106,bra,358,318,4,2,2
opt,M_CONSOLEDISPLAY_VALIDATE_33E36106,bra,396,354,4,2,2
opt,M_CONSOLEDISPLAY_GEOMETRY_B00D0334,bra,8,8,4,2,2
opt,M_CONSOLEDISPLAY_GEOMETRY_B00D0334,bra,60,58,4,2,2
opt,M_CONSOLEDISPLAY_GEOMETRY_B00D0334,bra,66,62,4,2,2
opt,M_CONSOLEDISPLAY_GEOMETRY_B00D0334,bra,100,94,4,2,2
opt,M_CONSOLEDISPLAY_GEOMETRY_B00D0334,bra,106,98,4,2,2
opt,M_CONSOLEDISPLAY_GEOMETRY_B00D0334,bra,140,130,4,2,2
opt,M_CONSOLEDISPLAY_GEOMETRY_B00D0334,bra,146,134,4,2,2
opt,M_CONSOLEDISPLAY_GEOMETRY_B00D0334,bra,180,166,4,2,2
opt,M_CONSOLEDISPLAY_GEOMETRY_B00D0334,bra,256,240,4,2,2
opt,M_CONSOLEDISPLAY_GEOMETRY_B00D0334,bra,262,244,4,2,2
opt,M_CONSOLEDISPLAY_GEOMETRY_B00D0334,bra,324,304,4,2,2
opt,M_CONSOLEDISPLAY_GEOMETRY_B00D0334,bra,394,372,4,2,2
opt,M_CONSOLEDISPLAY_GEOMETRY_B00D0334,bra,400,376,4,2,2
opt,M_CONSOLEDISPLAY_GEOMETRY_B00D0334,bra,456,430,4,2,2
opt,M_CONSOLEDISPLAY_COPYSCREEN_6781A699,bra,8,8,4,2,2
opt,M_CONSOLEDISPLAY_COPYSCREEN_6781A699,brl,42,40,4,3,1
opt,M_CONSOLEDISPLAY_COPYSCREEN_6781A699,brl,72,69,4,3,1
opt,M_CONSOLEDISPLAY_COPYSCREEN_6781A699,brl,210,206,4,3,1
opt,M_CONSOLEDISPLAY_COPYSCREEN_6781A699,bra,222,217,4,2,2
opt,M_CONSOLEDISPLAY_COPYSCREEN_6781A699,brl,273,266,4,3,1
opt,M_CONSOLEDISPLAY_CLAIM_0FF5CDD8,conditional,172,162,6,2,4
opt,M_CONSOLEDISPLAY_CLAIM_0FF5CDD8,conditional,228,210,6,2,4
opt,M_CONSOLEDISPLAY_CLAIM_0FF5CDD8,conditional,234,212,6,2,4
opt,M_CONSOLEDISPLAY_CLAIM_0FF5CDD8,conditional,248,222,6,2,4
opt,M_CONSOLEDISPLAY_CLAIM_0FF5CDD8,conditional,254,224,6,2,4
opt,M_CONSOLEDISPLAY_CLAIM_0FF5CDD8,conditional,268,234,6,2,4
opt,M_CONSOLEDISPLAY_CLAIM_0FF5CDD8,conditional,274,236,6,2,4
opt,M_CONSOLEDISPLAY_CLAIM_0FF5CDD8,bra,8,8,4,2,2
opt,M_CONSOLEDISPLAY_CLAIM_0FF5CDD8,bra,63,61,4,2,2
opt,M_CONSOLEDISPLAY_CLAIM_0FF5CDD8,bra,69,65,4,2,2
opt,M_CONSOLEDISPLAY_CLAIM_0FF5CDD8,bra,81,75,4,2,2
opt,M_CONSOLEDISPLAY_CLAIM_0FF5CDD8,bra,144,136,4,2,2
opt,M_CONSOLEDISPLAY_CLAIM_0FF5CDD8,bra,188,174,4,2,2
opt,M_CONSOLEDISPLAY_CLAIM_0FF5CDD8,bra,194,178,4,2,2
opt,M_CONSOLEDISPLAY_CLAIM_0FF5CDD8,bra,280,238,4,2,2
opt,M_CONSOLEDISPLAY_CLAIM_0FF5CDD8,bra,286,242,4,2,2
opt,M_CONSOLEDISPLAY_CLAIM_0FF5CDD8,bra,292,246,4,2,2
opt,M_CONSOLEDISPLAY_CLAIM_0FF5CDD8,bra,298,250,4,2,2
opt,M_CONSOLEDISPLAY_CLAIM_0FF5CDD8,bra,314,264,4,2,2
opt,M_CONSOLEDISPLAY_CLAIM_0FF5CDD8,bra,676,624,4,2,2
opt,M_CONSOLEDISPLAY_CLAIM_0FF5CDD8,bra,763,709,4,2,2
opt,M_CONSOLEDISPLAY_CLAIM_0FF5CDD8,bra,805,749,4,2,2
opt,M_CONSOLEDISPLAY_RELEASE_C2AC22C5,bra,8,8,4,2,2
opt,M_CONSOLEDISPLAY_RELEASE_C2AC22C5,bra,63,61,4,2,2
opt,M_CONSOLEDISPLAY_RELEASE_C2AC22C5,bra,179,175,4,2,2
opt,M_CONSOLEDISPLAY_POSITION_5668E3AD,conditional,48,46,6,2,4
opt,M_CONSOLEDISPLAY_POSITION_5668E3AD,conditional,56,50,6,2,4
opt,M_CONSOLEDISPLAY_POSITION_5668E3AD,conditional,75,65,6,2,4
opt,M_CONSOLEDISPLAY_POSITION_5668E3AD,conditional,119,103,6,2,4
opt,M_CONSOLEDISPLAY_POSITION_5668E3AD,conditional,127,107,6,2,4
opt,M_CONSOLEDISPLAY_POSITION_5668E3AD,conditional,146,122,6,2,4
opt,M_CONSOLEDISPLAY_POSITION_5668E3AD,bra,8,8,4,2,2
opt,M_CONSOLEDISPLAY_POSITION_5668E3AD,bra,81,67,4,2,2
opt,M_CONSOLEDISPLAY_POSITION_5668E3AD,bra,152,124,4,2,2
opt,M_CONSOLEDISPLAY_CURSOR_3EC7579C,bra,8,8,4,2,2
opt,M_CONSOLEDISPLAY_CURSOR_3EC7579C,bra,139,137,4,2,2
opt,M_CONSOLEDISPLAY_CURSOR_3EC7579C,bra,145,141,4,2,2
opt,M_CONSOLEDISPLAY_CURSOR_3EC7579C,bra,201,195,4,2,2
opt,M_CONSOLEDISPLAY_CURSOR_3EC7579C,bra,207,199,4,2,2
opt,M_CONSOLEDISPLAY_CURSOR_3EC7579C,bra,263,253,4,2,2
opt,M_CONSOLEDISPLAY_CURSOR_3EC7579C,bra,390,378,4,2,2
opt,M_CONSOLEDISPLAY_CURSOR_3EC7579C,bra,568,554,4,2,2
opt,M_CONSOLEDISPLAY_CELLS_58FB51DD,bra,8,8,4,2,2
opt,M_CONSOLEDISPLAY_CELLS_58FB51DD,bra,91,89,4,2,2
opt,M_CONSOLEDISPLAY_CELLS_58FB51DD,bra,143,139,4,2,2
opt,M_CONSOLEDISPLAY_CELLS_58FB51DD,brl,189,183,4,3,1
opt,M_CONSOLEDISPLAY_CELLS_58FB51DD,brl,202,195,4,3,1
opt,M_CONSOLEDISPLAY_CELLS_58FB51DD,brl,237,229,4,3,1
opt,M_CONSOLEDISPLAY_CELLS_58FB51DD,brl,272,263,4,3,1
opt,M_CONSOLEDISPLAY_CELLS_58FB51DD,bra,346,336,4,2,2
opt,M_CONSOLEDISPLAY_CELLS_58FB51DD,bra,539,527,4,2,2
opt,M_CONSOLEDISPLAY_CELLS_58FB51DD,bra,707,693,4,2,2
opt,M_CONSOLEDISPLAY_CELLS_58FB51DD,brl,742,726,4,3,1
opt,M_CONSOLEDISPLAY_CELLS_58FB51DD,bra,798,781,4,2,2
opt,M_CONSOLEDISPLAY_QUANTUM_5F98A18D,bra,8,8,4,2,2
opt,M_CONSOLEDISPLAY_QUANTUM_5F98A18D,bra,63,61,4,2,2
opt,M_CONSOLEDISPLAY_QUANTUM_5F98A18D,brl,69,65,4,3,1
opt,M_CONSOLEDISPLAY_QUANTUM_5F98A18D,bra,106,101,4,2,2
opt,M_CONSOLEDISPLAY_QUANTUM_5F98A18D,bra,112,105,4,2,2
opt,M_CONSOLEDISPLAY_QUANTUM_5F98A18D,bra,140,131,4,2,2
opt,M_CONSOLEDISPLAY_QUANTUM_5F98A18D,bra,227,216,4,2,2
opt,M_CONSOLEDISPLAY_QUANTUM_5F98A18D,brl,273,260,4,3,1
opt,M_CONSOLEDISPLAY_QUANTUM_5F98A18D,bra,470,456,4,2,2
opt,M_CONSOLEDISPLAY_QUANTUM_5F98A18D,bra,565,549,4,2,2
opt,M_CONSOLEDRIVER_GETSERVICE_BEE5E55D,bra,8,8,4,2,2
opt,M_CONSOLEDRIVER_GETINSTANCE_7919D405,bra,8,8,4,2,2
opt,M_CONSOLEDRIVER_MAPPED_DAA6A481,conditional,40,38,6,2,4
opt,M_CONSOLEDRIVER_MAPPED_DAA6A481,conditional,161,152,6,2,4
opt,M_CONSOLEDRIVER_MAPPED_DAA6A481,conditional,167,154,6,2,4
opt,M_CONSOLEDRIVER_MAPPED_DAA6A481,conditional,181,164,6,2,4
opt,M_CONSOLEDRIVER_MAPPED_DAA6A481,conditional,187,166,6,2,4
opt,M_CONSOLEDRIVER_MAPPED_DAA6A481,conditional,201,176,6,2,4
opt,M_CONSOLEDRIVER_MAPPED_DAA6A481,conditional,207,178,6,2,4
opt,M_CONSOLEDRIVER_MAPPED_DAA6A481,conditional,221,188,6,2,4
opt,M_CONSOLEDRIVER_MAPPED_DAA6A481,conditional,227,190,6,2,4
opt,M_CONSOLEDRIVER_MAPPED_DAA6A481,conditional,323,272,6,2,4
opt,M_CONSOLEDRIVER_MAPPED_DAA6A481,conditional,331,276,6,2,4
opt,M_CONSOLEDRIVER_MAPPED_DAA6A481,conditional,352,293,6,2,4
opt,M_CONSOLEDRIVER_MAPPED_DAA6A481,conditional,548,483,6,2,4
opt,M_CONSOLEDRIVER_MAPPED_DAA6A481,conditional,556,487,6,2,4
opt,M_CONSOLEDRIVER_MAPPED_DAA6A481,conditional,564,491,6,2,4
opt,M_CONSOLEDRIVER_MAPPED_DAA6A481,conditional,574,497,6,2,4
opt,M_CONSOLEDRIVER_MAPPED_DAA6A481,conditional,582,501,6,2,4
opt,M_CONSOLEDRIVER_MAPPED_DAA6A481,conditional,605,520,6,2,4
opt,M_CONSOLEDRIVER_MAPPED_DAA6A481,bra,8,8,4,2,2
opt,M_CONSOLEDRIVER_MAPPED_DAA6A481,bra,56,50,4,2,2
opt,M_CONSOLEDRIVER_MAPPED_DAA6A481,brl,62,54,4,3,1
opt,M_CONSOLEDRIVER_MAPPED_DAA6A481,bra,233,192,4,2,2
opt,M_CONSOLEDRIVER_MAPPED_DAA6A481,bra,239,196,4,2,2
opt,M_CONSOLEDRIVER_MAPPED_DAA6A481,bra,245,200,4,2,2
opt,M_CONSOLEDRIVER_MAPPED_DAA6A481,bra,251,204,4,2,2
opt,M_CONSOLEDRIVER_MAPPED_DAA6A481,bra,267,218,4,2,2
opt,M_CONSOLEDRIVER_MAPPED_DAA6A481,bra,358,295,4,2,2
opt,M_CONSOLEDRIVER_MAPPED_DAA6A481,bra,611,522,4,2,2
opt,M_CONSOLEDRIVER_MAPPED_DAA6A481,bra,666,575,4,2,2
opt,M_CONSOLEDRIVER_MAPPED_DAA6A481,brl,698,605,4,3,1
opt,M_CONSOLEDRIVER_MAPPED_DAA6A481,bra,743,649,4,2,2
opt,M_CONSOLEDRIVER_MAPPED_DAA6A481,bra,813,717,4,2,2
opt,M_CONSOLEDRIVER_MAPPED_DAA6A481,bra,845,747,4,2,2
opt,M_CONSOLEDRIVER_MAPPED_DAA6A481,bra,870,770,4,2,2
opt,M_CONSOLEDRIVER_MAPPED_DAA6A481,bra,876,774,4,2,2
opt,M_CONSOLEDRIVER_MAPPED_DAA6A481,brl,892,788,4,3,1
opt,M_CONSOLEDRIVER_VALIDATE_72D30322,conditional,157,151,6,2,4
opt,M_CONSOLEDRIVER_VALIDATE_72D30322,conditional,270,257,6,2,4
opt,M_CONSOLEDRIVER_VALIDATE_72D30322,conditional,435,415,6,2,4
opt,M_CONSOLEDRIVER_VALIDATE_72D30322,conditional,441,417,6,2,4
opt,M_CONSOLEDRIVER_VALIDATE_72D30322,conditional,455,427,6,2,4
opt,M_CONSOLEDRIVER_VALIDATE_72D30322,conditional,461,429,6,2,4
opt,M_CONSOLEDRIVER_VALIDATE_72D30322,conditional,475,439,6,2,4
opt,M_CONSOLEDRIVER_VALIDATE_72D30322,conditional,481,441,6,2,4
opt,M_CONSOLEDRIVER_VALIDATE_72D30322,conditional,495,451,6,2,4
opt,M_CONSOLEDRIVER_VALIDATE_72D30322,conditional,501,453,6,2,4
opt,M_CONSOLEDRIVER_VALIDATE_72D30322,conditional,619,557,6,2,4
opt,M_CONSOLEDRIVER_VALIDATE_72D30322,conditional,627,561,6,2,4
opt,M_CONSOLEDRIVER_VALIDATE_72D30322,conditional,648,578,6,2,4
opt,M_CONSOLEDRIVER_VALIDATE_72D30322,conditional,682,606,6,2,4
opt,M_CONSOLEDRIVER_VALIDATE_72D30322,conditional,806,723,6,2,4
opt,M_CONSOLEDRIVER_VALIDATE_72D30322,bra,8,8,4,2,2
opt,M_CONSOLEDRIVER_VALIDATE_72D30322,bra,68,66,4,2,2
opt,M_CONSOLEDRIVER_VALIDATE_72D30322,bra,116,112,4,2,2
opt,M_CONSOLEDRIVER_VALIDATE_72D30322,bra,172,162,4,2,2
opt,M_CONSOLEDRIVER_VALIDATE_72D30322,brl,228,216,4,3,1
opt,M_CONSOLEDRIVER_VALIDATE_72D30322,bra,286,269,4,2,2
opt,M_CONSOLEDRIVER_VALIDATE_72D30322,brl,292,273,4,3,1
opt,M_CONSOLEDRIVER_VALIDATE_72D30322,bra,507,455,4,2,2
opt,M_CONSOLEDRIVER_VALIDATE_72D30322,bra,513,459,4,2,2
opt,M_CONSOLEDRIVER_VALIDATE_72D30322,bra,519,463,4,2,2
opt,M_CONSOLEDRIVER_VALIDATE_72D30322,bra,525,467,4,2,2
opt,M_CONSOLEDRIVER_VALIDATE_72D30322,bra,541,481,4,2,2
opt,M_CONSOLEDRIVER_VALIDATE_72D30322,bra,654,580,4,2,2
opt,M_CONSOLEDRIVER_VALIDATE_72D30322,brl,698,618,4,3,1
opt,M_CONSOLEDRIVER_VALIDATE_72D30322,bra,736,655,4,2,2
opt,M_CONSOLEDRIVER_VALIDATE_72D30322,bra,818,731,4,2,2
opt,M_CONSOLEDRIVER_VALIDATE_72D30322,bra,920,831,4,2,2
opt,M_CONSOLEDRIVER_VALIDATE_72D30322,bra,1005,914,4,2,2
opt,M_CONSOLEDRIVER_FINISHWRITE_E8555190,bra,8,8,4,2,2
opt,M_CONSOLEDRIVER_FINISHWRITE_E8555190,bra,63,61,4,2,2
opt,M_CONSOLEDRIVER_FINISHWRITE_E8555190,bra,128,124,4,2,2
opt,M_CONSOLEDRIVER_WRITEQUANTUM_AEE13626,conditional,86,84,6,2,4
opt,M_CONSOLEDRIVER_WRITEQUANTUM_AEE13626,conditional,222,213,6,2,4
opt,M_CONSOLEDRIVER_WRITEQUANTUM_AEE13626,conditional,713,685,6,2,4
opt,M_CONSOLEDRIVER_WRITEQUANTUM_AEE13626,conditional,966,930,6,2,4
opt,M_CONSOLEDRIVER_WRITEQUANTUM_AEE13626,conditional,972,932,6,2,4
opt,M_CONSOLEDRIVER_WRITEQUANTUM_AEE13626,conditional,986,942,6,2,4
opt,M_CONSOLEDRIVER_WRITEQUANTUM_AEE13626,conditional,992,944,6,2,4
opt,M_CONSOLEDRIVER_WRITEQUANTUM_AEE13626,conditional,1006,954,6,2,4
opt,M_CONSOLEDRIVER_WRITEQUANTUM_AEE13626,conditional,1012,956,6,2,4
opt,M_CONSOLEDRIVER_WRITEQUANTUM_AEE13626,conditional,1026,966,6,2,4
opt,M_CONSOLEDRIVER_WRITEQUANTUM_AEE13626,conditional,1032,968,6,2,4
opt,M_CONSOLEDRIVER_WRITEQUANTUM_AEE13626,bra,8,8,4,2,2
opt,M_CONSOLEDRIVER_WRITEQUANTUM_AEE13626,brl,102,96,4,3,1
opt,M_CONSOLEDRIVER_WRITEQUANTUM_AEE13626,bra,116,109,4,2,2
opt,M_CONSOLEDRIVER_WRITEQUANTUM_AEE13626,bra,238,225,4,2,2
opt,M_CONSOLEDRIVER_WRITEQUANTUM_AEE13626,bra,267,252,4,2,2
opt,M_CONSOLEDRIVER_WRITEQUANTUM_AEE13626,brl,344,327,4,3,1
opt,M_CONSOLEDRIVER_WRITEQUANTUM_AEE13626,bra,409,391,4,2,2
opt,M_CONSOLEDRIVER_WRITEQUANTUM_AEE13626,bra,520,500,4,2,2
opt,M_CONSOLEDRIVER_WRITEQUANTUM_AEE13626,bra,542,520,4,2,2
opt,M_CONSOLEDRIVER_WRITEQUANTUM_AEE13626,bra,639,615,4,2,2
opt,M_CONSOLEDRIVER_WRITEQUANTUM_AEE13626,bra,645,619,4,2,2
opt,M_CONSOLEDRIVER_WRITEQUANTUM_AEE13626,bra,727,695,4,2,2
opt,M_CONSOLEDRIVER_WRITEQUANTUM_AEE13626,bra,757,723,4,2,2
opt,M_CONSOLEDRIVER_WRITEQUANTUM_AEE13626,bra,1038,970,4,2,2
opt,M_CONSOLEDRIVER_WRITEQUANTUM_AEE13626,bra,1044,974,4,2,2
opt,M_CONSOLEDRIVER_WRITEQUANTUM_AEE13626,bra,1050,978,4,2,2
opt,M_CONSOLEDRIVER_WRITEQUANTUM_AEE13626,bra,1056,982,4,2,2
opt,M_CONSOLEDRIVER_WRITEQUANTUM_AEE13626,bra,1072,996,4,2,2
opt,M_CONSOLEDRIVER_WRITEQUANTUM_AEE13626,bra,1257,1179,4,2,2
opt,M_CONSOLEDRIVER_READQUANTUM_10EBF725,conditional,86,84,6,2,4
opt,M_CONSOLEDRIVER_READQUANTUM_10EBF725,conditional,561,538,6,2,4
opt,M_CONSOLEDRIVER_READQUANTUM_10EBF725,conditional,567,540,6,2,4
opt,M_CONSOLEDRIVER_READQUANTUM_10EBF725,conditional,581,550,6,2,4
opt,M_CONSOLEDRIVER_READQUANTUM_10EBF725,conditional,587,552,6,2,4
opt,M_CONSOLEDRIVER_READQUANTUM_10EBF725,conditional,601,562,6,2,4
opt,M_CONSOLEDRIVER_READQUANTUM_10EBF725,conditional,607,564,6,2,4
opt,M_CONSOLEDRIVER_READQUANTUM_10EBF725,conditional,621,574,6,2,4
opt,M_CONSOLEDRIVER_READQUANTUM_10EBF725,conditional,627,576,6,2,4
opt,M_CONSOLEDRIVER_READQUANTUM_10EBF725,bra,8,8,4,2,2
opt,M_CONSOLEDRIVER_READQUANTUM_10EBF725,bra,102,96,4,2,2
opt,M_CONSOLEDRIVER_READQUANTUM_10EBF725,bra,108,100,4,2,2
opt,M_CONSOLEDRIVER_READQUANTUM_10EBF725,bra,145,135,4,2,2
opt,M_CONSOLEDRIVER_READQUANTUM_10EBF725,bra,191,179,4,2,2
opt,M_CONSOLEDRIVER_READQUANTUM_10EBF725,bra,213,199,4,2,2
opt,M_CONSOLEDRIVER_READQUANTUM_10EBF725,bra,355,339,4,2,2
opt,M_CONSOLEDRIVER_READQUANTUM_10EBF725,brl,421,403,4,3,1
opt,M_CONSOLEDRIVER_READQUANTUM_10EBF725,bra,457,438,4,2,2
opt,M_CONSOLEDRIVER_READQUANTUM_10EBF725,bra,496,475,4,2,2
opt,M_CONSOLEDRIVER_READQUANTUM_10EBF725,bra,633,578,4,2,2
opt,M_CONSOLEDRIVER_READQUANTUM_10EBF725,bra,639,582,4,2,2
opt,M_CONSOLEDRIVER_READQUANTUM_10EBF725,bra,645,586,4,2,2
opt,M_CONSOLEDRIVER_READQUANTUM_10EBF725,bra,651,590,4,2,2
opt,M_CONSOLEDRIVER_READQUANTUM_10EBF725,bra,667,604,4,2,2
opt,M_CONSOLEDRIVER_READQUANTUM_10EBF725,bra,773,708,4,2,2
opt,M_CONSOLEDRIVER_READQUANTUM_10EBF725,bra,861,794,4,2,2
opt,M_CONSOLEDRIVER_READQUANTUM_10EBF725,bra,894,825,4,2,2
opt,M_CONSOLEDRIVER_READQUANTUM_10EBF725,bra,982,911,4,2,2
opt,M_CONSOLEDRIVER_ARRIVAL_EC6B7DA9,conditional,144,140,6,2,4
opt,M_CONSOLEDRIVER_ARRIVAL_EC6B7DA9,bra,8,8,4,2,2
opt,M_CONSOLEDRIVER_ARRIVAL_EC6B7DA9,bra,38,36,4,2,2
opt,M_CONSOLEDRIVER_ARRIVAL_EC6B7DA9,bra,160,152,4,2,2
opt,M_CONSOLEDRIVER_ARRIVAL_EC6B7DA9,bra,206,196,4,2,2
opt,M_CONSOLEDRIVER_ARRIVAL_EC6B7DA9,bra,228,216,4,2,2
opt,M_CONSOLEDRIVER_ARRIVAL_EC6B7DA9,bra,317,303,4,2,2
opt,M_CONSOLEDRIVER_INITIALIZE_D6CB2592,conditional,308,302,6,2,4
opt,M_CONSOLEDRIVER_INITIALIZE_D6CB2592,conditional,344,330,6,2,4
opt,M_CONSOLEDRIVER_INITIALIZE_D6CB2592,conditional,1029,995,6,2,4
opt,M_CONSOLEDRIVER_INITIALIZE_D6CB2592,bra,8,8,4,2,2
opt,M_CONSOLEDRIVER_INITIALIZE_D6CB2592,bra,38,36,4,2,2
opt,M_CONSOLEDRIVER_INITIALIZE_D6CB2592,bra,130,126,4,2,2
opt,M_CONSOLEDRIVER_INITIALIZE_D6CB2592,bra,324,314,4,2,2
opt,M_CONSOLEDRIVER_INITIALIZE_D6CB2592,bra,330,318,4,2,2
opt,M_CONSOLEDRIVER_INITIALIZE_D6CB2592,bra,360,342,4,2,2
opt,M_CONSOLEDRIVER_INITIALIZE_D6CB2592,bra,402,382,4,2,2
opt,M_CONSOLEDRIVER_INITIALIZE_D6CB2592,bra,509,487,4,2,2
opt,M_CONSOLEDRIVER_INITIALIZE_D6CB2592,brl,560,536,4,3,1
opt,M_CONSOLEDRIVER_INITIALIZE_D6CB2592,bra,582,557,4,2,2
opt,M_CONSOLEDRIVER_INITIALIZE_D6CB2592,bra,647,620,4,2,2
opt,M_CONSOLEDRIVER_INITIALIZE_D6CB2592,brl,694,665,4,3,1
opt,M_CONSOLEDRIVER_INITIALIZE_D6CB2592,bra,722,692,4,2,2
opt,M_CONSOLEDRIVER_INITIALIZE_D6CB2592,bra,891,859,4,2,2
opt,M_CONSOLEDRIVER_INITIALIZE_D6CB2592,bra,1045,1007,4,2,2
opt,M_CONSOLEDRIVER_INITIALIZE_D6CB2592,bra,1121,1081,4,2,2
opt,M_CONSOLEDRIVER_INITIALIZE_D6CB2592,bra,1218,1176,4,2,2
opt,M_CONSOLEDRIVER_INITIALIZE_D6CB2592,bra,1244,1200,4,2,2
opt,M_CONSOLEDRIVER_INITIALIZE_D6CB2592,bra,1309,1263,4,2,2
opt,M_CONSOLEDRIVER_INITIALIZE_D6CB2592,bra,1335,1287,4,2,2
opt,M_CONSOLEDRIVER_INITIALIZE_D6CB2592,bra,1400,1350,4,2,2
opt,M_CONSOLEDRIVER_INITIALIZE_D6CB2592,bra,1414,1362,4,2,2
opt,M_CONSOLEDRIVER_INITIALIZE_D6CB2592,bra,1483,1429,4,2,2
opt,M_CONSOLEDRIVER_INITIALIZE_D6CB2592,bra,1557,1501,4,2,2
opt,M_CONSOLEDRIVER_INITIALIZE_D6CB2592,bra,1644,1586,4,2,2
opt,M_CONSOLEDRIVER_INITIALIZE_D6CB2592,bra,1658,1598,4,2,2
opt,M_CONSOLEDRIVER_INITIALIZE_D6CB2592,bra,1715,1653,4,2,2
opt,M_CONSOLEDRIVER_FREESTORAGE_02676B4B,bra,8,8,4,2,2
opt,M_CONSOLEDRIVER_FREESTORAGE_02676B4B,bra,62,60,4,2,2
opt,M_CONSOLEDRIVER_FREESTORAGE_02676B4B,brl,165,161,4,3,1
opt,M_CONSOLEDRIVER_FREESTORAGE_02676B4B,bra,213,208,4,2,2
opt,M_CONSOLEDRIVER_FREESTORAGE_02676B4B,brl,412,405,4,3,1
opt,M_CONSOLEDRIVER_FREESTORAGE_02676B4B,bra,460,452,4,2,2
opt,M_CONSOLEDRIVER_FREESTORAGE_02676B4B,brl,618,608,4,3,1
opt,M_CONSOLEDRIVER_FREESTORAGE_02676B4B,bra,666,655,4,2,2
opt,M_CONSOLEDRIVER_WORKER_589B3ABC,conditional,1149,1117,6,2,4
opt,M_CONSOLEDRIVER_WORKER_589B3ABC,bra,8,8,4,2,2
opt,M_CONSOLEDRIVER_WORKER_589B3ABC,bra,38,36,4,2,2
opt,M_CONSOLEDRIVER_WORKER_589B3ABC,bra,102,98,4,2,2
opt,M_CONSOLEDRIVER_WORKER_589B3ABC,bra,166,160,4,2,2
opt,M_CONSOLEDRIVER_WORKER_589B3ABC,brl,253,245,4,3,1
opt,M_CONSOLEDRIVER_WORKER_589B3ABC,bra,267,258,4,2,2
opt,M_CONSOLEDRIVER_WORKER_589B3ABC,bra,372,361,4,2,2
opt,M_CONSOLEDRIVER_WORKER_589B3ABC,bra,455,442,4,2,2
opt,M_CONSOLEDRIVER_WORKER_589B3ABC,brl,548,533,4,3,1
opt,M_CONSOLEDRIVER_WORKER_589B3ABC,bra,562,546,4,2,2
opt,M_CONSOLEDRIVER_WORKER_589B3ABC,bra,617,599,4,2,2
opt,M_CONSOLEDRIVER_WORKER_589B3ABC,bra,684,664,4,2,2
opt,M_CONSOLEDRIVER_WORKER_589B3ABC,bra,739,717,4,2,2
opt,M_CONSOLEDRIVER_WORKER_589B3ABC,bra,818,794,4,2,2
opt,M_CONSOLEDRIVER_WORKER_589B3ABC,bra,897,871,4,2,2
opt,M_CONSOLEDRIVER_WORKER_589B3ABC,bra,1000,972,4,2,2
opt,M_CONSOLEDRIVER_WORKER_589B3ABC,bra,1079,1049,4,2,2
opt,M_CONSOLEDRIVER_WORKER_589B3ABC,bra,1161,1125,4,2,2
opt,M_CONSOLEDRIVER_WORKER_589B3ABC,bra,1175,1137,4,2,2
opt,M_CONSOLEDRIVER_WORKER_589B3ABC,bra,1237,1197,4,2,2
opt,M_CONSOLEDRIVER_WORKER_589B3ABC,bra,1249,1207,4,2,2
opt,M_CONSOLEDRIVER_WORKER_589B3ABC,brl,1296,1252,4,3,1
opt,M_CONSOLEDRIVER_WORKER_589B3ABC,bra,1308,1263,4,2,2
opt,M_CONSOLEDRIVER_WORKER_589B3ABC,bra,1363,1316,4,2,2
opt,M_CONSOLEDRIVER_WORKER_589B3ABC,bra,1420,1371,4,2,2
opt,M_CONSOLEDRIVER_WORKER_589B3ABC,bra,1477,1426,4,2,2
opt,M_CONSOLEDRIVER_WORKER_589B3ABC,bra,1556,1503,4,2,2
opt,M_CONSOLEDRIVER_START_3E6AAC44,conditional,124,120,6,2,4
opt,M_CONSOLEDRIVER_START_3E6AAC44,conditional,337,321,6,2,4
opt,M_CONSOLEDRIVER_START_3E6AAC44,conditional,348,328,6,2,4
opt,M_CONSOLEDRIVER_START_3E6AAC44,bra,8,8,4,2,2
opt,M_CONSOLEDRIVER_START_3E6AAC44,bra,54,52,4,2,2
opt,M_CONSOLEDRIVER_START_3E6AAC44,bra,136,128,4,2,2
opt,M_CONSOLEDRIVER_START_3E6AAC44,bra,162,152,4,2,2
opt,M_CONSOLEDRIVER_START_3E6AAC44,bra,224,212,4,2,2
opt,M_CONSOLEDRIVER_START_3E6AAC44,brl,306,292,4,3,1
opt,M_CONSOLEDRIVER_START_3E6AAC44,brl,326,311,4,3,1
opt,M_CONSOLEDRIVER_START_3E6AAC44,bra,358,334,4,2,2
opt,M_CONSOLEDRIVER_STOP_093D3500,conditional,108,104,6,2,4
opt,M_CONSOLEDRIVER_STOP_093D3500,bra,8,8,4,2,2
opt,M_CONSOLEDRIVER_STOP_093D3500,bra,38,36,4,2,2
opt,M_CONSOLEDRIVER_STOP_093D3500,bra,120,112,4,2,2
opt,M_CONSOLEDRIVER_STOP_093D3500,bra,146,136,4,2,2
opt,M_CONSOLEDRIVER_STOP_093D3500,bra,222,210,4,2,2
opt,M_CONSOLEDRIVER_STOP_093D3500,bra,236,222,4,2,2
opt,M_CONSOLEDRIVER_STOP_093D3500,brl,290,274,4,3,1
opt,M_PORTCORE_CREATEMSGPORT_A47550A3,conditional,140,136,6,2,4
opt,M_PORTCORE_CREATEMSGPORT_A47550A3,bra,8,8,4,2,2
opt,M_PORTCORE_CREATEMSGPORT_A47550A3,bra,38,36,4,2,2
opt,M_PORTCORE_CREATEMSGPORT_A47550A3,bra,156,148,4,2,2
opt,M_PORTCORE_CREATEMSGPORT_A47550A3,bra,217,207,4,2,2
opt,M_PORTCORE_CREATEMSGPORT_A47550A3,brl,286,274,4,3,1
opt,M_PORTCORE_CREATEMSGPORT_A47550A3,bra,324,311,4,2,2
opt,M_PORTCORE_CREATEMSGPORT_A47550A3,bra,607,592,4,2,2
opt,M_PORTCORE_CREATEMSGPORT_A47550A3,bra,762,745,4,2,2
opt,M_PORTCORE_DELETEMSGPORT_9136F7C6,conditional,40,38,6,2,4
opt,M_PORTCORE_DELETEMSGPORT_9136F7C6,bra,8,8,4,2,2
opt,M_PORTCORE_DELETEMSGPORT_9136F7C6,bra,56,50,4,2,2
opt,M_PORTCORE_DELETEMSGPORT_9136F7C6,bra,85,77,4,2,2
opt,M_PORTCORE_DELETEMSGPORT_9136F7C6,bra,156,146,4,2,2
opt,M_PORTCORE_DELETEMSGPORT_9136F7C6,bra,237,225,4,2,2
opt,M_SIODRIVER_SIOMAPPED_D1D9A9D6,conditional,40,38,6,2,4
opt,M_SIODRIVER_SIOMAPPED_D1D9A9D6,conditional,161,152,6,2,4
opt,M_SIODRIVER_SIOMAPPED_D1D9A9D6,conditional,167,154,6,2,4
opt,M_SIODRIVER_SIOMAPPED_D1D9A9D6,conditional,181,164,6,2,4
opt,M_SIODRIVER_SIOMAPPED_D1D9A9D6,conditional,187,166,6,2,4
opt,M_SIODRIVER_SIOMAPPED_D1D9A9D6,conditional,201,176,6,2,4
opt,M_SIODRIVER_SIOMAPPED_D1D9A9D6,conditional,207,178,6,2,4
opt,M_SIODRIVER_SIOMAPPED_D1D9A9D6,conditional,221,188,6,2,4
opt,M_SIODRIVER_SIOMAPPED_D1D9A9D6,conditional,227,190,6,2,4
opt,M_SIODRIVER_SIOMAPPED_D1D9A9D6,conditional,323,272,6,2,4
opt,M_SIODRIVER_SIOMAPPED_D1D9A9D6,conditional,331,276,6,2,4
opt,M_SIODRIVER_SIOMAPPED_D1D9A9D6,conditional,352,293,6,2,4
opt,M_SIODRIVER_SIOMAPPED_D1D9A9D6,conditional,548,483,6,2,4
opt,M_SIODRIVER_SIOMAPPED_D1D9A9D6,conditional,556,487,6,2,4
opt,M_SIODRIVER_SIOMAPPED_D1D9A9D6,conditional,564,491,6,2,4
opt,M_SIODRIVER_SIOMAPPED_D1D9A9D6,conditional,574,497,6,2,4
opt,M_SIODRIVER_SIOMAPPED_D1D9A9D6,conditional,582,501,6,2,4
opt,M_SIODRIVER_SIOMAPPED_D1D9A9D6,conditional,605,520,6,2,4
opt,M_SIODRIVER_SIOMAPPED_D1D9A9D6,bra,8,8,4,2,2
opt,M_SIODRIVER_SIOMAPPED_D1D9A9D6,bra,56,50,4,2,2
opt,M_SIODRIVER_SIOMAPPED_D1D9A9D6,brl,62,54,4,3,1
opt,M_SIODRIVER_SIOMAPPED_D1D9A9D6,bra,233,192,4,2,2
opt,M_SIODRIVER_SIOMAPPED_D1D9A9D6,bra,239,196,4,2,2
opt,M_SIODRIVER_SIOMAPPED_D1D9A9D6,bra,245,200,4,2,2
opt,M_SIODRIVER_SIOMAPPED_D1D9A9D6,bra,251,204,4,2,2
opt,M_SIODRIVER_SIOMAPPED_D1D9A9D6,bra,267,218,4,2,2
opt,M_SIODRIVER_SIOMAPPED_D1D9A9D6,bra,358,295,4,2,2
opt,M_SIODRIVER_SIOMAPPED_D1D9A9D6,bra,611,522,4,2,2
opt,M_SIODRIVER_SIOMAPPED_D1D9A9D6,bra,666,575,4,2,2
opt,M_SIODRIVER_SIOMAPPED_D1D9A9D6,brl,698,605,4,3,1
opt,M_SIODRIVER_SIOMAPPED_D1D9A9D6,bra,743,649,4,2,2
opt,M_SIODRIVER_SIOMAPPED_D1D9A9D6,bra,813,717,4,2,2
opt,M_SIODRIVER_SIOMAPPED_D1D9A9D6,bra,845,747,4,2,2
opt,M_SIODRIVER_SIOMAPPED_D1D9A9D6,bra,870,770,4,2,2
opt,M_SIODRIVER_SIOMAPPED_D1D9A9D6,bra,876,774,4,2,2
opt,M_SIODRIVER_SIOMAPPED_D1D9A9D6,brl,892,788,4,3,1
opt,M_SIODRIVER_PAYLOADLENGTH_9F5C9B06,conditional,62,60,6,2,4
opt,M_SIODRIVER_PAYLOADLENGTH_9F5C9B06,conditional,132,124,6,2,4
opt,M_SIODRIVER_PAYLOADLENGTH_9F5C9B06,conditional,138,126,6,2,4
opt,M_SIODRIVER_PAYLOADLENGTH_9F5C9B06,conditional,152,136,6,2,4
opt,M_SIODRIVER_PAYLOADLENGTH_9F5C9B06,conditional,158,138,6,2,4
opt,M_SIODRIVER_PAYLOADLENGTH_9F5C9B06,conditional,172,148,6,2,4
opt,M_SIODRIVER_PAYLOADLENGTH_9F5C9B06,conditional,178,150,6,2,4
opt,M_SIODRIVER_PAYLOADLENGTH_9F5C9B06,conditional,192,160,6,2,4
opt,M_SIODRIVER_PAYLOADLENGTH_9F5C9B06,conditional,198,162,6,2,4
opt,M_SIODRIVER_PAYLOADLENGTH_9F5C9B06,bra,8,8,4,2,2
opt,M_SIODRIVER_PAYLOADLENGTH_9F5C9B06,bra,74,68,4,2,2
opt,M_SIODRIVER_PAYLOADLENGTH_9F5C9B06,bra,204,164,4,2,2
opt,M_SIODRIVER_PAYLOADLENGTH_9F5C9B06,bra,210,168,4,2,2
opt,M_SIODRIVER_PAYLOADLENGTH_9F5C9B06,bra,216,172,4,2,2
opt,M_SIODRIVER_PAYLOADLENGTH_9F5C9B06,bra,222,176,4,2,2
opt,M_SIODRIVER_PAYLOADLENGTH_9F5C9B06,bra,238,190,4,2,2
opt,M_SIODRIVER_PAYLOADLENGTH_9F5C9B06,bra,300,250,4,2,2
opt,M_SIODRIVER_PAYLOADLENGTH_9F5C9B06,bra,348,296,4,2,2
opt,M_SIODRIVER_PAYLOADLENGTH_9F5C9B06,bra,384,330,4,2,2
opt,M_SIODRIVER_PAYLOADLENGTH_9F5C9B06,bra,435,379,4,2,2
opt,M_SIODRIVER_PAYLOADLENGTH_9F5C9B06,bra,441,383,4,2,2
opt,M_SIODRIVER_PAYLOADLENGTH_9F5C9B06,bra,478,418,4,2,2
opt,M_SIODRIVER_SIOVALIDATE_7D355271,conditional,508,488,6,2,4
opt,M_SIODRIVER_SIOVALIDATE_7D355271,conditional,514,490,6,2,4
opt,M_SIODRIVER_SIOVALIDATE_7D355271,conditional,528,500,6,2,4
opt,M_SIODRIVER_SIOVALIDATE_7D355271,conditional,534,502,6,2,4
opt,M_SIODRIVER_SIOVALIDATE_7D355271,conditional,548,512,6,2,4
opt,M_SIODRIVER_SIOVALIDATE_7D355271,conditional,554,514,6,2,4
opt,M_SIODRIVER_SIOVALIDATE_7D355271,conditional,568,524,6,2,4
opt,M_SIODRIVER_SIOVALIDATE_7D355271,conditional,574,526,6,2,4
opt,M_SIODRIVER_SIOVALIDATE_7D355271,conditional,672,610,6,2,4
opt,M_SIODRIVER_SIOVALIDATE_7D355271,conditional,678,612,6,2,4
opt,M_SIODRIVER_SIOVALIDATE_7D355271,conditional,692,622,6,2,4
opt,M_SIODRIVER_SIOVALIDATE_7D355271,conditional,698,624,6,2,4
opt,M_SIODRIVER_SIOVALIDATE_7D355271,conditional,712,634,6,2,4
opt,M_SIODRIVER_SIOVALIDATE_7D355271,conditional,718,636,6,2,4
opt,M_SIODRIVER_SIOVALIDATE_7D355271,conditional,732,646,6,2,4
opt,M_SIODRIVER_SIOVALIDATE_7D355271,conditional,738,648,6,2,4
opt,M_SIODRIVER_SIOVALIDATE_7D355271,conditional,864,757,6,2,4
opt,M_SIODRIVER_SIOVALIDATE_7D355271,conditional,870,759,6,2,4
opt,M_SIODRIVER_SIOVALIDATE_7D355271,conditional,884,769,6,2,4
opt,M_SIODRIVER_SIOVALIDATE_7D355271,conditional,890,771,6,2,4
opt,M_SIODRIVER_SIOVALIDATE_7D355271,conditional,904,781,6,2,4
opt,M_SIODRIVER_SIOVALIDATE_7D355271,conditional,910,783,6,2,4
opt,M_SIODRIVER_SIOVALIDATE_7D355271,conditional,924,793,6,2,4
opt,M_SIODRIVER_SIOVALIDATE_7D355271,conditional,930,795,6,2,4
opt,M_SIODRIVER_SIOVALIDATE_7D355271,bra,8,8,4,2,2
opt,M_SIODRIVER_SIOVALIDATE_7D355271,bra,60,58,4,2,2
opt,M_SIODRIVER_SIOVALIDATE_7D355271,bra,180,176,4,2,2
opt,M_SIODRIVER_SIOVALIDATE_7D355271,bra,231,225,4,2,2
opt,M_SIODRIVER_SIOVALIDATE_7D355271,bra,279,271,4,2,2
opt,M_SIODRIVER_SIOVALIDATE_7D355271,bra,285,275,4,2,2
opt,M_SIODRIVER_SIOVALIDATE_7D355271,bra,319,307,4,2,2
opt,M_SIODRIVER_SIOVALIDATE_7D355271,bra,367,353,4,2,2
opt,M_SIODRIVER_SIOVALIDATE_7D355271,bra,406,390,4,2,2
opt,M_SIODRIVER_SIOVALIDATE_7D355271,bra,462,444,4,2,2
opt,M_SIODRIVER_SIOVALIDATE_7D355271,bra,580,528,4,2,2
opt,M_SIODRIVER_SIOVALIDATE_7D355271,bra,586,532,4,2,2
opt,M_SIODRIVER_SIOVALIDATE_7D355271,bra,592,536,4,2,2
opt,M_SIODRIVER_SIOVALIDATE_7D355271,bra,598,540,4,2,2
opt,M_SIODRIVER_SIOVALIDATE_7D355271,bra,614,554,4,2,2
opt,M_SIODRIVER_SIOVALIDATE_7D355271,bra,744,650,4,2,2
opt,M_SIODRIVER_SIOVALIDATE_7D355271,bra,750,654,4,2,2
opt,M_SIODRIVER_SIOVALIDATE_7D355271,bra,756,658,4,2,2
opt,M_SIODRIVER_SIOVALIDATE_7D355271,bra,762,662,4,2,2
opt,M_SIODRIVER_SIOVALIDATE_7D355271,brl,778,676,4,3,1
opt,M_SIODRIVER_SIOVALIDATE_7D355271,bra,814,711,4,2,2
opt,M_SIODRIVER_SIOVALIDATE_7D355271,bra,820,715,4,2,2
opt,M_SIODRIVER_SIOVALIDATE_7D355271,bra,936,797,4,2,2
opt,M_SIODRIVER_SIOVALIDATE_7D355271,bra,942,801,4,2,2
opt,M_SIODRIVER_SIOVALIDATE_7D355271,bra,948,805,4,2,2
opt,M_SIODRIVER_SIOVALIDATE_7D355271,bra,954,809,4,2,2
opt,M_SIODRIVER_SIOVALIDATE_7D355271,bra,970,823,4,2,2
opt,M_SIODRIVER_SIOVALIDATE_7D355271,bra,1026,877,4,2,2
opt,M_SIODRIVER_SIOVALIDATE_7D355271,bra,1032,881,4,2,2
opt,M_SIODRIVER_SIOVALIDATE_7D355271,bra,1069,916,4,2,2
opt,M_SIODRIVER_SIOVALIDATE_7D355271,bra,1120,965,4,2,2
opt,M_SIODRIVER_SIOVALIDATE_7D355271,bra,1164,1007,4,2,2
opt,M_SIODRIVER_SIOVALIDATE_7D355271,bra,1210,1051,4,2,2
opt,M_SIODRIVER_SIOVALIDATE_7D355271,bra,1283,1122,4,2,2
opt,M_SIODRIVER_SIOVALIDATE_7D355271,bra,1373,1210,4,2,2
opt,M_SIODRIVER_SIOVALIDATE_7D355271,bra,1458,1293,4,2,2
opt,M_SIODRIVER_DEADLINETICKS_83CDA5CA,conditional,60,58,6,2,4
opt,M_SIODRIVER_DEADLINETICKS_83CDA5CA,conditional,232,221,6,2,4
opt,M_SIODRIVER_DEADLINETICKS_83CDA5CA,conditional,238,223,6,2,4
opt,M_SIODRIVER_DEADLINETICKS_83CDA5CA,conditional,252,233,6,2,4
opt,M_SIODRIVER_DEADLINETICKS_83CDA5CA,conditional,258,235,6,2,4
opt,M_SIODRIVER_DEADLINETICKS_83CDA5CA,conditional,272,245,6,2,4
opt,M_SIODRIVER_DEADLINETICKS_83CDA5CA,conditional,278,247,6,2,4
opt,M_SIODRIVER_DEADLINETICKS_83CDA5CA,conditional,292,257,6,2,4
opt,M_SIODRIVER_DEADLINETICKS_83CDA5CA,conditional,298,259,6,2,4
opt,M_SIODRIVER_DEADLINETICKS_83CDA5CA,conditional,432,379,6,2,4
opt,M_SIODRIVER_DEADLINETICKS_83CDA5CA,conditional,440,383,6,2,4
opt,M_SIODRIVER_DEADLINETICKS_83CDA5CA,conditional,459,398,6,2,4
opt,M_SIODRIVER_DEADLINETICKS_83CDA5CA,conditional,503,436,6,2,4
opt,M_SIODRIVER_DEADLINETICKS_83CDA5CA,conditional,511,440,6,2,4
opt,M_SIODRIVER_DEADLINETICKS_83CDA5CA,conditional,519,444,6,2,4
opt,M_SIODRIVER_DEADLINETICKS_83CDA5CA,conditional,529,450,6,2,4
opt,M_SIODRIVER_DEADLINETICKS_83CDA5CA,conditional,537,454,6,2,4
opt,M_SIODRIVER_DEADLINETICKS_83CDA5CA,conditional,560,473,6,2,4
opt,M_SIODRIVER_DEADLINETICKS_83CDA5CA,bra,8,8,4,2,2
opt,M_SIODRIVER_DEADLINETICKS_83CDA5CA,bra,72,66,4,2,2
opt,M_SIODRIVER_DEADLINETICKS_83CDA5CA,bra,107,99,4,2,2
opt,M_SIODRIVER_DEADLINETICKS_83CDA5CA,brl,208,198,4,3,1
opt,M_SIODRIVER_DEADLINETICKS_83CDA5CA,bra,304,261,4,2,2
opt,M_SIODRIVER_DEADLINETICKS_83CDA5CA,bra,310,265,4,2,2
opt,M_SIODRIVER_DEADLINETICKS_83CDA5CA,bra,316,269,4,2,2
opt,M_SIODRIVER_DEADLINETICKS_83CDA5CA,bra,322,273,4,2,2
opt,M_SIODRIVER_DEADLINETICKS_83CDA5CA,bra,342,291,4,2,2
opt,M_SIODRIVER_DEADLINETICKS_83CDA5CA,bra,465,400,4,2,2
opt,M_SIODRIVER_DEADLINETICKS_83CDA5CA,bra,566,475,4,2,2
opt,M_SIODRIVER_DEADLINETICKS_83CDA5CA,brl,666,573,4,3,1
opt,M_SIODRIVER_DEADLINETICKS_83CDA5CA,bra,690,596,4,2,2
opt,M_SIODRIVER_PREPARE_D10BF723,bra,8,8,4,2,2
opt,M_SIODRIVER_PREPARE_D10BF723,bra,282,280,4,2,2
opt,M_SIODRIVER_PREPARE_D10BF723,bra,345,341,4,2,2
opt,M_SIODRIVER_PREPARE_D10BF723,bra,447,441,4,2,2
opt,M_SIODRIVER_PREPARE_D10BF723,brl,898,890,4,3,1
opt,M_SIODRIVER_PREPARE_D10BF723,bra,988,979,4,2,2
opt,M_SIODRIVER_PREPARE_D10BF723,brl,1046,1035,4,3,1
opt,M_SIODRIVER_HARDWAREINIT_3568BDA6,bra,8,8,4,2,2
opt,M_SIODRIVER_HARDWAREINIT_3568BDA6,bra,38,36,4,2,2
opt,M_SIODRIVER_HARDWAREINIT_3568BDA6,bra,109,105,4,2,2
opt,M_SIODRIVER_HARDWAREINIT_3568BDA6,bra,182,176,4,2,2
opt,M_SIODRIVER_HARDWAREINIT_3568BDA6,bra,188,180,4,2,2
opt,M_SIODRIVER_HARDWAREINIT_3568BDA6,brl,206,196,4,3,1
opt,M_SIODRIVER_HARDWAREINIT_3568BDA6,bra,228,217,4,2,2
opt,M_SIODRIVER_HARDWAREINIT_3568BDA6,bra,291,278,4,2,2
opt,M_SIODRIVER_HARDWAREINIT_3568BDA6,bra,313,298,4,2,2
opt,M_SIODRIVER_HARDWAREINIT_3568BDA6,bra,394,377,4,2,2
opt,M_SIODRIVER_HARDWAREINIT_3568BDA6,bra,468,449,4,2,2
opt,M_SIODRIVER_HARDWAREINIT_3568BDA6,brl,555,534,4,3,1
opt,M_SIODRIVER_HARDWAREINIT_3568BDA6,bra,569,547,4,2,2
opt,M_SIODRIVER_HARDWAREINIT_3568BDA6,bra,632,608,4,2,2
opt,M_SIODRIVER_HARDWAREINIT_3568BDA6,bra,658,632,4,2,2
opt,M_SIODRIVER_HARDWAREINIT_3568BDA6,bra,713,685,4,2,2
opt,M_SIODRIVER_HARDWAREINIT_3568BDA6,bra,768,738,4,2,2
opt,M_SIODRIVER_HARDWAREINIT_3568BDA6,bra,825,793,4,2,2
opt,M_SIODRIVER_RUNREQUEST_4500BA50,bra,8,8,4,2,2
opt,M_SIODRIVER_RUNREQUEST_4500BA50,brl,71,69,4,3,1
opt,M_SIODRIVER_RUNREQUEST_4500BA50,bra,160,157,4,2,2
opt,M_SIODRIVER_RUNREQUEST_4500BA50,bra,267,262,4,2,2
opt,M_SIODRIVER_RUNREQUEST_4500BA50,bra,382,375,4,2,2
opt,M_SIODRIVER_RUNREQUEST_4500BA50,bra,396,387,4,2,2
opt,M_SIODRIVER_RUNREQUEST_4500BA50,bra,487,476,4,2,2
opt,M_SIODRIVER_RUNREQUEST_4500BA50,bra,552,539,4,2,2
opt,M_SIODRIVER_RUNREQUEST_4500BA50,bra,628,613,4,2,2
opt,M_SIODRIVER_RUNREQUEST_4500BA50,brl,691,674,4,3,1
opt,M_SIODRIVER_RUNREQUEST_4500BA50,bra,730,712,4,2,2
opt,M_SIODRIVER_RUNREQUEST_4500BA50,bra,744,724,4,2,2
opt,M_SIODRIVER_RUNREQUEST_4500BA50,bra,949,927,4,2,2
opt,M_SIODRIVER_RUNREQUEST_4500BA50,bra,1053,1029,4,2,2
opt,M_SIODRIVER_RUNREQUEST_4500BA50,bra,1067,1041,4,2,2
opt,M_SIODRIVER_RUNREQUEST_4500BA50,bra,1129,1101,4,2,2
opt,M_SIODRIVER_RUNREQUEST_4500BA50,bra,1141,1111,4,2,2
opt,M_SIODRIVER_RUNREQUEST_4500BA50,bra,1204,1172,4,2,2
opt,M_SIODRIVER_RUNREQUEST_4500BA50,bra,1218,1184,4,2,2
opt,M_SIODRIVER_RUNREQUEST_4500BA50,bra,1305,1269,4,2,2
opt,M_SIODRIVER_RUNREQUEST_4500BA50,bra,1387,1349,4,2,2
opt,M_SIODRIVER_RUNREQUEST_4500BA50,bra,1401,1361,4,2,2
opt,M_SIODRIVER_RUNREQUEST_4500BA50,bra,1463,1421,4,2,2
opt,M_SIODRIVER_WORKER_374ADF8C,conditional,509,492,6,2,4
opt,M_SIODRIVER_WORKER_374ADF8C,conditional,641,617,6,2,4
opt,M_SIODRIVER_WORKER_374ADF8C,bra,8,8,4,2,2
opt,M_SIODRIVER_WORKER_374ADF8C,bra,38,36,4,2,2
opt,M_SIODRIVER_WORKER_374ADF8C,bra,93,89,4,2,2
opt,M_SIODRIVER_WORKER_374ADF8C,brl,156,150,4,3,1
opt,M_SIODRIVER_WORKER_374ADF8C,bra,170,163,4,2,2
opt,M_SIODRIVER_WORKER_374ADF8C,bra,246,237,4,2,2
opt,M_SIODRIVER_WORKER_374ADF8C,bra,308,297,4,2,2
opt,M_SIODRIVER_WORKER_374ADF8C,bra,384,371,4,2,2
opt,M_SIODRIVER_WORKER_374ADF8C,bra,439,424,4,2,2
opt,M_SIODRIVER_WORKER_374ADF8C,brl,521,500,4,3,1
opt,M_SIODRIVER_WORKER_374ADF8C,bra,535,513,4,2,2
opt,M_SIODRIVER_WORKER_374ADF8C,bra,657,629,4,2,2
opt,M_SIODRIVER_WORKER_374ADF8C,bra,671,641,4,2,2
opt,M_SIODRIVER_WORKER_374ADF8C,bra,733,701,4,2,2
opt,M_SIODRIVER_WORKER_374ADF8C,bra,753,719,4,2,2
opt,M_SIODRIVER_WORKER_374ADF8C,brl,810,774,4,3,1
opt,M_SIODRIVER_WORKER_374ADF8C,bra,822,785,4,2,2
opt,M_SIODRIVER_WORKER_374ADF8C,bra,877,838,4,2,2
opt,M_SIODRIVER_WORKER_374ADF8C,bra,932,891,4,2,2
opt,M_SIODRIVER_WORKER_374ADF8C,bra,987,944,4,2,2
opt,M_SIODRIVER_WORKER_374ADF8C,bra,1042,997,4,2,2
opt,M_SIODRIVER_WORKER_374ADF8C,bra,1099,1052,4,2,2
opt,M_SIODRIVER_WORKER_374ADF8C,bra,1156,1107,4,2,2
opt,M_SIODRIVER_WORKER_374ADF8C,bra,1232,1181,4,2,2
opt,M_SIODRIVER_UNAVAILABLE_B7013E26,bra,8,8,4,2,2
opt,M_SIODRIVER_UNAVAILABLE_B7013E26,bra,38,36,4,2,2
opt,M_SIODRIVER_MATCHES_AEE1C237,conditional,40,38,6,2,4
opt,M_SIODRIVER_MATCHES_AEE1C237,bra,8,8,4,2,2
opt,M_SIODRIVER_MATCHES_AEE1C237,bra,56,50,4,2,2
opt,M_SIODRIVER_MATCHES_AEE1C237,brl,120,112,4,3,1
opt,M_SIODRIVER_MATCHES_AEE1C237,bra,260,251,4,2,2
opt,M_SIODRIVER_MATCHES_AEE1C237,brl,305,294,4,3,1
opt,M_SIODRIVER_START_4928F5B4,conditional,124,120,6,2,4
opt,M_SIODRIVER_START_4928F5B4,conditional,308,294,6,2,4
opt,M_SIODRIVER_START_4928F5B4,conditional,335,313,6,2,4
opt,M_SIODRIVER_START_4928F5B4,conditional,365,335,6,2,4
opt,M_SIODRIVER_START_4928F5B4,conditional,391,356,6,2,4
opt,M_SIODRIVER_START_4928F5B4,conditional,402,363,6,2,4
opt,M_SIODRIVER_START_4928F5B4,bra,8,8,4,2,2
opt,M_SIODRIVER_START_4928F5B4,bra,54,52,4,2,2
opt,M_SIODRIVER_START_4928F5B4,bra,136,128,4,2,2
opt,M_SIODRIVER_START_4928F5B4,bra,162,152,4,2,2
opt,M_SIODRIVER_START_4928F5B4,bra,238,226,4,2,2
opt,M_SIODRIVER_START_4928F5B4,bra,320,302,4,2,2
opt,M_SIODRIVER_START_4928F5B4,bra,326,306,4,2,2
opt,M_SIODRIVER_START_4928F5B4,bra,350,324,4,2,2
opt,M_SIODRIVER_START_4928F5B4,bra,356,328,4,2,2
opt,M_SIODRIVER_START_4928F5B4,brl,380,346,4,3,1
opt,M_SIODRIVER_START_4928F5B4,bra,412,369,4,2,2
opt,M_SIODRIVER_STOP_B26AF28A,bra,8,8,4,2,2
opt,M_SIODRIVER_STOP_B26AF28A,bra,38,36,4,2,2
opt,M_SIODRIVER_STOP_B26AF28A,bra,114,110,4,2,2
opt,M_SIODRIVER_STOP_B26AF28A,bra,190,184,4,2,2
opt,M_SIODRIVER_STOP_B26AF28A,bra,204,196,4,2,2
opt,M_SIODRIVER_STOP_B26AF28A,brl,272,262,4,3,1
opt,M_IOCORE_OPENDEVICE_A2787528,bra,8,8,4,2,2
opt,M_IOCORE_OPENDEVICE_A2787528,bra,46,44,4,2,2
opt,M_IOCORE_OPENDEVICE_A2787528,bra,119,115,4,2,2
opt,M_IOCORE_OPENDEVICE_A2787528,bra,133,127,4,2,2
opt,M_IOCORE_OPENDEVICE_A2787528,bra,226,218,4,2,2
opt,M_IOCORE_CREATEIOREQUEST_DE10015D,conditional,140,133,6,2,4
opt,M_IOCORE_CREATEIOREQUEST_DE10015D,conditional,146,135,6,2,4
opt,M_IOCORE_CREATEIOREQUEST_DE10015D,conditional,160,145,6,2,4
opt,M_IOCORE_CREATEIOREQUEST_DE10015D,conditional,166,147,6,2,4
opt,M_IOCORE_CREATEIOREQUEST_DE10015D,conditional,180,157,6,2,4
opt,M_IOCORE_CREATEIOREQUEST_DE10015D,conditional,186,159,6,2,4
opt,M_IOCORE_CREATEIOREQUEST_DE10015D,conditional,200,169,6,2,4
opt,M_IOCORE_CREATEIOREQUEST_DE10015D,conditional,206,171,6,2,4
opt,M_IOCORE_CREATEIOREQUEST_DE10015D,conditional,274,223,6,2,4
opt,M_IOCORE_CREATEIOREQUEST_DE10015D,conditional,280,225,6,2,4
opt,M_IOCORE_CREATEIOREQUEST_DE10015D,conditional,294,235,6,2,4
opt,M_IOCORE_CREATEIOREQUEST_DE10015D,conditional,300,237,6,2,4
opt,M_IOCORE_CREATEIOREQUEST_DE10015D,conditional,314,247,6,2,4
opt,M_IOCORE_CREATEIOREQUEST_DE10015D,conditional,320,249,6,2,4
opt,M_IOCORE_CREATEIOREQUEST_DE10015D,conditional,334,259,6,2,4
opt,M_IOCORE_CREATEIOREQUEST_DE10015D,conditional,340,261,6,2,4
opt,M_IOCORE_CREATEIOREQUEST_DE10015D,conditional,541,446,6,2,4
opt,M_IOCORE_CREATEIOREQUEST_DE10015D,bra,8,8,4,2,2
opt,M_IOCORE_CREATEIOREQUEST_DE10015D,bra,46,44,4,2,2
opt,M_IOCORE_CREATEIOREQUEST_DE10015D,bra,112,108,4,2,2
opt,M_IOCORE_CREATEIOREQUEST_DE10015D,brl,118,112,4,3,1
opt,M_IOCORE_CREATEIOREQUEST_DE10015D,bra,212,173,4,2,2
opt,M_IOCORE_CREATEIOREQUEST_DE10015D,bra,218,177,4,2,2
opt,M_IOCORE_CREATEIOREQUEST_DE10015D,bra,224,181,4,2,2
opt,M_IOCORE_CREATEIOREQUEST_DE10015D,bra,230,185,4,2,2
opt,M_IOCORE_CREATEIOREQUEST_DE10015D,bra,246,199,4,2,2
opt,M_IOCORE_CREATEIOREQUEST_DE10015D,bra,252,203,4,2,2
opt,M_IOCORE_CREATEIOREQUEST_DE10015D,bra,346,263,4,2,2
opt,M_IOCORE_CREATEIOREQUEST_DE10015D,bra,352,267,4,2,2
opt,M_IOCORE_CREATEIOREQUEST_DE10015D,bra,358,271,4,2,2
opt,M_IOCORE_CREATEIOREQUEST_DE10015D,bra,364,275,4,2,2
opt,M_IOCORE_CREATEIOREQUEST_DE10015D,bra,380,289,4,2,2
opt,M_IOCORE_CREATEIOREQUEST_DE10015D,bra,441,348,4,2,2
opt,M_IOCORE_CREATEIOREQUEST_DE10015D,bra,557,458,4,2,2
opt,M_IOCORE_DELETEIOREQUEST_93A87E78,conditional,40,38,6,2,4
opt,M_IOCORE_DELETEIOREQUEST_93A87E78,bra,8,8,4,2,2
opt,M_IOCORE_DELETEIOREQUEST_93A87E78,bra,56,50,4,2,2
opt,M_IOCORE_DELETEIOREQUEST_93A87E78,bra,85,77,4,2,2
opt,M_IOCORE_DELETEIOREQUEST_93A87E78,bra,202,192,4,2,2
opt,M_IOCORE_WAITIO_8CA35F61,conditional,238,233,6,2,4
opt,M_IOCORE_WAITIO_8CA35F61,conditional,246,237,6,2,4
opt,M_IOCORE_WAITIO_8CA35F61,conditional,254,241,6,2,4
opt,M_IOCORE_WAITIO_8CA35F61,conditional,264,247,6,2,4
opt,M_IOCORE_WAITIO_8CA35F61,conditional,272,251,6,2,4
opt,M_IOCORE_WAITIO_8CA35F61,conditional,295,270,6,2,4
opt,M_IOCORE_WAITIO_8CA35F61,bra,8,8,4,2,2
opt,M_IOCORE_WAITIO_8CA35F61,bra,46,44,4,2,2
opt,M_IOCORE_WAITIO_8CA35F61,brl,196,192,4,3,1
opt,M_IOCORE_WAITIO_8CA35F61,bra,301,272,4,2,2
opt,M_IOCORE_WAITIO_8CA35F61,bra,341,310,4,2,2
opt,M_IOCORE_WAITIO_8CA35F61,bra,417,384,4,2,2
opt,M_IOCORE_WAITIO_8CA35F61,brl,515,480,4,3,1
opt,M_IOCORE_DOIO_173DC4A1,bra,8,8,4,2,2
opt,M_IOCORE_DOIO_173DC4A1,bra,46,44,4,2,2
opt,M_IOCORE_DOIO_173DC4A1,bra,168,164,4,2,2
opt,M_IOCORE_DOIO_173DC4A1,bra,190,184,4,2,2
opt,M_DOSCLIENT_IOERR_BF9E8A97,bra,8,8,4,2,2
opt,M_DOSCLIENT_IOERR_BF9E8A97,bra,38,36,4,2,2
opt,M_DOSCLIENT_SETERROR_F2B11A26,bra,8,8,4,2,2
opt,M_DOSCLIENT_SETERROR_F2B11A26,bra,38,36,4,2,2
opt,M_DOSCLIENT_NEWCLIENT_41735729,conditional,167,163,6,2,4
opt,M_DOSCLIENT_NEWCLIENT_41735729,conditional,513,501,6,2,4
opt,M_DOSCLIENT_NEWCLIENT_41735729,bra,8,8,4,2,2
opt,M_DOSCLIENT_NEWCLIENT_41735729,bra,65,63,4,2,2
opt,M_DOSCLIENT_NEWCLIENT_41735729,bra,183,175,4,2,2
opt,M_DOSCLIENT_NEWCLIENT_41735729,bra,395,385,4,2,2
opt,M_DOSCLIENT_NEWCLIENT_41735729,brl,529,513,4,3,1
opt,M_DOSCLIENT_NEWCLIENT_41735729,bra,567,550,4,2,2
opt,M_DOSCLIENT_ENSURE_1859B044,bra,8,8,4,2,2
opt,M_DOSCLIENT_ENSURE_1859B044,bra,38,36,4,2,2
opt,M_DOSCLIENT_ENSURE_1859B044,bra,127,123,4,2,2
opt,M_DOSCLIENT_ENSURE_1859B044,brl,286,280,4,3,1
opt,M_DOSCLIENT_ENSURE_1859B044,bra,376,369,4,2,2
opt,M_DOSCLIENT_ENSURE_1859B044,bra,390,381,4,2,2
opt,M_DOSCLIENT_ENSURE_1859B044,bra,475,464,4,2,2
opt,M_DOSCLIENT_ENSURE_1859B044,bra,631,618,4,2,2
opt,M_DOSCLIENT_CLEARSELECTIONS_93A1D5D6,conditional,76,74,6,2,4
opt,M_DOSCLIENT_CLEARSELECTIONS_93A1D5D6,conditional,187,179,6,2,4
opt,M_DOSCLIENT_CLEARSELECTIONS_93A1D5D6,bra,8,8,4,2,2
opt,M_DOSCLIENT_CLEARSELECTIONS_93A1D5D6,bra,94,88,4,2,2
opt,M_DOSCLIENT_CLEARSELECTIONS_93A1D5D6,bra,205,193,4,2,2
opt,M_DOSCLIENT_RELEASECONTEXT_90CB2A06,conditional,280,274,6,2,4
opt,M_DOSCLIENT_RELEASECONTEXT_90CB2A06,bra,8,8,4,2,2
opt,M_DOSCLIENT_RELEASECONTEXT_90CB2A06,bra,38,36,4,2,2
opt,M_DOSCLIENT_RELEASECONTEXT_90CB2A06,bra,127,123,4,2,2
opt,M_DOSCLIENT_RELEASECONTEXT_90CB2A06,bra,296,286,4,2,2
opt,M_DOSCLIENT_RELEASECONTEXT_90CB2A06,bra,429,417,4,2,2
opt,M_DOSCLIENT_RELEASECONTEXT_90CB2A06,bra,443,429,4,2,2
opt,M_DOSCLIENT_RELEASECONTEXT_90CB2A06,bra,528,512,4,2,2
opt,M_DOSCLIENT_RELEASECONTEXT_90CB2A06,brl,534,516,4,3,1
opt,M_DOSCLIENT_RELEASECONTEXT_90CB2A06,bra,568,549,4,2,2
opt,M_DOSCLIENT_RELEASECONTEXT_90CB2A06,brl,574,553,4,3,1
opt,M_DOSCLIENT_RELEASECONTEXT_90CB2A06,bra,624,602,4,2,2
opt,M_DOSCLIENT_RELEASECONTEXT_90CB2A06,brl,630,606,4,3,1
opt,M_DOSCLIENT_RELEASECONTEXT_90CB2A06,bra,680,655,4,2,2
opt,M_DOSCLIENT_RELEASECONTEXT_90CB2A06,bra,686,659,4,2,2
opt,M_DOSCLIENT_RELEASECONTEXT_90CB2A06,bra,736,707,4,2,2
opt,M_DOSCLIENT_RELEASECONTEXT_90CB2A06,bra,742,711,4,2,2
opt,M_DOSCLIENT_RELEASECONTEXT_90CB2A06,bra,792,759,4,2,2
opt,M_DOSCLIENT_RELEASECONTEXT_90CB2A06,brl,935,900,4,3,1
opt,M_DOSCLIENT_RELEASECONTEXT_90CB2A06,bra,1013,977,4,2,2
opt,M_DOSCLIENT_RELEASECONTEXT_90CB2A06,bra,1019,981,4,2,2
opt,M_DOSCLIENT_RELEASECONTEXT_90CB2A06,bra,1095,1055,4,2,2
opt,M_DOSCLIENT_RELEASECONTEXT_90CB2A06,bra,1265,1223,4,2,2
opt,M_DOSCLIENT_RELEASECONTEXT_90CB2A06,bra,1325,1281,4,2,2
opt,M_DOSCLIENT_RELEASECONTEXT_90CB2A06,bra,1424,1378,4,2,2
opt,M_DOSCLIENT_RELEASECONTEXT_90CB2A06,bra,1513,1465,4,2,2
opt,M_DOSCLIENT_CHECKREPLY_4530772C,bra,8,8,4,2,2
opt,M_DOSCLIENT_CHECKREPLY_4530772C,bra,109,107,4,2,2
opt,M_DOSCLIENT_CHECKREPLY_4530772C,bra,123,119,4,2,2
opt,M_DOSCLIENT_CHECKREPLY_4530772C,bra,292,286,4,2,2
opt,M_DOSCLIENT_CHECKREPLY_4530772C,bra,298,290,4,2,2
opt,M_DOSCLIENT_CHECKREPLY_4530772C,bra,386,376,4,2,2
opt,M_DOSCLIENT_CHECKREPLY_4530772C,bra,400,388,4,2,2
opt,M_DOSCLIENT_CHECKREPLY_4530772C,bra,510,496,4,2,2
opt,M_DOSCLIENT_CHECKREPLY_4530772C,bra,516,500,4,2,2
opt,M_DOSCLIENT_CHECKREPLY_4530772C,bra,604,586,4,2,2
opt,M_DOSCLIENT_CHECKREPLY_4530772C,bra,618,598,4,2,2
opt,M_DOSCLIENT_CALL_35DB3B22,conditional,112,108,6,2,4
opt,M_DOSCLIENT_CALL_35DB3B22,conditional,148,136,6,2,4
opt,M_DOSCLIENT_CALL_35DB3B22,conditional,1355,1313,6,2,4
opt,M_DOSCLIENT_CALL_35DB3B22,bra,8,8,4,2,2
opt,M_DOSCLIENT_CALL_35DB3B22,bra,38,36,4,2,2
opt,M_DOSCLIENT_CALL_35DB3B22,bra,128,120,4,2,2
opt,M_DOSCLIENT_CALL_35DB3B22,bra,134,124,4,2,2
opt,M_DOSCLIENT_CALL_35DB3B22,bra,164,148,4,2,2
opt,M_DOSCLIENT_CALL_35DB3B22,bra,335,317,4,2,2
opt,M_DOSCLIENT_CALL_35DB3B22,bra,341,321,4,2,2
opt,M_DOSCLIENT_CALL_35DB3B22,bra,429,407,4,2,2
opt,M_DOSCLIENT_CALL_35DB3B22,bra,443,419,4,2,2
opt,M_DOSCLIENT_CALL_35DB3B22,bra,528,502,4,2,2
opt,M_DOSCLIENT_CALL_35DB3B22,bra,857,829,4,2,2
opt,M_DOSCLIENT_CALL_35DB3B22,bra,970,940,4,2,2
opt,M_DOSCLIENT_CALL_35DB3B22,bra,1078,1046,4,2,2
opt,M_DOSCLIENT_CALL_35DB3B22,bra,1176,1142,4,2,2
opt,M_DOSCLIENT_CALL_35DB3B22,bra,1307,1271,4,2,2
opt,M_DOSCLIENT_CALL_35DB3B22,bra,1335,1297,4,2,2
opt,M_DOSCLIENT_CALL_35DB3B22,bra,1341,1301,4,2,2
opt,M_DOSCLIENT_CALL_35DB3B22,bra,1367,1321,4,2,2
opt,M_DOSOBJECTS_FIND_2E898C70,conditional,150,147,6,2,4
opt,M_DOSOBJECTS_FIND_2E898C70,conditional,212,204,6,2,4
opt,M_DOSOBJECTS_FIND_2E898C70,bra,8,8,4,2,2
opt,M_DOSOBJECTS_FIND_2E898C70,brl,116,114,4,3,1
opt,M_DOSOBJECTS_FIND_2E898C70,brl,168,161,4,3,1
opt,M_DOSOBJECTS_FIND_2E898C70,bra,230,218,4,2,2
opt,M_DOSOBJECTS_FIND_2E898C70,bra,265,251,4,2,2
opt,M_DOSOBJECTS_FIND_2E898C70,brl,415,399,4,3,1
opt,M_DOSOBJECTS_LINK_9FA00D0F,bra,8,8,4,2,2
opt,M_DOSOBJECTS_LINK_9FA00D0F,bra,106,104,4,2,2
opt,M_DOSOBJECTS_LINK_9FA00D0F,bra,120,116,4,2,2
opt,M_DOSOBJECTS_UNLINK_C978FCF4,conditional,150,147,6,2,4
opt,M_DOSOBJECTS_UNLINK_C978FCF4,conditional,394,378,6,2,4
opt,M_DOSOBJECTS_UNLINK_C978FCF4,bra,8,8,4,2,2
opt,M_DOSOBJECTS_UNLINK_C978FCF4,brl,132,130,4,3,1
opt,M_DOSOBJECTS_UNLINK_C978FCF4,brl,168,161,4,3,1
opt,M_DOSOBJECTS_UNLINK_C978FCF4,bra,250,242,4,2,2
opt,M_DOSOBJECTS_UNLINK_C978FCF4,bra,256,246,4,2,2
opt,M_DOSOBJECTS_UNLINK_C978FCF4,bra,318,306,4,2,2
opt,M_DOSOBJECTS_UNLINK_C978FCF4,bra,332,318,4,2,2
opt,M_DOSOBJECTS_UNLINK_C978FCF4,bra,410,390,4,2,2
opt,M_DOSOBJECTS_UNLINK_C978FCF4,bra,484,462,4,2,2
opt,M_DOSOBJECTS_UNLINK_C978FCF4,brl,770,746,4,3,1
opt,M_BLOCKWIRE_TRANSFER_0A2F17CC,bra,8,8,4,2,2
opt,M_BLOCKWIRE_TRANSFER_0A2F17CC,bra,62,60,4,2,2
opt,M_BLOCKIO_GEOMETRY_4529DFEE,conditional,80,72,6,2,4
opt,M_BLOCKIO_GEOMETRY_4529DFEE,conditional,120,104,6,2,4
opt,M_BLOCKIO_GEOMETRY_4529DFEE,conditional,126,106,6,2,4
opt,M_BLOCKIO_GEOMETRY_4529DFEE,conditional,140,116,6,2,4
opt,M_BLOCKIO_GEOMETRY_4529DFEE,conditional,146,118,6,2,4
opt,M_BLOCKIO_GEOMETRY_4529DFEE,conditional,160,128,6,2,4
opt,M_BLOCKIO_GEOMETRY_4529DFEE,conditional,166,130,6,2,4
opt,M_BLOCKIO_GEOMETRY_4529DFEE,conditional,180,140,6,2,4
opt,M_BLOCKIO_GEOMETRY_4529DFEE,conditional,186,142,6,2,4
opt,M_BLOCKIO_GEOMETRY_4529DFEE,conditional,246,186,6,2,4
opt,M_BLOCKIO_GEOMETRY_4529DFEE,bra,8,8,4,2,2
opt,M_BLOCKIO_GEOMETRY_4529DFEE,bra,39,37,4,2,2
opt,M_BLOCKIO_GEOMETRY_4529DFEE,brl,45,41,4,3,1
opt,M_BLOCKIO_GEOMETRY_4529DFEE,bra,60,55,4,2,2
opt,M_BLOCKIO_GEOMETRY_4529DFEE,brl,66,59,4,3,1
opt,M_BLOCKIO_GEOMETRY_4529DFEE,bra,92,80,4,2,2
opt,M_BLOCKIO_GEOMETRY_4529DFEE,bra,98,84,4,2,2
opt,M_BLOCKIO_GEOMETRY_4529DFEE,bra,192,144,4,2,2
opt,M_BLOCKIO_GEOMETRY_4529DFEE,bra,198,148,4,2,2
opt,M_BLOCKIO_GEOMETRY_4529DFEE,bra,204,152,4,2,2
opt,M_BLOCKIO_GEOMETRY_4529DFEE,bra,210,156,4,2,2
opt,M_BLOCKIO_GEOMETRY_4529DFEE,bra,226,170,4,2,2
opt,M_BLOCKIO_GEOMETRY_4529DFEE,bra,232,174,4,2,2
opt,M_BLOCKIO_GEOMETRY_4529DFEE,bra,258,194,4,2,2
opt,M_BLOCKIO_GEOMETRY_4529DFEE,bra,290,224,4,2,2
opt,M_BLOCKIO_GEOMETRY_4529DFEE,bra,296,228,4,2,2
opt,M_BLOCKIO_GEOMETRY_4529DFEE,bra,309,239,4,2,2
opt,M_BLOCKIO_GEOMETRY_4529DFEE,bra,324,252,4,2,2
opt,M_BLOCKIO_GEOMETRY_4529DFEE,bra,351,277,4,2,2
opt,M_BLOCKIO_GEOMETRY_4529DFEE,bra,366,290,4,2,2
opt,M_BLOCKIO_GEOMETRY_4529DFEE,bra,381,303,4,2,2
opt,M_BLOCKIO_GEOMETRY_4529DFEE,bra,408,328,4,2,2
opt,M_BLOCKIO_GEOMETRY_4529DFEE,bra,423,341,4,2,2
opt,M_BLOCKIO_SECTORBYTES_B8369631,conditional,40,38,6,2,4
opt,M_BLOCKIO_SECTORBYTES_B8369631,conditional,84,76,6,2,4
opt,M_BLOCKIO_SECTORBYTES_B8369631,conditional,154,139,6,2,4
opt,M_BLOCKIO_SECTORBYTES_B8369631,conditional,160,141,6,2,4
opt,M_BLOCKIO_SECTORBYTES_B8369631,conditional,174,151,6,2,4
opt,M_BLOCKIO_SECTORBYTES_B8369631,conditional,180,153,6,2,4
opt,M_BLOCKIO_SECTORBYTES_B8369631,conditional,194,163,6,2,4
opt,M_BLOCKIO_SECTORBYTES_B8369631,conditional,200,165,6,2,4
opt,M_BLOCKIO_SECTORBYTES_B8369631,conditional,214,175,6,2,4
opt,M_BLOCKIO_SECTORBYTES_B8369631,conditional,220,177,6,2,4
opt,M_BLOCKIO_SECTORBYTES_B8369631,conditional,288,229,6,2,4
opt,M_BLOCKIO_SECTORBYTES_B8369631,conditional,294,231,6,2,4
opt,M_BLOCKIO_SECTORBYTES_B8369631,conditional,308,241,6,2,4
opt,M_BLOCKIO_SECTORBYTES_B8369631,conditional,314,243,6,2,4
opt,M_BLOCKIO_SECTORBYTES_B8369631,conditional,328,253,6,2,4
opt,M_BLOCKIO_SECTORBYTES_B8369631,conditional,334,255,6,2,4
opt,M_BLOCKIO_SECTORBYTES_B8369631,conditional,348,265,6,2,4
opt,M_BLOCKIO_SECTORBYTES_B8369631,conditional,354,267,6,2,4
opt,M_BLOCKIO_SECTORBYTES_B8369631,conditional,557,448,6,2,4
opt,M_BLOCKIO_SECTORBYTES_B8369631,conditional,563,450,6,2,4
opt,M_BLOCKIO_SECTORBYTES_B8369631,conditional,577,460,6,2,4
opt,M_BLOCKIO_SECTORBYTES_B8369631,conditional,583,462,6,2,4
opt,M_BLOCKIO_SECTORBYTES_B8369631,conditional,597,472,6,2,4
opt,M_BLOCKIO_SECTORBYTES_B8369631,conditional,603,474,6,2,4
opt,M_BLOCKIO_SECTORBYTES_B8369631,conditional,617,484,6,2,4
opt,M_BLOCKIO_SECTORBYTES_B8369631,conditional,623,486,6,2,4
opt,M_BLOCKIO_SECTORBYTES_B8369631,bra,8,8,4,2,2
opt,M_BLOCKIO_SECTORBYTES_B8369631,bra,56,50,4,2,2
opt,M_BLOCKIO_SECTORBYTES_B8369631,bra,96,84,4,2,2
opt,M_BLOCKIO_SECTORBYTES_B8369631,brl,102,88,4,3,1
opt,M_BLOCKIO_SECTORBYTES_B8369631,bra,226,179,4,2,2
opt,M_BLOCKIO_SECTORBYTES_B8369631,bra,232,183,4,2,2
opt,M_BLOCKIO_SECTORBYTES_B8369631,bra,238,187,4,2,2
opt,M_BLOCKIO_SECTORBYTES_B8369631,bra,244,191,4,2,2
opt,M_BLOCKIO_SECTORBYTES_B8369631,bra,260,205,4,2,2
opt,M_BLOCKIO_SECTORBYTES_B8369631,bra,266,209,4,2,2
opt,M_BLOCKIO_SECTORBYTES_B8369631,bra,360,269,4,2,2
opt,M_BLOCKIO_SECTORBYTES_B8369631,bra,366,273,4,2,2
opt,M_BLOCKIO_SECTORBYTES_B8369631,bra,372,277,4,2,2
opt,M_BLOCKIO_SECTORBYTES_B8369631,bra,378,281,4,2,2
opt,M_BLOCKIO_SECTORBYTES_B8369631,bra,394,295,4,2,2
opt,M_BLOCKIO_SECTORBYTES_B8369631,bra,445,344,4,2,2
opt,M_BLOCKIO_SECTORBYTES_B8369631,bra,451,348,4,2,2
opt,M_BLOCKIO_SECTORBYTES_B8369631,bra,485,380,4,2,2
opt,M_BLOCKIO_SECTORBYTES_B8369631,bra,521,414,4,2,2
opt,M_BLOCKIO_SECTORBYTES_B8369631,bra,629,488,4,2,2
opt,M_BLOCKIO_SECTORBYTES_B8369631,bra,635,492,4,2,2
opt,M_BLOCKIO_SECTORBYTES_B8369631,bra,641,496,4,2,2
opt,M_BLOCKIO_SECTORBYTES_B8369631,bra,647,500,4,2,2
opt,M_BLOCKIO_SECTORBYTES_B8369631,bra,663,514,4,2,2
opt,M_BLOCKIO_MAPPED_A9EEA713,conditional,40,38,6,2,4
opt,M_BLOCKIO_MAPPED_A9EEA713,conditional,72,62,6,2,4
opt,M_BLOCKIO_MAPPED_A9EEA713,conditional,201,185,6,2,4
opt,M_BLOCKIO_MAPPED_A9EEA713,conditional,207,187,6,2,4
opt,M_BLOCKIO_MAPPED_A9EEA713,conditional,221,197,6,2,4
opt,M_BLOCKIO_MAPPED_A9EEA713,conditional,227,199,6,2,4
opt,M_BLOCKIO_MAPPED_A9EEA713,conditional,241,209,6,2,4
opt,M_BLOCKIO_MAPPED_A9EEA713,conditional,247,211,6,2,4
opt,M_BLOCKIO_MAPPED_A9EEA713,conditional,261,221,6,2,4
opt,M_BLOCKIO_MAPPED_A9EEA713,conditional,267,223,6,2,4
opt,M_BLOCKIO_MAPPED_A9EEA713,conditional,363,305,6,2,4
opt,M_BLOCKIO_MAPPED_A9EEA713,conditional,371,309,6,2,4
opt,M_BLOCKIO_MAPPED_A9EEA713,conditional,392,326,6,2,4
opt,M_BLOCKIO_MAPPED_A9EEA713,conditional,588,516,6,2,4
opt,M_BLOCKIO_MAPPED_A9EEA713,conditional,596,520,6,2,4
opt,M_BLOCKIO_MAPPED_A9EEA713,conditional,604,524,6,2,4
opt,M_BLOCKIO_MAPPED_A9EEA713,conditional,614,530,6,2,4
opt,M_BLOCKIO_MAPPED_A9EEA713,conditional,622,534,6,2,4
opt,M_BLOCKIO_MAPPED_A9EEA713,conditional,645,553,6,2,4
opt,M_BLOCKIO_MAPPED_A9EEA713,bra,8,8,4,2,2
opt,M_BLOCKIO_MAPPED_A9EEA713,bra,52,46,4,2,2
opt,M_BLOCKIO_MAPPED_A9EEA713,bra,58,50,4,2,2
opt,M_BLOCKIO_MAPPED_A9EEA713,bra,88,74,4,2,2
opt,M_BLOCKIO_MAPPED_A9EEA713,bra,273,225,4,2,2
opt,M_BLOCKIO_MAPPED_A9EEA713,bra,279,229,4,2,2
opt,M_BLOCKIO_MAPPED_A9EEA713,bra,285,233,4,2,2
opt,M_BLOCKIO_MAPPED_A9EEA713,bra,291,237,4,2,2
opt,M_BLOCKIO_MAPPED_A9EEA713,bra,307,251,4,2,2
opt,M_BLOCKIO_MAPPED_A9EEA713,bra,398,328,4,2,2
opt,M_BLOCKIO_MAPPED_A9EEA713,bra,651,555,4,2,2
opt,M_BLOCKIO_MAPPED_A9EEA713,bra,706,608,4,2,2
opt,M_BLOCKIO_MAPPED_A9EEA713,brl,738,638,4,3,1
opt,M_BLOCKIO_MAPPED_A9EEA713,bra,783,682,4,2,2
opt,M_BLOCKIO_MAPPED_A9EEA713,bra,853,750,4,2,2
opt,M_BLOCKIO_MAPPED_A9EEA713,bra,885,780,4,2,2
opt,M_BLOCKIO_MAPPED_A9EEA713,bra,910,803,4,2,2
opt,M_BLOCKIO_MAPPED_A9EEA713,bra,916,807,4,2,2
opt,M_BLOCKIO_MAPPED_A9EEA713,brl,932,821,4,3,1
opt,M_BLOCKIO_CREATE_DF5BA086,conditional,140,136,6,2,4
opt,M_BLOCKIO_CREATE_DF5BA086,bra,8,8,4,2,2
opt,M_BLOCKIO_CREATE_DF5BA086,bra,38,36,4,2,2
opt,M_BLOCKIO_CREATE_DF5BA086,bra,156,148,4,2,2
opt,M_BLOCKIO_CREATE_DF5BA086,bra,225,215,4,2,2
opt,M_BLOCKIO_CREATE_DF5BA086,brl,353,341,4,3,1
opt,M_BLOCKIO_CREATE_DF5BA086,bra,401,388,4,2,2
opt,M_BLOCKIO_CREATE_DF5BA086,brl,569,554,4,3,1
opt,M_BLOCKIO_CREATE_DF5BA086,bra,591,575,4,2,2
opt,M_BLOCKIO_CREATE_DF5BA086,bra,739,721,4,2,2
opt,M_BLOCKIO_CREATE_DF5BA086,bra,846,826,4,2,2
opt,M_BLOCKIO_CREATE_DF5BA086,bra,945,923,4,2,2
opt,M_BLOCKIO_CREATE_DF5BA086,bra,1034,1010,4,2,2
opt,M_BLOCKIO_DESTROY_0CC5CBD8,conditional,40,38,6,2,4
opt,M_BLOCKIO_DESTROY_0CC5CBD8,bra,8,8,4,2,2
opt,M_BLOCKIO_DESTROY_0CC5CBD8,bra,56,50,4,2,2
opt,M_BLOCKIO_DESTROY_0CC5CBD8,bra,107,99,4,2,2
opt,M_BLOCKIO_DESTROY_0CC5CBD8,bra,113,103,4,2,2
opt,M_BLOCKIO_DESTROY_0CC5CBD8,bra,147,135,4,2,2
opt,M_BLOCKIO_DESTROY_0CC5CBD8,bra,207,193,4,2,2
opt,M_BLOCKIO_DESTROY_0CC5CBD8,bra,332,316,4,2,2
opt,M_BLOCKIO_DESTROY_0CC5CBD8,bra,431,413,4,2,2
opt,M_BLOCKIO_DESTROY_0CC5CBD8,bra,520,500,4,2,2
opt,M_BLOCKIO_DEVICENAME_55BC3EC3,bra,8,8,4,2,2
opt,M_BLOCKIO_OPENVOLUME_36B90798,conditional,238,234,6,2,4
opt,M_BLOCKIO_OPENVOLUME_36B90798,conditional,764,747,6,2,4
opt,M_BLOCKIO_OPENVOLUME_36B90798,bra,8,8,4,2,2
opt,M_BLOCKIO_OPENVOLUME_36B90798,bra,80,78,4,2,2
opt,M_BLOCKIO_OPENVOLUME_36B90798,bra,254,246,4,2,2
opt,M_BLOCKIO_OPENVOLUME_36B90798,bra,363,353,4,2,2
opt,M_BLOCKIO_OPENVOLUME_36B90798,bra,470,458,4,2,2
opt,M_BLOCKIO_OPENVOLUME_36B90798,bra,628,614,4,2,2
opt,M_BLOCKIO_OPENVOLUME_36B90798,brl,734,718,4,3,1
opt,M_BLOCKIO_OPENVOLUME_36B90798,bra,772,751,4,2,2
opt,M_BLOCKIO_OPENVOLUME_36B90798,bra,860,837,4,2,2
opt,M_BLOCKIO_ATTACH_A1159825,conditional,592,578,6,2,4
opt,M_BLOCKIO_ATTACH_A1159825,conditional,1089,1067,6,2,4
opt,M_BLOCKIO_ATTACH_A1159825,bra,8,8,4,2,2
opt,M_BLOCKIO_ATTACH_A1159825,bra,111,109,4,2,2
opt,M_BLOCKIO_ATTACH_A1159825,bra,117,113,4,2,2
opt,M_BLOCKIO_ATTACH_A1159825,bra,151,145,4,2,2
opt,M_BLOCKIO_ATTACH_A1159825,bra,288,280,4,2,2
opt,M_BLOCKIO_ATTACH_A1159825,bra,389,379,4,2,2
opt,M_BLOCKIO_ATTACH_A1159825,bra,490,478,4,2,2
opt,M_BLOCKIO_ATTACH_A1159825,bra,608,590,4,2,2
opt,M_BLOCKIO_ATTACH_A1159825,bra,1007,987,4,2,2
opt,M_BLOCKIO_ATTACH_A1159825,brl,1105,1079,4,3,1
opt,M_BLOCKIO_ATTACH_A1159825,bra,1143,1116,4,2,2
opt,M_BLOCKIO_DETACH_FC4FFB83,conditional,40,38,6,2,4
opt,M_BLOCKIO_DETACH_FC4FFB83,bra,8,8,4,2,2
opt,M_BLOCKIO_DETACH_FC4FFB83,bra,56,50,4,2,2
opt,M_BLOCKIO_DETACH_FC4FFB83,bra,148,140,4,2,2
opt,M_BLOCKIO_DETACH_FC4FFB83,bra,154,144,4,2,2
opt,M_BLOCKIO_DETACH_FC4FFB83,bra,191,179,4,2,2
opt,M_BLOCKIO_DETACH_FC4FFB83,bra,197,183,4,2,2
opt,M_BLOCKIO_DETACH_FC4FFB83,bra,231,215,4,2,2
opt,M_BLOCKIO_DETACH_FC4FFB83,bra,237,219,4,2,2
opt,M_BLOCKIO_DETACH_FC4FFB83,bra,274,254,4,2,2
opt,M_BLOCKIO_DETACH_FC4FFB83,bra,421,399,4,2,2
opt,M_BLOCKIO_DETACH_FC4FFB83,bra,532,508,4,2,2
opt,M_BLOCKIO_DETACH_FC4FFB83,bra,621,595,4,2,2
opt,M_BLOCKIO_INVALIDATE_E4DCC90F,bra,8,8,4,2,2
opt,M_BLOCKIO_CACHED_7ABF0DB0,bra,8,8,4,2,2
opt,M_BLOCKIO_CACHED_7ABF0DB0,bra,60,58,4,2,2
opt,M_BLOCKIO_CACHED_7ABF0DB0,brl,66,62,4,3,1
opt,M_BLOCKIO_CACHED_7ABF0DB0,bra,128,123,4,2,2
opt,M_BLOCKIO_CACHED_7ABF0DB0,bra,134,127,4,2,2
opt,M_BLOCKIO_CACHED_7ABF0DB0,bra,210,201,4,2,2
opt,M_BLOCKIO_CACHED_7ABF0DB0,bra,278,267,4,2,2
opt,M_BLOCKIO_CACHED_7ABF0DB0,brl,284,271,4,3,1
opt,M_BLOCKIO_CACHED_7ABF0DB0,bra,360,346,4,2,2
opt,M_BLOCKIO_CACHED_7ABF0DB0,bra,366,350,4,2,2
opt,M_BLOCKIO_CACHED_7ABF0DB0,bra,422,404,4,2,2
opt,M_BLOCKIO_CACHED_7ABF0DB0,bra,500,480,4,2,2
opt,M_BLOCKIO_CACHED_7ABF0DB0,brl,506,484,4,3,1
opt,M_BLOCKIO_CACHED_7ABF0DB0,bra,570,547,4,2,2
opt,M_BLOCKIO_CACHED_7ABF0DB0,bra,576,551,4,2,2
opt,M_BLOCKIO_CACHED_7ABF0DB0,bra,640,613,4,2,2
opt,M_BLOCKIO_PUBLISH_42B93901,bra,8,8,4,2,2
opt,M_BLOCKIO_PREPARE_810BFFA1,conditional,472,470,6,2,4
opt,M_BLOCKIO_PREPARE_810BFFA1,conditional,480,474,6,2,4
opt,M_BLOCKIO_PREPARE_810BFFA1,conditional,488,478,6,2,4
opt,M_BLOCKIO_PREPARE_810BFFA1,conditional,498,484,6,2,4
opt,M_BLOCKIO_PREPARE_810BFFA1,conditional,506,488,6,2,4
opt,M_BLOCKIO_PREPARE_810BFFA1,conditional,529,507,6,2,4
opt,M_BLOCKIO_PREPARE_810BFFA1,bra,8,8,4,2,2
opt,M_BLOCKIO_PREPARE_810BFFA1,bra,535,509,4,2,2
opt,M_BLOCKIO_COMPLETE_80F6A54F,bra,8,8,4,2,2
opt,M_BLOCKIO_COMPLETE_80F6A54F,bra,230,228,4,2,2
opt,M_BLOCKIO_COMPLETE_80F6A54F,brl,320,316,4,3,1
opt,M_BLOCKIO_COMPLETE_80F6A54F,bra,359,354,4,2,2
opt,M_BLOCKIO_COMPLETE_80F6A54F,bra,579,572,4,2,2
opt,M_BLOCKIO_COMPLETE_80F6A54F,bra,585,576,4,2,2
opt,M_BLOCKIO_COMPLETE_80F6A54F,bra,653,642,4,2,2
opt,M_BLOCKIO_CHECK_A5B41A2A,conditional,542,529,6,2,4
opt,M_BLOCKIO_CHECK_A5B41A2A,bra,8,8,4,2,2
opt,M_BLOCKIO_CHECK_A5B41A2A,bra,111,109,4,2,2
opt,M_BLOCKIO_CHECK_A5B41A2A,bra,201,197,4,2,2
opt,M_BLOCKIO_CHECK_A5B41A2A,brl,283,277,4,3,1
opt,M_BLOCKIO_CHECK_A5B41A2A,bra,305,298,4,2,2
opt,M_BLOCKIO_CHECK_A5B41A2A,bra,496,487,4,2,2
opt,M_BLOCKIO_CHECK_A5B41A2A,bra,502,491,4,2,2
opt,M_BLOCKIO_CHECK_A5B41A2A,brl,558,541,4,3,1
opt,M_BLOCKIO_CHECK_A5B41A2A,bra,580,562,4,2,2
opt,M_BLOCKIO_CHECK_A5B41A2A,bra,729,709,4,2,2
opt,M_BLOCKIO_CHECK_A5B41A2A,bra,824,802,4,2,2
opt,M_BLOCKIO_CHECK_A5B41A2A,bra,859,835,4,2,2
opt,M_BLOCKIO_BEGINFETCH_6B9D7F07,bra,8,8,4,2,2
opt,M_BLOCKIO_BEGINFETCH_6B9D7F07,bra,62,60,4,2,2
opt,M_BLOCKIO_BEGINFETCH_6B9D7F07,bra,154,150,4,2,2
opt,M_BLOCKIO_BEGINFETCH_6B9D7F07,bra,202,196,4,2,2
opt,M_BLOCKIO_BEGINFETCH_6B9D7F07,bra,610,602,4,2,2
opt,M_BLOCKIO_FINISHFETCH_D55D2AA5,conditional,307,301,6,2,4
opt,M_BLOCKIO_FINISHFETCH_D55D2AA5,bra,8,8,4,2,2
opt,M_BLOCKIO_FINISHFETCH_D55D2AA5,bra,54,52,4,2,2
opt,M_BLOCKIO_FINISHFETCH_D55D2AA5,bra,165,161,4,2,2
opt,M_BLOCKIO_FINISHFETCH_D55D2AA5,bra,319,309,4,2,2
opt,M_BLOCKIO_FINISHFETCH_D55D2AA5,bra,361,349,4,2,2
opt,M_BLOCKIO_FETCH_124BDACE,conditional,381,373,6,2,4
opt,M_BLOCKIO_FETCH_124BDACE,bra,8,8,4,2,2
opt,M_BLOCKIO_FETCH_124BDACE,bra,62,60,4,2,2
opt,M_BLOCKIO_FETCH_124BDACE,bra,157,153,4,2,2
opt,M_BLOCKIO_FETCH_124BDACE,bra,278,272,4,2,2
opt,M_BLOCKIO_FETCH_124BDACE,bra,389,377,4,2,2
opt,M_BLOCKIO_FETCH_124BDACE,bra,409,395,4,2,2
opt,M_BLOCKIO_READSECTOR_D918C668,conditional,174,166,6,2,4
opt,M_BLOCKIO_READSECTOR_D918C668,conditional,180,168,6,2,4
opt,M_BLOCKIO_READSECTOR_D918C668,conditional,194,178,6,2,4
opt,M_BLOCKIO_READSECTOR_D918C668,conditional,200,180,6,2,4
opt,M_BLOCKIO_READSECTOR_D918C668,conditional,214,190,6,2,4
opt,M_BLOCKIO_READSECTOR_D918C668,conditional,220,192,6,2,4
opt,M_BLOCKIO_READSECTOR_D918C668,conditional,234,202,6,2,4
opt,M_BLOCKIO_READSECTOR_D918C668,conditional,240,204,6,2,4
opt,M_BLOCKIO_READSECTOR_D918C668,bra,8,8,4,2,2
opt,M_BLOCKIO_READSECTOR_D918C668,bra,54,52,4,2,2
opt,M_BLOCKIO_READSECTOR_D918C668,bra,132,128,4,2,2
opt,M_BLOCKIO_READSECTOR_D918C668,bra,138,132,4,2,2
opt,M_BLOCKIO_READSECTOR_D918C668,bra,246,206,4,2,2
opt,M_BLOCKIO_READSECTOR_D918C668,bra,252,210,4,2,2
opt,M_BLOCKIO_READSECTOR_D918C668,bra,258,214,4,2,2
opt,M_BLOCKIO_READSECTOR_D918C668,bra,264,218,4,2,2
opt,M_BLOCKIO_READSECTOR_D918C668,brl,280,232,4,3,1
opt,M_BLOCKIO_READSECTOR_D918C668,bra,302,253,4,2,2
opt,M_BLOCKIO_READSECTOR_D918C668,bra,514,463,4,2,2
opt,M_BLOCKIO_READSECTOR_D918C668,brl,599,546,4,3,1
opt,M_BLOCKIO_READSECTOR_D918C668,bra,621,567,4,2,2
opt,M_BLOCKIO_READSECTOR_D918C668,bra,831,775,4,2,2
opt,M_BLOCKIO_READSECTOR_D918C668,bra,931,873,4,2,2
opt,M_BLOCKIO_READSECTOR_D918C668,brl,1005,945,4,3,1
opt,M_BLOCKIO_READSECTOR_D918C668,bra,1164,1103,4,2,2
opt,M_BLOCKIO_READSECTOR_D918C668,bra,1170,1107,4,2,2
opt,M_BLOCKIO_READSECTOR_D918C668,brl,1186,1121,4,3,1
opt,M_MYDOSNAMES_LEGAL_C9AD70C6,bra,8,8,4,2,2
opt,M_MYDOSNAMES_LEGAL_C9AD70C6,bra,44,42,4,2,2
opt,M_MYDOSNAMES_LEGAL_C9AD70C6,bra,64,60,4,2,2
opt,M_MYDOSNAMES_LEGAL_C9AD70C6,bra,96,90,4,2,2
opt,M_MYDOSNAMES_LEGAL_C9AD70C6,bra,116,108,4,2,2
opt,M_MYDOSNAMES_LEGAL_C9AD70C6,bra,148,138,4,2,2
opt,M_MYDOSNAMES_LEGAL_C9AD70C6,bra,168,156,4,2,2
opt,M_MYDOSNAMES_FOLD_297622C6,bra,8,8,4,2,2
opt,M_MYDOSNAMES_FOLD_297622C6,bra,44,42,4,2,2
opt,M_MYDOSNAMES_FOLD_297622C6,bra,64,60,4,2,2
opt,M_MYDOSNAMES_STORED_9F1E578A,bra,8,8,4,2,2
opt,M_MYDOSNAMES_STORED_9F1E578A,bra,100,98,4,2,2
opt,M_MYDOSNAMES_STORED_9F1E578A,brl,106,102,4,3,1
opt,M_MYDOSNAMES_STORED_9F1E578A,bra,180,175,4,2,2
opt,M_MYDOSNAMES_STORED_9F1E578A,bra,256,249,4,2,2
opt,M_MYDOSNAMES_STORED_9F1E578A,brl,304,295,4,3,1
opt,M_MYDOSNAMES_STORED_9F1E578A,bra,320,310,4,2,2
opt,M_MYDOSNAMES_STORED_9F1E578A,bra,404,392,4,2,2
opt,M_MYDOSNAMES_STORED_9F1E578A,brl,418,404,4,3,1
opt,M_MYDOSNAMES_STORED_9F1E578A,bra,436,421,4,2,2
opt,M_MYDOSNAMES_STORED_9F1E578A,brl,442,425,4,3,1
opt,M_MYDOSNAMES_STORED_9F1E578A,bra,518,500,4,2,2
opt,M_MYDOSNAMES_STORED_9F1E578A,bra,583,563,4,2,2
opt,M_MYDOSNAMES_STORED_9F1E578A,brl,628,606,4,3,1
opt,M_MYDOSNAMES_MATCH_52630F12,bra,8,8,4,2,2
opt,M_MYDOSNAMES_MATCH_52630F12,brl,60,58,4,3,1
opt,M_MYDOSNAMES_MATCH_52630F12,bra,200,197,4,2,2
opt,M_MYDOSNAMES_MATCH_52630F12,bra,286,281,4,2,2
opt,M_MYDOSNAMES_MATCH_52630F12,bra,413,406,4,2,2
opt,M_MYDOSNAMES_MATCH_52630F12,bra,478,469,4,2,2
opt,M_MYDOSNAMES_MATCH_52630F12,brl,523,512,4,3,1
opt,M_MYDOSNAMES_MATCH_52630F12,bra,541,529,4,2,2
opt,M_MYDOSNAMES_COMPONENT_FF2F5328,bra,8,8,4,2,2
opt,M_MYDOSNAMES_COMPONENT_FF2F5328,brl,52,50,4,3,1
opt,M_MYDOSNAMES_COMPONENT_FF2F5328,brl,192,189,4,3,1
opt,M_MYDOSNAMES_COMPONENT_FF2F5328,brl,268,264,4,3,1
opt,M_MYDOSNAMES_COMPONENT_FF2F5328,bra,389,384,4,2,2
opt,M_MYDOSNAMES_COMPONENT_FF2F5328,brl,395,388,4,3,1
opt,M_MYDOSNAMES_COMPONENT_FF2F5328,bra,409,401,4,2,2
opt,M_MYDOSNAMES_COMPONENT_FF2F5328,bra,425,415,4,2,2
opt,M_MYDOSNAMES_COMPONENT_FF2F5328,bra,431,419,4,2,2
opt,M_MYDOSNAMES_COMPONENT_FF2F5328,bra,445,431,4,2,2
opt,M_MYDOSNAMES_COMPONENT_FF2F5328,brl,531,515,4,3,1
opt,M_MYDOSNAMES_COMPONENT_FF2F5328,bra,543,526,4,2,2
opt,M_MYDOSNAMES_COMPONENT_FF2F5328,bra,608,589,4,2,2
opt,M_MYDOSNAMES_COMPONENT_FF2F5328,bra,614,593,4,2,2
opt,M_MYDOSNAMES_COMPONENT_FF2F5328,bra,628,605,4,2,2
opt,M_MYDOSNAMES_COMPONENT_FF2F5328,bra,634,609,4,2,2
opt,M_MYDOSNAMES_COMPONENT_FF2F5328,bra,648,621,4,2,2
opt,M_MYDOSNAMES_COMPONENT_FF2F5328,bra,664,635,4,2,2
opt,M_MYDOSNAMES_COMPONENT_FF2F5328,brl,938,907,4,3,1
opt,M_MYDOSNAMES_COMPONENT_FF2F5328,bra,952,920,4,2,2
opt,M_MYDOSNAMES_COMPONENT_FF2F5328,brl,958,924,4,3,1
opt,M_MYDOSNAMES_COMPONENT_FF2F5328,bra,972,937,4,2,2
opt,M_MYDOSNAMES_COMPONENT_FF2F5328,bra,988,951,4,2,2
opt,M_MYDOSNAMES_COMPONENT_FF2F5328,brl,994,955,4,3,1
opt,M_MYDOSNAMES_COMPONENT_FF2F5328,bra,1061,1021,4,2,2
opt,M_MYDOSNAMES_COMPONENT_FF2F5328,bra,1134,1092,4,2,2
opt,M_MYDOSNAMES_COMPONENT_FF2F5328,brl,1252,1208,4,3,1
opt,M_MYDOSNAMES_COMPONENT_FF2F5328,bra,1356,1311,4,2,2
opt,M_FSNAMES_STREAM_12DD2A4A,bra,8,8,4,2,2
opt,M_FSNAMES_STREAM_12DD2A4A,brl,39,37,4,3,1
opt,M_FSNAMES_STREAM_12DD2A4A,bra,117,114,4,2,2
opt,M_FSNAMES_STREAM_12DD2A4A,brl,182,177,4,3,1
opt,M_FSNAMES_STREAM_12DD2A4A,bra,260,254,4,2,2
opt,M_FSNAMES_STREAM_12DD2A4A,brl,325,317,4,3,1
opt,M_FSNAMES_STREAM_12DD2A4A,bra,403,394,4,2,2
opt,M_FSNAMES_STREAM_12DD2A4A,bra,468,457,4,2,2
opt,M_FSNAMES_STREAM_12DD2A4A,bra,558,545,4,2,2
opt,M_FSNAMES_STREAM_12DD2A4A,brl,623,608,4,3,1
opt,M_FSNAMES_STREAM_12DD2A4A,bra,701,685,4,2,2
opt,M_FSNAMES_STREAM_12DD2A4A,brl,766,748,4,3,1
opt,M_FSNAMES_STREAM_12DD2A4A,bra,844,825,4,2,2
opt,M_FSNAMES_STREAM_12DD2A4A,bra,909,888,4,2,2
opt,M_FSNAMES_STREAM_12DD2A4A,bra,999,976,4,2,2
opt,M_FSNAMES_STREAM_12DD2A4A,brl,1064,1039,4,3,1
opt,M_FSNAMES_STREAM_12DD2A4A,bra,1142,1116,4,2,2
opt,M_FSNAMES_STREAM_12DD2A4A,brl,1207,1179,4,3,1
opt,M_FSNAMES_STREAM_12DD2A4A,bra,1285,1256,4,2,2
opt,M_FSNAMES_STREAM_12DD2A4A,bra,1350,1319,4,2,2
opt,M_FSNAMES_STREAM_12DD2A4A,brl,1389,1356,4,3,1
opt,M_FSNAMES_STREAM_12DD2A4A,bra,1467,1433,4,2,2
opt,M_FSNAMES_STREAM_12DD2A4A,brl,1532,1496,4,3,1
opt,M_FSNAMES_STREAM_12DD2A4A,bra,1610,1573,4,2,2
opt,M_FSNAMES_STREAM_12DD2A4A,brl,1675,1636,4,3,1
opt,M_FSNAMES_STREAM_12DD2A4A,bra,1753,1713,4,2,2
opt,M_FSNAMES_STREAM_12DD2A4A,brl,1818,1776,4,3,1
opt,M_FSNAMES_STREAM_12DD2A4A,bra,1896,1853,4,2,2
opt,M_FSNAMES_STREAM_12DD2A4A,brl,1961,1916,4,3,1
opt,M_FSNAMES_STREAM_12DD2A4A,bra,2039,1993,4,2,2
opt,M_FSNAMES_STREAM_12DD2A4A,brl,2104,2056,4,3,1
opt,M_FSNAMES_STREAM_12DD2A4A,bra,2182,2133,4,2,2
opt,M_FSNAMES_STREAM_12DD2A4A,brl,2247,2196,4,3,1
opt,M_FSNAMES_STREAM_12DD2A4A,bra,2325,2273,4,2,2
opt,M_FSNAMES_STREAM_12DD2A4A,bra,2390,2336,4,2,2
opt,M_FSNAMES_MAPPED_324F42A3,conditional,88,86,6,2,4
opt,M_FSNAMES_MAPPED_324F42A3,conditional,94,88,6,2,4
opt,M_FSNAMES_MAPPED_324F42A3,conditional,108,98,6,2,4
opt,M_FSNAMES_MAPPED_324F42A3,conditional,114,100,6,2,4
opt,M_FSNAMES_MAPPED_324F42A3,conditional,128,110,6,2,4
opt,M_FSNAMES_MAPPED_324F42A3,conditional,134,112,6,2,4
opt,M_FSNAMES_MAPPED_324F42A3,conditional,148,122,6,2,4
opt,M_FSNAMES_MAPPED_324F42A3,conditional,154,124,6,2,4
opt,M_FSNAMES_MAPPED_324F42A3,conditional,218,175,6,2,4
opt,M_FSNAMES_MAPPED_324F42A3,conditional,224,177,6,2,4
opt,M_FSNAMES_MAPPED_324F42A3,conditional,238,187,6,2,4
opt,M_FSNAMES_MAPPED_324F42A3,conditional,244,189,6,2,4
opt,M_FSNAMES_MAPPED_324F42A3,conditional,258,199,6,2,4
opt,M_FSNAMES_MAPPED_324F42A3,conditional,264,201,6,2,4
opt,M_FSNAMES_MAPPED_324F42A3,conditional,278,211,6,2,4
opt,M_FSNAMES_MAPPED_324F42A3,conditional,284,213,6,2,4
opt,M_FSNAMES_MAPPED_324F42A3,conditional,352,265,6,2,4
opt,M_FSNAMES_MAPPED_324F42A3,conditional,358,267,6,2,4
opt,M_FSNAMES_MAPPED_324F42A3,conditional,372,277,6,2,4
opt,M_FSNAMES_MAPPED_324F42A3,conditional,378,279,6,2,4
opt,M_FSNAMES_MAPPED_324F42A3,conditional,392,289,6,2,4
opt,M_FSNAMES_MAPPED_324F42A3,conditional,398,291,6,2,4
opt,M_FSNAMES_MAPPED_324F42A3,conditional,412,301,6,2,4
opt,M_FSNAMES_MAPPED_324F42A3,conditional,418,303,6,2,4
opt,M_FSNAMES_MAPPED_324F42A3,conditional,543,414,6,2,4
opt,M_FSNAMES_MAPPED_324F42A3,conditional,549,416,6,2,4
opt,M_FSNAMES_MAPPED_324F42A3,conditional,563,426,6,2,4
opt,M_FSNAMES_MAPPED_324F42A3,conditional,569,428,6,2,4
opt,M_FSNAMES_MAPPED_324F42A3,conditional,583,438,6,2,4
opt,M_FSNAMES_MAPPED_324F42A3,conditional,589,440,6,2,4
opt,M_FSNAMES_MAPPED_324F42A3,conditional,603,450,6,2,4
opt,M_FSNAMES_MAPPED_324F42A3,conditional,609,452,6,2,4
opt,M_FSNAMES_MAPPED_324F42A3,bra,8,8,4,2,2
opt,M_FSNAMES_MAPPED_324F42A3,bra,160,126,4,2,2
opt,M_FSNAMES_MAPPED_324F42A3,bra,166,130,4,2,2
opt,M_FSNAMES_MAPPED_324F42A3,bra,172,134,4,2,2
opt,M_FSNAMES_MAPPED_324F42A3,bra,178,138,4,2,2
opt,M_FSNAMES_MAPPED_324F42A3,brl,194,152,4,3,1
opt,M_FSNAMES_MAPPED_324F42A3,bra,290,215,4,2,2
opt,M_FSNAMES_MAPPED_324F42A3,bra,296,219,4,2,2
opt,M_FSNAMES_MAPPED_324F42A3,bra,302,223,4,2,2
opt,M_FSNAMES_MAPPED_324F42A3,bra,308,227,4,2,2
opt,M_FSNAMES_MAPPED_324F42A3,bra,324,241,4,2,2
opt,M_FSNAMES_MAPPED_324F42A3,bra,330,245,4,2,2
opt,M_FSNAMES_MAPPED_324F42A3,bra,424,305,4,2,2
opt,M_FSNAMES_MAPPED_324F42A3,bra,430,309,4,2,2
opt,M_FSNAMES_MAPPED_324F42A3,bra,436,313,4,2,2
opt,M_FSNAMES_MAPPED_324F42A3,bra,442,317,4,2,2
opt,M_FSNAMES_MAPPED_324F42A3,bra,458,331,4,2,2
opt,M_FSNAMES_MAPPED_324F42A3,bra,615,454,4,2,2
opt,M_FSNAMES_MAPPED_324F42A3,bra,621,458,4,2,2
opt,M_FSNAMES_MAPPED_324F42A3,bra,627,462,4,2,2
opt,M_FSNAMES_MAPPED_324F42A3,bra,633,466,4,2,2
opt,M_FSNAMES_MAPPED_324F42A3,bra,696,527,4,2,2
opt,M_FSNAMES_PATH_CFBF830F,conditional,145,142,6,2,4
opt,M_FSNAMES_PATH_CFBF830F,conditional,151,144,6,2,4
opt,M_FSNAMES_PATH_CFBF830F,conditional,165,154,6,2,4
opt,M_FSNAMES_PATH_CFBF830F,conditional,171,156,6,2,4
opt,M_FSNAMES_PATH_CFBF830F,conditional,185,166,6,2,4
opt,M_FSNAMES_PATH_CFBF830F,conditional,191,168,6,2,4
opt,M_FSNAMES_PATH_CFBF830F,conditional,259,223,6,2,4
opt,M_FSNAMES_PATH_CFBF830F,conditional,265,225,6,2,4
opt,M_FSNAMES_PATH_CFBF830F,conditional,279,235,6,2,4
opt,M_FSNAMES_PATH_CFBF830F,conditional,285,237,6,2,4
opt,M_FSNAMES_PATH_CFBF830F,conditional,299,247,6,2,4
opt,M_FSNAMES_PATH_CFBF830F,conditional,305,249,6,2,4
opt,M_FSNAMES_PATH_CFBF830F,conditional,377,305,6,2,4
opt,M_FSNAMES_PATH_CFBF830F,conditional,383,307,6,2,4
opt,M_FSNAMES_PATH_CFBF830F,conditional,397,317,6,2,4
opt,M_FSNAMES_PATH_CFBF830F,conditional,403,319,6,2,4
opt,M_FSNAMES_PATH_CFBF830F,conditional,417,329,6,2,4
opt,M_FSNAMES_PATH_CFBF830F,conditional,423,331,6,2,4
opt,M_FSNAMES_PATH_CFBF830F,conditional,515,408,6,2,4
opt,M_FSNAMES_PATH_CFBF830F,conditional,523,412,6,2,4
opt,M_FSNAMES_PATH_CFBF830F,conditional,544,429,6,2,4
opt,M_FSNAMES_PATH_CFBF830F,bra,8,8,4,2,2
opt,M_FSNAMES_PATH_CFBF830F,brl,117,115,4,3,1
opt,M_FSNAMES_PATH_CFBF830F,bra,197,170,4,2,2
opt,M_FSNAMES_PATH_CFBF830F,bra,203,174,4,2,2
opt,M_FSNAMES_PATH_CFBF830F,bra,209,178,4,2,2
opt,M_FSNAMES_PATH_CFBF830F,bra,215,182,4,2,2
opt,M_FSNAMES_PATH_CFBF830F,brl,231,196,4,3,1
opt,M_FSNAMES_PATH_CFBF830F,bra,311,251,4,2,2
opt,M_FSNAMES_PATH_CFBF830F,bra,317,255,4,2,2
opt,M_FSNAMES_PATH_CFBF830F,bra,323,259,4,2,2
opt,M_FSNAMES_PATH_CFBF830F,bra,329,263,4,2,2
opt,M_FSNAMES_PATH_CFBF830F,bra,345,277,4,2,2
opt,M_FSNAMES_PATH_CFBF830F,bra,351,281,4,2,2
opt,M_FSNAMES_PATH_CFBF830F,bra,429,333,4,2,2
opt,M_FSNAMES_PATH_CFBF830F,bra,435,337,4,2,2
opt,M_FSNAMES_PATH_CFBF830F,bra,441,341,4,2,2
opt,M_FSNAMES_PATH_CFBF830F,bra,447,345,4,2,2
opt,M_FSNAMES_PATH_CFBF830F,bra,463,359,4,2,2
opt,M_FSNAMES_PATH_CFBF830F,brl,481,375,4,3,1
opt,M_FSNAMES_PATH_CFBF830F,bra,550,431,4,2,2
opt,M_FSNAMES_PATH_CFBF830F,brl,596,475,4,3,1
opt,M_FSNAMES_PATH_CFBF830F,bra,641,519,4,2,2
opt,M_FSNAMES_PATH_CFBF830F,bra,711,587,4,2,2
opt,M_FSNAMES_PATH_CFBF830F,bra,717,591,4,2,2
opt,M_FSNAMES_PATH_CFBF830F,bra,735,607,4,2,2
opt,M_FSNAMES_PATH_CFBF830F,bra,786,656,4,2,2
opt,M_FSNAMES_PATH_CFBF830F,brl,821,689,4,3,1
opt,M_FSNAMES_PATH_CFBF830F,bra,834,701,4,2,2
opt,M_FSNAMES_PATH_CFBF830F,bra,840,705,4,2,2
opt,M_FSNAMES_PATH_CFBF830F,bra,851,714,4,2,2
opt,M_FSNAMES_PATH_CFBF830F,brl,876,737,4,3,1
opt,M_FSNAMES_PATH_CFBF830F,brl,899,759,4,3,1
opt,M_FSNAMES_PATH_CFBF830F,bra,973,832,4,2,2
opt,M_FSNAMES_PATH_CFBF830F,bra,1038,895,4,2,2
opt,M_FSNAMES_PATH_CFBF830F,bra,1063,918,4,2,2
opt,M_FSNAMES_PATH_CFBF830F,bra,1069,922,4,2,2
opt,M_FSNAMES_PATH_CFBF830F,brl,1085,936,4,3,1
opt,M_FSNAMES_PATH_CFBF830F,brl,1220,1070,4,3,1
opt,M_FSNAMES_ALIAS_A2F2B006,conditional,428,414,6,2,4
opt,M_FSNAMES_ALIAS_A2F2B006,bra,8,8,4,2,2
opt,M_FSNAMES_ALIAS_A2F2B006,brl,49,47,4,3,1
opt,M_FSNAMES_ALIAS_A2F2B006,bra,123,120,4,2,2
opt,M_FSNAMES_ALIAS_A2F2B006,bra,246,241,4,2,2
opt,M_FSNAMES_ALIAS_A2F2B006,bra,311,304,4,2,2
opt,M_FSNAMES_ALIAS_A2F2B006,bra,336,327,4,2,2
opt,M_FSNAMES_ALIAS_A2F2B006,bra,342,331,4,2,2
opt,M_FSNAMES_ALIAS_A2F2B006,brl,358,345,4,3,1
opt,M_FSNAMES_ALIAS_A2F2B006,bra,436,418,4,2,2
opt,M_FSNAMES_SAMEALIAS_76260CCC,bra,8,8,4,2,2
opt,M_FSNAMES_SAMEALIAS_76260CCC,brl,52,50,4,3,1
opt,M_FSNAMES_SAMEALIAS_76260CCC,bra,130,127,4,2,2
opt,M_FSNAMES_SAMEALIAS_76260CCC,bra,257,252,4,2,2
opt,M_FSNAMES_SAMEALIAS_76260CCC,bra,322,315,4,2,2
opt,M_FSNAMES_SAMEALIAS_76260CCC,bra,410,401,4,2,2
opt,M_FSNAMES_SAMEALIAS_76260CCC,brl,455,444,4,3,1
opt,M_FSNAMES_VALIDALIAS_36EB4E14,conditional,144,140,6,2,4
opt,M_FSNAMES_VALIDALIAS_36EB4E14,conditional,271,259,6,2,4
opt,M_FSNAMES_VALIDALIAS_36EB4E14,bra,8,8,4,2,2
opt,M_FSNAMES_VALIDALIAS_36EB4E14,brl,52,50,4,3,1
opt,M_FSNAMES_VALIDALIAS_36EB4E14,brl,132,129,4,3,1
opt,M_FSNAMES_VALIDALIAS_36EB4E14,bra,152,144,4,2,2
opt,M_FSNAMES_VALIDALIAS_36EB4E14,bra,194,184,4,2,2
opt,M_FSNAMES_VALIDALIAS_36EB4E14,bra,279,263,4,2,2
opt,M_FSNAMES_VALIDALIAS_36EB4E14,bra,350,332,4,2,2
opt,M_FSNAMES_VALIDALIAS_36EB4E14,bra,415,395,4,2,2
opt,M_FSNAMES_VALIDALIAS_36EB4E14,brl,460,438,4,3,1
opt,M_DOSSTREAMS_VALIDMODE_6A43AE29,conditional,43,41,6,2,4
opt,M_DOSSTREAMS_VALIDMODE_6A43AE29,conditional,54,48,6,2,4
opt,M_DOSSTREAMS_VALIDMODE_6A43AE29,conditional,91,79,6,2,4
opt,M_DOSSTREAMS_VALIDMODE_6A43AE29,conditional,102,86,6,2,4
opt,M_DOSSTREAMS_VALIDMODE_6A43AE29,conditional,149,127,6,2,4
opt,M_DOSSTREAMS_VALIDMODE_6A43AE29,conditional,160,134,6,2,4
opt,M_DOSSTREAMS_VALIDMODE_6A43AE29,bra,8,8,4,2,2
opt,M_DOSSTREAMS_VALIDMODE_6A43AE29,bra,64,54,4,2,2
opt,M_DOSSTREAMS_VALIDMODE_6A43AE29,bra,112,92,4,2,2
opt,M_DOSSTREAMS_VALIDMODE_6A43AE29,bra,170,140,4,2,2
opt,M_DOSSTREAMS_VALIDBUFFER_D67D80FE,conditional,52,50,6,2,4
opt,M_DOSSTREAMS_VALIDBUFFER_D67D80FE,conditional,58,52,6,2,4
opt,M_DOSSTREAMS_VALIDBUFFER_D67D80FE,conditional,72,62,6,2,4
opt,M_DOSSTREAMS_VALIDBUFFER_D67D80FE,conditional,78,64,6,2,4
opt,M_DOSSTREAMS_VALIDBUFFER_D67D80FE,conditional,92,74,6,2,4
opt,M_DOSSTREAMS_VALIDBUFFER_D67D80FE,conditional,98,76,6,2,4
opt,M_DOSSTREAMS_VALIDBUFFER_D67D80FE,conditional,112,86,6,2,4
opt,M_DOSSTREAMS_VALIDBUFFER_D67D80FE,conditional,118,88,6,2,4
opt,M_DOSSTREAMS_VALIDBUFFER_D67D80FE,conditional,251,205,6,2,4
opt,M_DOSSTREAMS_VALIDBUFFER_D67D80FE,bra,8,8,4,2,2
opt,M_DOSSTREAMS_VALIDBUFFER_D67D80FE,bra,124,90,4,2,2
opt,M_DOSSTREAMS_VALIDBUFFER_D67D80FE,bra,130,94,4,2,2
opt,M_DOSSTREAMS_VALIDBUFFER_D67D80FE,bra,136,98,4,2,2
opt,M_DOSSTREAMS_VALIDBUFFER_D67D80FE,bra,142,102,4,2,2
opt,M_DOSSTREAMS_VALIDBUFFER_D67D80FE,bra,158,116,4,2,2
opt,M_DOSSTREAMS_VALIDBUFFER_D67D80FE,bra,172,128,4,2,2
opt,M_DOSSTREAMS_VALIDBUFFER_D67D80FE,bra,263,213,4,2,2
opt,M_DOSSTREAMS_VALIDBUFFER_D67D80FE,bra,325,273,4,2,2
opt,M_DOSSTREAMS_VALIDBUFFER_D67D80FE,bra,410,356,4,2,2
opt,M_DOSSTREAMS_VALIDBUFFER_D67D80FE,bra,424,368,4,2,2
opt,M_DOSSTREAMS_OPENNIL_7EDE8F17,conditional,239,233,6,2,4
opt,M_DOSSTREAMS_OPENNIL_7EDE8F17,bra,8,8,4,2,2
opt,M_DOSSTREAMS_OPENNIL_7EDE8F17,bra,38,36,4,2,2
opt,M_DOSSTREAMS_OPENNIL_7EDE8F17,bra,137,133,4,2,2
opt,M_DOSSTREAMS_OPENNIL_7EDE8F17,bra,255,245,4,2,2
opt,M_DOSSTREAMS_OPENNIL_7EDE8F17,bra,481,469,4,2,2
opt,M_DOSSTREAMS_TRANSFERNIL_E7EA5C2C,bra,8,8,4,2,2
opt,M_DOSSTREAMS_TRANSFERNIL_E7EA5C2C,bra,81,79,4,2,2
opt,M_DOSSTREAMS_TRANSFERNIL_E7EA5C2C,bra,166,162,4,2,2
opt,M_DOSSTREAMS_TRANSFERNIL_E7EA5C2C,bra,250,244,4,2,2
opt,M_DOSSTREAMS_TRANSFERNIL_E7EA5C2C,bra,344,336,4,2,2
opt,M_DOSSTREAMS_CLOSENIL_3520E24B,bra,8,8,4,2,2
opt,M_DOSSTREAMS_CLOSENIL_3520E24B,bra,38,36,4,2,2
opt,M_DOSSTREAMS_CLOSENIL_3520E24B,bra,169,165,4,2,2
opt,M_DOSSTREAMS_CLOSENIL_3520E24B,bra,264,258,4,2,2
opt,M_DOSSTREAMS_CLOSENIL_3520E24B,bra,351,343,4,2,2
opt,M_DOSSTREAMS_CLOSENIL_3520E24B,bra,365,355,4,2,2
opt,M_DOSSTREAMS_CLOSENIL_3520E24B,bra,449,437,4,2,2
opt,M_DOSRAW_GETREGISTRY_976423CC,bra,8,8,4,2,2
opt,M_DOSRAW_LIVE_14427091,conditional,377,364,6,2,4
opt,M_DOSRAW_LIVE_14427091,conditional,475,456,6,2,4
opt,M_DOSRAW_LIVE_14427091,conditional,485,462,6,2,4
opt,M_DOSRAW_LIVE_14427091,conditional,537,508,6,2,4
opt,M_DOSRAW_LIVE_14427091,bra,8,8,4,2,2
opt,M_DOSRAW_LIVE_14427091,bra,38,36,4,2,2
opt,M_DOSRAW_LIVE_14427091,bra,127,123,4,2,2
opt,M_DOSRAW_LIVE_14427091,brl,133,127,4,3,1
opt,M_DOSRAW_LIVE_14427091,bra,221,214,4,2,2
opt,M_DOSRAW_LIVE_14427091,bra,227,218,4,2,2
opt,M_DOSRAW_LIVE_14427091,bra,303,292,4,2,2
opt,M_DOSRAW_LIVE_14427091,bra,393,376,4,2,2
opt,M_DOSRAW_LIVE_14427091,bra,495,468,4,2,2
opt,M_DOSRAW_LIVE_14427091,bra,547,514,4,2,2
opt,M_DOSRAW_INITIALIZE_D871F7B7,bra,8,8,4,2,2
opt,M_DOSRAW_INITIALIZE_D871F7B7,bra,93,91,4,2,2
opt,M_DOSRAW_ROLLBACK_4A7594F5,bra,8,8,4,2,2
opt,M_DOSRAW_ROLLBACK_4A7594F5,bra,38,36,4,2,2
opt,M_DOSRAW_ROLLBACK_4A7594F5,bra,161,157,4,2,2
opt,M_DOSRAW_ACQUIRE_CC49A145,conditional,663,645,6,2,4
opt,M_DOSRAW_ACQUIRE_CC49A145,conditional,1170,1139,6,2,4
opt,M_DOSRAW_ACQUIRE_CC49A145,conditional,2125,2068,6,2,4
opt,M_DOSRAW_ACQUIRE_CC49A145,bra,8,8,4,2,2
opt,M_DOSRAW_ACQUIRE_CC49A145,bra,38,36,4,2,2
opt,M_DOSRAW_ACQUIRE_CC49A145,bra,110,106,4,2,2
opt,M_DOSRAW_ACQUIRE_CC49A145,brl,190,184,4,3,1
opt,M_DOSRAW_ACQUIRE_CC49A145,brl,272,265,4,3,1
opt,M_DOSRAW_ACQUIRE_CC49A145,bra,286,278,4,2,2
opt,M_DOSRAW_ACQUIRE_CC49A145,bra,341,331,4,2,2
opt,M_DOSRAW_ACQUIRE_CC49A145,bra,491,479,4,2,2
opt,M_DOSRAW_ACQUIRE_CC49A145,bra,618,604,4,2,2
opt,M_DOSRAW_ACQUIRE_CC49A145,bra,624,608,4,2,2
opt,M_DOSRAW_ACQUIRE_CC49A145,brl,678,656,4,3,1
opt,M_DOSRAW_ACQUIRE_CC49A145,bra,692,669,4,2,2
opt,M_DOSRAW_ACQUIRE_CC49A145,bra,747,722,4,2,2
opt,M_DOSRAW_ACQUIRE_CC49A145,bra,1013,986,4,2,2
opt,M_DOSRAW_ACQUIRE_CC49A145,bra,1068,1039,4,2,2
opt,M_DOSRAW_ACQUIRE_CC49A145,brl,1186,1151,4,3,1
opt,M_DOSRAW_ACQUIRE_CC49A145,bra,1208,1172,4,2,2
opt,M_DOSRAW_ACQUIRE_CC49A145,bra,1273,1235,4,2,2
opt,M_DOSRAW_ACQUIRE_CC49A145,bra,1401,1361,4,2,2
opt,M_DOSRAW_ACQUIRE_CC49A145,bra,1581,1539,4,2,2
opt,M_DOSRAW_ACQUIRE_CC49A145,brl,1689,1645,4,3,1
opt,M_DOSRAW_ACQUIRE_CC49A145,bra,1727,1682,4,2,2
opt,M_DOSRAW_ACQUIRE_CC49A145,bra,1814,1767,4,2,2
opt,M_DOSRAW_ACQUIRE_CC49A145,bra,1880,1831,4,2,2
opt,M_DOSRAW_ACQUIRE_CC49A145,bra,1894,1843,4,2,2
opt,M_DOSRAW_ACQUIRE_CC49A145,bra,1999,1946,4,2,2
opt,M_DOSRAW_ACQUIRE_CC49A145,bra,2013,1958,4,2,2
opt,M_DOSRAW_ACQUIRE_CC49A145,bra,2133,2072,4,2,2
opt,M_DOSRAW_ACQUIRE_CC49A145,bra,2153,2090,4,2,2
opt,M_DOSRAW_ACQUIRE_CC49A145,bra,2255,2190,4,2,2
opt,M_DOSRAW_ACQUIRE_CC49A145,bra,2395,2328,4,2,2
opt,M_DOSRAW_OPEN_5F7F2547,conditional,167,163,6,2,4
opt,M_DOSRAW_OPEN_5F7F2547,conditional,394,381,6,2,4
opt,M_DOSRAW_OPEN_5F7F2547,bra,8,8,4,2,2
opt,M_DOSRAW_OPEN_5F7F2547,bra,65,63,4,2,2
opt,M_DOSRAW_OPEN_5F7F2547,brl,183,175,4,3,1
opt,M_DOSRAW_OPEN_5F7F2547,bra,224,215,4,2,2
opt,M_DOSRAW_OPEN_5F7F2547,bra,328,317,4,2,2
opt,M_DOSRAW_OPEN_5F7F2547,brl,410,393,4,3,1
opt,M_DOSRAW_OPEN_5F7F2547,bra,448,430,4,2,2
opt,M_DOSRAW_OPEN_5F7F2547,bra,765,745,4,2,2
opt,M_DOSRAW_OPEN_5F7F2547,bra,865,843,4,2,2
opt,M_DOSRAW_OPEN_5F7F2547,bra,944,920,4,2,2
opt,M_DOSRAW_VALIDEXTENT_84EF7CCB,conditional,209,202,6,2,4
opt,M_DOSRAW_VALIDEXTENT_84EF7CCB,conditional,215,204,6,2,4
opt,M_DOSRAW_VALIDEXTENT_84EF7CCB,conditional,229,214,6,2,4
opt,M_DOSRAW_VALIDEXTENT_84EF7CCB,conditional,235,216,6,2,4
opt,M_DOSRAW_VALIDEXTENT_84EF7CCB,conditional,249,226,6,2,4
opt,M_DOSRAW_VALIDEXTENT_84EF7CCB,conditional,255,228,6,2,4
opt,M_DOSRAW_VALIDEXTENT_84EF7CCB,conditional,478,436,6,2,4
opt,M_DOSRAW_VALIDEXTENT_84EF7CCB,bra,8,8,4,2,2
opt,M_DOSRAW_VALIDEXTENT_84EF7CCB,bra,54,52,4,2,2
opt,M_DOSRAW_VALIDEXTENT_84EF7CCB,bra,139,135,4,2,2
opt,M_DOSRAW_VALIDEXTENT_84EF7CCB,brl,173,167,4,3,1
opt,M_DOSRAW_VALIDEXTENT_84EF7CCB,bra,261,230,4,2,2
opt,M_DOSRAW_VALIDEXTENT_84EF7CCB,bra,267,234,4,2,2
opt,M_DOSRAW_VALIDEXTENT_84EF7CCB,bra,273,238,4,2,2
opt,M_DOSRAW_VALIDEXTENT_84EF7CCB,bra,279,242,4,2,2
opt,M_DOSRAW_VALIDEXTENT_84EF7CCB,brl,295,256,4,3,1
opt,M_DOSRAW_VALIDEXTENT_84EF7CCB,bra,404,364,4,2,2
opt,M_DOSRAW_VALIDEXTENT_84EF7CCB,bra,494,448,4,2,2
opt,M_DOSRAW_VALIDEXTENT_84EF7CCB,bra,508,460,4,2,2
opt,M_DOSRAW_RELEASEOPERATION_C2E80557,bra,8,8,4,2,2
opt,M_DOSRAW_RELEASEOPERATION_C2E80557,bra,38,36,4,2,2
opt,M_DOSRAW_RELEASEOPERATION_C2E80557,bra,115,111,4,2,2
opt,M_DOSRAW_RELEASEOPERATION_C2E80557,bra,129,123,4,2,2
opt,M_DOSRAW_RELEASEOPERATION_C2E80557,brl,195,187,4,3,1
opt,M_DOSRAW_RELEASEOPERATION_C2E80557,bra,275,266,4,2,2
opt,M_DOSRAW_RELEASEOPERATION_C2E80557,bra,289,278,4,2,2
opt,M_DOSRAW_RELEASEOPERATION_C2E80557,bra,436,423,4,2,2
opt,M_DOSRAW_PREPARE_F51F1B68,conditional,474,463,6,2,4
opt,M_DOSRAW_PREPARE_F51F1B68,conditional,1253,1219,6,2,4
opt,M_DOSRAW_PREPARE_F51F1B68,conditional,1423,1382,6,2,4
opt,M_DOSRAW_PREPARE_F51F1B68,bra,8,8,4,2,2
opt,M_DOSRAW_PREPARE_F51F1B68,bra,73,71,4,2,2
opt,M_DOSRAW_PREPARE_F51F1B68,brl,146,142,4,3,1
opt,M_DOSRAW_PREPARE_F51F1B68,bra,187,182,4,2,2
opt,M_DOSRAW_PREPARE_F51F1B68,bra,307,300,4,2,2
opt,M_DOSRAW_PREPARE_F51F1B68,bra,392,383,4,2,2
opt,M_DOSRAW_PREPARE_F51F1B68,brl,486,471,4,3,1
opt,M_DOSRAW_PREPARE_F51F1B68,bra,500,484,4,2,2
opt,M_DOSRAW_PREPARE_F51F1B68,bra,685,667,4,2,2
opt,M_DOSRAW_PREPARE_F51F1B68,bra,762,742,4,2,2
opt,M_DOSRAW_PREPARE_F51F1B68,bra,768,746,4,2,2
opt,M_DOSRAW_PREPARE_F51F1B68,brl,786,762,4,3,1
opt,M_DOSRAW_PREPARE_F51F1B68,brl,838,813,4,3,1
opt,M_DOSRAW_PREPARE_F51F1B68,bra,852,826,4,2,2
opt,M_DOSRAW_PREPARE_F51F1B68,bra,934,906,4,2,2
opt,M_DOSRAW_PREPARE_F51F1B68,bra,1090,1060,4,2,2
opt,M_DOSRAW_PREPARE_F51F1B68,bra,1162,1130,4,2,2
opt,M_DOSRAW_PREPARE_F51F1B68,brl,1269,1231,4,3,1
opt,M_DOSRAW_PREPARE_F51F1B68,bra,1317,1278,4,2,2
opt,M_DOSRAW_PREPARE_F51F1B68,brl,1439,1394,4,3,1
opt,M_DOSRAW_PREPARE_F51F1B68,bra,1477,1431,4,2,2
opt,M_DOSRAW_PREPARE_F51F1B68,bra,1585,1537,4,2,2
opt,M_DOSRAW_PREPARE_F51F1B68,bra,2100,2050,4,2,2
opt,M_DOSRAW_PREPARE_F51F1B68,bra,2140,2088,4,2,2
opt,M_DOSRAW_COMPLETE_0FD428DA,conditional,329,323,6,2,4
opt,M_DOSRAW_COMPLETE_0FD428DA,conditional,373,361,6,2,4
opt,M_DOSRAW_COMPLETE_0FD428DA,conditional,512,489,6,2,4
opt,M_DOSRAW_COMPLETE_0FD428DA,conditional,518,491,6,2,4
opt,M_DOSRAW_COMPLETE_0FD428DA,conditional,532,501,6,2,4
opt,M_DOSRAW_COMPLETE_0FD428DA,conditional,538,503,6,2,4
opt,M_DOSRAW_COMPLETE_0FD428DA,conditional,552,513,6,2,4
opt,M_DOSRAW_COMPLETE_0FD428DA,conditional,558,515,6,2,4
opt,M_DOSRAW_COMPLETE_0FD428DA,conditional,572,525,6,2,4
opt,M_DOSRAW_COMPLETE_0FD428DA,conditional,578,527,6,2,4
opt,M_DOSRAW_COMPLETE_0FD428DA,conditional,658,589,6,2,4
opt,M_DOSRAW_COMPLETE_0FD428DA,bra,8,8,4,2,2
opt,M_DOSRAW_COMPLETE_0FD428DA,bra,159,157,4,2,2
opt,M_DOSRAW_COMPLETE_0FD428DA,bra,173,169,4,2,2
opt,M_DOSRAW_COMPLETE_0FD428DA,bra,339,329,4,2,2
opt,M_DOSRAW_COMPLETE_0FD428DA,bra,381,365,4,2,2
opt,M_DOSRAW_COMPLETE_0FD428DA,bra,410,392,4,2,2
opt,M_DOSRAW_COMPLETE_0FD428DA,bra,445,425,4,2,2
opt,M_DOSRAW_COMPLETE_0FD428DA,brl,480,458,4,3,1
opt,M_DOSRAW_COMPLETE_0FD428DA,bra,584,529,4,2,2
opt,M_DOSRAW_COMPLETE_0FD428DA,bra,590,533,4,2,2
opt,M_DOSRAW_COMPLETE_0FD428DA,bra,596,537,4,2,2
opt,M_DOSRAW_COMPLETE_0FD428DA,bra,602,541,4,2,2
opt,M_DOSRAW_COMPLETE_0FD428DA,bra,618,555,4,2,2
opt,M_DOSRAW_COMPLETE_0FD428DA,bra,624,559,4,2,2
opt,M_DOSRAW_COMPLETE_0FD428DA,bra,642,575,4,2,2
opt,M_DOSRAW_COMPLETE_0FD428DA,bra,670,597,4,2,2
opt,M_DOSRAW_COMPLETE_0FD428DA,bra,676,601,4,2,2
opt,M_DOSRAW_COMPLETE_0FD428DA,bra,708,631,4,2,2
opt,M_DOSRAW_COMPLETE_0FD428DA,bra,1033,954,4,2,2
opt,M_DOSRAW_COMPLETE_0FD428DA,bra,1122,1041,4,2,2
opt,M_DOSRAW_COMPLETE_0FD428DA,bra,1220,1137,4,2,2
opt,M_DOSRAW_CLOSEDEVICE_DECAF50F,bra,8,8,4,2,2
opt,M_DOSRAW_CLOSEDEVICE_DECAF50F,bra,86,84,4,2,2
opt,M_DOSRAW_CLOSE_4F38859D,bra,8,8,4,2,2
opt,M_DOSRAW_CLOSE_4F38859D,bra,46,44,4,2,2
opt,M_DOSRAW_CLOSE_4F38859D,bra,119,115,4,2,2
opt,M_DOSRAW_CLOSE_4F38859D,bra,133,127,4,2,2
opt,M_DOSRAW_CLOSE_4F38859D,bra,241,233,4,2,2
opt,M_DOSRAW_CLOSE_4F38859D,bra,402,392,4,2,2
opt,M_DOSRAW_CLOSE_4F38859D,brl,479,467,4,3,1
opt,M_DOSRAW_CLOSE_4F38859D,bra,515,502,4,2,2
opt,M_DOSRAW_CLOSE_4F38859D,bra,521,506,4,2,2
opt,M_DOSRAW_CLOSE_4F38859D,brl,571,554,4,3,1
opt,M_DOSRAW_CLOSE_4F38859D,bra,585,567,4,2,2
opt,M_DOSRAW_CLOSE_4F38859D,bra,667,647,4,2,2
opt,M_DOSRAW_CLOSE_4F38859D,bra,852,830,4,2,2
opt,M_DOSRAW_CLOSE_4F38859D,bra,939,915,4,2,2
opt,M_DOSRAW_CLOSE_4F38859D,bra,1018,992,4,2,2
opt,M_DOSRAW_CLOSE_4F38859D,bra,1118,1090,4,2,2
opt,M_DOSRAW_CLOSE_4F38859D,bra,1205,1175,4,2,2
opt,M_DOSRAW_CLOSE_4F38859D,bra,1219,1187,4,2,2
opt,M_DOSRAW_CLOSE_4F38859D,bra,1303,1269,4,2,2
opt,M_DOSRAW_CLOSE_4F38859D,brl,1404,1368,4,3,1
opt,M_DOSRAW_CLOSE_4F38859D,bra,1426,1389,4,2,2
opt,M_DOSRAW_CLOSE_4F38859D,bra,1504,1465,4,2,2
opt,M_DOSRAW_CLOSE_4F38859D,bra,1600,1559,4,2,2
opt,M_DOSRAW_CLOSE_4F38859D,bra,1679,1636,4,2,2
opt,M_DOSRAW_CLOSE_4F38859D,bra,1758,1713,4,2,2
opt,M_DOSRAW_CLOSE_4F38859D,bra,1840,1793,4,2,2
opt,M_DOSRAW_CLOSE_4F38859D,bra,1930,1881,4,2,2
opt,M_DOSRAW_CLOSE_4F38859D,bra,1952,1901,4,2,2
opt,M_FSREGISTRY_GETREGISTRY_3C838C00,bra,8,8,4,2,2
opt,M_FSREGISTRY_GETREGISTRY_3C838C00,bra,38,36,4,2,2
opt,M_FSREGISTRY_SERVICE_31663004,bra,8,8,4,2,2
opt,M_FSREGISTRY_SERVICE_31663004,bra,38,36,4,2,2
opt,M_FSREGISTRY_RETAIN_218C5FAC,bra,8,8,4,2,2
opt,M_FSREGISTRY_RETAIN_218C5FAC,bra,46,44,4,2,2
opt,M_FSREGISTRY_RETAIN_218C5FAC,bra,123,119,4,2,2
opt,M_FSREGISTRY_RETAIN_218C5FAC,bra,191,185,4,2,2
opt,M_FSREGISTRY_RETAINBASE_94E5BA0B,bra,8,8,4,2,2
opt,M_FSREGISTRY_RETAINBASE_94E5BA0B,bra,38,36,4,2,2
opt,M_FSREGISTRY_RETAINBASE_94E5BA0B,bra,130,126,4,2,2
opt,M_FSREGISTRY_RETAINBASE_94E5BA0B,brl,210,204,4,3,1
opt,M_FSREGISTRY_RETAINBASE_94E5BA0B,brl,249,242,4,3,1
opt,M_FSREGISTRY_RETAINBASE_94E5BA0B,bra,288,280,4,2,2
opt,M_FSREGISTRY_RETAINBASE_94E5BA0B,bra,344,334,4,2,2
opt,M_FSREGISTRY_RETAINBASE_94E5BA0B,bra,424,412,4,2,2
opt,M_FSREGISTRY_RELEASE_E0E99364,bra,8,8,4,2,2
opt,M_FSREGISTRY_RELEASE_E0E99364,bra,38,36,4,2,2
opt,M_FSREGISTRY_RELEASE_E0E99364,bra,139,135,4,2,2
opt,M_FSREGISTRY_LOOKUP_AD8B60C1,bra,8,8,4,2,2
opt,M_FSREGISTRY_LOOKUP_AD8B60C1,bra,38,36,4,2,2
opt,M_FSREGISTRY_LOOKUP_AD8B60C1,bra,110,106,4,2,2
opt,M_FSREGISTRY_LOOKUP_AD8B60C1,brl,218,212,4,3,1
opt,M_FSREGISTRY_LOOKUP_AD8B60C1,brl,285,278,4,3,1
opt,M_FSREGISTRY_LOOKUP_AD8B60C1,brl,413,405,4,3,1
opt,M_FSREGISTRY_LOOKUP_AD8B60C1,brl,570,561,4,3,1
opt,M_FSREGISTRY_LOOKUP_AD8B60C1,brl,601,591,4,3,1
opt,M_FSREGISTRY_LOOKUP_AD8B60C1,bra,655,644,4,2,2
opt,M_FSREGISTRY_LOOKUP_AD8B60C1,bra,746,733,4,2,2
opt,M_FSREGISTRY_LOOKUP_AD8B60C1,bra,774,759,4,2,2
opt,M_FSREGISTRY_LOOKUP_AD8B60C1,bra,846,829,4,2,2
opt,M_FSREGISTRY_LOOKUP_AD8B60C1,bra,860,841,4,2,2
opt,M_FSREGISTRY_LOOKUP_AD8B60C1,bra,892,871,4,2,2
opt,M_FSREGISTRY_LOOKUP_AD8B60C1,brl,923,900,4,3,1
opt,M_FSREGISTRY_LOOKUP_AD8B60C1,bra,963,939,4,2,2
opt,M_FSREGISTRY_FINDOBJECT_780CC443,bra,8,8,4,2,2
opt,M_FSREGISTRY_FINDOBJECT_780CC443,bra,62,60,4,2,2
opt,M_FSREGISTRY_FINDOBJECT_780CC443,bra,152,148,4,2,2
opt,M_FSREGISTRY_FROMHEADER_DCD07C60,conditional,40,38,6,2,4
opt,M_FSREGISTRY_FROMHEADER_DCD07C60,conditional,239,229,6,2,4
opt,M_FSREGISTRY_FROMHEADER_DCD07C60,bra,8,8,4,2,2
opt,M_FSREGISTRY_FROMHEADER_DCD07C60,bra,56,50,4,2,2
opt,M_FSREGISTRY_FROMHEADER_DCD07C60,bra,134,126,4,2,2
opt,M_FSREGISTRY_FROMHEADER_DCD07C60,bra,255,241,4,2,2
opt,M_FSREGISTRY_FROMHEADER_DCD07C60,bra,398,382,4,2,2
opt,M_FSREGISTRY_STAMP_BE264D84,conditional,129,125,6,2,4
opt,M_FSREGISTRY_STAMP_BE264D84,bra,8,8,4,2,2
opt,M_FSREGISTRY_STAMP_BE264D84,bra,38,36,4,2,2
opt,M_FSREGISTRY_STAMP_BE264D84,bra,144,136,4,2,2
opt,M_DOSWIRE_ISPOINTER_E1AC855F,conditional,74,72,6,2,4
opt,M_DOSWIRE_ISPOINTER_E1AC855F,conditional,82,76,6,2,4
opt,M_DOSWIRE_ISPOINTER_E1AC855F,conditional,90,80,6,2,4
opt,M_DOSWIRE_ISPOINTER_E1AC855F,conditional,100,86,6,2,4
opt,M_DOSWIRE_ISPOINTER_E1AC855F,conditional,108,90,6,2,4
opt,M_DOSWIRE_ISPOINTER_E1AC855F,conditional,131,109,6,2,4
opt,M_DOSWIRE_ISPOINTER_E1AC855F,conditional,171,143,6,2,4
opt,M_DOSWIRE_ISPOINTER_E1AC855F,conditional,179,147,6,2,4
opt,M_DOSWIRE_ISPOINTER_E1AC855F,bra,8,8,4,2,2
opt,M_DOSWIRE_ISPOINTER_E1AC855F,bra,137,111,4,2,2
opt,M_DOSWIRE_ISPOINTER_E1AC855F,bra,189,153,4,2,2
opt,M_FSLOCKS_TRAILER_B3BA463B,bra,8,8,4,2,2
opt,M_FSLOCKS_TEXT_C72F70F3,bra,8,8,4,2,2
opt,M_FSLOCKS_ALLOCATION_5B5A6C20,bra,8,8,4,2,2
opt,M_FSLOCKS_ALLOCATION_5B5A6C20,bra,63,61,4,2,2
opt,M_FSLOCKS_ALLOCATION_5B5A6C20,bra,124,120,4,2,2
opt,M_FSLOCKS_ROOT_D04E0C54,bra,8,8,4,2,2
opt,M_FSLOCKS_ROOT_D04E0C54,brl,151,149,4,3,1
opt,M_FSLOCKS_ROOT_D04E0C54,brl,386,383,4,3,1
opt,M_FSLOCKS_ADD_DEA4C903,bra,8,8,4,2,2
opt,M_FSLOCKS_ADD_DEA4C903,bra,60,58,4,2,2
opt,M_FSLOCKS_APPEND_3EC68462,bra,8,8,4,2,2
opt,M_FSLOCKS_APPEND_3EC68462,bra,86,84,4,2,2
opt,M_FSLOCKS_APPEND_3EC68462,bra,248,244,4,2,2
opt,M_FSLOCKS_APPEND_3EC68462,bra,270,264,4,2,2
opt,M_FSLOCKS_APPEND_3EC68462,bra,349,341,4,2,2
opt,M_FSLOCKS_APPEND_3EC68462,brl,389,379,4,3,1
opt,M_FSLOCKS_APPEND_3EC68462,bra,534,523,4,2,2
opt,M_FSLOCKS_APPEND_3EC68462,brl,540,527,4,3,1
opt,M_FSLOCKS_APPEND_3EC68462,bra,685,671,4,2,2
opt,M_FSLOCKS_APPEND_3EC68462,bra,764,748,4,2,2
opt,M_FSLOCKS_APPEND_3EC68462,brl,809,791,4,3,1
opt,M_FSLOCKS_APPEND_3EC68462,brl,952,933,4,3,1
opt,M_FSLOCKS_APPEND_3EC68462,bra,974,954,4,2,2
opt,M_FSLOCKS_APPEND_3EC68462,bra,1053,1031,4,2,2
opt,M_FSLOCKS_APPEND_3EC68462,brl,1093,1069,4,3,1
opt,M_FSLOCKS_APPEND_3EC68462,bra,1238,1213,4,2,2
opt,M_FSLOCKS_APPEND_3EC68462,bra,1397,1370,4,2,2
opt,M_FSLOCKS_APPEND_3EC68462,bra,1476,1447,4,2,2
opt,M_FSLOCKS_APPEND_3EC68462,brl,1521,1490,4,3,1
opt,M_FSLOCKS_ALLOCATE_39B5BEE3,conditional,107,105,6,2,4
opt,M_FSLOCKS_ALLOCATE_39B5BEE3,conditional,381,371,6,2,4
opt,M_FSLOCKS_ALLOCATE_39B5BEE3,conditional,538,522,6,2,4
opt,M_FSLOCKS_ALLOCATE_39B5BEE3,bra,8,8,4,2,2
opt,M_FSLOCKS_ALLOCATE_39B5BEE3,bra,122,116,4,2,2
opt,M_FSLOCKS_ALLOCATE_39B5BEE3,bra,281,273,4,2,2
opt,M_FSLOCKS_ALLOCATE_39B5BEE3,bra,397,383,4,2,2
opt,M_FSLOCKS_ALLOCATE_39B5BEE3,brl,553,533,4,3,1
opt,M_FSLOCKS_ALLOCATE_39B5BEE3,bra,602,581,4,2,2
opt,M_FSLOCKS_ALLOCATE_39B5BEE3,bra,722,699,4,2,2
opt,M_FSLOCKS_ALLOCATE_39B5BEE3,brl,830,805,4,3,1
opt,M_FSLOCKS_ALLOCATE_39B5BEE3,bra,1010,984,4,2,2
opt,M_FSLOCKS_ALLOCATE_39B5BEE3,bra,1016,988,4,2,2
opt,M_FSLOCKS_ALLOCATE_39B5BEE3,brl,1032,1002,4,3,1
opt,M_FSPACKET_REPLY_F0943484,bra,8,8,4,2,2
opt,M_FSPACKET_REPLY_F0943484,bra,717,715,4,2,2
opt,M_FSPACKET_ERROR_61E70414,conditional,63,61,6,2,4
opt,M_FSPACKET_ERROR_61E70414,bra,8,8,4,2,2
opt,M_FSPACKET_ERROR_61E70414,brl,78,72,4,3,1
opt,M_FSPACKET_ERROR_61E70414,bra,148,141,4,2,2
opt,M_FSPACKET_ERROR_61E70414,bra,298,289,4,2,2
opt,M_FSPACKET_IDENTITY_6B3677B2,bra,8,8,4,2,2
opt,M_FSPACKET_IDENTITY_6B3677B2,bra,249,247,4,2,2
opt,M_FSPACKET_IDENTITY_6B3677B2,bra,320,316,4,2,2
opt,M_FSPACKET_IDENTITY_6B3677B2,bra,334,328,4,2,2
opt,M_FSPACKET_IDENTITY_6B3677B2,bra,618,610,4,2,2
opt,M_FSPACKET_IDENTITY_6B3677B2,brl,624,614,4,3,1
opt,M_FSPACKET_IDENTITY_6B3677B2,bra,764,753,4,2,2
opt,M_FSPACKET_IDENTITY_6B3677B2,bra,770,757,4,2,2
opt,M_FSPACKET_IDENTITY_6B3677B2,bra,833,818,4,2,2
opt,M_FSPACKET_IDENTITY_6B3677B2,bra,847,830,4,2,2
opt,M_FSPACKET_IDENTITY_6B3677B2,bra,1035,1016,4,2,2
opt,M_FSPACKET_IDENTITY_6B3677B2,brl,1041,1020,4,3,1
opt,M_FSPACKET_IDENTITY_6B3677B2,bra,1181,1159,4,2,2
opt,M_FSPACKET_IDENTITY_6B3677B2,bra,1195,1171,4,2,2
opt,M_FSPACKET_IDENTITY_6B3677B2,bra,1381,1355,4,2,2
opt,M_FSPACKET_IDENTITY_6B3677B2,brl,1387,1359,4,3,1
opt,M_FSPACKET_IDENTITY_6B3677B2,bra,1556,1527,4,2,2
opt,M_FSPACKET_IDENTITY_6B3677B2,bra,1570,1539,4,2,2
opt,M_FSPACKET_PUBLISHOPENSTEP_55EACFB5,conditional,506,502,6,2,4
opt,M_FSPACKET_PUBLISHOPENSTEP_55EACFB5,bra,8,8,4,2,2
opt,M_FSPACKET_PUBLISHOPENSTEP_55EACFB5,bra,374,372,4,2,2
opt,M_FSPACKET_PUBLISHOPENSTEP_55EACFB5,brl,521,513,4,3,1
opt,M_FSPACKET_PUBLISHOPENSTEP_55EACFB5,brl,650,641,4,3,1
opt,M_FSPACKET_PUBLISHOPENSTEP_55EACFB5,bra,878,868,4,2,2
opt,M_FSPACKET_CLOSESTEP_61A48B9C,bra,8,8,4,2,2
opt,M_FSPACKET_CLOSESTEP_61A48B9C,bra,174,172,4,2,2
opt,M_FSPACKET_CLOSESTEP_61A48B9C,bra,261,257,4,2,2
opt,M_FSPACKET_CLOSESTEP_61A48B9C,bra,275,269,4,2,2
opt,M_FSPACKET_CLOSESTEP_61A48B9C,bra,369,361,4,2,2
opt,M_FSPACKET_CLOSESTEP_61A48B9C,bra,466,456,4,2,2
opt,M_FSPACKET_CLOSESTEP_61A48B9C,bra,560,548,4,2,2
opt,M_FSPACKET_CLOSESTEP_61A48B9C,bra,719,705,4,2,2
opt,M_FSPORTS_CREATE_D9675AD2,conditional,140,136,6,2,4
opt,M_FSPORTS_CREATE_D9675AD2,bra,8,8,4,2,2
opt,M_FSPORTS_CREATE_D9675AD2,bra,38,36,4,2,2
opt,M_FSPORTS_CREATE_D9675AD2,bra,156,148,4,2,2
opt,M_FSPORTS_CREATE_D9675AD2,bra,279,269,4,2,2
opt,M_FSPORTS_CREATE_D9675AD2,bra,469,457,4,2,2
opt,M_FSPORTS_DELETE_FC342961,bra,8,8,4,2,2
opt,M_FSPORTS_DELETE_FC342961,bra,50,48,4,2,2
opt,M_FSPORTS_DELETE_FC342961,bra,88,84,4,2,2
opt,M_MYDOS_READPHYSICAL_AF05229A,bra,8,8,4,2,2
opt,M_MYDOS_READPHYSICAL_AF05229A,bra,331,329,4,2,2
opt,M_MYDOS_READPHYSICAL_AF05229A,bra,475,471,4,2,2
opt,M_MYDOS_DATASECTOR_95277D3B,conditional,48,46,6,2,4
opt,M_MYDOS_DATASECTOR_95277D3B,conditional,54,48,6,2,4
opt,M_MYDOS_DATASECTOR_95277D3B,conditional,68,58,6,2,4
opt,M_MYDOS_DATASECTOR_95277D3B,conditional,74,60,6,2,4
opt,M_MYDOS_DATASECTOR_95277D3B,conditional,88,70,6,2,4
opt,M_MYDOS_DATASECTOR_95277D3B,conditional,94,72,6,2,4
opt,M_MYDOS_DATASECTOR_95277D3B,conditional,108,82,6,2,4
opt,M_MYDOS_DATASECTOR_95277D3B,conditional,114,84,6,2,4
opt,M_MYDOS_DATASECTOR_95277D3B,conditional,238,193,6,2,4
opt,M_MYDOS_DATASECTOR_95277D3B,conditional,244,195,6,2,4
opt,M_MYDOS_DATASECTOR_95277D3B,conditional,258,205,6,2,4
opt,M_MYDOS_DATASECTOR_95277D3B,conditional,264,207,6,2,4
opt,M_MYDOS_DATASECTOR_95277D3B,conditional,278,217,6,2,4
opt,M_MYDOS_DATASECTOR_95277D3B,conditional,284,219,6,2,4
opt,M_MYDOS_DATASECTOR_95277D3B,conditional,298,229,6,2,4
opt,M_MYDOS_DATASECTOR_95277D3B,conditional,304,231,6,2,4
opt,M_MYDOS_DATASECTOR_95277D3B,conditional,372,283,6,2,4
opt,M_MYDOS_DATASECTOR_95277D3B,conditional,378,285,6,2,4
opt,M_MYDOS_DATASECTOR_95277D3B,conditional,392,295,6,2,4
opt,M_MYDOS_DATASECTOR_95277D3B,conditional,398,297,6,2,4
opt,M_MYDOS_DATASECTOR_95277D3B,conditional,412,307,6,2,4
opt,M_MYDOS_DATASECTOR_95277D3B,conditional,418,309,6,2,4
opt,M_MYDOS_DATASECTOR_95277D3B,conditional,432,319,6,2,4
opt,M_MYDOS_DATASECTOR_95277D3B,conditional,438,321,6,2,4
opt,M_MYDOS_DATASECTOR_95277D3B,conditional,551,420,6,2,4
opt,M_MYDOS_DATASECTOR_95277D3B,conditional,557,422,6,2,4
opt,M_MYDOS_DATASECTOR_95277D3B,conditional,571,432,6,2,4
opt,M_MYDOS_DATASECTOR_95277D3B,conditional,577,434,6,2,4
opt,M_MYDOS_DATASECTOR_95277D3B,conditional,591,444,6,2,4
opt,M_MYDOS_DATASECTOR_95277D3B,conditional,597,446,6,2,4
opt,M_MYDOS_DATASECTOR_95277D3B,conditional,611,456,6,2,4
opt,M_MYDOS_DATASECTOR_95277D3B,conditional,617,458,6,2,4
opt,M_MYDOS_DATASECTOR_95277D3B,conditional,681,508,6,2,4
opt,M_MYDOS_DATASECTOR_95277D3B,conditional,687,510,6,2,4
opt,M_MYDOS_DATASECTOR_95277D3B,conditional,701,520,6,2,4
opt,M_MYDOS_DATASECTOR_95277D3B,conditional,707,522,6,2,4
opt,M_MYDOS_DATASECTOR_95277D3B,conditional,721,532,6,2,4
opt,M_MYDOS_DATASECTOR_95277D3B,conditional,727,534,6,2,4
opt,M_MYDOS_DATASECTOR_95277D3B,conditional,741,544,6,2,4
opt,M_MYDOS_DATASECTOR_95277D3B,conditional,747,546,6,2,4
opt,M_MYDOS_DATASECTOR_95277D3B,bra,8,8,4,2,2
opt,M_MYDOS_DATASECTOR_95277D3B,bra,120,86,4,2,2
opt,M_MYDOS_DATASECTOR_95277D3B,bra,126,90,4,2,2
opt,M_MYDOS_DATASECTOR_95277D3B,bra,132,94,4,2,2
opt,M_MYDOS_DATASECTOR_95277D3B,bra,138,98,4,2,2
opt,M_MYDOS_DATASECTOR_95277D3B,bra,154,112,4,2,2
opt,M_MYDOS_DATASECTOR_95277D3B,brl,160,116,4,3,1
opt,M_MYDOS_DATASECTOR_95277D3B,bra,310,233,4,2,2
opt,M_MYDOS_DATASECTOR_95277D3B,bra,316,237,4,2,2
opt,M_MYDOS_DATASECTOR_95277D3B,bra,322,241,4,2,2
opt,M_MYDOS_DATASECTOR_95277D3B,bra,328,245,4,2,2
opt,M_MYDOS_DATASECTOR_95277D3B,bra,344,259,4,2,2
opt,M_MYDOS_DATASECTOR_95277D3B,bra,350,263,4,2,2
opt,M_MYDOS_DATASECTOR_95277D3B,bra,444,323,4,2,2
opt,M_MYDOS_DATASECTOR_95277D3B,bra,450,327,4,2,2
opt,M_MYDOS_DATASECTOR_95277D3B,bra,456,331,4,2,2
opt,M_MYDOS_DATASECTOR_95277D3B,bra,462,335,4,2,2
opt,M_MYDOS_DATASECTOR_95277D3B,bra,478,349,4,2,2
opt,M_MYDOS_DATASECTOR_95277D3B,bra,623,460,4,2,2
opt,M_MYDOS_DATASECTOR_95277D3B,bra,629,464,4,2,2
opt,M_MYDOS_DATASECTOR_95277D3B,bra,635,468,4,2,2
opt,M_MYDOS_DATASECTOR_95277D3B,bra,641,472,4,2,2
opt,M_MYDOS_DATASECTOR_95277D3B,bra,657,486,4,2,2
opt,M_MYDOS_DATASECTOR_95277D3B,bra,753,548,4,2,2
opt,M_MYDOS_DATASECTOR_95277D3B,bra,759,552,4,2,2
opt,M_MYDOS_DATASECTOR_95277D3B,bra,765,556,4,2,2
opt,M_MYDOS_DATASECTOR_95277D3B,bra,771,560,4,2,2
opt,M_MYDOS_DATASECTOR_95277D3B,bra,787,574,4,2,2
opt,M_MYDOS_VALIDDIRECTORY_1CF8F62E,conditional,430,418,6,2,4
opt,M_MYDOS_VALIDDIRECTORY_1CF8F62E,conditional,436,420,6,2,4
opt,M_MYDOS_VALIDDIRECTORY_1CF8F62E,conditional,450,430,6,2,4
opt,M_MYDOS_VALIDDIRECTORY_1CF8F62E,conditional,456,432,6,2,4
opt,M_MYDOS_VALIDDIRECTORY_1CF8F62E,conditional,470,442,6,2,4
opt,M_MYDOS_VALIDDIRECTORY_1CF8F62E,conditional,476,444,6,2,4
opt,M_MYDOS_VALIDDIRECTORY_1CF8F62E,conditional,490,454,6,2,4
opt,M_MYDOS_VALIDDIRECTORY_1CF8F62E,conditional,496,456,6,2,4
opt,M_MYDOS_VALIDDIRECTORY_1CF8F62E,conditional,597,544,6,2,4
opt,M_MYDOS_VALIDDIRECTORY_1CF8F62E,conditional,603,546,6,2,4
opt,M_MYDOS_VALIDDIRECTORY_1CF8F62E,conditional,617,556,6,2,4
opt,M_MYDOS_VALIDDIRECTORY_1CF8F62E,conditional,623,558,6,2,4
opt,M_MYDOS_VALIDDIRECTORY_1CF8F62E,conditional,637,568,6,2,4
opt,M_MYDOS_VALIDDIRECTORY_1CF8F62E,conditional,643,570,6,2,4
opt,M_MYDOS_VALIDDIRECTORY_1CF8F62E,conditional,657,580,6,2,4
opt,M_MYDOS_VALIDDIRECTORY_1CF8F62E,conditional,663,582,6,2,4
opt,M_MYDOS_VALIDDIRECTORY_1CF8F62E,bra,8,8,4,2,2
opt,M_MYDOS_VALIDDIRECTORY_1CF8F62E,bra,139,137,4,2,2
opt,M_MYDOS_VALIDDIRECTORY_1CF8F62E,bra,224,220,4,2,2
opt,M_MYDOS_VALIDDIRECTORY_1CF8F62E,bra,230,224,4,2,2
opt,M_MYDOS_VALIDDIRECTORY_1CF8F62E,bra,258,250,4,2,2
opt,M_MYDOS_VALIDDIRECTORY_1CF8F62E,bra,343,333,4,2,2
opt,M_MYDOS_VALIDDIRECTORY_1CF8F62E,bra,502,458,4,2,2
opt,M_MYDOS_VALIDDIRECTORY_1CF8F62E,bra,508,462,4,2,2
opt,M_MYDOS_VALIDDIRECTORY_1CF8F62E,bra,514,466,4,2,2
opt,M_MYDOS_VALIDDIRECTORY_1CF8F62E,bra,520,470,4,2,2
opt,M_MYDOS_VALIDDIRECTORY_1CF8F62E,brl,536,484,4,3,1
opt,M_MYDOS_VALIDDIRECTORY_1CF8F62E,bra,669,584,4,2,2
opt,M_MYDOS_VALIDDIRECTORY_1CF8F62E,bra,675,588,4,2,2
opt,M_MYDOS_VALIDDIRECTORY_1CF8F62E,bra,681,592,4,2,2
opt,M_MYDOS_VALIDDIRECTORY_1CF8F62E,bra,687,596,4,2,2
opt,M_MYDOS_VALIDDIRECTORY_1CF8F62E,bra,703,610,4,2,2
opt,M_MYDOS_EXTENT_5BCD29B5,conditional,329,322,6,2,4
opt,M_MYDOS_EXTENT_5BCD29B5,conditional,337,326,6,2,4
opt,M_MYDOS_EXTENT_5BCD29B5,conditional,345,330,6,2,4
opt,M_MYDOS_EXTENT_5BCD29B5,conditional,355,336,6,2,4
opt,M_MYDOS_EXTENT_5BCD29B5,conditional,363,340,6,2,4
opt,M_MYDOS_EXTENT_5BCD29B5,conditional,386,359,6,2,4
opt,M_MYDOS_EXTENT_5BCD29B5,conditional,496,463,6,2,4
opt,M_MYDOS_EXTENT_5BCD29B5,conditional,504,467,6,2,4
opt,M_MYDOS_EXTENT_5BCD29B5,conditional,512,471,6,2,4
opt,M_MYDOS_EXTENT_5BCD29B5,conditional,522,477,6,2,4
opt,M_MYDOS_EXTENT_5BCD29B5,conditional,530,481,6,2,4
opt,M_MYDOS_EXTENT_5BCD29B5,conditional,553,500,6,2,4
opt,M_MYDOS_EXTENT_5BCD29B5,conditional,689,628,6,2,4
opt,M_MYDOS_EXTENT_5BCD29B5,conditional,697,632,6,2,4
opt,M_MYDOS_EXTENT_5BCD29B5,conditional,705,636,6,2,4
opt,M_MYDOS_EXTENT_5BCD29B5,conditional,715,642,6,2,4
opt,M_MYDOS_EXTENT_5BCD29B5,conditional,723,646,6,2,4
opt,M_MYDOS_EXTENT_5BCD29B5,conditional,746,665,6,2,4
opt,M_MYDOS_EXTENT_5BCD29B5,conditional,802,715,6,2,4
opt,M_MYDOS_EXTENT_5BCD29B5,conditional,842,747,6,2,4
opt,M_MYDOS_EXTENT_5BCD29B5,conditional,848,749,6,2,4
opt,M_MYDOS_EXTENT_5BCD29B5,conditional,862,759,6,2,4
opt,M_MYDOS_EXTENT_5BCD29B5,conditional,868,761,6,2,4
opt,M_MYDOS_EXTENT_5BCD29B5,conditional,882,771,6,2,4
opt,M_MYDOS_EXTENT_5BCD29B5,conditional,888,773,6,2,4
opt,M_MYDOS_EXTENT_5BCD29B5,conditional,902,783,6,2,4
opt,M_MYDOS_EXTENT_5BCD29B5,conditional,908,785,6,2,4
opt,M_MYDOS_EXTENT_5BCD29B5,conditional,1083,946,6,2,4
opt,M_MYDOS_EXTENT_5BCD29B5,conditional,1091,950,6,2,4
opt,M_MYDOS_EXTENT_5BCD29B5,conditional,1099,954,6,2,4
opt,M_MYDOS_EXTENT_5BCD29B5,conditional,1109,960,6,2,4
opt,M_MYDOS_EXTENT_5BCD29B5,conditional,1117,964,6,2,4
opt,M_MYDOS_EXTENT_5BCD29B5,conditional,1140,983,6,2,4
opt,M_MYDOS_EXTENT_5BCD29B5,conditional,1277,1114,6,2,4
opt,M_MYDOS_EXTENT_5BCD29B5,conditional,1283,1116,6,2,4
opt,M_MYDOS_EXTENT_5BCD29B5,conditional,1297,1126,6,2,4
opt,M_MYDOS_EXTENT_5BCD29B5,conditional,1303,1128,6,2,4
opt,M_MYDOS_EXTENT_5BCD29B5,conditional,1317,1138,6,2,4
opt,M_MYDOS_EXTENT_5BCD29B5,conditional,1323,1140,6,2,4
opt,M_MYDOS_EXTENT_5BCD29B5,conditional,1337,1150,6,2,4
opt,M_MYDOS_EXTENT_5BCD29B5,conditional,1343,1152,6,2,4
opt,M_MYDOS_EXTENT_5BCD29B5,bra,8,8,4,2,2
opt,M_MYDOS_EXTENT_5BCD29B5,bra,63,61,4,2,2
opt,M_MYDOS_EXTENT_5BCD29B5,bra,114,110,4,2,2
opt,M_MYDOS_EXTENT_5BCD29B5,brl,229,223,4,3,1
opt,M_MYDOS_EXTENT_5BCD29B5,bra,392,361,4,2,2
opt,M_MYDOS_EXTENT_5BCD29B5,bra,559,502,4,2,2
opt,M_MYDOS_EXTENT_5BCD29B5,bra,655,596,4,2,2
opt,M_MYDOS_EXTENT_5BCD29B5,bra,752,667,4,2,2
opt,M_MYDOS_EXTENT_5BCD29B5,bra,814,723,4,2,2
opt,M_MYDOS_EXTENT_5BCD29B5,bra,820,727,4,2,2
opt,M_MYDOS_EXTENT_5BCD29B5,bra,914,787,4,2,2
opt,M_MYDOS_EXTENT_5BCD29B5,bra,920,791,4,2,2
opt,M_MYDOS_EXTENT_5BCD29B5,bra,926,795,4,2,2
opt,M_MYDOS_EXTENT_5BCD29B5,bra,932,799,4,2,2
opt,M_MYDOS_EXTENT_5BCD29B5,bra,948,813,4,2,2
opt,M_MYDOS_EXTENT_5BCD29B5,bra,1146,985,4,2,2
opt,M_MYDOS_EXTENT_5BCD29B5,bra,1349,1154,4,2,2
opt,M_MYDOS_EXTENT_5BCD29B5,bra,1355,1158,4,2,2
opt,M_MYDOS_EXTENT_5BCD29B5,bra,1361,1162,4,2,2
opt,M_MYDOS_EXTENT_5BCD29B5,bra,1367,1166,4,2,2
opt,M_MYDOS_EXTENT_5BCD29B5,bra,1383,1180,4,2,2
opt,M_MYDOS_HEADER_A95A323A,conditional,416,410,6,2,4
opt,M_MYDOS_HEADER_A95A323A,conditional,424,414,6,2,4
opt,M_MYDOS_HEADER_A95A323A,conditional,443,429,6,2,4
opt,M_MYDOS_HEADER_A95A323A,conditional,632,612,6,2,4
opt,M_MYDOS_HEADER_A95A323A,conditional,640,616,6,2,4
opt,M_MYDOS_HEADER_A95A323A,conditional,659,631,6,2,4
opt,M_MYDOS_HEADER_A95A323A,conditional,966,925,6,2,4
opt,M_MYDOS_HEADER_A95A323A,conditional,972,927,6,2,4
opt,M_MYDOS_HEADER_A95A323A,conditional,986,937,6,2,4
opt,M_MYDOS_HEADER_A95A323A,conditional,992,939,6,2,4
opt,M_MYDOS_HEADER_A95A323A,conditional,1006,949,6,2,4
opt,M_MYDOS_HEADER_A95A323A,conditional,1012,951,6,2,4
opt,M_MYDOS_HEADER_A95A323A,conditional,1026,961,6,2,4
opt,M_MYDOS_HEADER_A95A323A,conditional,1032,963,6,2,4
opt,M_MYDOS_HEADER_A95A323A,bra,8,8,4,2,2
opt,M_MYDOS_HEADER_A95A323A,bra,171,169,4,2,2
opt,M_MYDOS_HEADER_A95A323A,bra,244,240,4,2,2
opt,M_MYDOS_HEADER_A95A323A,bra,449,431,4,2,2
opt,M_MYDOS_HEADER_A95A323A,bra,665,633,4,2,2
opt,M_MYDOS_HEADER_A95A323A,bra,894,860,4,2,2
opt,M_MYDOS_HEADER_A95A323A,brl,900,864,4,3,1
opt,M_MYDOS_HEADER_A95A323A,bra,916,879,4,2,2
opt,M_MYDOS_HEADER_A95A323A,bra,922,883,4,2,2
opt,M_MYDOS_HEADER_A95A323A,bra,1038,965,4,2,2
opt,M_MYDOS_HEADER_A95A323A,bra,1044,969,4,2,2
opt,M_MYDOS_HEADER_A95A323A,bra,1050,973,4,2,2
opt,M_MYDOS_HEADER_A95A323A,bra,1056,977,4,2,2
opt,M_MYDOS_HEADER_A95A323A,bra,1072,991,4,2,2
opt,M_MYDOS_BEGINMOUNT_AA58F6DF,conditional,305,303,6,2,4
opt,M_MYDOS_BEGINMOUNT_AA58F6DF,conditional,311,305,6,2,4
opt,M_MYDOS_BEGINMOUNT_AA58F6DF,conditional,325,315,6,2,4
opt,M_MYDOS_BEGINMOUNT_AA58F6DF,conditional,331,317,6,2,4
opt,M_MYDOS_BEGINMOUNT_AA58F6DF,conditional,345,327,6,2,4
opt,M_MYDOS_BEGINMOUNT_AA58F6DF,conditional,351,329,6,2,4
opt,M_MYDOS_BEGINMOUNT_AA58F6DF,conditional,365,339,6,2,4
opt,M_MYDOS_BEGINMOUNT_AA58F6DF,conditional,371,341,6,2,4
opt,M_MYDOS_BEGINMOUNT_AA58F6DF,bra,8,8,4,2,2
opt,M_MYDOS_BEGINMOUNT_AA58F6DF,bra,377,343,4,2,2
opt,M_MYDOS_BEGINMOUNT_AA58F6DF,bra,383,347,4,2,2
opt,M_MYDOS_BEGINMOUNT_AA58F6DF,bra,389,351,4,2,2
opt,M_MYDOS_BEGINMOUNT_AA58F6DF,bra,395,355,4,2,2
opt,M_MYDOS_BEGINMOUNT_AA58F6DF,bra,411,369,4,2,2
opt,M_MYDOS_MOUNTBUFFERED_114678B9,bra,8,8,4,2,2
opt,M_MYDOS_MOUNTBUFFERED_114678B9,bra,186,184,4,2,2
opt,M_MYDOS_MOUNTBUFFERED_114678B9,bra,273,269,4,2,2
opt,M_MYDOS_MOUNT_2B42A118,conditional,230,222,6,2,4
opt,M_MYDOS_MOUNT_2B42A118,bra,8,8,4,2,2
opt,M_MYDOS_MOUNT_2B42A118,bra,46,44,4,2,2
opt,M_MYDOS_MOUNT_2B42A118,bra,119,115,4,2,2
opt,M_MYDOS_MOUNT_2B42A118,bra,153,147,4,2,2
opt,M_MYDOS_MOUNT_2B42A118,bra,246,234,4,2,2
opt,M_MYDOS_MOUNT_2B42A118,bra,280,266,4,2,2
opt,M_MYDOS_COPYENTRY_C5D8D89C,bra,8,8,4,2,2
opt,M_MYDOS_COPYENTRY_C5D8D89C,brl,116,114,4,3,1
opt,M_MYDOS_COPYENTRY_C5D8D89C,brl,273,270,4,3,1
opt,M_MYDOS_DECODE_69B6DF25,conditional,372,370,6,2,4
opt,M_MYDOS_DECODE_69B6DF25,conditional,380,374,6,2,4
opt,M_MYDOS_DECODE_69B6DF25,conditional,399,389,6,2,4
opt,M_MYDOS_DECODE_69B6DF25,conditional,609,593,6,2,4
opt,M_MYDOS_DECODE_69B6DF25,conditional,617,597,6,2,4
opt,M_MYDOS_DECODE_69B6DF25,conditional,636,612,6,2,4
opt,M_MYDOS_DECODE_69B6DF25,bra,8,8,4,2,2
opt,M_MYDOS_DECODE_69B6DF25,bra,405,391,4,2,2
opt,M_MYDOS_DECODE_69B6DF25,bra,642,614,4,2,2
opt,M_MYDOS_DECODE_69B6DF25,brl,706,676,4,3,1
opt,M_MYDOS_DECODE_69B6DF25,brl,925,894,4,3,1
opt,M_MYDOS_LIVE_1E4E1377,bra,8,8,4,2,2
opt,M_MYDOS_LIVE_1E4E1377,bra,77,75,4,2,2
opt,M_MYDOS_LIVE_1E4E1377,bra,97,93,4,2,2
opt,M_MYDOS_LIVE_1E4E1377,bra,117,111,4,2,2
opt,M_MYDOS_LIVE_1E4E1377,bra,246,238,4,2,2
opt,M_MYDOS_LIVE_1E4E1377,bra,319,309,4,2,2
opt,M_MYDOS_LIVE_1E4E1377,brl,399,387,4,3,1
opt,M_MYDOS_LIVE_1E4E1377,bra,435,422,4,2,2
opt,M_MYDOS_LIVE_1E4E1377,brl,441,426,4,3,1
opt,M_MYDOS_LIVE_1E4E1377,bra,510,494,4,2,2
opt,M_MYDOS_LIVE_1E4E1377,bra,591,573,4,2,2
opt,M_MYDOS_BUFFEREDENTRY_DC465C80,conditional,191,189,6,2,4
opt,M_MYDOS_BUFFEREDENTRY_DC465C80,conditional,199,193,6,2,4
opt,M_MYDOS_BUFFEREDENTRY_DC465C80,conditional,218,208,6,2,4
opt,M_MYDOS_BUFFEREDENTRY_DC465C80,bra,8,8,4,2,2
opt,M_MYDOS_BUFFEREDENTRY_DC465C80,bra,224,210,4,2,2
opt,M_MYDOS_BUFFEREDENTRY_DC465C80,bra,389,373,4,2,2
opt,M_MYDOS_BUFFEREDENTRY_DC465C80,bra,477,459,4,2,2
opt,M_MYDOS_BUFFEREDENTRY_DC465C80,bra,616,596,4,2,2
opt,M_MYDOS_BUFFEREDENTRY_DC465C80,bra,713,691,4,2,2
opt,M_MYDOS_BEGINENTRY_95F170F4,conditional,633,622,6,2,4
opt,M_MYDOS_BEGINENTRY_95F170F4,conditional,641,626,6,2,4
opt,M_MYDOS_BEGINENTRY_95F170F4,conditional,658,639,6,2,4
opt,M_MYDOS_BEGINENTRY_95F170F4,bra,8,8,4,2,2
opt,M_MYDOS_BEGINENTRY_95F170F4,bra,212,210,4,2,2
opt,M_MYDOS_BEGINENTRY_95F170F4,bra,292,288,4,2,2
opt,M_MYDOS_BEGINENTRY_95F170F4,brl,346,340,4,3,1
opt,M_MYDOS_BEGINENTRY_95F170F4,bra,398,391,4,2,2
opt,M_MYDOS_BEGINENTRY_95F170F4,bra,479,470,4,2,2
opt,M_MYDOS_BEGINENTRY_95F170F4,bra,664,641,4,2,2
opt,M_MYDOS_GETENTRY_7D00AFBD,conditional,301,293,6,2,4
opt,M_MYDOS_GETENTRY_7D00AFBD,bra,8,8,4,2,2
opt,M_MYDOS_GETENTRY_7D00AFBD,bra,58,56,4,2,2
opt,M_MYDOS_GETENTRY_7D00AFBD,bra,149,145,4,2,2
opt,M_MYDOS_GETENTRY_7D00AFBD,bra,225,219,4,2,2
opt,M_MYDOS_GETENTRY_7D00AFBD,bra,317,305,4,2,2
opt,M_MYDOS_GETENTRY_7D00AFBD,bra,351,337,4,2,2
opt,M_MYDOS_SELECTMATCH_8984C9A2,bra,8,8,4,2,2
opt,M_MYDOS_SELECTMATCH_8984C9A2,bra,148,146,4,2,2
opt,M_MYDOS_SELECTMATCH_8984C9A2,brl,239,235,4,3,1
opt,M_MYDOS_SELECTMATCH_8984C9A2,brl,312,307,4,3,1
opt,M_MYDOS_SELECTMATCH_8984C9A2,bra,493,487,4,2,2
opt,M_MYDOS_SELECTMATCH_8984C9A2,brl,564,556,4,3,1
opt,M_MYDOS_SELECTMATCH_8984C9A2,brl,601,592,4,3,1
opt,M_MYDOS_SELECTMATCH_8984C9A2,bra,725,715,4,2,2
opt,M_MYDOS_CHOOSE_61B23C5E,bra,8,8,4,2,2
opt,M_MYDOS_CHOOSE_61B23C5E,bra,63,61,4,2,2
opt,M_MYDOS_CHOOSE_61B23C5E,bra,69,65,4,2,2
opt,M_MYDOS_CHOOSE_61B23C5E,bra,106,100,4,2,2
opt,M_MYDOS_CHOOSE_61B23C5E,bra,145,137,4,2,2
opt,M_MYDOS_CHOOSE_61B23C5E,bra,244,234,4,2,2
opt,M_MYDOS_CHOOSE_61B23C5E,bra,428,416,4,2,2
opt,M_MYDOS_STARTDIRECTORY_E432AEF2,bra,8,8,4,2,2
opt,M_MYDOS_DESCEND_C497F8DD,conditional,585,578,6,2,4
opt,M_MYDOS_DESCEND_C497F8DD,conditional,591,580,6,2,4
opt,M_MYDOS_DESCEND_C497F8DD,conditional,605,590,6,2,4
opt,M_MYDOS_DESCEND_C497F8DD,conditional,611,592,6,2,4
opt,M_MYDOS_DESCEND_C497F8DD,conditional,625,602,6,2,4
opt,M_MYDOS_DESCEND_C497F8DD,conditional,631,604,6,2,4
opt,M_MYDOS_DESCEND_C497F8DD,conditional,645,614,6,2,4
opt,M_MYDOS_DESCEND_C497F8DD,conditional,651,616,6,2,4
opt,M_MYDOS_DESCEND_C497F8DD,conditional,715,667,6,2,4
opt,M_MYDOS_DESCEND_C497F8DD,conditional,721,669,6,2,4
opt,M_MYDOS_DESCEND_C497F8DD,conditional,735,679,6,2,4
opt,M_MYDOS_DESCEND_C497F8DD,conditional,741,681,6,2,4
opt,M_MYDOS_DESCEND_C497F8DD,conditional,755,691,6,2,4
opt,M_MYDOS_DESCEND_C497F8DD,conditional,761,693,6,2,4
opt,M_MYDOS_DESCEND_C497F8DD,conditional,775,703,6,2,4
opt,M_MYDOS_DESCEND_C497F8DD,conditional,781,705,6,2,4
opt,M_MYDOS_DESCEND_C497F8DD,bra,8,8,4,2,2
opt,M_MYDOS_DESCEND_C497F8DD,bra,73,71,4,2,2
opt,M_MYDOS_DESCEND_C497F8DD,bra,172,168,4,2,2
opt,M_MYDOS_DESCEND_C497F8DD,brl,385,379,4,3,1
opt,M_MYDOS_DESCEND_C497F8DD,bra,657,618,4,2,2
opt,M_MYDOS_DESCEND_C497F8DD,bra,663,622,4,2,2
opt,M_MYDOS_DESCEND_C497F8DD,bra,669,626,4,2,2
opt,M_MYDOS_DESCEND_C497F8DD,bra,675,630,4,2,2
opt,M_MYDOS_DESCEND_C497F8DD,brl,691,644,4,3,1
opt,M_MYDOS_DESCEND_C497F8DD,bra,787,707,4,2,2
opt,M_MYDOS_DESCEND_C497F8DD,bra,793,711,4,2,2
opt,M_MYDOS_DESCEND_C497F8DD,bra,799,715,4,2,2
opt,M_MYDOS_DESCEND_C497F8DD,bra,805,719,4,2,2
opt,M_MYDOS_DESCEND_C497F8DD,bra,821,733,4,2,2
opt,M_MYDOS_DESCEND_C497F8DD,bra,897,807,4,2,2
opt,M_MYDOS_DESCEND_C497F8DD,bra,903,811,4,2,2
opt,M_MYDOS_DESCEND_C497F8DD,brl,934,840,4,3,1
opt,M_MYDOS_ROOTENTRY_E3F00029,bra,8,8,4,2,2
opt,M_MYDOS_ROOTENTRY_E3F00029,brl,235,233,4,3,1
opt,M_MYDOS_ROOTENTRY_E3F00029,brl,375,372,4,3,1
opt,M_MYDOS_STARTRESOLVE_24B3B079,conditional,556,552,6,2,4
opt,M_MYDOS_STARTRESOLVE_24B3B079,bra,8,8,4,2,2
opt,M_MYDOS_STARTRESOLVE_24B3B079,bra,480,478,4,2,2
opt,M_MYDOS_STARTRESOLVE_24B3B079,bra,572,564,4,2,2
opt,M_MYDOS_STARTRESOLVE_24B3B079,brl,668,658,4,3,1
opt,M_MYDOS_STARTRESOLVE_24B3B079,bra,763,752,4,2,2
opt,M_MYDOS_STARTRESOLVE_24B3B079,bra,769,756,4,2,2
opt,M_MYDOS_STARTRESOLVE_24B3B079,brl,819,804,4,3,1
opt,M_MYDOS_STARTRESOLVE_24B3B079,bra,853,837,4,2,2
opt,M_MYDOS_STARTRESOLVE_24B3B079,bra,949,931,4,2,2
opt,M_MYDOS_STARTRESOLVE_24B3B079,bra,971,951,4,2,2
opt,M_MYDOS_RESOLVECOMPONENT_8F2130C4,bra,8,8,4,2,2
opt,M_MYDOS_RESOLVECOMPONENT_8F2130C4,bra,46,44,4,2,2
opt,M_MYDOS_RESOLVECOMPONENT_8F2130C4,bra,119,115,4,2,2
opt,M_MYDOS_RESOLVECOMPONENT_8F2130C4,bra,153,147,4,2,2
opt,M_MYDOS_BEGINRESOLVE_3F47247C,bra,8,8,4,2,2
opt,M_MYDOS_BEGINRESOLVE_3F47247C,bra,54,52,4,2,2
opt,M_MYDOS_BEGINRESOLVE_3F47247C,bra,145,141,4,2,2
opt,M_MYDOS_BEGINRESOLVE_3F47247C,bra,167,161,4,2,2
opt,M_MYDOS_RESOLVESTEP_4ADA26D9,conditional,443,425,6,2,4
opt,M_MYDOS_RESOLVESTEP_4ADA26D9,conditional,451,429,6,2,4
opt,M_MYDOS_RESOLVESTEP_4ADA26D9,conditional,468,442,6,2,4
opt,M_MYDOS_RESOLVESTEP_4ADA26D9,bra,8,8,4,2,2
opt,M_MYDOS_RESOLVESTEP_4ADA26D9,bra,46,44,4,2,2
opt,M_MYDOS_RESOLVESTEP_4ADA26D9,bra,119,115,4,2,2
opt,M_MYDOS_RESOLVESTEP_4ADA26D9,bra,147,141,4,2,2
opt,M_MYDOS_RESOLVESTEP_4ADA26D9,brl,153,145,4,3,1
opt,M_MYDOS_RESOLVESTEP_4ADA26D9,bra,167,158,4,2,2
opt,M_MYDOS_RESOLVESTEP_4ADA26D9,bra,189,178,4,2,2
opt,M_MYDOS_RESOLVESTEP_4ADA26D9,bra,336,323,4,2,2
opt,M_MYDOS_RESOLVESTEP_4ADA26D9,brl,342,327,4,3,1
opt,M_MYDOS_RESOLVESTEP_4ADA26D9,bra,389,373,4,2,2
opt,M_MYDOS_RESOLVESTEP_4ADA26D9,bra,474,444,4,2,2
opt,M_MYDOS_RESOLVESTEP_4ADA26D9,brl,532,500,4,3,1
opt,M_MYDOS_RESOLVESTEP_4ADA26D9,bra,552,519,4,2,2
opt,M_MYDOS_RESOLVESTEP_4ADA26D9,bra,625,590,4,2,2
opt,M_MYDOS_RESOLVESTEP_4ADA26D9,brl,695,658,4,3,1
opt,M_MYDOS_RESOLVESTEP_4ADA26D9,bra,744,706,4,2,2
opt,M_MYDOS_RESOLVESTEP_4ADA26D9,bra,766,726,4,2,2
opt,M_MYDOS_RESOLVESTEP_4ADA26D9,bra,888,846,4,2,2
opt,M_MYDOS_RESOLVESTEP_4ADA26D9,bra,961,917,4,2,2
opt,M_MYDOS_RESOLVE_25FA7BCB,conditional,377,365,6,2,4
opt,M_MYDOS_RESOLVE_25FA7BCB,bra,8,8,4,2,2
opt,M_MYDOS_RESOLVE_25FA7BCB,bra,54,52,4,2,2
opt,M_MYDOS_RESOLVE_25FA7BCB,brl,153,149,4,3,1
opt,M_MYDOS_RESOLVE_25FA7BCB,bra,169,164,4,2,2
opt,M_MYDOS_RESOLVE_25FA7BCB,bra,191,184,4,2,2
opt,M_MYDOS_RESOLVE_25FA7BCB,brl,266,257,4,3,1
opt,M_MYDOS_RESOLVE_25FA7BCB,bra,301,291,4,2,2
opt,M_MYDOS_RESOLVE_25FA7BCB,bra,393,377,4,2,2
opt,M_MYDOS_RESOLVE_25FA7BCB,bra,427,409,4,2,2
opt,M_MYDOS_RESOLVE_25FA7BCB,brl,514,494,4,3,1
opt,M_FSINIT_CONFIG_A7C873FA,conditional,1819,1798,6,2,4
opt,M_FSINIT_CONFIG_A7C873FA,conditional,1825,1800,6,2,4
opt,M_FSINIT_CONFIG_A7C873FA,conditional,1839,1810,6,2,4
opt,M_FSINIT_CONFIG_A7C873FA,conditional,1845,1812,6,2,4
opt,M_FSINIT_CONFIG_A7C873FA,conditional,1859,1822,6,2,4
opt,M_FSINIT_CONFIG_A7C873FA,conditional,1865,1824,6,2,4
opt,M_FSINIT_CONFIG_A7C873FA,conditional,1879,1834,6,2,4
opt,M_FSINIT_CONFIG_A7C873FA,conditional,1885,1836,6,2,4
opt,M_FSINIT_CONFIG_A7C873FA,bra,8,8,4,2,2
opt,M_FSINIT_CONFIG_A7C873FA,bra,38,36,4,2,2
opt,M_FSINIT_CONFIG_A7C873FA,bra,173,169,4,2,2
opt,M_FSINIT_CONFIG_A7C873FA,bra,179,173,4,2,2
opt,M_FSINIT_CONFIG_A7C873FA,bra,216,208,4,2,2
opt,M_FSINIT_CONFIG_A7C873FA,brl,392,382,4,3,1
opt,M_FSINIT_CONFIG_A7C873FA,bra,539,528,4,2,2
opt,M_FSINIT_CONFIG_A7C873FA,bra,612,599,4,2,2
opt,M_FSINIT_CONFIG_A7C873FA,bra,808,793,4,2,2
opt,M_FSINIT_CONFIG_A7C873FA,bra,1509,1492,4,2,2
opt,M_FSINIT_CONFIG_A7C873FA,bra,1612,1593,4,2,2
opt,M_FSINIT_CONFIG_A7C873FA,bra,1891,1838,4,2,2
opt,M_FSINIT_CONFIG_A7C873FA,bra,1897,1842,4,2,2
opt,M_FSINIT_CONFIG_A7C873FA,bra,1903,1846,4,2,2
opt,M_FSINIT_CONFIG_A7C873FA,bra,1909,1850,4,2,2
opt,M_FSINIT_CONFIG_A7C873FA,bra,1925,1864,4,2,2
opt,M_FSINIT_CONFIG_A7C873FA,brl,2013,1950,4,3,1
opt,M_FSINIT_CONFIG_A7C873FA,bra,2273,2209,4,2,2
opt,M_FSINIT_CONFIG_A7C873FA,brl,2279,2213,4,3,1
opt,M_FSINIT_CONFIG_A7C873FA,bra,2553,2486,4,2,2
opt,M_FSINIT_CONFIG_A7C873FA,bra,2640,2571,4,2,2
opt,M_FSINIT_CONFIG_A7C873FA,brl,2733,2662,4,3,1
opt,M_FSINIT_CONFIG_A7C873FA,bra,2747,2675,4,2,2
opt,M_FSINIT_CONFIG_A7C873FA,bra,2753,2679,4,2,2
opt,M_FSINIT_CONFIG_A7C873FA,brl,2784,2708,4,3,1
opt,M_FSINIT_WORKSPACE_ED5E2107,conditional,200,196,6,2,4
opt,M_FSINIT_WORKSPACE_ED5E2107,conditional,404,392,6,2,4
opt,M_FSINIT_WORKSPACE_ED5E2107,bra,8,8,4,2,2
opt,M_FSINIT_WORKSPACE_ED5E2107,bra,46,44,4,2,2
opt,M_FSINIT_WORKSPACE_ED5E2107,bra,216,208,4,2,2
opt,M_FSINIT_WORKSPACE_ED5E2107,bra,250,240,4,2,2
opt,M_FSINIT_WORKSPACE_ED5E2107,bra,420,404,4,2,2
opt,M_FSINIT_ARRIVAL_302FF83F,conditional,290,282,6,2,4
opt,M_FSINIT_ARRIVAL_302FF83F,conditional,298,286,6,2,4
opt,M_FSINIT_ARRIVAL_302FF83F,conditional,306,290,6,2,4
opt,M_FSINIT_ARRIVAL_302FF83F,conditional,316,296,6,2,4
opt,M_FSINIT_ARRIVAL_302FF83F,conditional,324,300,6,2,4
opt,M_FSINIT_ARRIVAL_302FF83F,conditional,347,319,6,2,4
opt,M_FSINIT_ARRIVAL_302FF83F,conditional,562,526,6,2,4
opt,M_FSINIT_ARRIVAL_302FF83F,conditional,574,534,6,2,4
opt,M_FSINIT_ARRIVAL_302FF83F,bra,8,8,4,2,2
opt,M_FSINIT_ARRIVAL_302FF83F,bra,46,44,4,2,2
opt,M_FSINIT_ARRIVAL_302FF83F,bra,153,149,4,2,2
opt,M_FSINIT_ARRIVAL_302FF83F,bra,179,173,4,2,2
opt,M_FSINIT_ARRIVAL_302FF83F,bra,353,321,4,2,2
opt,M_FSINIT_ARRIVAL_302FF83F,bra,442,408,4,2,2
opt,M_FSINIT_ARRIVAL_302FF83F,bra,584,540,4,2,2
opt,M_FSINIT_ALLOCATEMOUNT_EF481898,conditional,129,125,6,2,4
opt,M_FSINIT_ALLOCATEMOUNT_EF481898,conditional,320,308,6,2,4
opt,M_FSINIT_ALLOCATEMOUNT_EF481898,conditional,1366,1344,6,2,4
opt,M_FSINIT_ALLOCATEMOUNT_EF481898,conditional,1378,1352,6,2,4
opt,M_FSINIT_ALLOCATEMOUNT_EF481898,bra,8,8,4,2,2
opt,M_FSINIT_ALLOCATEMOUNT_EF481898,bra,38,36,4,2,2
opt,M_FSINIT_ALLOCATEMOUNT_EF481898,bra,144,136,4,2,2
opt,M_FSINIT_ALLOCATEMOUNT_EF481898,bra,218,208,4,2,2
opt,M_FSINIT_ALLOCATEMOUNT_EF481898,bra,336,320,4,2,2
opt,M_FSINIT_ALLOCATEMOUNT_EF481898,brl,878,860,4,3,1
opt,M_FSINIT_ALLOCATEMOUNT_EF481898,brl,1035,1016,4,3,1
opt,M_FSINIT_ALLOCATEMOUNT_EF481898,bra,1212,1192,4,2,2
opt,M_FSINIT_ALLOCATEMOUNT_EF481898,bra,1388,1358,4,2,2
opt,M_FSINIT_ALLOCATEBLOCK_5C0916F0,conditional,182,178,6,2,4
opt,M_FSINIT_ALLOCATEBLOCK_5C0916F0,conditional,905,893,6,2,4
opt,M_FSINIT_ALLOCATEBLOCK_5C0916F0,conditional,917,901,6,2,4
opt,M_FSINIT_ALLOCATEBLOCK_5C0916F0,bra,8,8,4,2,2
opt,M_FSINIT_ALLOCATEBLOCK_5C0916F0,bra,80,78,4,2,2
opt,M_FSINIT_ALLOCATEBLOCK_5C0916F0,bra,198,190,4,2,2
opt,M_FSINIT_ALLOCATEBLOCK_5C0916F0,bra,785,775,4,2,2
opt,M_FSINIT_ALLOCATEBLOCK_5C0916F0,bra,927,907,4,2,2
opt,M_FSINIT_PUBLISH_12D6516B,bra,8,8,4,2,2
opt,M_FSINIT_PUBLISH_12D6516B,bra,38,36,4,2,2
opt,M_FSINIT_PUBLISH_12D6516B,brl,158,154,4,3,1
opt,M_FSINIT_PUBLISH_12D6516B,bra,336,331,4,2,2
opt,M_FSINIT_PUBLISH_12D6516B,bra,342,335,4,2,2
opt,M_FSINIT_PUBLISH_12D6516B,brl,373,364,4,3,1
opt,M_FSINIT_FIRST_60F42DBA,bra,8,8,4,2,2
opt,M_FSINIT_FIRST_60F42DBA,bra,118,116,4,2,2
opt,M_FSINIT_FIRST_60F42DBA,bra,191,187,4,2,2
opt,M_FSINIT_ADAPTERSTEP_4F860EAF,conditional,188,184,6,2,4
opt,M_FSINIT_ADAPTERSTEP_4F860EAF,bra,8,8,4,2,2
opt,M_FSINIT_ADAPTERSTEP_4F860EAF,bra,70,68,4,2,2
opt,M_FSINIT_ADAPTERSTEP_4F860EAF,bra,204,196,4,2,2
opt,M_FSINIT_WORKSPACESTEP_AC19D935,bra,8,8,4,2,2
opt,M_FSINIT_WORKSPACESTEP_AC19D935,bra,70,68,4,2,2
opt,M_FSINIT_WORKSPACESTEP_AC19D935,bra,143,139,4,2,2
opt,M_FSINIT_WORKSPACESTEP_AC19D935,bra,149,143,4,2,2
opt,M_FSINIT_WORKSPACESTEP_AC19D935,bra,169,161,4,2,2
opt,M_FSINIT_WORKSPACESTEP_AC19D935,bra,242,232,4,2,2
opt,M_FSINIT_MOUNTSTEP_D16E7745,bra,8,8,4,2,2
opt,M_FSINIT_MOUNTSTEP_D16E7745,bra,118,116,4,2,2
opt,M_FSINIT_MOUNTSTEP_D16E7745,bra,191,187,4,2,2
opt,M_FSINIT_MOUNTSTEP_D16E7745,bra,213,207,4,2,2
opt,M_FSINIT_BLOCKSTEP_FC8F9559,bra,8,8,4,2,2
opt,M_FSINIT_BLOCKSTEP_FC8F9559,bra,70,68,4,2,2
opt,M_FSINIT_BLOCKSTEP_FC8F9559,bra,143,139,4,2,2
opt,M_FSINIT_BLOCKSTEP_FC8F9559,bra,165,159,4,2,2
opt,M_FSINIT_OPENEDSTEP_3B4623A1,bra,8,8,4,2,2
opt,M_FSINIT_OPENEDSTEP_3B4623A1,brl,87,85,4,3,1
opt,M_FSINIT_OPENEDSTEP_3B4623A1,bra,187,184,4,2,2
opt,M_FSINIT_OPENEDSTEP_3B4623A1,bra,443,438,4,2,2
opt,M_FSINIT_OPENEDSTEP_3B4623A1,brl,516,509,4,3,1
opt,M_FSINIT_OPENEDSTEP_3B4623A1,bra,616,608,4,2,2
opt,M_FSINIT_MOUNTEDSTEP_D00F6B02,bra,8,8,4,2,2
opt,M_FSINIT_MOUNTEDSTEP_D00F6B02,brl,87,85,4,3,1
opt,M_FSINIT_MOUNTEDSTEP_D00F6B02,bra,187,184,4,2,2
opt,M_FSINIT_MOUNTEDSTEP_D00F6B02,bra,323,318,4,2,2
opt,M_FSINIT_MOUNTEDSTEP_D00F6B02,brl,396,389,4,3,1
opt,M_FSINIT_MOUNTEDSTEP_D00F6B02,bra,496,488,4,2,2
opt,M_FSINIT_MOUNTEDSTEP_D00F6B02,brl,636,626,4,3,1
opt,M_FSINIT_MOUNTEDSTEP_D00F6B02,bra,650,639,4,2,2
opt,M_FSINIT_MOUNTEDSTEP_D00F6B02,bra,758,745,4,2,2
opt,M_FSINIT_MOUNTEDSTEP_D00F6B02,bra,895,880,4,2,2
opt,M_FSINIT_MOUNTEDSTEP_D00F6B02,bra,1081,1064,4,2,2
opt,M_FSINIT_MOUNTEDSTEP_D00F6B02,bra,1156,1137,4,2,2
opt,M_FSINIT_FAILED_4FB7E0CF,conditional,66,64,6,2,4
opt,M_FSINIT_FAILED_4FB7E0CF,bra,8,8,4,2,2
opt,M_FSINIT_FAILED_4FB7E0CF,bra,82,76,4,2,2
opt,M_FSINIT_ROLLBACKSTEP_8166A722,bra,8,8,4,2,2
opt,M_FSINIT_ROLLBACKSTEP_8166A722,bra,236,234,4,2,2
opt,M_FSINIT_ROLLBACKSTEP_8166A722,bra,522,518,4,2,2
opt,M_FSINIT_DESTROYMOUNT_00D5D10B,conditional,40,38,6,2,4
opt,M_FSINIT_DESTROYMOUNT_00D5D10B,bra,8,8,4,2,2
opt,M_FSINIT_DESTROYMOUNT_00D5D10B,bra,56,50,4,2,2
opt,M_FSINIT_DESTROYMOUNT_00D5D10B,bra,99,91,4,2,2
opt,M_FSINIT_DESTROYMOUNT_00D5D10B,bra,113,103,4,2,2
opt,M_FSINIT_DESTROYMOUNT_00D5D10B,brl,211,199,4,3,1
opt,M_FSINIT_DESTROYMOUNT_00D5D10B,bra,302,289,4,2,2
opt,M_FSINIT_DESTROYMOUNT_00D5D10B,bra,375,360,4,2,2
opt,M_FSINIT_DESTROYMOUNT_00D5D10B,bra,389,372,4,2,2
opt,M_FSINIT_DESTROYMOUNT_00D5D10B,brl,487,468,4,3,1
opt,M_FSINIT_DESTROYMOUNT_00D5D10B,brl,565,545,4,3,1
opt,M_FSINIT_DESTROYMOUNT_00D5D10B,bra,647,626,4,2,2
opt,M_FSINIT_DESTROYMOUNT_00D5D10B,bra,734,711,4,2,2
opt,M_FSINIT_DESTROYMOUNT_00D5D10B,bra,748,723,4,2,2
opt,M_FSINIT_DESTROYMOUNT_00D5D10B,bra,800,773,4,2,2
opt,M_FSINIT_DESTROYMOUNT_00D5D10B,bra,858,829,4,2,2
opt,M_FSINIT_DESTROYMOUNT_00D5D10B,bra,971,940,4,2,2
opt,M_FSINIT_DESTROYMOUNT_00D5D10B,bra,1074,1041,4,2,2
opt,M_FSINIT_DESTROYMOUNT_00D5D10B,bra,1134,1099,4,2,2
opt,M_FSINIT_DESTROYMOUNT_00D5D10B,bra,1237,1200,4,2,2
opt,M_FSINIT_CLEANUP_26675F9E,bra,8,8,4,2,2
opt,M_FSINIT_CLEANUP_26675F9E,brl,52,50,4,3,1
opt,M_FSINIT_CLEANUP_26675F9E,bra,213,210,4,2,2
opt,M_FSINIT_CLEANUP_26675F9E,brl,311,306,4,3,1
opt,M_FSINIT_CLEANUP_26675F9E,bra,357,351,4,2,2
opt,M_FSINIT_CLEANUP_26675F9E,bra,447,439,4,2,2
opt,M_FSINIT_CLEANUP_26675F9E,bra,488,478,4,2,2
opt,M_FSINIT_CLEANUP_26675F9E,bra,583,571,4,2,2
opt,M_FSINIT_CLEANUP_26675F9E,bra,643,629,4,2,2
opt,M_FSINIT_CLEANUP_26675F9E,bra,760,744,4,2,2
opt,M_FSINIT_CLEANUP_26675F9E,bra,820,802,4,2,2
opt,M_FSINIT_CLEANUP_26675F9E,brl,937,917,4,3,1
opt,M_FSINIT_CLEANUP_26675F9E,bra,985,964,4,2,2
opt,M_FSINIT_CLEANUP_26675F9E,bra,1058,1035,4,2,2
opt,M_FSINIT_CLEANUP_26675F9E,bra,1072,1047,4,2,2
opt,M_FSRELATIVE_VALIDATE_0372B7FC,conditional,1865,1838,6,2,4
opt,M_FSRELATIVE_VALIDATE_0372B7FC,conditional,1871,1840,6,2,4
opt,M_FSRELATIVE_VALIDATE_0372B7FC,conditional,1885,1850,6,2,4
opt,M_FSRELATIVE_VALIDATE_0372B7FC,conditional,1891,1852,6,2,4
opt,M_FSRELATIVE_VALIDATE_0372B7FC,conditional,1905,1862,6,2,4
opt,M_FSRELATIVE_VALIDATE_0372B7FC,conditional,1911,1864,6,2,4
opt,M_FSRELATIVE_VALIDATE_0372B7FC,conditional,1925,1874,6,2,4
opt,M_FSRELATIVE_VALIDATE_0372B7FC,conditional,1931,1876,6,2,4
opt,M_FSRELATIVE_VALIDATE_0372B7FC,conditional,1995,1927,6,2,4
opt,M_FSRELATIVE_VALIDATE_0372B7FC,conditional,2001,1929,6,2,4
opt,M_FSRELATIVE_VALIDATE_0372B7FC,conditional,2015,1939,6,2,4
opt,M_FSRELATIVE_VALIDATE_0372B7FC,conditional,2021,1941,6,2,4
opt,M_FSRELATIVE_VALIDATE_0372B7FC,conditional,2035,1951,6,2,4
opt,M_FSRELATIVE_VALIDATE_0372B7FC,conditional,2041,1953,6,2,4
opt,M_FSRELATIVE_VALIDATE_0372B7FC,conditional,2055,1963,6,2,4
opt,M_FSRELATIVE_VALIDATE_0372B7FC,conditional,2061,1965,6,2,4
opt,M_FSRELATIVE_VALIDATE_0372B7FC,bra,8,8,4,2,2
opt,M_FSRELATIVE_VALIDATE_0372B7FC,bra,141,139,4,2,2
opt,M_FSRELATIVE_VALIDATE_0372B7FC,bra,233,229,4,2,2
opt,M_FSRELATIVE_VALIDATE_0372B7FC,bra,312,306,4,2,2
opt,M_FSRELATIVE_VALIDATE_0372B7FC,bra,371,363,4,2,2
opt,M_FSRELATIVE_VALIDATE_0372B7FC,brl,377,367,4,3,1
opt,M_FSRELATIVE_VALIDATE_0372B7FC,bra,505,494,4,2,2
opt,M_FSRELATIVE_VALIDATE_0372B7FC,bra,700,687,4,2,2
opt,M_FSRELATIVE_VALIDATE_0372B7FC,bra,759,744,4,2,2
opt,M_FSRELATIVE_VALIDATE_0372B7FC,bra,795,778,4,2,2
opt,M_FSRELATIVE_VALIDATE_0372B7FC,bra,1044,1025,4,2,2
opt,M_FSRELATIVE_VALIDATE_0372B7FC,brl,1115,1094,4,3,1
opt,M_FSRELATIVE_VALIDATE_0372B7FC,bra,1306,1284,4,2,2
opt,M_FSRELATIVE_VALIDATE_0372B7FC,bra,1387,1363,4,2,2
opt,M_FSRELATIVE_VALIDATE_0372B7FC,brl,1665,1639,4,3,1
opt,M_FSRELATIVE_VALIDATE_0372B7FC,bra,1937,1878,4,2,2
opt,M_FSRELATIVE_VALIDATE_0372B7FC,bra,1943,1882,4,2,2
opt,M_FSRELATIVE_VALIDATE_0372B7FC,bra,1949,1886,4,2,2
opt,M_FSRELATIVE_VALIDATE_0372B7FC,bra,1955,1890,4,2,2
opt,M_FSRELATIVE_VALIDATE_0372B7FC,brl,1971,1904,4,3,1
opt,M_FSRELATIVE_VALIDATE_0372B7FC,bra,2067,1967,4,2,2
opt,M_FSRELATIVE_VALIDATE_0372B7FC,bra,2073,1971,4,2,2
opt,M_FSRELATIVE_VALIDATE_0372B7FC,bra,2079,1975,4,2,2
opt,M_FSRELATIVE_VALIDATE_0372B7FC,bra,2085,1979,4,2,2
opt,M_FSRELATIVE_VALIDATE_0372B7FC,bra,2101,1993,4,2,2
opt,M_FSRELATIVE_VALIDATE_0372B7FC,bra,2160,2050,4,2,2
opt,M_FSRELATIVE_VALIDATE_0372B7FC,bra,2166,2054,4,2,2
opt,M_FSRELATIVE_VALIDATE_0372B7FC,brl,2197,2083,4,3,1
opt,M_FSRELATIVE_VALIDATE_0372B7FC,bra,2211,2096,4,2,2
opt,M_FSRELATIVE_VALIDATE_0372B7FC,bra,2217,2100,4,2,2
opt,M_FSRELATIVE_VALIDATE_0372B7FC,brl,2248,2129,4,3,1
opt,M_FSRELATIVE_SEED_FD9BA1BB,bra,8,8,4,2,2
opt,M_FSRELATIVE_SEED_FD9BA1BB,bra,170,168,4,2,2
opt,M_FSRELATIVE_SEED_FD9BA1BB,brl,438,434,4,3,1
opt,M_FSRELATIVE_SEED_FD9BA1BB,bra,710,705,4,2,2
opt,M_FSRELATIVE_SEED_FD9BA1BB,bra,716,709,4,2,2
opt,M_FSRELATIVE_SEED_FD9BA1BB,brl,747,738,4,3,1
opt,M_FSRELATIVE_SEED_FD9BA1BB,bra,767,757,4,2,2
opt,M_FSRELATIVE_SEED_FD9BA1BB,bra,849,837,4,2,2
opt,M_FSRELATIVE_SEED_FD9BA1BB,brl,987,973,4,3,1
opt,M_FSRELATIVE_SEED_FD9BA1BB,bra,1167,1152,4,2,2
opt,M_FSRELATIVE_SEED_FD9BA1BB,bra,1173,1156,4,2,2
opt,M_FSRELATIVE_SEED_FD9BA1BB,brl,1189,1170,4,3,1
opt,M_FSRELATIVE_TRIM_C4B2DBD8,bra,8,8,4,2,2
opt,M_FSRELATIVE_TRIM_C4B2DBD8,brl,60,58,4,3,1
opt,M_FSRELATIVE_TRIM_C4B2DBD8,bra,210,207,4,2,2
opt,M_FSRELATIVE_TRIM_C4B2DBD8,brl,216,211,4,3,1
opt,M_FSRELATIVE_TRIM_C4B2DBD8,bra,364,358,4,2,2
opt,M_FSRELATIVE_TRIM_C4B2DBD8,bra,416,408,4,2,2
opt,M_FSRELATIVE_TRIM_C4B2DBD8,brl,466,456,4,3,1
opt,M_FSRELATIVE_ROOT_94E4441A,bra,8,8,4,2,2
opt,M_FSRELATIVE_ROOT_94E4441A,bra,46,44,4,2,2
opt,M_FSRELATIVE_ROOT_94E4441A,bra,153,149,4,2,2
opt,M_FSRELATIVE_ROOT_94E4441A,brl,240,234,4,3,1
opt,M_FSRELATIVE_ROOT_94E4441A,bra,310,303,4,2,2
opt,M_FSRELATIVE_BEGIN_CB9D8F8D,conditional,91,89,6,2,4
opt,M_FSRELATIVE_BEGIN_CB9D8F8D,conditional,531,515,6,2,4
opt,M_FSRELATIVE_BEGIN_CB9D8F8D,conditional,835,809,6,2,4
opt,M_FSRELATIVE_BEGIN_CB9D8F8D,bra,8,8,4,2,2
opt,M_FSRELATIVE_BEGIN_CB9D8F8D,bra,106,100,4,2,2
opt,M_FSRELATIVE_BEGIN_CB9D8F8D,bra,176,168,4,2,2
opt,M_FSRELATIVE_BEGIN_CB9D8F8D,bra,260,250,4,2,2
opt,M_FSRELATIVE_BEGIN_CB9D8F8D,bra,331,319,4,2,2
opt,M_FSRELATIVE_BEGIN_CB9D8F8D,bra,353,339,4,2,2
opt,M_FSRELATIVE_BEGIN_CB9D8F8D,bra,543,523,4,2,2
opt,M_FSRELATIVE_BEGIN_CB9D8F8D,bra,565,543,4,2,2
opt,M_FSRELATIVE_BEGIN_CB9D8F8D,bra,751,727,4,2,2
opt,M_FSRELATIVE_BEGIN_CB9D8F8D,bra,851,821,4,2,2
opt,M_FSRELATIVE_BEGIN_CB9D8F8D,bra,873,841,4,2,2
opt,M_FSRELATIVE_BEGIN_CB9D8F8D,bra,997,963,4,2,2
opt,M_FSRELATIVE_BEGIN_CB9D8F8D,brl,1089,1053,4,3,1
opt,M_FSRELATIVE_BEGIN_CB9D8F8D,bra,1119,1082,4,2,2
opt,M_FSRELATIVE_BEGIN_CB9D8F8D,brl,1250,1211,4,3,1
opt,M_FSRELATIVE_BEGIN_CB9D8F8D,bra,1331,1291,4,2,2
opt,M_FSRELATIVE_BEGIN_CB9D8F8D,bra,1481,1439,4,2,2
opt,M_FSRELATIVE_BEGIN_CB9D8F8D,brl,1568,1524,4,3,1
opt,M_FSRELATIVE_BEGIN_CB9D8F8D,bra,1638,1593,4,2,2
opt,M_FSRELATIVE_BEGIN_CB9D8F8D,bra,1760,1713,4,2,2
opt,M_FSRELATIVE_BEGIN_CB9D8F8D,brl,1966,1917,4,3,1
opt,M_FSRELATIVE_BEGIN_CB9D8F8D,bra,2079,2029,4,2,2
opt,M_FSRELATIVE_BEGIN_CB9D8F8D,brl,2085,2033,4,3,1
opt,M_FSRELATIVE_BEGIN_CB9D8F8D,bra,2183,2130,4,2,2
opt,M_FSRELATIVE_BEGIN_CB9D8F8D,brl,2228,2173,4,3,1
opt,M_FSRELATIVE_BEGIN_CB9D8F8D,bra,2288,2232,4,2,2
opt,M_FSRELATIVE_BEGIN_CB9D8F8D,brl,2376,2318,4,3,1
opt,M_FSRELATIVE_BEGIN_CB9D8F8D,bra,2514,2455,4,2,2
opt,M_FSRELATIVE_BEGIN_CB9D8F8D,bra,2659,2598,4,2,2
opt,M_FSRELATIVE_BEGIN_CB9D8F8D,bra,2681,2618,4,2,2
opt,M_FSRELATIVE_BEGIN_CB9D8F8D,bra,2748,2683,4,2,2
opt,M_FSRELATIVE_BEGIN_CB9D8F8D,bra,2754,2687,4,2,2
opt,M_FSRELATIVE_BEGIN_CB9D8F8D,brl,2785,2716,4,3,1
opt,M_FSRELATIVE_BEGIN_CB9D8F8D,bra,3196,3126,4,2,2
opt,M_FSRELATIVE_BEGIN_CB9D8F8D,brl,3283,3211,4,3,1
opt,M_FSRELATIVE_BEGIN_CB9D8F8D,bra,3353,3280,4,2,2
opt,M_FSRELATIVE_PARENTRESULT_7CE6B959,conditional,1422,1397,6,2,4
opt,M_FSRELATIVE_PARENTRESULT_7CE6B959,conditional,1430,1401,6,2,4
opt,M_FSRELATIVE_PARENTRESULT_7CE6B959,conditional,1447,1414,6,2,4
opt,M_FSRELATIVE_PARENTRESULT_7CE6B959,bra,8,8,4,2,2
opt,M_FSRELATIVE_PARENTRESULT_7CE6B959,brl,79,77,4,3,1
opt,M_FSRELATIVE_PARENTRESULT_7CE6B959,bra,141,138,4,2,2
opt,M_FSRELATIVE_PARENTRESULT_7CE6B959,bra,281,276,4,2,2
opt,M_FSRELATIVE_PARENTRESULT_7CE6B959,brl,354,347,4,3,1
opt,M_FSRELATIVE_PARENTRESULT_7CE6B959,bra,416,408,4,2,2
opt,M_FSRELATIVE_PARENTRESULT_7CE6B959,bra,532,522,4,2,2
opt,M_FSRELATIVE_PARENTRESULT_7CE6B959,brl,538,526,4,3,1
opt,M_FSRELATIVE_PARENTRESULT_7CE6B959,brl,552,539,4,3,1
opt,M_FSRELATIVE_PARENTRESULT_7CE6B959,brl,620,606,4,3,1
opt,M_FSRELATIVE_PARENTRESULT_7CE6B959,bra,687,672,4,2,2
opt,M_FSRELATIVE_PARENTRESULT_7CE6B959,bra,701,684,4,2,2
opt,M_FSRELATIVE_PARENTRESULT_7CE6B959,bra,1030,1011,4,2,2
opt,M_FSRELATIVE_PARENTRESULT_7CE6B959,bra,1227,1206,4,2,2
opt,M_FSRELATIVE_PARENTRESULT_7CE6B959,brl,1233,1210,4,3,1
opt,M_FSRELATIVE_PARENTRESULT_7CE6B959,brl,1298,1274,4,3,1
opt,M_FSRELATIVE_PARENTRESULT_7CE6B959,bra,1453,1416,4,2,2
opt,M_FSRELATIVE_PARENTRESULT_7CE6B959,brl,1511,1472,4,3,1
opt,M_FSRELATIVE_PARENTRESULT_7CE6B959,bra,1566,1526,4,2,2
opt,M_FSRELATIVE_PARENTRESULT_7CE6B959,bra,1580,1538,4,2,2
opt,M_FSRELATIVE_PARENTRESULT_7CE6B959,bra,1834,1790,4,2,2
opt,M_FSRELATIVE_PARENTRESULT_7CE6B959,bra,1939,1893,4,2,2
opt,M_FSRELATIVE_PARENTRESULT_7CE6B959,bra,2012,1964,4,2,2
opt,M_FSRELATIVE_PARENTRESULT_7CE6B959,bra,2018,1968,4,2,2
opt,M_FSRELATIVE_PARENTRESULT_7CE6B959,bra,2030,1978,4,2,2
opt,M_FSRELATIVE_PARENTRESULT_7CE6B959,brl,2103,2049,4,3,1
opt,M_FSRELATIVE_PARENTRESULT_7CE6B959,bra,2165,2110,4,2,2
opt,M_FSINFO_ENUMERATIONSTATE_A9C412AA,bra,8,8,4,2,2
opt,M_FSINFO_CLEAR_E168B3AB,bra,8,8,4,2,2
opt,M_FSINFO_CLEAR_E168B3AB,bra,74,72,4,2,2
opt,M_FSINFO_CLEAR_E168B3AB,bra,152,148,4,2,2
opt,M_FSINFO_NAME_B42C963D,bra,8,8,4,2,2
opt,M_FSINFO_NAME_B42C963D,brl,60,58,4,3,1
opt,M_FSINFO_NAME_B42C963D,brl,88,85,4,3,1
opt,M_FSINFO_NAME_B42C963D,bra,395,391,4,2,2
opt,M_FSINFO_NAME_B42C963D,bra,401,395,4,2,2
opt,M_FSINFO_NAME_B42C963D,brl,432,424,4,3,1
opt,M_FSINFO_NAME_B42C963D,brl,473,464,4,3,1
opt,M_FSINFO_NAME_B42C963D,bra,596,586,4,2,2
opt,M_FSINFO_NAME_B42C963D,brl,602,590,4,3,1
opt,M_FSINFO_NAME_B42C963D,brl,870,857,4,3,1
opt,M_FSINFO_NAME_B42C963D,brl,1003,989,4,3,1
opt,M_FSINFO_NAME_B42C963D,brl,1161,1146,4,3,1
opt,M_FSINFO_NAME_B42C963D,bra,1284,1268,4,2,2
opt,M_FSINFO_NAME_B42C963D,brl,1290,1272,4,3,1
opt,M_FSINFO_NAME_B42C963D,brl,1558,1539,4,3,1
opt,M_FSINFO_FILL_CDFFBE8F,bra,8,8,4,2,2
opt,M_FSINFO_FILL_CDFFBE8F,brl,159,157,4,3,1
opt,M_FSINFO_FILL_CDFFBE8F,bra,291,288,4,2,2
opt,M_FSINFO_FILL_CDFFBE8F,bra,511,506,4,2,2
opt,M_FSINFO_SAVE_B1E7031F,bra,8,8,4,2,2
opt,M_FSINFO_SAVE_B1E7031F,bra,46,44,4,2,2
opt,M_MYDOSFILE_RESTART_75C66A72,bra,8,8,4,2,2
opt,M_MYDOSFILE_OPEN_0FD3469F,bra,8,8,4,2,2
opt,M_MYDOSFILE_OPEN_0FD3469F,bra,169,167,4,2,2
opt,M_MYDOSFILE_OPEN_0FD3469F,bra,265,261,4,2,2
opt,M_MYDOSFILE_OPEN_0FD3469F,bra,301,295,4,2,2
opt,M_MYDOSFILE_OPEN_0FD3469F,bra,307,299,4,2,2
opt,M_MYDOSFILE_OPEN_0FD3469F,bra,341,331,4,2,2
opt,M_MYDOSFILE_OPEN_0FD3469F,bra,377,365,4,2,2
opt,M_MYDOSFILE_OPEN_0FD3469F,bra,542,528,4,2,2
opt,M_MYDOSFILE_OPEN_0FD3469F,brl,712,696,4,3,1
opt,M_MYDOSFILE_OPEN_0FD3469F,bra,962,945,4,2,2
opt,M_MYDOSFILE_OPEN_0FD3469F,bra,968,949,4,2,2
opt,M_MYDOSFILE_OPEN_0FD3469F,brl,999,978,4,3,1
opt,M_MYDOSFILE_OPEN_0FD3469F,bra,1156,1134,4,2,2
opt,M_MYDOSFILE_OPEN_0FD3469F,bra,1205,1181,4,2,2
opt,M_MYDOSFILE_OPEN_0FD3469F,brl,1292,1266,4,3,1
opt,M_MYDOSFILE_OPEN_0FD3469F,bra,1337,1310,4,2,2
opt,M_MYDOSFILE_OPEN_0FD3469F,bra,1428,1399,4,2,2
opt,M_MYDOSFILE_SECTORALLOWED_E72DFCC7,conditional,389,382,6,2,4
opt,M_MYDOSFILE_SECTORALLOWED_E72DFCC7,conditional,395,384,6,2,4
opt,M_MYDOSFILE_SECTORALLOWED_E72DFCC7,conditional,409,394,6,2,4
opt,M_MYDOSFILE_SECTORALLOWED_E72DFCC7,conditional,415,396,6,2,4
opt,M_MYDOSFILE_SECTORALLOWED_E72DFCC7,conditional,429,406,6,2,4
opt,M_MYDOSFILE_SECTORALLOWED_E72DFCC7,conditional,435,408,6,2,4
opt,M_MYDOSFILE_SECTORALLOWED_E72DFCC7,conditional,449,418,6,2,4
opt,M_MYDOSFILE_SECTORALLOWED_E72DFCC7,conditional,455,420,6,2,4
opt,M_MYDOSFILE_SECTORALLOWED_E72DFCC7,conditional,552,504,6,2,4
opt,M_MYDOSFILE_SECTORALLOWED_E72DFCC7,conditional,558,506,6,2,4
opt,M_MYDOSFILE_SECTORALLOWED_E72DFCC7,conditional,572,516,6,2,4
opt,M_MYDOSFILE_SECTORALLOWED_E72DFCC7,conditional,578,518,6,2,4
opt,M_MYDOSFILE_SECTORALLOWED_E72DFCC7,conditional,592,528,6,2,4
opt,M_MYDOSFILE_SECTORALLOWED_E72DFCC7,conditional,598,530,6,2,4
opt,M_MYDOSFILE_SECTORALLOWED_E72DFCC7,conditional,612,540,6,2,4
opt,M_MYDOSFILE_SECTORALLOWED_E72DFCC7,conditional,618,542,6,2,4
opt,M_MYDOSFILE_SECTORALLOWED_E72DFCC7,bra,8,8,4,2,2
opt,M_MYDOSFILE_SECTORALLOWED_E72DFCC7,bra,94,92,4,2,2
opt,M_MYDOSFILE_SECTORALLOWED_E72DFCC7,bra,179,175,4,2,2
opt,M_MYDOSFILE_SECTORALLOWED_E72DFCC7,brl,242,236,4,3,1
opt,M_MYDOSFILE_SECTORALLOWED_E72DFCC7,bra,461,422,4,2,2
opt,M_MYDOSFILE_SECTORALLOWED_E72DFCC7,bra,467,426,4,2,2
opt,M_MYDOSFILE_SECTORALLOWED_E72DFCC7,bra,473,430,4,2,2
opt,M_MYDOSFILE_SECTORALLOWED_E72DFCC7,bra,479,434,4,2,2
opt,M_MYDOSFILE_SECTORALLOWED_E72DFCC7,brl,495,448,4,3,1
opt,M_MYDOSFILE_SECTORALLOWED_E72DFCC7,bra,624,544,4,2,2
opt,M_MYDOSFILE_SECTORALLOWED_E72DFCC7,bra,630,548,4,2,2
opt,M_MYDOSFILE_SECTORALLOWED_E72DFCC7,bra,636,552,4,2,2
opt,M_MYDOSFILE_SECTORALLOWED_E72DFCC7,bra,642,556,4,2,2
opt,M_MYDOSFILE_SECTORALLOWED_E72DFCC7,bra,658,570,4,2,2
opt,M_MYDOSFILE_SECTORALLOWED_E72DFCC7,bra,686,596,4,2,2
opt,M_MYDOSFILE_SECTORALLOWED_E72DFCC7,bra,692,600,4,2,2
opt,M_MYDOSFILE_SECTORALLOWED_E72DFCC7,brl,723,629,4,3,1
opt,M_MYDOSFILE_VISIT_2F7F40D0,conditional,204,202,6,2,4
opt,M_MYDOSFILE_VISIT_2F7F40D0,conditional,210,204,6,2,4
opt,M_MYDOSFILE_VISIT_2F7F40D0,conditional,224,214,6,2,4
opt,M_MYDOSFILE_VISIT_2F7F40D0,conditional,230,216,6,2,4
opt,M_MYDOSFILE_VISIT_2F7F40D0,conditional,244,226,6,2,4
opt,M_MYDOSFILE_VISIT_2F7F40D0,conditional,250,228,6,2,4
opt,M_MYDOSFILE_VISIT_2F7F40D0,conditional,264,238,6,2,4
opt,M_MYDOSFILE_VISIT_2F7F40D0,conditional,270,240,6,2,4
opt,M_MYDOSFILE_VISIT_2F7F40D0,conditional,363,319,6,2,4
opt,M_MYDOSFILE_VISIT_2F7F40D0,conditional,665,613,6,2,4
opt,M_MYDOSFILE_VISIT_2F7F40D0,conditional,773,716,6,2,4
opt,M_MYDOSFILE_VISIT_2F7F40D0,conditional,781,720,6,2,4
opt,M_MYDOSFILE_VISIT_2F7F40D0,conditional,789,724,6,2,4
opt,M_MYDOSFILE_VISIT_2F7F40D0,conditional,799,730,6,2,4
opt,M_MYDOSFILE_VISIT_2F7F40D0,conditional,807,734,6,2,4
opt,M_MYDOSFILE_VISIT_2F7F40D0,conditional,830,753,6,2,4
opt,M_MYDOSFILE_VISIT_2F7F40D0,bra,8,8,4,2,2
opt,M_MYDOSFILE_VISIT_2F7F40D0,bra,276,242,4,2,2
opt,M_MYDOSFILE_VISIT_2F7F40D0,bra,282,246,4,2,2
opt,M_MYDOSFILE_VISIT_2F7F40D0,bra,288,250,4,2,2
opt,M_MYDOSFILE_VISIT_2F7F40D0,bra,294,254,4,2,2
opt,M_MYDOSFILE_VISIT_2F7F40D0,bra,310,268,4,2,2
opt,M_MYDOSFILE_VISIT_2F7F40D0,bra,378,330,4,2,2
opt,M_MYDOSFILE_VISIT_2F7F40D0,bra,583,533,4,2,2
opt,M_MYDOSFILE_VISIT_2F7F40D0,brl,679,623,4,3,1
opt,M_MYDOSFILE_VISIT_2F7F40D0,bra,836,755,4,2,2
opt,M_MYDOSFILE_TRAILER_58DD2DFC,conditional,540,535,6,2,4
opt,M_MYDOSFILE_TRAILER_58DD2DFC,conditional,548,539,6,2,4
opt,M_MYDOSFILE_TRAILER_58DD2DFC,conditional,567,554,6,2,4
opt,M_MYDOSFILE_TRAILER_58DD2DFC,conditional,710,689,6,2,4
opt,M_MYDOSFILE_TRAILER_58DD2DFC,conditional,718,693,6,2,4
opt,M_MYDOSFILE_TRAILER_58DD2DFC,conditional,737,708,6,2,4
opt,M_MYDOSFILE_TRAILER_58DD2DFC,bra,8,8,4,2,2
opt,M_MYDOSFILE_TRAILER_58DD2DFC,bra,455,453,4,2,2
opt,M_MYDOSFILE_TRAILER_58DD2DFC,brl,516,512,4,3,1
opt,M_MYDOSFILE_TRAILER_58DD2DFC,bra,573,556,4,2,2
opt,M_MYDOSFILE_TRAILER_58DD2DFC,bra,634,615,4,2,2
opt,M_MYDOSFILE_TRAILER_58DD2DFC,bra,743,710,4,2,2
opt,M_MYDOSFILE_LINK_86A70D17,conditional,289,284,6,2,4
opt,M_MYDOSFILE_LINK_86A70D17,conditional,295,286,6,2,4
opt,M_MYDOSFILE_LINK_86A70D17,conditional,309,296,6,2,4
opt,M_MYDOSFILE_LINK_86A70D17,conditional,315,298,6,2,4
opt,M_MYDOSFILE_LINK_86A70D17,conditional,329,308,6,2,4
opt,M_MYDOSFILE_LINK_86A70D17,conditional,335,310,6,2,4
opt,M_MYDOSFILE_LINK_86A70D17,conditional,349,320,6,2,4
opt,M_MYDOSFILE_LINK_86A70D17,conditional,355,322,6,2,4
opt,M_MYDOSFILE_LINK_86A70D17,conditional,655,608,6,2,4
opt,M_MYDOSFILE_LINK_86A70D17,conditional,661,610,6,2,4
opt,M_MYDOSFILE_LINK_86A70D17,conditional,675,620,6,2,4
opt,M_MYDOSFILE_LINK_86A70D17,conditional,681,622,6,2,4
opt,M_MYDOSFILE_LINK_86A70D17,conditional,695,632,6,2,4
opt,M_MYDOSFILE_LINK_86A70D17,conditional,701,634,6,2,4
opt,M_MYDOSFILE_LINK_86A70D17,conditional,715,644,6,2,4
opt,M_MYDOSFILE_LINK_86A70D17,conditional,721,646,6,2,4
opt,M_MYDOSFILE_LINK_86A70D17,bra,8,8,4,2,2
opt,M_MYDOSFILE_LINK_86A70D17,brl,60,58,4,3,1
opt,M_MYDOSFILE_LINK_86A70D17,bra,149,146,4,2,2
opt,M_MYDOSFILE_LINK_86A70D17,bra,361,324,4,2,2
opt,M_MYDOSFILE_LINK_86A70D17,bra,367,328,4,2,2
opt,M_MYDOSFILE_LINK_86A70D17,bra,373,332,4,2,2
opt,M_MYDOSFILE_LINK_86A70D17,bra,379,336,4,2,2
opt,M_MYDOSFILE_LINK_86A70D17,bra,395,350,4,2,2
opt,M_MYDOSFILE_LINK_86A70D17,bra,727,648,4,2,2
opt,M_MYDOSFILE_LINK_86A70D17,bra,733,652,4,2,2
opt,M_MYDOSFILE_LINK_86A70D17,bra,739,656,4,2,2
opt,M_MYDOSFILE_LINK_86A70D17,bra,745,660,4,2,2
opt,M_MYDOSFILE_LINK_86A70D17,bra,761,674,4,2,2
opt,M_MYDOSFILE_VALIDATE_CCD11D35,conditional,203,199,6,2,4
opt,M_MYDOSFILE_VALIDATE_CCD11D35,conditional,209,201,6,2,4
opt,M_MYDOSFILE_VALIDATE_CCD11D35,conditional,223,211,6,2,4
opt,M_MYDOSFILE_VALIDATE_CCD11D35,conditional,229,213,6,2,4
opt,M_MYDOSFILE_VALIDATE_CCD11D35,conditional,243,223,6,2,4
opt,M_MYDOSFILE_VALIDATE_CCD11D35,conditional,249,225,6,2,4
opt,M_MYDOSFILE_VALIDATE_CCD11D35,conditional,263,235,6,2,4
opt,M_MYDOSFILE_VALIDATE_CCD11D35,conditional,269,237,6,2,4
opt,M_MYDOSFILE_VALIDATE_CCD11D35,bra,8,8,4,2,2
opt,M_MYDOSFILE_VALIDATE_CCD11D35,bra,63,61,4,2,2
opt,M_MYDOSFILE_VALIDATE_CCD11D35,bra,275,239,4,2,2
opt,M_MYDOSFILE_VALIDATE_CCD11D35,bra,281,243,4,2,2
opt,M_MYDOSFILE_VALIDATE_CCD11D35,bra,287,247,4,2,2
opt,M_MYDOSFILE_VALIDATE_CCD11D35,bra,293,251,4,2,2
opt,M_MYDOSFILE_VALIDATE_CCD11D35,bra,309,265,4,2,2
opt,M_MYDOSFILE_VALIDATE_CCD11D35,brl,315,269,4,3,1
opt,M_MYDOSFILE_VALIDATE_CCD11D35,bra,358,311,4,2,2
opt,M_MYDOSFILE_VALIDATE_CCD11D35,bra,449,400,4,2,2
opt,M_MYDOSFILE_VALIDATE_CCD11D35,brl,455,404,4,3,1
opt,M_MYDOSFILE_VALIDATE_CCD11D35,bra,475,423,4,2,2
opt,M_MYDOSFILE_VALIDATE_CCD11D35,bra,548,494,4,2,2
opt,M_MYDOSFILE_VALIDATE_CCD11D35,brl,554,498,4,3,1
opt,M_MYDOSFILE_VALIDATE_CCD11D35,bra,582,525,4,2,2
opt,M_MYDOSFILE_VALIDATE_CCD11D35,bra,669,610,4,2,2
opt,M_MYDOSFILE_VALIDATE_CCD11D35,bra,675,614,4,2,2
opt,M_MYDOSFILE_VALIDATE_CCD11D35,bra,703,640,4,2,2
opt,M_MYDOSFILE_VALIDATE_CCD11D35,bra,790,725,4,2,2
opt,M_MYDOSFILE_VALIDATE_CCD11D35,brl,886,819,4,3,1
opt,M_MYDOSFILE_VALIDATE_CCD11D35,bra,931,863,4,2,2
opt,M_MYDOSFILE_VALIDATE_CCD11D35,bra,1022,952,4,2,2
opt,M_MYDOSFILE_FAIL_8A60C23B,bra,8,8,4,2,2
opt,M_MYDOSFILE_FINISH_E4A712C2,bra,8,8,4,2,2
opt,M_MYDOSFILE_FINISH_E4A712C2,brl,63,61,4,3,1
opt,M_MYDOSFILE_FINISH_E4A712C2,brl,282,279,4,3,1
opt,M_MYDOSFILE_ADVANCE_71346BED,bra,8,8,4,2,2
opt,M_MYDOSFILE_BEGIN_902FB340,bra,8,8,4,2,2
opt,M_MYDOSFILE_BEGINREAD_56DCAA56,conditional,278,274,6,2,4
opt,M_MYDOSFILE_BEGINREAD_56DCAA56,conditional,284,276,6,2,4
opt,M_MYDOSFILE_BEGINREAD_56DCAA56,conditional,298,286,6,2,4
opt,M_MYDOSFILE_BEGINREAD_56DCAA56,conditional,304,288,6,2,4
opt,M_MYDOSFILE_BEGINREAD_56DCAA56,conditional,318,298,6,2,4
opt,M_MYDOSFILE_BEGINREAD_56DCAA56,conditional,324,300,6,2,4
opt,M_MYDOSFILE_BEGINREAD_56DCAA56,conditional,338,310,6,2,4
opt,M_MYDOSFILE_BEGINREAD_56DCAA56,conditional,344,312,6,2,4
opt,M_MYDOSFILE_BEGINREAD_56DCAA56,conditional,546,498,6,2,4
opt,M_MYDOSFILE_BEGINREAD_56DCAA56,conditional,789,733,6,2,4
opt,M_MYDOSFILE_BEGINREAD_56DCAA56,conditional,795,735,6,2,4
opt,M_MYDOSFILE_BEGINREAD_56DCAA56,conditional,809,745,6,2,4
opt,M_MYDOSFILE_BEGINREAD_56DCAA56,conditional,815,747,6,2,4
opt,M_MYDOSFILE_BEGINREAD_56DCAA56,conditional,829,757,6,2,4
opt,M_MYDOSFILE_BEGINREAD_56DCAA56,conditional,835,759,6,2,4
opt,M_MYDOSFILE_BEGINREAD_56DCAA56,conditional,849,769,6,2,4
opt,M_MYDOSFILE_BEGINREAD_56DCAA56,conditional,855,771,6,2,4
opt,M_MYDOSFILE_BEGINREAD_56DCAA56,conditional,1487,1380,6,2,4
opt,M_MYDOSFILE_BEGINREAD_56DCAA56,bra,8,8,4,2,2
opt,M_MYDOSFILE_BEGINREAD_56DCAA56,bra,46,44,4,2,2
opt,M_MYDOSFILE_BEGINREAD_56DCAA56,bra,350,314,4,2,2
opt,M_MYDOSFILE_BEGINREAD_56DCAA56,bra,356,318,4,2,2
opt,M_MYDOSFILE_BEGINREAD_56DCAA56,bra,362,322,4,2,2
opt,M_MYDOSFILE_BEGINREAD_56DCAA56,bra,368,326,4,2,2
opt,M_MYDOSFILE_BEGINREAD_56DCAA56,bra,384,340,4,2,2
opt,M_MYDOSFILE_BEGINREAD_56DCAA56,bra,406,360,4,2,2
opt,M_MYDOSFILE_BEGINREAD_56DCAA56,bra,558,506,4,2,2
opt,M_MYDOSFILE_BEGINREAD_56DCAA56,bra,580,526,4,2,2
opt,M_MYDOSFILE_BEGINREAD_56DCAA56,bra,861,773,4,2,2
opt,M_MYDOSFILE_BEGINREAD_56DCAA56,bra,867,777,4,2,2
opt,M_MYDOSFILE_BEGINREAD_56DCAA56,bra,873,781,4,2,2
opt,M_MYDOSFILE_BEGINREAD_56DCAA56,bra,879,785,4,2,2
opt,M_MYDOSFILE_BEGINREAD_56DCAA56,bra,895,799,4,2,2
opt,M_MYDOSFILE_BEGINREAD_56DCAA56,bra,917,819,4,2,2
opt,M_MYDOSFILE_BEGINREAD_56DCAA56,bra,1117,1017,4,2,2
opt,M_MYDOSFILE_BEGINREAD_56DCAA56,bra,1202,1100,4,2,2
opt,M_MYDOSFILE_BEGINREAD_56DCAA56,bra,1224,1120,4,2,2
opt,M_MYDOSFILE_BEGINREAD_56DCAA56,brl,1391,1285,4,3,1
opt,M_MYDOSFILE_BEGINREAD_56DCAA56,bra,1501,1390,4,2,2
opt,M_MYDOSFILE_BEGINREAD_56DCAA56,bra,1523,1410,4,2,2
opt,M_MYDOSFILE_BEGINREAD_56DCAA56,bra,1676,1561,4,2,2
opt,M_MYDOSFILE_BEGINREAD_56DCAA56,bra,1724,1607,4,2,2
opt,M_MYDOSFILE_TARGET_3D0FAE04,conditional,74,72,6,2,4
opt,M_MYDOSFILE_TARGET_3D0FAE04,conditional,80,74,6,2,4
opt,M_MYDOSFILE_TARGET_3D0FAE04,conditional,94,84,6,2,4
opt,M_MYDOSFILE_TARGET_3D0FAE04,conditional,100,86,6,2,4
opt,M_MYDOSFILE_TARGET_3D0FAE04,conditional,114,96,6,2,4
opt,M_MYDOSFILE_TARGET_3D0FAE04,conditional,120,98,6,2,4
opt,M_MYDOSFILE_TARGET_3D0FAE04,conditional,134,108,6,2,4
opt,M_MYDOSFILE_TARGET_3D0FAE04,conditional,140,110,6,2,4
opt,M_MYDOSFILE_TARGET_3D0FAE04,conditional,279,236,6,2,4
opt,M_MYDOSFILE_TARGET_3D0FAE04,conditional,285,238,6,2,4
opt,M_MYDOSFILE_TARGET_3D0FAE04,conditional,299,248,6,2,4
opt,M_MYDOSFILE_TARGET_3D0FAE04,conditional,305,250,6,2,4
opt,M_MYDOSFILE_TARGET_3D0FAE04,conditional,319,260,6,2,4
opt,M_MYDOSFILE_TARGET_3D0FAE04,conditional,325,262,6,2,4
opt,M_MYDOSFILE_TARGET_3D0FAE04,conditional,339,272,6,2,4
opt,M_MYDOSFILE_TARGET_3D0FAE04,conditional,345,274,6,2,4
opt,M_MYDOSFILE_TARGET_3D0FAE04,conditional,612,524,6,2,4
opt,M_MYDOSFILE_TARGET_3D0FAE04,conditional,618,526,6,2,4
opt,M_MYDOSFILE_TARGET_3D0FAE04,conditional,632,536,6,2,4
opt,M_MYDOSFILE_TARGET_3D0FAE04,conditional,638,538,6,2,4
opt,M_MYDOSFILE_TARGET_3D0FAE04,conditional,652,548,6,2,4
opt,M_MYDOSFILE_TARGET_3D0FAE04,conditional,658,550,6,2,4
opt,M_MYDOSFILE_TARGET_3D0FAE04,conditional,672,560,6,2,4
opt,M_MYDOSFILE_TARGET_3D0FAE04,conditional,678,562,6,2,4
opt,M_MYDOSFILE_TARGET_3D0FAE04,conditional,1118,985,6,2,4
opt,M_MYDOSFILE_TARGET_3D0FAE04,conditional,1124,987,6,2,4
opt,M_MYDOSFILE_TARGET_3D0FAE04,conditional,1138,997,6,2,4
opt,M_MYDOSFILE_TARGET_3D0FAE04,conditional,1144,999,6,2,4
opt,M_MYDOSFILE_TARGET_3D0FAE04,conditional,1158,1009,6,2,4
opt,M_MYDOSFILE_TARGET_3D0FAE04,conditional,1164,1011,6,2,4
opt,M_MYDOSFILE_TARGET_3D0FAE04,conditional,1178,1021,6,2,4
opt,M_MYDOSFILE_TARGET_3D0FAE04,conditional,1184,1023,6,2,4
opt,M_MYDOSFILE_TARGET_3D0FAE04,conditional,1512,1333,6,2,4
opt,M_MYDOSFILE_TARGET_3D0FAE04,bra,8,8,4,2,2
opt,M_MYDOSFILE_TARGET_3D0FAE04,bra,146,112,4,2,2
opt,M_MYDOSFILE_TARGET_3D0FAE04,bra,152,116,4,2,2
opt,M_MYDOSFILE_TARGET_3D0FAE04,bra,158,120,4,2,2
opt,M_MYDOSFILE_TARGET_3D0FAE04,bra,164,124,4,2,2
opt,M_MYDOSFILE_TARGET_3D0FAE04,brl,180,138,4,3,1
opt,M_MYDOSFILE_TARGET_3D0FAE04,bra,351,276,4,2,2
opt,M_MYDOSFILE_TARGET_3D0FAE04,bra,357,280,4,2,2
opt,M_MYDOSFILE_TARGET_3D0FAE04,bra,363,284,4,2,2
opt,M_MYDOSFILE_TARGET_3D0FAE04,bra,369,288,4,2,2
opt,M_MYDOSFILE_TARGET_3D0FAE04,bra,385,302,4,2,2
opt,M_MYDOSFILE_TARGET_3D0FAE04,bra,407,322,4,2,2
opt,M_MYDOSFILE_TARGET_3D0FAE04,brl,515,428,4,3,1
opt,M_MYDOSFILE_TARGET_3D0FAE04,bra,684,564,4,2,2
opt,M_MYDOSFILE_TARGET_3D0FAE04,bra,690,568,4,2,2
opt,M_MYDOSFILE_TARGET_3D0FAE04,bra,696,572,4,2,2
opt,M_MYDOSFILE_TARGET_3D0FAE04,bra,702,576,4,2,2
opt,M_MYDOSFILE_TARGET_3D0FAE04,bra,718,590,4,2,2
opt,M_MYDOSFILE_TARGET_3D0FAE04,bra,740,610,4,2,2
opt,M_MYDOSFILE_TARGET_3D0FAE04,brl,1012,880,4,3,1
opt,M_MYDOSFILE_TARGET_3D0FAE04,bra,1190,1025,4,2,2
opt,M_MYDOSFILE_TARGET_3D0FAE04,bra,1196,1029,4,2,2
opt,M_MYDOSFILE_TARGET_3D0FAE04,bra,1202,1033,4,2,2
opt,M_MYDOSFILE_TARGET_3D0FAE04,bra,1208,1037,4,2,2
opt,M_MYDOSFILE_TARGET_3D0FAE04,bra,1224,1051,4,2,2
opt,M_MYDOSFILE_TARGET_3D0FAE04,bra,1246,1071,4,2,2
opt,M_MYDOSFILE_TARGET_3D0FAE04,bra,1396,1219,4,2,2
opt,M_MYDOSFILE_TARGET_3D0FAE04,bra,1524,1341,4,2,2
opt,M_MYDOSFILE_TARGET_3D0FAE04,bra,1546,1361,4,2,2
opt,M_MYDOSFILE_BEGINSEEK_007E9A86,conditional,165,161,6,2,4
opt,M_MYDOSFILE_BEGINSEEK_007E9A86,conditional,342,330,6,2,4
opt,M_MYDOSFILE_BEGINSEEK_007E9A86,bra,8,8,4,2,2
opt,M_MYDOSFILE_BEGINSEEK_007E9A86,bra,46,44,4,2,2
opt,M_MYDOSFILE_BEGINSEEK_007E9A86,bra,180,172,4,2,2
opt,M_MYDOSFILE_BEGINSEEK_007E9A86,bra,202,192,4,2,2
opt,M_MYDOSFILE_BEGINSEEK_007E9A86,brl,354,338,4,3,1
opt,M_MYDOSFILE_BEGINSEEK_007E9A86,bra,398,381,4,2,2
opt,M_MYDOSFILE_BEGINSEEK_007E9A86,bra,548,529,4,2,2
opt,M_MYDOSFILE_BEGINSEEK_007E9A86,bra,570,549,4,2,2
opt,M_MYDOSFILE_BEGINSEEK_007E9A86,brl,737,714,4,3,1
opt,M_MYDOSFILE_BEGINSEEK_007E9A86,bra,807,783,4,2,2
opt,M_MYDOSFILE_BEGINSEEK_007E9A86,bra,955,929,4,2,2
opt,M_MYDOSFILE_LOCATE_F172D4F1,conditional,254,252,6,2,4
opt,M_MYDOSFILE_LOCATE_F172D4F1,conditional,260,254,6,2,4
opt,M_MYDOSFILE_LOCATE_F172D4F1,conditional,274,264,6,2,4
opt,M_MYDOSFILE_LOCATE_F172D4F1,conditional,280,266,6,2,4
opt,M_MYDOSFILE_LOCATE_F172D4F1,conditional,294,276,6,2,4
opt,M_MYDOSFILE_LOCATE_F172D4F1,conditional,300,278,6,2,4
opt,M_MYDOSFILE_LOCATE_F172D4F1,conditional,314,288,6,2,4
opt,M_MYDOSFILE_LOCATE_F172D4F1,conditional,320,290,6,2,4
opt,M_MYDOSFILE_LOCATE_F172D4F1,bra,8,8,4,2,2
opt,M_MYDOSFILE_LOCATE_F172D4F1,bra,326,292,4,2,2
opt,M_MYDOSFILE_LOCATE_F172D4F1,bra,332,296,4,2,2
opt,M_MYDOSFILE_LOCATE_F172D4F1,bra,338,300,4,2,2
opt,M_MYDOSFILE_LOCATE_F172D4F1,bra,344,304,4,2,2
opt,M_MYDOSFILE_LOCATE_F172D4F1,brl,360,318,4,3,1
opt,M_MYDOSFILE_LOCATE_F172D4F1,bra,587,544,4,2,2
opt,M_MYDOSFILE_LOCATE_F172D4F1,bra,609,564,4,2,2
opt,M_MYDOSFILE_LOCATE_F172D4F1,bra,798,751,4,2,2
opt,M_MYDOSFILE_LOCATE_F172D4F1,bra,820,771,4,2,2
opt,M_MYDOSFILE_LOCATE_F172D4F1,bra,970,919,4,2,2
opt,M_MYDOSFILE_COPY_B45932A2,bra,8,8,4,2,2
opt,M_MYDOSFILE_COPY_B45932A2,brl,426,424,4,3,1
opt,M_MYDOSFILE_COPY_B45932A2,bra,559,556,4,2,2
opt,M_MYDOSFILE_COPY_B45932A2,bra,565,560,4,2,2
opt,M_MYDOSFILE_COPY_B45932A2,brl,581,574,4,3,1
opt,M_MYDOSFILE_CONSUME_CDF927EF,conditional,199,197,6,2,4
opt,M_MYDOSFILE_CONSUME_CDF927EF,conditional,205,199,6,2,4
opt,M_MYDOSFILE_CONSUME_CDF927EF,conditional,219,209,6,2,4
opt,M_MYDOSFILE_CONSUME_CDF927EF,conditional,225,211,6,2,4
opt,M_MYDOSFILE_CONSUME_CDF927EF,conditional,239,221,6,2,4
opt,M_MYDOSFILE_CONSUME_CDF927EF,conditional,245,223,6,2,4
opt,M_MYDOSFILE_CONSUME_CDF927EF,conditional,259,233,6,2,4
opt,M_MYDOSFILE_CONSUME_CDF927EF,conditional,265,235,6,2,4
opt,M_MYDOSFILE_CONSUME_CDF927EF,conditional,802,755,6,2,4
opt,M_MYDOSFILE_CONSUME_CDF927EF,bra,8,8,4,2,2
opt,M_MYDOSFILE_CONSUME_CDF927EF,bra,271,237,4,2,2
opt,M_MYDOSFILE_CONSUME_CDF927EF,bra,277,241,4,2,2
opt,M_MYDOSFILE_CONSUME_CDF927EF,bra,283,245,4,2,2
opt,M_MYDOSFILE_CONSUME_CDF927EF,bra,289,249,4,2,2
opt,M_MYDOSFILE_CONSUME_CDF927EF,bra,305,263,4,2,2
opt,M_MYDOSFILE_CONSUME_CDF927EF,brl,366,322,4,3,1
opt,M_MYDOSFILE_CONSUME_CDF927EF,bra,392,347,4,2,2
opt,M_MYDOSFILE_CONSUME_CDF927EF,bra,814,763,4,2,2
opt,M_MYDOSFILE_CONSUME_CDF927EF,bra,820,767,4,2,2
opt,M_MYDOSFILE_CONSUME_CDF927EF,bra,880,825,4,2,2
opt,M_MYDOSFILE_CONSUME_CDF927EF,bra,902,845,4,2,2
opt,M_MYDOSFILE_CONSUME_CDF927EF,bra,1038,979,4,2,2
opt,M_MYDOSFILE_CONTINUEOPERATION_DDF4199B,bra,8,8,4,2,2
opt,M_MYDOSFILE_CONTINUEOPERATION_DDF4199B,bra,106,104,4,2,2
opt,M_MYDOSFILE_CONTINUEOPERATION_DDF4199B,brl,193,189,4,3,1
opt,M_MYDOSFILE_CONTINUEOPERATION_DDF4199B,bra,263,258,4,2,2
opt,M_MYDOSFILE_CONTINUEOPERATION_DDF4199B,brl,402,395,4,3,1
opt,M_MYDOSFILE_CONTINUEOPERATION_DDF4199B,brl,464,456,4,3,1
opt,M_MYDOSFILE_CONTINUEOPERATION_DDF4199B,bra,534,525,4,2,2
opt,M_MYDOSFILE_CONTINUEOPERATION_DDF4199B,bra,682,671,4,2,2
opt,M_MYDOSFILE_CONTINUEOPERATION_DDF4199B,brl,784,771,4,3,1
opt,M_MYDOSFILE_CONTINUEOPERATION_DDF4199B,bra,806,792,4,2,2
opt,M_MYDOSFILE_CONTINUEOPERATION_DDF4199B,bra,883,867,4,2,2
opt,M_MYDOSFILE_CONTINUEOPERATION_DDF4199B,bra,944,926,4,2,2
opt,M_MYDOSFILE_RUN_01B89F42,conditional,225,220,6,2,4
opt,M_MYDOSFILE_RUN_01B89F42,bra,8,8,4,2,2
opt,M_MYDOSFILE_RUN_01B89F42,brl,52,50,4,3,1
opt,M_MYDOSFILE_RUN_01B89F42,bra,149,146,4,2,2
opt,M_MYDOSFILE_RUN_01B89F42,brl,241,232,4,3,1
opt,M_MYDOSFILE_RUN_01B89F42,bra,311,301,4,2,2
opt,M_MYDOSFILE_RUN_01B89F42,bra,394,382,4,2,2
opt,M_MYDOSFILE_RUN_01B89F42,bra,414,400,4,2,2
opt,M_MYDOSFILE_RUN_01B89F42,brl,485,469,4,3,1
opt,M_FSDIRECTORY_LOCKCURSORSTEP_29BACC3E,bra,8,8,4,2,2
opt,M_FSDIRECTORY_LOCKCURSORSTEP_29BACC3E,bra,200,198,4,2,2
opt,M_FSDIRECTORY_LOCKCURSORSTEP_29BACC3E,brl,424,420,4,3,1
opt,M_FSDIRECTORY_LOCKCURSORSTEP_29BACC3E,bra,702,697,4,2,2
opt,M_FSDIRECTORY_LOCKCURSORSTEP_29BACC3E,bra,708,701,4,2,2
opt,M_FSDIRECTORY_LOCKCURSORSTEP_29BACC3E,brl,739,730,4,3,1
opt,M_FSDIRECTORY_SELECTSTEP_815DA095,conditional,581,571,6,2,4
opt,M_FSDIRECTORY_SELECTSTEP_815DA095,conditional,1028,1006,6,2,4
opt,M_FSDIRECTORY_SELECTSTEP_815DA095,bra,8,8,4,2,2
opt,M_FSDIRECTORY_SELECTSTEP_815DA095,bra,118,116,4,2,2
opt,M_FSDIRECTORY_SELECTSTEP_815DA095,bra,189,185,4,2,2
opt,M_FSDIRECTORY_SELECTSTEP_815DA095,bra,211,205,4,2,2
opt,M_FSDIRECTORY_SELECTSTEP_815DA095,bra,437,429,4,2,2
opt,M_FSDIRECTORY_SELECTSTEP_815DA095,bra,597,583,4,2,2
opt,M_FSDIRECTORY_SELECTSTEP_815DA095,bra,619,603,4,2,2
opt,M_FSDIRECTORY_SELECTSTEP_815DA095,bra,837,819,4,2,2
opt,M_FSDIRECTORY_SELECTSTEP_815DA095,bra,859,839,4,2,2
opt,M_FSDIRECTORY_SELECTSTEP_815DA095,bra,1043,1017,4,2,2
opt,M_FSDIRECTORY_INFOSTEP_3CC6E53D,bra,8,8,4,2,2
opt,M_FSDIRECTORY_INFOSTEP_3CC6E53D,bra,118,116,4,2,2
opt,M_FSDIRECTORY_INFOSTEP_3CC6E53D,bra,189,185,4,2,2
opt,M_FSDIRECTORY_INFOSTEP_3CC6E53D,bra,211,205,4,2,2
opt,M_FSDIRECTORY_INFOSTEP_3CC6E53D,bra,471,463,4,2,2
opt,M_FSDIRECTORY_INFOSTEP_3CC6E53D,bra,558,548,4,2,2
opt,M_FSDIRECTORY_INFOSTEP_3CC6E53D,bra,580,568,4,2,2
opt,M_FSDIRECTORY_RESTORESTEP_8AADA789,conditional,579,571,6,2,4
opt,M_FSDIRECTORY_RESTORESTEP_8AADA789,bra,8,8,4,2,2
opt,M_FSDIRECTORY_RESTORESTEP_8AADA789,brl,207,205,4,3,1
opt,M_FSDIRECTORY_RESTORESTEP_8AADA789,bra,485,482,4,2,2
opt,M_FSDIRECTORY_RESTORESTEP_8AADA789,bra,491,486,4,2,2
opt,M_FSDIRECTORY_RESTORESTEP_8AADA789,brl,522,515,4,3,1
opt,M_FSDIRECTORY_RESTORESTEP_8AADA789,brl,594,582,4,3,1
opt,M_FSDIRECTORY_RESTORESTEP_8AADA789,bra,746,733,4,2,2
opt,M_FSDIRECTORY_RESTORESTEP_8AADA789,bra,942,927,4,2,2
opt,M_FSDIRECTORY_RESTORESTEP_8AADA789,bra,956,939,4,2,2
opt,M_FSDIRECTORY_STATESTEP_73ED4FBC,bra,8,8,4,2,2
opt,M_FSDIRECTORY_STATESTEP_73ED4FBC,bra,108,106,4,2,2
opt,M_FSDIRECTORY_STATESTEP_73ED4FBC,bra,218,214,4,2,2
opt,M_FSDIRECTORY_STATESTEP_73ED4FBC,brl,224,218,4,3,1
opt,M_FSDIRECTORY_STATESTEP_73ED4FBC,bra,324,317,4,2,2
opt,M_FSDIRECTORY_STATESTEP_73ED4FBC,brl,330,321,4,3,1
opt,M_FSDIRECTORY_STATESTEP_73ED4FBC,bra,418,408,4,2,2
opt,M_FSDIRECTORY_STATESTEP_73ED4FBC,bra,424,412,4,2,2
opt,M_FSDIRECTORY_STATESTEP_73ED4FBC,bra,526,512,4,2,2
opt,M_FSDIRECTORY_STATESTEP_73ED4FBC,bra,548,532,4,2,2
opt,M_FSDIRECTORY_STATESTEP_73ED4FBC,bra,689,671,4,2,2
opt,M_FSDIRECTORY_STATESTEP_73ED4FBC,bra,711,691,4,2,2
opt,M_FSDIRECTORY_END_806A2136,bra,8,8,4,2,2
opt,M_FSDIRECTORY_END_806A2136,bra,118,116,4,2,2
opt,M_FSDIRECTORY_END_806A2136,bra,207,203,4,2,2
opt,M_FSDIRECTORY_ENTRYSTEP_D4EA4ABB,bra,8,8,4,2,2
opt,M_FSDIRECTORY_ENTRYSTEP_D4EA4ABB,bra,172,170,4,2,2
opt,M_FSDIRECTORY_ENTRYSTEP_D4EA4ABB,brl,263,259,4,3,1
opt,M_FSDIRECTORY_ENTRYSTEP_D4EA4ABB,bra,333,328,4,2,2
opt,M_FSDIRECTORY_ENTRYSTEP_D4EA4ABB,bra,453,446,4,2,2
opt,M_FSDIRECTORY_ENTRYSTEP_D4EA4ABB,bra,475,466,4,2,2
opt,M_FSDIRECTORY_ENTRYRESULTSTEP_4C458A60,bra,8,8,4,2,2
opt,M_FSDIRECTORY_ENTRYRESULTSTEP_4C458A60,brl,87,85,4,3,1
opt,M_FSDIRECTORY_ENTRYRESULTSTEP_4C458A60,bra,157,154,4,2,2
opt,M_FSDIRECTORY_ENTRYRESULTSTEP_4C458A60,bra,305,300,4,2,2
opt,M_FSDIRECTORY_ENTRYRESULTSTEP_4C458A60,brl,382,375,4,3,1
opt,M_FSDIRECTORY_ENTRYRESULTSTEP_4C458A60,bra,452,444,4,2,2
opt,M_FSDIRECTORY_ENTRYRESULTSTEP_4C458A60,bra,572,562,4,2,2
opt,M_FSDIRECTORY_ENTRYRESULTSTEP_4C458A60,bra,594,582,4,2,2
opt,M_FSDIRECTORY_ENTRYRESULTSTEP_4C458A60,bra,755,741,4,2,2
opt,M_FSDIRECTORY_SIZESTEP_0C182F8A,conditional,238,235,6,2,4
opt,M_FSDIRECTORY_SIZESTEP_0C182F8A,bra,8,8,4,2,2
opt,M_FSDIRECTORY_SIZESTEP_0C182F8A,brl,171,169,4,3,1
opt,M_FSDIRECTORY_SIZESTEP_0C182F8A,brl,253,246,4,3,1
opt,M_FSDIRECTORY_SIZESTEP_0C182F8A,bra,301,293,4,2,2
opt,M_FSDIRECTORY_SIZESTEP_0C182F8A,brl,374,364,4,3,1
opt,M_FSDIRECTORY_SIZESTEP_0C182F8A,bra,444,433,4,2,2
opt,M_FSDIRECTORY_SIZESTEP_0C182F8A,bra,700,687,4,2,2
opt,M_FSDIRECTORY_SIZESTEP_0C182F8A,brl,787,772,4,3,1
opt,M_FSDIRECTORY_SIZESTEP_0C182F8A,bra,857,841,4,2,2
opt,M_FSDIRECTORY_SIZESTARTSTEP_F40FBDAE,bra,8,8,4,2,2
opt,M_FSDIRECTORY_SIZESTARTSTEP_F40FBDAE,bra,87,85,4,2,2
opt,M_FSDIRECTORY_SIZECONTINUESTEP_1EAFA525,bra,8,8,4,2,2
opt,M_FSDIRECTORY_SIZECONTINUESTEP_1EAFA525,brl,87,85,4,3,1
opt,M_FSDIRECTORY_SIZECONTINUESTEP_1EAFA525,bra,157,154,4,2,2
opt,M_FSDIRECTORY_SIZECONTINUESTEP_1EAFA525,bra,360,355,4,2,2
opt,M_FSDIRECTORY_SIZECONTINUESTEP_1EAFA525,brl,447,440,4,3,1
opt,M_FSDIRECTORY_SIZECONTINUESTEP_1EAFA525,bra,517,509,4,2,2
opt,M_FSDIRECTORY_SIZECONTINUESTEP_1EAFA525,bra,653,643,4,2,2
opt,M_FSDIRECTORY_SIZECONTINUESTEP_1EAFA525,bra,775,763,4,2,2
opt,M_FSDIRECTORY_CLEARSTEP_2A4A8FB8,bra,8,8,4,2,2
opt,M_FSDIRECTORY_CLEARSTEP_2A4A8FB8,bra,108,106,4,2,2
opt,M_FSDIRECTORY_NAMESTEP_97C5C3EC,bra,8,8,4,2,2
opt,M_FSDIRECTORY_NAMESTEP_97C5C3EC,bra,219,217,4,2,2
opt,M_FSDIRECTORY_FILLSTEP_E0581636,bra,8,8,4,2,2
opt,M_FSDIRECTORY_FILLSTEP_E0581636,bra,215,213,4,2,2
opt,M_FSDIRECTORY_PUBLISHSTEP_CC8DC0F6,bra,8,8,4,2,2
opt,M_FSDIRECTORY_PUBLISHSTEP_CC8DC0F6,bra,169,167,4,2,2
opt,M_FSDIRECTORY_PUBLISHSTEP_CC8DC0F6,bra,332,328,4,2,2
opt,M_FSIO_BEGIN_68AD59C5,bra,8,8,4,2,2
opt,M_FSIO_BEGIN_68AD59C5,bra,348,346,4,2,2
opt,M_FSIO_BEGIN_68AD59C5,bra,567,563,4,2,2
opt,M_FSIO_COMPLETE_3A967BA3,bra,8,8,4,2,2
opt,M_FSIO_COMPLETE_3A967BA3,bra,289,287,4,2,2
opt,M_FSIO_COMPLETE_3A967BA3,brl,467,463,4,3,1
opt,M_FSIO_COMPLETE_3A967BA3,bra,555,550,4,2,2
opt,M_FSIO_COMPLETE_3A967BA3,bra,618,611,4,2,2
opt,M_FSIO_COMPLETE_3A967BA3,bra,640,631,4,2,2
opt,M_FSIO_OFFLINE_B7567A31,bra,8,8,4,2,2
opt,M_FSIO_OFFLINE_B7567A31,brl,86,84,4,3,1
opt,M_FSIO_OFFLINE_B7567A31,brl,251,248,4,3,1
opt,M_FSIO_OFFLINE_B7567A31,bra,282,278,4,2,2
opt,M_FSIO_OFFLINE_B7567A31,bra,395,389,4,2,2
opt,M_FSIO_OFFLINE_B7567A31,bra,401,393,4,2,2
opt,M_FSIO_OFFLINE_B7567A31,brl,432,422,4,3,1
opt,M_FSHANDLER_OPENRESULTSTEP_0C25E5DB,conditional,115,113,6,2,4
opt,M_FSHANDLER_OPENRESULTSTEP_0C25E5DB,conditional,479,466,6,2,4
opt,M_FSHANDLER_OPENRESULTSTEP_0C25E5DB,conditional,1182,1152,6,2,4
opt,M_FSHANDLER_OPENRESULTSTEP_0C25E5DB,bra,8,8,4,2,2
opt,M_FSHANDLER_OPENRESULTSTEP_0C25E5DB,brl,130,124,4,3,1
opt,M_FSHANDLER_OPENRESULTSTEP_0C25E5DB,bra,205,198,4,2,2
opt,M_FSHANDLER_OPENRESULTSTEP_0C25E5DB,bra,227,218,4,2,2
opt,M_FSHANDLER_OPENRESULTSTEP_0C25E5DB,bra,351,340,4,2,2
opt,M_FSHANDLER_OPENRESULTSTEP_0C25E5DB,bra,495,478,4,2,2
opt,M_FSHANDLER_OPENRESULTSTEP_0C25E5DB,bra,517,498,4,2,2
opt,M_FSHANDLER_OPENRESULTSTEP_0C25E5DB,bra,667,646,4,2,2
opt,M_FSHANDLER_OPENRESULTSTEP_0C25E5DB,brl,740,717,4,3,1
opt,M_FSHANDLER_OPENRESULTSTEP_0C25E5DB,bra,834,810,4,2,2
opt,M_FSHANDLER_OPENRESULTSTEP_0C25E5DB,bra,928,902,4,2,2
opt,M_FSHANDLER_OPENRESULTSTEP_0C25E5DB,bra,1013,985,4,2,2
opt,M_FSHANDLER_OPENRESULTSTEP_0C25E5DB,bra,1197,1163,4,2,2
opt,M_FSHANDLER_CURSORSTEP_0CA2CA5E,bra,8,8,4,2,2
opt,M_FSHANDLER_CURSORSTEP_0CA2CA5E,bra,173,171,4,2,2
opt,M_FSHANDLER_CURSORSTEP_0CA2CA5E,brl,260,256,4,3,1
opt,M_FSHANDLER_CURSORSTEP_0CA2CA5E,bra,354,349,4,2,2
opt,M_FSHANDLER_CURSORSTEP_0CA2CA5E,bra,448,441,4,2,2
opt,M_FSHANDLER_CURSORSTEP_0CA2CA5E,bra,581,572,4,2,2
opt,M_FSHANDLER_OPENSTEP_A7675710,bra,8,8,4,2,2
opt,M_FSHANDLER_OPENSTEP_A7675710,bra,118,116,4,2,2
opt,M_FSHANDLER_OPENSTEP_A7675710,bra,189,185,4,2,2
opt,M_FSHANDLER_OPENSTEP_A7675710,brl,195,189,4,3,1
opt,M_FSHANDLER_OPENSTEP_A7675710,bra,263,256,4,2,2
opt,M_FSHANDLER_OPENSTEP_A7675710,bra,334,325,4,2,2
opt,M_FSHANDLER_OPENSTEP_A7675710,bra,356,345,4,2,2
opt,M_FSHANDLER_OPENSTEP_A7675710,bra,580,567,4,2,2
opt,M_FSHANDLER_OPENSTEP_A7675710,bra,667,652,4,2,2
opt,M_FSHANDLER_OPENSTEP_A7675710,bra,689,672,4,2,2
opt,M_FSHANDLER_LOCKSTEP_E0A0D2D5,bra,8,8,4,2,2
opt,M_FSHANDLER_LOCKSTEP_E0A0D2D5,bra,118,116,4,2,2
opt,M_FSHANDLER_LOCKSTEP_E0A0D2D5,bra,189,185,4,2,2
opt,M_FSHANDLER_LOCKSTEP_E0A0D2D5,bra,195,189,4,2,2
opt,M_FSHANDLER_LOCKSTEP_E0A0D2D5,bra,269,261,4,2,2
opt,M_FSHANDLER_LOCKSTEP_E0A0D2D5,bra,291,281,4,2,2
opt,M_FSHANDLER_RESOLVESTARTSTEP_40B69900,bra,8,8,4,2,2
opt,M_FSHANDLER_RESOLVESTARTSTEP_40B69900,bra,138,136,4,2,2
opt,M_FSHANDLER_RESOLVEREADYSTEP_BDBFDED1,bra,8,8,4,2,2
opt,M_FSHANDLER_RESOLVEREADYSTEP_BDBFDED1,bra,158,156,4,2,2
opt,M_FSHANDLER_OPERATIONRESULT_4184CBFA,bra,8,8,4,2,2
opt,M_FSHANDLER_OPERATIONRESULT_4184CBFA,brl,44,42,4,3,1
opt,M_FSHANDLER_OPERATIONRESULT_4184CBFA,bra,516,513,4,2,2
opt,M_FSHANDLER_OPERATIONRESULT_4184CBFA,bra,650,645,4,2,2
opt,M_FSHANDLER_FILESELECTSTEP_BED2DD8A,conditional,581,571,6,2,4
opt,M_FSHANDLER_FILESELECTSTEP_BED2DD8A,conditional,1028,1006,6,2,4
opt,M_FSHANDLER_FILESELECTSTEP_BED2DD8A,bra,8,8,4,2,2
opt,M_FSHANDLER_FILESELECTSTEP_BED2DD8A,bra,118,116,4,2,2
opt,M_FSHANDLER_FILESELECTSTEP_BED2DD8A,bra,189,185,4,2,2
opt,M_FSHANDLER_FILESELECTSTEP_BED2DD8A,bra,211,205,4,2,2
opt,M_FSHANDLER_FILESELECTSTEP_BED2DD8A,bra,437,429,4,2,2
opt,M_FSHANDLER_FILESELECTSTEP_BED2DD8A,bra,597,583,4,2,2
opt,M_FSHANDLER_FILESELECTSTEP_BED2DD8A,bra,619,603,4,2,2
opt,M_FSHANDLER_FILESELECTSTEP_BED2DD8A,bra,837,819,4,2,2
opt,M_FSHANDLER_FILESELECTSTEP_BED2DD8A,bra,859,839,4,2,2
opt,M_FSHANDLER_FILESELECTSTEP_BED2DD8A,bra,1043,1017,4,2,2
opt,M_FSHANDLER_ARGUMENTSSTEP_DD745A90,conditional,115,113,6,2,4
opt,M_FSHANDLER_ARGUMENTSSTEP_DD745A90,bra,8,8,4,2,2
opt,M_FSHANDLER_ARGUMENTSSTEP_DD745A90,brl,130,124,4,3,1
opt,M_FSHANDLER_ARGUMENTSSTEP_DD745A90,bra,200,193,4,2,2
opt,M_FSHANDLER_ARGUMENTSSTEP_DD745A90,bra,271,262,4,2,2
opt,M_FSHANDLER_ARGUMENTSSTEP_DD745A90,bra,293,282,4,2,2
opt,M_FSHANDLER_READSTEP_5B9B1990,bra,8,8,4,2,2
opt,M_FSHANDLER_READSTEP_5B9B1990,bra,96,94,4,2,2
opt,M_FSHANDLER_READSTEP_5B9B1990,bra,191,187,4,2,2
opt,M_FSHANDLER_SEEKSTEP_90261C60,bra,8,8,4,2,2
opt,M_FSHANDLER_SEEKSTEP_90261C60,bra,96,94,4,2,2
opt,M_FSHANDLER_SEEKSTEP_90261C60,bra,191,187,4,2,2
opt,M_FSHANDLER_DISPATCHSTEP_D149BF3A,conditional,352,348,6,2,4
opt,M_FSHANDLER_DISPATCHSTEP_D149BF3A,conditional,390,378,6,2,4
opt,M_FSHANDLER_DISPATCHSTEP_D149BF3A,bra,8,8,4,2,2
opt,M_FSHANDLER_DISPATCHSTEP_D149BF3A,bra,70,68,4,2,2
opt,M_FSHANDLER_DISPATCHSTEP_D149BF3A,bra,367,359,4,2,2
opt,M_FSHANDLER_DISPATCHSTEP_D149BF3A,bra,373,363,4,2,2
opt,M_FSHANDLER_DISPATCHSTEP_D149BF3A,bra,405,389,4,2,2
opt,M_FSHANDLER_MEDIASTEP_8DCF2858,bra,8,8,4,2,2
opt,M_FSHANDLER_MEDIASTEP_8DCF2858,brl,132,130,4,3,1
opt,M_FSHANDLER_MEDIASTEP_8DCF2858,brl,160,157,4,3,1
opt,M_FSHANDLER_MEDIASTEP_8DCF2858,brl,225,221,4,3,1
opt,M_FSHANDLER_MEDIASTEP_8DCF2858,bra,295,290,4,2,2
opt,M_FSHANDLER_MEDIASTEP_8DCF2858,bra,409,402,4,2,2
opt,M_FSHANDLER_MEDIASTEP_8DCF2858,brl,472,463,4,3,1
opt,M_FSHANDLER_MEDIASTEP_8DCF2858,bra,568,558,4,2,2
opt,M_FSHANDLER_MEDIASTEP_8DCF2858,bra,689,677,4,2,2
opt,M_FSHANDLER_ACTIONSTEP_7D527A4E,conditional,123,121,6,2,4
opt,M_FSHANDLER_ACTIONSTEP_7D527A4E,conditional,210,202,6,2,4
opt,M_FSHANDLER_ACTIONSTEP_7D527A4E,conditional,297,283,6,2,4
opt,M_FSHANDLER_ACTIONSTEP_7D527A4E,conditional,335,313,6,2,4
opt,M_FSHANDLER_ACTIONSTEP_7D527A4E,conditional,373,343,6,2,4
opt,M_FSHANDLER_ACTIONSTEP_7D527A4E,conditional,460,424,6,2,4
opt,M_FSHANDLER_ACTIONSTEP_7D527A4E,conditional,498,454,6,2,4
opt,M_FSHANDLER_ACTIONSTEP_7D527A4E,conditional,536,484,6,2,4
opt,M_FSHANDLER_ACTIONSTEP_7D527A4E,bra,8,8,4,2,2
opt,M_FSHANDLER_ACTIONSTEP_7D527A4E,bra,138,132,4,2,2
opt,M_FSHANDLER_ACTIONSTEP_7D527A4E,bra,225,213,4,2,2
opt,M_FSHANDLER_ACTIONSTEP_7D527A4E,bra,312,294,4,2,2
opt,M_FSHANDLER_ACTIONSTEP_7D527A4E,bra,318,298,4,2,2
opt,M_FSHANDLER_ACTIONSTEP_7D527A4E,bra,350,324,4,2,2
opt,M_FSHANDLER_ACTIONSTEP_7D527A4E,bra,356,328,4,2,2
opt,M_FSHANDLER_ACTIONSTEP_7D527A4E,bra,388,354,4,2,2
opt,M_FSHANDLER_ACTIONSTEP_7D527A4E,bra,475,435,4,2,2
opt,M_FSHANDLER_ACTIONSTEP_7D527A4E,bra,481,439,4,2,2
opt,M_FSHANDLER_ACTIONSTEP_7D527A4E,bra,513,465,4,2,2
opt,M_FSHANDLER_ACTIONSTEP_7D527A4E,bra,519,469,4,2,2
opt,M_FSHANDLER_ACTIONSTEP_7D527A4E,bra,551,495,4,2,2
opt,M_FSHANDLER_ACTIONSTEP_7D527A4E,bra,626,568,4,2,2
opt,M_FSHANDLER_TAKESTEP_E4E18A11,bra,8,8,4,2,2
opt,M_FSHANDLER_TAKESTEP_E4E18A11,brl,102,100,4,3,1
opt,M_FSHANDLER_TAKESTEP_E4E18A11,bra,201,198,4,2,2
opt,M_FSHANDLER_TAKESTEP_E4E18A11,brl,396,391,4,3,1
opt,M_FSHANDLER_TAKESTEP_E4E18A11,bra,436,430,4,2,2
opt,M_FSHANDLER_TAKESTEP_E4E18A11,brl,522,514,4,3,1
opt,M_FSHANDLER_TAKESTEP_E4E18A11,bra,678,669,4,2,2
opt,M_FSHANDLER_TAKESTEP_E4E18A11,bra,684,673,4,2,2
opt,M_FSHANDLER_TAKESTEP_E4E18A11,brl,715,702,4,3,1
opt,M_FSHANDLER_COMPONENTSTEP_389CA8B9,bra,8,8,4,2,2
opt,M_FSHANDLER_COMPONENTSTEP_389CA8B9,bra,96,94,4,2,2
opt,M_FSHANDLER_COMPONENTSTEP_389CA8B9,brl,169,165,4,3,1
opt,M_FSHANDLER_COMPONENTSTEP_389CA8B9,bra,239,234,4,2,2
opt,M_FSHANDLER_RESOLVESTEP_D6E79D38,bra,8,8,4,2,2
opt,M_FSHANDLER_RESOLVESTEP_D6E79D38,brl,87,85,4,3,1
opt,M_FSHANDLER_RESOLVESTEP_D6E79D38,bra,157,154,4,2,2
opt,M_FSHANDLER_RESOLVESTEP_D6E79D38,bra,305,300,4,2,2
opt,M_FSHANDLER_RESOLVESTEP_D6E79D38,bra,382,375,4,2,2
opt,M_FSHANDLER_RESOLVESTEP_D6E79D38,bra,388,379,4,2,2
opt,M_FSHANDLER_RESOLVESTEP_D6E79D38,brl,406,395,4,3,1
opt,M_FSHANDLER_RESOLVESTEP_D6E79D38,bra,428,416,4,2,2
opt,M_FSHANDLER_RESOLVESTEP_D6E79D38,brl,501,487,4,3,1
opt,M_FSHANDLER_RESOLVESTEP_D6E79D38,bra,571,556,4,2,2
opt,M_FSHANDLER_RESOLVESTEP_D6E79D38,bra,691,674,4,2,2
opt,M_FSHANDLER_RESOLVESTEP_D6E79D38,bra,764,745,4,2,2
opt,M_FSHANDLER_RESOLVESTEP_D6E79D38,brl,796,775,4,3,1
opt,M_FSHANDLER_RESOLVESTEP_D6E79D38,bra,866,844,4,2,2
opt,M_FSHANDLER_FILESTEP_A93D50C2,bra,8,8,4,2,2
opt,M_FSHANDLER_FILESTEP_A93D50C2,brl,87,85,4,3,1
opt,M_FSHANDLER_FILESTEP_A93D50C2,bra,191,188,4,2,2
opt,M_FSHANDLER_FILESTEP_A93D50C2,bra,274,269,4,2,2
opt,M_FSHANDLER_FILESTEP_A93D50C2,bra,320,313,4,2,2
opt,M_FSHANDLER_FILESTEP_A93D50C2,bra,415,406,4,2,2
opt,M_FSWORKER_WORKER_2BB473B0,conditional,893,867,6,2,4
opt,M_FSWORKER_WORKER_2BB473B0,conditional,1213,1176,6,2,4
opt,M_FSWORKER_WORKER_2BB473B0,conditional,1225,1184,6,2,4
opt,M_FSWORKER_WORKER_2BB473B0,bra,8,8,4,2,2
opt,M_FSWORKER_WORKER_2BB473B0,bra,38,36,4,2,2
opt,M_FSWORKER_WORKER_2BB473B0,bra,120,116,4,2,2
opt,M_FSWORKER_WORKER_2BB473B0,bra,225,219,4,2,2
opt,M_FSWORKER_WORKER_2BB473B0,bra,280,272,4,2,2
opt,M_FSWORKER_WORKER_2BB473B0,bra,399,389,4,2,2
opt,M_FSWORKER_WORKER_2BB473B0,bra,430,418,4,2,2
opt,M_FSWORKER_WORKER_2BB473B0,brl,436,422,4,3,1
opt,M_FSWORKER_WORKER_2BB473B0,bra,506,491,4,2,2
opt,M_FSWORKER_WORKER_2BB473B0,bra,611,594,4,2,2
opt,M_FSWORKER_WORKER_2BB473B0,brl,617,598,4,3,1
opt,M_FSWORKER_WORKER_2BB473B0,brl,635,615,4,3,1
opt,M_FSWORKER_WORKER_2BB473B0,bra,649,628,4,2,2
opt,M_FSWORKER_WORKER_2BB473B0,brl,756,733,4,3,1
opt,M_FSWORKER_WORKER_2BB473B0,bra,822,798,4,2,2
opt,M_FSWORKER_WORKER_2BB473B0,bra,901,871,4,2,2
opt,M_FSWORKER_WORKER_2BB473B0,bra,943,911,4,2,2
opt,M_FSWORKER_WORKER_2BB473B0,brl,1039,1005,4,3,1
opt,M_FSWORKER_WORKER_2BB473B0,bra,1131,1096,4,2,2
opt,M_FSWORKER_WORKER_2BB473B0,bra,1235,1190,4,2,2
opt,M_FSWORKER_WORKER_2BB473B0,bra,1282,1235,4,2,2
opt,M_FSWORKER_WORKER_2BB473B0,bra,1318,1269,4,2,2
opt,M_FSWORKER_WORKER_2BB473B0,brl,1378,1327,4,3,1
opt,M_FSWORKER_WORKER_2BB473B0,bra,1398,1346,4,2,2
opt,M_FSWORKER_FINISH_EC2E5E2B,bra,8,8,4,2,2
opt,M_FSWORKER_FINISH_EC2E5E2B,bra,106,104,4,2,2
opt,M_FSWORKER_FINISH_EC2E5E2B,bra,195,191,4,2,2
opt,M_FSWORKER_FINISH_EC2E5E2B,bra,365,359,4,2,2
opt,M_FSWORKER_FINISH_EC2E5E2B,bra,398,390,4,2,2
opt,M_FSMOUNT_DISPATCH_FD59F08F,bra,8,8,4,2,2
opt,M_FSMOUNT_DISPATCH_FD59F08F,bra,70,68,4,2,2
opt,M_FSMOUNT_SELECTSTEP_8E807607,conditional,195,191,6,2,4
opt,M_FSMOUNT_SELECTSTEP_8E807607,conditional,638,623,6,2,4
opt,M_FSMOUNT_SELECTSTEP_8E807607,conditional,644,625,6,2,4
opt,M_FSMOUNT_SELECTSTEP_8E807607,conditional,658,635,6,2,4
opt,M_FSMOUNT_SELECTSTEP_8E807607,conditional,664,637,6,2,4
opt,M_FSMOUNT_SELECTSTEP_8E807607,conditional,678,647,6,2,4
opt,M_FSMOUNT_SELECTSTEP_8E807607,conditional,684,649,6,2,4
opt,M_FSMOUNT_SELECTSTEP_8E807607,conditional,698,659,6,2,4
opt,M_FSMOUNT_SELECTSTEP_8E807607,conditional,704,661,6,2,4
opt,M_FSMOUNT_SELECTSTEP_8E807607,conditional,811,752,6,2,4
opt,M_FSMOUNT_SELECTSTEP_8E807607,conditional,817,754,6,2,4
opt,M_FSMOUNT_SELECTSTEP_8E807607,conditional,831,764,6,2,4
opt,M_FSMOUNT_SELECTSTEP_8E807607,conditional,837,766,6,2,4
opt,M_FSMOUNT_SELECTSTEP_8E807607,conditional,851,776,6,2,4
opt,M_FSMOUNT_SELECTSTEP_8E807607,conditional,857,778,6,2,4
opt,M_FSMOUNT_SELECTSTEP_8E807607,conditional,871,788,6,2,4
opt,M_FSMOUNT_SELECTSTEP_8E807607,conditional,877,790,6,2,4
opt,M_FSMOUNT_SELECTSTEP_8E807607,bra,8,8,4,2,2
opt,M_FSMOUNT_SELECTSTEP_8E807607,bra,70,68,4,2,2
opt,M_FSMOUNT_SELECTSTEP_8E807607,brl,210,202,4,3,1
opt,M_FSMOUNT_SELECTSTEP_8E807607,bra,224,215,4,2,2
opt,M_FSMOUNT_SELECTSTEP_8E807607,bra,354,343,4,2,2
opt,M_FSMOUNT_SELECTSTEP_8E807607,bra,491,478,4,2,2
opt,M_FSMOUNT_SELECTSTEP_8E807607,bra,710,663,4,2,2
opt,M_FSMOUNT_SELECTSTEP_8E807607,bra,716,667,4,2,2
opt,M_FSMOUNT_SELECTSTEP_8E807607,bra,722,671,4,2,2
opt,M_FSMOUNT_SELECTSTEP_8E807607,bra,728,675,4,2,2
opt,M_FSMOUNT_SELECTSTEP_8E807607,bra,744,689,4,2,2
opt,M_FSMOUNT_SELECTSTEP_8E807607,bra,750,693,4,2,2
opt,M_FSMOUNT_SELECTSTEP_8E807607,bra,883,792,4,2,2
opt,M_FSMOUNT_SELECTSTEP_8E807607,bra,889,796,4,2,2
opt,M_FSMOUNT_SELECTSTEP_8E807607,bra,895,800,4,2,2
opt,M_FSMOUNT_SELECTSTEP_8E807607,bra,901,804,4,2,2
opt,M_FSMOUNT_SELECTSTEP_8E807607,bra,917,818,4,2,2
opt,M_FSMOUNT_SELECTSTEP_8E807607,bra,939,838,4,2,2
opt,M_FSMOUNT_COMMANDSTEP_B1883B1A,conditional,203,199,6,2,4
opt,M_FSMOUNT_COMMANDSTEP_B1883B1A,conditional,290,280,6,2,4
opt,M_FSMOUNT_COMMANDSTEP_B1883B1A,bra,8,8,4,2,2
opt,M_FSMOUNT_COMMANDSTEP_B1883B1A,bra,70,68,4,2,2
opt,M_FSMOUNT_COMMANDSTEP_B1883B1A,bra,218,210,4,2,2
opt,M_FSMOUNT_COMMANDSTEP_B1883B1A,brl,305,291,4,3,1
opt,M_FSMOUNT_COMMANDSTEP_B1883B1A,bra,344,329,4,2,2
opt,M_FSMOUNT_COMMANDSTEP_B1883B1A,bra,350,333,4,2,2
opt,M_FSMOUNT_COMMANDSTEP_B1883B1A,bra,400,381,4,2,2
opt,M_FSMOUNT_COMMANDSTEP_B1883B1A,bra,422,401,4,2,2
opt,M_FSMOUNT_COMMANDSTEP_B1883B1A,bra,599,576,4,2,2
opt,M_FSMOUNT_REMOVESTEP_BBB2975B,conditional,90,88,6,2,4
opt,M_FSMOUNT_REMOVESTEP_BBB2975B,bra,8,8,4,2,2
opt,M_FSMOUNT_REMOVESTEP_BBB2975B,bra,106,100,4,2,2
opt,M_FSMOUNT_REMOVESTEP_BBB2975B,bra,128,120,4,2,2
opt,M_FSMOUNT_REMOVESTEP_BBB2975B,bra,252,242,4,2,2
opt,M_FSMOUNT_REMOVESTEP_BBB2975B,bra,355,343,4,2,2
opt,M_FSMOUNT_REMOVESTEP_BBB2975B,brl,369,355,4,3,1
opt,M_FSMOUNT_REMOVESTEP_BBB2975B,bra,611,596,4,2,2
opt,M_FSMOUNT_REMOVESTEP_BBB2975B,bra,672,655,4,2,2
opt,M_FSMOUNT_REMOVESTEP_BBB2975B,bra,694,675,4,2,2
opt,M_FSMOUNT_DESTROYSTEP_4CF540E7,bra,8,8,4,2,2
opt,M_FSMOUNT_DESTROYSTEP_4CF540E7,bra,96,94,4,2,2
opt,M_FSMOUNT_DESTROYSTEP_4CF540E7,bra,257,253,4,2,2
opt,M_FSMUX_CONTROL_16FCB25F,conditional,148,144,6,2,4
opt,M_FSMUX_CONTROL_16FCB25F,bra,8,8,4,2,2
opt,M_FSMUX_CONTROL_16FCB25F,bra,72,70,4,2,2
opt,M_FSMUX_CONTROL_16FCB25F,bra,164,156,4,2,2
opt,M_FSMUX_TAKE_F08F7501,bra,8,8,4,2,2
opt,M_FSMUX_TAKE_F08F7501,brl,87,85,4,3,1
opt,M_FSMUX_TAKE_F08F7501,bra,136,133,4,2,2
opt,M_FSMUX_TAKE_F08F7501,bra,209,204,4,2,2
opt,M_FSMUX_TAKE_F08F7501,bra,243,236,4,2,2
opt,M_FSMUX_TAKE_F08F7501,bra,351,342,4,2,2
opt,M_FSMUX_TAKE_F08F7501,bra,412,401,4,2,2
opt,M_FSMUX_TAKE_F08F7501,bra,485,472,4,2,2
opt,M_FSBOOT_BEGINSERVICE_BC5D2672,conditional,140,136,6,2,4
opt,M_FSBOOT_BEGINSERVICE_BC5D2672,conditional,510,498,6,2,4
opt,M_FSBOOT_BEGINSERVICE_BC5D2672,bra,8,8,4,2,2
opt,M_FSBOOT_BEGINSERVICE_BC5D2672,bra,38,36,4,2,2
opt,M_FSBOOT_BEGINSERVICE_BC5D2672,bra,156,148,4,2,2
opt,M_FSBOOT_BEGINSERVICE_BC5D2672,bra,436,426,4,2,2
opt,M_FSBOOT_BEGINSERVICE_BC5D2672,brl,526,510,4,3,1
opt,M_FSBOOT_BEGINSERVICE_BC5D2672,bra,564,547,4,2,2
opt,M_FSBOOT_ENSURE_06ED6F00,conditional,361,343,6,2,4
opt,M_FSBOOT_ENSURE_06ED6F00,conditional,773,731,6,2,4
opt,M_FSBOOT_ENSURE_06ED6F00,conditional,816,768,6,2,4
opt,M_FSBOOT_ENSURE_06ED6F00,bra,8,8,4,2,2
opt,M_FSBOOT_ENSURE_06ED6F00,bra,38,36,4,2,2
opt,M_FSBOOT_ENSURE_06ED6F00,bra,110,106,4,2,2
opt,M_FSBOOT_ENSURE_06ED6F00,bra,182,176,4,2,2
opt,M_FSBOOT_ENSURE_06ED6F00,brl,228,220,4,3,1
opt,M_FSBOOT_ENSURE_06ED6F00,bra,257,248,4,2,2
opt,M_FSBOOT_ENSURE_06ED6F00,bra,263,252,4,2,2
opt,M_FSBOOT_ENSURE_06ED6F00,bra,292,279,4,2,2
opt,M_FSBOOT_ENSURE_06ED6F00,bra,298,283,4,2,2
opt,M_FSBOOT_ENSURE_06ED6F00,brl,327,310,4,3,1
opt,M_FSBOOT_ENSURE_06ED6F00,bra,377,355,4,2,2
opt,M_FSBOOT_ENSURE_06ED6F00,bra,408,384,4,2,2
opt,M_FSBOOT_ENSURE_06ED6F00,bra,454,428,4,2,2
opt,M_FSBOOT_ENSURE_06ED6F00,bra,489,461,4,2,2
opt,M_FSBOOT_ENSURE_06ED6F00,bra,550,520,4,2,2
opt,M_FSBOOT_ENSURE_06ED6F00,bra,564,532,4,2,2
opt,M_FSBOOT_ENSURE_06ED6F00,bra,637,603,4,2,2
opt,M_FSBOOT_ENSURE_06ED6F00,bra,680,644,4,2,2
opt,M_FSBOOT_ENSURE_06ED6F00,bra,694,656,4,2,2
opt,M_FSBOOT_ENSURE_06ED6F00,bra,748,708,4,2,2
opt,M_FSBOOT_ENSURE_06ED6F00,bra,781,735,4,2,2
opt,M_FSBOOT_ENSURE_06ED6F00,bra,824,772,4,2,2
opt,M_FSBOOT_STOP_AD5246E2,conditional,177,171,6,2,4
opt,M_FSBOOT_STOP_AD5246E2,bra,8,8,4,2,2
opt,M_FSBOOT_STOP_AD5246E2,bra,38,36,4,2,2
opt,M_FSBOOT_STOP_AD5246E2,bra,102,98,4,2,2
opt,M_FSBOOT_STOP_AD5246E2,bra,193,183,4,2,2
opt,M_FSBOOT_STOP_AD5246E2,bra,207,195,4,2,2
opt,M_FSBOOT_STOP_AD5246E2,bra,291,277,4,2,2
opt,M_FSBOOT_STOP_AD5246E2,bra,297,281,4,2,2
opt,M_FSBOOT_STOP_AD5246E2,bra,326,308,4,2,2
opt,M_FSBOOT_STOP_AD5246E2,bra,357,337,4,2,2
opt,M_FSBOOT_STOP_AD5246E2,bra,371,349,4,2,2
opt,M_FSBOOT_STOP_AD5246E2,brl,520,496,4,3,1
opt,M_FSBOOT_STOP_AD5246E2,brl,677,652,4,3,1
opt,M_FSBOOT_STOP_AD5246E2,bra,844,818,4,2,2
opt,M_FSBOOT_STOP_AD5246E2,bra,868,840,4,2,2
opt,M_FSBOOT_STOP_AD5246E2,bra,874,844,4,2,2
opt,M_FSBOOT_STOP_AD5246E2,brl,905,873,4,3,1
opt,M_FSBOOT_STOP_AD5246E2,bra,931,898,4,2,2
opt,M_FSBOOT_STOP_AD5246E2,bra,959,924,4,2,2
opt,M_FSBOOT_STOP_AD5246E2,bra,1011,974,4,2,2
opt,M_FSBOOT_STOP_AD5246E2,bra,1072,1033,4,2,2
opt,M_FSBOOT_STOP_AD5246E2,bra,1192,1151,4,2,2
opt,M_FSBOOT_STOP_AD5246E2,bra,1299,1256,4,2,2
opt,M_FSBOOT_STOP_AD5246E2,bra,1313,1268,4,2,2
opt,M_FSBOOT_STOP_AD5246E2,bra,1367,1320,4,2,2
opt,M_FSBOOT_STOP_AD5246E2,bra,1379,1330,4,2,2
opt,M_FSBOOT_STOP_AD5246E2,bra,1453,1402,4,2,2
opt,M_DOSCALLS_ARGUMENTS_D4B63738,bra,8,8,4,2,2
opt,M_DOSCALLS_NAMEARGUMENTS_4FEB00BB,conditional,43,41,6,2,4
opt,M_DOSCALLS_NAMEARGUMENTS_4FEB00BB,bra,8,8,4,2,2
opt,M_DOSCALLS_NAMEARGUMENTS_4FEB00BB,brl,58,52,4,3,1
opt,M_DOSCALLS_NAMEARGUMENTS_4FEB00BB,brl,230,223,4,3,1
opt,M_DOSCALLS_ACQUIRE_C423433E,conditional,148,144,6,2,4
opt,M_DOSCALLS_ACQUIRE_C423433E,conditional,415,396,6,2,4
opt,M_DOSCALLS_ACQUIRE_C423433E,conditional,1067,1030,6,2,4
opt,M_DOSCALLS_ACQUIRE_C423433E,conditional,1587,1539,6,2,4
opt,M_DOSCALLS_ACQUIRE_C423433E,conditional,1904,1846,6,2,4
opt,M_DOSCALLS_ACQUIRE_C423433E,conditional,2008,1942,6,2,4
opt,M_DOSCALLS_ACQUIRE_C423433E,bra,8,8,4,2,2
opt,M_DOSCALLS_ACQUIRE_C423433E,bra,82,80,4,2,2
opt,M_DOSCALLS_ACQUIRE_C423433E,bra,164,156,4,2,2
opt,M_DOSCALLS_ACQUIRE_C423433E,bra,225,215,4,2,2
opt,M_DOSCALLS_ACQUIRE_C423433E,bra,298,286,4,2,2
opt,M_DOSCALLS_ACQUIRE_C423433E,bra,304,290,4,2,2
opt,M_DOSCALLS_ACQUIRE_C423433E,brl,317,301,4,3,1
opt,M_DOSCALLS_ACQUIRE_C423433E,bra,339,322,4,2,2
opt,M_DOSCALLS_ACQUIRE_C423433E,bra,431,408,4,2,2
opt,M_DOSCALLS_ACQUIRE_C423433E,bra,534,509,4,2,2
opt,M_DOSCALLS_ACQUIRE_C423433E,bra,612,585,4,2,2
opt,M_DOSCALLS_ACQUIRE_C423433E,brl,703,674,4,3,1
opt,M_DOSCALLS_ACQUIRE_C423433E,bra,715,685,4,2,2
opt,M_DOSCALLS_ACQUIRE_C423433E,brl,778,746,4,3,1
opt,M_DOSCALLS_ACQUIRE_C423433E,bra,792,759,4,2,2
opt,M_DOSCALLS_ACQUIRE_C423433E,bra,983,948,4,2,2
opt,M_DOSCALLS_ACQUIRE_C423433E,bra,1083,1042,4,2,2
opt,M_DOSCALLS_ACQUIRE_C423433E,bra,1309,1266,4,2,2
opt,M_DOSCALLS_ACQUIRE_C423433E,bra,1455,1410,4,2,2
opt,M_DOSCALLS_ACQUIRE_C423433E,brl,1568,1521,4,3,1
opt,M_DOSCALLS_ACQUIRE_C423433E,bra,1602,1550,4,2,2
opt,M_DOSCALLS_ACQUIRE_C423433E,bra,1678,1624,4,2,2
opt,M_DOSCALLS_ACQUIRE_C423433E,bra,1810,1754,4,2,2
opt,M_DOSCALLS_ACQUIRE_C423433E,bra,1916,1854,4,2,2
opt,M_DOSCALLS_ACQUIRE_C423433E,bra,1938,1874,4,2,2
opt,M_DOSCALLS_ACQUIRE_C423433E,bra,2023,1953,4,2,2
opt,M_DOSCALLS_CONFIGURED_B6EDEF76,bra,8,8,4,2,2
opt,M_DOSCALLS_CONFIGURED_B6EDEF76,bra,38,36,4,2,2
opt,M_DOSCALLS_CONFIGURED_B6EDEF76,bra,119,115,4,2,2
opt,M_DOSCALLS_CONFIGURED_B6EDEF76,brl,231,225,4,3,1
opt,M_DOSCALLS_CONFIGURED_B6EDEF76,bra,398,391,4,2,2
opt,M_DOSCALLS_CONFIGURED_B6EDEF76,bra,489,480,4,2,2
opt,M_DOSCALLS_CONFIGURED_B6EDEF76,bra,517,506,4,2,2
opt,M_DOSCALLS_CONFIGURED_B6EDEF76,bra,523,510,4,2,2
opt,M_DOSCALLS_CONFIGURED_B6EDEF76,brl,554,539,4,3,1
opt,M_DOSCALLS_DESTINATION_E6EBC832,conditional,296,281,6,2,4
opt,M_DOSCALLS_DESTINATION_E6EBC832,bra,8,8,4,2,2
opt,M_DOSCALLS_DESTINATION_E6EBC832,bra,39,37,4,2,2
opt,M_DOSCALLS_DESTINATION_E6EBC832,bra,53,49,4,2,2
opt,M_DOSCALLS_DESTINATION_E6EBC832,bra,131,125,4,2,2
opt,M_DOSCALLS_DESTINATION_E6EBC832,bra,137,129,4,2,2
opt,M_DOSCALLS_DESTINATION_E6EBC832,brl,150,140,4,3,1
opt,M_DOSCALLS_DESTINATION_E6EBC832,bra,164,153,4,2,2
opt,M_DOSCALLS_DESTINATION_E6EBC832,bra,228,215,4,2,2
opt,M_DOSCALLS_DESTINATION_E6EBC832,bra,312,293,4,2,2
opt,M_DOSCALLS_DESTINATION_E6EBC832,bra,362,341,4,2,2
opt,M_DOSCALLS_DESTINATION_E6EBC832,brl,447,424,4,3,1
opt,M_DOSCALLS_DESTINATION_E6EBC832,bra,529,505,4,2,2
opt,M_DOSCALLS_DESTINATION_E6EBC832,bra,543,517,4,2,2
opt,M_DOSCALLS_DESTINATION_E6EBC832,bra,671,643,4,2,2
opt,M_DOSCALLS_DESTINATION_E6EBC832,bra,752,722,4,2,2
opt,M_DOSCALLS_DESTINATION_E6EBC832,bra,766,734,4,2,2
opt,M_DOSCALLS_OPEN_390423B6,conditional,949,922,6,2,4
opt,M_DOSCALLS_OPEN_390423B6,bra,8,8,4,2,2
opt,M_DOSCALLS_OPEN_390423B6,bra,46,44,4,2,2
opt,M_DOSCALLS_OPEN_390423B6,bra,129,125,4,2,2
opt,M_DOSCALLS_OPEN_390423B6,bra,214,208,4,2,2
opt,M_DOSCALLS_OPEN_390423B6,bra,273,265,4,2,2
opt,M_DOSCALLS_OPEN_390423B6,bra,287,277,4,2,2
opt,M_DOSCALLS_OPEN_390423B6,brl,397,385,4,3,1
opt,M_DOSCALLS_OPEN_390423B6,bra,425,412,4,2,2
opt,M_DOSCALLS_OPEN_390423B6,bra,439,424,4,2,2
opt,M_DOSCALLS_OPEN_390423B6,bra,555,538,4,2,2
opt,M_DOSCALLS_OPEN_390423B6,bra,694,675,4,2,2
opt,M_DOSCALLS_OPEN_390423B6,bra,765,744,4,2,2
opt,M_DOSCALLS_OPEN_390423B6,bra,779,756,4,2,2
opt,M_DOSCALLS_OPEN_390423B6,bra,883,858,4,2,2
opt,M_DOSCALLS_OPEN_390423B6,bra,965,934,4,2,2
opt,M_DOSCALLS_OPEN_390423B6,bra,1024,991,4,2,2
opt,M_DOSCALLS_OPEN_390423B6,bra,1046,1011,4,2,2
opt,M_DOSCALLS_OPEN_390423B6,bra,1167,1130,4,2,2
opt,M_DOSCALLS_LOCK_DE185F87,bra,8,8,4,2,2
opt,M_DOSCALLS_LOCK_DE185F87,bra,46,44,4,2,2
opt,M_DOSCALLS_LOCK_DE185F87,bra,129,125,4,2,2
opt,M_DOSCALLS_LOCK_DE185F87,bra,214,208,4,2,2
opt,M_DOSCALLS_LOCK_DE185F87,bra,273,265,4,2,2
opt,M_DOSCALLS_LOCK_DE185F87,bra,287,277,4,2,2
opt,M_DOSCALLS_LOCK_DE185F87,bra,405,393,4,2,2
opt,M_DOSCALLS_LOCK_DE185F87,bra,419,405,4,2,2
opt,M_DOSCALLS_LOCK_DE185F87,bra,535,519,4,2,2
opt,M_DOSCALLS_BADOBJECT_51D88018,bra,8,8,4,2,2
opt,M_DOSCALLS_BADOBJECT_51D88018,bra,44,42,4,2,2
opt,M_DOSCALLS_BADOBJECT_51D88018,bra,58,54,4,2,2
opt,M_DOSCALLS_BADOBJECT_51D88018,bra,115,109,4,2,2
opt,M_DOSCALLS_BADOBJECT_51D88018,bra,127,119,4,2,2
opt,M_DOSCALLS_OBJECT_E89E37D3,bra,8,8,4,2,2
opt,M_DOSCALLS_OBJECT_E89E37D3,bra,38,36,4,2,2
opt,M_DOSCALLS_OBJECT_E89E37D3,bra,118,114,4,2,2
opt,M_DOSCALLS_OBJECT_E89E37D3,brl,220,214,4,3,1
opt,M_DOSCALLS_OBJECT_E89E37D3,bra,259,252,4,2,2
opt,M_DOSCALLS_OBJECT_E89E37D3,bra,265,256,4,2,2
opt,M_DOSCALLS_OBJECT_E89E37D3,bra,302,291,4,2,2
opt,M_DOSCALLS_OBJECT_E89E37D3,bra,308,295,4,2,2
opt,M_DOSCALLS_OBJECT_E89E37D3,bra,345,330,4,2,2
opt,M_DOSCALLS_OBJECT_E89E37D3,bra,414,397,4,2,2
opt,M_DOSCALLS_FILE_E8D1DABC,conditional,122,118,6,2,4
opt,M_DOSCALLS_FILE_E8D1DABC,bra,8,8,4,2,2
opt,M_DOSCALLS_FILE_E8D1DABC,bra,46,44,4,2,2
opt,M_DOSCALLS_FILE_E8D1DABC,brl,138,130,4,3,1
opt,M_DOSCALLS_FILE_E8D1DABC,bra,179,170,4,2,2
opt,M_DOSCALLS_FILE_E8D1DABC,bra,317,306,4,2,2
opt,M_DOSCALLS_FILE_E8D1DABC,bra,390,377,4,2,2
opt,M_DOSCALLS_FILE_E8D1DABC,bra,404,389,4,2,2
opt,M_DOSCALLS_FILE_E8D1DABC,bra,550,533,4,2,2
opt,M_DOSCALLS_READ_BEE8BE36,conditional,104,100,6,2,4
opt,M_DOSCALLS_READ_BEE8BE36,conditional,267,255,6,2,4
opt,M_DOSCALLS_READ_BEE8BE36,conditional,749,725,6,2,4
opt,M_DOSCALLS_READ_BEE8BE36,conditional,781,752,6,2,4
opt,M_DOSCALLS_READ_BEE8BE36,conditional,861,824,6,2,4
opt,M_DOSCALLS_READ_BEE8BE36,conditional,1430,1379,6,2,4
opt,M_DOSCALLS_READ_BEE8BE36,bra,8,8,4,2,2
opt,M_DOSCALLS_READ_BEE8BE36,bra,38,36,4,2,2
opt,M_DOSCALLS_READ_BEE8BE36,bra,120,112,4,2,2
opt,M_DOSCALLS_READ_BEE8BE36,bra,185,175,4,2,2
opt,M_DOSCALLS_READ_BEE8BE36,bra,283,267,4,2,2
opt,M_DOSCALLS_READ_BEE8BE36,brl,365,347,4,3,1
opt,M_DOSCALLS_READ_BEE8BE36,bra,403,384,4,2,2
opt,M_DOSCALLS_READ_BEE8BE36,brl,569,548,4,3,1
opt,M_DOSCALLS_READ_BEE8BE36,bra,631,609,4,2,2
opt,M_DOSCALLS_READ_BEE8BE36,brl,765,737,4,3,1
opt,M_DOSCALLS_READ_BEE8BE36,bra,793,760,4,2,2
opt,M_DOSCALLS_READ_BEE8BE36,bra,807,772,4,2,2
opt,M_DOSCALLS_READ_BEE8BE36,bra,873,832,4,2,2
opt,M_DOSCALLS_READ_BEE8BE36,bra,997,954,4,2,2
opt,M_DOSCALLS_READ_BEE8BE36,bra,1086,1041,4,2,2
opt,M_DOSCALLS_READ_BEE8BE36,bra,1193,1146,4,2,2
opt,M_DOSCALLS_READ_BEE8BE36,bra,1340,1291,4,2,2
opt,M_DOSCALLS_READ_BEE8BE36,bra,1446,1391,4,2,2
opt,M_DOSCALLS_READ_BEE8BE36,bra,1695,1638,4,2,2
opt,M_DOSCALLS_READ_BEE8BE36,bra,1805,1746,4,2,2
opt,M_DOSCALLS_WRITE_8E98A1A7,conditional,104,100,6,2,4
opt,M_DOSCALLS_WRITE_8E98A1A7,conditional,267,255,6,2,4
opt,M_DOSCALLS_WRITE_8E98A1A7,conditional,749,725,6,2,4
opt,M_DOSCALLS_WRITE_8E98A1A7,conditional,781,752,6,2,4
opt,M_DOSCALLS_WRITE_8E98A1A7,conditional,861,824,6,2,4
opt,M_DOSCALLS_WRITE_8E98A1A7,conditional,1400,1349,6,2,4
opt,M_DOSCALLS_WRITE_8E98A1A7,conditional,1690,1627,6,2,4
opt,M_DOSCALLS_WRITE_8E98A1A7,bra,8,8,4,2,2
opt,M_DOSCALLS_WRITE_8E98A1A7,bra,38,36,4,2,2
opt,M_DOSCALLS_WRITE_8E98A1A7,bra,120,112,4,2,2
opt,M_DOSCALLS_WRITE_8E98A1A7,bra,185,175,4,2,2
opt,M_DOSCALLS_WRITE_8E98A1A7,bra,283,267,4,2,2
opt,M_DOSCALLS_WRITE_8E98A1A7,brl,365,347,4,3,1
opt,M_DOSCALLS_WRITE_8E98A1A7,bra,403,384,4,2,2
opt,M_DOSCALLS_WRITE_8E98A1A7,brl,569,548,4,3,1
opt,M_DOSCALLS_WRITE_8E98A1A7,bra,631,609,4,2,2
opt,M_DOSCALLS_WRITE_8E98A1A7,brl,765,737,4,3,1
opt,M_DOSCALLS_WRITE_8E98A1A7,bra,793,760,4,2,2
opt,M_DOSCALLS_WRITE_8E98A1A7,bra,807,772,4,2,2
opt,M_DOSCALLS_WRITE_8E98A1A7,bra,873,832,4,2,2
opt,M_DOSCALLS_WRITE_8E98A1A7,bra,997,954,4,2,2
opt,M_DOSCALLS_WRITE_8E98A1A7,bra,1086,1041,4,2,2
opt,M_DOSCALLS_WRITE_8E98A1A7,bra,1193,1146,4,2,2
opt,M_DOSCALLS_WRITE_8E98A1A7,bra,1332,1283,4,2,2
opt,M_DOSCALLS_WRITE_8E98A1A7,bra,1416,1361,4,2,2
opt,M_DOSCALLS_WRITE_8E98A1A7,bra,1430,1373,4,2,2
opt,M_DOSCALLS_WRITE_8E98A1A7,bra,1546,1487,4,2,2
opt,M_DOSCALLS_WRITE_8E98A1A7,bra,1631,1570,4,2,2
opt,M_DOSCALLS_WRITE_8E98A1A7,bra,1702,1635,4,2,2
opt,M_DOSCALLS_WRITE_8E98A1A7,bra,1716,1647,4,2,2
opt,M_DOSCALLS_WRITE_8E98A1A7,bra,1824,1753,4,2,2
opt,M_DOSCALLS_SEEK_17FC33E6,conditional,104,100,6,2,4
opt,M_DOSCALLS_SEEK_17FC33E6,conditional,267,255,6,2,4
opt,M_DOSCALLS_SEEK_17FC33E6,conditional,851,820,6,2,4
opt,M_DOSCALLS_SEEK_17FC33E6,bra,8,8,4,2,2
opt,M_DOSCALLS_SEEK_17FC33E6,bra,38,36,4,2,2
opt,M_DOSCALLS_SEEK_17FC33E6,bra,120,112,4,2,2
opt,M_DOSCALLS_SEEK_17FC33E6,bra,185,175,4,2,2
opt,M_DOSCALLS_SEEK_17FC33E6,bra,283,267,4,2,2
opt,M_DOSCALLS_SEEK_17FC33E6,brl,365,347,4,3,1
opt,M_DOSCALLS_SEEK_17FC33E6,bra,403,384,4,2,2
opt,M_DOSCALLS_SEEK_17FC33E6,bra,476,455,4,2,2
opt,M_DOSCALLS_SEEK_17FC33E6,bra,490,467,4,2,2
opt,M_DOSCALLS_SEEK_17FC33E6,bra,623,598,4,2,2
opt,M_DOSCALLS_SEEK_17FC33E6,bra,637,610,4,2,2
opt,M_DOSCALLS_SEEK_17FC33E6,bra,761,732,4,2,2
opt,M_DOSCALLS_SEEK_17FC33E6,bra,867,832,4,2,2
opt,M_DOSCALLS_SEEK_17FC33E6,bra,1084,1047,4,2,2
opt,M_DOSCALLS_SEEK_17FC33E6,bra,1194,1155,4,2,2
opt,M_DOSCALLS_CLOSE_97169B3A,conditional,104,100,6,2,4
opt,M_DOSCALLS_CLOSE_97169B3A,conditional,267,255,6,2,4
opt,M_DOSCALLS_CLOSE_97169B3A,conditional,826,800,6,2,4
opt,M_DOSCALLS_CLOSE_97169B3A,bra,8,8,4,2,2
opt,M_DOSCALLS_CLOSE_97169B3A,bra,38,36,4,2,2
opt,M_DOSCALLS_CLOSE_97169B3A,bra,120,112,4,2,2
opt,M_DOSCALLS_CLOSE_97169B3A,bra,185,175,4,2,2
opt,M_DOSCALLS_CLOSE_97169B3A,bra,283,267,4,2,2
opt,M_DOSCALLS_CLOSE_97169B3A,brl,365,347,4,3,1
opt,M_DOSCALLS_CLOSE_97169B3A,bra,395,376,4,2,2
opt,M_DOSCALLS_CLOSE_97169B3A,brl,547,526,4,3,1
opt,M_DOSCALLS_CLOSE_97169B3A,bra,593,571,4,2,2
opt,M_DOSCALLS_CLOSE_97169B3A,bra,736,712,4,2,2
opt,M_DOSCALLS_CLOSE_97169B3A,bra,842,812,4,2,2
opt,M_DOSCALLS_CLOSE_97169B3A,bra,957,925,4,2,2
opt,M_DOSCALLS_CLOSE_97169B3A,bra,1078,1044,4,2,2
opt,M_DOSCALLS_CLOSE_97169B3A,bra,1188,1152,4,2,2
opt,M_DOSCALLS_UNLOCK_2871018C,conditional,40,38,6,2,4
opt,M_DOSCALLS_UNLOCK_2871018C,conditional,143,133,6,2,4
opt,M_DOSCALLS_UNLOCK_2871018C,conditional,270,252,6,2,4
opt,M_DOSCALLS_UNLOCK_2871018C,conditional,345,321,6,2,4
opt,M_DOSCALLS_UNLOCK_2871018C,conditional,555,521,6,2,4
opt,M_DOSCALLS_UNLOCK_2871018C,bra,8,8,4,2,2
opt,M_DOSCALLS_UNLOCK_2871018C,bra,56,50,4,2,2
opt,M_DOSCALLS_UNLOCK_2871018C,bra,77,69,4,2,2
opt,M_DOSCALLS_UNLOCK_2871018C,bra,159,145,4,2,2
opt,M_DOSCALLS_UNLOCK_2871018C,bra,188,172,4,2,2
opt,M_DOSCALLS_UNLOCK_2871018C,bra,286,264,4,2,2
opt,M_DOSCALLS_UNLOCK_2871018C,bra,363,335,4,2,2
opt,M_DOSCALLS_UNLOCK_2871018C,bra,377,347,4,2,2
opt,M_DOSCALLS_UNLOCK_2871018C,bra,465,433,4,2,2
opt,M_DOSCALLS_UNLOCK_2871018C,bra,571,533,4,2,2
opt,M_DOSCALLS_UNLOCK_2871018C,bra,676,636,4,2,2
opt,M_DOSCALLS_UNLOCK_2871018C,bra,778,736,4,2,2
opt,M_DOSCALLS_INFORMATION_13F25DEC,conditional,104,100,6,2,4
opt,M_DOSCALLS_INFORMATION_13F25DEC,conditional,267,255,6,2,4
opt,M_DOSCALLS_INFORMATION_13F25DEC,conditional,446,426,6,2,4
opt,M_DOSCALLS_INFORMATION_13F25DEC,bra,8,8,4,2,2
opt,M_DOSCALLS_INFORMATION_13F25DEC,bra,38,36,4,2,2
opt,M_DOSCALLS_INFORMATION_13F25DEC,bra,120,112,4,2,2
opt,M_DOSCALLS_INFORMATION_13F25DEC,bra,185,175,4,2,2
opt,M_DOSCALLS_INFORMATION_13F25DEC,bra,283,267,4,2,2
opt,M_DOSCALLS_INFORMATION_13F25DEC,bra,356,338,4,2,2
opt,M_DOSCALLS_INFORMATION_13F25DEC,bra,462,438,4,2,2
opt,M_DOSCALLS_INFORMATION_13F25DEC,bra,681,655,4,2,2
opt,M_DOSCALLS_INFORMATION_13F25DEC,bra,789,761,4,2,2
opt,M_DOSCALLS_SELECTED_604EA3D9,conditional,142,138,6,2,4
opt,M_DOSCALLS_SELECTED_604EA3D9,bra,8,8,4,2,2
opt,M_DOSCALLS_SELECTED_604EA3D9,bra,38,36,4,2,2
opt,M_DOSCALLS_SELECTED_604EA3D9,bra,158,150,4,2,2
opt,M_DOSCALLS_SELECTED_604EA3D9,bra,217,207,4,2,2
opt,M_DOSCALLS_SELECTIONREADY_28C831A1,bra,8,8,4,2,2
opt,M_DOSCALLS_SELECTIONREADY_28C831A1,bra,63,61,4,2,2
opt,M_DOSCALLS_SELECTIONREADY_28C831A1,bra,195,191,4,2,2
opt,M_DOSCALLS_SELECTIONREADY_28C831A1,bra,234,228,4,2,2
opt,M_DOSCALLS_LIVESELECTION_2BE04852,conditional,128,124,6,2,4
opt,M_DOSCALLS_LIVESELECTION_2BE04852,conditional,504,484,6,2,4
opt,M_DOSCALLS_LIVESELECTION_2BE04852,bra,8,8,4,2,2
opt,M_DOSCALLS_LIVESELECTION_2BE04852,bra,46,44,4,2,2
opt,M_DOSCALLS_LIVESELECTION_2BE04852,bra,144,136,4,2,2
opt,M_DOSCALLS_LIVESELECTION_2BE04852,brl,195,185,4,3,1
opt,M_DOSCALLS_LIVESELECTION_2BE04852,bra,233,222,4,2,2
opt,M_DOSCALLS_LIVESELECTION_2BE04852,bra,306,293,4,2,2
opt,M_DOSCALLS_LIVESELECTION_2BE04852,bra,320,305,4,2,2
opt,M_DOSCALLS_LIVESELECTION_2BE04852,brl,414,397,4,3,1
opt,M_DOSCALLS_LIVESELECTION_2BE04852,bra,436,418,4,2,2
opt,M_DOSCALLS_LIVESELECTION_2BE04852,bra,520,496,4,2,2
opt,M_DOSCALLS_LIVESELECTION_2BE04852,bra,534,508,4,2,2
opt,M_DOSCALLS_SELECT_1EDDE386,bra,8,8,4,2,2
opt,M_DOSCALLS_SELECT_1EDDE386,bra,38,36,4,2,2
opt,M_DOSCALLS_SELECT_1EDDE386,bra,110,106,4,2,2
opt,M_DOSCALLS_SELECT_1EDDE386,bra,183,177,4,2,2
opt,M_DOSCALLS_SELECT_1EDDE386,brl,248,240,4,3,1
opt,M_DOSCALLS_SELECT_1EDDE386,bra,270,261,4,2,2
opt,M_DOSCALLS_SELECT_1EDDE386,bra,343,332,4,2,2
opt,M_DOSCALLS_SELECT_1EDDE386,brl,470,457,4,3,1
opt,M_DOSCALLS_SELECT_1EDDE386,bra,490,476,4,2,2
opt,M_DOSCALLS_SELECT_1EDDE386,bra,580,564,4,2,2
opt,M_DOSCALLS_DIRECTORY_C8028D6B,conditional,220,214,6,2,4
opt,M_DOSCALLS_DIRECTORY_C8028D6B,conditional,365,353,6,2,4
opt,M_DOSCALLS_DIRECTORY_C8028D6B,conditional,616,596,6,2,4
opt,M_DOSCALLS_DIRECTORY_C8028D6B,bra,8,8,4,2,2
opt,M_DOSCALLS_DIRECTORY_C8028D6B,bra,46,44,4,2,2
opt,M_DOSCALLS_DIRECTORY_C8028D6B,bra,119,115,4,2,2
opt,M_DOSCALLS_DIRECTORY_C8028D6B,bra,236,226,4,2,2
opt,M_DOSCALLS_DIRECTORY_C8028D6B,bra,381,365,4,2,2
opt,M_DOSCALLS_DIRECTORY_C8028D6B,bra,524,506,4,2,2
opt,M_DOSCALLS_DIRECTORY_C8028D6B,bra,632,608,4,2,2
opt,M_DOSCALLS_DIRECTORY_C8028D6B,bra,776,750,4,2,2
opt,M_DOSCALLS_CURRENTDIR_1AA7335E,conditional,352,341,6,2,4
opt,M_DOSCALLS_CURRENTDIR_1AA7335E,conditional,505,486,6,2,4
opt,M_DOSCALLS_CURRENTDIR_1AA7335E,bra,8,8,4,2,2
opt,M_DOSCALLS_CURRENTDIR_1AA7335E,bra,38,36,4,2,2
opt,M_DOSCALLS_CURRENTDIR_1AA7335E,bra,110,106,4,2,2
opt,M_DOSCALLS_CURRENTDIR_1AA7335E,bra,183,177,4,2,2
opt,M_DOSCALLS_CURRENTDIR_1AA7335E,brl,248,240,4,3,1
opt,M_DOSCALLS_CURRENTDIR_1AA7335E,bra,270,261,4,2,2
opt,M_DOSCALLS_CURRENTDIR_1AA7335E,bra,368,353,4,2,2
opt,M_DOSCALLS_CURRENTDIR_1AA7335E,bra,429,412,4,2,2
opt,M_DOSCALLS_CURRENTDIR_1AA7335E,bra,521,498,4,2,2
opt,M_DOSCALLS_CURRENTDIR_1AA7335E,bra,535,510,4,2,2
opt,M_DOSCALLS_CURRENTDIR_1AA7335E,bra,666,639,4,2,2
opt,M_DOSCALLS_CURRENTDIR_1AA7335E,bra,841,812,4,2,2
opt,M_DOSCALLS_NAMEFROMLOCK_92457C4A,conditional,330,320,6,2,4
opt,M_DOSCALLS_NAMEFROMLOCK_92457C4A,conditional,487,469,6,2,4
opt,M_DOSCALLS_NAMEFROMLOCK_92457C4A,conditional,631,605,6,2,4
opt,M_DOSCALLS_NAMEFROMLOCK_92457C4A,conditional,637,607,6,2,4
opt,M_DOSCALLS_NAMEFROMLOCK_92457C4A,conditional,651,617,6,2,4
opt,M_DOSCALLS_NAMEFROMLOCK_92457C4A,conditional,657,619,6,2,4
opt,M_DOSCALLS_NAMEFROMLOCK_92457C4A,conditional,671,629,6,2,4
opt,M_DOSCALLS_NAMEFROMLOCK_92457C4A,conditional,677,631,6,2,4
opt,M_DOSCALLS_NAMEFROMLOCK_92457C4A,conditional,691,641,6,2,4
opt,M_DOSCALLS_NAMEFROMLOCK_92457C4A,conditional,697,643,6,2,4
opt,M_DOSCALLS_NAMEFROMLOCK_92457C4A,conditional,1287,1211,6,2,4
opt,M_DOSCALLS_NAMEFROMLOCK_92457C4A,conditional,1293,1213,6,2,4
opt,M_DOSCALLS_NAMEFROMLOCK_92457C4A,conditional,1307,1223,6,2,4
opt,M_DOSCALLS_NAMEFROMLOCK_92457C4A,conditional,1313,1225,6,2,4
opt,M_DOSCALLS_NAMEFROMLOCK_92457C4A,conditional,1327,1235,6,2,4
opt,M_DOSCALLS_NAMEFROMLOCK_92457C4A,conditional,1333,1237,6,2,4
opt,M_DOSCALLS_NAMEFROMLOCK_92457C4A,conditional,1347,1247,6,2,4
opt,M_DOSCALLS_NAMEFROMLOCK_92457C4A,conditional,1353,1249,6,2,4
opt,M_DOSCALLS_NAMEFROMLOCK_92457C4A,bra,8,8,4,2,2
opt,M_DOSCALLS_NAMEFROMLOCK_92457C4A,bra,38,36,4,2,2
opt,M_DOSCALLS_NAMEFROMLOCK_92457C4A,bra,110,106,4,2,2
opt,M_DOSCALLS_NAMEFROMLOCK_92457C4A,bra,183,177,4,2,2
opt,M_DOSCALLS_NAMEFROMLOCK_92457C4A,bra,248,240,4,2,2
opt,M_DOSCALLS_NAMEFROMLOCK_92457C4A,bra,346,332,4,2,2
opt,M_DOSCALLS_NAMEFROMLOCK_92457C4A,bra,411,395,4,2,2
opt,M_DOSCALLS_NAMEFROMLOCK_92457C4A,bra,503,481,4,2,2
opt,M_DOSCALLS_NAMEFROMLOCK_92457C4A,bra,517,493,4,2,2
opt,M_DOSCALLS_NAMEFROMLOCK_92457C4A,bra,703,645,4,2,2
opt,M_DOSCALLS_NAMEFROMLOCK_92457C4A,bra,709,649,4,2,2
opt,M_DOSCALLS_NAMEFROMLOCK_92457C4A,bra,715,653,4,2,2
opt,M_DOSCALLS_NAMEFROMLOCK_92457C4A,bra,721,657,4,2,2
opt,M_DOSCALLS_NAMEFROMLOCK_92457C4A,bra,737,671,4,2,2
opt,M_DOSCALLS_NAMEFROMLOCK_92457C4A,bra,878,810,4,2,2
opt,M_DOSCALLS_NAMEFROMLOCK_92457C4A,bra,963,893,4,2,2
opt,M_DOSCALLS_NAMEFROMLOCK_92457C4A,bra,1076,1004,4,2,2
opt,M_DOSCALLS_NAMEFROMLOCK_92457C4A,bra,1158,1084,4,2,2
opt,M_DOSCALLS_NAMEFROMLOCK_92457C4A,bra,1359,1251,4,2,2
opt,M_DOSCALLS_NAMEFROMLOCK_92457C4A,bra,1365,1255,4,2,2
opt,M_DOSCALLS_NAMEFROMLOCK_92457C4A,bra,1371,1259,4,2,2
opt,M_DOSCALLS_NAMEFROMLOCK_92457C4A,bra,1377,1263,4,2,2
opt,M_DOSCALLS_NAMEFROMLOCK_92457C4A,bra,1393,1277,4,2,2
opt,M_DOSCALLS_NAMEFROMLOCK_92457C4A,brl,1516,1398,4,3,1
opt,M_DOSCALLS_NAMEFROMLOCK_92457C4A,bra,1649,1530,4,2,2
opt,M_DOSCALLS_NAMEFROMLOCK_92457C4A,bra,1655,1534,4,2,2
opt,M_DOSCALLS_NAMEFROMLOCK_92457C4A,brl,1671,1548,4,3,1
opt,M_DOSCALLS_ISINTERACTIVE_18CACEEA,bra,8,8,4,2,2
opt,M_DOSCALLS_ISINTERACTIVE_18CACEEA,bra,38,36,4,2,2
opt,M_DOSCALLS_ISINTERACTIVE_18CACEEA,bra,110,106,4,2,2
opt,M_DOSCALLS_ISINTERACTIVE_18CACEEA,bra,183,177,4,2,2
opt,M_DOSCALLS_ISINTERACTIVE_18CACEEA,bra,248,240,4,2,2
opt,M_DOSCALLS_ISINTERACTIVE_18CACEEA,bra,321,311,4,2,2
opt,M_DOSCALLS_ISINTERACTIVE_18CACEEA,bra,467,455,4,2,2
opt,M_DOS_OPEN_87DAE823,bra,8,8,4,2,2
opt,M_DOS_OPEN_87DAE823,bra,54,52,4,2,2
opt,M_DOS_READ_BCD2228F,bra,8,8,4,2,2
opt,M_DOS_READ_BCD2228F,bra,78,76,4,2,2
opt,M_DOS_WRITE_BE4FDE64,bra,8,8,4,2,2
opt,M_DOS_WRITE_BE4FDE64,bra,78,76,4,2,2
opt,M_DOS_SEEK_DE9F46FB,bra,8,8,4,2,2
opt,M_DOS_SEEK_DE9F46FB,bra,78,76,4,2,2
opt,M_DOS_CLOSE_4C224801,bra,8,8,4,2,2
opt,M_DOS_CLOSE_4C224801,bra,62,60,4,2,2
opt,M_DOS_IOERR_E649FF90,bra,8,8,4,2,2
opt,M_DOS_IOERR_E649FF90,bra,38,36,4,2,2
opt,M_DOS_RELEASECONTEXT_9DB9F883,bra,8,8,4,2,2
opt,M_DOS_RELEASECONTEXT_9DB9F883,bra,38,36,4,2,2
opt,M_DOS_LOCK_4DEC517E,bra,8,8,4,2,2
opt,M_DOS_LOCK_4DEC517E,bra,54,52,4,2,2
opt,M_DOS_UNLOCK_74209499,bra,8,8,4,2,2
opt,M_DOS_UNLOCK_74209499,bra,62,60,4,2,2
opt,M_DOS_EXAMINE_1F15C1B0,bra,8,8,4,2,2
opt,M_DOS_EXAMINE_1F15C1B0,bra,86,84,4,2,2
opt,M_DOS_EXNEXT_623C7B53,bra,8,8,4,2,2
opt,M_DOS_EXNEXT_623C7B53,bra,86,84,4,2,2
opt,M_DOS_INPUT_41B1DDE9,bra,8,8,4,2,2
opt,M_DOS_INPUT_41B1DDE9,bra,38,36,4,2,2
opt,M_DOS_OUTPUT_DF7018DC,bra,8,8,4,2,2
opt,M_DOS_OUTPUT_DF7018DC,bra,38,36,4,2,2
opt,M_DOS_SELECTINPUT_FF0F4771,bra,8,8,4,2,2
opt,M_DOS_SELECTINPUT_FF0F4771,bra,62,60,4,2,2
opt,M_DOS_SELECTOUTPUT_3A928904,bra,8,8,4,2,2
opt,M_DOS_SELECTOUTPUT_3A928904,bra,62,60,4,2,2
opt,M_DOS_ISINTERACTIVE_FD05AE49,bra,8,8,4,2,2
opt,M_DOS_ISINTERACTIVE_FD05AE49,bra,62,60,4,2,2
opt,M_DOS_CURRENTDIR_764577CB,bra,8,8,4,2,2
opt,M_DOS_CURRENTDIR_764577CB,bra,62,60,4,2,2
opt,M_DOS_NAMEFROMLOCK_8794AD67,bra,8,8,4,2,2
opt,M_DOS_NAMEFROMLOCK_8794AD67,bra,78,76,4,2,2
opt,M_TASKINSPECT_SNAPSHOT_72A67CF0,conditional,40,38,6,2,4
opt,M_TASKINSPECT_SNAPSHOT_72A67CF0,conditional,220,205,6,2,4
opt,M_TASKINSPECT_SNAPSHOT_72A67CF0,conditional,228,209,6,2,4
opt,M_TASKINSPECT_SNAPSHOT_72A67CF0,conditional,249,226,6,2,4
opt,M_TASKINSPECT_SNAPSHOT_72A67CF0,bra,8,8,4,2,2
opt,M_TASKINSPECT_SNAPSHOT_72A67CF0,bra,56,50,4,2,2
opt,M_TASKINSPECT_SNAPSHOT_72A67CF0,bra,62,54,4,2,2
opt,M_TASKINSPECT_SNAPSHOT_72A67CF0,bra,75,65,4,2,2
opt,M_TASKINSPECT_SNAPSHOT_72A67CF0,bra,101,89,4,2,2
opt,M_TASKINSPECT_SNAPSHOT_72A67CF0,brl,186,172,4,3,1
opt,M_TASKINSPECT_SNAPSHOT_72A67CF0,bra,255,228,4,2,2
opt,M_TASKINSPECT_SNAPSHOT_72A67CF0,brl,404,375,4,3,1
opt,M_TASKINSPECT_SNAPSHOT_72A67CF0,brl,810,780,4,3,1
opt,M_TASKINSPECT_SNAPSHOT_72A67CF0,brl,838,807,4,3,1
opt,M_TASKINSPECT_SNAPSHOT_72A67CF0,bra,914,882,4,2,2
opt,M_TASKINSPECT_SNAPSHOT_72A67CF0,brl,920,886,4,3,1
opt,M_TASKINSPECT_SNAPSHOT_72A67CF0,bra,934,899,4,2,2
opt,M_TASKINSPECT_SNAPSHOT_72A67CF0,bra,940,903,4,2,2
opt,M_TASKINSPECT_SNAPSHOT_72A67CF0,bra,966,927,4,2,2
opt,M_TASKINSPECT_SNAPSHOT_72A67CF0,brl,1213,1172,4,3,1
opt,M_TASKINSPECT_SNAPSHOT_72A67CF0,brl,1488,1446,4,3,1
opt,M_TASKINSPECT_SNAPSHOT_72A67CF0,bra,1500,1457,4,2,2
opt,M_DEVICEINSPECT_SNAPSHOT_EBB6295F,conditional,40,38,6,2,4
opt,M_DEVICEINSPECT_SNAPSHOT_EBB6295F,bra,8,8,4,2,2
opt,M_DEVICEINSPECT_SNAPSHOT_EBB6295F,bra,56,50,4,2,2
opt,M_DEVICEINSPECT_SNAPSHOT_EBB6295F,bra,62,54,4,2,2
opt,M_DEVICEINSPECT_SNAPSHOT_EBB6295F,bra,75,65,4,2,2
opt,M_DEVICEINSPECT_SNAPSHOT_EBB6295F,bra,113,101,4,2,2
opt,M_DEVICEINSPECT_SNAPSHOT_EBB6295F,bra,384,370,4,2,2
opt,M_DEVICEINSPECT_SNAPSHOT_EBB6295F,bra,423,407,4,2,2
opt,M_DEVICEINSPECT_SNAPSHOT_EBB6295F,bra,601,583,4,2,2
opt,M_DEVICEINSPECT_SNAPSHOT_EBB6295F,bra,743,723,4,2,2
opt,M_DEVICEINSPECT_SNAPSHOT_EBB6295F,bra,806,784,4,2,2
opt,M_DEVICEINSPECT_SNAPSHOT_EBB6295F,bra,902,878,4,2,2
opt,M_FSINSPECT_SNAPSHOT_873CF8A6,conditional,40,38,6,2,4
opt,M_FSINSPECT_SNAPSHOT_873CF8A6,bra,8,8,4,2,2
opt,M_FSINSPECT_SNAPSHOT_873CF8A6,bra,56,50,4,2,2
opt,M_FSINSPECT_SNAPSHOT_873CF8A6,bra,62,54,4,2,2
opt,M_FSINSPECT_SNAPSHOT_873CF8A6,bra,75,65,4,2,2
opt,M_FSINSPECT_SNAPSHOT_873CF8A6,bra,101,89,4,2,2
opt,M_FSINSPECT_SNAPSHOT_873CF8A6,bra,173,159,4,2,2
opt,M_FSINSPECT_SNAPSHOT_873CF8A6,brl,258,242,4,3,1
opt,M_FSINSPECT_SNAPSHOT_873CF8A6,brl,302,285,4,3,1
opt,M_FSINSPECT_SNAPSHOT_873CF8A6,brl,359,341,4,3,1
opt,M_FSINSPECT_SNAPSHOT_873CF8A6,brl,441,422,4,3,1
opt,M_FSINSPECT_SNAPSHOT_873CF8A6,brl,515,495,4,3,1
opt,M_FSINSPECT_SNAPSHOT_873CF8A6,brl,676,655,4,3,1
opt,M_FSINSPECT_SNAPSHOT_873CF8A6,brl,711,689,4,3,1
opt,M_FSINSPECT_SNAPSHOT_873CF8A6,brl,739,716,4,3,1
opt,M_FSINSPECT_SNAPSHOT_873CF8A6,bra,835,811,4,2,2
opt,M_FSINSPECT_SNAPSHOT_873CF8A6,brl,841,815,4,3,1
opt,M_FSINSPECT_SNAPSHOT_873CF8A6,bra,855,828,4,2,2
opt,M_FSINSPECT_SNAPSHOT_873CF8A6,bra,861,832,4,2,2
opt,M_FSINSPECT_SNAPSHOT_873CF8A6,bra,887,856,4,2,2
opt,M_FSINSPECT_SNAPSHOT_873CF8A6,brl,1102,1069,4,3,1
opt,M_FSINSPECT_SNAPSHOT_873CF8A6,bra,1430,1396,4,2,2
opt,M_FSINSPECT_SNAPSHOT_873CF8A6,bra,1440,1404,4,2,2
opt,M_FSINSPECT_SNAPSHOT_873CF8A6,brl,1487,1449,4,3,1
opt,M_FSINSPECT_SNAPSHOT_873CF8A6,bra,1503,1464,4,2,2
opt,M_SHELLAPP_SHELLLINE_DC60634C,bra,8,8,4,2,2
opt,M_SHELLAPP_SHELLDRAWBUFFER_B9163ABE,bra,8,8,4,2,2
opt,M_SHELLAPP_SHELLSCRATCH_1695768C,bra,8,8,4,2,2
opt,M_SHELLAPP_SHELLTRANSFER_C9C879BF,bra,8,8,4,2,2
opt,M_SHELLAPP_SHELLFAIL_9D17A97C,conditional,70,68,6,2,4
opt,M_SHELLAPP_SHELLFAIL_9D17A97C,conditional,193,185,6,2,4
opt,M_SHELLAPP_SHELLFAIL_9D17A97C,bra,8,8,4,2,2
opt,M_SHELLAPP_SHELLFAIL_9D17A97C,bra,82,76,4,2,2
opt,M_SHELLAPP_SHELLFAIL_9D17A97C,bra,208,196,4,2,2
opt,M_SHELLAPP_SHELLLENGTH_56CE75A6,bra,8,8,4,2,2
opt,M_SHELLAPP_SHELLLENGTH_56CE75A6,bra,101,99,4,2,2
opt,M_SHELLAPP_SHELLLENGTH_56CE75A6,bra,114,110,4,2,2
opt,M_SHELLAPP_SHELLLENGTH_56CE75A6,bra,132,126,4,2,2
opt,M_SHELLAPP_SHELLEQUAL_EF077ADE,conditional,428,418,6,2,4
opt,M_SHELLAPP_SHELLEQUAL_EF077ADE,bra,8,8,4,2,2
opt,M_SHELLAPP_SHELLEQUAL_EF077ADE,brl,113,111,4,3,1
opt,M_SHELLAPP_SHELLEQUAL_EF077ADE,bra,197,194,4,2,2
opt,M_SHELLAPP_SHELLEQUAL_EF077ADE,bra,225,220,4,2,2
opt,M_SHELLAPP_SHELLEQUAL_EF077ADE,bra,332,325,4,2,2
opt,M_SHELLAPP_SHELLEQUAL_EF077ADE,brl,362,353,4,3,1
opt,M_SHELLAPP_SHELLEQUAL_EF077ADE,bra,436,422,4,2,2
opt,M_SHELLAPP_SHELLWRITE_F4A8AD7D,conditional,73,71,6,2,4
opt,M_SHELLAPP_SHELLWRITE_F4A8AD7D,conditional,493,474,6,2,4
opt,M_SHELLAPP_SHELLWRITE_F4A8AD7D,conditional,585,560,6,2,4
opt,M_SHELLAPP_SHELLWRITE_F4A8AD7D,bra,8,8,4,2,2
opt,M_SHELLAPP_SHELLWRITE_F4A8AD7D,bra,88,82,4,2,2
opt,M_SHELLAPP_SHELLWRITE_F4A8AD7D,bra,94,86,4,2,2
opt,M_SHELLAPP_SHELLWRITE_F4A8AD7D,bra,144,134,4,2,2
opt,M_SHELLAPP_SHELLWRITE_F4A8AD7D,bra,216,204,4,2,2
opt,M_SHELLAPP_SHELLWRITE_F4A8AD7D,bra,275,261,4,2,2
opt,M_SHELLAPP_SHELLWRITE_F4A8AD7D,bra,375,359,4,2,2
opt,M_SHELLAPP_SHELLWRITE_F4A8AD7D,brl,477,459,4,3,1
opt,M_SHELLAPP_SHELLWRITE_F4A8AD7D,bra,505,482,4,2,2
opt,M_SHELLAPP_SHELLWRITE_F4A8AD7D,bra,603,574,4,2,2
opt,M_SHELLAPP_SHELLWRITE_F4A8AD7D,bra,625,594,4,2,2
opt,M_SHELLAPP_SHELLWRITE_F4A8AD7D,bra,690,657,4,2,2
opt,M_SHELLAPP_SHELLWRITE_F4A8AD7D,bra,710,675,4,2,2
opt,M_SHELLAPP_SHELLBYTE_1EE28596,bra,8,8,4,2,2
opt,M_SHELLAPP_SHELLBYTE_1EE28596,bra,38,36,4,2,2
opt,M_SHELLAPP_SHELLBYTE_1EE28596,bra,188,184,4,2,2
opt,M_SHELLAPP_SHELLTEXT_7D109071,bra,8,8,4,2,2
opt,M_SHELLAPP_SHELLTEXT_7D109071,bra,54,52,4,2,2
opt,M_SHELLAPP_SHELLTEXT_7D109071,bra,121,117,4,2,2
opt,M_SHELLAPP_SHELLPASCAL_09C83940,bra,8,8,4,2,2
opt,M_SHELLAPP_SHELLPASCAL_09C83940,bra,161,159,4,2,2
opt,M_SHELLAPP_SHELLNUMBER_7C65BFBB,conditional,124,120,6,2,4
opt,M_SHELLAPP_SHELLNUMBER_7C65BFBB,conditional,130,122,6,2,4
opt,M_SHELLAPP_SHELLNUMBER_7C65BFBB,conditional,144,132,6,2,4
opt,M_SHELLAPP_SHELLNUMBER_7C65BFBB,conditional,150,134,6,2,4
opt,M_SHELLAPP_SHELLNUMBER_7C65BFBB,conditional,164,144,6,2,4
opt,M_SHELLAPP_SHELLNUMBER_7C65BFBB,conditional,170,146,6,2,4
opt,M_SHELLAPP_SHELLNUMBER_7C65BFBB,conditional,184,156,6,2,4
opt,M_SHELLAPP_SHELLNUMBER_7C65BFBB,conditional,190,158,6,2,4
opt,M_SHELLAPP_SHELLNUMBER_7C65BFBB,conditional,801,753,6,2,4
opt,M_SHELLAPP_SHELLNUMBER_7C65BFBB,conditional,807,755,6,2,4
opt,M_SHELLAPP_SHELLNUMBER_7C65BFBB,conditional,821,765,6,2,4
opt,M_SHELLAPP_SHELLNUMBER_7C65BFBB,conditional,827,767,6,2,4
opt,M_SHELLAPP_SHELLNUMBER_7C65BFBB,conditional,841,777,6,2,4
opt,M_SHELLAPP_SHELLNUMBER_7C65BFBB,conditional,847,779,6,2,4
opt,M_SHELLAPP_SHELLNUMBER_7C65BFBB,conditional,861,789,6,2,4
opt,M_SHELLAPP_SHELLNUMBER_7C65BFBB,conditional,867,791,6,2,4
opt,M_SHELLAPP_SHELLNUMBER_7C65BFBB,bra,8,8,4,2,2
opt,M_SHELLAPP_SHELLNUMBER_7C65BFBB,bra,38,36,4,2,2
opt,M_SHELLAPP_SHELLNUMBER_7C65BFBB,bra,196,160,4,2,2
opt,M_SHELLAPP_SHELLNUMBER_7C65BFBB,bra,202,164,4,2,2
opt,M_SHELLAPP_SHELLNUMBER_7C65BFBB,bra,208,168,4,2,2
opt,M_SHELLAPP_SHELLNUMBER_7C65BFBB,bra,214,172,4,2,2
opt,M_SHELLAPP_SHELLNUMBER_7C65BFBB,brl,230,186,4,3,1
opt,M_SHELLAPP_SHELLNUMBER_7C65BFBB,bra,495,450,4,2,2
opt,M_SHELLAPP_SHELLNUMBER_7C65BFBB,brl,654,607,4,3,1
opt,M_SHELLAPP_SHELLNUMBER_7C65BFBB,bra,873,793,4,2,2
opt,M_SHELLAPP_SHELLNUMBER_7C65BFBB,bra,879,797,4,2,2
opt,M_SHELLAPP_SHELLNUMBER_7C65BFBB,bra,885,801,4,2,2
opt,M_SHELLAPP_SHELLNUMBER_7C65BFBB,bra,891,805,4,2,2
opt,M_SHELLAPP_SHELLNUMBER_7C65BFBB,brl,907,819,4,3,1
opt,M_SHELLAPP_SHELLNUMBER_7C65BFBB,brl,1100,1011,4,3,1
opt,M_SHELLAPP_SHELLNUMBER_7C65BFBB,bra,1114,1024,4,2,2
opt,M_SHELLAPP_SHELLNUMBER_7C65BFBB,bra,1120,1028,4,2,2
opt,M_SHELLAPP_SHELLNUMBER_7C65BFBB,bra,1138,1044,4,2,2
opt,M_SHELLAPP_SHELLNUMBER_7C65BFBB,bra,1144,1048,4,2,2
opt,M_SHELLAPP_SHELLNUMBER_7C65BFBB,bra,1159,1061,4,2,2
opt,M_SHELLAPP_SHELLNUMBER_7C65BFBB,brl,1326,1226,4,3,1
opt,M_SHELLAPP_SHELLNUMBER_7C65BFBB,bra,1346,1245,4,2,2
opt,M_SHELLAPP_SHELLDIAGNOSTIC_F84A4C35,conditional,73,71,6,2,4
opt,M_SHELLAPP_SHELLDIAGNOSTIC_F84A4C35,bra,8,8,4,2,2
opt,M_SHELLAPP_SHELLDIAGNOSTIC_F84A4C35,brl,88,82,4,3,1
opt,M_SHELLAPP_SHELLDIAGNOSTIC_F84A4C35,bra,168,161,4,2,2
opt,M_SHELLAPP_SHELLDIAGNOSTIC_F84A4C35,bra,327,318,4,2,2
opt,M_SHELLAPP_SHELLDIAGNOSTIC_F84A4C35,bra,446,435,4,2,2
opt,M_SHELLAPP_SHELLREDRAW_2EDE4915,bra,8,8,4,2,2
opt,M_SHELLAPP_SHELLREDRAW_2EDE4915,bra,38,36,4,2,2
opt,M_SHELLAPP_SHELLREDRAW_2EDE4915,bra,102,98,4,2,2
opt,M_SHELLAPP_SHELLREDRAW_2EDE4915,bra,205,199,4,2,2
opt,M_SHELLAPP_SHELLREDRAW_2EDE4915,bra,455,447,4,2,2
opt,M_SHELLAPP_SHELLREDRAW_2EDE4915,brl,529,519,4,3,1
opt,M_SHELLAPP_SHELLREDRAW_2EDE4915,bra,601,590,4,2,2
opt,M_SHELLAPP_SHELLREDRAW_2EDE4915,brl,738,725,4,3,1
opt,M_SHELLAPP_SHELLREDRAW_2EDE4915,brl,1034,1020,4,3,1
opt,M_SHELLAPP_SHELLREDRAW_2EDE4915,brl,1066,1051,4,3,1
opt,M_SHELLAPP_SHELLREDRAW_2EDE4915,bra,1198,1182,4,2,2
opt,M_SHELLAPP_SHELLREDRAW_2EDE4915,bra,1208,1190,4,2,2
opt,M_SHELLAPP_SHELLREDRAW_2EDE4915,brl,1228,1208,4,3,1
opt,M_SHELLAPP_SHELLREDRAW_2EDE4915,bra,1317,1296,4,2,2
opt,M_SHELLAPP_SHELLCLEAR_52BB640F,bra,8,8,4,2,2
opt,M_SHELLAPP_SHELLCLEAR_52BB640F,bra,38,36,4,2,2
opt,M_SHELLAPP_SHELLPARSE_A4976CAB,conditional,2723,2621,6,2,4
opt,M_SHELLAPP_SHELLPARSE_A4976CAB,bra,8,8,4,2,2
opt,M_SHELLAPP_SHELLPARSE_A4976CAB,bra,38,36,4,2,2
opt,M_SHELLAPP_SHELLPARSE_A4976CAB,bra,325,321,4,2,2
opt,M_SHELLAPP_SHELLPARSE_A4976CAB,bra,343,337,4,2,2
opt,M_SHELLAPP_SHELLPARSE_A4976CAB,bra,405,397,4,2,2
opt,M_SHELLAPP_SHELLPARSE_A4976CAB,brl,411,401,4,3,1
opt,M_SHELLAPP_SHELLPARSE_A4976CAB,bra,473,462,4,2,2
opt,M_SHELLAPP_SHELLPARSE_A4976CAB,bra,479,466,4,2,2
opt,M_SHELLAPP_SHELLPARSE_A4976CAB,brl,569,554,4,3,1
opt,M_SHELLAPP_SHELLPARSE_A4976CAB,bra,695,679,4,2,2
opt,M_SHELLAPP_SHELLPARSE_A4976CAB,bra,713,695,4,2,2
opt,M_SHELLAPP_SHELLPARSE_A4976CAB,bra,775,755,4,2,2
opt,M_SHELLAPP_SHELLPARSE_A4976CAB,bra,781,759,4,2,2
opt,M_SHELLAPP_SHELLPARSE_A4976CAB,bra,843,819,4,2,2
opt,M_SHELLAPP_SHELLPARSE_A4976CAB,bra,849,823,4,2,2
opt,M_SHELLAPP_SHELLPARSE_A4976CAB,bra,911,883,4,2,2
opt,M_SHELLAPP_SHELLPARSE_A4976CAB,bra,939,909,4,2,2
opt,M_SHELLAPP_SHELLPARSE_A4976CAB,bra,983,951,4,2,2
opt,M_SHELLAPP_SHELLPARSE_A4976CAB,bra,989,955,4,2,2
opt,M_SHELLAPP_SHELLPARSE_A4976CAB,bra,1003,967,4,2,2
opt,M_SHELLAPP_SHELLPARSE_A4976CAB,bra,1047,1009,4,2,2
opt,M_SHELLAPP_SHELLPARSE_A4976CAB,bra,1131,1091,4,2,2
opt,M_SHELLAPP_SHELLPARSE_A4976CAB,bra,1273,1231,4,2,2
opt,M_SHELLAPP_SHELLPARSE_A4976CAB,brl,1367,1323,4,3,1
opt,M_SHELLAPP_SHELLPARSE_A4976CAB,bra,1383,1338,4,2,2
opt,M_SHELLAPP_SHELLPARSE_A4976CAB,bra,1411,1364,4,2,2
opt,M_SHELLAPP_SHELLPARSE_A4976CAB,brl,1425,1376,4,3,1
opt,M_SHELLAPP_SHELLPARSE_A4976CAB,bra,1467,1417,4,2,2
opt,M_SHELLAPP_SHELLPARSE_A4976CAB,bra,1539,1487,4,2,2
opt,M_SHELLAPP_SHELLPARSE_A4976CAB,bra,1555,1501,4,2,2
opt,M_SHELLAPP_SHELLPARSE_A4976CAB,brl,1629,1573,4,3,1
opt,M_SHELLAPP_SHELLPARSE_A4976CAB,bra,1643,1586,4,2,2
opt,M_SHELLAPP_SHELLPARSE_A4976CAB,bra,1649,1590,4,2,2
opt,M_SHELLAPP_SHELLPARSE_A4976CAB,bra,1663,1602,4,2,2
opt,M_SHELLAPP_SHELLPARSE_A4976CAB,brl,1671,1608,4,3,1
opt,M_SHELLAPP_SHELLPARSE_A4976CAB,bra,1685,1621,4,2,2
opt,M_SHELLAPP_SHELLPARSE_A4976CAB,bra,1691,1625,4,2,2
opt,M_SHELLAPP_SHELLPARSE_A4976CAB,bra,1705,1637,4,2,2
opt,M_SHELLAPP_SHELLPARSE_A4976CAB,bra,1711,1641,4,2,2
opt,M_SHELLAPP_SHELLPARSE_A4976CAB,bra,1725,1653,4,2,2
opt,M_SHELLAPP_SHELLPARSE_A4976CAB,bra,1731,1657,4,2,2
opt,M_SHELLAPP_SHELLPARSE_A4976CAB,bra,1745,1669,4,2,2
opt,M_SHELLAPP_SHELLPARSE_A4976CAB,bra,1751,1673,4,2,2
opt,M_SHELLAPP_SHELLPARSE_A4976CAB,bra,1765,1685,4,2,2
opt,M_SHELLAPP_SHELLPARSE_A4976CAB,brl,1887,1805,4,3,1
opt,M_SHELLAPP_SHELLPARSE_A4976CAB,bra,1953,1870,4,2,2
opt,M_SHELLAPP_SHELLPARSE_A4976CAB,bra,2021,1936,4,2,2
opt,M_SHELLAPP_SHELLPARSE_A4976CAB,bra,2101,2014,4,2,2
opt,M_SHELLAPP_SHELLPARSE_A4976CAB,bra,2187,2098,4,2,2
opt,M_SHELLAPP_SHELLPARSE_A4976CAB,brl,2224,2133,4,3,1
opt,M_SHELLAPP_SHELLPARSE_A4976CAB,bra,2238,2146,4,2,2
opt,M_SHELLAPP_SHELLPARSE_A4976CAB,brl,2275,2181,4,3,1
opt,M_SHELLAPP_SHELLPARSE_A4976CAB,bra,2583,2488,4,2,2
opt,M_SHELLAPP_SHELLPARSE_A4976CAB,bra,2589,2492,4,2,2
opt,M_SHELLAPP_SHELLPARSE_A4976CAB,brl,2601,2502,4,3,1
opt,M_SHELLAPP_SHELLPARSE_A4976CAB,bra,2681,2581,4,2,2
opt,M_SHELLAPP_SHELLPARSE_A4976CAB,bra,2733,2627,4,2,2
opt,M_SHELLAPP_SHELLPARSE_A4976CAB,bra,2961,2853,4,2,2
opt,M_SHELLAPP_SHELLPARSE_A4976CAB,bra,3048,2938,4,2,2
opt,M_SHELLAPP_SHELLPARSE_A4976CAB,brl,3089,2977,4,3,1
opt,M_SHELLAPP_SHELLPARSE_A4976CAB,bra,3129,3016,4,2,2
opt,M_SHELLAPP_SHELLPARSE_A4976CAB,bra,3216,3101,4,2,2
opt,M_SHELLAPP_SHELLPARSE_A4976CAB,brl,3257,3140,4,3,1
opt,M_SHELLAPP_SHELLPARSE_A4976CAB,bra,3297,3179,4,2,2
opt,M_SHELLAPP_SHELLPARSE_A4976CAB,bra,3384,3264,4,2,2
opt,M_SHELLAPP_SHELLPARSE_A4976CAB,brl,3425,3303,4,3,1
opt,M_SHELLAPP_SHELLPARSE_A4976CAB,bra,3465,3342,4,2,2
opt,M_SHELLAPP_SHELLPARSE_A4976CAB,bra,3552,3427,4,2,2
opt,M_SHELLAPP_SHELLPARSE_A4976CAB,brl,3593,3466,4,3,1
opt,M_SHELLAPP_SHELLPARSE_A4976CAB,bra,3633,3505,4,2,2
opt,M_SHELLAPP_SHELLPARSE_A4976CAB,bra,3720,3590,4,2,2
opt,M_SHELLAPP_SHELLPARSE_A4976CAB,brl,3761,3629,4,3,1
opt,M_SHELLAPP_SHELLPARSE_A4976CAB,bra,3801,3668,4,2,2
opt,M_SHELLAPP_SHELLPARSE_A4976CAB,bra,3888,3753,4,2,2
opt,M_SHELLAPP_SHELLPARSE_A4976CAB,brl,3929,3792,4,3,1
opt,M_SHELLAPP_SHELLPARSE_A4976CAB,bra,3969,3831,4,2,2
opt,M_SHELLAPP_SHELLPARSE_A4976CAB,bra,4056,3916,4,2,2
opt,M_SHELLAPP_SHELLPARSE_A4976CAB,brl,4097,3955,4,3,1
opt,M_SHELLAPP_SHELLPARSE_A4976CAB,bra,4137,3994,4,2,2
opt,M_SHELLAPP_SHELLPARSE_A4976CAB,bra,4224,4079,4,2,2
opt,M_SHELLAPP_SHELLPARSE_A4976CAB,brl,4265,4118,4,3,1
opt,M_SHELLAPP_SHELLPARSE_A4976CAB,bra,4305,4157,4,2,2
opt,M_SHELLAPP_SHELLPARSE_A4976CAB,bra,4392,4242,4,2,2
opt,M_SHELLAPP_SHELLPARSE_A4976CAB,brl,4433,4281,4,3,1
opt,M_SHELLAPP_SHELLPARSE_A4976CAB,bra,4473,4320,4,2,2
opt,M_SHELLAPP_SHELLPARSE_A4976CAB,bra,4560,4405,4,2,2
opt,M_SHELLAPP_SHELLPARSE_A4976CAB,brl,4601,4444,4,3,1
opt,M_SHELLAPP_SHELLPARSE_A4976CAB,bra,4641,4483,4,2,2
opt,M_SHELLAPP_SHELLPARSE_A4976CAB,bra,4728,4568,4,2,2
opt,M_SHELLAPP_SHELLPARSE_A4976CAB,bra,4810,4648,4,2,2
opt,M_SHELLAPP_SHELLPARSE_A4976CAB,bra,4824,4660,4,2,2
opt,M_SHELLAPP_SHELLPARSE_A4976CAB,bra,4944,4778,4,2,2
opt,M_SHELLAPP_SHELLPARSE_A4976CAB,bra,4950,4782,4,2,2
opt,M_SHELLAPP_SHELLPARSE_A4976CAB,bra,4995,4825,4,2,2
opt,M_SHELLAPP_SHELLPARSE_A4976CAB,bra,5001,4829,4,2,2
opt,M_SHELLAPP_SHELLPARSE_A4976CAB,bra,5046,4872,4,2,2
opt,M_SHELLAPP_SHELLPARSE_A4976CAB,bra,5093,4917,4,2,2
opt,M_SHELLAPP_SHELLPARSE_A4976CAB,bra,5152,4974,4,2,2
opt,M_SHELLAPP_SHELLPARSE_A4976CAB,bra,5158,4978,4,2,2
opt,M_SHELLAPP_SHELLPARSE_A4976CAB,bra,5203,5021,4,2,2
opt,M_SHELLAPP_SHELLPARSE_A4976CAB,bra,5209,5025,4,2,2
opt,M_SHELLAPP_SHELLPARSE_A4976CAB,bra,5254,5068,4,2,2
opt,M_SHELLAPP_SHELLPARSE_A4976CAB,bra,5301,5113,4,2,2
opt,M_SHELLAPP_SHELLCHANGE_E2B81D98,conditional,212,206,6,2,4
opt,M_SHELLAPP_SHELLCHANGE_E2B81D98,bra,8,8,4,2,2
opt,M_SHELLAPP_SHELLCHANGE_E2B81D98,bra,46,44,4,2,2
opt,M_SHELLAPP_SHELLCHANGE_E2B81D98,bra,142,138,4,2,2
opt,M_SHELLAPP_SHELLCHANGE_E2B81D98,bra,228,218,4,2,2
opt,M_SHELLAPP_SHELLCHANGE_E2B81D98,bra,250,238,4,2,2
opt,M_SHELLAPP_SHELLCHANGE_E2B81D98,bra,388,374,4,2,2
opt,M_SHELLAPP_SHELLCHANGE_E2B81D98,bra,470,454,4,2,2
opt,M_SHELLAPP_SHELLCHANGE_E2B81D98,brl,538,520,4,3,1
opt,M_SHELLAPP_SHELLCHANGE_E2B81D98,bra,560,541,4,2,2
opt,M_SHELLAPP_SHELLCHANGE_E2B81D98,bra,675,654,4,2,2
opt,M_SHELLAPP_SHELLCHANGE_E2B81D98,bra,749,726,4,2,2
opt,M_SHELLAPP_SHELLCHANGE_E2B81D98,brl,809,784,4,3,1
opt,M_SHELLAPP_SHELLCHANGE_E2B81D98,bra,823,797,4,2,2
opt,M_SHELLAPP_SHELLCHANGE_E2B81D98,bra,883,855,4,2,2
opt,M_SHELLAPP_SHELLCHANGE_E2B81D98,bra,955,925,4,2,2
opt,M_SHELLAPP_SHELLCHANGE_E2B81D98,bra,1109,1077,4,2,2
opt,M_SHELLAPP_SHELLCHANGE_E2B81D98,bra,1174,1140,4,2,2
opt,M_SHELLAPP_SHELLCHANGE_E2B81D98,brl,1234,1198,4,3,1
opt,M_SHELLAPP_SHELLCHANGE_E2B81D98,bra,1248,1211,4,2,2
opt,M_SHELLAPP_SHELLCHANGE_E2B81D98,bra,1308,1269,4,2,2
opt,M_SHELLAPP_SHELLCHANGE_E2B81D98,bra,1373,1332,4,2,2
opt,M_SHELLAPP_SHELLRELEASELOCK_7049A622,bra,8,8,4,2,2
opt,M_SHELLAPP_SHELLRELEASELOCK_7049A622,bra,80,78,4,2,2
opt,M_SHELLAPP_SHELLRELEASELOCK_7049A622,bra,154,150,4,2,2
opt,M_SHELLAPP_SHELLRELEASELOCK_7049A622,brl,214,208,4,3,1
opt,M_SHELLAPP_SHELLRELEASELOCK_7049A622,bra,228,221,4,2,2
opt,M_SHELLAPP_SHELLRELEASELOCK_7049A622,bra,288,279,4,2,2
opt,M_SHELLAPP_SHELLRELEASELOCK_7049A622,bra,410,399,4,2,2
opt,M_SHELLAPP_SHELLRELEASELOCK_7049A622,bra,475,462,4,2,2
opt,M_SHELLAPP_SHELLRELEASELOCK_7049A622,brl,535,520,4,3,1
opt,M_SHELLAPP_SHELLRELEASELOCK_7049A622,bra,549,533,4,2,2
opt,M_SHELLAPP_SHELLRELEASELOCK_7049A622,bra,609,591,4,2,2
opt,M_SHELLAPP_SHELLRELEASELOCK_7049A622,bra,674,654,4,2,2
opt,M_SHELLAPP_SHELLDIR_EB67AED9,conditional,442,437,6,2,4
opt,M_SHELLAPP_SHELLDIR_EB67AED9,conditional,880,860,6,2,4
opt,M_SHELLAPP_SHELLDIR_EB67AED9,conditional,1019,990,6,2,4
opt,M_SHELLAPP_SHELLDIR_EB67AED9,conditional,1025,992,6,2,4
opt,M_SHELLAPP_SHELLDIR_EB67AED9,conditional,1039,1002,6,2,4
opt,M_SHELLAPP_SHELLDIR_EB67AED9,conditional,1045,1004,6,2,4
opt,M_SHELLAPP_SHELLDIR_EB67AED9,conditional,1059,1014,6,2,4
opt,M_SHELLAPP_SHELLDIR_EB67AED9,conditional,1065,1016,6,2,4
opt,M_SHELLAPP_SHELLDIR_EB67AED9,conditional,1079,1026,6,2,4
opt,M_SHELLAPP_SHELLDIR_EB67AED9,conditional,1085,1028,6,2,4
opt,M_SHELLAPP_SHELLDIR_EB67AED9,conditional,1406,1328,6,2,4
opt,M_SHELLAPP_SHELLDIR_EB67AED9,conditional,1763,1670,6,2,4
opt,M_SHELLAPP_SHELLDIR_EB67AED9,conditional,1769,1672,6,2,4
opt,M_SHELLAPP_SHELLDIR_EB67AED9,conditional,1783,1682,6,2,4
opt,M_SHELLAPP_SHELLDIR_EB67AED9,conditional,1789,1684,6,2,4
opt,M_SHELLAPP_SHELLDIR_EB67AED9,conditional,1803,1694,6,2,4
opt,M_SHELLAPP_SHELLDIR_EB67AED9,conditional,1809,1696,6,2,4
opt,M_SHELLAPP_SHELLDIR_EB67AED9,conditional,1823,1706,6,2,4
opt,M_SHELLAPP_SHELLDIR_EB67AED9,conditional,1829,1708,6,2,4
opt,M_SHELLAPP_SHELLDIR_EB67AED9,bra,8,8,4,2,2
opt,M_SHELLAPP_SHELLDIR_EB67AED9,brl,95,93,4,3,1
opt,M_SHELLAPP_SHELLDIR_EB67AED9,bra,292,289,4,2,2
opt,M_SHELLAPP_SHELLDIR_EB67AED9,brl,458,449,4,3,1
opt,M_SHELLAPP_SHELLDIR_EB67AED9,bra,472,462,4,2,2
opt,M_SHELLAPP_SHELLDIR_EB67AED9,bra,532,520,4,2,2
opt,M_SHELLAPP_SHELLDIR_EB67AED9,bra,612,598,4,2,2
opt,M_SHELLAPP_SHELLDIR_EB67AED9,bra,734,718,4,2,2
opt,M_SHELLAPP_SHELLDIR_EB67AED9,bra,818,800,4,2,2
opt,M_SHELLAPP_SHELLDIR_EB67AED9,bra,892,868,4,2,2
opt,M_SHELLAPP_SHELLDIR_EB67AED9,bra,914,888,4,2,2
opt,M_SHELLAPP_SHELLDIR_EB67AED9,brl,979,951,4,3,1
opt,M_SHELLAPP_SHELLDIR_EB67AED9,bra,1091,1030,4,2,2
opt,M_SHELLAPP_SHELLDIR_EB67AED9,bra,1097,1034,4,2,2
opt,M_SHELLAPP_SHELLDIR_EB67AED9,bra,1103,1038,4,2,2
opt,M_SHELLAPP_SHELLDIR_EB67AED9,bra,1109,1042,4,2,2
opt,M_SHELLAPP_SHELLDIR_EB67AED9,bra,1125,1056,4,2,2
opt,M_SHELLAPP_SHELLDIR_EB67AED9,bra,1139,1068,4,2,2
opt,M_SHELLAPP_SHELLDIR_EB67AED9,brl,1206,1133,4,3,1
opt,M_SHELLAPP_SHELLDIR_EB67AED9,bra,1260,1186,4,2,2
opt,M_SHELLAPP_SHELLDIR_EB67AED9,bra,1344,1268,4,2,2
opt,M_SHELLAPP_SHELLDIR_EB67AED9,bra,1418,1336,4,2,2
opt,M_SHELLAPP_SHELLDIR_EB67AED9,bra,1446,1362,4,2,2
opt,M_SHELLAPP_SHELLDIR_EB67AED9,bra,1468,1382,4,2,2
opt,M_SHELLAPP_SHELLDIR_EB67AED9,brl,1533,1445,4,3,1
opt,M_SHELLAPP_SHELLDIR_EB67AED9,bra,1545,1456,4,2,2
opt,M_SHELLAPP_SHELLDIR_EB67AED9,bra,1656,1565,4,2,2
opt,M_SHELLAPP_SHELLDIR_EB67AED9,bra,1835,1710,4,2,2
opt,M_SHELLAPP_SHELLDIR_EB67AED9,bra,1841,1714,4,2,2
opt,M_SHELLAPP_SHELLDIR_EB67AED9,bra,1847,1718,4,2,2
opt,M_SHELLAPP_SHELLDIR_EB67AED9,bra,1853,1722,4,2,2
opt,M_SHELLAPP_SHELLDIR_EB67AED9,brl,1869,1736,4,3,1
opt,M_SHELLAPP_SHELLDIR_EB67AED9,bra,1883,1749,4,2,2
opt,M_SHELLAPP_SHELLDIR_EB67AED9,bra,1947,1811,4,2,2
opt,M_SHELLAPP_SHELLDIR_EB67AED9,brl,2010,1872,4,3,1
opt,M_SHELLAPP_SHELLDIR_EB67AED9,bra,2022,1883,4,2,2
opt,M_SHELLAPP_SHELLDIR_EB67AED9,bra,2086,1945,4,2,2
opt,M_SHELLAPP_SHELLDIR_EB67AED9,bra,2157,2014,4,2,2
opt,M_SHELLAPP_SHELLDIR_EB67AED9,bra,2243,2098,4,2,2
opt,M_SHELLAPP_SHELLDIR_EB67AED9,bra,2320,2173,4,2,2
opt,M_SHELLAPP_SHELLDIR_EB67AED9,bra,2384,2235,4,2,2
opt,M_SHELLAPP_SHELLDIR_EB67AED9,bra,2493,2342,4,2,2
opt,M_SHELLAPP_SHELLDIR_EB67AED9,bra,2499,2346,4,2,2
opt,M_SHELLAPP_SHELLDIR_EB67AED9,brl,2503,2348,4,3,1
opt,M_SHELLAPP_SHELLDIR_EB67AED9,bra,2515,2359,4,2,2
opt,M_SHELLAPP_SHELLCONVERT_8185A927,bra,8,8,4,2,2
opt,M_SHELLAPP_SHELLCONVERT_8185A927,bra,38,36,4,2,2
opt,M_SHELLAPP_SHELLCONVERT_8185A927,bra,103,99,4,2,2
opt,M_SHELLAPP_SHELLCONVERT_8185A927,brl,149,143,4,3,1
opt,M_SHELLAPP_SHELLCONVERT_8185A927,brl,215,208,4,3,1
opt,M_SHELLAPP_SHELLCONVERT_8185A927,bra,231,223,4,2,2
opt,M_SHELLAPP_SHELLCONVERT_8185A927,bra,249,239,4,2,2
opt,M_SHELLAPP_SHELLCONVERT_8185A927,bra,275,263,4,2,2
opt,M_SHELLAPP_SHELLCONVERT_8185A927,bra,303,289,4,2,2
opt,M_SHELLAPP_SHELLCONVERT_8185A927,bra,319,303,4,2,2
opt,M_SHELLAPP_SHELLCONVERT_8185A927,bra,325,307,4,2,2
opt,M_SHELLAPP_SHELLCONVERT_8185A927,bra,351,331,4,2,2
opt,M_SHELLAPP_SHELLCONVERT_8185A927,bra,440,418,4,2,2
opt,M_SHELLAPP_SHELLCONVERT_8185A927,bra,450,426,4,2,2
opt,M_SHELLAPP_SHELLCONVERT_8185A927,brl,468,442,4,3,1
opt,M_SHELLAPP_SHELLCLOSECOMMANDINPUT_5DFC114D,conditional,204,199,6,2,4
opt,M_SHELLAPP_SHELLCLOSECOMMANDINPUT_5DFC114D,bra,8,8,4,2,2
opt,M_SHELLAPP_SHELLCLOSECOMMANDINPUT_5DFC114D,brl,84,82,4,3,1
opt,M_SHELLAPP_SHELLCLOSECOMMANDINPUT_5DFC114D,bra,140,137,4,2,2
opt,M_SHELLAPP_SHELLCLOSECOMMANDINPUT_5DFC114D,brl,216,207,4,3,1
opt,M_SHELLAPP_SHELLCLOSECOMMANDINPUT_5DFC114D,bra,230,220,4,2,2
opt,M_SHELLAPP_SHELLCLOSECOMMANDINPUT_5DFC114D,bra,290,278,4,2,2
opt,M_SHELLAPP_SHELLCLOSECOMMANDINPUT_5DFC114D,bra,355,341,4,2,2
opt,M_SHELLAPP_SHELLTYPE_D64CE23C,conditional,510,501,6,2,4
opt,M_SHELLAPP_SHELLTYPE_D64CE23C,conditional,602,586,6,2,4
opt,M_SHELLAPP_SHELLTYPE_D64CE23C,conditional,1367,1324,6,2,4
opt,M_SHELLAPP_SHELLTYPE_D64CE23C,conditional,1373,1326,6,2,4
opt,M_SHELLAPP_SHELLTYPE_D64CE23C,conditional,1387,1336,6,2,4
opt,M_SHELLAPP_SHELLTYPE_D64CE23C,conditional,1393,1338,6,2,4
opt,M_SHELLAPP_SHELLTYPE_D64CE23C,conditional,1407,1348,6,2,4
opt,M_SHELLAPP_SHELLTYPE_D64CE23C,conditional,1413,1350,6,2,4
opt,M_SHELLAPP_SHELLTYPE_D64CE23C,conditional,1427,1360,6,2,4
opt,M_SHELLAPP_SHELLTYPE_D64CE23C,conditional,1433,1362,6,2,4
opt,M_SHELLAPP_SHELLTYPE_D64CE23C,conditional,1566,1478,6,2,4
opt,M_SHELLAPP_SHELLTYPE_D64CE23C,conditional,1602,1507,6,2,4
opt,M_SHELLAPP_SHELLTYPE_D64CE23C,conditional,1608,1509,6,2,4
opt,M_SHELLAPP_SHELLTYPE_D64CE23C,conditional,1622,1519,6,2,4
opt,M_SHELLAPP_SHELLTYPE_D64CE23C,conditional,1628,1521,6,2,4
opt,M_SHELLAPP_SHELLTYPE_D64CE23C,conditional,1642,1531,6,2,4
opt,M_SHELLAPP_SHELLTYPE_D64CE23C,conditional,1648,1533,6,2,4
opt,M_SHELLAPP_SHELLTYPE_D64CE23C,conditional,1662,1543,6,2,4
opt,M_SHELLAPP_SHELLTYPE_D64CE23C,conditional,1668,1545,6,2,4
opt,M_SHELLAPP_SHELLTYPE_D64CE23C,bra,8,8,4,2,2
opt,M_SHELLAPP_SHELLTYPE_D64CE23C,brl,71,69,4,3,1
opt,M_SHELLAPP_SHELLTYPE_D64CE23C,bra,236,233,4,2,2
opt,M_SHELLAPP_SHELLTYPE_D64CE23C,bra,412,407,4,2,2
opt,M_SHELLAPP_SHELLTYPE_D64CE23C,bra,424,417,4,2,2
opt,M_SHELLAPP_SHELLTYPE_D64CE23C,brl,526,513,4,3,1
opt,M_SHELLAPP_SHELLTYPE_D64CE23C,bra,540,526,4,2,2
opt,M_SHELLAPP_SHELLTYPE_D64CE23C,bra,614,594,4,2,2
opt,M_SHELLAPP_SHELLTYPE_D64CE23C,bra,656,634,4,2,2
opt,M_SHELLAPP_SHELLTYPE_D64CE23C,brl,769,745,4,3,1
opt,M_SHELLAPP_SHELLTYPE_D64CE23C,bra,783,758,4,2,2
opt,M_SHELLAPP_SHELLTYPE_D64CE23C,bra,861,834,4,2,2
opt,M_SHELLAPP_SHELLTYPE_D64CE23C,bra,929,900,4,2,2
opt,M_SHELLAPP_SHELLTYPE_D64CE23C,bra,951,920,4,2,2
opt,M_SHELLAPP_SHELLTYPE_D64CE23C,bra,1039,1006,4,2,2
opt,M_SHELLAPP_SHELLTYPE_D64CE23C,bra,1053,1018,4,2,2
opt,M_SHELLAPP_SHELLTYPE_D64CE23C,bra,1135,1098,4,2,2
opt,M_SHELLAPP_SHELLTYPE_D64CE23C,bra,1199,1160,4,2,2
opt,M_SHELLAPP_SHELLTYPE_D64CE23C,bra,1293,1252,4,2,2
opt,M_SHELLAPP_SHELLTYPE_D64CE23C,bra,1439,1364,4,2,2
opt,M_SHELLAPP_SHELLTYPE_D64CE23C,bra,1445,1368,4,2,2
opt,M_SHELLAPP_SHELLTYPE_D64CE23C,bra,1451,1372,4,2,2
opt,M_SHELLAPP_SHELLTYPE_D64CE23C,bra,1457,1376,4,2,2
opt,M_SHELLAPP_SHELLTYPE_D64CE23C,bra,1473,1390,4,2,2
opt,M_SHELLAPP_SHELLTYPE_D64CE23C,bra,1495,1410,4,2,2
opt,M_SHELLAPP_SHELLTYPE_D64CE23C,brl,1560,1473,4,3,1
opt,M_SHELLAPP_SHELLTYPE_D64CE23C,bra,1578,1486,4,2,2
opt,M_SHELLAPP_SHELLTYPE_D64CE23C,brl,1584,1490,4,3,1
opt,M_SHELLAPP_SHELLTYPE_D64CE23C,bra,1674,1547,4,2,2
opt,M_SHELLAPP_SHELLTYPE_D64CE23C,bra,1680,1551,4,2,2
opt,M_SHELLAPP_SHELLTYPE_D64CE23C,bra,1686,1555,4,2,2
opt,M_SHELLAPP_SHELLTYPE_D64CE23C,bra,1692,1559,4,2,2
opt,M_SHELLAPP_SHELLTYPE_D64CE23C,bra,1708,1573,4,2,2
opt,M_SHELLAPP_SHELLTYPE_D64CE23C,bra,1722,1585,4,2,2
opt,M_SHELLAPP_SHELLTYPE_D64CE23C,brl,1789,1650,4,3,1
opt,M_SHELLAPP_SHELLTYPE_D64CE23C,bra,1813,1673,4,2,2
opt,M_SHELLAPP_SHELLTYPE_D64CE23C,bra,1878,1736,4,2,2
opt,M_SHELLAPP_SHELLTYPE_D64CE23C,bra,1942,1798,4,2,2
opt,M_SHELLAPP_SHELLTYPE_D64CE23C,bra,2010,1864,4,2,2
opt,M_SHELLAPP_SHELLTYPE_D64CE23C,bra,2131,1983,4,2,2
opt,M_SHELLAPP_SHELLTYPE_D64CE23C,bra,2137,1987,4,2,2
opt,M_SHELLAPP_SHELLTYPE_D64CE23C,brl,2141,1989,4,3,1
opt,M_SHELLAPP_SHELLTYPE_D64CE23C,bra,2153,2000,4,2,2
opt,M_SHELLAPP_SHELLMEM_399A3E7B,bra,8,8,4,2,2
opt,M_SHELLAPP_SHELLMEM_399A3E7B,bra,38,36,4,2,2
opt,M_SHELLAPP_SHELLMEM_399A3E7B,bra,130,126,4,2,2
opt,M_SHELLAPP_SHELLMEM_399A3E7B,bra,209,203,4,2,2
opt,M_SHELLAPP_SHELLMEM_399A3E7B,bra,273,265,4,2,2
opt,M_SHELLAPP_SHELLMEM_399A3E7B,bra,363,353,4,2,2
opt,M_SHELLAPP_SHELLMEM_399A3E7B,bra,440,428,4,2,2
opt,M_SHELLAPP_SHELLMEM_399A3E7B,bra,504,490,4,2,2
opt,M_SHELLAPP_SHELLMEM_399A3E7B,bra,575,559,4,2,2
opt,M_SHELLAPP_SHELLMEM_399A3E7B,bra,667,649,4,2,2
opt,M_SHELLAPP_SHELLMEM_399A3E7B,bra,746,726,4,2,2
opt,M_SHELLAPP_SHELLMEM_399A3E7B,bra,810,788,4,2,2
opt,M_SHELLAPP_SHELLMEM_399A3E7B,bra,900,876,4,2,2
opt,M_SHELLAPP_SHELLMEM_399A3E7B,bra,977,951,4,2,2
opt,M_SHELLAPP_SHELLMEM_399A3E7B,bra,1041,1013,4,2,2
opt,M_SHELLAPP_SHELLMEM_399A3E7B,bra,1112,1082,4,2,2
opt,M_SHELLAPP_SHELLMEM_399A3E7B,bra,1204,1172,4,2,2
opt,M_SHELLAPP_SHELLMEM_399A3E7B,bra,1283,1249,4,2,2
opt,M_SHELLAPP_SHELLMEM_399A3E7B,bra,1347,1311,4,2,2
opt,M_SHELLAPP_SHELLMEM_399A3E7B,bra,1437,1399,4,2,2
opt,M_SHELLAPP_SHELLMEM_399A3E7B,bra,1514,1474,4,2,2
opt,M_SHELLAPP_SHELLMEM_399A3E7B,bra,1578,1536,4,2,2
opt,M_SHELLAPP_SHELLMEM_399A3E7B,bra,1649,1605,4,2,2
opt,M_SHELLAPP_SHELLMEM_399A3E7B,bra,1741,1695,4,2,2
opt,M_SHELLAPP_SHELLMEM_399A3E7B,bra,1820,1772,4,2,2
opt,M_SHELLAPP_SHELLMEM_399A3E7B,bra,1884,1834,4,2,2
opt,M_SHELLAPP_SHELLMEM_399A3E7B,bra,1974,1922,4,2,2
opt,M_SHELLAPP_SHELLMEM_399A3E7B,bra,2051,1997,4,2,2
opt,M_SHELLAPP_SHELLMEM_399A3E7B,bra,2115,2059,4,2,2
opt,M_SHELLAPP_SHELLTASKSTATE_6E5D5B16,bra,8,8,4,2,2
opt,M_SHELLAPP_SHELLTASKSTATE_6E5D5B16,bra,80,78,4,2,2
opt,M_SHELLAPP_SHELLTASKSTATE_6E5D5B16,brl,122,118,4,3,1
opt,M_SHELLAPP_SHELLTASKSTATE_6E5D5B16,bra,140,135,4,2,2
opt,M_SHELLAPP_SHELLTASKSTATE_6E5D5B16,bra,182,175,4,2,2
opt,M_SHELLAPP_SHELLTASKSTATE_6E5D5B16,bra,200,191,4,2,2
opt,M_SHELLAPP_SHELLTASKSTATE_6E5D5B16,bra,242,231,4,2,2
opt,M_SHELLAPP_SHELLTASKSTATE_6E5D5B16,bra,260,247,4,2,2
opt,M_SHELLAPP_SHELLTASKSTATE_6E5D5B16,bra,326,311,4,2,2
opt,M_SHELLAPP_SHELLTASKS_1B8DD8E2,bra,8,8,4,2,2
opt,M_SHELLAPP_SHELLTASKS_1B8DD8E2,bra,38,36,4,2,2
opt,M_SHELLAPP_SHELLTASKS_1B8DD8E2,bra,118,114,4,2,2
opt,M_SHELLAPP_SHELLTASKS_1B8DD8E2,bra,230,224,4,2,2
opt,M_SHELLAPP_SHELLTASKS_1B8DD8E2,bra,317,309,4,2,2
opt,M_SHELLAPP_SHELLTASKS_1B8DD8E2,bra,387,377,4,2,2
opt,M_SHELLAPP_SHELLTASKS_1B8DD8E2,brl,417,405,4,3,1
opt,M_SHELLAPP_SHELLTASKS_1B8DD8E2,bra,565,552,4,2,2
opt,M_SHELLAPP_SHELLTASKS_1B8DD8E2,bra,754,739,4,2,2
opt,M_SHELLAPP_SHELLTASKS_1B8DD8E2,bra,776,759,4,2,2
opt,M_SHELLAPP_SHELLTASKS_1B8DD8E2,bra,855,836,4,2,2
opt,M_SHELLAPP_SHELLTASKS_1B8DD8E2,bra,934,913,4,2,2
opt,M_SHELLAPP_SHELLTASKS_1B8DD8E2,bra,1013,990,4,2,2
opt,M_SHELLAPP_SHELLTASKS_1B8DD8E2,bra,1206,1181,4,2,2
opt,M_SHELLAPP_SHELLTASKS_1B8DD8E2,bra,1285,1258,4,2,2
opt,M_SHELLAPP_SHELLTASKS_1B8DD8E2,bra,1552,1523,4,2,2
opt,M_SHELLAPP_SHELLTASKS_1B8DD8E2,bra,1602,1571,4,2,2
opt,M_SHELLAPP_SHELLTASKS_1B8DD8E2,brl,1673,1640,4,3,1
opt,M_SHELLAPP_SHELLTASKS_1B8DD8E2,bra,1835,1801,4,2,2
opt,M_SHELLAPP_SHELLTASKS_1B8DD8E2,bra,1922,1886,4,2,2
opt,M_SHELLAPP_SHELLTASKS_1B8DD8E2,bra,2031,1993,4,2,2
opt,M_SHELLAPP_SHELLTASKS_1B8DD8E2,bra,2037,1997,4,2,2
opt,M_SHELLAPP_SHELLTASKS_1B8DD8E2,bra,2048,2006,4,2,2
opt,M_SHELLAPP_SHELLTASKS_1B8DD8E2,bra,2054,2010,4,2,2
opt,M_SHELLAPP_SHELLTASKS_1B8DD8E2,brl,2070,2024,4,3,1
opt,M_SHELLAPP_SHELLDEVICES_E5FACF4D,bra,8,8,4,2,2
opt,M_SHELLAPP_SHELLDEVICES_E5FACF4D,bra,38,36,4,2,2
opt,M_SHELLAPP_SHELLDEVICES_E5FACF4D,bra,118,114,4,2,2
opt,M_SHELLAPP_SHELLDEVICES_E5FACF4D,bra,230,224,4,2,2
opt,M_SHELLAPP_SHELLDEVICES_E5FACF4D,bra,317,309,4,2,2
opt,M_SHELLAPP_SHELLDEVICES_E5FACF4D,bra,387,377,4,2,2
opt,M_SHELLAPP_SHELLDEVICES_E5FACF4D,brl,417,405,4,3,1
opt,M_SHELLAPP_SHELLDEVICES_E5FACF4D,bra,487,474,4,2,2
opt,M_SHELLAPP_SHELLDEVICES_E5FACF4D,bra,537,522,4,2,2
opt,M_SHELLAPP_SHELLDEVICES_E5FACF4D,bra,608,591,4,2,2
opt,M_SHELLAPP_SHELLDEVICES_E5FACF4D,bra,656,637,4,2,2
opt,M_SHELLAPP_SHELLDEVICES_E5FACF4D,bra,827,806,4,2,2
opt,M_SHELLAPP_SHELLDEVICES_E5FACF4D,brl,869,846,4,3,1
opt,M_SHELLAPP_SHELLDEVICES_E5FACF4D,bra,937,913,4,2,2
opt,M_SHELLAPP_SHELLDEVICES_E5FACF4D,brl,979,953,4,3,1
opt,M_SHELLAPP_SHELLDEVICES_E5FACF4D,bra,1047,1020,4,2,2
opt,M_SHELLAPP_SHELLDEVICES_E5FACF4D,brl,1089,1060,4,3,1
opt,M_SHELLAPP_SHELLDEVICES_E5FACF4D,bra,1157,1127,4,2,2
opt,M_SHELLAPP_SHELLDEVICES_E5FACF4D,brl,1199,1167,4,3,1
opt,M_SHELLAPP_SHELLDEVICES_E5FACF4D,bra,1267,1234,4,2,2
opt,M_SHELLAPP_SHELLDEVICES_E5FACF4D,bra,1309,1274,4,2,2
opt,M_SHELLAPP_SHELLDEVICES_E5FACF4D,bra,1377,1340,4,2,2
opt,M_SHELLAPP_SHELLDEVICES_E5FACF4D,bra,1443,1404,4,2,2
opt,M_SHELLAPP_SHELLDEVICES_E5FACF4D,bra,1530,1489,4,2,2
opt,M_SHELLAPP_SHELLDEVICES_E5FACF4D,bra,1639,1596,4,2,2
opt,M_SHELLAPP_SHELLDEVICES_E5FACF4D,bra,1645,1600,4,2,2
opt,M_SHELLAPP_SHELLDEVICES_E5FACF4D,bra,1656,1609,4,2,2
opt,M_SHELLAPP_SHELLDEVICES_E5FACF4D,bra,1662,1613,4,2,2
opt,M_SHELLAPP_SHELLDEVICES_E5FACF4D,brl,1678,1627,4,3,1
opt,M_SHELLAPP_SHELLMOUNTS_13BE84C6,bra,8,8,4,2,2
opt,M_SHELLAPP_SHELLMOUNTS_13BE84C6,bra,38,36,4,2,2
opt,M_SHELLAPP_SHELLMOUNTS_13BE84C6,bra,118,114,4,2,2
opt,M_SHELLAPP_SHELLMOUNTS_13BE84C6,bra,230,224,4,2,2
opt,M_SHELLAPP_SHELLMOUNTS_13BE84C6,bra,317,309,4,2,2
opt,M_SHELLAPP_SHELLMOUNTS_13BE84C6,brl,387,377,4,3,1
opt,M_SHELLAPP_SHELLMOUNTS_13BE84C6,bra,437,426,4,2,2
opt,M_SHELLAPP_SHELLMOUNTS_13BE84C6,bra,524,511,4,2,2
opt,M_SHELLAPP_SHELLMOUNTS_13BE84C6,brl,611,596,4,3,1
opt,M_SHELLAPP_SHELLMOUNTS_13BE84C6,bra,743,727,4,2,2
opt,M_SHELLAPP_SHELLMOUNTS_13BE84C6,bra,830,812,4,2,2
opt,M_SHELLAPP_SHELLMOUNTS_13BE84C6,bra,1011,991,4,2,2
opt,M_SHELLAPP_SHELLMOUNTS_13BE84C6,bra,1089,1067,4,2,2
opt,M_SHELLAPP_SHELLMOUNTS_13BE84C6,bra,1111,1087,4,2,2
opt,M_SHELLAPP_SHELLMOUNTS_13BE84C6,bra,1186,1160,4,2,2
opt,M_SHELLAPP_SHELLMOUNTS_13BE84C6,bra,1206,1178,4,2,2
opt,M_SHELLAPP_SHELLMOUNTS_13BE84C6,bra,1313,1283,4,2,2
opt,M_SHELLAPP_SHELLMOUNTS_13BE84C6,bra,1491,1459,4,2,2
opt,M_SHELLAPP_SHELLMOUNTS_13BE84C6,bra,1541,1507,4,2,2
opt,M_SHELLAPP_SHELLMOUNTS_13BE84C6,bra,1612,1576,4,2,2
opt,M_SHELLAPP_SHELLMOUNTS_13BE84C6,bra,1660,1622,4,2,2
opt,M_SHELLAPP_SHELLMOUNTS_13BE84C6,bra,1747,1707,4,2,2
opt,M_SHELLAPP_SHELLMOUNTS_13BE84C6,bra,1856,1814,4,2,2
opt,M_SHELLAPP_SHELLMOUNTS_13BE84C6,bra,1862,1818,4,2,2
opt,M_SHELLAPP_SHELLMOUNTS_13BE84C6,bra,1873,1827,4,2,2
opt,M_SHELLAPP_SHELLMOUNTS_13BE84C6,bra,1879,1831,4,2,2
opt,M_SHELLAPP_SHELLMOUNTS_13BE84C6,brl,1895,1845,4,3,1
opt,M_SHELLAPP_SHELLUNREDIRECT_630E066D,conditional,1107,1079,6,2,4
opt,M_SHELLAPP_SHELLUNREDIRECT_630E066D,conditional,1485,1443,6,2,4
opt,M_SHELLAPP_SHELLUNREDIRECT_630E066D,conditional,1733,1680,6,2,4
opt,M_SHELLAPP_SHELLUNREDIRECT_630E066D,conditional,1799,1741,6,2,4
opt,M_SHELLAPP_SHELLUNREDIRECT_630E066D,bra,8,8,4,2,2
opt,M_SHELLAPP_SHELLUNREDIRECT_630E066D,bra,71,69,4,2,2
opt,M_SHELLAPP_SHELLUNREDIRECT_630E066D,brl,133,129,4,3,1
opt,M_SHELLAPP_SHELLUNREDIRECT_630E066D,bra,189,184,4,2,2
opt,M_SHELLAPP_SHELLUNREDIRECT_630E066D,bra,263,256,4,2,2
opt,M_SHELLAPP_SHELLUNREDIRECT_630E066D,brl,323,314,4,3,1
opt,M_SHELLAPP_SHELLUNREDIRECT_630E066D,bra,337,327,4,2,2
opt,M_SHELLAPP_SHELLUNREDIRECT_630E066D,bra,397,385,4,2,2
opt,M_SHELLAPP_SHELLUNREDIRECT_630E066D,bra,520,506,4,2,2
opt,M_SHELLAPP_SHELLUNREDIRECT_630E066D,bra,594,578,4,2,2
opt,M_SHELLAPP_SHELLUNREDIRECT_630E066D,brl,654,636,4,3,1
opt,M_SHELLAPP_SHELLUNREDIRECT_630E066D,bra,668,649,4,2,2
opt,M_SHELLAPP_SHELLUNREDIRECT_630E066D,bra,728,707,4,2,2
opt,M_SHELLAPP_SHELLUNREDIRECT_630E066D,bra,815,792,4,2,2
opt,M_SHELLAPP_SHELLUNREDIRECT_630E066D,brl,987,962,4,3,1
opt,M_SHELLAPP_SHELLUNREDIRECT_630E066D,bra,1043,1017,4,2,2
opt,M_SHELLAPP_SHELLUNREDIRECT_630E066D,brl,1119,1087,4,3,1
opt,M_SHELLAPP_SHELLUNREDIRECT_630E066D,bra,1133,1100,4,2,2
opt,M_SHELLAPP_SHELLUNREDIRECT_630E066D,bra,1193,1158,4,2,2
opt,M_SHELLAPP_SHELLUNREDIRECT_630E066D,bra,1258,1221,4,2,2
opt,M_SHELLAPP_SHELLUNREDIRECT_630E066D,brl,1365,1326,4,3,1
opt,M_SHELLAPP_SHELLUNREDIRECT_630E066D,bra,1421,1381,4,2,2
opt,M_SHELLAPP_SHELLUNREDIRECT_630E066D,brl,1497,1451,4,3,1
opt,M_SHELLAPP_SHELLUNREDIRECT_630E066D,bra,1511,1464,4,2,2
opt,M_SHELLAPP_SHELLUNREDIRECT_630E066D,bra,1571,1522,4,2,2
opt,M_SHELLAPP_SHELLUNREDIRECT_630E066D,bra,1636,1585,4,2,2
opt,M_SHELLAPP_SHELLUNREDIRECT_630E066D,brl,1749,1692,4,3,1
opt,M_SHELLAPP_SHELLUNREDIRECT_630E066D,brl,1815,1753,4,3,1
opt,M_SHELLAPP_SHELLREDIRECT_BB31A89E,conditional,737,722,6,2,4
opt,M_SHELLAPP_SHELLREDIRECT_BB31A89E,conditional,1192,1165,6,2,4
opt,M_SHELLAPP_SHELLREDIRECT_BB31A89E,bra,8,8,4,2,2
opt,M_SHELLAPP_SHELLREDIRECT_BB31A89E,bra,68,66,4,2,2
opt,M_SHELLAPP_SHELLREDIRECT_BB31A89E,bra,112,108,4,2,2
opt,M_SHELLAPP_SHELLREDIRECT_BB31A89E,bra,138,132,4,2,2
opt,M_SHELLAPP_SHELLREDIRECT_BB31A89E,bra,226,218,4,2,2
opt,M_SHELLAPP_SHELLREDIRECT_BB31A89E,bra,332,322,4,2,2
opt,M_SHELLAPP_SHELLREDIRECT_BB31A89E,brl,487,475,4,3,1
opt,M_SHELLAPP_SHELLREDIRECT_BB31A89E,bra,587,574,4,2,2
opt,M_SHELLAPP_SHELLREDIRECT_BB31A89E,brl,753,734,4,3,1
opt,M_SHELLAPP_SHELLREDIRECT_BB31A89E,bra,767,747,4,2,2
opt,M_SHELLAPP_SHELLREDIRECT_BB31A89E,bra,827,805,4,2,2
opt,M_SHELLAPP_SHELLREDIRECT_BB31A89E,brl,942,918,4,3,1
opt,M_SHELLAPP_SHELLREDIRECT_BB31A89E,bra,1042,1017,4,2,2
opt,M_SHELLAPP_SHELLREDIRECT_BB31A89E,brl,1208,1177,4,3,1
opt,M_SHELLAPP_SHELLREDIRECT_BB31A89E,bra,1222,1190,4,2,2
opt,M_SHELLAPP_SHELLREDIRECT_BB31A89E,bra,1282,1248,4,2,2
opt,M_SHELLAPP_SHELLREDIRECT_BB31A89E,brl,1448,1412,4,3,1
opt,M_SHELLAPP_SHELLREDIRECT_BB31A89E,bra,1504,1467,4,2,2
opt,M_SHELLAPP_SHELLREDIRECT_BB31A89E,bra,1578,1539,4,2,2
opt,M_SHELLAPP_SHELLREDIRECT_BB31A89E,brl,1638,1597,4,3,1
opt,M_SHELLAPP_SHELLREDIRECT_BB31A89E,bra,1652,1610,4,2,2
opt,M_SHELLAPP_SHELLREDIRECT_BB31A89E,bra,1712,1668,4,2,2
opt,M_SHELLAPP_SHELLREDIRECT_BB31A89E,brl,1843,1797,4,3,1
opt,M_SHELLAPP_SHELLREDIRECT_BB31A89E,bra,1899,1852,4,2,2
opt,M_SHELLAPP_SHELLREDIRECT_BB31A89E,bra,1973,1924,4,2,2
opt,M_SHELLAPP_SHELLREDIRECT_BB31A89E,brl,2033,1982,4,3,1
opt,M_SHELLAPP_SHELLREDIRECT_BB31A89E,bra,2047,1995,4,2,2
opt,M_SHELLAPP_SHELLREDIRECT_BB31A89E,bra,2107,2053,4,2,2
opt,M_SHELLAPP_SHELLDISPATCH_02D6964A,conditional,1673,1630,6,2,4
opt,M_SHELLAPP_SHELLDISPATCH_02D6964A,bra,8,8,4,2,2
opt,M_SHELLAPP_SHELLDISPATCH_02D6964A,brl,71,69,4,3,1
opt,M_SHELLAPP_SHELLDISPATCH_02D6964A,bra,85,82,4,2,2
opt,M_SHELLAPP_SHELLDISPATCH_02D6964A,bra,177,172,4,2,2
opt,M_SHELLAPP_SHELLDISPATCH_02D6964A,bra,256,249,4,2,2
opt,M_SHELLAPP_SHELLDISPATCH_02D6964A,bra,320,311,4,2,2
opt,M_SHELLAPP_SHELLDISPATCH_02D6964A,brl,383,372,4,3,1
opt,M_SHELLAPP_SHELLDISPATCH_02D6964A,brl,428,416,4,3,1
opt,M_SHELLAPP_SHELLDISPATCH_02D6964A,brl,475,462,4,3,1
opt,M_SHELLAPP_SHELLDISPATCH_02D6964A,brl,541,527,4,3,1
opt,M_SHELLAPP_SHELLDISPATCH_02D6964A,brl,554,539,4,3,1
opt,M_SHELLAPP_SHELLDISPATCH_02D6964A,bra,568,552,4,2,2
opt,M_SHELLAPP_SHELLDISPATCH_02D6964A,bra,632,614,4,2,2
opt,M_SHELLAPP_SHELLDISPATCH_02D6964A,bra,703,683,4,2,2
opt,M_SHELLAPP_SHELLDISPATCH_02D6964A,bra,914,892,4,2,2
opt,M_SHELLAPP_SHELLDISPATCH_02D6964A,bra,992,968,4,2,2
opt,M_SHELLAPP_SHELLDISPATCH_02D6964A,bra,998,972,4,2,2
opt,M_SHELLAPP_SHELLDISPATCH_02D6964A,brl,1014,986,4,3,1
opt,M_SHELLAPP_SHELLDISPATCH_02D6964A,bra,1026,997,4,2,2
opt,M_SHELLAPP_SHELLDISPATCH_02D6964A,bra,1090,1059,4,2,2
opt,M_SHELLAPP_SHELLDISPATCH_02D6964A,brl,1153,1120,4,3,1
opt,M_SHELLAPP_SHELLDISPATCH_02D6964A,brl,1198,1164,4,3,1
opt,M_SHELLAPP_SHELLDISPATCH_02D6964A,brl,1245,1210,4,3,1
opt,M_SHELLAPP_SHELLDISPATCH_02D6964A,bra,1410,1374,4,2,2
opt,M_SHELLAPP_SHELLDISPATCH_02D6964A,brl,1467,1429,4,3,1
opt,M_SHELLAPP_SHELLDISPATCH_02D6964A,bra,1521,1482,4,2,2
opt,M_SHELLAPP_SHELLDISPATCH_02D6964A,bra,1585,1544,4,2,2
opt,M_SHELLAPP_SHELLDISPATCH_02D6964A,brl,1685,1638,4,3,1
opt,M_SHELLAPP_SHELLDISPATCH_02D6964A,bra,1699,1651,4,2,2
opt,M_SHELLAPP_SHELLDISPATCH_02D6964A,bra,1759,1709,4,2,2
opt,M_SHELLAPP_SHELLDISPATCH_02D6964A,brl,1824,1772,4,3,1
opt,M_SHELLAPP_SHELLDISPATCH_02D6964A,bra,1836,1783,4,2,2
opt,M_SHELLAPP_SHELLDISPATCH_02D6964A,bra,1900,1845,4,2,2
opt,M_SHELLAPP_SHELLDISPATCH_02D6964A,bra,1964,1907,4,2,2
opt,M_SHELLAPP_SHELLDISPATCH_02D6964A,bra,2043,1984,4,2,2
opt,M_SHELLAPP_SHELLDISPATCH_02D6964A,bra,2107,2046,4,2,2
opt,M_SHELLAPP_SHELLDISPATCH_02D6964A,brl,2170,2107,4,3,1
opt,M_SHELLAPP_SHELLDISPATCH_02D6964A,bra,2215,2151,4,2,2
opt,M_SHELLAPP_SHELLDISPATCH_02D6964A,brl,2256,2190,4,3,1
opt,M_SHELLAPP_SHELLDISPATCH_02D6964A,bra,2301,2234,4,2,2
opt,M_SHELLAPP_SHELLDISPATCH_02D6964A,bra,2315,2246,4,2,2
opt,M_SHELLAPP_SHELLDISPATCH_02D6964A,brl,2362,2291,4,3,1
opt,M_SHELLAPP_SHELLDISPATCH_02D6964A,bra,2407,2335,4,2,2
opt,M_SHELLAPP_SHELLDISPATCH_02D6964A,bra,2421,2347,4,2,2
opt,M_SHELLAPP_SHELLDISPATCH_02D6964A,brl,2468,2392,4,3,1
opt,M_SHELLAPP_SHELLDISPATCH_02D6964A,bra,2513,2436,4,2,2
opt,M_SHELLAPP_SHELLDISPATCH_02D6964A,bra,2527,2448,4,2,2
opt,M_SHELLAPP_SHELLDISPATCH_02D6964A,brl,2574,2493,4,3,1
opt,M_SHELLAPP_SHELLDISPATCH_02D6964A,brl,2619,2537,4,3,1
opt,M_SHELLAPP_SHELLDISPATCH_02D6964A,bra,2633,2550,4,2,2
opt,M_SHELLAPP_SHELLDISPATCH_02D6964A,bra,2697,2612,4,2,2
opt,M_SHELLAPP_SHELLDISPATCH_02D6964A,brl,2754,2667,4,3,1
opt,M_SHELLAPP_SHELLDISPATCH_02D6964A,brl,2799,2711,4,3,1
opt,M_SHELLAPP_SHELLDISPATCH_02D6964A,bra,2813,2724,4,2,2
opt,M_SHELLAPP_SHELLDISPATCH_02D6964A,bra,2893,2802,4,2,2
opt,M_SHELLAPP_SHELLDISPATCH_02D6964A,brl,2964,2871,4,3,1
opt,M_SHELLAPP_SHELLDISPATCH_02D6964A,brl,3009,2915,4,3,1
opt,M_SHELLAPP_SHELLDISPATCH_02D6964A,bra,3023,2928,4,2,2
opt,M_SHELLAPP_SHELLDISPATCH_02D6964A,bra,3087,2990,4,2,2
opt,M_SHELLAPP_SHELLDISPATCH_02D6964A,brl,3144,3045,4,3,1
opt,M_SHELLAPP_SHELLDISPATCH_02D6964A,bra,3189,3089,4,2,2
opt,M_SHELLAPP_SHELLDISPATCH_02D6964A,bra,3203,3101,4,2,2
opt,M_SHELLAPP_SHELLDISPATCH_02D6964A,bra,3267,3163,4,2,2
opt,M_SHELLAPP_SHELLCOMMAND_01DF848F,bra,8,8,4,2,2
opt,M_SHELLAPP_SHELLCOMMAND_01DF848F,bra,71,69,4,2,2
opt,M_SHELLAPP_SHELLCOMMAND_01DF848F,bra,204,200,4,2,2
opt,M_SHELLAPP_SHELLCOMMAND_01DF848F,bra,267,261,4,2,2
opt,M_SHELLAPP_SHELLCOMMAND_01DF848F,bra,281,273,4,2,2
opt,M_SHELLAPP_SHELLCOMMAND_01DF848F,bra,348,338,4,2,2
opt,M_SHELLAPP_SHELLCOMMAND_01DF848F,bra,360,348,4,2,2
opt,M_SHELLAPP_SHELLCOMMAND_01DF848F,bra,423,409,4,2,2
opt,M_SHELLAPP_SHELLCOMMAND_01DF848F,bra,437,421,4,2,2
opt,M_SHELLAPP_SHELLCOMMAND_01DF848F,bra,492,474,4,2,2
opt,M_SHELLAPP_SHELLCOMMAND_01DF848F,bra,547,527,4,2,2
opt,M_SHELLAPP_SHELLFEED_19C6DEC4,bra,8,8,4,2,2
opt,M_SHELLAPP_SHELLFEED_19C6DEC4,bra,46,44,4,2,2
opt,M_SHELLAPP_SHELLFEED_19C6DEC4,bra,151,147,4,2,2
opt,M_SHELLAPP_SHELLFEED_19C6DEC4,brl,205,199,4,3,1
opt,M_SHELLAPP_SHELLFEED_19C6DEC4,bra,225,218,4,2,2
opt,M_SHELLAPP_SHELLFEED_19C6DEC4,bra,231,222,4,2,2
opt,M_SHELLAPP_SHELLFEED_19C6DEC4,brl,249,238,4,3,1
opt,M_SHELLAPP_SHELLFEED_19C6DEC4,bra,305,293,4,2,2
opt,M_SHELLAPP_SHELLFEED_19C6DEC4,bra,376,362,4,2,2
opt,M_SHELLAPP_SHELLFEED_19C6DEC4,bra,431,415,4,2,2
opt,M_SHELLAPP_SHELLFEED_19C6DEC4,brl,478,460,4,3,1
opt,M_SHELLAPP_SHELLFEED_19C6DEC4,brl,496,477,4,3,1
opt,M_SHELLAPP_SHELLFEED_19C6DEC4,brl,543,523,4,3,1
opt,M_SHELLAPP_SHELLFEED_19C6DEC4,bra,599,578,4,2,2
opt,M_SHELLAPP_SHELLFEED_19C6DEC4,bra,670,647,4,2,2
opt,M_SHELLAPP_SHELLFEED_19C6DEC4,bra,725,700,4,2,2
opt,M_SHELLAPP_SHELLFEED_19C6DEC4,brl,793,766,4,3,1
opt,M_SHELLAPP_SHELLFEED_19C6DEC4,bra,849,821,4,2,2
opt,M_SHELLAPP_SHELLFEED_19C6DEC4,bra,920,890,4,2,2
opt,M_SHELLAPP_SHELLFEED_19C6DEC4,bra,975,943,4,2,2
opt,M_SHELLAPP_SHELLFEED_19C6DEC4,brl,1022,988,4,3,1
opt,M_SHELLAPP_SHELLFEED_19C6DEC4,bra,1040,1005,4,2,2
opt,M_SHELLAPP_SHELLFEED_19C6DEC4,bra,1046,1009,4,2,2
opt,M_SHELLAPP_SHELLFEED_19C6DEC4,brl,1064,1025,4,3,1
opt,M_SHELLAPP_SHELLFEED_19C6DEC4,bra,1120,1080,4,2,2
opt,M_SHELLAPP_SHELLFEED_19C6DEC4,bra,1191,1149,4,2,2
opt,M_SHELLAPP_SHELLFEED_19C6DEC4,bra,1246,1202,4,2,2
opt,M_SHELLAPP_SHELLFEED_19C6DEC4,bra,1334,1288,4,2,2
opt,M_SHELLAPP_SHELLFEED_19C6DEC4,bra,1348,1300,4,2,2
opt,M_SHELLAPP_SHELLFEED_19C6DEC4,brl,1395,1345,4,3,1
opt,M_SHELLAPP_SHELLFEED_19C6DEC4,brl,1413,1362,4,3,1
opt,M_SHELLAPP_SHELLFEED_19C6DEC4,brl,1457,1405,4,3,1
opt,M_SHELLAPP_SHELLFEED_19C6DEC4,bra,1616,1563,4,2,2
opt,M_SHELLAPP_SHELLFEED_19C6DEC4,brl,1663,1608,4,3,1
opt,M_SHELLAPP_SHELLFEED_19C6DEC4,bra,1681,1625,4,2,2
opt,M_SHELLAPP_SHELLFEED_19C6DEC4,brl,1709,1651,4,3,1
opt,M_SHELLAPP_SHELLFEED_19C6DEC4,brl,1729,1670,4,3,1
opt,M_SHELLAPP_SHELLFEED_19C6DEC4,brl,1773,1713,4,3,1
opt,M_SHELLAPP_SHELLFEED_19C6DEC4,bra,2127,2066,4,2,2
opt,M_SHELLAPP_SHELLFEED_19C6DEC4,bra,2198,2135,4,2,2
opt,M_SHELLAPP_SHELLFEED_19C6DEC4,brl,2245,2180,4,3,1
opt,M_SHELLAPP_SHELLFEED_19C6DEC4,bra,2501,2435,4,2,2
opt,M_SHELLAPP_SHELLREADSTEP_5848FDA6,conditional,335,327,6,2,4
opt,M_SHELLAPP_SHELLREADSTEP_5848FDA6,conditional,466,449,6,2,4
opt,M_SHELLAPP_SHELLREADSTEP_5848FDA6,conditional,472,451,6,2,4
opt,M_SHELLAPP_SHELLREADSTEP_5848FDA6,conditional,486,461,6,2,4
opt,M_SHELLAPP_SHELLREADSTEP_5848FDA6,conditional,492,463,6,2,4
opt,M_SHELLAPP_SHELLREADSTEP_5848FDA6,conditional,506,473,6,2,4
opt,M_SHELLAPP_SHELLREADSTEP_5848FDA6,conditional,512,475,6,2,4
opt,M_SHELLAPP_SHELLREADSTEP_5848FDA6,conditional,526,485,6,2,4
opt,M_SHELLAPP_SHELLREADSTEP_5848FDA6,conditional,532,487,6,2,4
opt,M_SHELLAPP_SHELLREADSTEP_5848FDA6,conditional,591,533,6,2,4
opt,M_SHELLAPP_SHELLREADSTEP_5848FDA6,bra,8,8,4,2,2
opt,M_SHELLAPP_SHELLREADSTEP_5848FDA6,bra,38,36,4,2,2
opt,M_SHELLAPP_SHELLREADSTEP_5848FDA6,bra,160,156,4,2,2
opt,M_SHELLAPP_SHELLREADSTEP_5848FDA6,bra,262,256,4,2,2
opt,M_SHELLAPP_SHELLREADSTEP_5848FDA6,bra,350,338,4,2,2
opt,M_SHELLAPP_SHELLREADSTEP_5848FDA6,bra,391,377,4,2,2
opt,M_SHELLAPP_SHELLREADSTEP_5848FDA6,brl,440,424,4,3,1
opt,M_SHELLAPP_SHELLREADSTEP_5848FDA6,bra,538,489,4,2,2
opt,M_SHELLAPP_SHELLREADSTEP_5848FDA6,bra,544,493,4,2,2
opt,M_SHELLAPP_SHELLREADSTEP_5848FDA6,bra,550,497,4,2,2
opt,M_SHELLAPP_SHELLREADSTEP_5848FDA6,bra,556,501,4,2,2
opt,M_SHELLAPP_SHELLREADSTEP_5848FDA6,brl,572,515,4,3,1
opt,M_SHELLAPP_SHELLREADSTEP_5848FDA6,brl,606,544,4,3,1
opt,M_SHELLAPP_SHELLREADSTEP_5848FDA6,bra,662,599,4,2,2
opt,M_SHELLAPP_SHELLREADSTEP_5848FDA6,bra,1061,996,4,2,2
opt,M_SHELLAPP_SHELLREADSTEP_5848FDA6,bra,1198,1131,4,2,2
opt,M_SHELLAPP_SHELLREADSTEP_5848FDA6,bra,1319,1250,4,2,2
opt,M_SHELLAPP_SHELLREADSTEP_5848FDA6,bra,1382,1311,4,2,2
opt,M_SHELLAPP_SHELLREADSTEP_5848FDA6,bra,1402,1329,4,2,2
opt,M_SHELLAPP_SHELLOPEN_DC32811A,conditional,148,144,6,2,4
opt,M_SHELLAPP_SHELLOPEN_DC32811A,conditional,372,360,6,2,4
opt,M_SHELLAPP_SHELLOPEN_DC32811A,bra,8,8,4,2,2
opt,M_SHELLAPP_SHELLOPEN_DC32811A,bra,38,36,4,2,2
opt,M_SHELLAPP_SHELLOPEN_DC32811A,bra,164,156,4,2,2
opt,M_SHELLAPP_SHELLOPEN_DC32811A,bra,222,212,4,2,2
opt,M_SHELLAPP_SHELLOPEN_DC32811A,brl,388,372,4,3,1
opt,M_SHELLAPP_SHELLOPEN_DC32811A,bra,402,385,4,2,2
opt,M_SHELLAPP_SHELLOPEN_DC32811A,bra,462,443,4,2,2
opt,M_SHELLAPP_SHELLOPEN_DC32811A,bra,589,568,4,2,2
opt,M_SHELLAPP_SHELLOPEN_DC32811A,bra,689,666,4,2,2
opt,M_SHELLAPP_SHELLOPEN_DC32811A,brl,749,724,4,3,1
opt,M_SHELLAPP_SHELLOPEN_DC32811A,bra,763,737,4,2,2
opt,M_SHELLAPP_SHELLOPEN_DC32811A,bra,823,795,4,2,2
opt,M_SHELLAPP_SHELLOPEN_DC32811A,bra,985,955,4,2,2
opt,M_SHELLAPP_SHELLOPEN_DC32811A,bra,1085,1053,4,2,2
opt,M_SHELLAPP_SHELLOPEN_DC32811A,brl,1145,1111,4,3,1
opt,M_SHELLAPP_SHELLOPEN_DC32811A,bra,1159,1124,4,2,2
opt,M_SHELLAPP_SHELLOPEN_DC32811A,bra,1219,1182,4,2,2
opt,M_SHELLAPP_SHELLINITIALPROMPT_9A2AE0BA,bra,8,8,4,2,2
opt,M_SHELLAPP_SHELLINITIALPROMPT_9A2AE0BA,bra,158,156,4,2,2
opt,M_SHELLAPP_SHELLINITIALPROMPT_9A2AE0BA,bra,213,209,4,2,2
opt,M_SHELLAPP_SHELLSTART_D37857EA,conditional,310,298,6,2,4
opt,M_SHELLAPP_SHELLSTART_D37857EA,bra,8,8,4,2,2
opt,M_SHELLAPP_SHELLSTART_D37857EA,bra,38,36,4,2,2
opt,M_SHELLAPP_SHELLSTART_D37857EA,bra,101,97,4,2,2
opt,M_SHELLAPP_SHELLSTART_D37857EA,bra,139,133,4,2,2
opt,M_SHELLAPP_SHELLSTART_D37857EA,bra,161,153,4,2,2
opt,M_SHELLAPP_SHELLSTART_D37857EA,bra,226,216,4,2,2
opt,M_SHELLAPP_SHELLSTART_D37857EA,bra,318,302,4,2,2
opt,M_SHELLAPP_SHELLFINISH_77CE18A3,conditional,48,46,6,2,4
opt,M_SHELLAPP_SHELLFINISH_77CE18A3,conditional,2526,2460,6,2,4
opt,M_SHELLAPP_SHELLFINISH_77CE18A3,conditional,2831,2754,6,2,4
opt,M_SHELLAPP_SHELLFINISH_77CE18A3,bra,8,8,4,2,2
opt,M_SHELLAPP_SHELLFINISH_77CE18A3,bra,64,58,4,2,2
opt,M_SHELLAPP_SHELLFINISH_77CE18A3,bra,121,113,4,2,2
opt,M_SHELLAPP_SHELLFINISH_77CE18A3,bra,209,199,4,2,2
opt,M_SHELLAPP_SHELLFINISH_77CE18A3,brl,299,287,4,3,1
opt,M_SHELLAPP_SHELLFINISH_77CE18A3,bra,355,342,4,2,2
opt,M_SHELLAPP_SHELLFINISH_77CE18A3,bra,429,414,4,2,2
opt,M_SHELLAPP_SHELLFINISH_77CE18A3,brl,489,472,4,3,1
opt,M_SHELLAPP_SHELLFINISH_77CE18A3,bra,503,485,4,2,2
opt,M_SHELLAPP_SHELLFINISH_77CE18A3,bra,563,543,4,2,2
opt,M_SHELLAPP_SHELLFINISH_77CE18A3,brl,712,690,4,3,1
opt,M_SHELLAPP_SHELLFINISH_77CE18A3,bra,768,745,4,2,2
opt,M_SHELLAPP_SHELLFINISH_77CE18A3,bra,842,817,4,2,2
opt,M_SHELLAPP_SHELLFINISH_77CE18A3,brl,902,875,4,3,1
opt,M_SHELLAPP_SHELLFINISH_77CE18A3,bra,916,888,4,2,2
opt,M_SHELLAPP_SHELLFINISH_77CE18A3,bra,976,946,4,2,2
opt,M_SHELLAPP_SHELLFINISH_77CE18A3,bra,1092,1060,4,2,2
opt,M_SHELLAPP_SHELLFINISH_77CE18A3,bra,1174,1140,4,2,2
opt,M_SHELLAPP_SHELLFINISH_77CE18A3,brl,1234,1198,4,3,1
opt,M_SHELLAPP_SHELLFINISH_77CE18A3,bra,1248,1211,4,2,2
opt,M_SHELLAPP_SHELLFINISH_77CE18A3,bra,1308,1269,4,2,2
opt,M_SHELLAPP_SHELLFINISH_77CE18A3,bra,1432,1391,4,2,2
opt,M_SHELLAPP_SHELLFINISH_77CE18A3,bra,1497,1454,4,2,2
opt,M_SHELLAPP_SHELLFINISH_77CE18A3,brl,1557,1512,4,3,1
opt,M_SHELLAPP_SHELLFINISH_77CE18A3,bra,1571,1525,4,2,2
opt,M_SHELLAPP_SHELLFINISH_77CE18A3,bra,1631,1583,4,2,2
opt,M_SHELLAPP_SHELLFINISH_77CE18A3,bra,1838,1788,4,2,2
opt,M_SHELLAPP_SHELLFINISH_77CE18A3,bra,1903,1851,4,2,2
opt,M_SHELLAPP_SHELLFINISH_77CE18A3,brl,1963,1909,4,3,1
opt,M_SHELLAPP_SHELLFINISH_77CE18A3,bra,1977,1922,4,2,2
opt,M_SHELLAPP_SHELLFINISH_77CE18A3,bra,2037,1980,4,2,2
opt,M_SHELLAPP_SHELLFINISH_77CE18A3,bra,2202,2143,4,2,2
opt,M_SHELLAPP_SHELLFINISH_77CE18A3,bra,2303,2242,4,2,2
opt,M_SHELLAPP_SHELLFINISH_77CE18A3,brl,2406,2343,4,3,1
opt,M_SHELLAPP_SHELLFINISH_77CE18A3,bra,2462,2398,4,2,2
opt,M_SHELLAPP_SHELLFINISH_77CE18A3,brl,2538,2468,4,3,1
opt,M_SHELLAPP_SHELLFINISH_77CE18A3,bra,2552,2481,4,2,2
opt,M_SHELLAPP_SHELLFINISH_77CE18A3,bra,2612,2539,4,2,2
opt,M_SHELLAPP_SHELLFINISH_77CE18A3,bra,2777,2702,4,2,2
opt,M_SHELLAPP_SHELLFINISH_77CE18A3,brl,2843,2762,4,3,1
opt,M_SHELLAPP_SHELLFINISH_77CE18A3,bra,2857,2775,4,2,2
opt,M_SHELLAPP_SHELLFINISH_77CE18A3,bra,2917,2833,4,2,2
opt,M_SHELLAPP_SHELLFINISH_77CE18A3,bra,3107,3021,4,2,2
opt,M_SHELLAPP_SHELLBOOTSIO_1538A419,conditional,104,100,6,2,4
opt,M_SHELLAPP_SHELLBOOTSIO_1538A419,conditional,319,305,6,2,4
opt,M_SHELLAPP_SHELLBOOTSIO_1538A419,conditional,897,862,6,2,4
opt,M_SHELLAPP_SHELLBOOTSIO_1538A419,bra,8,8,4,2,2
opt,M_SHELLAPP_SHELLBOOTSIO_1538A419,bra,38,36,4,2,2
opt,M_SHELLAPP_SHELLBOOTSIO_1538A419,bra,120,112,4,2,2
opt,M_SHELLAPP_SHELLBOOTSIO_1538A419,bra,134,124,4,2,2
opt,M_SHELLAPP_SHELLBOOTSIO_1538A419,bra,229,217,4,2,2
opt,M_SHELLAPP_SHELLBOOTSIO_1538A419,brl,335,317,4,3,1
opt,M_SHELLAPP_SHELLBOOTSIO_1538A419,bra,357,338,4,2,2
opt,M_SHELLAPP_SHELLBOOTSIO_1538A419,bra,422,401,4,2,2
opt,M_SHELLAPP_SHELLBOOTSIO_1538A419,bra,533,510,4,2,2
opt,M_SHELLAPP_SHELLBOOTSIO_1538A419,bra,641,616,4,2,2
opt,M_SHELLAPP_SHELLBOOTSIO_1538A419,bra,663,636,4,2,2
opt,M_SHELLAPP_SHELLBOOTSIO_1538A419,bra,736,707,4,2,2
opt,M_SHELLAPP_SHELLBOOTSIO_1538A419,bra,809,778,4,2,2
opt,M_SHELLAPP_SHELLBOOTSIO_1538A419,bra,875,842,4,2,2
opt,M_SHELLAPP_SHELLBOOTSIO_1538A419,bra,905,866,4,2,2
opt,M_SHELLAPP_SHELLBOOTSIO_1538A419,bra,925,884,4,2,2
opt,M_SHELLAPP_SHELLBOOTSTART_6A4872BE,conditional,1521,1488,6,2,4
opt,M_SHELLAPP_SHELLBOOTSTART_6A4872BE,conditional,2097,2048,6,2,4
opt,M_SHELLAPP_SHELLBOOTSTART_6A4872BE,conditional,2840,2773,6,2,4
opt,M_SHELLAPP_SHELLBOOTSTART_6A4872BE,bra,8,8,4,2,2
opt,M_SHELLAPP_SHELLBOOTSTART_6A4872BE,bra,38,36,4,2,2
opt,M_SHELLAPP_SHELLBOOTSTART_6A4872BE,bra,101,97,4,2,2
opt,M_SHELLAPP_SHELLBOOTSTART_6A4872BE,bra,127,121,4,2,2
opt,M_SHELLAPP_SHELLBOOTSTART_6A4872BE,bra,209,201,4,2,2
opt,M_SHELLAPP_SHELLBOOTSTART_6A4872BE,bra,314,304,4,2,2
opt,M_SHELLAPP_SHELLBOOTSTART_6A4872BE,bra,427,415,4,2,2
opt,M_SHELLAPP_SHELLBOOTSTART_6A4872BE,bra,564,550,4,2,2
opt,M_SHELLAPP_SHELLBOOTSTART_6A4872BE,bra,701,685,4,2,2
opt,M_SHELLAPP_SHELLBOOTSTART_6A4872BE,bra,846,828,4,2,2
opt,M_SHELLAPP_SHELLBOOTSTART_6A4872BE,bra,967,947,4,2,2
opt,M_SHELLAPP_SHELLBOOTSTART_6A4872BE,bra,1076,1054,4,2,2
opt,M_SHELLAPP_SHELLBOOTSTART_6A4872BE,bra,1102,1078,4,2,2
opt,M_SHELLAPP_SHELLBOOTSTART_6A4872BE,brl,1165,1139,4,3,1
opt,M_SHELLAPP_SHELLBOOTSTART_6A4872BE,bra,1245,1218,4,2,2
opt,M_SHELLAPP_SHELLBOOTSTART_6A4872BE,bra,1366,1337,4,2,2
opt,M_SHELLAPP_SHELLBOOTSTART_6A4872BE,bra,1437,1406,4,2,2
opt,M_SHELLAPP_SHELLBOOTSTART_6A4872BE,bra,1529,1492,4,2,2
opt,M_SHELLAPP_SHELLBOOTSTART_6A4872BE,bra,1640,1601,4,2,2
opt,M_SHELLAPP_SHELLBOOTSTART_6A4872BE,bra,1757,1716,4,2,2
opt,M_SHELLAPP_SHELLBOOTSTART_6A4872BE,bra,1841,1798,4,2,2
opt,M_SHELLAPP_SHELLBOOTSTART_6A4872BE,bra,1958,1913,4,2,2
opt,M_SHELLAPP_SHELLBOOTSTART_6A4872BE,bra,2000,1953,4,2,2
opt,M_SHELLAPP_SHELLBOOTSTART_6A4872BE,brl,2109,2056,4,3,1
opt,M_SHELLAPP_SHELLBOOTSTART_6A4872BE,bra,2189,2135,4,2,2
opt,M_SHELLAPP_SHELLBOOTSTART_6A4872BE,bra,2310,2254,4,2,2
opt,M_SHELLAPP_SHELLBOOTSTART_6A4872BE,brl,2373,2315,4,3,1
opt,M_SHELLAPP_SHELLBOOTSTART_6A4872BE,bra,2451,2392,4,2,2
opt,M_SHELLAPP_SHELLBOOTSTART_6A4872BE,bra,2572,2511,4,2,2
opt,M_SHELLAPP_SHELLBOOTSTART_6A4872BE,bra,2685,2622,4,2,2
opt,M_SHELLAPP_SHELLBOOTSTART_6A4872BE,bra,2756,2691,4,2,2
opt,M_SHELLAPP_SHELLBOOTSTART_6A4872BE,bra,2848,2777,4,2,2
opt,M_SHELLAPP_MAIN_168A375D,bra,8,8,4,2,2
opt,M_SHELLAPP_MAIN_168A375D,bra,38,36,4,2,2
opt,M_SHELLAPP_MAIN_168A375D,bra,101,97,4,2,2
opt,M_SHELLAPP_MAIN_168A375D,bra,148,142,4,2,2
opt,M_SHELLAPP_MAIN_168A375D,bra,162,154,4,2,2
opt,M_SHELLAPP_MAIN_168A375D,bra,209,199,4,2,2
opt,M_SHELLAPP_MAIN_168A375D,bra,221,209,4,2,2
