profile,name,before,after,delta
optimized-release,M_EXECMEMORY_VALIDBANK_E9E0A79B,28,28,0
optimized-release,M_EXECMEMORY_VALIDOWNER_462B929A,39,39,0
optimized-release,M_EXECMEMORY_ADOPT_494D3B99,535,483,-52
optimized-release,M_EXECMEMORY_QUERY_D2E34F9F,354,354,0
optimized-release,M_EXECMEMORY_RESERVEEXACT_88D3D2C8,597,597,0
optimized-release,M_EXECMEMORY_ACQUIRE_EAA019EB,420,420,0
optimized-release,M_EXECMEMORY_RELEASE_A6E307FC,686,686,0
optimized-release,M_EXECMEMORY_INIT_F4EA07E3,4,4,0
optimized-release,M_EXECLISTS_NEWLIST_B3502541,63,63,0
optimized-release,M_EXECLISTS_NEWMINLIST_A2695943,4,4,0
optimized-release,M_EXECLISTS_ISLISTEMPTY_6EEB0796,91,91,0
optimized-release,M_EXECLISTS_ISMINLISTEMPTY_6D517164,4,4,0
optimized-release,M_EXECLISTS_ADDHEAD_3AE3E6E4,96,96,0
optimized-release,M_EXECLISTS_ADDTAIL_A1C0F364,132,132,0
optimized-release,M_EXECLISTS_INSERT_468B11BA,257,257,0
optimized-release,M_EXECLISTS_REMOVE_2E26C2C1,73,73,0
optimized-release,M_EXECLISTS_REMHEAD_F8063CE7,113,105,-8
optimized-release,M_EXECLISTS_REMTAIL_292EAA27,117,109,-8
optimized-release,M_EXECLISTS_ENQUEUE_763E1E61,267,231,-36
optimized-release,M_EXECLISTS_FINDNAME_2659CDBB,349,284,-65
optimized-release,M_TASKMEMORY_WRITABLE_FBC2061D,528,504,-24
optimized-release,M_HEAPCORE_ROUNDED_9D79FA03,79,79,0
optimized-release,M_HEAPCORE_BOUNDS_2387CB05,450,450,0
optimized-release,M_HEAPCORE_CHUNKADDRESS_A551D41B,222,222,0
optimized-release,M_HEAPCORE_NEXTADDRESS_E32592FF,182,182,0
optimized-release,M_HEAPCORE_CHUNKEND_0E0C27CE,377,377,0
optimized-release,M_HEAPCORE_VALIDATE_B397AD34,323,323,0
optimized-release,M_HEAPCORE_LINK_9B47F952,67,67,0
optimized-release,M_HEAPCORE_WRITECHUNK_D768FC26,64,56,-8
optimized-release,M_HEAPCORE_SPLIT_B6117102,433,433,0
optimized-release,M_HEAPCORE_CANDIDATE_07CF3557,150,150,0
optimized-release,M_HEAPCORE_RESERVE_2192E9C0,501,501,0
optimized-release,M_HEAPCORE_ALLOCATE_E39F1AF5,53,53,0
optimized-release,M_HEAPCORE_LARGEST_AA9886E8,818,818,0
optimized-release,M_HEAPCORE_INSERTFREE_129E41BB,545,545,0
optimized-release,M_HEAPCORE_RETURNRANGE_11C95A83,678,678,0
optimized-release,M_HEAPCORE_DEALLOCATE_60F97CF2,276,276,0
optimized-release,M_HEAPPOLICY_GETSTATE_9B9EAF7C,40,40,0
optimized-release,M_HEAPPOLICY_HEADER_A992FDFC,87,87,0
optimized-release,M_HEAPPOLICY_SHUTDOWN_9E341637,207,207,0
optimized-release,M_HEAPPOLICY_RUNS_07A33D25,191,189,-2
optimized-release,M_HEAPPOLICY_REGION_F42DC07D,394,394,0
optimized-release,M_HEAPPOLICY_START_1455FA91,675,675,0
optimized-release,M_HEAPPOLICY_INIT_69D6AA0D,163,163,0
optimized-release,M_HEAPPOLICY_FLAGSVALID_4BF22F96,185,185,0
optimized-release,M_HEAPPOLICY_DESCRIPTOR_8971C45E,222,222,0
optimized-release,M_HEAPPOLICY_VALIDATEREGIONS_C3A52ACE,619,619,0
optimized-release,M_HEAPPOLICY_MATCHES_ACC95206,111,111,0
optimized-release,M_HEAPPOLICY_RESERVE_42F2499D,505,505,0
optimized-release,M_HEAPPOLICY_LOCATE_7B91FF59,350,350,0
optimized-release,M_HEAPPOLICY_FREE_3EA2E1EF,342,342,0
optimized-release,M_HEAPPOLICY_AVAIL_22774B2C,758,758,0
optimized-release,M_HEAPPOLICY_MEMORYTYPE_D394B206,89,85,-4
optimized-release,M_HEAPPOLICY_VECTORBYTES_E6541B8F,103,103,0
optimized-release,M_HEAPPOLICY_RESERVEVECTOR_C09ED6F4,110,110,0
optimized-release,M_HEAPPOLICY_FREEVECTOR_698EC5DE,575,575,0
optimized-release,M_PROCESSSTATE_REGISTRY_559AFD20,40,40,0
optimized-release,M_BOOTCONFIG_CACHEBLOCKS_B221B0CF,45,19,-26
optimized-release,M_BOOTCONFIG_STATUS_B93FBCBB,52,22,-30
optimized-release,M_BOOTCONFIG_SYSTEMDRIVE_62E82846,52,22,-30
optimized-release,M_BOOTCONFIG_VALIDBLOCKS_EA50F717,128,128,0
optimized-release,M_BOOTCONFIG_INIT_610CE665,462,458,-4
optimized-release,M_TASKPOLICY_RECORDFOR_833E2B66,89,89,0
optimized-release,M_TASKPOLICY_SAVEDWORD_D1C8E663,52,48,-4
optimized-release,M_TASKPOLICY_RESULT_DA2077E3,43,43,0
optimized-release,M_TASKPOLICY_POINTERRESULT_E8D88610,117,117,0
optimized-release,M_TASKPOLICY_ARGUMENTPOINTER_A19325C6,135,135,0
optimized-release,M_TASKPOLICY_FLAGS_56B3B4FF,52,48,-4
optimized-release,M_TASKPOLICY_PROTECTED_FCDCE808,126,122,-4
optimized-release,M_TASKPOLICY_LOOKUP_41F6D1E4,338,338,0
optimized-release,M_TASKPOLICY_WRITABLE_0565D862,4,4,0
optimized-release,M_TASKPOLICY_AVAILABLERECORD_80983EA0,541,541,0
optimized-release,M_TASKPOLICY_EMPTYMEMORY_C893BDB0,229,221,-8
optimized-release,M_TASKPOLICY_VALIDENTRY_58BA8A58,197,197,0
optimized-release,M_TASKPOLICY_STACKSLOT_2A322EEA,639,603,-36
optimized-release,M_TASKPOLICY_PREPARESTACK_1A1C583B,360,316,-44
optimized-release,M_TASKPOLICY_PREPAREDOMAIN_45DA3401,351,309,-42
optimized-release,M_TASKPOLICY_PREPAREFRAME_D5FF2FA0,304,302,-2
optimized-release,M_TASKPOLICY_SETSTATE_52D88FAF,100,100,0
optimized-release,M_TASKPOLICY_READY_679992F5,122,122,0
optimized-release,M_TASKPOLICY_INITSIGNALS_5C831CB9,167,167,0
optimized-release,M_TASKPOLICY_ADMIT_CF1671AB,440,428,-12
optimized-release,M_TASKPOLICY_INITRESIDENTSTORAGE_FCEF7175,201,193,-8
optimized-release,M_TASKPOLICY_INIT_57A5FAC8,1099,1033,-66
optimized-release,M_TASKPOLICY_TIMEDCOUNT_C3B59E74,36,36,0
optimized-release,M_TASKPOLICY_ADJUSTTIMED_DDC1BE1E,107,107,0
optimized-release,M_TASKPOLICY_WAKE_9E9C7518,208,208,0
optimized-release,M_TASKPOLICY_SELECT_1A709B3E,332,328,-4
optimized-release,M_TASKPOLICY_SWITCH_98522C9E,231,231,0
optimized-release,M_TASKPOLICY_EMPTYSIGNALS_EA2224E4,261,261,0
optimized-release,M_TASKPOLICY_ADD_A5E7C92B,776,776,0
optimized-release,M_TASKPOLICY_CREATE_EE96600A,1472,1401,-71
optimized-release,M_TASKPOLICY_REMOVETASK_35F29A21,800,792,-8
optimized-release,M_TASKPOLICY_SAMENAME_968CD62D,222,198,-24
optimized-release,M_TASKPOLICY_FIND_0D9A09D7,306,298,-8
optimized-release,M_TASKPOLICY_PRIORITY_7FE7EE8A,237,233,-4
optimized-release,M_TASKPOLICY_SLEEPTASK_6A909BCC,369,369,0
optimized-release,M_TASKPOLICY_MASKRESULT_220A6FAB,113,113,0
optimized-release,M_TASKPOLICY_SIGNALBIT_7E52F9EF,121,121,0
optimized-release,M_TASKPOLICY_ALLOCATEBIT_A349E154,365,365,0
optimized-release,M_TASKPOLICY_MASKS_49833CE1,627,627,0
optimized-release,M_TASKPOLICY_COMPLETEWAIT_31FB45E4,136,136,0
optimized-release,M_TASKPOLICY_WAITTASK_AD94C4A2,234,234,0
optimized-release,M_TASKPOLICY_POSTSIGNAL_10773240,155,155,0
optimized-release,M_TASKPOLICY_SIGNALTASK_806F80F5,273,273,0
optimized-release,M_TASKPOLICY_CANCELWAKE_8ADC984A,49,49,0
optimized-release,M_TASKPOLICY_DRAINONE_68E56764,219,219,0
optimized-release,M_TASKPOLICY_DRAINWAKES_15F017CB,165,165,0
optimized-release,M_TASKPOLICY_PRODUCERBINDING_1B8E711F,109,109,0
optimized-release,M_TASKPOLICY_BOUNDPRODUCER_6D7B4E54,251,251,0
optimized-release,M_TASKPOLICY_PRODUCERSIGNALBOUND_5677CF48,177,177,0
optimized-release,M_TASKPOLICY_PRODUCERCONTROL_52F9499B,1648,1628,-20
optimized-release,M_TASKPOLICY_MEMORYSERVICE_7FAD083C,98,98,0
optimized-release,M_TASKPOLICY_MEMORYPACKET_B36B55BB,219,219,0
optimized-release,M_TASKPOLICY_MEMORYCALL_E7816C43,759,759,0
optimized-release,M_TASKPOLICY_PORTSERVICE_8D598BCC,62,62,0
optimized-release,M_TASKPOLICY_INITPORTS_2CB7E92A,82,82,0
optimized-release,M_TASKPOLICY_PORTSTORAGE_D3468DA2,100,100,0
optimized-release,M_TASKPOLICY_VALIDPORT_7710F985,129,129,0
optimized-release,M_TASKPOLICY_VALIDMESSAGE_C0DE7739,135,135,0
optimized-release,M_TASKPOLICY_SENDMESSAGE_7332557D,396,394,-2
optimized-release,M_TASKPOLICY_PORTHEAD_A12A0751,340,336,-4
optimized-release,M_TASKPOLICY_PORTDELETE_CF47DFE6,385,375,-10
optimized-release,M_TASKPOLICY_REGISTRYCALL_6B5FFB7F,427,427,0
optimized-release,M_TASKPOLICY_QUEUECALL_62B0545B,364,364,0
optimized-release,M_TASKPOLICY_PORTCALL_70989793,503,503,0
optimized-release,M_TASKPOLICY_IOSERVICE_1E6CF653,62,62,0
optimized-release,M_TASKPOLICY_INITIONAMES_D8642B1E,290,282,-8
optimized-release,M_TASKPOLICY_INITIO_35D5D1E4,271,255,-16
optimized-release,M_TASKPOLICY_IOEXTENT_9818C08A,192,188,-4
optimized-release,M_TASKPOLICY_IOERROR_9413450C,91,91,0
optimized-release,M_TASKPOLICY_IONAME_8B922013,58,58,0
optimized-release,M_TASKPOLICY_IOBOUND_33A4879E,4,4,0
optimized-release,M_TASKPOLICY_IOOPEN_15F8E966,354,354,0
optimized-release,M_TASKPOLICY_IOOPENTEST_C4ABA6E6,88,88,0
optimized-release,M_TASKPOLICY_IOCOMPLETE_88BA0BF3,170,166,-4
optimized-release,M_TASKPOLICY_IOWAITOWNER_63A51E9E,242,238,-4
optimized-release,M_TASKPOLICY_IOCOLLECT_D169FE6C,327,310,-17
optimized-release,M_TASKPOLICY_IOENQUEUE_EC975914,598,594,-4
optimized-release,M_TASKPOLICY_IOBEGIN_A0C610B5,313,313,0
optimized-release,M_TASKPOLICY_IOTESTBEGIN_2E780855,355,335,-20
optimized-release,M_TASKPOLICY_IOABORT_1EC95CFC,312,304,-8
optimized-release,M_TASKPOLICY_IOWORKERCONTROL_3D43EE5B,346,338,-8
optimized-release,M_TASKPOLICY_IOCLAIM_E59988BA,210,210,0
optimized-release,M_TASKPOLICY_IOTEST_D46D842E,4,4,0
optimized-release,M_TASKPOLICY_IOTESTFINISH_35E02F77,292,280,-12
optimized-release,M_TASKPOLICY_IOCALL_78031962,615,615,0
optimized-release,M_TASKPOLICY_IOREQUESTCALL_7ACD78BD,625,625,0
optimized-release,M_TASKPOLICY_IOSETTLEDCALL_042AE5B9,495,443,-52
optimized-release,M_TASKPOLICY_LEASESTORAGE_C3092E33,557,549,-8
optimized-release,M_TASKPOLICY_APPLICATIONCOUNT_B3468565,215,215,0
optimized-release,M_TASKPOLICY_NOTIFYRESIDENTS_D29836FE,233,233,0
optimized-release,M_TASKPOLICY_RETAIN_6B38DA95,353,345,-8
optimized-release,M_TASKPOLICY_RELEASE_25BFE7A9,372,364,-8
optimized-release,M_TASKPOLICY_REGISTER_6BEAF001,216,212,-4
optimized-release,M_TASKPOLICY_LIFETIMECALL_A2B2E727,684,684,0
optimized-release,M_TASKPOLICY_DOSSLOTFOR_362EB215,104,100,-4
optimized-release,M_TASKPOLICY_DOSRESET_224DFB33,137,137,0
optimized-release,M_TASKPOLICY_DOSCANREMOVE_DB41E74E,257,257,0
optimized-release,M_TASKPOLICY_DOSCURRENT_4399DFDB,186,182,-4
optimized-release,M_TASKPOLICY_DOSINIT_97B41A44,437,429,-8
optimized-release,M_TASKPOLICY_DOSWORKERBOUND_DB9BCF66,169,161,-8
optimized-release,M_TASKPOLICY_DOSREMOVED_D36757B2,104,96,-8
optimized-release,M_TASKPOLICY_DOSPREPARE_61B1CC0D,378,358,-20
optimized-release,M_TASKPOLICY_DOSADMIT_DEA63DC3,441,433,-8
optimized-release,M_TASKPOLICY_DOSCONTROL_C7F82CE3,337,333,-4
optimized-release,M_TASKPOLICY_PROCESSFOR_0276CBEE,92,92,0
optimized-release,M_TASKPOLICY_SLOTFREE_73C36B44,213,213,0
optimized-release,M_TASKPOLICY_PROCESSCLEAR_BCDB987A,68,68,0
optimized-release,M_TASKPOLICY_PROCESSINIT_C857F965,147,147,0
optimized-release,M_TASKPOLICY_PROCESSRECORDAVAILABLE_0E5B31EF,219,219,0
optimized-release,M_TASKPOLICY_PROCESSRESIDENT_478DA1B5,221,221,0
optimized-release,M_TASKPOLICY_VALIDPROCESSENTRY_D56EBBFD,217,205,-12
optimized-release,M_TASKPOLICY_PROCESSRESERVE_23A33DDB,1166,1166,0
optimized-release,M_TASKPOLICY_PROCESSOWNED_DDA89718,217,217,0
optimized-release,M_TASKPOLICY_PROCESSFIND_A9822214,236,236,0
optimized-release,M_TASKPOLICY_PROCESSCURRENT_78571A20,183,185,2
optimized-release,M_TASKPOLICY_PROCESSLAUNCH_8314A6C0,1064,1004,-60
optimized-release,M_TASKPOLICY_PROCESSCANREMOVE_140447A5,424,426,2
optimized-release,M_TASKPOLICY_PROCESSREMOVED_46C99271,220,222,2
optimized-release,M_TASKPOLICY_PROCESSSTORAGEEMPTY_D996E6A7,555,555,0
optimized-release,M_TASKPOLICY_PROCESSCHANGE_3BBD0041,1298,1298,0
optimized-release,M_TASKPOLICY_PROCESSCONTROL_6911FE90,125,125,0
optimized-release,M_TASKPOLICY_INPUTINIT_B07DD496,328,284,-44
optimized-release,M_TASKPOLICY_KEYBOARDBINDING_7A2395A8,40,40,0
optimized-release,M_TASKPOLICY_KEYBOARDCLAIM_2C621EDB,27,27,0
optimized-release,M_TASKPOLICY_KEYBOARDRELEASE_69338836,15,15,0
optimized-release,M_TASKPOLICY_POINTERBINDING_D35CECAC,40,40,0
optimized-release,M_TASKPOLICY_POINTERCLAIM_44D64EBF,27,27,0
optimized-release,M_TASKPOLICY_POINTERRELEASE_E1BB47AA,15,15,0
optimized-release,M_TASKPOLICY_CONSOLEINIT_02CC0011,98,98,0
optimized-release,M_TASKPOLICY_CONSOLENAMES_B9E6EA95,165,157,-8
optimized-release,M_TASKPOLICY_CONSOLENAME_0C46F590,61,61,0
optimized-release,M_TASKPOLICY_CONSOLEDEVICE_34497CA3,87,87,0
optimized-release,M_TASKPOLICY_REQUESTVALID_195CAC51,1084,1084,0
optimized-release,M_TASKPOLICY_ROUTE_3006B749,925,925,0
optimized-release,M_TASKPOLICY_FINISHDISPATCH_46CD5A79,177,177,0
optimized-release,M_TASKPOLICY_DISPATCH_2D7B283C,899,895,-4
optimized-release,M_TASKSTACKS_STACKLOWER_64542B4C,60,48,-12
optimized-release,M_TASKSTACKS_STACKUPPER_7AF4EA13,60,48,-12
optimized-release,M_CONSOLECORE_EXTENT_83D9960B,299,299,0
optimized-release,M_CONSOLECORE_CELLOFFSET_711520EE,92,92,0
optimized-release,M_CONSOLECORE_CLEAN_3E747584,220,216,-4
optimized-release,M_CONSOLECORE_CHANGED_16194333,151,149,-2
optimized-release,M_CONSOLECORE_MARKROW_74F1B9FE,522,514,-8
optimized-release,M_CONSOLECORE_DIRTY_4A63B073,346,342,-4
optimized-release,M_CONSOLECORE_PRESENTED_91E62DC9,633,629,-4
optimized-release,M_CONSOLECORE_INIT_F63331F9,384,384,0
optimized-release,M_CONSOLECORE_EDITRETAINED_2E59361D,340,324,-16
optimized-release,M_CONSOLECORE_EDITQUANTUM_E6CDEC54,105,105,0
optimized-release,M_CONSOLECORE_NEWLINE_97A73E23,134,122,-12
optimized-release,M_CONSOLECORE_CONTROL_7E220524,298,290,-8
optimized-release,M_CONSOLECORE_FEEDINTO_F0C48569,1021,1011,-10
optimized-release,M_CONSOLECORE_FEED_287D49E7,56,56,0
optimized-release,M_CONSOLECORE_FEEDBATCH_FBB9A7C1,157,153,-4
optimized-release,M_CONSOLECORE_BATCHDAMAGE_51FD9990,494,492,-2
optimized-release,M_CONSOLEBATCH_GET_1DDD9652,40,40,0
optimized-release,M_CONSOLEBATCH_BEGIN_A348F06D,506,506,0
optimized-release,M_CONSOLEBATCH_DUE_DFFF17C0,151,155,4
optimized-release,M_CONSOLEBATCH_FEED_F2D299EE,264,262,-2
optimized-release,M_CONSOLEBATCH_PUBLISH_28F83695,105,105,0
optimized-release,M_CONSOLEBATCH_RESET_8C5BFDE1,11,11,0
optimized-release,M_DISPLAY_VALID_AD4A9CEB,412,408,-4
optimized-release,M_DISPLAY_STATE_1869A6F2,12,12,0
optimized-release,M_DISPLAY_KIND_52F443B1,12,12,0
optimized-release,M_DISPLAY_ACQUIRE_D4F205A1,733,729,-4
optimized-release,M_DISPLAY_CHECK_D0D668F5,71,71,0
optimized-release,M_DISPLAY_ACTIVATE_FA0B49D8,93,93,0
optimized-release,M_DISPLAY_BEGINRELEASE_D060B9F5,107,107,0
optimized-release,M_DISPLAY_RELEASE_49E3CB4A,224,224,0
optimized-release,M_DISPLAY_FAULT_17A2F7BD,77,77,0
optimized-release,M_CONSOLEBITMAP_GETBINDING_4C301254,40,40,0
optimized-release,M_CONSOLEBITMAP_ENABLED_B5633DC6,64,60,-4
optimized-release,M_CONSOLEBITMAP_FAILED_26B87568,64,60,-4
optimized-release,M_CONSOLEBITMAP_BIND_37A88456,305,293,-12
optimized-release,M_CONSOLEBITMAP_GETPACKET_5A801E1D,74,74,0
optimized-release,M_CONSOLEBITMAP_RUN_859D3E7A,419,411,-8
optimized-release,M_CONSOLEBITMAP_OPEN_C85D6197,231,231,0
optimized-release,M_CONSOLEBITMAP_CLOSE_9D29479F,53,53,0
optimized-release,M_CONSOLEBITMAP_MASK_8BB047A7,32,32,0
optimized-release,M_CONSOLEBITMAP_FILL_0D7F3514,130,130,0
optimized-release,M_CONSOLEBITMAP_TEXT_D480A0BE,165,165,0
optimized-release,M_CONSOLEBITMAP_TEXTCARET_18ADBDA7,207,207,0
optimized-release,M_CONSOLEBITMAP_SCROLL_377D53B8,339,335,-4
optimized-release,M_CONSOLEBITMAP_PENDING_D6383590,12,12,0
optimized-release,M_CONSOLEBITMAP_POLL_6E3B6F9E,128,124,-4
optimized-release,M_CONSOLEWINDOWS_REGISTRY_F9AAFFE0,40,40,0
optimized-release,M_CONSOLEWINDOWS_LIVE_CF72384F,84,84,0
optimized-release,M_CONSOLEWINDOWS_FIND_07AFDE1C,206,206,0
optimized-release,M_CONSOLEWINDOWS_BOUND_2C2AAE27,321,309,-12
optimized-release,M_CONSOLEWINDOWS_RESERVE_27D75673,450,442,-8
optimized-release,M_CONSOLEWINDOWS_RETIRED_09D5DC06,215,215,0
optimized-release,M_CONSOLEWINDOWS_RUNNABLE_B9919222,607,603,-4
optimized-release,M_CONSOLEWINDOWS_TAKE_9FD09734,457,457,0
optimized-release,M_INPUT_SHAPE_12014EFC,148,148,0
optimized-release,M_INPUT_EXTENT_FA4C9281,317,317,0
optimized-release,M_INPUT_FILTERVALID_D26629FB,74,74,0
optimized-release,M_INPUT_CHECKCONFIG_58BFFC0D,1084,1044,-40
optimized-release,M_INPUT_SOURCESTATE_ED5DBA81,76,76,0
optimized-release,M_INPUT_SHARED_40B1C6BE,156,156,0
optimized-release,M_INPUT_SOURCEOF_A387FC4D,74,74,0
optimized-release,M_INPUT_CAPTURE_307447C1,99,99,0
optimized-release,M_INPUT_VALID_32EBD3E5,658,650,-8
optimized-release,M_INPUT_ROUTEVALID_38FC4B26,144,132,-12
optimized-release,M_INPUT_REFERENCED_138D8154,727,651,-76
optimized-release,M_INPUT_ACQUIRE_69C538CF,1269,1231,-38
optimized-release,M_INPUT_CREATEROUTE_F78B5B60,530,506,-24
optimized-release,M_INPUT_PUBLISHROUTE_D1782DE9,292,292,0
optimized-release,M_INPUT_RETIREROUTE_2881C61B,364,352,-12
optimized-release,M_INPUT_DISCARD_ACB1BF45,261,261,0
optimized-release,M_INPUT_PENDING_94D4AB06,348,328,-20
optimized-release,M_INPUT_POINTERDELTAVALID_367584F0,247,247,0
optimized-release,M_INPUT_POINTERCOORDINATE_C979CE22,356,356,0
optimized-release,M_INPUT_POINTERREAD_16C85D8C,1761,1757,-4
optimized-release,M_INPUT_TAKE_28320780,872,860,-12
optimized-release,M_INPUT_RELEASE_78D4EBB0,714,677,-37
optimized-release,M_CONSOLECAPTURE_GETLEASE_6E44FE9A,40,40,0
optimized-release,M_CONSOLECAPTURE_ACQUIRE_39D4E6A8,150,150,0
optimized-release,M_CONSOLECAPTURE_RELEASE_DD04AD8D,267,241,-26
optimized-release,M_CONSOLECAPTURE_PUBLISH_C5573D67,90,90,0
optimized-release,M_CONSOLECAPTURE_CLEARUNIT_43522FE3,307,271,-36
optimized-release,M_CONSOLEFOREGROUND_REGISTRY_ABF9F388,40,40,0
optimized-release,M_CONSOLEFOREGROUND_RECLAIM_59B58C70,775,667,-108
optimized-release,M_CONSOLEFOREGROUND_ALLOCATE_F1C749CC,604,583,-21
optimized-release,M_CONSOLEFOREGROUND_REGISTER_0F2DE106,130,130,0
optimized-release,M_CONSOLEFOREGROUND_UNREGISTER_54DD2BA5,245,241,-4
optimized-release,M_CONSOLEFOREGROUND_RETIREUNBOUNDBREAKS_24224B11,258,242,-16
optimized-release,M_CONSOLEFOREGROUND_BEGIN_4DD9FFD0,580,580,0
optimized-release,M_CONSOLEFOREGROUND_END_65D34F46,631,607,-24
optimized-release,M_CONSOLEFOREGROUND_HANDOFF_CB9B2D39,1088,1040,-48
optimized-release,M_CONSOLEFOREGROUND_RESOLVE_9B8D664B,242,234,-8
optimized-release,M_CONSOLEFOREGROUND_NOTIFYONE_981F2C18,149,149,0
optimized-release,M_CONSOLEFOREGROUND_NOTIFY_A30EB7D0,112,112,0
optimized-release,M_CONSOLEFOREGROUND_DELIVER_8D52BBDC,508,500,-8
optimized-release,M_CONSOLEINPUT_INIT_5076ECFA,95,75,-20
optimized-release,M_CONSOLEINPUT_LOSE_42C88EE3,64,44,-20
optimized-release,M_CONSOLEINPUT_CLEAR_3DEF4D2B,172,172,0
optimized-release,M_CONSOLEINPUT_DECODE_A428056C,789,773,-16
optimized-release,M_CONSOLEINPUT_DELIVER_8B43A137,274,254,-20
optimized-release,M_CONSOLEINPUT_PUMP_600356CC,584,584,0
optimized-release,M_CONSOLEINPUT_SERVICE_4560B6F3,154,154,0
optimized-release,M_CONSOLEINPUT_READ_9E7D5EC6,280,259,-21
optimized-release,M_CONSOLEDISPLAY_WIDTH_10C212F0,47,47,0
optimized-release,M_CONSOLEDISPLAY_HEIGHT_F3C514AD,47,47,0
optimized-release,M_CONSOLEDISPLAY_GLYPH_DCC4F92E,95,95,0
optimized-release,M_CONSOLEDISPLAY_LISTVALID_C50FC922,434,434,0
optimized-release,M_CONSOLEDISPLAY_VALIDATE_33E36106,274,274,0
optimized-release,M_CONSOLEDISPLAY_GEOMETRY_B00D0334,368,360,-8
optimized-release,M_CONSOLEDISPLAY_CLAIM_0FF5CDD8,1050,1050,0
optimized-release,M_CONSOLEDISPLAY_RELEASE_C2AC22C5,530,530,0
optimized-release,M_CONSOLEDISPLAY_POSITION_5668E3AD,55,55,0
optimized-release,M_CONSOLEDISPLAY_CURSORPOSITION_6D01F173,171,171,0
optimized-release,M_CONSOLEDISPLAY_CURSOR_3EC7579C,764,754,-10
optimized-release,M_CONSOLEDISPLAY_CELLS_40A0DF53,1904,1912,8
optimized-release,M_CONSOLEDISPLAY_REMOVECURSOR_56933EEC,583,575,-8
optimized-release,M_CONSOLEDISPLAY_ERASE_7308FAA4,572,568,-4
optimized-release,M_CONSOLEDISPLAY_BEGINBATCH_E8453865,588,588,0
optimized-release,M_CONSOLEDISPLAY_FLUSHBATCH_36B2DD3C,303,297,-6
optimized-release,M_CONSOLEDISPLAY_DISCARDBATCH_161CED78,592,580,-12
optimized-release,M_CONSOLEDISPLAY_PRESENTBATCH_DC8CCBC5,583,583,0
optimized-release,M_CONSOLEDISPLAY_BITMAPEDIT_EF95A6DB,767,763,-4
optimized-release,M_CONSOLEDISPLAY_BITMAPCOMPLETE_8FE2FF3C,1138,1126,-12
optimized-release,M_CONSOLEDISPLAY_POLL_204D6C85,149,149,0
optimized-release,M_CONSOLEDISPLAY_COMPLETIONREADY_755EF473,12,12,0
optimized-release,M_CONSOLEDISPLAY_ADVANCE_74F2C1A4,1285,1277,-8
optimized-release,M_CONSOLEDISPLAY_EDIT_379C99EA,1207,1191,-16
optimized-release,M_CONSOLEDISPLAY_PRESENT_E192ED9F,744,744,0
optimized-release,M_CONSOLEDISPLAY_QUANTUM_5F98A18D,87,87,0
optimized-release,M_CONSOLECONTROL_APPLY_DCB506BB,104,104,0
optimized-release,M_CONSOLECONTROL_PROCESS_46BB287E,482,482,0
optimized-release,M_CONSOLECONTROL_SUBMIT_2C979A45,623,619,-4
optimized-release,M_CONSOLEDRIVER_GETSERVICE_BEE5E55D,40,40,0
optimized-release,M_CONSOLEDRIVER_GETINSTANCE_7919D405,40,40,0
optimized-release,M_CONSOLEDRIVER_SCREENWIDTH_857AD658,174,174,0
optimized-release,M_CONSOLEDRIVER_SCREENHEIGHT_C12F3455,174,174,0
optimized-release,M_CONSOLEDRIVER_MAPPED_DAA6A481,352,352,0
optimized-release,M_CONSOLEDRIVER_VALIDATE_72D30322,528,524,-4
optimized-release,M_CONSOLEDRIVER_BOUND_DEB813D0,214,214,0
optimized-release,M_CONSOLEDRIVER_IDLE_F6EAB10E,393,380,-13
optimized-release,M_CONSOLEDRIVER_RETAINOPENER_B80DF9C6,162,162,0
optimized-release,M_CONSOLEDRIVER_OPEN_434F52B0,665,669,4
optimized-release,M_CONSOLEDRIVER_CLOSE_60C60326,460,460,0
optimized-release,M_CONSOLEDRIVER_COMPLETE_39781A87,76,72,-4
optimized-release,M_CONSOLEDRIVER_IMMEDIATE_01EBE21F,483,458,-25
optimized-release,M_CONSOLEDRIVER_BEGINIO_76358745,556,544,-12
optimized-release,M_CONSOLEDRIVER_ABORTIO_EFA380E8,490,490,0
optimized-release,M_CONSOLEDRIVER_CLAIMWRITE_0313F299,132,132,0
optimized-release,M_CONSOLEDRIVER_FINISHWRITE_E8555190,212,212,0
optimized-release,M_CONSOLEDRIVER_FINISHREAD_49C55BD3,196,196,0
optimized-release,M_CONSOLEDRIVER_ARRIVAL_EC6B7DA9,625,621,-4
optimized-release,M_CONSOLEDRIVER_RUNNABLE_F91A82EB,336,324,-12
optimized-release,M_CONSOLEDRIVER_STATE_C6409A7F,93,89,-4
optimized-release,M_CONSOLEDRIVER_NOTIFY_2C61AA6D,201,201,0
optimized-release,M_CONSOLEDRIVER_PREPAREWAITER_2678D1F7,406,406,0
optimized-release,M_CONSOLEDRIVER_FREEWAITER_5FC08D72,108,110,2
optimized-release,M_CONSOLEDRIVER_WAITCHANGE_4E83E195,137,137,0
optimized-release,M_CONSOLEDRIVER_ADMITWORKER_8B81C455,955,947,-8
optimized-release,M_CONSOLEDRIVER_START_3E6AAC44,675,667,-8
optimized-release,M_CONSOLEDRIVER_ALLIDLE_23B19503,346,322,-24
optimized-release,M_CONSOLEDRIVER_REQUESTSTOP_763F8D8B,186,186,0
optimized-release,M_CONSOLEDRIVER_STOP_093D3500,431,427,-4
optimized-release,M_CONSOLEDRIVER_RETIREWORKER_09E7B3B9,171,171,0
optimized-release,M_CONSOLEDRIVER_BATCHWRITE_60F6B557,694,690,-4
optimized-release,M_CONSOLEDRIVER_WRITEQUANTUM_3CD4DB9C,1726,1726,0
optimized-release,M_CONSOLEDRIVER_READQUANTUM_10EBF725,562,558,-4
optimized-release,M_CONSOLEDRIVER_INITIALIZE_D6CB2592,1179,1163,-16
optimized-release,M_CONSOLEDRIVER_FREESTORAGE_02676B4B,625,621,-4
optimized-release,M_CONSOLEDRIVER_COLLECT_102291BE,84,84,0
optimized-release,M_CONSOLEDRIVER_WORKER_589B3ABC,2722,2722,0
optimized-release,M_PORTCORE_CREATEMSGPORT_A47550A3,350,350,0
optimized-release,M_PORTCORE_DELETEMSGPORT_9136F7C6,89,89,0
optimized-release,M_SIODRIVER_BOUND_DC2366E0,421,413,-8
optimized-release,M_SIODRIVER_OPEN_9AA3F320,547,539,-8
optimized-release,M_SIODRIVER_CLOSE_01A37B96,258,246,-12
optimized-release,M_SIODRIVER_BEGINIO_E1378755,302,298,-4
optimized-release,M_SIODRIVER_ABORTIO_689758F8,190,182,-8
optimized-release,M_SIODRIVER_TRYCANCEL_BDB03575,303,303,0
optimized-release,M_SIODRIVER_CLAIM_64B130D4,312,312,0
optimized-release,M_SIODRIVER_ACTIVATE_5F9BFB05,198,190,-8
optimized-release,M_SIODRIVER_FINISH_D94C5F1F,401,384,-17
optimized-release,M_SIODRIVER_REAP_531B42EA,155,143,-12
optimized-release,M_SIODRIVER_STATE_C8F9434F,155,155,0
optimized-release,M_SIODRIVER_UNAVAILABLE_B7013E26,36,36,0
optimized-release,M_SIODRIVER_NOTIFY_7F90C49D,213,213,0
optimized-release,M_SIODRIVER_PREPAREWAITER_A5456107,406,406,0
optimized-release,M_SIODRIVER_FREEWAITER_3A54C422,108,110,2
optimized-release,M_SIODRIVER_WAITCHANGE_D2A1FD05,137,137,0
optimized-release,M_SIODRIVER_ADMITWORKER_05019805,887,887,0
optimized-release,M_SIODRIVER_START_4928F5B4,708,708,0
optimized-release,M_SIODRIVER_STOP_B26AF28A,617,613,-4
optimized-release,M_SIODRIVER_STOPPING_28442DD8,366,362,-4
optimized-release,M_SIODRIVER_RETIREWORKER_47CA3A29,151,151,0
optimized-release,M_SIODRIVER_SIOMAPPED_D1D9A9D6,352,352,0
optimized-release,M_SIODRIVER_PAYLOADLENGTH_9F5C9B06,325,317,-8
optimized-release,M_SIODRIVER_SIOVALIDATE_7D355271,689,669,-20
optimized-release,M_SIODRIVER_DEADLINETICKS_83CDA5CA,323,323,0
optimized-release,M_SIODRIVER_PREPARE_D10BF723,804,786,-18
optimized-release,M_SIODRIVER_HARDWAREINIT_3568BDA6,469,469,0
optimized-release,M_SIODRIVER_RUNREQUEST_4500BA50,596,596,0
optimized-release,M_SIODRIVER_WORKER_374ADF8C,615,615,0
optimized-release,M_SIODRIVER_MATCHES_AEE1C237,162,162,0
optimized-release,M_IORESIDENT_BOUND_C1F0BA89,97,97,0
optimized-release,M_IORESIDENT_OPEN_6086F993,189,189,0
optimized-release,M_IORESIDENT_CLOSE_FE2B0633,88,88,0
optimized-release,M_IORESIDENT_BEGINIO_914C855C,88,88,0
optimized-release,M_IORESIDENT_ABORTIO_0DA61711,88,88,0
optimized-release,M_IOCORE_OPENDEVICE_A2787528,320,320,0
optimized-release,M_IOCORE_CLOSEDEVICE_667F761E,202,202,0
optimized-release,M_IOCORE_SUBMIT_5D7CB97A,531,523,-8
optimized-release,M_IOCORE_BEGINIO_FAB52593,43,43,0
optimized-release,M_IOCORE_SENDIO_CA4E16BA,43,43,0
optimized-release,M_IOCORE_ABORTIO_125E3726,202,202,0
optimized-release,M_IOCORE_CREATEIOREQUEST_DE10015D,224,224,0
optimized-release,M_IOCORE_DELETEIOREQUEST_93A87E78,95,95,0
optimized-release,M_IOCORE_START_4033F51A,40,40,0
optimized-release,M_IOCORE_WAITIO_8CA35F61,256,256,0
optimized-release,M_IOCORE_DOIO_173DC4A1,122,122,0
optimized-release,M_CONSOLETILING_LOCK_D1C61C32,730,693,-37
optimized-release,M_CONSOLETILING_UNLOCK_9D80F64D,444,419,-25
optimized-release,M_CONSOLETILING_OWNED_E442B6FE,162,162,0
optimized-release,M_CONSOLETILING_SELECT_D724C265,510,494,-16
optimized-release,M_CONSOLETILING_HIDELOCKED_54ED13CF,611,591,-20
optimized-release,M_CONSOLETILING_SHOW_26065EE8,1309,1249,-60
optimized-release,M_CONSOLETILING_HIDE_B9E54D0B,179,179,0
optimized-release,M_CONSOLETILING_FOCUS_1EF2C0A5,245,245,0
optimized-release,M_CONSOLE_SCREENWIDTH_02A0531A,4,4,0
optimized-release,M_CONSOLE_SCREENHEIGHT_21CB6DFB,4,4,0
optimized-release,M_CONSOLE_FREEINSTANCE_35A7F9E7,364,360,-4
optimized-release,M_CONSOLE_CREATE_AA57C2F6,1424,1412,-12
optimized-release,M_CONSOLE_DESTROY_8B3B48E8,817,813,-4
optimized-release,M_CONSOLE_SHOW_21D86251,4,4,0
optimized-release,M_CONSOLE_HIDE_EC93B70A,4,4,0
optimized-release,M_CONSOLE_FOCUS_1C4A8DCE,4,4,0
optimized-release,M_DOSCORE_GETREGISTRY_D528A1F7,40,40,0
optimized-release,M_FSOPERATION_CANCELLABLE_CAA34525,456,456,0
optimized-release,M_FSOPERATION_PREPARE_EA34E162,499,499,0
optimized-release,M_FSOPERATION_AUTHORITY_2081E9D0,643,643,0
optimized-release,M_FSOPERATION_CANCELED_56B92A04,158,158,0
optimized-release,M_FSOPERATION_CLAIM_4C8DDFC1,165,165,0
optimized-release,M_FSOPERATION_REQUEST_3F73D6DE,486,482,-4
optimized-release,M_FSOPERATION_UNLINK_B5280A26,378,378,0
optimized-release,M_FSOPERATION_REPLYREADY_532E4DE6,245,245,0
optimized-release,M_FSOPERATION_COLLECT_397028AF,160,160,0
optimized-release,M_FSOPERATION_PUMP_B18C8A95,616,616,0
optimized-release,M_DOSCLIENT_IOERR_BF9E8A97,66,66,0
optimized-release,M_DOSCLIENT_SETIOERR_93E1A287,111,111,0
optimized-release,M_DOSCLIENT_SETERROR_F2B11A26,59,59,0
optimized-release,M_DOSCLIENT_NEWCLIENT_41735729,512,512,0
optimized-release,M_DOSCLIENT_ENSURESLOT_00C71048,302,302,0
optimized-release,M_DOSCLIENT_ENSURE_1859B044,61,61,0
optimized-release,M_DOSCLIENT_CLEARSELECTIONS_93A1D5D6,147,147,0
optimized-release,M_DOSCLIENT_RELEASECONTEXT_90CB2A06,1089,1069,-20
optimized-release,M_DOSCLIENT_CHECKREPLY_4530772C,342,342,0
optimized-release,M_DOSCLIENT_CALL_35DB3B22,1318,1310,-8
optimized-release,M_DOSOBJECTS_FIND_2E898C70,231,231,0
optimized-release,M_DOSOBJECTS_LINK_9FA00D0F,213,205,-8
optimized-release,M_DOSOBJECTS_UNLINK_C978FCF4,439,431,-8
optimized-release,M_BLOCKCACHE_METADATABYTES_EA4C1D98,97,97,0
optimized-release,M_BLOCKCACHE_CREATE_BA82E51A,650,650,0
optimized-release,M_BLOCKCACHE_DESTROY_EB1A5F0C,332,322,-10
optimized-release,M_BLOCKCACHE_INVALIDATE_4E66AC31,354,350,-4
optimized-release,M_BLOCKCACHE_SETINDEX_5318FF18,168,164,-4
optimized-release,M_BLOCKCACHE_FIND_1946044D,339,309,-30
optimized-release,M_BLOCKCACHE_FORGET_8D9AE1E1,326,322,-4
optimized-release,M_BLOCKCACHE_COPY_EC1E9165,155,155,0
optimized-release,M_BLOCKCACHE_PAYLOAD_A5530E46,129,129,0
optimized-release,M_BLOCKCACHE_READ_6E9EB2D8,643,639,-4
optimized-release,M_BLOCKCACHE_STOREPART_C61D91FE,845,801,-44
optimized-release,M_BLOCKCACHE_STORE_364610B1,236,232,-4
optimized-release,M_BLOCKIO_GEOMETRY_4529DFEE,177,177,0
optimized-release,M_BLOCKIO_SECTORBYTES_B8369631,144,140,-4
optimized-release,M_BLOCKIO_MAPPED_A9EEA713,367,367,0
optimized-release,M_BLOCKIO_CREATE_DF5BA086,593,593,0
optimized-release,M_BLOCKIO_DESTROY_0CC5CBD8,275,271,-4
optimized-release,M_BLOCKIO_DEVICENAME_55BC3EC3,227,87,-140
optimized-release,M_BLOCKIO_OPENVOLUME_36B90798,508,500,-8
optimized-release,M_BLOCKIO_DETACH_FC4FFB83,378,370,-8
optimized-release,M_BLOCKIO_DISCARDBUFFER_3EED9C90,53,33,-20
optimized-release,M_BLOCKIO_INVALIDATE_E4DCC90F,76,76,0
optimized-release,M_BLOCKIO_CACHED_7ABF0DB0,196,192,-4
optimized-release,M_BLOCKIO_PUBLISH_42B93901,118,94,-24
optimized-release,M_BLOCKIO_PREPARE_810BFFA1,245,241,-4
optimized-release,M_BLOCKIO_COMPLETE_80F6A54F,364,352,-12
optimized-release,M_BLOCKIO_CHECK_A5B41A2A,300,300,0
optimized-release,M_BLOCKIO_BEGINFETCH_6B9D7F07,654,622,-32
optimized-release,M_BLOCKIO_BEGINSTORE_D38E59E4,808,744,-64
optimized-release,M_BLOCKIO_FINISHFETCH_D55D2AA5,428,428,0
optimized-release,M_BLOCKIO_FINISHSTORE_0115A3DE,4,4,0
optimized-release,M_FSCORE_COPYENTRY_48DFB26E,95,95,0
optimized-release,M_FSCORE_BEGINOPERATION_525CBD4F,234,178,-56
optimized-release,M_FSCORE_FINISHOPERATION_46633DF1,274,258,-16
optimized-release,M_FS83_LEGAL_57119700,113,113,0
optimized-release,M_FS83_FOLD_0A64C6B8,62,62,0
optimized-release,M_FS83_STORED_D2BF7200,273,273,0
optimized-release,M_FS83_MATCH_C3E96F9C,249,249,0
optimized-release,M_FS83_STARTRESOLVE_ED05839D,426,368,-58
optimized-release,M_FS83_COMPONENT_3DA5FCEA,733,681,-52
optimized-release,M_FS83_SELECTMATCH_2C823C16,379,362,-17
optimized-release,M_FS83_CHOOSE_D3525E62,233,229,-4
optimized-release,M_FSNAMES_STREAM_12DD2A4A,782,782,0
optimized-release,M_FSNAMES_MAPPED_324F42A3,196,196,0
optimized-release,M_FSNAMES_PATH_CFBF830F,714,688,-26
optimized-release,M_FSNAMES_SYSTEM_7AF4AE7D,197,197,0
optimized-release,M_FSNAMES_VALIDALIAS_36EB4E14,288,288,0
optimized-release,M_DOSSTREAMS_VALIDMODE_6A43AE29,116,116,0
optimized-release,M_DOSSTREAMS_VALIDBUFFER_D67D80FE,174,174,0
optimized-release,M_DOSSTREAMS_OPENNIL_7EDE8F17,271,271,0
optimized-release,M_DOSSTREAMS_TRANSFERNIL_E7EA5C2C,176,176,0
optimized-release,M_DOSSTREAMS_CLOSENIL_3520E24B,214,214,0
optimized-release,M_DOSPIPE_WAKE_206F5695,165,165,0
optimized-release,M_DOSPIPE_UNWAIT_23BF06C3,290,290,0
optimized-release,M_DOSPIPE_CREATE_3311B233,803,803,0
optimized-release,M_DOSPIPE_CLONE_F42CC55A,451,436,-15
optimized-release,M_DOSPIPE_DISCARD_EA487971,430,406,-24
optimized-release,M_DOSPIPE_CLOSE_E3C2D505,215,215,0
optimized-release,M_DOSPIPE_TRANSFER_59D539F6,2337,2303,-34
optimized-release,M_DOSRAW_GETREGISTRY_976423CC,40,40,0
optimized-release,M_DOSRAW_UNITREGISTRY_DD0D5704,97,97,0
optimized-release,M_DOSRAW_UNIT_B2527969,392,392,0
optimized-release,M_DOSRAW_LIVE_14427091,445,433,-12
optimized-release,M_DOSRAW_INITIALIZE_D871F7B7,452,444,-8
optimized-release,M_DOSRAW_ROLLBACK_4A7594F5,53,53,0
optimized-release,M_DOSRAW_ACQUIRE_CC49A145,1027,1018,-9
optimized-release,M_DOSRAW_OPENSIZED_F1E27B78,471,471,0
optimized-release,M_DOSRAW_OPEN_5F7F2547,73,73,0
optimized-release,M_DOSRAW_VALIDEXTENT_84EF7CCB,249,249,0
optimized-release,M_DOSRAW_RELEASEOPERATION_C2E80557,205,197,-8
optimized-release,M_DOSRAW_PREPARE_F51F1B68,974,966,-8
optimized-release,M_DOSRAW_FINISH_BB47E14C,252,244,-8
optimized-release,M_DOSRAW_COMPLETE_0FD428DA,530,526,-4
optimized-release,M_DOSRAW_RETAIN_4DF2DE08,203,194,-9
optimized-release,M_DOSRAW_RELEASEENDPOINT_3E946265,489,481,-8
optimized-release,M_DOSRAW_CLOSESIZED_2208AD92,428,428,0
optimized-release,M_DOSRAW_CLOSE_4F38859D,69,69,0
optimized-release,M_COOKEDLINE_FREEHISTORY_E31E705E,124,124,0
optimized-release,M_COOKEDLINE_RESETHISTORY_27C90F73,172,144,-28
optimized-release,M_COOKEDLINE_HISTORYSLOT_205258CE,117,117,0
optimized-release,M_COOKEDLINE_REMEMBER_E39B9025,841,805,-36
optimized-release,M_COOKEDLINE_RECALL_089A5861,943,873,-70
optimized-release,M_COOKEDLINE_INIT_553F5E46,169,149,-20
optimized-release,M_COOKEDLINE_CREATE_35929826,99,99,0
optimized-release,M_COOKEDLINE_DESTROY_77CB15F8,141,133,-8
optimized-release,M_COOKEDLINE_RETAIN_F54817A1,128,112,-16
optimized-release,M_COOKEDLINE_RELEASE_68B6E005,236,218,-18
optimized-release,M_COOKEDLINE_ENTER_AF5023D0,121,113,-8
optimized-release,M_COOKEDLINE_LEAVE_C362F351,44,44,0
optimized-release,M_COOKEDLINE_SETHISTORY_7BFEF58A,375,363,-12
optimized-release,M_COOKEDLINE_EMPTY_73E023F3,72,52,-20
optimized-release,M_COOKEDLINE_ERASE_F76E1DAE,204,183,-21
optimized-release,M_COOKEDLINE_LOSE_A2B86A77,101,101,0
optimized-release,M_COOKEDLINE_FEED_E5727982,1649,1579,-70
optimized-release,M_COOKEDLINE_DRAIN_A743CD2C,479,471,-8
optimized-release,M_COOKEDLINE_RENDER_D6B4258E,1655,1519,-136
optimized-release,M_DOSCANCEL_TRANSFER_DC8DFD88,472,456,-16
optimized-release,M_DOSCOOKED_OPEN_FB0901F4,270,270,0
optimized-release,M_DOSCOOKED_CLOSE_1355CA48,238,226,-12
optimized-release,M_DOSCOOKED_WIRE_7D812E8B,573,565,-8
optimized-release,M_DOSCOOKED_BEGIN_9BFE5F7B,389,369,-20
optimized-release,M_DOSCOOKED_CANCELLINE_F449849C,486,462,-24
optimized-release,M_DOSCOOKED_ACQUIRELINE_772F100E,1089,1077,-12
optimized-release,M_DOSCOOKED_READLOCKED_B41BFB52,787,787,0
optimized-release,M_DOSCOOKED_READ_AAA4E8F8,221,221,0
optimized-release,M_DOSBREAK_CURRENT_B838AC0B,121,121,0
optimized-release,M_DOSBREAK_ALLOCATE_10964711,418,418,0
optimized-release,M_DOSBREAK_FREE_76D15FA8,128,130,2
optimized-release,M_DOSBREAK_BEGIN_A70D4CB3,874,874,0
optimized-release,M_DOSBREAK_END_B7800793,311,311,0
optimized-release,M_DOSBREAK_PENDING_1B1DF51D,99,99,0
optimized-release,M_DOSBREAK_CLEAR_B7EEEC7D,247,247,0
optimized-release,M_FSSYSTEM_SELECTED_9418F47A,32,32,0
optimized-release,M_FSSYSTEM_SYSTEMUNIT_F93F9C60,51,51,0
optimized-release,M_FSSYSTEM_UNIT_D8E8C927,84,80,-4
optimized-release,M_FSSYSTEM_NAMEBYTE_29131912,152,152,0
optimized-release,M_FSSYSTEM_MATCHES_6FF2F0E4,343,343,0
optimized-release,M_FSSYSTEM_SAMENAME_3086AACE,205,205,0
optimized-release,M_FSSYSTEM_APPLY_F77568D5,188,188,0
optimized-release,M_FSREGISTRY_SERVICE_31663004,74,74,0
optimized-release,M_FSREGISTRY_RETAIN_218C5FAC,116,108,-8
optimized-release,M_FSREGISTRY_RETAINBASE_94E5BA0B,233,225,-8
optimized-release,M_FSREGISTRY_RELEASE_E0E99364,234,226,-8
optimized-release,M_FSREGISTRY_LOOKUP_AD8B60C1,578,570,-8
optimized-release,M_FSREGISTRY_FINDOBJECT_780CC443,79,79,0
optimized-release,M_FSREGISTRY_FROMHEADER_DCD07C60,399,379,-20
optimized-release,M_FSREGISTRY_STAMP_BE264D84,218,218,0
optimized-release,M_DOSWIRE_ISPOINTER_E1AC855F,89,89,0
optimized-release,M_FSLEASES_LINK_92921FD5,213,189,-24
optimized-release,M_FSLEASES_UNLINK_039AB2C8,390,390,0
optimized-release,M_FSLEASES_OBJECTENTRY_FCD8C666,119,119,0
optimized-release,M_FSLEASES_SAME_B25DFB61,287,287,0
optimized-release,M_FSLEASES_BUSY_31143750,781,745,-36
optimized-release,M_FSLEASES_LIVE_C7D42DE5,509,481,-28
optimized-release,M_FSLEASES_WRITABLE_932CF683,108,96,-12
optimized-release,M_FSFILES_ALLOCATE_3EE5B3A2,99,99,0
optimized-release,M_FSFILES_CREATE_5EA85CDB,117,117,0
optimized-release,M_FSFILES_RETAIN_1627AB28,196,184,-12
optimized-release,M_FSFILES_DROPSHARED_A840009F,230,209,-21
optimized-release,M_FSFILES_RELEASE_91585E60,229,217,-12
optimized-release,M_FSLOCKS_TRAILER_B3BA463B,42,42,0
optimized-release,M_FSLOCKS_TEXT_C72F70F3,42,42,0
optimized-release,M_FSLOCKS_ALLOCATION_5B5A6C20,89,85,-4
optimized-release,M_FSLOCKS_ROOT_D04E0C54,273,229,-44
optimized-release,M_FSLOCKS_ADD_DEA4C903,228,191,-37
optimized-release,M_FSLOCKS_APPEND_3EC68462,763,682,-81
optimized-release,M_FSLOCKS_ALLOCATE_39B5BEE3,189,189,0
optimized-release,M_FSLOCKS_CREATE_34BC7CB2,241,231,-10
optimized-release,M_FSLOCKS_FREE_701F260A,99,99,0
optimized-release,M_FSOBJECTS_FREE_154D29BE,157,157,0
optimized-release,M_FSACTIVE_CURRENTSCOPE_BF6A95BD,260,252,-8
optimized-release,M_BLOCKWIRE_EXCHANGE_9F443072,773,753,-20
optimized-release,M_BLOCKWIRE_TRANSFER_0A2F17CC,56,56,0
optimized-release,M_BLOCKWIRE_TRANSFERCOMMITTED_FEB13FCA,56,56,0
optimized-release,M_SDFS_WORD_9040534F,92,92,0
optimized-release,M_SDFS_LENGTH_0EB65DB7,140,140,0
optimized-release,M_SDFS_GETSTATE_E428DC88,49,49,0
optimized-release,M_SDFS_CREATEWORK_894591E8,138,138,0
optimized-release,M_SDFS_DESTROYWORK_D1F8FE6A,124,124,0
optimized-release,M_SDFS_CREATEVOLUME_B12DE8AD,138,138,0
optimized-release,M_SDFS_DESTROYVOLUME_8A02EFB7,124,124,0
optimized-release,M_SDFS_INVALIDATE_8CE6E30A,108,108,0
optimized-release,M_SDFS_ALLOWED_D687D449,190,182,-8
optimized-release,M_SDFS_BEGINMOUNT_68830325,119,93,-26
optimized-release,M_SDFS_HEADER_D37EFF70,1283,1207,-76
optimized-release,M_SDFS_MOUNTBUFFERED_7F8C68E7,234,206,-28
optimized-release,M_SDFS_MAP_D6A7DDA3,50,50,0
optimized-release,M_SDFS_RESTART_887C29F6,137,135,-2
optimized-release,M_SDFS_CACHED_B7AA1E89,328,312,-16
optimized-release,M_SDFS_CACHE_55DBD7B1,463,399,-64
optimized-release,M_SDFS_SECTORALLOWED_D0C4D1BB,292,276,-16
optimized-release,M_SDFS_VALIDATEMAP_D7214A91,849,817,-32
optimized-release,M_SDFS_ADVANCE_66AE3A9F,278,253,-25
optimized-release,M_MYDOS_CREATEVOLUME_8FA50CD3,146,146,0
optimized-release,M_MYDOS_DESTROYVOLUME_8DF1D5D5,124,124,0
optimized-release,M_MYDOS_DATASECTOR_95277D3B,222,210,-12
optimized-release,M_MYDOS_VALIDDIRECTORY_1CF8F62E,291,283,-8
optimized-release,M_MYDOS_EXTENT_5BCD29B5,648,604,-44
optimized-release,M_MYDOS_HEADER_A95A323A,423,399,-24
optimized-release,M_MYDOS_BEGINMOUNT_AA58F6DF,203,175,-28
optimized-release,M_MYDOS_MOUNTBUFFERED_114678B9,234,206,-28
optimized-release,M_MYDOS_DECODE_69B6DF25,509,497,-12
optimized-release,M_MYDOS_LIVE_1E4E1377,380,380,0
optimized-release,M_MYDOS_BUFFEREDENTRY_DC465C80,506,478,-28
optimized-release,M_MYDOS_BEGINENTRY_95F170F4,332,320,-12
optimized-release,M_MYDOS_DESCEND_C497F8DD,501,467,-34
optimized-release,M_MYDOS_ROOTENTRY_E3F00029,222,210,-12
optimized-release,M_MYDOS_STARTRESOLVE_24B3B079,114,106,-8
optimized-release,M_MYDOS_RESOLVECOMPONENT_8F2130C4,109,103,-6
optimized-release,M_MYDOS_RESOLVESTEP_4ADA26D9,482,478,-4
optimized-release,M_MYDOS_VALIDATEBASE_0A85139C,771,699,-72
optimized-release,M_MYDOSFILE_CHAIN_94A5D226,50,50,0
optimized-release,M_MYDOSFILE_RESTART_75C66A72,180,178,-2
optimized-release,M_MYDOSFILE_OPEN_0FD3469F,716,664,-52
optimized-release,M_MYDOSFILE_SECTORALLOWED_E72DFCC7,277,264,-13
optimized-release,M_MYDOSFILE_VISIT_2F7F40D0,462,458,-4
optimized-release,M_MYDOSFILE_TRAILER_58DD2DFC,526,482,-44
optimized-release,M_MYDOSFILE_LINK_86A70D17,405,401,-4
optimized-release,M_MYDOSFILE_VALIDATE_CCD11D35,528,508,-20
optimized-release,M_MYDOSFILE_FAIL_8A60C23B,227,211,-16
optimized-release,M_MYDOSFILE_CANCEL_40161F05,403,379,-24
optimized-release,M_MYDOSFILE_ADVANCE_71346BED,156,154,-2
optimized-release,M_MYDOSFILE_NEEDSECTOR_4EE2E2C1,130,120,-10
optimized-release,M_MYDOSFILE_BEGINREAD_56DCAA56,721,701,-20
optimized-release,M_MYDOSFILE_TARGET_3D0FAE04,593,573,-20
optimized-release,M_MYDOSFILE_BEGINSEEK_007E9A86,442,421,-21
optimized-release,M_MYDOSFILE_LOCATE_F172D4F1,440,436,-4
optimized-release,M_MYDOSFILE_COPY_B45932A2,434,402,-32
optimized-release,M_MYDOSFILE_CONSUME_CDF927EF,530,522,-8
optimized-release,M_MYDOSFILE_CONTINUEOPERATION_DDF4199B,532,512,-20
optimized-release,M_MYDOSFILE_MEASURE_660762A9,385,375,-10
optimized-release,M_SDFSFILE_OPEN_2046DF25,702,670,-32
optimized-release,M_SDFSFILE_FAIL_23FC14B5,222,206,-16
optimized-release,M_SDFSFILE_CANCEL_B60AB817,235,226,-9
optimized-release,M_SDFSFILE_BEGINSEEK_80AE6CDC,569,552,-17
optimized-release,M_SDFSFILE_BEGINREAD_A4D537D8,699,655,-44
optimized-release,M_SDFSFILE_CONSUME_19CF3939,788,712,-76
optimized-release,M_SDFSFILE_DRIVE_59FB4F1B,1502,1404,-98
optimized-release,M_SDFSFILE_CONTINUEOPERATION_077FC395,334,326,-8
optimized-release,M_SDFSFILE_MEASURE_B257955B,1723,1603,-120
optimized-release,M_SDFSDATE_LEAP_5FE3C9CD,37,37,0
optimized-release,M_SDFSDATE_MONTHDAYS_18463582,134,134,0
optimized-release,M_SDFSDATE_DECODE_E4AFE2B3,971,975,4
optimized-release,M_SDFSDIR_ERROR_F11B3DDA,58,58,0
optimized-release,M_SDFSDIR_SEED_AE4E45A1,426,406,-20
optimized-release,M_SDFSDIR_BEGINENTRY_4CCF1AF9,737,709,-28
optimized-release,M_SDFSDIR_VALIDATEPARENT_CC71085A,382,345,-37
optimized-release,M_SDFSDIR_HEADER_A6C13D37,566,550,-16
optimized-release,M_SDFSDIR_DECODE_445A4286,1165,1117,-48
optimized-release,M_SDFSDIR_BUFFEREDENTRY_374F4FF7,531,531,0
optimized-release,M_SDFSDIR_BEGINHEADER_0CDE2CA0,386,370,-16
optimized-release,M_SDFSDIR_MEASURE_2E677570,686,678,-8
optimized-release,M_SDFSNAME_DESCEND_5D259778,509,466,-43
optimized-release,M_SDFSNAME_VALIDATEBASE_03C615D3,688,606,-82
optimized-release,M_SDFSNAME_STARTRESOLVE_EBBD5226,338,304,-34
optimized-release,M_SDFSNAME_RESOLVECOMPONENT_CCDFB63B,240,240,0
optimized-release,M_SDFSNAME_DONE_34A5B326,178,170,-8
optimized-release,M_SDFSNAME_CHOOSE_8F0B0401,202,198,-4
optimized-release,M_SDFSNAME_RESOLVESTEP_B2924B88,427,427,0
optimized-release,M_FSBACKEND_AVAILABLE_56F19E57,58,58,0
optimized-release,M_FSBACKEND_CREATEVOLUME_26C12EFC,126,128,2
optimized-release,M_FSBACKEND_DESTROYVOLUME_B6078DE8,82,82,0
optimized-release,M_FSBACKEND_CREATEWORK_8A6F92A5,4,4,0
optimized-release,M_FSBACKEND_DESTROYWORK_CA11D009,38,38,0
optimized-release,M_FSBACKEND_INVALIDATE_9F423887,75,75,0
optimized-release,M_FSBACKEND_ENUMLIMIT_D60FC50E,48,48,0
optimized-release,M_FSBACKEND_BEGINMOUNT_3F96891C,105,89,-16
optimized-release,M_FSBACKEND_MOUNTBUFFERED_E1BCDBDC,105,89,-16
optimized-release,M_FSBACKEND_BUFFEREDENTRY_A53297ED,105,89,-16
optimized-release,M_FSBACKEND_RESOLVECOMPONENT_25BBEDCF,105,89,-16
optimized-release,M_FSBACKEND_RESOLVESTEP_71F5161C,105,89,-16
optimized-release,M_FSBACKEND_DESCEND_696B876C,105,89,-16
optimized-release,M_FSBACKEND_BEGINREAD_9B747D7D,128,104,-24
optimized-release,M_FSBACKEND_BEGINSEEK_65568135,128,104,-24
optimized-release,M_FSBACKEND_CONTINUEOPERATION_B2B07804,128,104,-24
optimized-release,M_FSBACKEND_CANCEL_CF93E684,128,104,-24
optimized-release,M_FSBACKEND_BEGINENTRY_D3F74E4F,153,141,-12
optimized-release,M_FSBACKEND_STARTRESOLVE_75FDEFE2,131,115,-16
optimized-release,M_FSBACKEND_OPEN_70C2A6B2,131,115,-16
optimized-release,M_FSBACKEND_FAIL_FA955312,162,142,-20
optimized-release,M_FSBACKEND_MEASURE_AD470D66,131,115,-16
optimized-release,M_FSBACKEND_VALIDATEBASE_C7106A97,131,119,-12
optimized-release,M_FSIO_BEGIN_68AD59C5,464,396,-68
optimized-release,M_FSIO_COMPLETE_3A967BA3,580,500,-80
optimized-release,M_FSIO_OFFLINE_B7567A31,304,284,-20
optimized-release,M_FSWRITEIO_STATE_A0FFD18A,49,49,0
optimized-release,M_FSWRITEIO_ERROR_9F481FB3,303,263,-40
optimized-release,M_FSWRITEIO_CHECKPOINT_86192BF5,179,179,0
optimized-release,M_FSWRITEIO_FAILED_0CF5DEA4,462,405,-57
optimized-release,M_FSWRITEIO_READ_66641E67,1041,977,-64
optimized-release,M_FSWRITEIO_WRITE_4F85FADC,688,656,-32
optimized-release,M_FSWRITEIO_ZERO_F685105B,60,56,-4
optimized-release,M_FSWRITEIO_WORD_326DCDF9,105,105,0
optimized-release,M_FSWRITEIO_LENGTH_F339C741,131,131,0
optimized-release,M_FSPACKET_REPLY_F0943484,558,506,-52
optimized-release,M_FSPACKET_ERROR_61E70414,318,294,-24
optimized-release,M_FSPACKET_IDENTITY_6B3677B2,1009,853,-156
optimized-release,M_FSPACKET_PUBLISHOPENSTEP_55EACFB5,611,554,-57
optimized-release,M_FSPACKET_CLOSE_01E28282,345,321,-24
optimized-release,M_FSPORTS_CREATE_D9675AD2,238,238,0
optimized-release,M_FSPORTS_DELETE_FC342961,46,46,0
optimized-release,M_FSINIT_CONFIG_A7C873FA,1153,1128,-25
optimized-release,M_FSINIT_WORKSPACE_ED5E2107,710,702,-8
optimized-release,M_FSINIT_ARRIVAL_302FF83F,653,647,-6
optimized-release,M_FSINIT_ALLOCATEMOUNT_EF481898,761,734,-27
optimized-release,M_FSINIT_ALLOCATEBLOCK_5C0916F0,570,563,-7
optimized-release,M_FSINIT_PUBLISH_12D6516B,290,265,-25
optimized-release,M_FSINIT_FIRST_60F42DBA,314,314,0
optimized-release,M_FSINIT_MOUNTSTEP_D16E7745,181,181,0
optimized-release,M_FSINIT_OPENEDSTEP_3B4623A1,418,370,-48
optimized-release,M_FSINIT_MOUNTEDSTEP_D00F6B02,661,585,-76
optimized-release,M_FSINIT_FAILED_4FB7E0CF,284,260,-24
optimized-release,M_FSINIT_DESTROYMOUNT_00D5D10B,533,529,-4
optimized-release,M_FSINIT_CLEANUP_26675F9E,760,752,-8
optimized-release,M_FSALLOC_ALLOWED_1FF175A3,723,647,-76
optimized-release,M_FSALLOC_BITMAP_55D4E3AC,723,683,-40
optimized-release,M_FSALLOC_ALLOCATED_A8A57AF0,221,201,-20
optimized-release,M_FSALLOC_FIND_C860CAEC,1438,1353,-85
optimized-release,M_FSALLOC_CHANGE_B0E87AF9,1092,995,-97
optimized-release,M_FSALLOC_TAKE_9AD436E4,439,391,-48
optimized-release,M_FSALLOC_FREE_BE46C827,189,157,-32
optimized-release,M_FSALLOC_COUNTROOM_E5C7D397,486,458,-28
optimized-release,M_MYDOSWRITE_BAD_ECEFF42B,42,42,0
optimized-release,M_MYDOSWRITE_LIMIT_E01793D7,66,66,0
optimized-release,M_MYDOSWRITE_READPAYLOAD_AC32DCA4,1161,1101,-60
optimized-release,M_MYDOSWRITE_TRAILER_BFA640A1,361,349,-12
optimized-release,M_MYDOSWRITE_ENTRYIO_ACBE3032,579,571,-8
optimized-release,M_MYDOSWRITE_VALIDATE_B3BA3338,628,604,-24
optimized-release,M_MYDOSWRITE_MARK_0E6D7B2D,460,436,-24
optimized-release,M_MYDOSWRITE_SLOT_AA2228B6,386,364,-22
optimized-release,M_MYDOSWRITE_CREATE_CDAAF016,1293,1191,-102
optimized-release,M_MYDOSWRITE_WRITE_992B7BC3,1769,1729,-40
optimized-release,M_MYDOSWRITE_RECLAIM_F1DD6F57,330,318,-12
optimized-release,M_MYDOSWRITE_TRUNCATE_A6EAB42C,393,389,-4
optimized-release,M_MYDOSWRITE_EMPTY_B06BE841,289,273,-16
optimized-release,M_MYDOSWRITE_DELETE_256A83D3,396,380,-16
optimized-release,M_MYDOSWRITE_RENAME_E308DCF0,257,245,-12
optimized-release,M_SDFSWRITE_BAD_5E3D66D1,42,42,0
optimized-release,M_SDFSWRITE_VALIDSECTOR_67FAADEC,367,331,-36
optimized-release,M_SDFSWRITE_LOCATE_55E19A5E,1213,1173,-40
optimized-release,M_SDFSWRITE_GROW_073A6F69,889,873,-16
optimized-release,M_SDFSWRITE_ROWIO_EF8D2430,1033,1015,-18
optimized-release,M_SDFSWRITE_ENTRYIO_D3D74C00,149,149,0
optimized-release,M_SDFSWRITE_VALIDATE_3C808422,1589,1527,-62
optimized-release,M_SDFSWRITE_SLOT_E3DFD014,758,718,-40
optimized-release,M_SDFSWRITE_SPACE_ED9B8102,579,555,-24
optimized-release,M_SDFSWRITE_CREATE_5E5E06BC,2049,1909,-140
optimized-release,M_SDFSWRITE_MARK_BAD71DEB,445,397,-48
optimized-release,M_SDFSWRITE_WRITE_40A16F7D,1245,1229,-16
optimized-release,M_SDFSWRITE_RECLAIM_B35C64A9,671,643,-28
optimized-release,M_SDFSWRITE_TRUNCATE_031B9696,392,392,0
optimized-release,M_SDFSWRITE_EMPTY_E038B2BB,565,533,-32
optimized-release,M_SDFSWRITE_DELETE_04723F49,235,223,-12
optimized-release,M_SDFSWRITE_RENAME_68E1123E,547,519,-28
optimized-release,M_FSWRITE_ACCESS_0C7E9E15,210,190,-20
optimized-release,M_FSWRITE_VALIDATE_5FCFD495,227,215,-12
optimized-release,M_FSWRITE_MARK_8F6D7604,133,117,-16
optimized-release,M_FSWRITE_NORMALIZE_5C686BA8,595,559,-36
optimized-release,M_FSWRITE_CREATE_47C6C0B3,448,408,-40
optimized-release,M_FSWRITE_OPEN_799F737F,670,638,-32
optimized-release,M_FSWRITE_WRITESTEP_AD20D8EE,1191,1107,-84
optimized-release,M_FSWRITE_BEGIN_06B2C6FE,1174,1073,-101
optimized-release,M_FSWRITE_FINALIZE_1B960C91,492,424,-68
optimized-release,M_FSWRITE_DELETE_68B67BAA,913,877,-36
optimized-release,M_FSWRITE_RENAME_4C9B6B85,275,263,-12
optimized-release,M_FSRELATIVE_VALIDATE_0372B7FC,199,195,-4
optimized-release,M_FSRELATIVE_SEED_FD9BA1BB,604,556,-48
optimized-release,M_FSRELATIVE_TRIM_C4B2DBD8,278,238,-40
optimized-release,M_FSRELATIVE_ROOT_94E4441A,232,224,-8
optimized-release,M_FSRELATIVE_BEGIN_CB9D8F8D,1748,1576,-172
optimized-release,M_FSRELATIVE_PARENTDONE_9C191F46,425,405,-20
optimized-release,M_FSRELATIVE_PARENTBEGIN_7E4CAA55,358,326,-32
optimized-release,M_FSRELATIVE_PARENTRESULT_7CE6B959,858,782,-76
optimized-release,M_FSNAMESPACE_DONE_F475AF73,253,229,-24
optimized-release,M_FSNAMESPACE_RESOLVED_0E070C27,1576,1480,-96
optimized-release,M_FSINFO_ENUMERATIONSTATE_A9C412AA,42,42,0
optimized-release,M_FSINFO_CLEAR_E168B3AB,68,68,0
optimized-release,M_FSINFO_NAME_B42C963D,743,612,-131
optimized-release,M_FSINFO_FILL_CDFFBE8F,428,416,-12
optimized-release,M_FSINFO_SAVE_B1E7031F,275,267,-8
optimized-release,M_FSDIRECTORY_INITLOCKSTATE_606A2BB5,386,342,-44
optimized-release,M_FSDIRECTORY_SELECT_4CD1EDE7,2058,1926,-132
optimized-release,M_FSDIRECTORY_END_806A2136,189,181,-8
optimized-release,M_FSDIRECTORY_ENTRYSTEP_D4EA4ABB,341,333,-8
optimized-release,M_FSDIRECTORY_ENTRYRESULTSTEP_4C458A60,478,462,-16
optimized-release,M_FSDIRECTORY_MEASUREENTRY_E6EE6D03,378,346,-32
optimized-release,M_FSDIRECTORY_SIZERESULT_7E5452EF,199,191,-8
optimized-release,M_FSDIRECTORY_SIZECONTINUESTEP_1EAFA525,245,237,-8
optimized-release,M_FSDIRECTORY_PUBLISHSTEP_CC8DC0F6,414,406,-8
optimized-release,M_FSHANDLER_OPENRESULTSTEP_0C25E5DB,2153,2049,-104
optimized-release,M_FSHANDLER_BEGINRESOLVE_DD06EE7B,68,68,0
optimized-release,M_FSHANDLER_OPEN_99490956,507,467,-40
optimized-release,M_FSHANDLER_LOCK_913FD727,317,284,-33
optimized-release,M_FSHANDLER_RESOLVEREADYSTEP_BDBFDED1,163,147,-16
optimized-release,M_FSHANDLER_OPERATIONRESULT_4184CBFA,419,363,-56
optimized-release,M_FSHANDLER_FILE_3A9A315C,1998,1790,-208
optimized-release,M_FSHANDLER_DISPATCHSTEP_D149BF3A,1579,1447,-132
optimized-release,M_FSHANDLER_TAKESTEP_E4E18A11,680,628,-52
optimized-release,M_FSHANDLER_COMPONENTSTEP_389CA8B9,150,150,0
optimized-release,M_FSHANDLER_RESOLVEFAILURE_E91D28D8,922,786,-136
optimized-release,M_FSHANDLER_RESOLVESTEP_D6E79D38,493,477,-16
optimized-release,M_FSHANDLER_FILESTEP_A93D50C2,245,237,-8
optimized-release,M_FSABORT_CHECKPOINT_5DD0EDAE,1406,1252,-154
optimized-release,M_FSWORKER_DRAINED_7E6EAAA5,352,312,-40
optimized-release,M_FSWORKER_WORKER_2BB473B0,1443,1418,-25
optimized-release,M_FSWORKER_FINISH_EC2E5E2B,191,191,0
optimized-release,M_FSMOUNT_DISPATCH_FD59F08F,266,234,-32
optimized-release,M_FSMOUNT_SELECTSTEP_8E807607,555,511,-44
optimized-release,M_FSMOUNT_COMMANDSTEP_B1883B1A,343,335,-8
optimized-release,M_FSMOUNT_REMOVESTEP_BBB2975B,386,350,-36
optimized-release,M_FSMOUNT_DESTROYSTEP_4CF540E7,151,143,-8
optimized-release,M_FSMUX_CONTROL_16FCB25F,159,159,0
optimized-release,M_FSMUX_TAKE_F08F7501,236,236,0
optimized-release,M_FSBOOT_BEGINSERVICE_BC5D2672,341,341,0
optimized-release,M_FSBOOT_ENSURE_06ED6F00,451,451,0
optimized-release,M_FSBOOT_STOP_AD5246E2,732,688,-44
optimized-release,M_DOSCALLS_ASSIGNINDEX_01EA43CB,363,326,-37
optimized-release,M_DOSCALLS_EXPAND_EA5329A2,1301,1261,-40
optimized-release,M_DOSCALLS_ARGUMENTS_D4B63738,130,130,0
optimized-release,M_DOSCALLS_NAMEARGUMENTS_4FEB00BB,185,185,0
optimized-release,M_DOSCALLS_ACQUIRE_C423433E,931,931,0
optimized-release,M_DOSCALLS_CONFIGURED_B6EDEF76,286,286,0
optimized-release,M_DOSCALLS_DESTINATION_E6EBC832,548,548,0
optimized-release,M_DOSCALLS_PIPE_54310E12,4,4,0
optimized-release,M_DOSCALLS_OPEN_390423B6,816,816,0
optimized-release,M_DOSCALLS_LOCK_DE185F87,481,481,0
optimized-release,M_DOSCALLS_BADOBJECT_51D88018,69,69,0
optimized-release,M_DOSCALLS_OBJECT_E89E37D3,241,241,0
optimized-release,M_DOSCALLS_FILE_E8D1DABC,319,319,0
optimized-release,M_DOSCALLS_READ_BEE8BE36,929,929,0
optimized-release,M_DOSCALLS_WRITE_8E98A1A7,1045,1045,0
optimized-release,M_DOSCALLS_SEEK_17FC33E6,582,582,0
optimized-release,M_DOSCALLS_CLOSE_97169B3A,708,708,0
optimized-release,M_DOSCALLS_UNLOCK_2871018C,419,419,0
optimized-release,M_DOSCALLS_INFORMATION_13F25DEC,428,428,0
optimized-release,M_DOSCALLS_SELECTED_604EA3D9,167,167,0
optimized-release,M_DOSCALLS_SELECTIONREADY_28C831A1,184,184,0
optimized-release,M_DOSCALLS_LIVESELECTION_2BE04852,288,288,0
optimized-release,M_DOSCALLS_SELECT_1EDDE386,327,327,0
optimized-release,M_DOSCALLS_DIRECTORY_C8028D6B,375,371,-4
optimized-release,M_DOSCALLS_CURRENTDIR_1AA7335E,424,420,-4
optimized-release,M_DOSCALLS_NAMEFROMLOCK_92457C4A,646,646,0
optimized-release,M_DOSCALLS_ISINTERACTIVE_18CACEEA,243,243,0
optimized-release,M_DOSCALLS_OPENCONSOLE_77C02991,249,249,0
optimized-release,M_DOSCALLS_SETCONSOLEHISTORY_3DCB4BFF,352,352,0
optimized-release,M_DOSCALLS_CONSOLEINFO_6FF559CD,537,537,0
optimized-release,M_DOSCALLS_BEGINFOREGROUND_8F2474EA,4,4,0
optimized-release,M_DOSCALLS_ENDFOREGROUND_13E30672,4,4,0
optimized-release,M_DOSCALLS_BREAKPENDING_369675D8,4,4,0
optimized-release,M_DOSCALLS_CLEARBREAK_3FA5821C,4,4,0
optimized-release,M_DOSCALLS_FLUSH_D2ADBAEC,546,546,0
optimized-release,M_DOSCALLS_CREATEDIR_E8A266C7,433,433,0
optimized-release,M_DOSCALLS_PATHMOUNT_48952362,367,367,0
optimized-release,M_DOSCALLS_NAMESPACE_643E89B3,1623,1623,0
optimized-release,M_DOSCALLS_DELETEFILE_59D38A29,49,49,0
optimized-release,M_DOSCALLS_RENAME_EEAD93B4,55,55,0
optimized-release,M_DOSCALLS_ASSIGNPATH_80851264,2098,2031,-67
optimized-release,M_DOSCALLS_GETASSIGN_704BF595,508,508,0
optimized-release,M_CSTRING_IMPL_STRLEN_EB4E5981,116,116,0
optimized-release,M_CSTRING_IMPL_STRNLEN_AC461397,190,190,0
optimized-release,M_CSTRING_IMPL_STRCMP_87478B58,200,200,0
optimized-release,M_CSTRING_IMPL_STRNCMP_6395B42E,268,268,0
optimized-release,M_CSTRING_IMPL_STRCHR_2037DF45,134,134,0
optimized-release,M_CSTRING_IMPL_STRLCPY_C7039D62,573,573,0
optimized-release,M_CSTRING_IMPL_STRLCAT_C4908C8C,780,780,0
optimized-release,M_CSTRING_IMPL_U32TOA_D9A955C5,847,847,0
optimized-release,M_DOSUTILITY_WRITEALL_BCEF29C3,570,570,0
optimized-release,M_DOSUTILITY_READERINIT_DF037B30,90,90,0
optimized-release,M_DOSUTILITY_READBYTE_60ED3FBB,735,715,-20
optimized-release,M_DOSUTILITY_READLINE_B96FCD33,380,380,0
optimized-release,M_DOSFAULT_MESSAGE_9D326B2A,1938,1938,0
optimized-release,M_DOSFAULT_FORMAT_76BA9D40,1449,1437,-12
optimized-release,M_DOSFAULT_FAULT_7DB91D83,145,145,0
optimized-release,M_DOSFAULT_PRINTFAULT_CDC48706,395,395,0
optimized-release,M_DOS_ASSIGNPATH_070E31B9,4,4,0
optimized-release,M_DOS_GETASSIGN_06EFA68A,4,4,0
optimized-release,M_DOS_SETCONSOLEHISTORY_1C523BD8,4,4,0
optimized-release,M_DOS_FLUSH_47C61517,4,4,0
optimized-release,M_DOS_CREATEDIR_239F3D94,4,4,0
optimized-release,M_DOS_DELETEFILE_4D32A614,4,4,0
optimized-release,M_DOS_RENAME_F915C271,4,4,0
optimized-release,M_DOS_OPEN_87DAE823,4,4,0
optimized-release,M_DOS_READ_BCD2228F,4,4,0
optimized-release,M_DOS_WRITE_BE4FDE64,4,4,0
optimized-release,M_DOS_SEEK_DE9F46FB,4,4,0
optimized-release,M_DOS_CLOSE_4C224801,4,4,0
optimized-release,M_DOS_SETIOERR_7AEF42E2,4,4,0
optimized-release,M_DOS_IOERR_E649FF90,4,4,0
optimized-release,M_DOS_RELEASECONTEXT_9DB9F883,4,4,0
optimized-release,M_DOS_LOCK_4DEC517E,4,4,0
optimized-release,M_DOS_UNLOCK_74209499,4,4,0
optimized-release,M_DOS_EXAMINE_1F15C1B0,55,55,0
optimized-release,M_DOS_EXNEXT_623C7B53,55,55,0
optimized-release,M_DOS_INPUT_41B1DDE9,49,49,0
optimized-release,M_DOS_OUTPUT_DF7018DC,49,49,0
optimized-release,M_DOS_SELECTINPUT_FF0F4771,58,58,0
optimized-release,M_DOS_SELECTOUTPUT_3A928904,58,58,0
optimized-release,M_DOS_ISINTERACTIVE_FD05AE49,4,4,0
optimized-release,M_DOS_CURRENTDIR_764577CB,4,4,0
optimized-release,M_DOS_NAMEFROMLOCK_8794AD67,4,4,0
optimized-release,M_DOS_BEGINFOREGROUND_987C8D99,4,4,0
optimized-release,M_DOS_ENDFOREGROUND_8BF477E5,4,4,0
optimized-release,M_DOS_BREAKPENDING_07C42681,4,4,0
optimized-release,M_DOS_CLEARBREAK_6F85C46D,4,4,0
optimized-release,M_DOS_PIPE_1D28B7D3,4,4,0
optimized-release,M_DOS_OPENCONSOLE_2100231A,4,4,0
optimized-release,M_DOS_CONSOLEINFO_BA8927CE,4,4,0
optimized-release,M_DOS_FAULT_8C83808D,4,4,0
optimized-release,M_DOS_PRINTFAULT_C841DC04,4,4,0
optimized-release,M_TASKINSPECT_SNAPSHOT_72A67CF0,1026,996,-30
optimized-release,M_DEVICEINSPECT_SNAPSHOT_EBB6295F,519,519,0
optimized-release,M_FSINSPECT_CACHESTATUS_E621CC2A,448,444,-4
optimized-release,M_FSINSPECT_SNAPSHOT_873CF8A6,1338,1270,-68
optimized-release,M_FSINSPECT_SYSTEMWRITABLE_448881D5,251,247,-4
optimized-release,M_O65MEMORY_RESERVE_67ABB944,84,84,0
optimized-release,M_O65MEMORY_ALLOCATE_1084F809,46,46,0
optimized-release,M_O65MEMORY_STORAGE_289ABF3F,46,46,0
optimized-release,M_O65READ_FAIL_6B141CC7,51,43,-8
optimized-release,M_O65READ_TAKE_D99B2660,251,247,-4
optimized-release,M_O65READ_U8_A5F42EC2,174,170,-4
optimized-release,M_O65READ_U16_9E5A6B5F,97,97,0
optimized-release,M_O65READ_U32_BA2CF799,107,107,0
optimized-release,M_O65READ_COUNT_2EF12376,259,259,0
optimized-release,M_O65READ_EQUAL_AD4D340B,220,220,0
optimized-release,M_O65READ_LITERAL_8D1D12D6,116,116,0
optimized-release,M_O65READ_NAMEBYTE_937CC326,159,159,0
optimized-release,M_O65READ_NAME_0A34D852,440,424,-16
optimized-release,M_O65READ_STRING_E289F21C,482,474,-8
optimized-release,M_O65READ_SECTIONSIZE_0E90CADD,145,145,0
optimized-release,M_O65READ_EXTENT_816E81E1,115,115,0
optimized-release,M_O65WIRE_HEADER_58EA710F,2236,2224,-12
optimized-release,M_O65WIRE_EXPORTS_13C8B799,777,773,-4
optimized-release,M_O65PROFILE_IMPORTS_FC0170BC,785,781,-4
optimized-release,M_PROGRAMIMAGE_FREE_CFEA1DF0,381,381,0
optimized-release,M_PROGRAMIMAGE_ATTACH_B33B47DB,228,228,0
optimized-release,M_PROGRAMIMAGE_DROPOWNER_EE15CDE2,288,288,0
optimized-release,M_PROGRAMIMAGE_DETACH_807AC96B,277,277,0
optimized-release,M_O65RELOCATIONS_BASE_44BA7C79,207,207,0
optimized-release,M_O65RELOCATIONS_WALK_0850572F,2998,2970,-28
optimized-release,M_O65RELOCATIONS_READ_4B7C0B1C,38,38,0
optimized-release,M_O65RELOCATIONS_PATCHES_74DD4940,96,88,-8
optimized-release,M_O65_RELEASE_DA7FFCCE,216,211,-5
optimized-release,M_O65_DESCRIPTOR_41119D04,666,658,-8
optimized-release,M_O65_VALIDATE_31EC2383,571,555,-16
optimized-release,M_DOSINHERIT_CLONEFILE_B3A0D025,453,453,0
optimized-release,M_DOSINHERIT_CLONELOCK_889C592A,527,525,-2
optimized-release,M_DOSINHERIT_STREAM_24BB16AC,621,621,0
optimized-release,M_DOSINHERIT_CLONE_1DB40F0B,456,456,0
optimized-release,M_DOSINHERIT_DISCARD_44133C6A,840,804,-36
optimized-release,M_DOSINHERIT_FINALIZEDETACHED_E855A6F0,640,640,0
optimized-release,M_DOSINHERIT_ADOPT_35538564,123,123,0
optimized-release,M_DOSGROUP_BEGIN_073142E7,410,410,0
optimized-release,M_DOSGROUP_VALID_7D621B56,146,146,0
optimized-release,M_DOSGROUP_SEAL_B243143B,256,256,0
optimized-release,M_DOSGROUP_READY_271F659D,145,145,0
optimized-release,M_DOSGROUP_CANCEL_B8897A90,91,91,0
optimized-release,M_DOSGROUP_JOIN_A4542070,521,521,0
optimized-release,M_DOSGROUP_LEAVE_AF8BE2F5,439,439,0
optimized-release,M_DOSGROUP_END_0E9A4197,459,459,0
optimized-release,M_DOSPROCESS_DISCARD_B47D4E40,571,571,0
optimized-release,M_DOSPROCESS_SNAPSHOT_8415B6DE,1005,1005,0
optimized-release,M_DOSPROCESS_PREPARE_AF74B007,744,744,0
optimized-release,M_DOSPROCESS_PREPAREGROUP_5B2830CC,525,517,-8
optimized-release,M_DOSPROCESS_ENTERFOREGROUND_ADB53B83,394,394,0
optimized-release,M_DOSPROCESS_ADOPT_5B5DBE18,812,812,0
optimized-release,M_DOSPROCESS_RESTOREFOREGROUND_D0EE9507,333,333,0
optimized-release,M_DOSPROCESS_CLEANUP_CE292B9A,1034,1026,-8
optimized-release,M_DOSPROCESS_RELEASEPARENT_43E07877,449,445,-4
optimized-release,M_PROCESS_CONTROL_D28A63F1,68,68,0
optimized-release,M_PROCESS_CURRENT_07EFB7F5,40,40,0
optimized-release,M_PROCESS_GETARGSTR_37000207,98,98,0
optimized-release,M_PROCESS_EXECUTEIMAGE_8428E44E,297,297,0
optimized-release,M_PROCESS_RUN_4C2ABD87,491,491,0
optimized-release,M_PROCESS_FINISH_AE17E2ED,298,298,0
optimized-release,M_PROCESS_RELEASESTORAGE_F7C3DB6E,486,484,-2
optimized-release,M_PROCESS_STARTINTERNAL_08C34541,1353,1325,-28
optimized-release,M_PROCESS_START_10858ECA,62,62,0
optimized-release,M_PROCESS_STARTFOREGROUND_F931F4E9,62,62,0
optimized-release,M_PROCESS_STARTLOADED_CDAA1C3D,118,118,0
optimized-release,M_PROCESS_PREPARELOADED_143E0750,125,125,0
optimized-release,M_PROCESS_STARTPREPARED_C79EF329,281,281,0
optimized-release,M_PROCESS_DISCARDPREPARED_9F7D5787,227,227,0
optimized-release,M_PROCESS_COLLECT_3A4F29C8,359,359,0
optimized-release,M_PROCESS_WAIT_BEBC9E91,271,271,0
optimized-release,M_DOSARGS_CLEAR_67E19159,143,139,-4
optimized-release,M_DOSARGS_BOUNDEDLENGTH_E004A013,69,65,-4
optimized-release,M_DOSARGS_UPPER_7F315E6C,62,62,0
optimized-release,M_DOSARGS_LETTER_897462C0,126,126,0
optimized-release,M_DOSARGS_SAME_51AE7922,171,171,0
optimized-release,M_DOSARGS_DESCRIBE_D600A84B,1279,1279,0
optimized-release,M_DOSARGS_WORD_271132B0,644,619,-25
optimized-release,M_DOSARGS_NUMERIC_B3350961,570,535,-35
optimized-release,M_DOSARGS_DECODE_CCDE93B6,3039,3039,0
optimized-release,M_DOSARGS_PARSE_ACA8C265,404,404,0
optimized-release,M_DOSCOMMAND_HELP_D3856E13,274,270,-4
optimized-release,M_DOSCOMMAND_SHOWTEMPLATE_03EA47A3,655,655,0
optimized-release,M_DOSCOMMAND_READARGSORHELP_AC23446B,617,617,0
optimized-release,M_PROGRAMAPI_ASSIGNPATH_70177325,4,4,0
optimized-release,M_PROGRAMAPI_GETASSIGN_8DA1FFAE,4,4,0
optimized-release,M_PROGRAMAPI_OPEN_8638DB5F,4,4,0
optimized-release,M_PROGRAMAPI_READ_3155DB03,4,4,0
optimized-release,M_PROGRAMAPI_WRITE_84FB7088,4,4,0
optimized-release,M_PROGRAMAPI_SEEK_31854D3F,4,4,0
optimized-release,M_PROGRAMAPI_CLOSE_24FF6A65,4,4,0
optimized-release,M_PROGRAMAPI_FLUSH_DB8CCFBB,4,4,0
optimized-release,M_PROGRAMAPI_CREATEDIR_28E82C70,4,4,0
optimized-release,M_PROGRAMAPI_DELETEFILE_1B5DE7B0,4,4,0
optimized-release,M_PROGRAMAPI_RENAME_C087BEE5,4,4,0
optimized-release,M_PROGRAMAPI_INPUT_CF30B53D,31,31,0
optimized-release,M_PROGRAMAPI_OUTPUT_24288338,31,31,0
optimized-release,M_PROGRAMAPI_IOERR_5170B12C,4,4,0
optimized-release,M_PROGRAMAPI_GETARGSTR_01F4859C,4,4,0
optimized-release,M_PROGRAMAPI_READARGS_BFA789E0,175,175,0
optimized-release,M_PROGRAMAPI_SETIOERR_D3F44706,4,4,0
optimized-release,M_PROGRAMAPI_BREAKPENDING_F12A3675,4,4,0
optimized-release,M_PROGRAMAPI_YIELD_8B32D3B0,15,15,0
optimized-release,M_PROGRAMAPI_WRITEALL_2F9D9EC1,4,4,0
optimized-release,M_PROGRAMAPI_READERINIT_0B3A5F6A,4,4,0
optimized-release,M_PROGRAMAPI_READBYTE_268CDC31,4,4,0
optimized-release,M_PROGRAMAPI_READLINE_D25FAB11,4,4,0
optimized-release,M_PROGRAMAPI_LOCK_D0030F12,4,4,0
optimized-release,M_PROGRAMAPI_UNLOCK_3CF9C02D,4,4,0
optimized-release,M_PROGRAMAPI_EXAMINE_6478E83C,55,55,0
optimized-release,M_PROGRAMAPI_EXNEXT_3BA57C27,55,55,0
optimized-release,M_PROGRAMAPI_ISINTERACTIVE_056AF905,4,4,0
optimized-release,M_PROGRAMAPI_OPENCONSOLE_E4ECC506,4,4,0
optimized-release,M_PROGRAMAPI_CONSOLEINFO_2608391A,4,4,0
optimized-release,M_PROGRAMAPI_FAULT_DA8736E9,4,4,0
optimized-release,M_PROGRAMAPI_PRINTFAULT_2BBE94D8,4,4,0
optimized-release,M_PROGRAMAPI_READARGSORHELP_0AAF8D06,110,110,0
optimized-release,M_PROGRAMPROVIDERS_RESOLVE_0AD38ACF,1934,1930,-4
optimized-release,M_PROGRAMPLACE_ALLOCATE_8CF1E5BF,1095,1095,0
optimized-release,M_PROGRAMPLACE_PATCHES_2338CDC0,45,45,0
optimized-release,M_PROGRAMPLACE_COPY_75B5AA8B,206,206,0
optimized-release,M_PROGRAM_LOAD_3AF1DE19,1044,1040,-4
optimized-release,M_PROGRAM_UNLOAD_C8BC2432,4,4,0
optimized-release,M_PROGRAMFILE_LOAD_6B2BC763,1741,1717,-24
optimized-release,M_PIPELINE_RUN_E96AA47C,3061,3061,0
optimized-release,M_DEMO_SHELLLINE_05385AFA,58,58,0
optimized-release,M_DEMO_SHELLDRAWBUFFER_40A1F650,58,58,0
optimized-release,M_DEMO_SHELLSCRATCH_4CC9A4C2,58,58,0
optimized-release,M_DEMO_SHELLTRANSFER_5E61BE6D,58,58,0
optimized-release,M_DEMO_SHELLFAIL_8B3FAF62,224,180,-44
optimized-release,M_DEMO_SHELLLENGTH_41312048,58,58,0
optimized-release,M_DEMO_SHELLEQUAL_87D888CC,210,210,0
optimized-release,M_DEMO_SHELLPOLL_FD68673B,83,83,0
optimized-release,M_DEMO_SHELLSCOPE_835D7600,144,136,-8
optimized-release,M_DEMO_SHELLRETIREBREAK_55533B4C,323,315,-8
optimized-release,M_DEMO_SHELLWRITE_F024753B,566,522,-44
optimized-release,M_DEMO_SHELLBYTE_63E82DA4,133,133,0
optimized-release,M_DEMO_SHELLTEXT_3AA6BB8B,382,370,-12
optimized-release,M_DEMO_SHELLNUMBER_CB70AEA1,426,426,0
optimized-release,M_DEMO_SHELLDIAGNOSTIC_90251983,1293,1109,-184
optimized-release,M_DEMO_SHELLHISTORY_253D1EFE,325,292,-33
optimized-release,M_DEMO_SHELLPROMPT_49927678,205,185,-20
optimized-release,M_DEMO_SHELLCLEAR_C99F4545,94,86,-8
optimized-release,M_DEMO_SHELLCLASSIFY_4EDF64CA,740,740,0
optimized-release,M_DEMO_SHELLPIPEBOUNDARY_12E051D2,455,355,-100
optimized-release,M_DEMO_SHELLARGUMENT_06FF7069,676,574,-102
optimized-release,M_DEMO_SHELLPARSE_A0346EB9,3935,3326,-609
optimized-release,M_DEMO_SHELLALIASNAME_AB73FBF9,291,291,0
optimized-release,M_DEMO_SHELLALIASTEXT_A6FBD7BD,214,214,0
optimized-release,M_DEMO_SHELLALIASINDEX_3346373C,275,263,-12
optimized-release,M_DEMO_SHELLALIASSHOW_53099C95,289,289,0
optimized-release,M_DEMO_SHELLALIASCOMMAND_96FDFCD5,1337,1257,-80
optimized-release,M_DEMO_SHELLUNALIASCOMMAND_0E212A24,298,266,-32
optimized-release,M_DEMO_SHELLALIASREPLACE_D1C41638,1215,1151,-64
optimized-release,M_DEMO_SHELLALIASEXPAND_1DD100F8,118,102,-16
optimized-release,M_DEMO_SHELLCHANGE_9A7AB49E,732,684,-48
optimized-release,M_DEMO_SHELLRELEASELOCK_B96B0C1C,343,319,-24
optimized-release,M_DEMO_SHELLDIR_42E4EEF3,1192,1140,-52
optimized-release,M_DEMO_SHELLCONVERT_E2CF79D9,284,284,0
optimized-release,M_DEMO_SHELLCLOSECOMMANDINPUT_4078E4EF,172,148,-24
optimized-release,M_DEMO_SHELLTYPE_1AFF6CB6,985,937,-48
optimized-release,M_DEMO_SHELLMEM_AF895CA1,829,829,0
optimized-release,M_DEMO_SHELLTASKSTATE_696E6DB8,185,185,0
optimized-release,M_DEMO_SHELLTASKS_EC8AA98C,1122,1102,-20
optimized-release,M_DEMO_SHELLDEVICES_F77A45DF,645,637,-8
optimized-release,M_DEMO_SHELLMOUNTS_AF3EE75C,1215,1207,-8
optimized-release,M_DEMO_SHELLCLOSETEMPORARY_12B1A0C5,339,315,-24
optimized-release,M_DEMO_SHELLUNREDIRECT_A96C796F,1063,895,-168
optimized-release,M_DEMO_SHELLREDIRECT_189A437C,1315,1187,-128
optimized-release,M_DEMO_SHELLPATHENTRY_DB7471EF,105,105,0
optimized-release,M_DEMO_SHELLPATHRESET_72A30C98,119,107,-12
optimized-release,M_DEMO_SHELLPATHEQUAL_1BAC498B,215,215,0
optimized-release,M_DEMO_SHELLPATHASSIGNED_B6DA4F91,462,440,-22
optimized-release,M_DEMO_SHELLPATHUPDATE_51351508,1437,1377,-60
optimized-release,M_DEMO_SHELLPATH_505E8FAB,909,825,-84
optimized-release,M_DEMO_SHELLPATHMISS_F697D8DD,82,82,0
optimized-release,M_DEMO_SHELLLOADCOMMAND_919DB943,997,985,-12
optimized-release,M_DEMO_SHELLEXTERNAL_6FFCDB1B,630,598,-32
optimized-release,M_DEMO_SHELLPIPELINE_3089A788,1210,1110,-100
optimized-release,M_DEMO_SHELLDISPATCH_61C1EC5C,1809,1716,-93
optimized-release,M_DEMO_SHELLCOMMAND_F85F9F19,670,589,-81
optimized-release,M_DEMO_SHELLREADSTEP_67245C10,1520,1306,-214
optimized-release,M_DEMO_SHELLOPEN_309B1844,796,740,-56
optimized-release,M_DEMO_SHELLINITIALPROMPT_533D0DC4,141,125,-16
optimized-release,M_DEMO_SHELLSTART_EB23C688,154,142,-12
optimized-release,M_DEMO_SHELLFINISH_96C56219,1644,1520,-124
optimized-release,M_DEMO_SHELLCACHESTATUS_0F6F58DA,217,198,-19
optimized-release,M_DEMO_SHELLBOOTSIO_CB000C63,430,430,0
optimized-release,M_DEMO_SHELLBOOTSTART_83789768,2337,2104,-233
optimized-release,M_DEMO_DEMONAME_3669E60C,391,391,0
optimized-release,M_DEMO_DEMOTEXT_C012A5A2,157,149,-8
optimized-release,M_DEMO_DEMONUMBER_B404F7D0,424,416,-8
optimized-release,M_DEMO_DEMOPRIME_7F18EBC0,379,379,0
optimized-release,M_DEMO_DEMOCOMPUTE_108F568E,1173,1137,-36
optimized-release,M_DEMO_DEMOSTART_FC398735,1394,1394,0
optimized-release,M_DEMO_DEMOFINISH_E4DD1D06,827,827,0
optimized-release,M_DEMO_MAIN_C5B18743,181,169,-12
optimized-release,__a816_mul_u16_v2,36,36,0
optimized-release,__a816_div_u16_v2,64,64,0
optimized-release,__a816_mod_u16_v2,64,64,0
optimized-release,__a816_mul_u24_v2,76,76,0
optimized-release,__a816_mul_u32_v2,59,59,0
optimized-release,__a816_mod_i32_v2,162,162,0
optimized-release,__a816_div_u32_v2,97,97,0
optimized-release,__a816_mod_u32_v2,97,97,0
optimized-release,__a816_div_i32_v2,162,162,0
optimized-guarded,M_EXECMEMORY_VALIDBANK_E9E0A79B,52,52,0
optimized-guarded,M_EXECMEMORY_VALIDOWNER_462B929A,63,63,0
optimized-guarded,M_EXECMEMORY_ADOPT_494D3B99,557,505,-52
optimized-guarded,M_EXECMEMORY_QUERY_D2E34F9F,403,403,0
optimized-guarded,M_EXECMEMORY_RESERVEEXACT_88D3D2C8,675,675,0
optimized-guarded,M_EXECMEMORY_ACQUIRE_EAA019EB,469,469,0
optimized-guarded,M_EXECMEMORY_RELEASE_A6E307FC,764,764,0
optimized-guarded,M_EXECMEMORY_INIT_F4EA07E3,4,4,0
optimized-guarded,M_EXECLISTS_NEWLIST_B3502541,63,63,0
optimized-guarded,M_EXECLISTS_NEWMINLIST_A2695943,4,4,0
optimized-guarded,M_EXECLISTS_ISLISTEMPTY_6EEB0796,113,113,0
optimized-guarded,M_EXECLISTS_ISMINLISTEMPTY_6D517164,4,4,0
optimized-guarded,M_EXECLISTS_ADDHEAD_3AE3E6E4,96,96,0
optimized-guarded,M_EXECLISTS_ADDTAIL_A1C0F364,154,154,0
optimized-guarded,M_EXECLISTS_INSERT_468B11BA,333,333,0
optimized-guarded,M_EXECLISTS_REMOVE_2E26C2C1,73,73,0
optimized-guarded,M_EXECLISTS_REMHEAD_F8063CE7,162,154,-8
optimized-guarded,M_EXECLISTS_REMTAIL_292EAA27,166,158,-8
optimized-guarded,M_EXECLISTS_ENQUEUE_763E1E61,347,311,-36
optimized-guarded,M_EXECLISTS_FINDNAME_2659CDBB,371,306,-65
optimized-guarded,M_TASKMEMORY_WRITABLE_FBC2061D,550,526,-24
optimized-guarded,M_HEAPCORE_ROUNDED_9D79FA03,101,101,0
optimized-guarded,M_HEAPCORE_BOUNDS_2387CB05,610,610,0
optimized-guarded,M_HEAPCORE_CHUNKADDRESS_A551D41B,298,298,0
optimized-guarded,M_HEAPCORE_NEXTADDRESS_E32592FF,232,232,0
optimized-guarded,M_HEAPCORE_CHUNKEND_0E0C27CE,511,511,0
optimized-guarded,M_HEAPCORE_VALIDATE_B397AD34,427,427,0
optimized-guarded,M_HEAPCORE_LINK_9B47F952,91,91,0
optimized-guarded,M_HEAPCORE_WRITECHUNK_D768FC26,86,78,-8
optimized-guarded,M_HEAPCORE_SPLIT_B6117102,513,513,0
optimized-guarded,M_HEAPCORE_CANDIDATE_07CF3557,172,172,0
optimized-guarded,M_HEAPCORE_RESERVE_2192E9C0,634,634,0
optimized-guarded,M_HEAPCORE_ALLOCATE_E39F1AF5,102,102,0
optimized-guarded,M_HEAPCORE_LARGEST_AA9886E8,949,949,0
optimized-guarded,M_HEAPCORE_INSERTFREE_129E41BB,622,622,0
optimized-guarded,M_HEAPCORE_RETURNRANGE_11C95A83,838,838,0
optimized-guarded,M_HEAPCORE_DEALLOCATE_60F97CF2,407,407,0
optimized-guarded,M_HEAPPOLICY_GETSTATE_9B9EAF7C,62,62,0
optimized-guarded,M_HEAPPOLICY_HEADER_A992FDFC,109,109,0
optimized-guarded,M_HEAPPOLICY_SHUTDOWN_9E341637,313,313,0
optimized-guarded,M_HEAPPOLICY_RUNS_07A33D25,244,242,-2
optimized-guarded,M_HEAPPOLICY_REGION_F42DC07D,443,443,0
optimized-guarded,M_HEAPPOLICY_START_1455FA91,955,955,0
optimized-guarded,M_HEAPPOLICY_INIT_69D6AA0D,270,270,0
optimized-guarded,M_HEAPPOLICY_FLAGSVALID_4BF22F96,207,207,0
optimized-guarded,M_HEAPPOLICY_DESCRIPTOR_8971C45E,298,298,0
optimized-guarded,M_HEAPPOLICY_VALIDATEREGIONS_C3A52ACE,835,835,0
optimized-guarded,M_HEAPPOLICY_MATCHES_ACC95206,133,133,0
optimized-guarded,M_HEAPPOLICY_RESERVE_42F2499D,692,692,0
optimized-guarded,M_HEAPPOLICY_LOCATE_7B91FF59,457,457,0
optimized-guarded,M_HEAPPOLICY_FREE_3EA2E1EF,529,529,0
optimized-guarded,M_HEAPPOLICY_AVAIL_22774B2C,950,950,0
optimized-guarded,M_HEAPPOLICY_MEMORYTYPE_D394B206,138,134,-4
optimized-guarded,M_HEAPPOLICY_VECTORBYTES_E6541B8F,152,152,0
optimized-guarded,M_HEAPPOLICY_RESERVEVECTOR_C09ED6F4,186,186,0
optimized-guarded,M_HEAPPOLICY_FREEVECTOR_698EC5DE,816,816,0
optimized-guarded,M_PROCESSSTATE_REGISTRY_559AFD20,62,62,0
optimized-guarded,M_BOOTCONFIG_CACHEBLOCKS_B221B0CF,67,19,-48
optimized-guarded,M_BOOTCONFIG_STATUS_B93FBCBB,74,22,-52
optimized-guarded,M_BOOTCONFIG_SYSTEMDRIVE_62E82846,74,22,-52
optimized-guarded,M_BOOTCONFIG_VALIDBLOCKS_EA50F717,150,150,0
optimized-guarded,M_BOOTCONFIG_INIT_610CE665,511,507,-4
optimized-guarded,M_TASKPOLICY_RECORDFOR_833E2B66,111,111,0
optimized-guarded,M_TASKPOLICY_SAVEDWORD_D1C8E663,74,70,-4
optimized-guarded,M_TASKPOLICY_RESULT_DA2077E3,65,65,0
optimized-guarded,M_TASKPOLICY_POINTERRESULT_E8D88610,166,166,0
optimized-guarded,M_TASKPOLICY_ARGUMENTPOINTER_A19325C6,215,215,0
optimized-guarded,M_TASKPOLICY_FLAGS_56B3B4FF,74,70,-4
optimized-guarded,M_TASKPOLICY_PROTECTED_FCDCE808,175,171,-4
optimized-guarded,M_TASKPOLICY_LOOKUP_41F6D1E4,360,360,0
optimized-guarded,M_TASKPOLICY_WRITABLE_0565D862,4,4,0
optimized-guarded,M_TASKPOLICY_AVAILABLERECORD_80983EA0,646,646,0
optimized-guarded,M_TASKPOLICY_EMPTYMEMORY_C893BDB0,251,243,-8
optimized-guarded,M_TASKPOLICY_VALIDENTRY_58BA8A58,219,219,0
optimized-guarded,M_TASKPOLICY_STACKSLOT_2A322EEA,718,682,-36
optimized-guarded,M_TASKPOLICY_PREPARESTACK_1A1C583B,382,338,-44
optimized-guarded,M_TASKPOLICY_PREPAREDOMAIN_45DA3401,373,331,-42
optimized-guarded,M_TASKPOLICY_PREPAREFRAME_D5FF2FA0,326,324,-2
optimized-guarded,M_TASKPOLICY_SETSTATE_52D88FAF,122,122,0
optimized-guarded,M_TASKPOLICY_READY_679992F5,230,230,0
optimized-guarded,M_TASKPOLICY_INITSIGNALS_5C831CB9,194,194,0
optimized-guarded,M_TASKPOLICY_ADMIT_CF1671AB,576,564,-12
optimized-guarded,M_TASKPOLICY_INITRESIDENTSTORAGE_FCEF7175,223,215,-8
optimized-guarded,M_TASKPOLICY_INIT_57A5FAC8,1678,1612,-66
optimized-guarded,M_TASKPOLICY_TIMEDCOUNT_C3B59E74,60,60,0
optimized-guarded,M_TASKPOLICY_ADJUSTTIMED_DDC1BE1E,131,131,0
optimized-guarded,M_TASKPOLICY_WAKE_9E9C7518,319,319,0
optimized-guarded,M_TASKPOLICY_SELECT_1A709B3E,529,525,-4
optimized-guarded,M_TASKPOLICY_SWITCH_98522C9E,371,371,0
optimized-guarded,M_TASKPOLICY_EMPTYSIGNALS_EA2224E4,283,283,0
optimized-guarded,M_TASKPOLICY_ADD_A5E7C92B,1310,1310,0
optimized-guarded,M_TASKPOLICY_CREATE_EE96600A,1782,1712,-70
optimized-guarded,M_TASKPOLICY_REMOVETASK_35F29A21,1221,1213,-8
optimized-guarded,M_TASKPOLICY_SAMENAME_968CD62D,244,220,-24
optimized-guarded,M_TASKPOLICY_FIND_0D9A09D7,421,413,-8
optimized-guarded,M_TASKPOLICY_PRIORITY_7FE7EE8A,373,369,-4
optimized-guarded,M_TASKPOLICY_SLEEPTASK_6A909BCC,639,639,0
optimized-guarded,M_TASKPOLICY_MASKRESULT_220A6FAB,162,162,0
optimized-guarded,M_TASKPOLICY_SIGNALBIT_7E52F9EF,143,143,0
optimized-guarded,M_TASKPOLICY_ALLOCATEBIT_A349E154,476,476,0
optimized-guarded,M_TASKPOLICY_MASKS_49833CE1,854,854,0
optimized-guarded,M_TASKPOLICY_COMPLETEWAIT_31FB45E4,214,214,0
optimized-guarded,M_TASKPOLICY_WAITTASK_AD94C4A2,393,393,0
optimized-guarded,M_TASKPOLICY_POSTSIGNAL_10773240,259,259,0
optimized-guarded,M_TASKPOLICY_SIGNALTASK_806F80F5,413,413,0
optimized-guarded,M_TASKPOLICY_CANCELWAKE_8ADC984A,100,100,0
optimized-guarded,M_TASKPOLICY_DRAINONE_68E56764,359,359,0
optimized-guarded,M_TASKPOLICY_DRAINWAKES_15F017CB,280,280,0
optimized-guarded,M_TASKPOLICY_PRODUCERBINDING_1B8E711F,187,187,0
optimized-guarded,M_TASKPOLICY_BOUNDPRODUCER_6D7B4E54,328,328,0
optimized-guarded,M_TASKPOLICY_PRODUCERSIGNALBOUND_5677CF48,226,226,0
optimized-guarded,M_TASKPOLICY_PRODUCERCONTROL_52F9499B,2245,2225,-20
optimized-guarded,M_TASKPOLICY_MEMORYSERVICE_7FAD083C,120,120,0
optimized-guarded,M_TASKPOLICY_MEMORYPACKET_B36B55BB,268,268,0
optimized-guarded,M_TASKPOLICY_MEMORYCALL_E7816C43,1128,1128,0
optimized-guarded,M_TASKPOLICY_PORTSERVICE_8D598BCC,84,84,0
optimized-guarded,M_TASKPOLICY_INITPORTS_2CB7E92A,131,131,0
optimized-guarded,M_TASKPOLICY_PORTSTORAGE_D3468DA2,122,122,0
optimized-guarded,M_TASKPOLICY_VALIDPORT_7710F985,180,180,0
optimized-guarded,M_TASKPOLICY_VALIDMESSAGE_C0DE7739,157,157,0
optimized-guarded,M_TASKPOLICY_SENDMESSAGE_7332557D,567,561,-6
optimized-guarded,M_TASKPOLICY_PORTHEAD_A12A0751,476,472,-4
optimized-guarded,M_TASKPOLICY_PORTDELETE_CF47DFE6,529,515,-14
optimized-guarded,M_TASKPOLICY_REGISTRYCALL_6B5FFB7F,650,650,0
optimized-guarded,M_TASKPOLICY_QUEUECALL_62B0545B,500,500,0
optimized-guarded,M_TASKPOLICY_PORTCALL_70989793,704,704,0
optimized-guarded,M_TASKPOLICY_IOSERVICE_1E6CF653,84,84,0
optimized-guarded,M_TASKPOLICY_INITIONAMES_D8642B1E,312,304,-8
optimized-guarded,M_TASKPOLICY_INITIO_35D5D1E4,348,332,-16
optimized-guarded,M_TASKPOLICY_IOEXTENT_9818C08A,241,237,-4
optimized-guarded,M_TASKPOLICY_IOERROR_9413450C,140,140,0
optimized-guarded,M_TASKPOLICY_IONAME_8B922013,109,109,0
optimized-guarded,M_TASKPOLICY_IOBOUND_33A4879E,4,4,0
optimized-guarded,M_TASKPOLICY_IOOPEN_15F8E966,547,547,0
optimized-guarded,M_TASKPOLICY_IOOPENTEST_C4ABA6E6,137,137,0
optimized-guarded,M_TASKPOLICY_IOCOMPLETE_88BA0BF3,254,250,-4
optimized-guarded,M_TASKPOLICY_IOWAITOWNER_63A51E9E,291,287,-4
optimized-guarded,M_TASKPOLICY_IOCOLLECT_D169FE6C,463,446,-17
optimized-guarded,M_TASKPOLICY_IOENQUEUE_EC975914,756,752,-4
optimized-guarded,M_TASKPOLICY_IOBEGIN_A0C610B5,482,482,0
optimized-guarded,M_TASKPOLICY_IOTESTBEGIN_2E780855,432,412,-20
optimized-guarded,M_TASKPOLICY_IOABORT_1EC95CFC,417,409,-8
optimized-guarded,M_TASKPOLICY_IOWORKERCONTROL_3D43EE5B,423,415,-8
optimized-guarded,M_TASKPOLICY_IOCLAIM_E59988BA,291,291,0
optimized-guarded,M_TASKPOLICY_IOTEST_D46D842E,4,4,0
optimized-guarded,M_TASKPOLICY_IOTESTFINISH_35E02F77,372,360,-12
optimized-guarded,M_TASKPOLICY_IOCALL_78031962,903,903,0
optimized-guarded,M_TASKPOLICY_IOREQUESTCALL_7ACD78BD,900,900,0
optimized-guarded,M_TASKPOLICY_IOSETTLEDCALL_042AE5B9,625,573,-52
optimized-guarded,M_TASKPOLICY_LEASESTORAGE_C3092E33,698,690,-8
optimized-guarded,M_TASKPOLICY_APPLICATIONCOUNT_B3468565,264,264,0
optimized-guarded,M_TASKPOLICY_NOTIFYRESIDENTS_D29836FE,342,342,0
optimized-guarded,M_TASKPOLICY_RETAIN_6B38DA95,430,422,-8
optimized-guarded,M_TASKPOLICY_RELEASE_25BFE7A9,453,445,-8
optimized-guarded,M_TASKPOLICY_REGISTER_6BEAF001,265,261,-4
optimized-guarded,M_TASKPOLICY_LIFETIMECALL_A2B2E727,940,940,0
optimized-guarded,M_TASKPOLICY_DOSSLOTFOR_362EB215,126,122,-4
optimized-guarded,M_TASKPOLICY_DOSRESET_224DFB33,186,186,0
optimized-guarded,M_TASKPOLICY_DOSCANREMOVE_DB41E74E,306,306,0
optimized-guarded,M_TASKPOLICY_DOSCURRENT_4399DFDB,264,260,-4
optimized-guarded,M_TASKPOLICY_DOSINIT_97B41A44,459,451,-8
optimized-guarded,M_TASKPOLICY_DOSWORKERBOUND_DB9BCF66,191,183,-8
optimized-guarded,M_TASKPOLICY_DOSREMOVED_D36757B2,126,118,-8
optimized-guarded,M_TASKPOLICY_DOSPREPARE_61B1CC0D,431,411,-20
optimized-guarded,M_TASKPOLICY_DOSADMIT_DEA63DC3,579,571,-8
optimized-guarded,M_TASKPOLICY_DOSCONTROL_C7F82CE3,511,507,-4
optimized-guarded,M_TASKPOLICY_PROCESSFOR_0276CBEE,141,141,0
optimized-guarded,M_TASKPOLICY_SLOTFREE_73C36B44,292,292,0
optimized-guarded,M_TASKPOLICY_PROCESSCLEAR_BCDB987A,90,90,0
optimized-guarded,M_TASKPOLICY_PROCESSINIT_C857F965,257,257,0
optimized-guarded,M_TASKPOLICY_PROCESSRECORDAVAILABLE_0E5B31EF,268,268,0
optimized-guarded,M_TASKPOLICY_PROCESSRESIDENT_478DA1B5,243,243,0
optimized-guarded,M_TASKPOLICY_VALIDPROCESSENTRY_D56EBBFD,302,290,-12
optimized-guarded,M_TASKPOLICY_PROCESSRESERVE_23A33DDB,1498,1498,0
optimized-guarded,M_TASKPOLICY_PROCESSOWNED_DDA89718,266,266,0
optimized-guarded,M_TASKPOLICY_PROCESSFIND_A9822214,285,285,0
optimized-guarded,M_TASKPOLICY_PROCESSCURRENT_78571A20,236,234,-2
optimized-guarded,M_TASKPOLICY_PROCESSLAUNCH_8314A6C0,1275,1207,-68
optimized-guarded,M_TASKPOLICY_PROCESSCANREMOVE_140447A5,504,502,-2
optimized-guarded,M_TASKPOLICY_PROCESSREMOVED_46C99271,335,333,-2
optimized-guarded,M_TASKPOLICY_PROCESSSTORAGEEMPTY_D996E6A7,577,577,0
optimized-guarded,M_TASKPOLICY_PROCESSCHANGE_3BBD0041,1651,1651,0
optimized-guarded,M_TASKPOLICY_PROCESSCONTROL_6911FE90,201,201,0
optimized-guarded,M_TASKPOLICY_INPUTINIT_B07DD496,350,308,-42
optimized-guarded,M_TASKPOLICY_KEYBOARDBINDING_7A2395A8,62,62,0
optimized-guarded,M_TASKPOLICY_KEYBOARDCLAIM_2C621EDB,78,78,0
optimized-guarded,M_TASKPOLICY_KEYBOARDRELEASE_69338836,42,42,0
optimized-guarded,M_TASKPOLICY_POINTERBINDING_D35CECAC,62,62,0
optimized-guarded,M_TASKPOLICY_POINTERCLAIM_44D64EBF,78,78,0
optimized-guarded,M_TASKPOLICY_POINTERRELEASE_E1BB47AA,42,42,0
optimized-guarded,M_TASKPOLICY_CONSOLEINIT_02CC0011,147,147,0
optimized-guarded,M_TASKPOLICY_CONSOLENAMES_B9E6EA95,187,179,-8
optimized-guarded,M_TASKPOLICY_CONSOLENAME_0C46F590,114,114,0
optimized-guarded,M_TASKPOLICY_CONSOLEDEVICE_34497CA3,109,109,0
optimized-guarded,M_TASKPOLICY_REQUESTVALID_195CAC51,1692,1692,0
optimized-guarded,M_TASKPOLICY_ROUTE_3006B749,1468,1468,0
optimized-guarded,M_TASKPOLICY_FINISHDISPATCH_46CD5A79,257,257,0
optimized-guarded,M_TASKPOLICY_DISPATCH_2D7B283C,1417,1413,-4
optimized-guarded,M_TASKSTACKS_STACKLOWER_64542B4C,82,70,-12
optimized-guarded,M_TASKSTACKS_STACKUPPER_7AF4EA13,82,70,-12
optimized-guarded,M_CONSOLECORE_EXTENT_83D9960B,321,321,0
optimized-guarded,M_CONSOLECORE_CELLOFFSET_711520EE,114,114,0
optimized-guarded,M_CONSOLECORE_CLEAN_3E747584,242,240,-2
optimized-guarded,M_CONSOLECORE_CHANGED_16194333,173,171,-2
optimized-guarded,M_CONSOLECORE_MARKROW_74F1B9FE,544,538,-6
optimized-guarded,M_CONSOLECORE_DIRTY_4A63B073,423,419,-4
optimized-guarded,M_CONSOLECORE_PRESENTED_91E62DC9,655,651,-4
optimized-guarded,M_CONSOLECORE_INIT_F63331F9,488,488,0
optimized-guarded,M_CONSOLECORE_EDITRETAINED_2E59361D,416,400,-16
optimized-guarded,M_CONSOLECORE_EDITQUANTUM_E6CDEC54,183,183,0
optimized-guarded,M_CONSOLECORE_NEWLINE_97A73E23,156,146,-10
optimized-guarded,M_CONSOLECORE_CONTROL_7E220524,375,367,-8
optimized-guarded,M_CONSOLECORE_FEEDINTO_F0C48569,1207,1197,-10
optimized-guarded,M_CONSOLECORE_FEED_287D49E7,105,105,0
optimized-guarded,M_CONSOLECORE_FEEDBATCH_FBB9A7C1,261,257,-4
optimized-guarded,M_CONSOLECORE_BATCHDAMAGE_51FD9990,546,544,-2
optimized-guarded,M_CONSOLEBATCH_GET_1DDD9652,62,62,0
optimized-guarded,M_CONSOLEBATCH_BEGIN_A348F06D,528,528,0
optimized-guarded,M_CONSOLEBATCH_DUE_DFFF17C0,173,179,6
optimized-guarded,M_CONSOLEBATCH_FEED_F2D299EE,344,342,-2
optimized-guarded,M_CONSOLEBATCH_PUBLISH_28F83695,158,158,0
optimized-guarded,M_CONSOLEBATCH_RESET_8C5BFDE1,11,11,0
optimized-guarded,M_DISPLAY_VALID_AD4A9CEB,465,461,-4
optimized-guarded,M_DISPLAY_STATE_1869A6F2,12,12,0
optimized-guarded,M_DISPLAY_KIND_52F443B1,12,12,0
optimized-guarded,M_DISPLAY_ACQUIRE_D4F205A1,980,976,-4
optimized-guarded,M_DISPLAY_CHECK_D0D668F5,122,122,0
optimized-guarded,M_DISPLAY_ACTIVATE_FA0B49D8,144,144,0
optimized-guarded,M_DISPLAY_BEGINRELEASE_D060B9F5,158,158,0
optimized-guarded,M_DISPLAY_RELEASE_49E3CB4A,420,420,0
optimized-guarded,M_DISPLAY_FAULT_17A2F7BD,128,128,0
optimized-guarded,M_CONSOLEBITMAP_GETBINDING_4C301254,62,62,0
optimized-guarded,M_CONSOLEBITMAP_ENABLED_B5633DC6,113,109,-4
optimized-guarded,M_CONSOLEBITMAP_FAILED_26B87568,113,109,-4
optimized-guarded,M_CONSOLEBITMAP_BIND_37A88456,354,342,-12
optimized-guarded,M_CONSOLEBITMAP_GETPACKET_5A801E1D,123,123,0
optimized-guarded,M_CONSOLEBITMAP_RUN_859D3E7A,592,584,-8
optimized-guarded,M_CONSOLEBITMAP_OPEN_C85D6197,376,376,0
optimized-guarded,M_CONSOLEBITMAP_CLOSE_9D29479F,104,104,0
optimized-guarded,M_CONSOLEBITMAP_MASK_8BB047A7,54,54,0
optimized-guarded,M_CONSOLEBITMAP_FILL_0D7F3514,209,209,0
optimized-guarded,M_CONSOLEBITMAP_TEXT_D480A0BE,244,244,0
optimized-guarded,M_CONSOLEBITMAP_TEXTCARET_18ADBDA7,286,286,0
optimized-guarded,M_CONSOLEBITMAP_SCROLL_377D53B8,415,411,-4
optimized-guarded,M_CONSOLEBITMAP_PENDING_D6383590,12,12,0
optimized-guarded,M_CONSOLEBITMAP_POLL_6E3B6F9E,206,202,-4
optimized-guarded,M_CONSOLEWINDOWS_REGISTRY_F9AAFFE0,62,62,0
optimized-guarded,M_CONSOLEWINDOWS_LIVE_CF72384F,106,106,0
optimized-guarded,M_CONSOLEWINDOWS_FIND_07AFDE1C,282,282,0
optimized-guarded,M_CONSOLEWINDOWS_BOUND_2C2AAE27,401,389,-12
optimized-guarded,M_CONSOLEWINDOWS_RESERVE_27D75673,530,522,-8
optimized-guarded,M_CONSOLEWINDOWS_RETIRED_09D5DC06,296,296,0
optimized-guarded,M_CONSOLEWINDOWS_RUNNABLE_B9919222,747,743,-4
optimized-guarded,M_CONSOLEWINDOWS_TAKE_9FD09734,560,560,0
optimized-guarded,M_INPUT_SHAPE_12014EFC,170,170,0
optimized-guarded,M_INPUT_EXTENT_FA4C9281,451,451,0
optimized-guarded,M_INPUT_FILTERVALID_D26629FB,96,96,0
optimized-guarded,M_INPUT_CHECKCONFIG_58BFFC0D,1200,1160,-40
optimized-guarded,M_INPUT_SOURCESTATE_ED5DBA81,98,98,0
optimized-guarded,M_INPUT_SHARED_40B1C6BE,208,208,0
optimized-guarded,M_INPUT_SOURCEOF_A387FC4D,96,96,0
optimized-guarded,M_INPUT_CAPTURE_307447C1,148,148,0
optimized-guarded,M_INPUT_VALID_32EBD3E5,713,705,-8
optimized-guarded,M_INPUT_ROUTEVALID_38FC4B26,166,154,-12
optimized-guarded,M_INPUT_REFERENCED_138D8154,776,700,-76
optimized-guarded,M_INPUT_ACQUIRE_69C538CF,1767,1729,-38
optimized-guarded,M_INPUT_CREATEROUTE_F78B5B60,719,695,-24
optimized-guarded,M_INPUT_PUBLISHROUTE_D1782DE9,563,563,0
optimized-guarded,M_INPUT_RETIREROUTE_2881C61B,635,623,-12
optimized-guarded,M_INPUT_DISCARD_ACB1BF45,532,532,0
optimized-guarded,M_INPUT_PENDING_94D4AB06,541,521,-20
optimized-guarded,M_INPUT_POINTERDELTAVALID_367584F0,269,269,0
optimized-guarded,M_INPUT_POINTERCOORDINATE_C979CE22,378,378,0
optimized-guarded,M_INPUT_POINTERREAD_16C85D8C,1977,1973,-4
optimized-guarded,M_INPUT_TAKE_28320780,1234,1222,-12
optimized-guarded,M_INPUT_RELEASE_78D4EBB0,1101,1064,-37
optimized-guarded,M_CONSOLECAPTURE_GETLEASE_6E44FE9A,62,62,0
optimized-guarded,M_CONSOLECAPTURE_ACQUIRE_39D4E6A8,203,203,0
optimized-guarded,M_CONSOLECAPTURE_RELEASE_DD04AD8D,406,380,-26
optimized-guarded,M_CONSOLECAPTURE_PUBLISH_C5573D67,170,170,0
optimized-guarded,M_CONSOLECAPTURE_CLEARUNIT_43522FE3,357,320,-37
optimized-guarded,M_CONSOLEFOREGROUND_REGISTRY_ABF9F388,62,62,0
optimized-guarded,M_CONSOLEFOREGROUND_RECLAIM_59B58C70,878,770,-108
optimized-guarded,M_CONSOLEFOREGROUND_ALLOCATE_F1C749CC,741,720,-21
optimized-guarded,M_CONSOLEFOREGROUND_REGISTER_0F2DE106,179,179,0
optimized-guarded,M_CONSOLEFOREGROUND_UNREGISTER_54DD2BA5,354,350,-4
optimized-guarded,M_CONSOLEFOREGROUND_RETIREUNBOUNDBREAKS_24224B11,280,264,-16
optimized-guarded,M_CONSOLEFOREGROUND_BEGIN_4DD9FFD0,772,772,0
optimized-guarded,M_CONSOLEFOREGROUND_END_65D34F46,821,797,-24
optimized-guarded,M_CONSOLEFOREGROUND_HANDOFF_CB9B2D39,1309,1261,-48
optimized-guarded,M_CONSOLEFOREGROUND_RESOLVE_9B8D664B,318,310,-8
optimized-guarded,M_CONSOLEFOREGROUND_NOTIFYONE_981F2C18,199,199,0
optimized-guarded,M_CONSOLEFOREGROUND_NOTIFY_A30EB7D0,225,225,0
optimized-guarded,M_CONSOLEFOREGROUND_DELIVER_8D52BBDC,781,773,-8
optimized-guarded,M_CONSOLEINPUT_INIT_5076ECFA,117,75,-42
optimized-guarded,M_CONSOLEINPUT_LOSE_42C88EE3,86,44,-42
optimized-guarded,M_CONSOLEINPUT_CLEAR_3DEF4D2B,306,306,0
optimized-guarded,M_CONSOLEINPUT_DECODE_A428056C,811,795,-16
optimized-guarded,M_CONSOLEINPUT_DELIVER_8B43A137,351,331,-20
optimized-guarded,M_CONSOLEINPUT_PUMP_600356CC,840,840,0
optimized-guarded,M_CONSOLEINPUT_SERVICE_4560B6F3,262,262,0
optimized-guarded,M_CONSOLEINPUT_READ_9E7D5EC6,329,308,-21
optimized-guarded,M_CONSOLEDISPLAY_WIDTH_10C212F0,98,98,0
optimized-guarded,M_CONSOLEDISPLAY_HEIGHT_F3C514AD,98,98,0
optimized-guarded,M_CONSOLEDISPLAY_GLYPH_DCC4F92E,117,117,0
optimized-guarded,M_CONSOLEDISPLAY_LISTVALID_C50FC922,456,456,0
optimized-guarded,M_CONSOLEDISPLAY_VALIDATE_33E36106,323,323,0
optimized-guarded,M_CONSOLEDISPLAY_GEOMETRY_B00D0334,506,498,-8
optimized-guarded,M_CONSOLEDISPLAY_CLAIM_0FF5CDD8,1353,1353,0
optimized-guarded,M_CONSOLEDISPLAY_RELEASE_C2AC22C5,789,789,0
optimized-guarded,M_CONSOLEDISPLAY_POSITION_5668E3AD,77,77,0
optimized-guarded,M_CONSOLEDISPLAY_CURSORPOSITION_6D01F173,248,248,0
optimized-guarded,M_CONSOLEDISPLAY_CURSOR_3EC7579C,925,915,-10
optimized-guarded,M_CONSOLEDISPLAY_CELLS_40A0DF53,2147,2155,8
optimized-guarded,M_CONSOLEDISPLAY_REMOVECURSOR_56933EEC,773,765,-8
optimized-guarded,M_CONSOLEDISPLAY_ERASE_7308FAA4,760,756,-4
optimized-guarded,M_CONSOLEDISPLAY_BEGINBATCH_E8453865,782,782,0
optimized-guarded,M_CONSOLEDISPLAY_FLUSHBATCH_36B2DD3C,382,376,-6
optimized-guarded,M_CONSOLEDISPLAY_DISCARDBATCH_161CED78,758,746,-12
optimized-guarded,M_CONSOLEDISPLAY_PRESENTBATCH_DC8CCBC5,771,771,0
optimized-guarded,M_CONSOLEDISPLAY_BITMAPEDIT_EF95A6DB,989,985,-4
optimized-guarded,M_CONSOLEDISPLAY_BITMAPCOMPLETE_8FE2FF3C,1332,1320,-12
optimized-guarded,M_CONSOLEDISPLAY_POLL_204D6C85,291,291,0
optimized-guarded,M_CONSOLEDISPLAY_COMPLETIONREADY_755EF473,12,12,0
optimized-guarded,M_CONSOLEDISPLAY_ADVANCE_74F2C1A4,1592,1584,-8
optimized-guarded,M_CONSOLEDISPLAY_EDIT_379C99EA,1623,1607,-16
optimized-guarded,M_CONSOLEDISPLAY_PRESENT_E192ED9F,1140,1140,0
optimized-guarded,M_CONSOLEDISPLAY_QUANTUM_5F98A18D,165,165,0
optimized-guarded,M_CONSOLECONTROL_APPLY_DCB506BB,212,212,0
optimized-guarded,M_CONSOLECONTROL_PROCESS_46BB287E,808,808,0
optimized-guarded,M_CONSOLECONTROL_SUBMIT_2C979A45,943,939,-4
optimized-guarded,M_CONSOLEDRIVER_GETSERVICE_BEE5E55D,62,62,0
optimized-guarded,M_CONSOLEDRIVER_GETINSTANCE_7919D405,62,62,0
optimized-guarded,M_CONSOLEDRIVER_SCREENWIDTH_857AD658,347,347,0
optimized-guarded,M_CONSOLEDRIVER_SCREENHEIGHT_C12F3455,347,347,0
optimized-guarded,M_CONSOLEDRIVER_MAPPED_DAA6A481,407,407,0
optimized-guarded,M_CONSOLEDRIVER_VALIDATE_72D30322,605,601,-4
optimized-guarded,M_CONSOLEDRIVER_BOUND_DEB813D0,301,301,0
optimized-guarded,M_CONSOLEDRIVER_IDLE_F6EAB10E,446,433,-13
optimized-guarded,M_CONSOLEDRIVER_RETAINOPENER_B80DF9C6,243,243,0
optimized-guarded,M_CONSOLEDRIVER_OPEN_434F52B0,893,897,4
optimized-guarded,M_CONSOLEDRIVER_CLOSE_60C60326,713,713,0
optimized-guarded,M_CONSOLEDRIVER_COMPLETE_39781A87,127,123,-4
optimized-guarded,M_CONSOLEDRIVER_IMMEDIATE_01EBE21F,532,508,-24
optimized-guarded,M_CONSOLEDRIVER_BEGINIO_76358745,784,772,-12
optimized-guarded,M_CONSOLEDRIVER_ABORTIO_EFA380E8,629,629,0
optimized-guarded,M_CONSOLEDRIVER_CLAIMWRITE_0313F299,244,244,0
optimized-guarded,M_CONSOLEDRIVER_FINISHWRITE_E8555190,351,351,0
optimized-guarded,M_CONSOLEDRIVER_FINISHREAD_49C55BD3,335,335,0
optimized-guarded,M_CONSOLEDRIVER_ARRIVAL_EC6B7DA9,950,946,-4
optimized-guarded,M_CONSOLEDRIVER_RUNNABLE_F91A82EB,476,464,-12
optimized-guarded,M_CONSOLEDRIVER_STATE_C6409A7F,209,205,-4
optimized-guarded,M_CONSOLEDRIVER_NOTIFY_2C61AA6D,250,250,0
optimized-guarded,M_CONSOLEDRIVER_PREPAREWAITER_2678D1F7,543,543,0
optimized-guarded,M_CONSOLEDRIVER_FREEWAITER_5FC08D72,220,218,-2
optimized-guarded,M_CONSOLEDRIVER_WAITCHANGE_4E83E195,186,186,0
optimized-guarded,M_CONSOLEDRIVER_ADMITWORKER_8B81C455,1365,1357,-8
optimized-guarded,M_CONSOLEDRIVER_START_3E6AAC44,1029,1021,-8
optimized-guarded,M_CONSOLEDRIVER_ALLIDLE_23B19503,422,398,-24
optimized-guarded,M_CONSOLEDRIVER_REQUESTSTOP_763F8D8B,269,269,0
optimized-guarded,M_CONSOLEDRIVER_STOP_093D3500,752,748,-4
optimized-guarded,M_CONSOLEDRIVER_RETIREWORKER_09E7B3B9,339,339,0
optimized-guarded,M_CONSOLEDRIVER_BATCHWRITE_60F6B557,853,849,-4
optimized-guarded,M_CONSOLEDRIVER_WRITEQUANTUM_3CD4DB9C,2268,2268,0
optimized-guarded,M_CONSOLEDRIVER_READQUANTUM_10EBF725,700,696,-4
optimized-guarded,M_CONSOLEDRIVER_INITIALIZE_D6CB2592,1745,1729,-16
optimized-guarded,M_CONSOLEDRIVER_FREESTORAGE_02676B4B,961,957,-4
optimized-guarded,M_CONSOLEDRIVER_COLLECT_102291BE,133,133,0
optimized-guarded,M_CONSOLEDRIVER_WORKER_589B3ABC,4635,4635,0
optimized-guarded,M_PORTCORE_CREATEMSGPORT_A47550A3,515,515,0
optimized-guarded,M_PORTCORE_DELETEMSGPORT_9136F7C6,199,199,0
optimized-guarded,M_SIODRIVER_BOUND_DC2366E0,443,435,-8
optimized-guarded,M_SIODRIVER_OPEN_9AA3F320,569,561,-8
optimized-guarded,M_SIODRIVER_CLOSE_01A37B96,307,295,-12
optimized-guarded,M_SIODRIVER_BEGINIO_E1378755,383,379,-4
optimized-guarded,M_SIODRIVER_ABORTIO_689758F8,303,294,-9
optimized-guarded,M_SIODRIVER_TRYCANCEL_BDB03575,472,472,0
optimized-guarded,M_SIODRIVER_CLAIM_64B130D4,453,453,0
optimized-guarded,M_SIODRIVER_ACTIVATE_5F9BFB05,339,331,-8
optimized-guarded,M_SIODRIVER_FINISH_D94C5F1F,568,552,-16
optimized-guarded,M_SIODRIVER_REAP_531B42EA,177,165,-12
optimized-guarded,M_SIODRIVER_STATE_C8F9434F,262,262,0
optimized-guarded,M_SIODRIVER_UNAVAILABLE_B7013E26,60,60,0
optimized-guarded,M_SIODRIVER_NOTIFY_7F90C49D,262,262,0
optimized-guarded,M_SIODRIVER_PREPAREWAITER_A5456107,543,543,0
optimized-guarded,M_SIODRIVER_FREEWAITER_3A54C422,220,218,-2
optimized-guarded,M_SIODRIVER_WAITCHANGE_D2A1FD05,186,186,0
optimized-guarded,M_SIODRIVER_ADMITWORKER_05019805,1118,1118,0
optimized-guarded,M_SIODRIVER_START_4928F5B4,1052,1052,0
optimized-guarded,M_SIODRIVER_STOP_B26AF28A,994,990,-4
optimized-guarded,M_SIODRIVER_STOPPING_28442DD8,504,500,-4
optimized-guarded,M_SIODRIVER_RETIREWORKER_47CA3A29,319,319,0
optimized-guarded,M_SIODRIVER_SIOMAPPED_D1D9A9D6,407,407,0
optimized-guarded,M_SIODRIVER_PAYLOADLENGTH_9F5C9B06,347,339,-8
optimized-guarded,M_SIODRIVER_SIOVALIDATE_7D355271,766,746,-20
optimized-guarded,M_SIODRIVER_DEADLINETICKS_83CDA5CA,345,345,0
optimized-guarded,M_SIODRIVER_PREPARE_D10BF723,853,835,-18
optimized-guarded,M_SIODRIVER_HARDWAREINIT_3568BDA6,963,963,0
optimized-guarded,M_SIODRIVER_RUNREQUEST_4500BA50,1024,1024,0
optimized-guarded,M_SIODRIVER_WORKER_374ADF8C,1221,1221,0
optimized-guarded,M_SIODRIVER_MATCHES_AEE1C237,184,184,0
optimized-guarded,M_IORESIDENT_BOUND_C1F0BA89,202,202,0
optimized-guarded,M_IORESIDENT_OPEN_6086F993,293,293,0
optimized-guarded,M_IORESIDENT_CLOSE_FE2B0633,193,193,0
optimized-guarded,M_IORESIDENT_BEGINIO_914C855C,193,193,0
optimized-guarded,M_IORESIDENT_ABORTIO_0DA61711,193,193,0
optimized-guarded,M_IOCORE_OPENDEVICE_A2787528,511,511,0
optimized-guarded,M_IOCORE_CLOSEDEVICE_667F761E,392,392,0
optimized-guarded,M_IOCORE_SUBMIT_5D7CB97A,777,769,-8
optimized-guarded,M_IOCORE_BEGINIO_FAB52593,92,92,0
optimized-guarded,M_IOCORE_SENDIO_CA4E16BA,92,92,0
optimized-guarded,M_IOCORE_ABORTIO_125E3726,392,392,0
optimized-guarded,M_IOCORE_CREATEIOREQUEST_DE10015D,301,301,0
optimized-guarded,M_IOCORE_DELETEIOREQUEST_93A87E78,173,173,0
optimized-guarded,M_IOCORE_START_4033F51A,89,89,0
optimized-guarded,M_IOCORE_WAITIO_8CA35F61,365,365,0
optimized-guarded,M_IOCORE_DOIO_173DC4A1,199,199,0
optimized-guarded,M_CONSOLETILING_LOCK_D1C61C32,1044,1005,-39
optimized-guarded,M_CONSOLETILING_UNLOCK_9D80F64D,696,671,-25
optimized-guarded,M_CONSOLETILING_OWNED_E442B6FE,215,215,0
optimized-guarded,M_CONSOLETILING_SELECT_D724C265,728,712,-16
optimized-guarded,M_CONSOLETILING_HIDELOCKED_54ED13CF,775,755,-20
optimized-guarded,M_CONSOLETILING_SHOW_26065EE8,1795,1734,-61
optimized-guarded,M_CONSOLETILING_HIDE_B9E54D0B,369,369,0
optimized-guarded,M_CONSOLETILING_FOCUS_1EF2C0A5,462,462,0
optimized-guarded,M_CONSOLE_SCREENWIDTH_02A0531A,4,4,0
optimized-guarded,M_CONSOLE_SCREENHEIGHT_21CB6DFB,4,4,0
optimized-guarded,M_CONSOLE_FREEINSTANCE_35A7F9E7,494,490,-4
optimized-guarded,M_CONSOLE_CREATE_AA57C2F6,2205,2193,-12
optimized-guarded,M_CONSOLE_DESTROY_8B3B48E8,1535,1531,-4
optimized-guarded,M_CONSOLE_SHOW_21D86251,4,4,0
optimized-guarded,M_CONSOLE_HIDE_EC93B70A,4,4,0
optimized-guarded,M_CONSOLE_FOCUS_1C4A8DCE,4,4,0
optimized-guarded,M_DOSCORE_GETREGISTRY_D528A1F7,62,62,0
optimized-guarded,M_FSOPERATION_CANCELLABLE_CAA34525,478,478,0
optimized-guarded,M_FSOPERATION_PREPARE_EA34E162,576,576,0
optimized-guarded,M_FSOPERATION_AUTHORITY_2081E9D0,665,665,0
optimized-guarded,M_FSOPERATION_CANCELED_56B92A04,237,237,0
optimized-guarded,M_FSOPERATION_CLAIM_4C8DDFC1,242,242,0
optimized-guarded,M_FSOPERATION_REQUEST_3F73D6DE,710,706,-4
optimized-guarded,M_FSOPERATION_UNLINK_B5280A26,455,455,0
optimized-guarded,M_FSOPERATION_REPLYREADY_532E4DE6,380,380,0
optimized-guarded,M_FSOPERATION_COLLECT_397028AF,211,211,0
optimized-guarded,M_FSOPERATION_PUMP_B18C8A95,865,865,0
optimized-guarded,M_DOSCLIENT_IOERR_BF9E8A97,115,115,0
optimized-guarded,M_DOSCLIENT_SETIOERR_93E1A287,160,160,0
optimized-guarded,M_DOSCLIENT_SETERROR_F2B11A26,108,108,0
optimized-guarded,M_DOSCLIENT_NEWCLIENT_41735729,622,622,0
optimized-guarded,M_DOSCLIENT_ENSURESLOT_00C71048,378,378,0
optimized-guarded,M_DOSCLIENT_ENSURE_1859B044,140,140,0
optimized-guarded,M_DOSCLIENT_CLEARSELECTIONS_93A1D5D6,169,169,0
optimized-guarded,M_DOSCLIENT_RELEASECONTEXT_90CB2A06,1314,1294,-20
optimized-guarded,M_DOSCLIENT_CHECKREPLY_4530772C,446,446,0
optimized-guarded,M_DOSCLIENT_CALL_35DB3B22,1692,1684,-8
optimized-guarded,M_DOSOBJECTS_FIND_2E898C70,253,253,0
optimized-guarded,M_DOSOBJECTS_LINK_9FA00D0F,262,254,-8
optimized-guarded,M_DOSOBJECTS_UNLINK_C978FCF4,488,480,-8
optimized-guarded,M_BLOCKCACHE_METADATABYTES_EA4C1D98,146,146,0
optimized-guarded,M_BLOCKCACHE_CREATE_BA82E51A,849,849,0
optimized-guarded,M_BLOCKCACHE_DESTROY_EB1A5F0C,444,434,-10
optimized-guarded,M_BLOCKCACHE_INVALIDATE_4E66AC31,376,372,-4
optimized-guarded,M_BLOCKCACHE_SETINDEX_5318FF18,190,186,-4
optimized-guarded,M_BLOCKCACHE_FIND_1946044D,361,331,-30
optimized-guarded,M_BLOCKCACHE_FORGET_8D9AE1E1,402,398,-4
optimized-guarded,M_BLOCKCACHE_COPY_EC1E9165,177,177,0
optimized-guarded,M_BLOCKCACHE_PAYLOAD_A5530E46,151,151,0
optimized-guarded,M_BLOCKCACHE_READ_6E9EB2D8,891,887,-4
optimized-guarded,M_BLOCKCACHE_STOREPART_C61D91FE,975,931,-44
optimized-guarded,M_BLOCKCACHE_STORE_364610B1,343,339,-4
optimized-guarded,M_BLOCKIO_GEOMETRY_4529DFEE,199,199,0
optimized-guarded,M_BLOCKIO_SECTORBYTES_B8369631,166,162,-4
optimized-guarded,M_BLOCKIO_MAPPED_A9EEA713,422,422,0
optimized-guarded,M_BLOCKIO_CREATE_DF5BA086,879,879,0
optimized-guarded,M_BLOCKIO_DESTROY_0CC5CBD8,447,443,-4
optimized-guarded,M_BLOCKIO_DEVICENAME_55BC3EC3,249,87,-162
optimized-guarded,M_BLOCKIO_OPENVOLUME_36B90798,672,664,-8
optimized-guarded,M_BLOCKIO_DETACH_FC4FFB83,550,542,-8
optimized-guarded,M_BLOCKIO_DISCARDBUFFER_3EED9C90,75,33,-42
optimized-guarded,M_BLOCKIO_INVALIDATE_E4DCC90F,152,152,0
optimized-guarded,M_BLOCKIO_CACHED_7ABF0DB0,218,214,-4
optimized-guarded,M_BLOCKIO_PUBLISH_42B93901,140,116,-24
optimized-guarded,M_BLOCKIO_PREPARE_810BFFA1,267,263,-4
optimized-guarded,M_BLOCKIO_COMPLETE_80F6A54F,386,374,-12
optimized-guarded,M_BLOCKIO_CHECK_A5B41A2A,404,404,0
optimized-guarded,M_BLOCKIO_BEGINFETCH_6B9D7F07,846,814,-32
optimized-guarded,M_BLOCKIO_BEGINSTORE_D38E59E4,969,905,-64
optimized-guarded,M_BLOCKIO_FINISHFETCH_D55D2AA5,620,620,0
optimized-guarded,M_BLOCKIO_FINISHSTORE_0115A3DE,4,4,0
optimized-guarded,M_FSCORE_COPYENTRY_48DFB26E,117,117,0
optimized-guarded,M_FSCORE_BEGINOPERATION_525CBD4F,256,200,-56
optimized-guarded,M_FSCORE_FINISHOPERATION_46633DF1,296,280,-16
optimized-guarded,M_FS83_LEGAL_57119700,137,137,0
optimized-guarded,M_FS83_FOLD_0A64C6B8,86,86,0
optimized-guarded,M_FS83_STORED_D2BF7200,326,326,0
optimized-guarded,M_FS83_MATCH_C3E96F9C,336,336,0
optimized-guarded,M_FS83_STARTRESOLVE_ED05839D,448,392,-56
optimized-guarded,M_FS83_COMPONENT_3DA5FCEA,814,762,-52
optimized-guarded,M_FS83_SELECTMATCH_2C823C16,494,478,-16
optimized-guarded,M_FS83_CHOOSE_D3525E62,287,283,-4
optimized-guarded,M_FSNAMES_STREAM_12DD2A4A,1360,1360,0
optimized-guarded,M_FSNAMES_MAPPED_324F42A3,246,246,0
optimized-guarded,M_FSNAMES_PATH_CFBF830F,801,775,-26
optimized-guarded,M_FSNAMES_SYSTEM_7AF4AE7D,321,321,0
optimized-guarded,M_FSNAMES_VALIDALIAS_36EB4E14,399,399,0
optimized-guarded,M_DOSSTREAMS_VALIDMODE_6A43AE29,138,138,0
optimized-guarded,M_DOSSTREAMS_VALIDBUFFER_D67D80FE,282,282,0
optimized-guarded,M_DOSSTREAMS_OPENNIL_7EDE8F17,386,386,0
optimized-guarded,M_DOSSTREAMS_TRANSFERNIL_E7EA5C2C,256,256,0
optimized-guarded,M_DOSSTREAMS_CLOSENIL_3520E24B,379,379,0
optimized-guarded,M_DOSPIPE_WAKE_206F5695,216,216,0
optimized-guarded,M_DOSPIPE_UNWAIT_23BF06C3,339,339,0
optimized-guarded,M_DOSPIPE_CREATE_3311B233,1202,1202,0
optimized-guarded,M_DOSPIPE_CLONE_F42CC55A,651,636,-15
optimized-guarded,M_DOSPIPE_DISCARD_EA487971,686,662,-24
optimized-guarded,M_DOSPIPE_CLOSE_E3C2D505,412,412,0
optimized-guarded,M_DOSPIPE_TRANSFER_59D539F6,3099,3065,-34
optimized-guarded,M_DOSRAW_GETREGISTRY_976423CC,62,62,0
optimized-guarded,M_DOSRAW_UNITREGISTRY_DD0D5704,119,119,0
optimized-guarded,M_DOSRAW_UNIT_B2527969,414,414,0
optimized-guarded,M_DOSRAW_LIVE_14427091,501,489,-12
optimized-guarded,M_DOSRAW_INITIALIZE_D871F7B7,505,497,-8
optimized-guarded,M_DOSRAW_ROLLBACK_4A7594F5,117,117,0
optimized-guarded,M_DOSRAW_ACQUIRE_CC49A145,1678,1670,-8
optimized-guarded,M_DOSRAW_OPENSIZED_F1E27B78,689,689,0
optimized-guarded,M_DOSRAW_OPEN_5F7F2547,122,122,0
optimized-guarded,M_DOSRAW_VALIDEXTENT_84EF7CCB,353,353,0
optimized-guarded,M_DOSRAW_RELEASEOPERATION_C2E80557,339,331,-8
optimized-guarded,M_DOSRAW_PREPARE_F51F1B68,1321,1313,-8
optimized-guarded,M_DOSRAW_FINISH_BB47E14C,333,325,-8
optimized-guarded,M_DOSRAW_COMPLETE_0FD428DA,634,630,-4
optimized-guarded,M_DOSRAW_RETAIN_4DF2DE08,364,356,-8
optimized-guarded,M_DOSRAW_RELEASEENDPOINT_3E946265,870,862,-8
optimized-guarded,M_DOSRAW_CLOSESIZED_2208AD92,680,680,0
optimized-guarded,M_DOSRAW_CLOSE_4F38859D,118,118,0
optimized-guarded,M_COOKEDLINE_FREEHISTORY_E31E705E,173,173,0
optimized-guarded,M_COOKEDLINE_RESETHISTORY_27C90F73,194,166,-28
optimized-guarded,M_COOKEDLINE_HISTORYSLOT_205258CE,139,139,0
optimized-guarded,M_COOKEDLINE_REMEMBER_E39B9025,965,929,-36
optimized-guarded,M_COOKEDLINE_RECALL_089A5861,1085,1015,-70
optimized-guarded,M_COOKEDLINE_INIT_553F5E46,191,149,-42
optimized-guarded,M_COOKEDLINE_CREATE_35929826,175,175,0
optimized-guarded,M_COOKEDLINE_DESTROY_77CB15F8,222,216,-6
optimized-guarded,M_COOKEDLINE_RETAIN_F54817A1,243,229,-14
optimized-guarded,M_COOKEDLINE_RELEASE_68B6E005,410,394,-16
optimized-guarded,M_COOKEDLINE_ENTER_AF5023D0,234,228,-6
optimized-guarded,M_COOKEDLINE_LEAVE_C362F351,105,105,0
optimized-guarded,M_COOKEDLINE_SETHISTORY_7BFEF58A,534,522,-12
optimized-guarded,M_COOKEDLINE_EMPTY_73E023F3,94,52,-42
optimized-guarded,M_COOKEDLINE_ERASE_F76E1DAE,226,205,-21
optimized-guarded,M_COOKEDLINE_LOSE_A2B86A77,178,178,0
optimized-guarded,M_COOKEDLINE_FEED_E5727982,1921,1851,-70
optimized-guarded,M_COOKEDLINE_DRAIN_A743CD2C,590,582,-8
optimized-guarded,M_COOKEDLINE_RENDER_D6B4258E,1677,1541,-136
optimized-guarded,M_DOSCANCEL_TRANSFER_DC8DFD88,660,644,-16
optimized-guarded,M_DOSCOOKED_OPEN_FB0901F4,412,412,0
optimized-guarded,M_DOSCOOKED_CLOSE_1355CA48,345,333,-12
optimized-guarded,M_DOSCOOKED_WIRE_7D812E8B,649,641,-8
optimized-guarded,M_DOSCOOKED_BEGIN_9BFE5F7B,530,510,-20
optimized-guarded,M_DOSCOOKED_CANCELLINE_F449849C,654,630,-24
optimized-guarded,M_DOSCOOKED_ACQUIRELINE_772F100E,1720,1708,-12
optimized-guarded,M_DOSCOOKED_READLOCKED_B41BFB52,1153,1153,0
optimized-guarded,M_DOSCOOKED_READ_AAA4E8F8,360,360,0
optimized-guarded,M_DOSBREAK_CURRENT_B838AC0B,170,170,0
optimized-guarded,M_DOSBREAK_ALLOCATE_10964711,582,582,0
optimized-guarded,M_DOSBREAK_FREE_76D15FA8,238,236,-2
optimized-guarded,M_DOSBREAK_BEGIN_A70D4CB3,1370,1370,0
optimized-guarded,M_DOSBREAK_END_B7800793,567,567,0
optimized-guarded,M_DOSBREAK_PENDING_1B1DF51D,148,148,0
optimized-guarded,M_DOSBREAK_CLEAR_B7EEEC7D,410,410,0
optimized-guarded,M_FSSYSTEM_SELECTED_9418F47A,56,56,0
optimized-guarded,M_FSSYSTEM_SYSTEMUNIT_F93F9C60,100,100,0
optimized-guarded,M_FSSYSTEM_UNIT_D8E8C927,163,159,-4
optimized-guarded,M_FSSYSTEM_NAMEBYTE_29131912,233,233,0
optimized-guarded,M_FSSYSTEM_MATCHES_6FF2F0E4,541,541,0
optimized-guarded,M_FSSYSTEM_SAMENAME_3086AACE,342,342,0
optimized-guarded,M_FSSYSTEM_APPLY_F77568D5,300,300,0
optimized-guarded,M_FSREGISTRY_SERVICE_31663004,123,123,0
optimized-guarded,M_FSREGISTRY_RETAIN_218C5FAC,199,191,-8
optimized-guarded,M_FSREGISTRY_RETAINBASE_94E5BA0B,342,334,-8
optimized-guarded,M_FSREGISTRY_RELEASE_E0E99364,368,360,-8
optimized-guarded,M_FSREGISTRY_LOOKUP_AD8B60C1,714,706,-8
optimized-guarded,M_FSREGISTRY_FINDOBJECT_780CC443,155,155,0
optimized-guarded,M_FSREGISTRY_FROMHEADER_DCD07C60,421,401,-20
optimized-guarded,M_FSREGISTRY_STAMP_BE264D84,355,355,0
optimized-guarded,M_DOSWIRE_ISPOINTER_E1AC855F,111,111,0
optimized-guarded,M_FSLEASES_LINK_92921FD5,324,300,-24
optimized-guarded,M_FSLEASES_UNLINK_039AB2C8,497,497,0
optimized-guarded,M_FSLEASES_OBJECTENTRY_FCD8C666,141,141,0
optimized-guarded,M_FSLEASES_SAME_B25DFB61,309,309,0
optimized-guarded,M_FSLEASES_BUSY_31143750,915,879,-36
optimized-guarded,M_FSLEASES_LIVE_C7D42DE5,651,623,-28
optimized-guarded,M_FSLEASES_WRITABLE_932CF683,130,118,-12
optimized-guarded,M_FSFILES_ALLOCATE_3EE5B3A2,148,148,0
optimized-guarded,M_FSFILES_CREATE_5EA85CDB,166,166,0
optimized-guarded,M_FSFILES_RETAIN_1627AB28,313,301,-12
optimized-guarded,M_FSFILES_DROPSHARED_A840009F,343,323,-20
optimized-guarded,M_FSFILES_RELEASE_91585E60,372,360,-12
optimized-guarded,M_FSLOCKS_TRAILER_B3BA463B,64,64,0
optimized-guarded,M_FSLOCKS_TEXT_C72F70F3,64,64,0
optimized-guarded,M_FSLOCKS_ALLOCATION_5B5A6C20,138,134,-4
optimized-guarded,M_FSLOCKS_ROOT_D04E0C54,295,253,-42
optimized-guarded,M_FSLOCKS_ADD_DEA4C903,250,215,-35
optimized-guarded,M_FSLOCKS_APPEND_3EC68462,902,822,-80
optimized-guarded,M_FSLOCKS_ALLOCATE_39B5BEE3,273,273,0
optimized-guarded,M_FSLOCKS_CREATE_34BC7CB2,318,308,-10
optimized-guarded,M_FSLOCKS_FREE_701F260A,180,180,0
optimized-guarded,M_FSOBJECTS_FREE_154D29BE,318,318,0
optimized-guarded,M_FSACTIVE_CURRENTSCOPE_BF6A95BD,282,274,-8
optimized-guarded,M_BLOCKWIRE_EXCHANGE_9F443072,1000,980,-20
optimized-guarded,M_BLOCKWIRE_TRANSFER_0A2F17CC,105,105,0
optimized-guarded,M_BLOCKWIRE_TRANSFERCOMMITTED_FEB13FCA,105,105,0
optimized-guarded,M_SDFS_WORD_9040534F,114,114,0
optimized-guarded,M_SDFS_LENGTH_0EB65DB7,189,189,0
optimized-guarded,M_SDFS_GETSTATE_E428DC88,71,71,0
optimized-guarded,M_SDFS_CREATEWORK_894591E8,187,187,0
optimized-guarded,M_SDFS_DESTROYWORK_D1F8FE6A,173,173,0
optimized-guarded,M_SDFS_CREATEVOLUME_B12DE8AD,187,187,0
optimized-guarded,M_SDFS_DESTROYVOLUME_8A02EFB7,173,173,0
optimized-guarded,M_SDFS_INVALIDATE_8CE6E30A,157,157,0
optimized-guarded,M_SDFS_ALLOWED_D687D449,212,204,-8
optimized-guarded,M_SDFS_BEGINMOUNT_68830325,168,120,-48
optimized-guarded,M_SDFS_HEADER_D37EFF70,1525,1449,-76
optimized-guarded,M_SDFS_MOUNTBUFFERED_7F8C68E7,287,259,-28
optimized-guarded,M_SDFS_MAP_D6A7DDA3,72,72,0
optimized-guarded,M_SDFS_RESTART_887C29F6,186,184,-2
optimized-guarded,M_SDFS_CACHED_B7AA1E89,377,361,-16
optimized-guarded,M_SDFS_CACHE_55DBD7B1,512,448,-64
optimized-guarded,M_SDFS_SECTORALLOWED_D0C4D1BB,345,329,-16
optimized-guarded,M_SDFS_VALIDATEMAP_D7214A91,1098,1066,-32
optimized-guarded,M_SDFS_ADVANCE_66AE3A9F,327,302,-25
optimized-guarded,M_MYDOS_CREATEVOLUME_8FA50CD3,195,195,0
optimized-guarded,M_MYDOS_DESTROYVOLUME_8DF1D5D5,173,173,0
optimized-guarded,M_MYDOS_DATASECTOR_95277D3B,244,232,-12
optimized-guarded,M_MYDOS_VALIDDIRECTORY_1CF8F62E,367,359,-8
optimized-guarded,M_MYDOS_EXTENT_5BCD29B5,670,626,-44
optimized-guarded,M_MYDOS_HEADER_A95A323A,476,452,-24
optimized-guarded,M_MYDOS_BEGINMOUNT_AA58F6DF,225,197,-28
optimized-guarded,M_MYDOS_MOUNTBUFFERED_114678B9,287,259,-28
optimized-guarded,M_MYDOS_DECODE_69B6DF25,531,519,-12
optimized-guarded,M_MYDOS_LIVE_1E4E1377,461,461,0
optimized-guarded,M_MYDOS_BUFFEREDENTRY_DC465C80,645,617,-28
optimized-guarded,M_MYDOS_BEGINENTRY_95F170F4,385,373,-12
optimized-guarded,M_MYDOS_DESCEND_C497F8DD,523,489,-34
optimized-guarded,M_MYDOS_ROOTENTRY_E3F00029,244,232,-12
optimized-guarded,M_MYDOS_STARTRESOLVE_24B3B079,190,184,-6
optimized-guarded,M_MYDOS_RESOLVECOMPONENT_8F2130C4,158,154,-4
optimized-guarded,M_MYDOS_RESOLVESTEP_4ADA26D9,641,637,-4
optimized-guarded,M_MYDOS_VALIDATEBASE_0A85139C,820,748,-72
optimized-guarded,M_MYDOSFILE_CHAIN_94A5D226,72,72,0
optimized-guarded,M_MYDOSFILE_RESTART_75C66A72,229,227,-2
optimized-guarded,M_MYDOSFILE_OPEN_0FD3469F,828,776,-52
optimized-guarded,M_MYDOSFILE_SECTORALLOWED_E72DFCC7,330,317,-13
optimized-guarded,M_MYDOSFILE_VISIT_2F7F40D0,511,507,-4
optimized-guarded,M_MYDOSFILE_TRAILER_58DD2DFC,575,531,-44
optimized-guarded,M_MYDOSFILE_LINK_86A70D17,454,450,-4
optimized-guarded,M_MYDOSFILE_VALIDATE_CCD11D35,717,697,-20
optimized-guarded,M_MYDOSFILE_FAIL_8A60C23B,280,264,-16
optimized-guarded,M_MYDOSFILE_CANCEL_40161F05,456,432,-24
optimized-guarded,M_MYDOSFILE_ADVANCE_71346BED,205,203,-2
optimized-guarded,M_MYDOSFILE_NEEDSECTOR_4EE2E2C1,183,173,-10
optimized-guarded,M_MYDOSFILE_BEGINREAD_56DCAA56,1030,1010,-20
optimized-guarded,M_MYDOSFILE_TARGET_3D0FAE04,783,763,-20
optimized-guarded,M_MYDOSFILE_BEGINSEEK_007E9A86,662,642,-20
optimized-guarded,M_MYDOSFILE_LOCATE_F172D4F1,606,602,-4
optimized-guarded,M_MYDOSFILE_COPY_B45932A2,487,455,-32
optimized-guarded,M_MYDOSFILE_CONSUME_CDF927EF,697,689,-8
optimized-guarded,M_MYDOSFILE_CONTINUEOPERATION_DDF4199B,785,765,-20
optimized-guarded,M_MYDOSFILE_MEASURE_660762A9,548,538,-10
optimized-guarded,M_SDFSFILE_OPEN_2046DF25,810,778,-32
optimized-guarded,M_SDFSFILE_FAIL_23FC14B5,307,291,-16
optimized-guarded,M_SDFSFILE_CANCEL_B60AB817,284,275,-9
optimized-guarded,M_SDFSFILE_BEGINSEEK_80AE6CDC,699,683,-16
optimized-guarded,M_SDFSFILE_BEGINREAD_A4D537D8,888,844,-44
optimized-guarded,M_SDFSFILE_CONSUME_19CF3939,837,761,-76
optimized-guarded,M_SDFSFILE_DRIVE_59FB4F1B,1909,1811,-98
optimized-guarded,M_SDFSFILE_CONTINUEOPERATION_077FC395,496,488,-8
optimized-guarded,M_SDFSFILE_MEASURE_B257955B,2052,1932,-120
optimized-guarded,M_SDFSDATE_LEAP_5FE3C9CD,61,61,0
optimized-guarded,M_SDFSDATE_MONTHDAYS_18463582,183,183,0
optimized-guarded,M_SDFSDATE_DECODE_E4AFE2B3,1141,1145,4
optimized-guarded,M_SDFSDIR_ERROR_F11B3DDA,107,107,0
optimized-guarded,M_SDFSDIR_SEED_AE4E45A1,502,482,-20
optimized-guarded,M_SDFSDIR_BEGINENTRY_4CCF1AF9,930,902,-28
optimized-guarded,M_SDFSDIR_VALIDATEPARENT_CC71085A,488,451,-37
optimized-guarded,M_SDFSDIR_HEADER_A6C13D37,782,766,-16
optimized-guarded,M_SDFSDIR_DECODE_445A4286,1525,1477,-48
optimized-guarded,M_SDFSDIR_BUFFEREDENTRY_374F4FF7,751,751,0
optimized-guarded,M_SDFSDIR_BEGINHEADER_0CDE2CA0,491,475,-16
optimized-guarded,M_SDFSDIR_MEASURE_2E677570,900,892,-8
optimized-guarded,M_SDFSNAME_DESCEND_5D259778,531,488,-43
optimized-guarded,M_SDFSNAME_VALIDATEBASE_03C615D3,737,655,-82
optimized-guarded,M_SDFSNAME_STARTRESOLVE_EBBD5226,387,353,-34
optimized-guarded,M_SDFSNAME_RESOLVECOMPONENT_CCDFB63B,372,372,0
optimized-guarded,M_SDFSNAME_DONE_34A5B326,227,221,-6
optimized-guarded,M_SDFSNAME_CHOOSE_8F0B0401,334,330,-4
optimized-guarded,M_SDFSNAME_RESOLVESTEP_B2924B88,645,645,0
optimized-guarded,M_FSBACKEND_AVAILABLE_56F19E57,80,80,0
optimized-guarded,M_FSBACKEND_CREATEVOLUME_26C12EFC,239,237,-2
optimized-guarded,M_FSBACKEND_DESTROYVOLUME_B6078DE8,160,160,0
optimized-guarded,M_FSBACKEND_CREATEWORK_8A6F92A5,4,4,0
optimized-guarded,M_FSBACKEND_DESTROYWORK_CA11D009,89,89,0
optimized-guarded,M_FSBACKEND_INVALIDATE_9F423887,124,124,0
optimized-guarded,M_FSBACKEND_ENUMLIMIT_D60FC50E,72,72,0
optimized-guarded,M_FSBACKEND_BEGINMOUNT_3F96891C,181,167,-14
optimized-guarded,M_FSBACKEND_MOUNTBUFFERED_E1BCDBDC,181,167,-14
optimized-guarded,M_FSBACKEND_BUFFEREDENTRY_A53297ED,181,167,-14
optimized-guarded,M_FSBACKEND_RESOLVECOMPONENT_25BBEDCF,181,167,-14
optimized-guarded,M_FSBACKEND_RESOLVESTEP_71F5161C,181,167,-14
optimized-guarded,M_FSBACKEND_DESCEND_696B876C,181,167,-14
optimized-guarded,M_FSBACKEND_BEGINREAD_9B747D7D,204,182,-22
optimized-guarded,M_FSBACKEND_BEGINSEEK_65568135,204,182,-22
optimized-guarded,M_FSBACKEND_CONTINUEOPERATION_B2B07804,204,182,-22
optimized-guarded,M_FSBACKEND_CANCEL_CF93E684,204,182,-22
optimized-guarded,M_FSBACKEND_BEGINENTRY_D3F74E4F,229,217,-12
optimized-guarded,M_FSBACKEND_STARTRESOLVE_75FDEFE2,207,193,-14
optimized-guarded,M_FSBACKEND_OPEN_70C2A6B2,207,193,-14
optimized-guarded,M_FSBACKEND_FAIL_FA955312,238,218,-20
optimized-guarded,M_FSBACKEND_MEASURE_AD470D66,207,193,-14
optimized-guarded,M_FSBACKEND_VALIDATEBASE_C7106A97,207,195,-12
optimized-guarded,M_FSIO_BEGIN_68AD59C5,544,476,-68
optimized-guarded,M_FSIO_COMPLETE_3A967BA3,718,638,-80
optimized-guarded,M_FSIO_OFFLINE_B7567A31,357,337,-20
optimized-guarded,M_FSWRITEIO_STATE_A0FFD18A,71,71,0
optimized-guarded,M_FSWRITEIO_ERROR_9F481FB3,388,348,-40
optimized-guarded,M_FSWRITEIO_CHECKPOINT_86192BF5,343,343,0
optimized-guarded,M_FSWRITEIO_FAILED_0CF5DEA4,605,548,-57
optimized-guarded,M_FSWRITEIO_READ_66641E67,1435,1371,-64
optimized-guarded,M_FSWRITEIO_WRITE_4F85FADC,967,935,-32
optimized-guarded,M_FSWRITEIO_ZERO_F685105B,82,80,-2
optimized-guarded,M_FSWRITEIO_WORD_326DCDF9,127,127,0
optimized-guarded,M_FSWRITEIO_LENGTH_F339C741,184,184,0
optimized-guarded,M_FSPACKET_REPLY_F0943484,704,652,-52
optimized-guarded,M_FSPACKET_ERROR_61E70414,394,370,-24
optimized-guarded,M_FSPACKET_IDENTITY_6B3677B2,1169,1013,-156
optimized-guarded,M_FSPACKET_PUBLISHOPENSTEP_55EACFB5,723,666,-57
optimized-guarded,M_FSPACKET_CLOSE_01E28282,513,489,-24
optimized-guarded,M_FSPORTS_CREATE_D9675AD2,345,345,0
optimized-guarded,M_FSPORTS_DELETE_FC342961,97,97,0
optimized-guarded,M_FSINIT_CONFIG_A7C873FA,1448,1418,-30
optimized-guarded,M_FSINIT_WORKSPACE_ED5E2107,874,866,-8
optimized-guarded,M_FSINIT_ARRIVAL_302FF83F,796,786,-10
optimized-guarded,M_FSINIT_ALLOCATEMOUNT_EF481898,960,933,-27
optimized-guarded,M_FSINIT_ALLOCATEBLOCK_5C0916F0,654,643,-11
optimized-guarded,M_FSINIT_PUBLISH_12D6516B,339,314,-25
optimized-guarded,M_FSINIT_FIRST_60F42DBA,450,450,0
optimized-guarded,M_FSINIT_MOUNTSTEP_D16E7745,286,286,0
optimized-guarded,M_FSINIT_OPENEDSTEP_3B4623A1,526,478,-48
optimized-guarded,M_FSINIT_MOUNTEDSTEP_D00F6B02,887,812,-75
optimized-guarded,M_FSINIT_FAILED_4FB7E0CF,368,344,-24
optimized-guarded,M_FSINIT_DESTROYMOUNT_00D5D10B,853,849,-4
optimized-guarded,M_FSINIT_CLEANUP_26675F9E,1145,1128,-17
optimized-guarded,M_FSALLOC_ALLOWED_1FF175A3,799,723,-76
optimized-guarded,M_FSALLOC_BITMAP_55D4E3AC,915,875,-40
optimized-guarded,M_FSALLOC_ALLOCATED_A8A57AF0,324,304,-20
optimized-guarded,M_FSALLOC_FIND_C860CAEC,1712,1627,-85
optimized-guarded,M_FSALLOC_CHANGE_B0E87AF9,1401,1305,-96
optimized-guarded,M_FSALLOC_TAKE_9AD436E4,544,496,-48
optimized-guarded,M_FSALLOC_FREE_BE46C827,238,206,-32
optimized-guarded,M_FSALLOC_COUNTROOM_E5C7D397,652,624,-28
optimized-guarded,M_MYDOSWRITE_BAD_ECEFF42B,93,93,0
optimized-guarded,M_MYDOSWRITE_LIMIT_E01793D7,88,88,0
optimized-guarded,M_MYDOSWRITE_READPAYLOAD_AC32DCA4,1514,1454,-60
optimized-guarded,M_MYDOSWRITE_TRAILER_BFA640A1,441,429,-12
optimized-guarded,M_MYDOSWRITE_ENTRYIO_ACBE3032,752,744,-8
optimized-guarded,M_MYDOSWRITE_VALIDATE_B3BA3338,759,735,-24
optimized-guarded,M_MYDOSWRITE_MARK_0E6D7B2D,622,598,-24
optimized-guarded,M_MYDOSWRITE_SLOT_AA2228B6,494,472,-22
optimized-guarded,M_MYDOSWRITE_CREATE_CDAAF016,1579,1477,-102
optimized-guarded,M_MYDOSWRITE_WRITE_992B7BC3,2288,2248,-40
optimized-guarded,M_MYDOSWRITE_RECLAIM_F1DD6F57,461,449,-12
optimized-guarded,M_MYDOSWRITE_TRUNCATE_A6EAB42C,606,602,-4
optimized-guarded,M_MYDOSWRITE_EMPTY_B06BE841,395,378,-17
optimized-guarded,M_MYDOSWRITE_DELETE_256A83D3,562,546,-16
optimized-guarded,M_MYDOSWRITE_RENAME_E308DCF0,361,349,-12
optimized-guarded,M_SDFSWRITE_BAD_5E3D66D1,93,93,0
optimized-guarded,M_SDFSWRITE_VALIDSECTOR_67FAADEC,420,384,-36
optimized-guarded,M_SDFSWRITE_LOCATE_55E19A5E,1622,1582,-40
optimized-guarded,M_SDFSWRITE_GROW_073A6F69,1330,1314,-16
optimized-guarded,M_SDFSWRITE_ROWIO_EF8D2430,1336,1318,-18
optimized-guarded,M_SDFSWRITE_ENTRYIO_D3D74C00,225,225,0
optimized-guarded,M_SDFSWRITE_VALIDATE_3C808422,2192,2130,-62
optimized-guarded,M_SDFSWRITE_SLOT_E3DFD014,1003,963,-40
optimized-guarded,M_SDFSWRITE_SPACE_ED9B8102,764,740,-24
optimized-guarded,M_SDFSWRITE_CREATE_5E5E06BC,2616,2476,-140
optimized-guarded,M_SDFSWRITE_MARK_BAD71DEB,603,555,-48
optimized-guarded,M_SDFSWRITE_WRITE_40A16F7D,1655,1639,-16
optimized-guarded,M_SDFSWRITE_RECLAIM_B35C64A9,890,862,-28
optimized-guarded,M_SDFSWRITE_TRUNCATE_031B9696,582,582,0
optimized-guarded,M_SDFSWRITE_EMPTY_E038B2BB,783,751,-32
optimized-guarded,M_SDFSWRITE_DELETE_04723F49,373,361,-12
optimized-guarded,M_SDFSWRITE_RENAME_68E1123E,705,677,-28
optimized-guarded,M_FSWRITE_ACCESS_0C7E9E15,315,294,-21
optimized-guarded,M_FSWRITE_VALIDATE_5FCFD495,330,318,-12
optimized-guarded,M_FSWRITE_MARK_8F6D7604,209,195,-14
optimized-guarded,M_FSWRITE_NORMALIZE_5C686BA8,755,719,-36
optimized-guarded,M_FSWRITE_CREATE_47C6C0B3,610,570,-40
optimized-guarded,M_FSWRITE_OPEN_799F737F,909,877,-32
optimized-guarded,M_FSWRITE_WRITESTEP_AD20D8EE,1321,1237,-84
optimized-guarded,M_FSWRITE_BEGIN_06B2C6FE,1363,1262,-101
optimized-guarded,M_FSWRITE_FINALIZE_1B960C91,545,477,-68
optimized-guarded,M_FSWRITE_DELETE_68B67BAA,1298,1262,-36
optimized-guarded,M_FSWRITE_RENAME_4C9B6B85,386,374,-12
optimized-guarded,M_FSRELATIVE_VALIDATE_0372B7FC,253,249,-4
optimized-guarded,M_FSRELATIVE_SEED_FD9BA1BB,712,664,-48
optimized-guarded,M_FSRELATIVE_TRIM_C4B2DBD8,300,262,-38
optimized-guarded,M_FSRELATIVE_ROOT_94E4441A,340,332,-8
optimized-guarded,M_FSRELATIVE_BEGIN_CB9D8F8D,2138,1965,-173
optimized-guarded,M_FSRELATIVE_PARENTDONE_9C191F46,592,572,-20
optimized-guarded,M_FSRELATIVE_PARENTBEGIN_7E4CAA55,461,429,-32
optimized-guarded,M_FSRELATIVE_PARENTRESULT_7CE6B959,1078,1002,-76
optimized-guarded,M_FSNAMESPACE_DONE_F475AF73,329,305,-24
optimized-guarded,M_FSNAMESPACE_RESOLVED_0E070C27,2112,2016,-96
optimized-guarded,M_FSINFO_ENUMERATIONSTATE_A9C412AA,64,64,0
optimized-guarded,M_FSINFO_CLEAR_E168B3AB,90,90,0
optimized-guarded,M_FSINFO_NAME_B42C963D,765,634,-131
optimized-guarded,M_FSINFO_FILL_CDFFBE8F,450,438,-12
optimized-guarded,M_FSINFO_SAVE_B1E7031F,324,316,-8
optimized-guarded,M_FSDIRECTORY_INITLOCKSTATE_606A2BB5,439,395,-44
optimized-guarded,M_FSDIRECTORY_SELECT_4CD1EDE7,2607,2475,-132
optimized-guarded,M_FSDIRECTORY_END_806A2136,297,289,-8
optimized-guarded,M_FSDIRECTORY_ENTRYSTEP_D4EA4ABB,444,436,-8
optimized-guarded,M_FSDIRECTORY_ENTRYRESULTSTEP_4C458A60,640,624,-16
optimized-guarded,M_FSDIRECTORY_MEASUREENTRY_E6EE6D03,522,490,-32
optimized-guarded,M_FSDIRECTORY_SIZERESULT_7E5452EF,248,240,-8
optimized-guarded,M_FSDIRECTORY_SIZECONTINUESTEP_1EAFA525,357,349,-8
optimized-guarded,M_FSDIRECTORY_PUBLISHSTEP_CC8DC0F6,583,575,-8
optimized-guarded,M_FSHANDLER_OPENRESULTSTEP_0C25E5DB,2929,2824,-105
optimized-guarded,M_FSHANDLER_BEGINRESOLVE_DD06EE7B,123,123,0
optimized-guarded,M_FSHANDLER_OPEN_99490956,695,655,-40
optimized-guarded,M_FSHANDLER_LOCK_913FD727,424,392,-32
optimized-guarded,M_FSHANDLER_RESOLVEREADYSTEP_BDBFDED1,239,223,-16
optimized-guarded,M_FSHANDLER_OPERATIONRESULT_4184CBFA,468,412,-56
optimized-guarded,M_FSHANDLER_FILE_3A9A315C,2440,2232,-208
optimized-guarded,M_FSHANDLER_DISPATCHSTEP_D149BF3A,1990,1858,-132
optimized-guarded,M_FSHANDLER_TAKESTEP_E4E18A11,885,833,-52
optimized-guarded,M_FSHANDLER_COMPONENTSTEP_389CA8B9,231,231,0
optimized-guarded,M_FSHANDLER_RESOLVEFAILURE_E91D28D8,1026,891,-135
optimized-guarded,M_FSHANDLER_RESOLVESTEP_D6E79D38,656,640,-16
optimized-guarded,M_FSHANDLER_FILESTEP_A93D50C2,354,346,-8
optimized-guarded,M_FSABORT_CHECKPOINT_5DD0EDAE,1584,1431,-153
optimized-guarded,M_FSWORKER_DRAINED_7E6EAAA5,432,392,-40
optimized-guarded,M_FSWORKER_WORKER_2BB473B0,2194,2170,-24
optimized-guarded,M_FSWORKER_FINISH_EC2E5E2B,268,268,0
optimized-guarded,M_FSMOUNT_DISPATCH_FD59F08F,315,283,-32
optimized-guarded,M_FSMOUNT_SELECTSTEP_8E807607,721,677,-44
optimized-guarded,M_FSMOUNT_COMMANDSTEP_B1883B1A,450,442,-8
optimized-guarded,M_FSMOUNT_REMOVESTEP_BBB2975B,526,490,-36
optimized-guarded,M_FSMOUNT_DESTROYSTEP_4CF540E7,231,223,-8
optimized-guarded,M_FSMUX_CONTROL_16FCB25F,212,212,0
optimized-guarded,M_FSMUX_TAKE_F08F7501,345,345,0
optimized-guarded,M_FSBOOT_BEGINSERVICE_BC5D2672,448,448,0
optimized-guarded,M_FSBOOT_ENSURE_06ED6F00,624,624,0
optimized-guarded,M_FSBOOT_STOP_AD5246E2,1014,970,-44
optimized-guarded,M_DOSCALLS_ASSIGNINDEX_01EA43CB,416,380,-36
optimized-guarded,M_DOSCALLS_EXPAND_EA5329A2,1591,1551,-40
optimized-guarded,M_DOSCALLS_ARGUMENTS_D4B63738,152,152,0
optimized-guarded,M_DOSCALLS_NAMEARGUMENTS_4FEB00BB,207,207,0
optimized-guarded,M_DOSCALLS_ACQUIRE_C423433E,1210,1210,0
optimized-guarded,M_DOSCALLS_CONFIGURED_B6EDEF76,366,366,0
optimized-guarded,M_DOSCALLS_DESTINATION_E6EBC832,793,793,0
optimized-guarded,M_DOSCALLS_PIPE_54310E12,4,4,0
optimized-guarded,M_DOSCALLS_OPEN_390423B6,1226,1226,0
optimized-guarded,M_DOSCALLS_LOCK_DE185F87,727,727,0
optimized-guarded,M_DOSCALLS_BADOBJECT_51D88018,93,93,0
optimized-guarded,M_DOSCALLS_OBJECT_E89E37D3,317,317,0
optimized-guarded,M_DOSCALLS_FILE_E8D1DABC,491,491,0
optimized-guarded,M_DOSCALLS_READ_BEE8BE36,1310,1310,0
optimized-guarded,M_DOSCALLS_WRITE_8E98A1A7,1508,1508,0
optimized-guarded,M_DOSCALLS_SEEK_17FC33E6,852,852,0
optimized-guarded,M_DOSCALLS_CLOSE_97169B3A,1035,1035,0
optimized-guarded,M_DOSCALLS_UNLOCK_2871018C,635,635,0
optimized-guarded,M_DOSCALLS_INFORMATION_13F25DEC,620,620,0
optimized-guarded,M_DOSCALLS_SELECTED_604EA3D9,216,216,0
optimized-guarded,M_DOSCALLS_SELECTIONREADY_28C831A1,206,206,0
optimized-guarded,M_DOSCALLS_LIVESELECTION_2BE04852,449,449,0
optimized-guarded,M_DOSCALLS_SELECT_1EDDE386,434,434,0
optimized-guarded,M_DOSCALLS_DIRECTORY_C8028D6B,456,452,-4
optimized-guarded,M_DOSCALLS_CURRENTDIR_1AA7335E,586,582,-4
optimized-guarded,M_DOSCALLS_NAMEFROMLOCK_92457C4A,894,894,0
optimized-guarded,M_DOSCALLS_ISINTERACTIVE_18CACEEA,350,350,0
optimized-guarded,M_DOSCALLS_OPENCONSOLE_77C02991,413,413,0
optimized-guarded,M_DOSCALLS_SETCONSOLEHISTORY_3DCB4BFF,490,490,0
optimized-guarded,M_DOSCALLS_CONSOLEINFO_6FF559CD,788,788,0
optimized-guarded,M_DOSCALLS_BEGINFOREGROUND_8F2474EA,4,4,0
optimized-guarded,M_DOSCALLS_ENDFOREGROUND_13E30672,4,4,0
optimized-guarded,M_DOSCALLS_BREAKPENDING_369675D8,4,4,0
optimized-guarded,M_DOSCALLS_CLEARBREAK_3FA5821C,4,4,0
optimized-guarded,M_DOSCALLS_FLUSH_D2ADBAEC,761,761,0
optimized-guarded,M_DOSCALLS_CREATEDIR_E8A266C7,625,625,0
optimized-guarded,M_DOSCALLS_PATHMOUNT_48952362,504,504,0
optimized-guarded,M_DOSCALLS_NAMESPACE_643E89B3,2233,2233,0
optimized-guarded,M_DOSCALLS_DELETEFILE_59D38A29,98,98,0
optimized-guarded,M_DOSCALLS_RENAME_EEAD93B4,104,104,0
optimized-guarded,M_DOSCALLS_ASSIGNPATH_80851264,2781,2714,-67
optimized-guarded,M_DOSCALLS_GETASSIGN_704BF595,675,675,0
optimized-guarded,M_CSTRING_IMPL_STRLEN_EB4E5981,138,138,0
optimized-guarded,M_CSTRING_IMPL_STRNLEN_AC461397,212,212,0
optimized-guarded,M_CSTRING_IMPL_STRCMP_87478B58,222,222,0
optimized-guarded,M_CSTRING_IMPL_STRNCMP_6395B42E,290,290,0
optimized-guarded,M_CSTRING_IMPL_STRCHR_2037DF45,156,156,0
optimized-guarded,M_CSTRING_IMPL_STRLCPY_C7039D62,595,595,0
optimized-guarded,M_CSTRING_IMPL_STRLCAT_C4908C8C,802,802,0
optimized-guarded,M_CSTRING_IMPL_U32TOA_D9A955C5,869,869,0
optimized-guarded,M_DOSUTILITY_WRITEALL_BCEF29C3,785,785,0
optimized-guarded,M_DOSUTILITY_READERINIT_DF037B30,112,112,0
optimized-guarded,M_DOSUTILITY_READBYTE_60ED3FBB,985,965,-20
optimized-guarded,M_DOSUTILITY_READLINE_B96FCD33,457,457,0
optimized-guarded,M_DOSFAULT_MESSAGE_9D326B2A,1960,1960,0
optimized-guarded,M_DOSFAULT_FORMAT_76BA9D40,1731,1719,-12
optimized-guarded,M_DOSFAULT_FAULT_7DB91D83,251,251,0
optimized-guarded,M_DOSFAULT_PRINTFAULT_CDC48706,528,528,0
optimized-guarded,M_DOS_ASSIGNPATH_070E31B9,4,4,0
optimized-guarded,M_DOS_GETASSIGN_06EFA68A,4,4,0
optimized-guarded,M_DOS_SETCONSOLEHISTORY_1C523BD8,4,4,0
optimized-guarded,M_DOS_FLUSH_47C61517,4,4,0
optimized-guarded,M_DOS_CREATEDIR_239F3D94,4,4,0
optimized-guarded,M_DOS_DELETEFILE_4D32A614,4,4,0
optimized-guarded,M_DOS_RENAME_F915C271,4,4,0
optimized-guarded,M_DOS_OPEN_87DAE823,4,4,0
optimized-guarded,M_DOS_READ_BCD2228F,4,4,0
optimized-guarded,M_DOS_WRITE_BE4FDE64,4,4,0
optimized-guarded,M_DOS_SEEK_DE9F46FB,4,4,0
optimized-guarded,M_DOS_CLOSE_4C224801,4,4,0
optimized-guarded,M_DOS_SETIOERR_7AEF42E2,4,4,0
optimized-guarded,M_DOS_IOERR_E649FF90,4,4,0
optimized-guarded,M_DOS_RELEASECONTEXT_9DB9F883,4,4,0
optimized-guarded,M_DOS_LOCK_4DEC517E,4,4,0
optimized-guarded,M_DOS_UNLOCK_74209499,4,4,0
optimized-guarded,M_DOS_EXAMINE_1F15C1B0,104,104,0
optimized-guarded,M_DOS_EXNEXT_623C7B53,104,104,0
optimized-guarded,M_DOS_INPUT_41B1DDE9,98,98,0
optimized-guarded,M_DOS_OUTPUT_DF7018DC,98,98,0
optimized-guarded,M_DOS_SELECTINPUT_FF0F4771,107,107,0
optimized-guarded,M_DOS_SELECTOUTPUT_3A928904,107,107,0
optimized-guarded,M_DOS_ISINTERACTIVE_FD05AE49,4,4,0
optimized-guarded,M_DOS_CURRENTDIR_764577CB,4,4,0
optimized-guarded,M_DOS_NAMEFROMLOCK_8794AD67,4,4,0
optimized-guarded,M_DOS_BEGINFOREGROUND_987C8D99,4,4,0
optimized-guarded,M_DOS_ENDFOREGROUND_8BF477E5,4,4,0
optimized-guarded,M_DOS_BREAKPENDING_07C42681,4,4,0
optimized-guarded,M_DOS_CLEARBREAK_6F85C46D,4,4,0
optimized-guarded,M_DOS_PIPE_1D28B7D3,4,4,0
optimized-guarded,M_DOS_OPENCONSOLE_2100231A,4,4,0
optimized-guarded,M_DOS_CONSOLEINFO_BA8927CE,4,4,0
optimized-guarded,M_DOS_FAULT_8C83808D,4,4,0
optimized-guarded,M_DOS_PRINTFAULT_C841DC04,4,4,0
optimized-guarded,M_TASKINSPECT_SNAPSHOT_72A67CF0,1105,1075,-30
optimized-guarded,M_DEVICEINSPECT_SNAPSHOT_EBB6295F,656,656,0
optimized-guarded,M_FSINSPECT_CACHESTATUS_E621CC2A,561,557,-4
optimized-guarded,M_FSINSPECT_SNAPSHOT_873CF8A6,1447,1379,-68
optimized-guarded,M_FSINSPECT_SYSTEMWRITABLE_448881D5,364,360,-4
optimized-guarded,M_O65MEMORY_RESERVE_67ABB944,133,133,0
optimized-guarded,M_O65MEMORY_ALLOCATE_1084F809,95,95,0
optimized-guarded,M_O65MEMORY_STORAGE_289ABF3F,95,95,0
optimized-guarded,M_O65READ_FAIL_6B141CC7,73,67,-6
optimized-guarded,M_O65READ_TAKE_D99B2660,300,296,-4
optimized-guarded,M_O65READ_U8_A5F42EC2,223,219,-4
optimized-guarded,M_O65READ_U16_9E5A6B5F,178,178,0
optimized-guarded,M_O65READ_U32_BA2CF799,184,184,0
optimized-guarded,M_O65READ_COUNT_2EF12376,390,390,0
optimized-guarded,M_O65READ_EQUAL_AD4D340B,242,242,0
optimized-guarded,M_O65READ_LITERAL_8D1D12D6,165,165,0
optimized-guarded,M_O65READ_NAMEBYTE_937CC326,181,181,0
optimized-guarded,M_O65READ_NAME_0A34D852,598,582,-16
optimized-guarded,M_O65READ_STRING_E289F21C,672,664,-8
optimized-guarded,M_O65READ_SECTIONSIZE_0E90CADD,167,167,0
optimized-guarded,M_O65READ_EXTENT_816E81E1,137,137,0
optimized-guarded,M_O65WIRE_HEADER_58EA710F,2918,2906,-12
optimized-guarded,M_O65WIRE_EXPORTS_13C8B799,1088,1084,-4
optimized-guarded,M_O65PROFILE_IMPORTS_FC0170BC,1076,1072,-4
optimized-guarded,M_PROGRAMIMAGE_FREE_CFEA1DF0,511,511,0
optimized-guarded,M_PROGRAMIMAGE_ATTACH_B33B47DB,311,311,0
optimized-guarded,M_PROGRAMIMAGE_DROPOWNER_EE15CDE2,428,428,0
optimized-guarded,M_PROGRAMIMAGE_DETACH_807AC96B,417,417,0
optimized-guarded,M_O65RELOCATIONS_BASE_44BA7C79,229,229,0
optimized-guarded,M_O65RELOCATIONS_WALK_0850572F,3584,3556,-28
optimized-guarded,M_O65RELOCATIONS_READ_4B7C0B1C,89,89,0
optimized-guarded,M_O65RELOCATIONS_PATCHES_74DD4940,149,143,-6
optimized-guarded,M_O65_RELEASE_DA7FFCCE,323,319,-4
optimized-guarded,M_O65_DESCRIPTOR_41119D04,908,900,-8
optimized-guarded,M_O65_VALIDATE_31EC2383,895,879,-16
optimized-guarded,M_DOSINHERIT_CLONEFILE_B3A0D025,761,761,0
optimized-guarded,M_DOSINHERIT_CLONELOCK_889C592A,920,915,-5
optimized-guarded,M_DOSINHERIT_STREAM_24BB16AC,962,962,0
optimized-guarded,M_DOSINHERIT_CLONE_1DB40F0B,750,750,0
optimized-guarded,M_DOSINHERIT_DISCARD_44133C6A,1207,1171,-36
optimized-guarded,M_DOSINHERIT_FINALIZEDETACHED_E855A6F0,946,946,0
optimized-guarded,M_DOSINHERIT_ADOPT_35538564,201,201,0
optimized-guarded,M_DOSGROUP_BEGIN_073142E7,688,688,0
optimized-guarded,M_DOSGROUP_VALID_7D621B56,195,195,0
optimized-guarded,M_DOSGROUP_SEAL_B243143B,388,388,0
optimized-guarded,M_DOSGROUP_READY_271F659D,194,194,0
optimized-guarded,M_DOSGROUP_CANCEL_B8897A90,229,229,0
optimized-guarded,M_DOSGROUP_JOIN_A4542070,717,717,0
optimized-guarded,M_DOSGROUP_LEAVE_AF8BE2F5,552,552,0
optimized-guarded,M_DOSGROUP_END_0E9A4197,734,734,0
optimized-guarded,M_DOSPROCESS_DISCARD_B47D4E40,720,720,0
optimized-guarded,M_DOSPROCESS_SNAPSHOT_8415B6DE,1153,1153,0
optimized-guarded,M_DOSPROCESS_PREPARE_AF74B007,1057,1057,0
optimized-guarded,M_DOSPROCESS_PREPAREGROUP_5B2830CC,904,896,-8
optimized-guarded,M_DOSPROCESS_ENTERFOREGROUND_ADB53B83,612,612,0
optimized-guarded,M_DOSPROCESS_ADOPT_5B5DBE18,1110,1110,0
optimized-guarded,M_DOSPROCESS_RESTOREFOREGROUND_D0EE9507,469,469,0
optimized-guarded,M_DOSPROCESS_CLEANUP_CE292B9A,1375,1367,-8
optimized-guarded,M_DOSPROCESS_RELEASEPARENT_43E07877,587,583,-4
optimized-guarded,M_PROCESS_CONTROL_D28A63F1,121,121,0
optimized-guarded,M_PROCESS_CURRENT_07EFB7F5,89,89,0
optimized-guarded,M_PROCESS_GETARGSTR_37000207,147,147,0
optimized-guarded,M_PROCESS_EXECUTEIMAGE_8428E44E,460,460,0
optimized-guarded,M_PROCESS_RUN_4C2ABD87,767,767,0
optimized-guarded,M_PROCESS_FINISH_AE17E2ED,571,571,0
optimized-guarded,M_PROCESS_RELEASESTORAGE_F7C3DB6E,716,710,-6
optimized-guarded,M_PROCESS_STARTINTERNAL_08C34541,1886,1858,-28
optimized-guarded,M_PROCESS_START_10858ECA,111,111,0
optimized-guarded,M_PROCESS_STARTFOREGROUND_F931F4E9,111,111,0
optimized-guarded,M_PROCESS_STARTLOADED_CDAA1C3D,198,198,0
optimized-guarded,M_PROCESS_PREPARELOADED_143E0750,201,201,0
optimized-guarded,M_PROCESS_STARTPREPARED_C79EF329,421,421,0
optimized-guarded,M_PROCESS_DISCARDPREPARED_9F7D5787,364,364,0
optimized-guarded,M_PROCESS_COLLECT_3A4F29C8,522,522,0
optimized-guarded,M_PROCESS_WAIT_BEBC9E91,405,405,0
optimized-guarded,M_DOSARGS_CLEAR_67E19159,165,163,-2
optimized-guarded,M_DOSARGS_BOUNDEDLENGTH_E004A013,91,89,-2
optimized-guarded,M_DOSARGS_UPPER_7F315E6C,86,86,0
optimized-guarded,M_DOSARGS_LETTER_897462C0,148,148,0
optimized-guarded,M_DOSARGS_SAME_51AE7922,255,255,0
optimized-guarded,M_DOSARGS_DESCRIBE_D600A84B,1454,1454,0
optimized-guarded,M_DOSARGS_WORD_271132B0,666,641,-25
optimized-guarded,M_DOSARGS_NUMERIC_B3350961,619,584,-35
optimized-guarded,M_DOSARGS_DECODE_CCDE93B6,3211,3211,0
optimized-guarded,M_DOSARGS_PARSE_ACA8C265,542,542,0
optimized-guarded,M_DOSCOMMAND_HELP_D3856E13,296,294,-2
optimized-guarded,M_DOSCOMMAND_SHOWTEMPLATE_03EA47A3,1066,1066,0
optimized-guarded,M_DOSCOMMAND_READARGSORHELP_AC23446B,859,859,0
optimized-guarded,M_PROGRAMAPI_ASSIGNPATH_70177325,4,4,0
optimized-guarded,M_PROGRAMAPI_GETASSIGN_8DA1FFAE,4,4,0
optimized-guarded,M_PROGRAMAPI_OPEN_8638DB5F,4,4,0
optimized-guarded,M_PROGRAMAPI_READ_3155DB03,4,4,0
optimized-guarded,M_PROGRAMAPI_WRITE_84FB7088,4,4,0
optimized-guarded,M_PROGRAMAPI_SEEK_31854D3F,4,4,0
optimized-guarded,M_PROGRAMAPI_CLOSE_24FF6A65,4,4,0
optimized-guarded,M_PROGRAMAPI_FLUSH_DB8CCFBB,4,4,0
optimized-guarded,M_PROGRAMAPI_CREATEDIR_28E82C70,4,4,0
optimized-guarded,M_PROGRAMAPI_DELETEFILE_1B5DE7B0,4,4,0
optimized-guarded,M_PROGRAMAPI_RENAME_C087BEE5,4,4,0
optimized-guarded,M_PROGRAMAPI_INPUT_CF30B53D,80,80,0
optimized-guarded,M_PROGRAMAPI_OUTPUT_24288338,80,80,0
optimized-guarded,M_PROGRAMAPI_IOERR_5170B12C,4,4,0
optimized-guarded,M_PROGRAMAPI_GETARGSTR_01F4859C,4,4,0
optimized-guarded,M_PROGRAMAPI_READARGS_BFA789E0,281,281,0
optimized-guarded,M_PROGRAMAPI_SETIOERR_D3F44706,4,4,0
optimized-guarded,M_PROGRAMAPI_BREAKPENDING_F12A3675,4,4,0
optimized-guarded,M_PROGRAMAPI_YIELD_8B32D3B0,42,42,0
optimized-guarded,M_PROGRAMAPI_WRITEALL_2F9D9EC1,4,4,0
optimized-guarded,M_PROGRAMAPI_READERINIT_0B3A5F6A,4,4,0
optimized-guarded,M_PROGRAMAPI_READBYTE_268CDC31,4,4,0
optimized-guarded,M_PROGRAMAPI_READLINE_D25FAB11,4,4,0
optimized-guarded,M_PROGRAMAPI_LOCK_D0030F12,4,4,0
optimized-guarded,M_PROGRAMAPI_UNLOCK_3CF9C02D,4,4,0
optimized-guarded,M_PROGRAMAPI_EXAMINE_6478E83C,104,104,0
optimized-guarded,M_PROGRAMAPI_EXNEXT_3BA57C27,104,104,0
optimized-guarded,M_PROGRAMAPI_ISINTERACTIVE_056AF905,4,4,0
optimized-guarded,M_PROGRAMAPI_OPENCONSOLE_E4ECC506,4,4,0
optimized-guarded,M_PROGRAMAPI_CONSOLEINFO_2608391A,4,4,0
optimized-guarded,M_PROGRAMAPI_FAULT_DA8736E9,4,4,0
optimized-guarded,M_PROGRAMAPI_PRINTFAULT_2BBE94D8,4,4,0
optimized-guarded,M_PROGRAMAPI_READARGSORHELP_0AAF8D06,189,189,0
optimized-guarded,M_PROGRAMPROVIDERS_RESOLVE_0AD38ACF,2412,2408,-4
optimized-guarded,M_PROGRAMPLACE_ALLOCATE_8CF1E5BF,1253,1253,0
optimized-guarded,M_PROGRAMPLACE_PATCHES_2338CDC0,96,96,0
optimized-guarded,M_PROGRAMPLACE_COPY_75B5AA8B,228,228,0
optimized-guarded,M_PROGRAM_LOAD_3AF1DE19,1478,1474,-4
optimized-guarded,M_PROGRAM_UNLOAD_C8BC2432,4,4,0
optimized-guarded,M_PROGRAMFILE_LOAD_6B2BC763,2287,2263,-24
optimized-guarded,M_PIPELINE_RUN_E96AA47C,4314,4314,0
optimized-guarded,M_DEMO_SHELLLINE_05385AFA,80,80,0
optimized-guarded,M_DEMO_SHELLDRAWBUFFER_40A1F650,80,80,0
optimized-guarded,M_DEMO_SHELLSCRATCH_4CC9A4C2,80,80,0
optimized-guarded,M_DEMO_SHELLTRANSFER_5E61BE6D,80,80,0
optimized-guarded,M_DEMO_SHELLFAIL_8B3FAF62,246,202,-44
optimized-guarded,M_DEMO_SHELLLENGTH_41312048,107,107,0
optimized-guarded,M_DEMO_SHELLEQUAL_87D888CC,259,259,0
optimized-guarded,M_DEMO_SHELLPOLL_FD68673B,162,162,0
optimized-guarded,M_DEMO_SHELLSCOPE_835D7600,255,247,-8
optimized-guarded,M_DEMO_SHELLRETIREBREAK_55533B4C,520,512,-8
optimized-guarded,M_DEMO_SHELLWRITE_F024753B,733,689,-44
optimized-guarded,M_DEMO_SHELLBYTE_63E82DA4,216,216,0
optimized-guarded,M_DEMO_SHELLTEXT_3AA6BB8B,513,501,-12
optimized-guarded,M_DEMO_SHELLNUMBER_CB70AEA1,533,533,0
optimized-guarded,M_DEMO_SHELLDIAGNOSTIC_90251983,1641,1457,-184
optimized-guarded,M_DEMO_SHELLHISTORY_253D1EFE,522,490,-32
optimized-guarded,M_DEMO_SHELLPROMPT_49927678,318,298,-20
optimized-guarded,M_DEMO_SHELLCLEAR_C99F4545,143,135,-8
optimized-guarded,M_DEMO_SHELLCLASSIFY_4EDF64CA,1143,1143,0
optimized-guarded,M_DEMO_SHELLPIPEBOUNDARY_12E051D2,504,404,-100
optimized-guarded,M_DEMO_SHELLARGUMENT_06FF7069,725,623,-102
optimized-guarded,M_DEMO_SHELLPARSE_A0346EB9,4164,3555,-609
optimized-guarded,M_DEMO_SHELLALIASNAME_AB73FBF9,313,313,0
optimized-guarded,M_DEMO_SHELLALIASTEXT_A6FBD7BD,236,236,0
optimized-guarded,M_DEMO_SHELLALIASINDEX_3346373C,328,316,-12
optimized-guarded,M_DEMO_SHELLALIASSHOW_53099C95,446,446,0
optimized-guarded,M_DEMO_SHELLALIASCOMMAND_96FDFCD5,1756,1676,-80
optimized-guarded,M_DEMO_SHELLUNALIASCOMMAND_0E212A24,379,347,-32
optimized-guarded,M_DEMO_SHELLALIASREPLACE_D1C41638,1527,1463,-64
optimized-guarded,M_DEMO_SHELLALIASEXPAND_1DD100F8,198,184,-14
optimized-guarded,M_DEMO_SHELLCHANGE_9A7AB49E,1223,1175,-48
optimized-guarded,M_DEMO_SHELLRELEASELOCK_B96B0C1C,603,579,-24
optimized-guarded,M_DEMO_SHELLDIR_42E4EEF3,1870,1818,-52
optimized-guarded,M_DEMO_SHELLCONVERT_E2CF79D9,333,333,0
optimized-guarded,M_DEMO_SHELLCLOSECOMMANDINPUT_4078E4EF,226,201,-25
optimized-guarded,M_DEMO_SHELLTYPE_1AFF6CB6,1551,1503,-48
optimized-guarded,M_DEMO_SHELLMEM_AF895CA1,1643,1643,0
optimized-guarded,M_DEMO_SHELLTASKSTATE_696E6DB8,234,234,0
optimized-guarded,M_DEMO_SHELLTASKS_EC8AA98C,1542,1522,-20
optimized-guarded,M_DEMO_SHELLDEVICES_F77A45DF,889,881,-8
optimized-guarded,M_DEMO_SHELLMOUNTS_AF3EE75C,1758,1750,-8
optimized-guarded,M_DEMO_SHELLCLOSETEMPORARY_12B1A0C5,503,479,-24
optimized-guarded,M_DEMO_SHELLUNREDIRECT_A96C796F,1388,1218,-170
optimized-guarded,M_DEMO_SHELLREDIRECT_189A437C,1841,1713,-128
optimized-guarded,M_DEMO_SHELLPATHENTRY_DB7471EF,127,127,0
optimized-guarded,M_DEMO_SHELLPATHRESET_72A30C98,198,186,-12
optimized-guarded,M_DEMO_SHELLPATHEQUAL_1BAC498B,237,237,0
optimized-guarded,M_DEMO_SHELLPATHASSIGNED_B6DA4F91,541,519,-22
optimized-guarded,M_DEMO_SHELLPATHUPDATE_51351508,2274,2214,-60
optimized-guarded,M_DEMO_SHELLPATH_505E8FAB,1348,1264,-84
optimized-guarded,M_DEMO_SHELLPATHMISS_F697D8DD,104,104,0
optimized-guarded,M_DEMO_SHELLLOADCOMMAND_919DB943,1558,1546,-12
optimized-guarded,M_DEMO_SHELLEXTERNAL_6FFCDB1B,968,936,-32
optimized-guarded,M_DEMO_SHELLPIPELINE_3089A788,1579,1479,-100
optimized-guarded,M_DEMO_SHELLDISPATCH_61C1EC5C,3089,2996,-93
optimized-guarded,M_DEMO_SHELLCOMMAND_F85F9F19,1113,1032,-81
optimized-guarded,M_DEMO_SHELLREADSTEP_67245C10,2063,1851,-212
optimized-guarded,M_DEMO_SHELLOPEN_309B1844,1240,1184,-56
optimized-guarded,M_DEMO_SHELLINITIALPROMPT_533D0DC4,220,204,-16
optimized-guarded,M_DEMO_SHELLSTART_EB23C688,264,252,-12
optimized-guarded,M_DEMO_SHELLFINISH_96C56219,2634,2510,-124
optimized-guarded,M_DEMO_SHELLCACHESTATUS_0F6F58DA,329,313,-16
optimized-guarded,M_DEMO_SHELLBOOTSIO_CB000C63,768,768,0
optimized-guarded,M_DEMO_SHELLBOOTSTART_83789768,3523,3291,-232
optimized-guarded,M_DEMO_DEMONAME_3669E60C,413,413,0
optimized-guarded,M_DEMO_DEMOTEXT_C012A5A2,179,171,-8
optimized-guarded,M_DEMO_DEMONUMBER_B404F7D0,446,438,-8
optimized-guarded,M_DEMO_DEMOPRIME_7F18EBC0,428,428,0
optimized-guarded,M_DEMO_DEMOCOMPUTE_108F568E,1571,1535,-36
optimized-guarded,M_DEMO_DEMOSTART_FC398735,2016,2016,0
optimized-guarded,M_DEMO_DEMOFINISH_E4DD1D06,1084,1084,0
optimized-guarded,M_DEMO_MAIN_C5B18743,290,278,-12
optimized-guarded,__a816_mul_u16_v2,36,36,0
optimized-guarded,__a816_div_u16_v2,64,64,0
optimized-guarded,__a816_mod_u16_v2,64,64,0
optimized-guarded,__a816_mul_u24_v2,76,76,0
optimized-guarded,__a816_mul_u32_v2,59,59,0
optimized-guarded,__a816_mod_i32_v2,162,162,0
optimized-guarded,__a816_div_u32_v2,97,97,0
optimized-guarded,__a816_mod_u32_v2,97,97,0
optimized-guarded,__a816_div_i32_v2,162,162,0
raw-guarded,M_EXECMEMORY_VALIDBANK_E9E0A79B,69,69,0
raw-guarded,M_EXECMEMORY_VALIDOWNER_462B929A,95,95,0
raw-guarded,M_EXECMEMORY_ADOPT_494D3B99,691,638,-53
raw-guarded,M_EXECMEMORY_QUERY_D2E34F9F,430,430,0
raw-guarded,M_EXECMEMORY_RESERVEEXACT_88D3D2C8,716,716,0
raw-guarded,M_EXECMEMORY_ACQUIRE_EAA019EB,536,536,0
raw-guarded,M_EXECMEMORY_RELEASE_A6E307FC,816,816,0
raw-guarded,M_EXECMEMORY_INIT_F4EA07E3,4,4,0
raw-guarded,M_EXECLISTS_NEWLIST_B3502541,63,63,0
raw-guarded,M_EXECLISTS_NEWMINLIST_A2695943,4,4,0
raw-guarded,M_EXECLISTS_ISLISTEMPTY_6EEB0796,113,113,0
raw-guarded,M_EXECLISTS_ISMINLISTEMPTY_6D517164,4,4,0
raw-guarded,M_EXECLISTS_ADDHEAD_3AE3E6E4,146,146,0
raw-guarded,M_EXECLISTS_ADDTAIL_A1C0F364,154,154,0
raw-guarded,M_EXECLISTS_INSERT_468B11BA,333,333,0
raw-guarded,M_EXECLISTS_REMOVE_2E26C2C1,163,163,0
raw-guarded,M_EXECLISTS_REMHEAD_F8063CE7,154,154,0
raw-guarded,M_EXECLISTS_REMTAIL_292EAA27,158,158,0
raw-guarded,M_EXECLISTS_ENQUEUE_763E1E61,323,323,0
raw-guarded,M_EXECLISTS_FINDNAME_2659CDBB,312,312,0
raw-guarded,M_TASKMEMORY_WRITABLE_FBC2061D,580,580,0
raw-guarded,M_HEAPCORE_ROUNDED_9D79FA03,154,154,0
raw-guarded,M_HEAPCORE_BOUNDS_2387CB05,730,730,0
raw-guarded,M_HEAPCORE_CHUNKADDRESS_A551D41B,365,365,0
raw-guarded,M_HEAPCORE_NEXTADDRESS_E32592FF,320,320,0
raw-guarded,M_HEAPCORE_CHUNKEND_0E0C27CE,568,568,0
raw-guarded,M_HEAPCORE_VALIDATE_B397AD34,363,363,0
raw-guarded,M_HEAPCORE_LINK_9B47F952,91,91,0
raw-guarded,M_HEAPCORE_WRITECHUNK_D768FC26,78,78,0
raw-guarded,M_HEAPCORE_SPLIT_B6117102,569,569,0
raw-guarded,M_HEAPCORE_CANDIDATE_07CF3557,257,257,0
raw-guarded,M_HEAPCORE_RESERVE_2192E9C0,732,732,0
raw-guarded,M_HEAPCORE_ALLOCATE_E39F1AF5,102,102,0
raw-guarded,M_HEAPCORE_LARGEST_AA9886E8,901,901,0
raw-guarded,M_HEAPCORE_INSERTFREE_129E41BB,622,622,0
raw-guarded,M_HEAPCORE_RETURNRANGE_11C95A83,802,802,0
raw-guarded,M_HEAPCORE_DEALLOCATE_60F97CF2,481,481,0
raw-guarded,M_HEAPPOLICY_GETSTATE_9B9EAF7C,62,62,0
raw-guarded,M_HEAPPOLICY_HEADER_A992FDFC,124,124,0
raw-guarded,M_HEAPPOLICY_SHUTDOWN_9E341637,376,376,0
raw-guarded,M_HEAPPOLICY_RUNS_07A33D25,274,274,0
raw-guarded,M_HEAPPOLICY_REGION_F42DC07D,717,717,0
raw-guarded,M_HEAPPOLICY_START_1455FA91,1174,1174,0
raw-guarded,M_HEAPPOLICY_INIT_69D6AA0D,300,300,0
raw-guarded,M_HEAPPOLICY_FLAGSVALID_4BF22F96,431,431,0
raw-guarded,M_HEAPPOLICY_DESCRIPTOR_8971C45E,443,443,0
raw-guarded,M_HEAPPOLICY_VALIDATEREGIONS_C3A52ACE,798,798,0
raw-guarded,M_HEAPPOLICY_MATCHES_ACC95206,173,173,0
raw-guarded,M_HEAPPOLICY_RESERVE_42F2499D,714,714,0
raw-guarded,M_HEAPPOLICY_LOCATE_7B91FF59,445,445,0
raw-guarded,M_HEAPPOLICY_FREE_3EA2E1EF,658,658,0
raw-guarded,M_HEAPPOLICY_AVAIL_22774B2C,904,904,0
raw-guarded,M_HEAPPOLICY_MEMORYTYPE_D394B206,138,134,-4
raw-guarded,M_HEAPPOLICY_VECTORBYTES_E6541B8F,202,202,0
raw-guarded,M_HEAPPOLICY_RESERVEVECTOR_C09ED6F4,214,214,0
raw-guarded,M_HEAPPOLICY_FREEVECTOR_698EC5DE,933,933,0
raw-guarded,M_PROCESSSTATE_REGISTRY_559AFD20,62,62,0
raw-guarded,M_BOOTCONFIG_CACHEBLOCKS_B221B0CF,75,71,-4
raw-guarded,M_BOOTCONFIG_STATUS_B93FBCBB,105,101,-4
raw-guarded,M_BOOTCONFIG_SYSTEMDRIVE_62E82846,105,101,-4
raw-guarded,M_BOOTCONFIG_VALIDBLOCKS_EA50F717,203,203,0
raw-guarded,M_BOOTCONFIG_INIT_610CE665,621,617,-4
raw-guarded,M_TASKPOLICY_RECORDFOR_833E2B66,122,122,0
raw-guarded,M_TASKPOLICY_SAVEDWORD_D1C8E663,82,78,-4
raw-guarded,M_TASKPOLICY_RESULT_DA2077E3,73,73,0
raw-guarded,M_TASKPOLICY_POINTERRESULT_E8D88610,174,174,0
raw-guarded,M_TASKPOLICY_ARGUMENTPOINTER_A19325C6,247,247,0
raw-guarded,M_TASKPOLICY_FLAGS_56B3B4FF,82,78,-4
raw-guarded,M_TASKPOLICY_PROTECTED_FCDCE808,189,189,0
raw-guarded,M_TASKPOLICY_LOOKUP_41F6D1E4,464,464,0
raw-guarded,M_TASKPOLICY_WRITABLE_0565D862,4,4,0
raw-guarded,M_TASKPOLICY_AVAILABLERECORD_80983EA0,759,759,0
raw-guarded,M_TASKPOLICY_EMPTYMEMORY_C893BDB0,251,251,0
raw-guarded,M_TASKPOLICY_VALIDENTRY_58BA8A58,243,243,0
raw-guarded,M_TASKPOLICY_STACKSLOT_2A322EEA,790,754,-36
raw-guarded,M_TASKPOLICY_PREPARESTACK_1A1C583B,401,357,-44
raw-guarded,M_TASKPOLICY_PREPAREDOMAIN_45DA3401,434,392,-42
raw-guarded,M_TASKPOLICY_PREPAREFRAME_D5FF2FA0,413,407,-6
raw-guarded,M_TASKPOLICY_SETSTATE_52D88FAF,114,114,0
raw-guarded,M_TASKPOLICY_READY_679992F5,230,230,0
raw-guarded,M_TASKPOLICY_INITSIGNALS_5C831CB9,291,291,0
raw-guarded,M_TASKPOLICY_ADMIT_CF1671AB,618,606,-12
raw-guarded,M_TASKPOLICY_INITRESIDENTSTORAGE_FCEF7175,306,306,0
raw-guarded,M_TASKPOLICY_INIT_57A5FAC8,1809,1743,-66
raw-guarded,M_TASKPOLICY_TIMEDCOUNT_C3B59E74,71,67,-4
raw-guarded,M_TASKPOLICY_ADJUSTTIMED_DDC1BE1E,120,112,-8
raw-guarded,M_TASKPOLICY_WAKE_9E9C7518,351,351,0
raw-guarded,M_TASKPOLICY_SELECT_1A709B3E,529,525,-4
raw-guarded,M_TASKPOLICY_SWITCH_98522C9E,371,371,0
raw-guarded,M_TASKPOLICY_EMPTYSIGNALS_EA2224E4,383,383,0
raw-guarded,M_TASKPOLICY_ADD_A5E7C92B,1334,1334,0
raw-guarded,M_TASKPOLICY_CREATE_EE96600A,2011,1943,-68
raw-guarded,M_TASKPOLICY_REMOVETASK_35F29A21,1305,1301,-4
raw-guarded,M_TASKPOLICY_SAMENAME_968CD62D,271,246,-25
raw-guarded,M_TASKPOLICY_FIND_0D9A09D7,426,426,0
raw-guarded,M_TASKPOLICY_PRIORITY_7FE7EE8A,389,385,-4
raw-guarded,M_TASKPOLICY_SLEEPTASK_6A909BCC,691,691,0
raw-guarded,M_TASKPOLICY_MASKRESULT_220A6FAB,254,254,0
raw-guarded,M_TASKPOLICY_SIGNALBIT_7E52F9EF,155,155,0
raw-guarded,M_TASKPOLICY_ALLOCATEBIT_A349E154,563,563,0
raw-guarded,M_TASKPOLICY_MASKS_49833CE1,894,890,-4
raw-guarded,M_TASKPOLICY_COMPLETEWAIT_31FB45E4,242,242,0
raw-guarded,M_TASKPOLICY_WAITTASK_AD94C4A2,429,429,0
raw-guarded,M_TASKPOLICY_POSTSIGNAL_10773240,267,267,0
raw-guarded,M_TASKPOLICY_SIGNALTASK_806F80F5,441,441,0
raw-guarded,M_TASKPOLICY_CANCELWAKE_8ADC984A,100,100,0
raw-guarded,M_TASKPOLICY_DRAINONE_68E56764,353,353,0
raw-guarded,M_TASKPOLICY_DRAINWAKES_15F017CB,246,246,0
raw-guarded,M_TASKPOLICY_PRODUCERBINDING_1B8E711F,248,248,0
raw-guarded,M_TASKPOLICY_BOUNDPRODUCER_6D7B4E54,360,360,0
raw-guarded,M_TASKPOLICY_PRODUCERSIGNALBOUND_5677CF48,278,278,0
raw-guarded,M_TASKPOLICY_PRODUCERCONTROL_52F9499B,2516,2497,-19
raw-guarded,M_TASKPOLICY_MEMORYSERVICE_7FAD083C,120,120,0
raw-guarded,M_TASKPOLICY_MEMORYPACKET_B36B55BB,317,317,0
raw-guarded,M_TASKPOLICY_MEMORYCALL_E7816C43,1120,1120,0
raw-guarded,M_TASKPOLICY_PORTSERVICE_8D598BCC,84,84,0
raw-guarded,M_TASKPOLICY_INITPORTS_2CB7E92A,131,131,0
raw-guarded,M_TASKPOLICY_PORTSTORAGE_D3468DA2,150,150,0
raw-guarded,M_TASKPOLICY_VALIDPORT_7710F985,180,180,0
raw-guarded,M_TASKPOLICY_VALIDMESSAGE_C0DE7739,218,218,0
raw-guarded,M_TASKPOLICY_SENDMESSAGE_7332557D,580,574,-6
raw-guarded,M_TASKPOLICY_PORTHEAD_A12A0751,476,472,-4
raw-guarded,M_TASKPOLICY_PORTDELETE_CF47DFE6,549,535,-14
raw-guarded,M_TASKPOLICY_REGISTRYCALL_6B5FFB7F,650,650,0
raw-guarded,M_TASKPOLICY_QUEUECALL_62B0545B,484,484,0
raw-guarded,M_TASKPOLICY_PORTCALL_70989793,742,742,0
raw-guarded,M_TASKPOLICY_IOSERVICE_1E6CF653,84,84,0
raw-guarded,M_TASKPOLICY_INITIONAMES_D8642B1E,346,346,0
raw-guarded,M_TASKPOLICY_INITIO_35D5D1E4,556,556,0
raw-guarded,M_TASKPOLICY_IOEXTENT_9818C08A,251,247,-4
raw-guarded,M_TASKPOLICY_IOERROR_9413450C,140,140,0
raw-guarded,M_TASKPOLICY_IONAME_8B922013,109,109,0
raw-guarded,M_TASKPOLICY_IOBOUND_33A4879E,277,277,0
raw-guarded,M_TASKPOLICY_IOOPEN_15F8E966,848,848,0
raw-guarded,M_TASKPOLICY_IOOPENTEST_C4ABA6E6,602,594,-8
raw-guarded,M_TASKPOLICY_IOCOMPLETE_88BA0BF3,254,250,-4
raw-guarded,M_TASKPOLICY_IOWAITOWNER_63A51E9E,283,279,-4
raw-guarded,M_TASKPOLICY_IOCOLLECT_D169FE6C,481,465,-16
raw-guarded,M_TASKPOLICY_IOENQUEUE_EC975914,841,837,-4
raw-guarded,M_TASKPOLICY_IOBEGIN_A0C610B5,506,506,0
raw-guarded,M_TASKPOLICY_IOTESTBEGIN_2E780855,560,560,0
raw-guarded,M_TASKPOLICY_IOABORT_1EC95CFC,470,470,0
raw-guarded,M_TASKPOLICY_IOWORKERCONTROL_3D43EE5B,526,518,-8
raw-guarded,M_TASKPOLICY_IOCLAIM_E59988BA,291,291,0
raw-guarded,M_TASKPOLICY_IOTEST_D46D842E,593,589,-4
raw-guarded,M_TASKPOLICY_IOTESTFINISH_35E02F77,410,398,-12
raw-guarded,M_TASKPOLICY_IOCALL_78031962,970,970,0
raw-guarded,M_TASKPOLICY_IOREQUESTCALL_7ACD78BD,1134,1134,0
raw-guarded,M_TASKPOLICY_IOSETTLEDCALL_042AE5B9,625,581,-44
raw-guarded,M_TASKPOLICY_LEASESTORAGE_C3092E33,850,842,-8
raw-guarded,M_TASKPOLICY_APPLICATIONCOUNT_B3468565,245,245,0
raw-guarded,M_TASKPOLICY_NOTIFYRESIDENTS_D29836FE,377,377,0
raw-guarded,M_TASKPOLICY_RETAIN_6B38DA95,471,463,-8
raw-guarded,M_TASKPOLICY_RELEASE_25BFE7A9,495,491,-4
raw-guarded,M_TASKPOLICY_REGISTER_6BEAF001,313,309,-4
raw-guarded,M_TASKPOLICY_LIFETIMECALL_A2B2E727,1051,1051,0
raw-guarded,M_TASKPOLICY_DOSSLOTFOR_362EB215,141,137,-4
raw-guarded,M_TASKPOLICY_DOSRESET_224DFB33,191,191,0
raw-guarded,M_TASKPOLICY_DOSCANREMOVE_DB41E74E,306,306,0
raw-guarded,M_TASKPOLICY_DOSCURRENT_4399DFDB,264,260,-4
raw-guarded,M_TASKPOLICY_DOSINIT_97B41A44,719,719,0
raw-guarded,M_TASKPOLICY_DOSWORKERBOUND_DB9BCF66,191,191,0
raw-guarded,M_TASKPOLICY_DOSREMOVED_D36757B2,126,126,0
raw-guarded,M_TASKPOLICY_DOSPREPARE_61B1CC0D,422,402,-20
raw-guarded,M_TASKPOLICY_DOSADMIT_DEA63DC3,623,623,0
raw-guarded,M_TASKPOLICY_DOSCONTROL_C7F82CE3,536,532,-4
raw-guarded,M_TASKPOLICY_PROCESSFOR_0276CBEE,141,141,0
raw-guarded,M_TASKPOLICY_SLOTFREE_73C36B44,310,310,0
raw-guarded,M_TASKPOLICY_PROCESSCLEAR_BCDB987A,111,111,0
raw-guarded,M_TASKPOLICY_PROCESSINIT_C857F965,284,284,0
raw-guarded,M_TASKPOLICY_PROCESSRECORDAVAILABLE_0E5B31EF,323,323,0
raw-guarded,M_TASKPOLICY_PROCESSRESIDENT_478DA1B5,432,432,0
raw-guarded,M_TASKPOLICY_VALIDPROCESSENTRY_D56EBBFD,335,335,0
raw-guarded,M_TASKPOLICY_PROCESSRESERVE_23A33DDB,1616,1616,0
raw-guarded,M_TASKPOLICY_PROCESSOWNED_DDA89718,271,271,0
raw-guarded,M_TASKPOLICY_PROCESSFIND_A9822214,327,327,0
raw-guarded,M_TASKPOLICY_PROCESSCURRENT_78571A20,236,234,-2
raw-guarded,M_TASKPOLICY_PROCESSLAUNCH_8314A6C0,1344,1276,-68
raw-guarded,M_TASKPOLICY_PROCESSCANREMOVE_140447A5,517,515,-2
raw-guarded,M_TASKPOLICY_PROCESSREMOVED_46C99271,339,337,-2
raw-guarded,M_TASKPOLICY_PROCESSSTORAGEEMPTY_D996E6A7,597,597,0
raw-guarded,M_TASKPOLICY_PROCESSCHANGE_3BBD0041,1707,1707,0
raw-guarded,M_TASKPOLICY_PROCESSCONTROL_6911FE90,201,201,0
raw-guarded,M_TASKPOLICY_INPUTINIT_B07DD496,500,500,0
raw-guarded,M_TASKPOLICY_KEYBOARDBINDING_7A2395A8,85,85,0
raw-guarded,M_TASKPOLICY_KEYBOARDCLAIM_2C621EDB,78,78,0
raw-guarded,M_TASKPOLICY_KEYBOARDRELEASE_69338836,42,42,0
raw-guarded,M_TASKPOLICY_POINTERBINDING_D35CECAC,85,85,0
raw-guarded,M_TASKPOLICY_POINTERCLAIM_44D64EBF,78,78,0
raw-guarded,M_TASKPOLICY_POINTERRELEASE_E1BB47AA,42,42,0
raw-guarded,M_TASKPOLICY_CONSOLEINIT_02CC0011,168,168,0
raw-guarded,M_TASKPOLICY_CONSOLENAMES_B9E6EA95,218,218,0
raw-guarded,M_TASKPOLICY_CONSOLENAME_0C46F590,137,137,0
raw-guarded,M_TASKPOLICY_CONSOLEDEVICE_34497CA3,109,109,0
raw-guarded,M_TASKPOLICY_REQUESTVALID_195CAC51,1864,1864,0
raw-guarded,M_TASKPOLICY_ROUTE_3006B749,1470,1470,0
raw-guarded,M_TASKPOLICY_FINISHDISPATCH_46CD5A79,275,275,0
raw-guarded,M_TASKPOLICY_DISPATCH_2D7B283C,1417,1413,-4
raw-guarded,M_TASKSTACKS_STACKLOWER_64542B4C,82,70,-12
raw-guarded,M_TASKSTACKS_STACKUPPER_7AF4EA13,82,70,-12
raw-guarded,M_CONSOLECORE_EXTENT_83D9960B,455,455,0
raw-guarded,M_CONSOLECORE_CELLOFFSET_711520EE,112,112,0
raw-guarded,M_CONSOLECORE_CLEAN_3E747584,274,274,0
raw-guarded,M_CONSOLECORE_CHANGED_16194333,207,205,-2
raw-guarded,M_CONSOLECORE_MARKROW_74F1B9FE,558,554,-4
raw-guarded,M_CONSOLECORE_DIRTY_4A63B073,439,435,-4
raw-guarded,M_CONSOLECORE_PRESENTED_91E62DC9,680,676,-4
raw-guarded,M_CONSOLECORE_INIT_F63331F9,663,663,0
raw-guarded,M_CONSOLECORE_EDITRETAINED_2E59361D,438,422,-16
raw-guarded,M_CONSOLECORE_EDITQUANTUM_E6CDEC54,196,196,0
raw-guarded,M_CONSOLECORE_NEWLINE_97A73E23,167,159,-8
raw-guarded,M_CONSOLECORE_CONTROL_7E220524,432,424,-8
raw-guarded,M_CONSOLECORE_FEEDINTO_F0C48569,1263,1251,-12
raw-guarded,M_CONSOLECORE_FEED_287D49E7,105,105,0
raw-guarded,M_CONSOLECORE_FEEDBATCH_FBB9A7C1,261,257,-4
raw-guarded,M_CONSOLECORE_BATCHDAMAGE_51FD9990,575,573,-2
raw-guarded,M_CONSOLEBATCH_GET_1DDD9652,62,62,0
raw-guarded,M_CONSOLEBATCH_BEGIN_A348F06D,609,609,0
raw-guarded,M_CONSOLEBATCH_DUE_DFFF17C0,202,206,4
raw-guarded,M_CONSOLEBATCH_FEED_F2D299EE,346,344,-2
raw-guarded,M_CONSOLEBATCH_PUBLISH_28F83695,158,158,0
raw-guarded,M_CONSOLEBATCH_RESET_8C5BFDE1,11,11,0
raw-guarded,M_DISPLAY_VALID_AD4A9CEB,479,479,0
raw-guarded,M_DISPLAY_STATE_1869A6F2,12,12,0
raw-guarded,M_DISPLAY_KIND_52F443B1,12,12,0
raw-guarded,M_DISPLAY_ACQUIRE_D4F205A1,1136,1136,0
raw-guarded,M_DISPLAY_CHECK_D0D668F5,122,122,0
raw-guarded,M_DISPLAY_ACTIVATE_FA0B49D8,144,144,0
raw-guarded,M_DISPLAY_BEGINRELEASE_D060B9F5,158,158,0
raw-guarded,M_DISPLAY_RELEASE_49E3CB4A,451,451,0
raw-guarded,M_DISPLAY_FAULT_17A2F7BD,128,128,0
raw-guarded,M_CONSOLEBITMAP_GETBINDING_4C301254,62,62,0
raw-guarded,M_CONSOLEBITMAP_ENABLED_B5633DC6,121,117,-4
raw-guarded,M_CONSOLEBITMAP_FAILED_26B87568,121,117,-4
raw-guarded,M_CONSOLEBITMAP_BIND_37A88456,460,460,0
raw-guarded,M_CONSOLEBITMAP_GETPACKET_5A801E1D,131,131,0
raw-guarded,M_CONSOLEBITMAP_RUN_859D3E7A,677,677,0
raw-guarded,M_CONSOLEBITMAP_OPEN_C85D6197,440,440,0
raw-guarded,M_CONSOLEBITMAP_CLOSE_9D29479F,135,135,0
raw-guarded,M_CONSOLEBITMAP_MASK_8BB047A7,54,54,0
raw-guarded,M_CONSOLEBITMAP_FILL_0D7F3514,213,213,0
raw-guarded,M_CONSOLEBITMAP_TEXT_D480A0BE,270,270,0
raw-guarded,M_CONSOLEBITMAP_TEXTCARET_18ADBDA7,345,345,0
raw-guarded,M_CONSOLEBITMAP_SCROLL_377D53B8,562,562,0
raw-guarded,M_CONSOLEBITMAP_PENDING_D6383590,12,12,0
raw-guarded,M_CONSOLEBITMAP_POLL_6E3B6F9E,240,240,0
raw-guarded,M_CONSOLEWINDOWS_REGISTRY_F9AAFFE0,62,62,0
raw-guarded,M_CONSOLEWINDOWS_LIVE_CF72384F,106,106,0
raw-guarded,M_CONSOLEWINDOWS_FIND_07AFDE1C,312,312,0
raw-guarded,M_CONSOLEWINDOWS_BOUND_2C2AAE27,420,408,-12
raw-guarded,M_CONSOLEWINDOWS_RESERVE_27D75673,632,632,0
raw-guarded,M_CONSOLEWINDOWS_RETIRED_09D5DC06,339,339,0
raw-guarded,M_CONSOLEWINDOWS_RUNNABLE_B9919222,756,756,0
raw-guarded,M_CONSOLEWINDOWS_TAKE_9FD09734,591,587,-4
raw-guarded,M_INPUT_SHAPE_12014EFC,272,272,0
raw-guarded,M_INPUT_EXTENT_FA4C9281,527,527,0
raw-guarded,M_INPUT_FILTERVALID_D26629FB,96,96,0
raw-guarded,M_INPUT_CHECKCONFIG_58BFFC0D,1444,1436,-8
raw-guarded,M_INPUT_SOURCESTATE_ED5DBA81,113,113,0
raw-guarded,M_INPUT_SHARED_40B1C6BE,232,232,0
raw-guarded,M_INPUT_SOURCEOF_A387FC4D,111,111,0
raw-guarded,M_INPUT_CAPTURE_307447C1,159,159,0
raw-guarded,M_INPUT_VALID_32EBD3E5,758,758,0
raw-guarded,M_INPUT_ROUTEVALID_38FC4B26,216,204,-12
raw-guarded,M_INPUT_REFERENCED_138D8154,855,791,-64
raw-guarded,M_INPUT_ACQUIRE_69C538CF,1932,1922,-10
raw-guarded,M_INPUT_CREATEROUTE_F78B5B60,846,822,-24
raw-guarded,M_INPUT_PUBLISHROUTE_D1782DE9,602,602,0
raw-guarded,M_INPUT_RETIREROUTE_2881C61B,657,645,-12
raw-guarded,M_INPUT_DISCARD_ACB1BF45,543,543,0
raw-guarded,M_INPUT_PENDING_94D4AB06,589,589,0
raw-guarded,M_INPUT_POINTERDELTAVALID_367584F0,269,269,0
raw-guarded,M_INPUT_POINTERCOORDINATE_C979CE22,394,394,0
raw-guarded,M_INPUT_POINTERREAD_16C85D8C,2211,2207,-4
raw-guarded,M_INPUT_TAKE_28320780,1642,1630,-12
raw-guarded,M_INPUT_RELEASE_78D4EBB0,1190,1153,-37
raw-guarded,M_CONSOLECAPTURE_GETLEASE_6E44FE9A,62,62,0
raw-guarded,M_CONSOLECAPTURE_ACQUIRE_39D4E6A8,239,239,0
raw-guarded,M_CONSOLECAPTURE_RELEASE_DD04AD8D,432,406,-26
raw-guarded,M_CONSOLECAPTURE_PUBLISH_C5573D67,184,184,0
raw-guarded,M_CONSOLECAPTURE_CLEARUNIT_43522FE3,397,361,-36
raw-guarded,M_CONSOLEFOREGROUND_REGISTRY_ABF9F388,62,62,0
raw-guarded,M_CONSOLEFOREGROUND_RECLAIM_59B58C70,948,839,-109
raw-guarded,M_CONSOLEFOREGROUND_ALLOCATE_F1C749CC,863,851,-12
raw-guarded,M_CONSOLEFOREGROUND_REGISTER_0F2DE106,207,207,0
raw-guarded,M_CONSOLEFOREGROUND_UNREGISTER_54DD2BA5,429,429,0
raw-guarded,M_CONSOLEFOREGROUND_RETIREUNBOUNDBREAKS_24224B11,297,273,-24
raw-guarded,M_CONSOLEFOREGROUND_BEGIN_4DD9FFD0,836,836,0
raw-guarded,M_CONSOLEFOREGROUND_END_65D34F46,867,843,-24
raw-guarded,M_CONSOLEFOREGROUND_HANDOFF_CB9B2D39,1402,1354,-48
raw-guarded,M_CONSOLEFOREGROUND_RESOLVE_9B8D664B,376,376,0
raw-guarded,M_CONSOLEFOREGROUND_NOTIFYONE_981F2C18,199,199,0
raw-guarded,M_CONSOLEFOREGROUND_NOTIFY_A30EB7D0,225,225,0
raw-guarded,M_CONSOLEFOREGROUND_DELIVER_8D52BBDC,811,811,0
raw-guarded,M_CONSOLEINPUT_INIT_5076ECFA,138,138,0
raw-guarded,M_CONSOLEINPUT_LOSE_42C88EE3,107,107,0
raw-guarded,M_CONSOLEINPUT_CLEAR_3DEF4D2B,335,335,0
raw-guarded,M_CONSOLEINPUT_DECODE_A428056C,1011,1007,-4
raw-guarded,M_CONSOLEINPUT_DELIVER_8B43A137,362,346,-16
raw-guarded,M_CONSOLEINPUT_PUMP_600356CC,1038,1030,-8
raw-guarded,M_CONSOLEINPUT_SERVICE_4560B6F3,297,297,0
raw-guarded,M_CONSOLEINPUT_READ_9E7D5EC6,398,381,-17
raw-guarded,M_CONSOLEDISPLAY_WIDTH_10C212F0,98,98,0
raw-guarded,M_CONSOLEDISPLAY_HEIGHT_F3C514AD,98,98,0
raw-guarded,M_CONSOLEDISPLAY_GLYPH_DCC4F92E,117,117,0
raw-guarded,M_CONSOLEDISPLAY_LISTVALID_C50FC922,490,490,0
raw-guarded,M_CONSOLEDISPLAY_VALIDATE_33E36106,323,323,0
raw-guarded,M_CONSOLEDISPLAY_GEOMETRY_B00D0334,534,534,0
raw-guarded,M_CONSOLEDISPLAY_CLAIM_0FF5CDD8,1578,1578,0
raw-guarded,M_CONSOLEDISPLAY_RELEASE_C2AC22C5,896,896,0
raw-guarded,M_CONSOLEDISPLAY_POSITION_5668E3AD,77,77,0
raw-guarded,M_CONSOLEDISPLAY_CURSORPOSITION_6D01F173,248,248,0
raw-guarded,M_CONSOLEDISPLAY_CURSOR_3EC7579C,957,947,-10
raw-guarded,M_CONSOLEDISPLAY_CELLS_40A0DF53,2364,2358,-6
raw-guarded,M_CONSOLEDISPLAY_REMOVECURSOR_56933EEC,791,783,-8
raw-guarded,M_CONSOLEDISPLAY_ERASE_7308FAA4,835,831,-4
raw-guarded,M_CONSOLEDISPLAY_BEGINBATCH_E8453865,793,793,0
raw-guarded,M_CONSOLEDISPLAY_FLUSHBATCH_36B2DD3C,396,394,-2
raw-guarded,M_CONSOLEDISPLAY_DISCARDBATCH_161CED78,798,794,-4
raw-guarded,M_CONSOLEDISPLAY_PRESENTBATCH_DC8CCBC5,793,793,0
raw-guarded,M_CONSOLEDISPLAY_BITMAPEDIT_EF95A6DB,1000,996,-4
raw-guarded,M_CONSOLEDISPLAY_BITMAPCOMPLETE_8FE2FF3C,1372,1368,-4
raw-guarded,M_CONSOLEDISPLAY_POLL_204D6C85,291,291,0
raw-guarded,M_CONSOLEDISPLAY_COMPLETIONREADY_755EF473,12,12,0
raw-guarded,M_CONSOLEDISPLAY_ADVANCE_74F2C1A4,1728,1720,-8
raw-guarded,M_CONSOLEDISPLAY_EDIT_379C99EA,1748,1736,-12
raw-guarded,M_CONSOLEDISPLAY_PRESENT_E192ED9F,1152,1152,0
raw-guarded,M_CONSOLEDISPLAY_QUANTUM_5F98A18D,165,165,0
raw-guarded,M_CONSOLECONTROL_APPLY_DCB506BB,211,211,0
raw-guarded,M_CONSOLECONTROL_PROCESS_46BB287E,820,820,0
raw-guarded,M_CONSOLECONTROL_SUBMIT_2C979A45,951,947,-4
raw-guarded,M_CONSOLEDRIVER_GETSERVICE_BEE5E55D,62,62,0
raw-guarded,M_CONSOLEDRIVER_GETINSTANCE_7919D405,62,62,0
raw-guarded,M_CONSOLEDRIVER_SCREENWIDTH_857AD658,358,358,0
raw-guarded,M_CONSOLEDRIVER_SCREENHEIGHT_C12F3455,358,358,0
raw-guarded,M_CONSOLEDRIVER_MAPPED_DAA6A481,561,561,0
raw-guarded,M_CONSOLEDRIVER_VALIDATE_72D30322,760,760,0
raw-guarded,M_CONSOLEDRIVER_BOUND_DEB813D0,309,309,0
raw-guarded,M_CONSOLEDRIVER_IDLE_F6EAB10E,429,429,0
raw-guarded,M_CONSOLEDRIVER_RETAINOPENER_B80DF9C6,235,235,0
raw-guarded,M_CONSOLEDRIVER_OPEN_434F52B0,1004,1012,8
raw-guarded,M_CONSOLEDRIVER_CLOSE_60C60326,786,786,0
raw-guarded,M_CONSOLEDRIVER_COMPLETE_39781A87,127,123,-4
raw-guarded,M_CONSOLEDRIVER_IMMEDIATE_01EBE21F,727,723,-4
raw-guarded,M_CONSOLEDRIVER_BEGINIO_76358745,842,838,-4
raw-guarded,M_CONSOLEDRIVER_ABORTIO_EFA380E8,637,637,0
raw-guarded,M_CONSOLEDRIVER_CLAIMWRITE_0313F299,244,244,0
raw-guarded,M_CONSOLEDRIVER_FINISHWRITE_E8555190,371,371,0
raw-guarded,M_CONSOLEDRIVER_FINISHREAD_49C55BD3,355,355,0
raw-guarded,M_CONSOLEDRIVER_ARRIVAL_EC6B7DA9,983,983,0
raw-guarded,M_CONSOLEDRIVER_RUNNABLE_F91A82EB,491,479,-12
raw-guarded,M_CONSOLEDRIVER_STATE_C6409A7F,217,213,-4
raw-guarded,M_CONSOLEDRIVER_NOTIFY_2C61AA6D,234,234,0
raw-guarded,M_CONSOLEDRIVER_PREPAREWAITER_2678D1F7,620,620,0
raw-guarded,M_CONSOLEDRIVER_FREEWAITER_5FC08D72,232,230,-2
raw-guarded,M_CONSOLEDRIVER_WAITCHANGE_4E83E195,194,194,0
raw-guarded,M_CONSOLEDRIVER_ADMITWORKER_8B81C455,1464,1456,-8
raw-guarded,M_CONSOLEDRIVER_START_3E6AAC44,1049,1045,-4
raw-guarded,M_CONSOLEDRIVER_ALLIDLE_23B19503,437,413,-24
raw-guarded,M_CONSOLEDRIVER_REQUESTSTOP_763F8D8B,262,262,0
raw-guarded,M_CONSOLEDRIVER_STOP_093D3500,760,756,-4
raw-guarded,M_CONSOLEDRIVER_RETIREWORKER_09E7B3B9,363,363,0
raw-guarded,M_CONSOLEDRIVER_BATCHWRITE_60F6B557,879,875,-4
raw-guarded,M_CONSOLEDRIVER_WRITEQUANTUM_3CD4DB9C,2320,2316,-4
raw-guarded,M_CONSOLEDRIVER_READQUANTUM_10EBF725,755,755,0
raw-guarded,M_CONSOLEDRIVER_INITIALIZE_D6CB2592,1894,1886,-8
raw-guarded,M_CONSOLEDRIVER_FREESTORAGE_02676B4B,1009,1005,-4
raw-guarded,M_CONSOLEDRIVER_COLLECT_102291BE,163,163,0
raw-guarded,M_CONSOLEDRIVER_WORKER_589B3ABC,4601,4601,0
raw-guarded,M_PORTCORE_CREATEMSGPORT_A47550A3,580,580,0
raw-guarded,M_PORTCORE_DELETEMSGPORT_9136F7C6,230,230,0
raw-guarded,M_SIODRIVER_BOUND_DC2366E0,696,696,0
raw-guarded,M_SIODRIVER_OPEN_9AA3F320,752,748,-4
raw-guarded,M_SIODRIVER_CLOSE_01A37B96,361,353,-8
raw-guarded,M_SIODRIVER_BEGINIO_E1378755,414,410,-4
raw-guarded,M_SIODRIVER_ABORTIO_689758F8,334,334,0
raw-guarded,M_SIODRIVER_TRYCANCEL_BDB03575,519,519,0
raw-guarded,M_SIODRIVER_CLAIM_64B130D4,497,497,0
raw-guarded,M_SIODRIVER_ACTIVATE_5F9BFB05,486,486,0
raw-guarded,M_SIODRIVER_FINISH_D94C5F1F,621,614,-7
raw-guarded,M_SIODRIVER_REAP_531B42EA,177,165,-12
raw-guarded,M_SIODRIVER_STATE_C8F9434F,282,278,-4
raw-guarded,M_SIODRIVER_UNAVAILABLE_B7013E26,71,67,-4
raw-guarded,M_SIODRIVER_NOTIFY_7F90C49D,226,226,0
raw-guarded,M_SIODRIVER_PREPAREWAITER_A5456107,620,620,0
raw-guarded,M_SIODRIVER_FREEWAITER_3A54C422,236,234,-2
raw-guarded,M_SIODRIVER_WAITCHANGE_D2A1FD05,194,194,0
raw-guarded,M_SIODRIVER_ADMITWORKER_05019805,1248,1248,0
raw-guarded,M_SIODRIVER_START_4928F5B4,1088,1088,0
raw-guarded,M_SIODRIVER_STOP_B26AF28A,1083,1083,0
raw-guarded,M_SIODRIVER_STOPPING_28442DD8,596,596,0
raw-guarded,M_SIODRIVER_RETIREWORKER_47CA3A29,347,347,0
raw-guarded,M_SIODRIVER_SIOMAPPED_D1D9A9D6,561,561,0
raw-guarded,M_SIODRIVER_PAYLOADLENGTH_9F5C9B06,428,428,0
raw-guarded,M_SIODRIVER_SIOVALIDATE_7D355271,1052,1052,0
raw-guarded,M_SIODRIVER_DEADLINETICKS_83CDA5CA,606,606,0
raw-guarded,M_SIODRIVER_PREPARE_D10BF723,750,739,-11
raw-guarded,M_SIODRIVER_HARDWAREINIT_3568BDA6,1065,1065,0
raw-guarded,M_SIODRIVER_RUNREQUEST_4500BA50,1083,1079,-4
raw-guarded,M_SIODRIVER_WORKER_374ADF8C,1339,1339,0
raw-guarded,M_SIODRIVER_MATCHES_AEE1C237,212,212,0
raw-guarded,M_IORESIDENT_BOUND_C1F0BA89,247,247,0
raw-guarded,M_IORESIDENT_OPEN_6086F993,335,335,0
raw-guarded,M_IORESIDENT_CLOSE_FE2B0633,238,238,0
raw-guarded,M_IORESIDENT_BEGINIO_914C855C,238,238,0
raw-guarded,M_IORESIDENT_ABORTIO_0DA61711,238,238,0
raw-guarded,M_IOCORE_OPENDEVICE_A2787528,561,561,0
raw-guarded,M_IOCORE_CLOSEDEVICE_667F761E,450,450,0
raw-guarded,M_IOCORE_SUBMIT_5D7CB97A,858,850,-8
raw-guarded,M_IOCORE_BEGINIO_FAB52593,100,100,0
raw-guarded,M_IOCORE_SENDIO_CA4E16BA,100,100,0
raw-guarded,M_IOCORE_ABORTIO_125E3726,450,450,0
raw-guarded,M_IOCORE_CREATEIOREQUEST_DE10015D,406,406,0
raw-guarded,M_IOCORE_DELETEIOREQUEST_93A87E78,173,173,0
raw-guarded,M_IOCORE_START_4033F51A,89,89,0
raw-guarded,M_IOCORE_WAITIO_8CA35F61,455,455,0
raw-guarded,M_IOCORE_DOIO_173DC4A1,245,245,0
raw-guarded,M_CONSOLETILING_LOCK_D1C61C32,1069,1032,-37
raw-guarded,M_CONSOLETILING_UNLOCK_9D80F64D,735,710,-25
raw-guarded,M_CONSOLETILING_OWNED_E442B6FE,235,235,0
raw-guarded,M_CONSOLETILING_SELECT_D724C265,762,746,-16
raw-guarded,M_CONSOLETILING_HIDELOCKED_54ED13CF,834,822,-12
raw-guarded,M_CONSOLETILING_SHOW_26065EE8,1864,1844,-20
raw-guarded,M_CONSOLETILING_HIDE_B9E54D0B,369,369,0
raw-guarded,M_CONSOLETILING_FOCUS_1EF2C0A5,470,470,0
raw-guarded,M_CONSOLE_SCREENWIDTH_02A0531A,4,4,0
raw-guarded,M_CONSOLE_SCREENHEIGHT_21CB6DFB,4,4,0
raw-guarded,M_CONSOLE_FREEINSTANCE_35A7F9E7,555,551,-4
raw-guarded,M_CONSOLE_CREATE_AA57C2F6,2455,2443,-12
raw-guarded,M_CONSOLE_DESTROY_8B3B48E8,1571,1567,-4
raw-guarded,M_CONSOLE_SHOW_21D86251,4,4,0
raw-guarded,M_CONSOLE_HIDE_EC93B70A,4,4,0
raw-guarded,M_CONSOLE_FOCUS_1C4A8DCE,4,4,0
raw-guarded,M_DOSCORE_GETREGISTRY_D528A1F7,62,62,0
raw-guarded,M_FSOPERATION_CANCELLABLE_CAA34525,804,804,0
raw-guarded,M_FSOPERATION_PREPARE_EA34E162,594,594,0
raw-guarded,M_FSOPERATION_AUTHORITY_2081E9D0,694,694,0
raw-guarded,M_FSOPERATION_CANCELED_56B92A04,231,231,0
raw-guarded,M_FSOPERATION_CLAIM_4C8DDFC1,242,242,0
raw-guarded,M_FSOPERATION_REQUEST_3F73D6DE,734,730,-4
raw-guarded,M_FSOPERATION_UNLINK_B5280A26,435,435,0
raw-guarded,M_FSOPERATION_REPLYREADY_532E4DE6,380,380,0
raw-guarded,M_FSOPERATION_COLLECT_397028AF,226,226,0
raw-guarded,M_FSOPERATION_PUMP_B18C8A95,1018,1018,0
raw-guarded,M_DOSCLIENT_IOERR_BF9E8A97,123,123,0
raw-guarded,M_DOSCLIENT_SETIOERR_93E1A287,152,152,0
raw-guarded,M_DOSCLIENT_SETERROR_F2B11A26,116,116,0
raw-guarded,M_DOSCLIENT_NEWCLIENT_41735729,719,719,0
raw-guarded,M_DOSCLIENT_ENSURESLOT_00C71048,406,406,0
raw-guarded,M_DOSCLIENT_ENSURE_1859B044,140,140,0
raw-guarded,M_DOSCLIENT_CLEARSELECTIONS_93A1D5D6,169,169,0
raw-guarded,M_DOSCLIENT_RELEASECONTEXT_90CB2A06,1555,1539,-16
raw-guarded,M_DOSCLIENT_CHECKREPLY_4530772C,446,446,0
raw-guarded,M_DOSCLIENT_CALL_35DB3B22,1979,1963,-16
raw-guarded,M_DOSOBJECTS_FIND_2E898C70,229,229,0
raw-guarded,M_DOSOBJECTS_LINK_9FA00D0F,262,254,-8
raw-guarded,M_DOSOBJECTS_UNLINK_C978FCF4,486,482,-4
raw-guarded,M_BLOCKCACHE_METADATABYTES_EA4C1D98,146,146,0
raw-guarded,M_BLOCKCACHE_CREATE_BA82E51A,919,919,0
raw-guarded,M_BLOCKCACHE_DESTROY_EB1A5F0C,465,459,-6
raw-guarded,M_BLOCKCACHE_INVALIDATE_4E66AC31,413,413,0
raw-guarded,M_BLOCKCACHE_SETINDEX_5318FF18,194,190,-4
raw-guarded,M_BLOCKCACHE_FIND_1946044D,381,377,-4
raw-guarded,M_BLOCKCACHE_FORGET_8D9AE1E1,420,420,0
raw-guarded,M_BLOCKCACHE_COPY_EC1E9165,203,203,0
raw-guarded,M_BLOCKCACHE_PAYLOAD_A5530E46,151,151,0
raw-guarded,M_BLOCKCACHE_READ_6E9EB2D8,979,979,0
raw-guarded,M_BLOCKCACHE_STOREPART_C61D91FE,1026,990,-36
raw-guarded,M_BLOCKCACHE_STORE_364610B1,382,382,0
raw-guarded,M_BLOCKIO_GEOMETRY_4529DFEE,418,418,0
raw-guarded,M_BLOCKIO_SECTORBYTES_B8369631,243,239,-4
raw-guarded,M_BLOCKIO_MAPPED_A9EEA713,604,604,0
raw-guarded,M_BLOCKIO_CREATE_DF5BA086,1009,1009,0
raw-guarded,M_BLOCKIO_DESTROY_0CC5CBD8,517,517,0
raw-guarded,M_BLOCKIO_DEVICENAME_55BC3EC3,207,207,0
raw-guarded,M_BLOCKIO_OPENVOLUME_36B90798,732,724,-8
raw-guarded,M_BLOCKIO_DETACH_FC4FFB83,592,588,-4
raw-guarded,M_BLOCKIO_DISCARDBUFFER_3EED9C90,78,78,0
raw-guarded,M_BLOCKIO_INVALIDATE_E4DCC90F,152,152,0
raw-guarded,M_BLOCKIO_CACHED_7ABF0DB0,232,232,0
raw-guarded,M_BLOCKIO_PUBLISH_42B93901,124,124,0
raw-guarded,M_BLOCKIO_PREPARE_810BFFA1,406,402,-4
raw-guarded,M_BLOCKIO_COMPLETE_80F6A54F,463,458,-5
raw-guarded,M_BLOCKIO_CHECK_A5B41A2A,499,499,0
raw-guarded,M_BLOCKIO_BEGINFETCH_6B9D7F07,862,830,-32
raw-guarded,M_BLOCKIO_BEGINSTORE_D38E59E4,1044,979,-65
raw-guarded,M_BLOCKIO_FINISHFETCH_D55D2AA5,640,640,0
raw-guarded,M_BLOCKIO_FINISHSTORE_0115A3DE,4,4,0
raw-guarded,M_FSCORE_COPYENTRY_48DFB26E,162,162,0
raw-guarded,M_FSCORE_BEGINOPERATION_525CBD4F,355,323,-32
raw-guarded,M_FSCORE_FINISHOPERATION_46633DF1,296,280,-16
raw-guarded,M_FS83_LEGAL_57119700,137,137,0
raw-guarded,M_FS83_FOLD_0A64C6B8,86,86,0
raw-guarded,M_FS83_STORED_D2BF7200,341,341,0
raw-guarded,M_FS83_MATCH_C3E96F9C,359,359,0
raw-guarded,M_FS83_STARTRESOLVE_ED05839D,554,504,-50
raw-guarded,M_FS83_COMPONENT_3DA5FCEA,841,801,-40
raw-guarded,M_FS83_SELECTMATCH_2C823C16,505,493,-12
raw-guarded,M_FS83_CHOOSE_D3525E62,340,340,0
raw-guarded,M_FSNAMES_STREAM_12DD2A4A,1383,1383,0
raw-guarded,M_FSNAMES_MAPPED_324F42A3,337,337,0
raw-guarded,M_FSNAMES_PATH_CFBF830F,833,829,-4
raw-guarded,M_FSNAMES_SYSTEM_7AF4AE7D,336,336,0
raw-guarded,M_FSNAMES_VALIDALIAS_36EB4E14,399,399,0
raw-guarded,M_DOSSTREAMS_VALIDMODE_6A43AE29,234,234,0
raw-guarded,M_DOSSTREAMS_VALIDBUFFER_D67D80FE,374,374,0
raw-guarded,M_DOSSTREAMS_OPENNIL_7EDE8F17,459,459,0
raw-guarded,M_DOSSTREAMS_TRANSFERNIL_E7EA5C2C,322,322,0
raw-guarded,M_DOSSTREAMS_CLOSENIL_3520E24B,456,456,0
raw-guarded,M_DOSPIPE_WAKE_206F5695,212,212,0
raw-guarded,M_DOSPIPE_UNWAIT_23BF06C3,323,323,0
raw-guarded,M_DOSPIPE_CREATE_3311B233,1544,1544,0
raw-guarded,M_DOSPIPE_CLONE_F42CC55A,757,742,-15
raw-guarded,M_DOSPIPE_DISCARD_EA487971,796,788,-8
raw-guarded,M_DOSPIPE_CLOSE_E3C2D505,478,478,0
raw-guarded,M_DOSPIPE_TRANSFER_59D539F6,3699,3679,-20
raw-guarded,M_DOSRAW_GETREGISTRY_976423CC,62,62,0
raw-guarded,M_DOSRAW_UNITREGISTRY_DD0D5704,156,156,0
raw-guarded,M_DOSRAW_UNIT_B2527969,493,493,0
raw-guarded,M_DOSRAW_LIVE_14427091,522,522,0
raw-guarded,M_DOSRAW_INITIALIZE_D871F7B7,523,523,0
raw-guarded,M_DOSRAW_ROLLBACK_4A7594F5,117,117,0
raw-guarded,M_DOSRAW_ACQUIRE_CC49A145,1891,1883,-8
raw-guarded,M_DOSRAW_OPENSIZED_F1E27B78,747,747,0
raw-guarded,M_DOSRAW_OPEN_5F7F2547,122,122,0
raw-guarded,M_DOSRAW_VALIDEXTENT_84EF7CCB,403,403,0
raw-guarded,M_DOSRAW_RELEASEOPERATION_C2E80557,353,349,-4
raw-guarded,M_DOSRAW_PREPARE_F51F1B68,1469,1461,-8
raw-guarded,M_DOSRAW_FINISH_BB47E14C,372,372,0
raw-guarded,M_DOSRAW_COMPLETE_0FD428DA,950,950,0
raw-guarded,M_DOSRAW_RETAIN_4DF2DE08,364,356,-8
raw-guarded,M_DOSRAW_RELEASEENDPOINT_3E946265,922,918,-4
raw-guarded,M_DOSRAW_CLOSESIZED_2208AD92,774,774,0
raw-guarded,M_DOSRAW_CLOSE_4F38859D,118,118,0
raw-guarded,M_COOKEDLINE_FREEHISTORY_E31E705E,203,203,0
raw-guarded,M_COOKEDLINE_RESETHISTORY_27C90F73,209,180,-29
raw-guarded,M_COOKEDLINE_HISTORYSLOT_205258CE,139,139,0
raw-guarded,M_COOKEDLINE_REMEMBER_E39B9025,1007,974,-33
raw-guarded,M_COOKEDLINE_RECALL_089A5861,1060,1022,-38
raw-guarded,M_COOKEDLINE_INIT_553F5E46,247,247,0
raw-guarded,M_COOKEDLINE_CREATE_35929826,227,227,0
raw-guarded,M_COOKEDLINE_DESTROY_77CB15F8,277,277,0
raw-guarded,M_COOKEDLINE_RETAIN_F54817A1,257,249,-8
raw-guarded,M_COOKEDLINE_RELEASE_68B6E005,477,473,-4
raw-guarded,M_COOKEDLINE_ENTER_AF5023D0,248,248,0
raw-guarded,M_COOKEDLINE_LEAVE_C362F351,105,105,0
raw-guarded,M_COOKEDLINE_SETHISTORY_7BFEF58A,586,574,-12
raw-guarded,M_COOKEDLINE_EMPTY_73E023F3,130,130,0
raw-guarded,M_COOKEDLINE_ERASE_F76E1DAE,234,213,-21
raw-guarded,M_COOKEDLINE_LOSE_A2B86A77,178,178,0
raw-guarded,M_COOKEDLINE_FEED_E5727982,2087,2005,-82
raw-guarded,M_COOKEDLINE_DRAIN_A743CD2C,697,689,-8
raw-guarded,M_COOKEDLINE_RENDER_D6B4258E,1819,1742,-77
raw-guarded,M_DOSCANCEL_TRANSFER_DC8DFD88,713,697,-16
raw-guarded,M_DOSCOOKED_OPEN_FB0901F4,428,428,0
raw-guarded,M_DOSCOOKED_CLOSE_1355CA48,396,396,0
raw-guarded,M_DOSCOOKED_WIRE_7D812E8B,906,906,0
raw-guarded,M_DOSCOOKED_BEGIN_9BFE5F7B,617,593,-24
raw-guarded,M_DOSCOOKED_CANCELLINE_F449849C,878,866,-12
raw-guarded,M_DOSCOOKED_ACQUIRELINE_772F100E,2312,2300,-12
raw-guarded,M_DOSCOOKED_READLOCKED_B41BFB52,1587,1587,0
raw-guarded,M_DOSCOOKED_READ_AAA4E8F8,431,431,0
raw-guarded,M_DOSBREAK_CURRENT_B838AC0B,178,178,0
raw-guarded,M_DOSBREAK_ALLOCATE_10964711,669,669,0
raw-guarded,M_DOSBREAK_FREE_76D15FA8,285,283,-2
raw-guarded,M_DOSBREAK_BEGIN_A70D4CB3,1561,1561,0
raw-guarded,M_DOSBREAK_END_B7800793,707,707,0
raw-guarded,M_DOSBREAK_PENDING_1B1DF51D,202,202,0
raw-guarded,M_DOSBREAK_CLEAR_B7EEEC7D,455,455,0
raw-guarded,M_FSSYSTEM_SELECTED_9418F47A,56,56,0
raw-guarded,M_FSSYSTEM_SYSTEMUNIT_F93F9C60,115,115,0
raw-guarded,M_FSSYSTEM_UNIT_D8E8C927,163,159,-4
raw-guarded,M_FSSYSTEM_NAMEBYTE_29131912,233,233,0
raw-guarded,M_FSSYSTEM_MATCHES_6FF2F0E4,553,553,0
raw-guarded,M_FSSYSTEM_SAMENAME_3086AACE,348,348,0
raw-guarded,M_FSSYSTEM_APPLY_F77568D5,300,300,0
raw-guarded,M_FSREGISTRY_SERVICE_31663004,131,131,0
raw-guarded,M_FSREGISTRY_RETAIN_218C5FAC,199,191,-8
raw-guarded,M_FSREGISTRY_RETAINBASE_94E5BA0B,388,380,-8
raw-guarded,M_FSREGISTRY_RELEASE_E0E99364,390,386,-4
raw-guarded,M_FSREGISTRY_LOOKUP_AD8B60C1,620,600,-20
raw-guarded,M_FSREGISTRY_FINDOBJECT_780CC443,163,163,0
raw-guarded,M_FSREGISTRY_FROMHEADER_DCD07C60,419,403,-16
raw-guarded,M_FSREGISTRY_STAMP_BE264D84,373,373,0
raw-guarded,M_DOSWIRE_ISPOINTER_E1AC855F,205,205,0
raw-guarded,M_FSLEASES_LINK_92921FD5,324,300,-24
raw-guarded,M_FSLEASES_UNLINK_039AB2C8,485,469,-16
raw-guarded,M_FSLEASES_OBJECTENTRY_FCD8C666,157,157,0
raw-guarded,M_FSLEASES_SAME_B25DFB61,353,353,0
raw-guarded,M_FSLEASES_BUSY_31143750,804,764,-40
raw-guarded,M_FSLEASES_LIVE_C7D42DE5,635,615,-20
raw-guarded,M_FSLEASES_WRITABLE_932CF683,130,118,-12
raw-guarded,M_FSFILES_ALLOCATE_3EE5B3A2,194,194,0
raw-guarded,M_FSFILES_CREATE_5EA85CDB,223,223,0
raw-guarded,M_FSFILES_RETAIN_1627AB28,319,311,-8
raw-guarded,M_FSFILES_DROPSHARED_A840009F,354,334,-20
raw-guarded,M_FSFILES_RELEASE_91585E60,419,415,-4
raw-guarded,M_FSLOCKS_TRAILER_B3BA463B,64,64,0
raw-guarded,M_FSLOCKS_TEXT_C72F70F3,91,91,0
raw-guarded,M_FSLOCKS_ALLOCATION_5B5A6C20,173,169,-4
raw-guarded,M_FSLOCKS_ROOT_D04E0C54,324,284,-40
raw-guarded,M_FSLOCKS_ADD_DEA4C903,271,242,-29
raw-guarded,M_FSLOCKS_APPEND_3EC68462,907,831,-76
raw-guarded,M_FSLOCKS_ALLOCATE_39B5BEE3,334,334,0
raw-guarded,M_FSLOCKS_CREATE_34BC7CB2,341,331,-10
raw-guarded,M_FSLOCKS_FREE_701F260A,180,180,0
raw-guarded,M_FSOBJECTS_FREE_154D29BE,348,348,0
raw-guarded,M_FSACTIVE_CURRENTSCOPE_BF6A95BD,282,274,-8
raw-guarded,M_BLOCKWIRE_EXCHANGE_9F443072,1064,1044,-20
raw-guarded,M_BLOCKWIRE_TRANSFER_0A2F17CC,105,105,0
raw-guarded,M_BLOCKWIRE_TRANSFERCOMMITTED_FEB13FCA,105,105,0
raw-guarded,M_SDFS_WORD_9040534F,114,114,0
raw-guarded,M_SDFS_LENGTH_0EB65DB7,269,269,0
raw-guarded,M_SDFS_GETSTATE_E428DC88,71,71,0
raw-guarded,M_SDFS_CREATEWORK_894591E8,233,233,0
raw-guarded,M_SDFS_DESTROYWORK_D1F8FE6A,197,197,0
raw-guarded,M_SDFS_CREATEVOLUME_B12DE8AD,233,233,0
raw-guarded,M_SDFS_DESTROYVOLUME_8A02EFB7,197,197,0
raw-guarded,M_SDFS_INVALIDATE_8CE6E30A,149,149,0
raw-guarded,M_SDFS_ALLOWED_D687D449,227,219,-8
raw-guarded,M_SDFS_BEGINMOUNT_68830325,209,197,-12
raw-guarded,M_SDFS_HEADER_D37EFF70,1741,1661,-80
raw-guarded,M_SDFS_MOUNTBUFFERED_7F8C68E7,301,273,-28
raw-guarded,M_SDFS_MAP_D6A7DDA3,72,72,0
raw-guarded,M_SDFS_RESTART_887C29F6,234,232,-2
raw-guarded,M_SDFS_CACHED_B7AA1E89,377,361,-16
raw-guarded,M_SDFS_CACHE_55DBD7B1,543,479,-64
raw-guarded,M_SDFS_SECTORALLOWED_D0C4D1BB,349,333,-16
raw-guarded,M_SDFS_VALIDATEMAP_D7214A91,1234,1202,-32
raw-guarded,M_SDFS_ADVANCE_66AE3A9F,355,334,-21
raw-guarded,M_MYDOS_CREATEVOLUME_8FA50CD3,248,248,0
raw-guarded,M_MYDOS_DESTROYVOLUME_8DF1D5D5,197,197,0
raw-guarded,M_MYDOS_DATASECTOR_95277D3B,322,310,-12
raw-guarded,M_MYDOS_VALIDDIRECTORY_1CF8F62E,410,402,-8
raw-guarded,M_MYDOS_EXTENT_5BCD29B5,1139,1099,-40
raw-guarded,M_MYDOS_HEADER_A95A323A,500,488,-12
raw-guarded,M_MYDOS_BEGINMOUNT_AA58F6DF,304,276,-28
raw-guarded,M_MYDOS_MOUNTBUFFERED_114678B9,301,273,-28
raw-guarded,M_MYDOS_DECODE_69B6DF25,677,665,-12
raw-guarded,M_MYDOS_LIVE_1E4E1377,581,581,0
raw-guarded,M_MYDOS_BUFFEREDENTRY_DC465C80,673,645,-28
raw-guarded,M_MYDOS_BEGINENTRY_95F170F4,563,551,-12
raw-guarded,M_MYDOS_DESCEND_C497F8DD,687,653,-34
raw-guarded,M_MYDOS_ROOTENTRY_E3F00029,454,442,-12
raw-guarded,M_MYDOS_STARTRESOLVE_24B3B079,204,204,0
raw-guarded,M_MYDOS_RESOLVECOMPONENT_8F2130C4,186,184,-2
raw-guarded,M_MYDOS_RESOLVESTEP_4ADA26D9,772,768,-4
raw-guarded,M_MYDOS_VALIDATEBASE_0A85139C,1001,928,-73
raw-guarded,M_MYDOSFILE_CHAIN_94A5D226,72,72,0
raw-guarded,M_MYDOSFILE_RESTART_75C66A72,338,336,-2
raw-guarded,M_MYDOSFILE_OPEN_0FD3469F,1041,1010,-31
raw-guarded,M_MYDOSFILE_SECTORALLOWED_E72DFCC7,388,376,-12
raw-guarded,M_MYDOSFILE_VISIT_2F7F40D0,618,614,-4
raw-guarded,M_MYDOSFILE_TRAILER_58DD2DFC,634,598,-36
raw-guarded,M_MYDOSFILE_LINK_86A70D17,464,464,0
raw-guarded,M_MYDOSFILE_VALIDATE_CCD11D35,760,744,-16
raw-guarded,M_MYDOSFILE_FAIL_8A60C23B,332,316,-16
raw-guarded,M_MYDOSFILE_CANCEL_40161F05,548,524,-24
raw-guarded,M_MYDOSFILE_ADVANCE_71346BED,208,206,-2
raw-guarded,M_MYDOSFILE_NEEDSECTOR_4EE2E2C1,183,173,-10
raw-guarded,M_MYDOSFILE_BEGINREAD_56DCAA56,1151,1131,-20
raw-guarded,M_MYDOSFILE_TARGET_3D0FAE04,898,878,-20
raw-guarded,M_MYDOSFILE_BEGINSEEK_007E9A86,708,688,-20
raw-guarded,M_MYDOSFILE_LOCATE_F172D4F1,636,636,0
raw-guarded,M_MYDOSFILE_COPY_B45932A2,510,478,-32
raw-guarded,M_MYDOSFILE_CONSUME_CDF927EF,741,737,-4
raw-guarded,M_MYDOSFILE_CONTINUEOPERATION_DDF4199B,799,783,-16
raw-guarded,M_MYDOSFILE_MEASURE_660762A9,580,574,-6
raw-guarded,M_SDFSFILE_OPEN_2046DF25,1010,987,-23
raw-guarded,M_SDFSFILE_FAIL_23FC14B5,363,347,-16
raw-guarded,M_SDFSFILE_CANCEL_B60AB817,335,327,-8
raw-guarded,M_SDFSFILE_BEGINSEEK_80AE6CDC,820,804,-16
raw-guarded,M_SDFSFILE_BEGINREAD_A4D537D8,1016,972,-44
raw-guarded,M_SDFSFILE_CONSUME_19CF3939,919,843,-76
raw-guarded,M_SDFSFILE_DRIVE_59FB4F1B,2156,2062,-94
raw-guarded,M_SDFSFILE_CONTINUEOPERATION_077FC395,519,511,-8
raw-guarded,M_SDFSFILE_MEASURE_B257955B,2277,2166,-111
raw-guarded,M_SDFSDATE_LEAP_5FE3C9CD,83,83,0
raw-guarded,M_SDFSDATE_MONTHDAYS_18463582,183,183,0
raw-guarded,M_SDFSDATE_DECODE_E4AFE2B3,1252,1252,0
raw-guarded,M_SDFSDIR_ERROR_F11B3DDA,107,107,0
raw-guarded,M_SDFSDIR_SEED_AE4E45A1,554,535,-19
raw-guarded,M_SDFSDIR_BEGINENTRY_4CCF1AF9,1051,1023,-28
raw-guarded,M_SDFSDIR_VALIDATEPARENT_CC71085A,545,509,-36
raw-guarded,M_SDFSDIR_HEADER_A6C13D37,891,875,-16
raw-guarded,M_SDFSDIR_DECODE_445A4286,1728,1684,-44
raw-guarded,M_SDFSDIR_BUFFEREDENTRY_374F4FF7,850,850,0
raw-guarded,M_SDFSDIR_BEGINHEADER_0CDE2CA0,564,548,-16
raw-guarded,M_SDFSDIR_MEASURE_2E677570,938,934,-4
raw-guarded,M_SDFSNAME_DESCEND_5D259778,591,549,-42
raw-guarded,M_SDFSNAME_VALIDATEBASE_03C615D3,759,681,-78
raw-guarded,M_SDFSNAME_STARTRESOLVE_EBBD5226,502,472,-30
raw-guarded,M_SDFSNAME_RESOLVECOMPONENT_CCDFB63B,421,421,0
raw-guarded,M_SDFSNAME_DONE_34A5B326,241,237,-4
raw-guarded,M_SDFSNAME_CHOOSE_8F0B0401,342,338,-4
raw-guarded,M_SDFSNAME_RESOLVESTEP_B2924B88,659,659,0
raw-guarded,M_FSBACKEND_AVAILABLE_56F19E57,80,80,0
raw-guarded,M_FSBACKEND_CREATEVOLUME_26C12EFC,239,237,-2
raw-guarded,M_FSBACKEND_DESTROYVOLUME_B6078DE8,160,160,0
raw-guarded,M_FSBACKEND_CREATEWORK_8A6F92A5,4,4,0
raw-guarded,M_FSBACKEND_DESTROYWORK_CA11D009,89,89,0
raw-guarded,M_FSBACKEND_INVALIDATE_9F423887,124,124,0
raw-guarded,M_FSBACKEND_ENUMLIMIT_D60FC50E,72,72,0
raw-guarded,M_FSBACKEND_BEGINMOUNT_3F96891C,181,167,-14
raw-guarded,M_FSBACKEND_MOUNTBUFFERED_E1BCDBDC,181,167,-14
raw-guarded,M_FSBACKEND_BUFFEREDENTRY_A53297ED,181,167,-14
raw-guarded,M_FSBACKEND_RESOLVECOMPONENT_25BBEDCF,181,167,-14
raw-guarded,M_FSBACKEND_RESOLVESTEP_71F5161C,181,167,-14
raw-guarded,M_FSBACKEND_DESCEND_696B876C,181,167,-14
raw-guarded,M_FSBACKEND_BEGINREAD_9B747D7D,204,182,-22
raw-guarded,M_FSBACKEND_BEGINSEEK_65568135,204,182,-22
raw-guarded,M_FSBACKEND_CONTINUEOPERATION_B2B07804,204,182,-22
raw-guarded,M_FSBACKEND_CANCEL_CF93E684,204,182,-22
raw-guarded,M_FSBACKEND_BEGINENTRY_D3F74E4F,229,217,-12
raw-guarded,M_FSBACKEND_STARTRESOLVE_75FDEFE2,207,193,-14
raw-guarded,M_FSBACKEND_OPEN_70C2A6B2,207,193,-14
raw-guarded,M_FSBACKEND_FAIL_FA955312,238,218,-20
raw-guarded,M_FSBACKEND_MEASURE_AD470D66,207,193,-14
raw-guarded,M_FSBACKEND_VALIDATEBASE_C7106A97,207,195,-12
raw-guarded,M_FSIO_BEGIN_68AD59C5,555,486,-69
raw-guarded,M_FSIO_COMPLETE_3A967BA3,787,707,-80
raw-guarded,M_FSIO_OFFLINE_B7567A31,369,349,-20
raw-guarded,M_FSWRITEIO_STATE_A0FFD18A,71,71,0
raw-guarded,M_FSWRITEIO_ERROR_9F481FB3,383,343,-40
raw-guarded,M_FSWRITEIO_CHECKPOINT_86192BF5,376,376,0
raw-guarded,M_FSWRITEIO_FAILED_0CF5DEA4,662,605,-57
raw-guarded,M_FSWRITEIO_READ_66641E67,1463,1399,-64
raw-guarded,M_FSWRITEIO_WRITE_4F85FADC,995,963,-32
raw-guarded,M_FSWRITEIO_ZERO_F685105B,108,108,0
raw-guarded,M_FSWRITEIO_WORD_326DCDF9,127,127,0
raw-guarded,M_FSWRITEIO_LENGTH_F339C741,264,264,0
raw-guarded,M_FSPACKET_REPLY_F0943484,704,652,-52
raw-guarded,M_FSPACKET_ERROR_61E70414,429,404,-25
raw-guarded,M_FSPACKET_IDENTITY_6B3677B2,1194,1038,-156
raw-guarded,M_FSPACKET_PUBLISHOPENSTEP_55EACFB5,787,747,-40
raw-guarded,M_FSPACKET_CLOSE_01E28282,597,581,-16
raw-guarded,M_FSPORTS_CREATE_D9675AD2,387,387,0
raw-guarded,M_FSPORTS_DELETE_FC342961,122,122,0
raw-guarded,M_FSINIT_CONFIG_A7C873FA,1579,1578,-1
raw-guarded,M_FSINIT_WORKSPACE_ED5E2107,1002,994,-8
raw-guarded,M_FSINIT_ARRIVAL_302FF83F,895,885,-10
raw-guarded,M_FSINIT_ALLOCATEMOUNT_EF481898,1085,1058,-27
raw-guarded,M_FSINIT_ALLOCATEBLOCK_5C0916F0,696,685,-11
raw-guarded,M_FSINIT_PUBLISH_12D6516B,360,335,-25
raw-guarded,M_FSINIT_FIRST_60F42DBA,456,456,0
raw-guarded,M_FSINIT_MOUNTSTEP_D16E7745,292,292,0
raw-guarded,M_FSINIT_OPENEDSTEP_3B4623A1,518,470,-48
raw-guarded,M_FSINIT_MOUNTEDSTEP_D00F6B02,924,857,-67
raw-guarded,M_FSINIT_FAILED_4FB7E0CF,368,344,-24
raw-guarded,M_FSINIT_DESTROYMOUNT_00D5D10B,917,917,0
raw-guarded,M_FSINIT_CLEANUP_26675F9E,1210,1193,-17
raw-guarded,M_FSALLOC_ALLOWED_1FF175A3,815,746,-69
raw-guarded,M_FSALLOC_BITMAP_55D4E3AC,1005,965,-40
raw-guarded,M_FSALLOC_ALLOCATED_A8A57AF0,347,327,-20
raw-guarded,M_FSALLOC_FIND_C860CAEC,1842,1757,-85
raw-guarded,M_FSALLOC_CHANGE_B0E87AF9,1566,1470,-96
raw-guarded,M_FSALLOC_TAKE_9AD436E4,562,514,-48
raw-guarded,M_FSALLOC_FREE_BE46C827,238,206,-32
raw-guarded,M_FSALLOC_COUNTROOM_E5C7D397,780,752,-28
raw-guarded,M_MYDOSWRITE_BAD_ECEFF42B,118,118,0
raw-guarded,M_MYDOSWRITE_LIMIT_E01793D7,124,124,0
raw-guarded,M_MYDOSWRITE_READPAYLOAD_AC32DCA4,1565,1505,-60
raw-guarded,M_MYDOSWRITE_TRAILER_BFA640A1,452,440,-12
raw-guarded,M_MYDOSWRITE_ENTRYIO_ACBE3032,880,872,-8
raw-guarded,M_MYDOSWRITE_VALIDATE_B3BA3338,731,707,-24
raw-guarded,M_MYDOSWRITE_MARK_0E6D7B2D,713,689,-24
raw-guarded,M_MYDOSWRITE_SLOT_AA2228B6,586,562,-24
raw-guarded,M_MYDOSWRITE_CREATE_CDAAF016,1713,1611,-102
raw-guarded,M_MYDOSWRITE_WRITE_992B7BC3,2406,2374,-32
raw-guarded,M_MYDOSWRITE_RECLAIM_F1DD6F57,504,492,-12
raw-guarded,M_MYDOSWRITE_TRUNCATE_A6EAB42C,650,646,-4
raw-guarded,M_MYDOSWRITE_EMPTY_B06BE841,449,449,0
raw-guarded,M_MYDOSWRITE_DELETE_256A83D3,568,548,-20
raw-guarded,M_MYDOSWRITE_RENAME_E308DCF0,361,349,-12
raw-guarded,M_SDFSWRITE_BAD_5E3D66D1,118,118,0
raw-guarded,M_SDFSWRITE_VALIDSECTOR_67FAADEC,424,388,-36
raw-guarded,M_SDFSWRITE_LOCATE_55E19A5E,1809,1773,-36
raw-guarded,M_SDFSWRITE_GROW_073A6F69,1400,1384,-16
raw-guarded,M_SDFSWRITE_ROWIO_EF8D2430,1406,1386,-20
raw-guarded,M_SDFSWRITE_ENTRYIO_D3D74C00,255,255,0
raw-guarded,M_SDFSWRITE_VALIDATE_3C808422,2393,2369,-24
raw-guarded,M_SDFSWRITE_SLOT_E3DFD014,1163,1123,-40
raw-guarded,M_SDFSWRITE_SPACE_ED9B8102,832,812,-20
raw-guarded,M_SDFSWRITE_CREATE_5E5E06BC,2845,2727,-118
raw-guarded,M_SDFSWRITE_MARK_BAD71DEB,620,572,-48
raw-guarded,M_SDFSWRITE_WRITE_40A16F7D,1713,1693,-20
raw-guarded,M_SDFSWRITE_RECLAIM_B35C64A9,962,942,-20
raw-guarded,M_SDFSWRITE_TRUNCATE_031B9696,613,613,0
raw-guarded,M_SDFSWRITE_EMPTY_E038B2BB,906,873,-33
raw-guarded,M_SDFSWRITE_DELETE_04723F49,373,361,-12
raw-guarded,M_SDFSWRITE_RENAME_68E1123E,747,719,-28
raw-guarded,M_FSWRITE_ACCESS_0C7E9E15,379,359,-20
raw-guarded,M_FSWRITE_VALIDATE_5FCFD495,330,318,-12
raw-guarded,M_FSWRITE_MARK_8F6D7604,209,195,-14
raw-guarded,M_FSWRITE_NORMALIZE_5C686BA8,874,842,-32
raw-guarded,M_FSWRITE_CREATE_47C6C0B3,634,593,-41
raw-guarded,M_FSWRITE_OPEN_799F737F,956,924,-32
raw-guarded,M_FSWRITE_WRITESTEP_AD20D8EE,1503,1435,-68
raw-guarded,M_FSWRITE_BEGIN_06B2C6FE,1507,1414,-93
raw-guarded,M_FSWRITE_FINALIZE_1B960C91,576,512,-64
raw-guarded,M_FSWRITE_DELETE_68B67BAA,1418,1382,-36
raw-guarded,M_FSWRITE_RENAME_4C9B6B85,394,382,-12
raw-guarded,M_FSRELATIVE_VALIDATE_0372B7FC,253,249,-4
raw-guarded,M_FSRELATIVE_SEED_FD9BA1BB,751,703,-48
raw-guarded,M_FSRELATIVE_TRIM_C4B2DBD8,314,282,-32
raw-guarded,M_FSRELATIVE_ROOT_94E4441A,340,332,-8
raw-guarded,M_FSRELATIVE_BEGIN_CB9D8F8D,2287,2121,-166
raw-guarded,M_FSRELATIVE_PARENTDONE_9C191F46,626,610,-16
raw-guarded,M_FSRELATIVE_PARENTBEGIN_7E4CAA55,445,413,-32
raw-guarded,M_FSRELATIVE_PARENTRESULT_7CE6B959,1137,1065,-72
raw-guarded,M_FSNAMESPACE_DONE_F475AF73,381,365,-16
raw-guarded,M_FSNAMESPACE_RESOLVED_0E070C27,2347,2263,-84
raw-guarded,M_FSINFO_ENUMERATIONSTATE_A9C412AA,72,72,0
raw-guarded,M_FSINFO_CLEAR_E168B3AB,125,125,0
raw-guarded,M_FSINFO_NAME_B42C963D,753,633,-120
raw-guarded,M_FSINFO_FILL_CDFFBE8F,554,546,-8
raw-guarded,M_FSINFO_SAVE_B1E7031F,334,326,-8
raw-guarded,M_FSDIRECTORY_INITLOCKSTATE_606A2BB5,455,411,-44
raw-guarded,M_FSDIRECTORY_SELECT_4CD1EDE7,2922,2790,-132
raw-guarded,M_FSDIRECTORY_END_806A2136,320,312,-8
raw-guarded,M_FSDIRECTORY_ENTRYSTEP_D4EA4ABB,428,420,-8
raw-guarded,M_FSDIRECTORY_ENTRYRESULTSTEP_4C458A60,632,616,-16
raw-guarded,M_FSDIRECTORY_MEASUREENTRY_E6EE6D03,536,504,-32
raw-guarded,M_FSDIRECTORY_SIZERESULT_7E5452EF,248,240,-8
raw-guarded,M_FSDIRECTORY_SIZECONTINUESTEP_1EAFA525,349,341,-8
raw-guarded,M_FSDIRECTORY_PUBLISHSTEP_CC8DC0F6,619,619,0
raw-guarded,M_FSHANDLER_OPENRESULTSTEP_0C25E5DB,3365,3260,-105
raw-guarded,M_FSHANDLER_BEGINRESOLVE_DD06EE7B,123,123,0
raw-guarded,M_FSHANDLER_OPEN_99490956,764,724,-40
raw-guarded,M_FSHANDLER_LOCK_913FD727,471,439,-32
raw-guarded,M_FSHANDLER_RESOLVEREADYSTEP_BDBFDED1,231,207,-24
raw-guarded,M_FSHANDLER_OPERATIONRESULT_4184CBFA,488,432,-56
raw-guarded,M_FSHANDLER_FILE_3A9A315C,2659,2487,-172
raw-guarded,M_FSHANDLER_DISPATCHSTEP_D149BF3A,2281,2149,-132
raw-guarded,M_FSHANDLER_TAKESTEP_E4E18A11,919,867,-52
raw-guarded,M_FSHANDLER_COMPONENTSTEP_389CA8B9,223,223,0
raw-guarded,M_FSHANDLER_RESOLVEFAILURE_E91D28D8,1169,1034,-135
raw-guarded,M_FSHANDLER_RESOLVESTEP_D6E79D38,648,632,-16
raw-guarded,M_FSHANDLER_FILESTEP_A93D50C2,346,338,-8
raw-guarded,M_FSABORT_CHECKPOINT_5DD0EDAE,2077,1940,-137
raw-guarded,M_FSWORKER_DRAINED_7E6EAAA5,468,436,-32
raw-guarded,M_FSWORKER_WORKER_2BB473B0,2432,2408,-24
raw-guarded,M_FSWORKER_FINISH_EC2E5E2B,308,308,0
raw-guarded,M_FSMOUNT_DISPATCH_FD59F08F,359,327,-32
raw-guarded,M_FSMOUNT_SELECTSTEP_8E807607,875,839,-36
raw-guarded,M_FSMOUNT_COMMANDSTEP_B1883B1A,560,552,-8
raw-guarded,M_FSMOUNT_REMOVESTEP_BBB2975B,578,546,-32
raw-guarded,M_FSMOUNT_DESTROYSTEP_4CF540E7,275,275,0
raw-guarded,M_FSMUX_CONTROL_16FCB25F,212,212,0
raw-guarded,M_FSMUX_TAKE_F08F7501,337,337,0
raw-guarded,M_FSBOOT_BEGINSERVICE_BC5D2672,554,554,0
raw-guarded,M_FSBOOT_ENSURE_06ED6F00,680,680,0
raw-guarded,M_FSBOOT_STOP_AD5246E2,1086,1054,-32
raw-guarded,M_DOSCALLS_ASSIGNINDEX_01EA43CB,415,403,-12
raw-guarded,M_DOSCALLS_EXPAND_EA5329A2,1735,1707,-28
raw-guarded,M_DOSCALLS_ARGUMENTS_D4B63738,254,254,0
raw-guarded,M_DOSCALLS_NAMEARGUMENTS_4FEB00BB,278,278,0
raw-guarded,M_DOSCALLS_ACQUIRE_C423433E,1357,1357,0
raw-guarded,M_DOSCALLS_CONFIGURED_B6EDEF76,382,382,0
raw-guarded,M_DOSCALLS_DESTINATION_E6EBC832,875,875,0
raw-guarded,M_DOSCALLS_PIPE_54310E12,4,4,0
raw-guarded,M_DOSCALLS_OPEN_390423B6,1404,1404,0
raw-guarded,M_DOSCALLS_LOCK_DE185F87,822,822,0
raw-guarded,M_DOSCALLS_BADOBJECT_51D88018,123,123,0
raw-guarded,M_DOSCALLS_OBJECT_E89E37D3,317,317,0
raw-guarded,M_DOSCALLS_FILE_E8D1DABC,507,507,0
raw-guarded,M_DOSCALLS_READ_BEE8BE36,1595,1595,0
raw-guarded,M_DOSCALLS_WRITE_8E98A1A7,1945,1945,0
raw-guarded,M_DOSCALLS_SEEK_17FC33E6,1187,1187,0
raw-guarded,M_DOSCALLS_CLOSE_97169B3A,1092,1092,0
raw-guarded,M_DOSCALLS_UNLOCK_2871018C,678,678,0
raw-guarded,M_DOSCALLS_INFORMATION_13F25DEC,620,620,0
raw-guarded,M_DOSCALLS_SELECTED_604EA3D9,224,224,0
raw-guarded,M_DOSCALLS_SELECTIONREADY_28C831A1,230,230,0
raw-guarded,M_DOSCALLS_LIVESELECTION_2BE04852,442,442,0
raw-guarded,M_DOSCALLS_SELECT_1EDDE386,451,451,0
raw-guarded,M_DOSCALLS_DIRECTORY_C8028D6B,512,508,-4
raw-guarded,M_DOSCALLS_CURRENTDIR_1AA7335E,617,613,-4
raw-guarded,M_DOSCALLS_NAMEFROMLOCK_92457C4A,1060,1060,0
raw-guarded,M_DOSCALLS_ISINTERACTIVE_18CACEEA,413,413,0
raw-guarded,M_DOSCALLS_OPENCONSOLE_77C02991,445,445,0
raw-guarded,M_DOSCALLS_SETCONSOLEHISTORY_3DCB4BFF,583,583,0
raw-guarded,M_DOSCALLS_CONSOLEINFO_6FF559CD,932,932,0
raw-guarded,M_DOSCALLS_BEGINFOREGROUND_8F2474EA,4,4,0
raw-guarded,M_DOSCALLS_ENDFOREGROUND_13E30672,4,4,0
raw-guarded,M_DOSCALLS_BREAKPENDING_369675D8,4,4,0
raw-guarded,M_DOSCALLS_CLEARBREAK_3FA5821C,4,4,0
raw-guarded,M_DOSCALLS_FLUSH_D2ADBAEC,865,865,0
raw-guarded,M_DOSCALLS_CREATEDIR_E8A266C7,670,670,0
raw-guarded,M_DOSCALLS_PATHMOUNT_48952362,564,564,0
raw-guarded,M_DOSCALLS_NAMESPACE_643E89B3,2382,2382,0
raw-guarded,M_DOSCALLS_DELETEFILE_59D38A29,121,121,0
raw-guarded,M_DOSCALLS_RENAME_EEAD93B4,121,121,0
raw-guarded,M_DOSCALLS_ASSIGNPATH_80851264,3533,3470,-63
raw-guarded,M_DOSCALLS_GETASSIGN_704BF595,882,882,0
raw-guarded,M_CSTRING_IMPL_STRLEN_EB4E5981,149,149,0
raw-guarded,M_CSTRING_IMPL_STRNLEN_AC461397,223,223,0
raw-guarded,M_CSTRING_IMPL_STRCMP_87478B58,303,303,0
raw-guarded,M_CSTRING_IMPL_STRNCMP_6395B42E,357,357,0
raw-guarded,M_CSTRING_IMPL_STRCHR_2037DF45,149,145,-4
raw-guarded,M_CSTRING_IMPL_STRLCPY_C7039D62,641,641,0
raw-guarded,M_CSTRING_IMPL_STRLCAT_C4908C8C,839,839,0
raw-guarded,M_CSTRING_IMPL_U32TOA_D9A955C5,951,951,0
raw-guarded,M_DOSUTILITY_WRITEALL_BCEF29C3,994,994,0
raw-guarded,M_DOSUTILITY_READERINIT_DF037B30,147,147,0
raw-guarded,M_DOSUTILITY_READBYTE_60ED3FBB,1410,1390,-20
raw-guarded,M_DOSUTILITY_READLINE_B96FCD33,898,898,0
raw-guarded,M_DOSFAULT_MESSAGE_9D326B2A,1960,1960,0
raw-guarded,M_DOSFAULT_FORMAT_76BA9D40,2203,2191,-12
raw-guarded,M_DOSFAULT_FAULT_7DB91D83,251,251,0
raw-guarded,M_DOSFAULT_PRINTFAULT_CDC48706,695,695,0
raw-guarded,M_DOS_ASSIGNPATH_070E31B9,4,4,0
raw-guarded,M_DOS_GETASSIGN_06EFA68A,4,4,0
raw-guarded,M_DOS_SETCONSOLEHISTORY_1C523BD8,4,4,0
raw-guarded,M_DOS_FLUSH_47C61517,4,4,0
raw-guarded,M_DOS_CREATEDIR_239F3D94,4,4,0
raw-guarded,M_DOS_DELETEFILE_4D32A614,4,4,0
raw-guarded,M_DOS_RENAME_F915C271,4,4,0
raw-guarded,M_DOS_OPEN_87DAE823,4,4,0
raw-guarded,M_DOS_READ_BCD2228F,4,4,0
raw-guarded,M_DOS_WRITE_BE4FDE64,4,4,0
raw-guarded,M_DOS_SEEK_DE9F46FB,4,4,0
raw-guarded,M_DOS_CLOSE_4C224801,4,4,0
raw-guarded,M_DOS_SETIOERR_7AEF42E2,4,4,0
raw-guarded,M_DOS_IOERR_E649FF90,4,4,0
raw-guarded,M_DOS_RELEASECONTEXT_9DB9F883,4,4,0
raw-guarded,M_DOS_LOCK_4DEC517E,4,4,0
raw-guarded,M_DOS_UNLOCK_74209499,4,4,0
raw-guarded,M_DOS_EXAMINE_1F15C1B0,121,121,0
raw-guarded,M_DOS_EXNEXT_623C7B53,121,121,0
raw-guarded,M_DOS_INPUT_41B1DDE9,98,98,0
raw-guarded,M_DOS_OUTPUT_DF7018DC,98,98,0
raw-guarded,M_DOS_SELECTINPUT_FF0F4771,107,107,0
raw-guarded,M_DOS_SELECTOUTPUT_3A928904,107,107,0
raw-guarded,M_DOS_ISINTERACTIVE_FD05AE49,4,4,0
raw-guarded,M_DOS_CURRENTDIR_764577CB,4,4,0
raw-guarded,M_DOS_NAMEFROMLOCK_8794AD67,4,4,0
raw-guarded,M_DOS_BEGINFOREGROUND_987C8D99,4,4,0
raw-guarded,M_DOS_ENDFOREGROUND_8BF477E5,4,4,0
raw-guarded,M_DOS_BREAKPENDING_07C42681,4,4,0
raw-guarded,M_DOS_CLEARBREAK_6F85C46D,4,4,0
raw-guarded,M_DOS_PIPE_1D28B7D3,4,4,0
raw-guarded,M_DOS_OPENCONSOLE_2100231A,4,4,0
raw-guarded,M_DOS_CONSOLEINFO_BA8927CE,4,4,0
raw-guarded,M_DOS_FAULT_8C83808D,4,4,0
raw-guarded,M_DOS_PRINTFAULT_C841DC04,4,4,0
raw-guarded,M_TASKINSPECT_SNAPSHOT_72A67CF0,1142,1118,-24
raw-guarded,M_DEVICEINSPECT_SNAPSHOT_EBB6295F,752,752,0
raw-guarded,M_FSINSPECT_CACHESTATUS_E621CC2A,569,565,-4
raw-guarded,M_FSINSPECT_SNAPSHOT_873CF8A6,1444,1408,-36
raw-guarded,M_FSINSPECT_SYSTEMWRITABLE_448881D5,382,370,-12
raw-guarded,M_O65MEMORY_RESERVE_67ABB944,157,157,0
raw-guarded,M_O65MEMORY_ALLOCATE_1084F809,95,95,0
raw-guarded,M_O65MEMORY_STORAGE_289ABF3F,118,118,0
raw-guarded,M_O65READ_FAIL_6B141CC7,87,87,0
raw-guarded,M_O65READ_TAKE_D99B2660,332,332,0
raw-guarded,M_O65READ_U8_A5F42EC2,261,257,-4
raw-guarded,M_O65READ_U16_9E5A6B5F,184,184,0
raw-guarded,M_O65READ_U32_BA2CF799,284,284,0
raw-guarded,M_O65READ_COUNT_2EF12376,434,434,0
raw-guarded,M_O65READ_EQUAL_AD4D340B,248,248,0
raw-guarded,M_O65READ_LITERAL_8D1D12D6,165,165,0
raw-guarded,M_O65READ_NAMEBYTE_937CC326,199,199,0
raw-guarded,M_O65READ_NAME_0A34D852,700,692,-8
raw-guarded,M_O65READ_STRING_E289F21C,769,761,-8
raw-guarded,M_O65READ_SECTIONSIZE_0E90CADD,167,167,0
raw-guarded,M_O65READ_EXTENT_816E81E1,137,137,0
raw-guarded,M_O65WIRE_HEADER_58EA710F,3444,3432,-12
raw-guarded,M_O65WIRE_EXPORTS_13C8B799,1178,1178,0
raw-guarded,M_O65PROFILE_IMPORTS_FC0170BC,1243,1239,-4
raw-guarded,M_PROGRAMIMAGE_FREE_CFEA1DF0,555,555,0
raw-guarded,M_PROGRAMIMAGE_ATTACH_B33B47DB,336,336,0
raw-guarded,M_PROGRAMIMAGE_DROPOWNER_EE15CDE2,468,468,0
raw-guarded,M_PROGRAMIMAGE_DETACH_807AC96B,457,457,0
raw-guarded,M_O65RELOCATIONS_BASE_44BA7C79,229,229,0
raw-guarded,M_O65RELOCATIONS_WALK_0850572F,4462,4442,-20
raw-guarded,M_O65RELOCATIONS_READ_4B7C0B1C,89,89,0
raw-guarded,M_O65RELOCATIONS_PATCHES_74DD4940,163,163,0
raw-guarded,M_O65_RELEASE_DA7FFCCE,350,346,-4
raw-guarded,M_O65_DESCRIPTOR_41119D04,1057,1053,-4
raw-guarded,M_O65_VALIDATE_31EC2383,1047,1039,-8
raw-guarded,M_DOSINHERIT_CLONEFILE_B3A0D025,809,809,0
raw-guarded,M_DOSINHERIT_CLONELOCK_889C592A,976,971,-5
raw-guarded,M_DOSINHERIT_STREAM_24BB16AC,1080,1080,0
raw-guarded,M_DOSINHERIT_CLONE_1DB40F0B,814,814,0
raw-guarded,M_DOSINHERIT_DISCARD_44133C6A,1454,1422,-32
raw-guarded,M_DOSINHERIT_FINALIZEDETACHED_E855A6F0,1137,1137,0
raw-guarded,M_DOSINHERIT_ADOPT_35538564,193,193,0
raw-guarded,M_DOSGROUP_BEGIN_073142E7,752,752,0
raw-guarded,M_DOSGROUP_VALID_7D621B56,195,195,0
raw-guarded,M_DOSGROUP_SEAL_B243143B,436,436,0
raw-guarded,M_DOSGROUP_READY_271F659D,194,194,0
raw-guarded,M_DOSGROUP_CANCEL_B8897A90,229,229,0
raw-guarded,M_DOSGROUP_JOIN_A4542070,733,733,0
raw-guarded,M_DOSGROUP_LEAVE_AF8BE2F5,552,552,0
raw-guarded,M_DOSGROUP_END_0E9A4197,803,803,0
raw-guarded,M_DOSPROCESS_DISCARD_B47D4E40,801,801,0
raw-guarded,M_DOSPROCESS_SNAPSHOT_8415B6DE,1147,1147,0
raw-guarded,M_DOSPROCESS_PREPARE_AF74B007,1121,1121,0
raw-guarded,M_DOSPROCESS_PREPAREGROUP_5B2830CC,928,920,-8
raw-guarded,M_DOSPROCESS_ENTERFOREGROUND_ADB53B83,652,652,0
raw-guarded,M_DOSPROCESS_ADOPT_5B5DBE18,1110,1110,0
raw-guarded,M_DOSPROCESS_RESTOREFOREGROUND_D0EE9507,469,469,0
raw-guarded,M_DOSPROCESS_CLEANUP_CE292B9A,1483,1483,0
raw-guarded,M_DOSPROCESS_RELEASEPARENT_43E07877,587,583,-4
raw-guarded,M_PROCESS_CONTROL_D28A63F1,121,121,0
raw-guarded,M_PROCESS_CURRENT_07EFB7F5,89,89,0
raw-guarded,M_PROCESS_GETARGSTR_37000207,147,147,0
raw-guarded,M_PROCESS_EXECUTEIMAGE_8428E44E,460,460,0
raw-guarded,M_PROCESS_RUN_4C2ABD87,811,811,0
raw-guarded,M_PROCESS_FINISH_AE17E2ED,587,587,0
raw-guarded,M_PROCESS_RELEASESTORAGE_F7C3DB6E,777,771,-6
raw-guarded,M_PROCESS_STARTINTERNAL_08C34541,2112,2084,-28
raw-guarded,M_PROCESS_START_10858ECA,111,111,0
raw-guarded,M_PROCESS_STARTFOREGROUND_F931F4E9,111,111,0
raw-guarded,M_PROCESS_STARTLOADED_CDAA1C3D,214,214,0
raw-guarded,M_PROCESS_PREPARELOADED_143E0750,217,217,0
raw-guarded,M_PROCESS_STARTPREPARED_C79EF329,445,445,0
raw-guarded,M_PROCESS_DISCARDPREPARED_9F7D5787,366,366,0
raw-guarded,M_PROCESS_COLLECT_3A4F29C8,591,591,0
raw-guarded,M_PROCESS_WAIT_BEBC9E91,455,455,0
raw-guarded,M_DOSARGS_CLEAR_67E19159,219,219,0
raw-guarded,M_DOSARGS_BOUNDEDLENGTH_E004A013,106,106,0
raw-guarded,M_DOSARGS_UPPER_7F315E6C,109,109,0
raw-guarded,M_DOSARGS_LETTER_897462C0,148,148,0
raw-guarded,M_DOSARGS_SAME_51AE7922,282,282,0
raw-guarded,M_DOSARGS_DESCRIBE_D600A84B,1858,1858,0
raw-guarded,M_DOSARGS_WORD_271132B0,662,637,-25
raw-guarded,M_DOSARGS_NUMERIC_B3350961,687,675,-12
raw-guarded,M_DOSARGS_DECODE_CCDE93B6,3613,3613,0
raw-guarded,M_DOSARGS_PARSE_ACA8C265,624,624,0
raw-guarded,M_DOSCOMMAND_HELP_D3856E13,359,359,0
raw-guarded,M_DOSCOMMAND_SHOWTEMPLATE_03EA47A3,1321,1321,0
raw-guarded,M_DOSCOMMAND_READARGSORHELP_AC23446B,1078,1078,0
raw-guarded,M_PROGRAMAPI_ASSIGNPATH_70177325,4,4,0
raw-guarded,M_PROGRAMAPI_GETASSIGN_8DA1FFAE,4,4,0
raw-guarded,M_PROGRAMAPI_OPEN_8638DB5F,4,4,0
raw-guarded,M_PROGRAMAPI_READ_3155DB03,4,4,0
raw-guarded,M_PROGRAMAPI_WRITE_84FB7088,4,4,0
raw-guarded,M_PROGRAMAPI_SEEK_31854D3F,4,4,0
raw-guarded,M_PROGRAMAPI_CLOSE_24FF6A65,4,4,0
raw-guarded,M_PROGRAMAPI_FLUSH_DB8CCFBB,4,4,0
raw-guarded,M_PROGRAMAPI_CREATEDIR_28E82C70,4,4,0
raw-guarded,M_PROGRAMAPI_DELETEFILE_1B5DE7B0,4,4,0
raw-guarded,M_PROGRAMAPI_RENAME_C087BEE5,4,4,0
raw-guarded,M_PROGRAMAPI_INPUT_CF30B53D,80,80,0
raw-guarded,M_PROGRAMAPI_OUTPUT_24288338,80,80,0
raw-guarded,M_PROGRAMAPI_IOERR_5170B12C,4,4,0
raw-guarded,M_PROGRAMAPI_GETARGSTR_01F4859C,4,4,0
raw-guarded,M_PROGRAMAPI_READARGS_BFA789E0,355,355,0
raw-guarded,M_PROGRAMAPI_SETIOERR_D3F44706,4,4,0
raw-guarded,M_PROGRAMAPI_BREAKPENDING_F12A3675,4,4,0
raw-guarded,M_PROGRAMAPI_YIELD_8B32D3B0,42,42,0
raw-guarded,M_PROGRAMAPI_WRITEALL_2F9D9EC1,4,4,0
raw-guarded,M_PROGRAMAPI_READERINIT_0B3A5F6A,4,4,0
raw-guarded,M_PROGRAMAPI_READBYTE_268CDC31,4,4,0
raw-guarded,M_PROGRAMAPI_READLINE_D25FAB11,4,4,0
raw-guarded,M_PROGRAMAPI_LOCK_D0030F12,4,4,0
raw-guarded,M_PROGRAMAPI_UNLOCK_3CF9C02D,4,4,0
raw-guarded,M_PROGRAMAPI_EXAMINE_6478E83C,121,121,0
raw-guarded,M_PROGRAMAPI_EXNEXT_3BA57C27,121,121,0
raw-guarded,M_PROGRAMAPI_ISINTERACTIVE_056AF905,4,4,0
raw-guarded,M_PROGRAMAPI_OPENCONSOLE_E4ECC506,4,4,0
raw-guarded,M_PROGRAMAPI_CONSOLEINFO_2608391A,4,4,0
raw-guarded,M_PROGRAMAPI_FAULT_DA8736E9,4,4,0
raw-guarded,M_PROGRAMAPI_PRINTFAULT_2BBE94D8,4,4,0
raw-guarded,M_PROGRAMAPI_READARGSORHELP_0AAF8D06,189,189,0
raw-guarded,M_PROGRAMPROVIDERS_RESOLVE_0AD38ACF,2949,2945,-4
raw-guarded,M_PROGRAMPLACE_ALLOCATE_8CF1E5BF,1325,1325,0
raw-guarded,M_PROGRAMPLACE_PATCHES_2338CDC0,96,96,0
raw-guarded,M_PROGRAMPLACE_COPY_75B5AA8B,230,230,0
raw-guarded,M_PROGRAM_LOAD_3AF1DE19,1588,1588,0
raw-guarded,M_PROGRAM_UNLOAD_C8BC2432,4,4,0
raw-guarded,M_PROGRAMFILE_LOAD_6B2BC763,2582,2582,0
raw-guarded,M_PIPELINE_RUN_E96AA47C,5287,5287,0
raw-guarded,M_DEMO_SHELLLINE_05385AFA,89,89,0
raw-guarded,M_DEMO_SHELLDRAWBUFFER_40A1F650,99,99,0
raw-guarded,M_DEMO_SHELLSCRATCH_4CC9A4C2,99,99,0
raw-guarded,M_DEMO_SHELLTRANSFER_5E61BE6D,99,99,0
raw-guarded,M_DEMO_SHELLFAIL_8B3FAF62,298,254,-44
raw-guarded,M_DEMO_SHELLLENGTH_41312048,134,134,0
raw-guarded,M_DEMO_SHELLEQUAL_87D888CC,272,272,0
raw-guarded,M_DEMO_SHELLPOLL_FD68673B,220,220,0
raw-guarded,M_DEMO_SHELLSCOPE_835D7600,292,284,-8
raw-guarded,M_DEMO_SHELLRETIREBREAK_55533B4C,660,652,-8
raw-guarded,M_DEMO_SHELLWRITE_F024753B,857,813,-44
raw-guarded,M_DEMO_SHELLBYTE_63E82DA4,258,258,0
raw-guarded,M_DEMO_SHELLTEXT_3AA6BB8B,633,621,-12
raw-guarded,M_DEMO_SHELLNUMBER_CB70AEA1,612,612,0
raw-guarded,M_DEMO_SHELLDIAGNOSTIC_90251983,1789,1604,-185
raw-guarded,M_DEMO_SHELLHISTORY_253D1EFE,572,540,-32
raw-guarded,M_DEMO_SHELLPROMPT_49927678,327,307,-20
raw-guarded,M_DEMO_SHELLCLEAR_C99F4545,150,142,-8
raw-guarded,M_DEMO_SHELLCLASSIFY_4EDF64CA,1143,1143,0
raw-guarded,M_DEMO_SHELLPIPEBOUNDARY_12E051D2,598,482,-116
raw-guarded,M_DEMO_SHELLARGUMENT_06FF7069,820,700,-120
raw-guarded,M_DEMO_SHELLPARSE_A0346EB9,4398,3806,-592
raw-guarded,M_DEMO_SHELLALIASNAME_AB73FBF9,390,390,0
raw-guarded,M_DEMO_SHELLALIASTEXT_A6FBD7BD,261,261,0
raw-guarded,M_DEMO_SHELLALIASINDEX_3346373C,335,323,-12
raw-guarded,M_DEMO_SHELLALIASSHOW_53099C95,446,446,0
raw-guarded,M_DEMO_SHELLALIASCOMMAND_96FDFCD5,2100,2028,-72
raw-guarded,M_DEMO_SHELLUNALIASCOMMAND_0E212A24,415,383,-32
raw-guarded,M_DEMO_SHELLALIASREPLACE_D1C41638,1734,1654,-80
raw-guarded,M_DEMO_SHELLALIASEXPAND_1DD100F8,198,184,-14
raw-guarded,M_DEMO_SHELLCHANGE_9A7AB49E,1396,1348,-48
raw-guarded,M_DEMO_SHELLRELEASELOCK_B96B0C1C,684,660,-24
raw-guarded,M_DEMO_SHELLDIR_42E4EEF3,2110,2058,-52
raw-guarded,M_DEMO_SHELLCONVERT_E2CF79D9,366,366,0
raw-guarded,M_DEMO_SHELLCLOSECOMMANDINPUT_4078E4EF,226,201,-25
raw-guarded,M_DEMO_SHELLTYPE_1AFF6CB6,1962,1914,-48
raw-guarded,M_DEMO_SHELLMEM_AF895CA1,1671,1671,0
raw-guarded,M_DEMO_SHELLTASKSTATE_696E6DB8,234,234,0
raw-guarded,M_DEMO_SHELLTASKS_EC8AA98C,1647,1627,-20
raw-guarded,M_DEMO_SHELLDEVICES_F77A45DF,982,974,-8
raw-guarded,M_DEMO_SHELLMOUNTS_AF3EE75C,1872,1864,-8
raw-guarded,M_DEMO_SHELLCLOSETEMPORARY_12B1A0C5,557,533,-24
raw-guarded,M_DEMO_SHELLUNREDIRECT_A96C796F,1478,1308,-170
raw-guarded,M_DEMO_SHELLREDIRECT_189A437C,2049,1905,-144
raw-guarded,M_DEMO_SHELLPATHENTRY_DB7471EF,166,166,0
raw-guarded,M_DEMO_SHELLPATHRESET_72A30C98,218,206,-12
raw-guarded,M_DEMO_SHELLPATHEQUAL_1BAC498B,240,240,0
raw-guarded,M_DEMO_SHELLPATHASSIGNED_B6DA4F91,655,655,0
raw-guarded,M_DEMO_SHELLPATHUPDATE_51351508,2617,2557,-60
raw-guarded,M_DEMO_SHELLPATH_505E8FAB,1384,1300,-84
raw-guarded,M_DEMO_SHELLPATHMISS_F697D8DD,148,148,0
raw-guarded,M_DEMO_SHELLLOADCOMMAND_919DB943,1796,1784,-12
raw-guarded,M_DEMO_SHELLEXTERNAL_6FFCDB1B,1084,1052,-32
raw-guarded,M_DEMO_SHELLPIPELINE_3089A788,1716,1591,-125
raw-guarded,M_DEMO_SHELLDISPATCH_61C1EC5C,3182,3089,-93
raw-guarded,M_DEMO_SHELLCOMMAND_F85F9F19,1273,1176,-97
raw-guarded,M_DEMO_SHELLREADSTEP_67245C10,2399,2175,-224
raw-guarded,M_DEMO_SHELLOPEN_309B1844,1460,1388,-72
raw-guarded,M_DEMO_SHELLINITIALPROMPT_533D0DC4,268,236,-32
raw-guarded,M_DEMO_SHELLSTART_EB23C688,264,252,-12
raw-guarded,M_DEMO_SHELLFINISH_96C56219,3063,2939,-124
raw-guarded,M_DEMO_SHELLCACHESTATUS_0F6F58DA,365,349,-16
raw-guarded,M_DEMO_SHELLBOOTSIO_CB000C63,927,927,0
raw-guarded,M_DEMO_SHELLBOOTSTART_83789768,3653,3421,-232
raw-guarded,M_DEMO_DEMONAME_3669E60C,415,415,0
raw-guarded,M_DEMO_DEMOTEXT_C012A5A2,199,190,-9
raw-guarded,M_DEMO_DEMONUMBER_B404F7D0,478,470,-8
raw-guarded,M_DEMO_DEMOPRIME_7F18EBC0,548,548,0
raw-guarded,M_DEMO_DEMOCOMPUTE_108F568E,1840,1804,-36
raw-guarded,M_DEMO_DEMOSTART_FC398735,2431,2431,0
raw-guarded,M_DEMO_DEMOFINISH_E4DD1D06,1363,1363,0
raw-guarded,M_DEMO_MAIN_C5B18743,326,314,-12
raw-guarded,__a816_mul_u16_v2,36,36,0
raw-guarded,__a816_div_u16_v2,64,64,0
raw-guarded,__a816_mod_u16_v2,64,64,0
raw-guarded,__a816_mul_u24_v2,76,76,0
raw-guarded,__a816_mul_u32_v2,59,59,0
raw-guarded,__a816_mod_i32_v2,162,162,0
raw-guarded,__a816_div_u32_v2,97,97,0
raw-guarded,__a816_mod_u32_v2,97,97,0
raw-guarded,__a816_div_i32_v2,162,162,0
