profile,mode,routine,before,after,saved,frame
core,raw,M_EXECMEMORY_VALIDBANK_E9E0A79B,98,98,0,6
core,raw,M_EXECMEMORY_VALIDOWNER_462B929A,130,130,0,6
core,raw,M_EXECMEMORY_ADOPT_494D3B99,1291,1061,230,12
core,raw,M_EXECMEMORY_QUERY_D2E34F9F,561,561,0,14
core,raw,M_EXECMEMORY_RESERVEEXACT_88D3D2C8,1082,944,138,10
core,raw,M_EXECMEMORY_ACQUIRE_EAA019EB,729,683,46,14
core,raw,M_EXECMEMORY_RELEASE_A6E307FC,1202,1064,138,10
core,raw,M_EXECMEMORY_INIT_F4EA07E3,137,137,0,4
core,raw,M_EXECLISTS_NEWLIST_B3502541,277,277,0,12
core,raw,M_EXECLISTS_NEWMINLIST_A2695943,164,164,0,8
core,raw,M_EXECLISTS_ISLISTEMPTY_6EEB0796,262,220,42,12
core,raw,M_EXECLISTS_ISMINLISTEMPTY_6D517164,194,194,0,8
core,raw,M_EXECLISTS_ADDHEAD_3AE3E6E4,303,303,0,16
core,raw,M_EXECLISTS_ADDTAIL_A1C0F364,322,322,0,16
core,raw,M_EXECLISTS_INSERT_468B11BA,964,746,218,16
core,raw,M_EXECLISTS_REMOVE_2E26C2C1,189,189,0,6
core,raw,M_EXECLISTS_REMHEAD_F8063CE7,401,327,74,12
core,raw,M_EXECLISTS_REMTAIL_292EAA27,401,327,74,12
core,raw,M_EXECLISTS_ENQUEUE_763E1E61,708,582,126,20
core,raw,M_EXECLISTS_FINDNAME_2659CDBB,891,635,256,22
core,raw,M_HEAPCORE_ROUNDED_9D79FA03,545,545,0,14
core,raw,M_HEAPCORE_BOUNDS_2387CB05,1922,1844,78,24
core,raw,M_HEAPCORE_CHUNKADDRESS_A551D41B,866,866,0,24
core,raw,M_HEAPCORE_NEXTADDRESS_E32592FF,879,879,0,24
core,raw,M_HEAPCORE_CHUNKEND_0E0C27CE,1321,1321,0,28
core,raw,M_HEAPCORE_VALIDATE_B397AD34,854,770,84,26
core,raw,M_HEAPCORE_LINK_9B47F952,251,173,78,8
core,raw,M_HEAPCORE_WRITECHUNK_D768FC26,160,160,0,8
core,raw,M_HEAPCORE_SPLIT_B6117102,1331,1331,0,32
core,raw,M_HEAPCORE_CANDIDATE_07CF3557,595,549,46,20
core,raw,M_HEAPCORE_RESERVE_2192E9C0,2079,1949,130,40
core,raw,M_HEAPCORE_ALLOCATE_E39F1AF5,236,236,0,12
core,raw,M_HEAPCORE_LARGEST_AA9886E8,2256,2126,130,42
core,raw,M_HEAPCORE_INSERTFREE_129E41BB,1790,1548,242,24
core,raw,M_HEAPCORE_RETURNRANGE_11C95A83,2374,2122,252,26
core,raw,M_HEAPCORE_DEALLOCATE_60F97CF2,1195,1195,0,32
core,raw,M_HEAPPOLICY_GETSTATE_9B9EAF7C,113,113,0,8
core,raw,M_HEAPPOLICY_HEADER_A992FDFC,241,241,0,12
core,raw,M_HEAPPOLICY_SHUTDOWN_9E341637,730,684,46,18
core,raw,M_HEAPPOLICY_RUNS_07A33D25,483,391,92,24
core,raw,M_HEAPPOLICY_REGION_F42DC07D,1163,1163,0,22
core,raw,M_HEAPPOLICY_START_1455FA91,1965,1873,92,32
core,raw,M_HEAPPOLICY_INIT_69D6AA0D,546,546,0,16
core,raw,M_HEAPPOLICY_FLAGSVALID_4BF22F96,1283,1237,46,24
core,raw,M_HEAPPOLICY_DESCRIPTOR_8971C45E,969,969,0,24
core,raw,M_HEAPPOLICY_VALIDATEREGIONS_C3A52ACE,1805,1393,412,28
core,raw,M_HEAPPOLICY_MATCHES_ACC95206,314,314,0,18
core,raw,M_HEAPPOLICY_RESERVE_42F2499D,1982,1680,302,28
core,raw,M_HEAPPOLICY_LOCATE_7B91FF59,1102,1022,80,30
core,raw,M_HEAPPOLICY_FREE_3EA2E1EF,1708,1630,78,30
core,raw,M_HEAPPOLICY_AVAIL_22774B2C,2370,2198,172,36
core,raw,M_HEAPPOLICY_MEMORYTYPE_D394B206,402,324,78,12
core,raw,M_HEAPPOLICY_VECTORBYTES_E6541B8F,619,619,0,20
core,raw,M_HEAPPOLICY_RESERVEVECTOR_C09ED6F4,547,547,0,18
core,raw,M_HEAPPOLICY_FREEVECTOR_698EC5DE,2398,2242,156,34
core,raw,M_TASKPOLICY_RECORDFOR_833E2B66,235,235,0,12
core,raw,M_TASKPOLICY_SAVEDWORD_D1C8E663,131,131,0,12
core,raw,M_TASKPOLICY_RESULT_DA2077E3,126,126,0,12
core,raw,M_TASKPOLICY_POINTERRESULT_E8D88610,362,362,0,16
core,raw,M_TASKPOLICY_ARGUMENTPOINTER_A19325C6,497,497,0,12
core,raw,M_TASKPOLICY_FLAGS_56B3B4FF,150,150,0,12
core,raw,M_TASKPOLICY_PROTECTED_FCDCE808,365,321,44,8
core,raw,M_TASKPOLICY_LOOKUP_41F6D1E4,1183,903,280,24
core,raw,M_TASKPOLICY_WRITABLE_0565D862,1050,1050,0,32
core,raw,M_TASKPOLICY_AVAILABLERECORD_80983EA0,1044,906,138,28
core,raw,M_TASKPOLICY_EMPTYMEMORY_C893BDB0,633,499,134,16
core,raw,M_TASKPOLICY_VALIDENTRY_58BA8A58,440,366,74,22
core,raw,M_TASKPOLICY_STACKSLOT_2A322EEA,1495,1187,308,22
core,raw,M_TASKPOLICY_PREPARESTACK_1A1C583B,716,716,0,24
core,raw,M_TASKPOLICY_PREPAREDOMAIN_45DA3401,1132,1132,0,24
core,raw,M_TASKPOLICY_PREPAREFRAME_D5FF2FA0,704,658,46,26
core,raw,M_TASKPOLICY_SETSTATE_52D88FAF,275,191,84,12
core,raw,M_TASKPOLICY_READY_679992F5,456,456,0,16
core,raw,M_TASKPOLICY_INITSIGNALS_5C831CB9,556,556,0,12
core,raw,M_TASKPOLICY_ADMIT_CF1671AB,995,995,0,16
core,raw,M_TASKPOLICY_INIT_57A5FAC8,3079,2987,92,30
core,raw,M_TASKPOLICY_TIMEDCOUNT_C3B59E74,120,120,0,8
core,raw,M_TASKPOLICY_ADJUSTTIMED_DDC1BE1E,249,203,46,10
core,raw,M_TASKPOLICY_WAKE_9E9C7518,652,560,92,16
core,raw,M_TASKPOLICY_SELECT_1A709B3E,1277,949,328,14
core,raw,M_TASKPOLICY_SWITCH_98522C9E,844,686,158,8
core,raw,M_TASKPOLICY_EMPTYSIGNALS_EA2224E4,853,809,44,12
core,raw,M_TASKPOLICY_ADD_A5E7C92B,3010,2566,444,36
core,raw,M_TASKPOLICY_REMOVETASK_35F29A21,2969,2371,598,18
core,raw,M_TASKPOLICY_SAMENAME_968CD62D,652,482,170,18
core,raw,M_TASKPOLICY_FIND_0D9A09D7,987,771,216,16
core,raw,M_TASKPOLICY_PRIORITY_7FE7EE8A,777,699,78,16
core,raw,M_TASKPOLICY_EXCLUSION_DFE541A6,569,523,46,16
core,raw,M_TASKPOLICY_SLEEPTASK_6A909BCC,1294,1248,46,16
core,raw,M_TASKPOLICY_MASKRESULT_220A6FAB,386,386,0,20
core,raw,M_TASKPOLICY_SIGNALBIT_7E52F9EF,232,232,0,14
core,raw,M_TASKPOLICY_ALLOCATEBIT_A349E154,1439,1255,184,28
core,raw,M_TASKPOLICY_MASKS_49833CE1,1880,1650,230,38
core,raw,M_TASKPOLICY_COMPLETEWAIT_31FB45E4,626,580,46,16
core,raw,M_TASKPOLICY_WAITTASK_AD94C4A2,935,889,46,24
core,raw,M_TASKPOLICY_POSTSIGNAL_10773240,582,536,46,22
core,raw,M_TASKPOLICY_SIGNALTASK_806F80F5,1023,899,124,24
core,raw,M_TASKPOLICY_CANCELWAKE_8ADC984A,233,187,46,4
core,raw,M_TASKPOLICY_DRAINONE_68E56764,1006,729,277,14
core,raw,M_TASKPOLICY_DRAINWAKES_15F017CB,579,441,138,4
core,raw,M_TASKPOLICY_BOUNDPRODUCER_6D7B4E54,1001,749,252,12
core,raw,M_TASKPOLICY_PRODUCERCONTROL_52F9499B,2110,1756,354,22
core,raw,M_TASKPOLICY_MEMORYSERVICE_7FAD083C,311,223,88,4
core,raw,M_TASKPOLICY_MEMORYPACKET_B36B55BB,634,496,138,16
core,raw,M_TASKPOLICY_MEMORYCALL_E7816C43,2489,2121,368,32
core,raw,M_TASKPOLICY_PORTSERVICE_8D598BCC,191,147,44,4
core,raw,M_TASKPOLICY_INITPORTS_2CB7E92A,238,238,0,12
core,raw,M_TASKPOLICY_PORTSTORAGE_D3468DA2,431,353,78,14
core,raw,M_TASKPOLICY_VALIDPORT_7710F985,588,404,184,4
core,raw,M_TASKPOLICY_VALIDMESSAGE_C0DE7739,607,453,154,14
core,raw,M_TASKPOLICY_SENDMESSAGE_7332557D,1417,1071,346,20
core,raw,M_TASKPOLICY_PORTHEAD_A12A0751,1174,868,306,16
core,raw,M_TASKPOLICY_PORTDELETE_CF47DFE6,1327,1063,264,22
core,raw,M_TASKPOLICY_REGISTRYCALL_6B5FFB7F,1726,1372,354,18
core,raw,M_TASKPOLICY_QUEUECALL_62B0545B,1763,1455,308,24
core,raw,M_TASKPOLICY_PORTCALL_70989793,1483,1299,184,24
core,raw,M_TASKPOLICY_IOSERVICE_1E6CF653,191,147,44,4
core,raw,M_TASKPOLICY_INITIONAMES_D8642B1E,1379,1379,0,14
core,raw,M_TASKPOLICY_INITIO_35D5D1E4,1258,1062,196,16
core,raw,M_TASKPOLICY_IOEXTENT_9818C08A,615,569,46,20
core,raw,M_TASKPOLICY_IOERROR_9413450C,310,264,46,14
core,raw,M_TASKPOLICY_IONAME_8B922013,347,269,78,8
core,raw,M_TASKPOLICY_IOBOUND_33A4879E,1262,896,366,16
core,raw,M_TASKPOLICY_IOOPEN_15F8E966,1241,1103,138,16
core,raw,M_TASKPOLICY_IOOPENTEST_C4ABA6E6,1755,1533,222,20
core,raw,M_TASKPOLICY_IOCOMPLETE_88BA0BF3,551,505,46,20
core,raw,M_TASKPOLICY_IOWAITOWNER_63A51E9E,631,499,132,16
core,raw,M_TASKPOLICY_IOCOLLECT_D169FE6C,1057,873,184,16
core,raw,M_TASKPOLICY_IOENQUEUE_EC975914,1982,1788,194,24
core,raw,M_TASKPOLICY_IOBEGIN_A0C610B5,1837,1491,346,14
core,raw,M_TASKPOLICY_IOTESTBEGIN_2E780855,999,929,70,18
core,raw,M_TASKPOLICY_IOABORT_1EC95CFC,1820,1462,358,18
core,raw,M_TASKPOLICY_IOWORKERCONTROL_3D43EE5B,1324,992,332,14
core,raw,M_TASKPOLICY_IOCLAIM_E59988BA,750,592,158,16
core,raw,M_TASKPOLICY_IOTEST_D46D842E,1607,1131,476,18
core,raw,M_TASKPOLICY_IOTESTFINISH_35E02F77,848,756,92,20
core,raw,M_TASKPOLICY_IOCALL_78031962,2371,1957,414,28
core,raw,M_TASKPOLICY_IOREQUESTCALL_7ACD78BD,805,621,184,14
core,raw,M_TASKPOLICY_IOSETTLEDCALL_042AE5B9,2010,1544,466,20
core,raw,M_TASKPOLICY_INITSIOSTATE_10B63F2C,822,822,0,20
core,raw,M_TASKPOLICY_SIOBOUND_346E47DB,1651,1533,118,26
core,raw,M_TASKPOLICY_SIOOPEN_38E97F75,1970,1832,138,30
core,raw,M_TASKPOLICY_SIOCLOSE_4815C4E5,206,206,0,16
core,raw,M_TASKPOLICY_SIOENQUEUE_F49C65E1,1104,966,138,24
core,raw,M_TASKPOLICY_SIOABORT_410D8B25,675,601,74,20
core,raw,M_TASKPOLICY_SIOPREPAREWORKER_A27B8738,987,941,46,22
core,raw,M_TASKPOLICY_SIOPREPAREBUS_A2AD2C52,598,598,0,14
core,raw,M_TASKPOLICY_SIOADMIT_DC2C0CF4,1361,1069,292,30
core,raw,M_TASKPOLICY_SIOTAKE_23947030,964,764,200,18
core,raw,M_TASKPOLICY_SIOFINISH_B1C2A78C,1031,861,170,26
core,raw,M_TASKPOLICY_SIOSTOP_31FA5BA1,1134,916,218,8
core,raw,M_TASKPOLICY_SIOWORKERCONTROL_ABEF18A6,2466,1852,614,18
core,raw,M_TASKPOLICY_SIOPAUSE_4B7D62A1,571,571,0,10
core,raw,M_TASKPOLICY_SIOCONTROL_0EC256A4,1696,1466,230,22
core,raw,M_TASKPOLICY_SIOWORKERBOUND_9EFBF9DD,462,372,90,14
core,raw,M_TASKPOLICY_SIORESIDENTCOUNT_72BFE78E,426,332,94,14
core,raw,M_TASKPOLICY_SIOREMOVED_B08060ED,1373,1053,320,18
core,raw,M_TASKPOLICY_DOSSLOTFOR_362EB215,258,258,0,12
core,raw,M_TASKPOLICY_DOSRESET_224DFB33,369,369,0,12
core,raw,M_TASKPOLICY_DOSCANREMOVE_DB41E74E,724,532,192,16
core,raw,M_TASKPOLICY_DOSCURRENT_4399DFDB,580,458,122,16
core,raw,M_TASKPOLICY_DOSINIT_97B41A44,1410,1318,92,30
core,raw,M_TASKPOLICY_DOSWORKERBOUND_DB9BCF66,421,335,86,16
core,raw,M_TASKPOLICY_DOSRESIDENTCOUNT_ABEF6AC1,379,281,98,14
core,raw,M_TASKPOLICY_DOSREMOVED_D36757B2,1454,1012,442,24
core,raw,M_TASKPOLICY_DOSPREPARE_61B1CC0D,827,781,46,22
core,raw,M_TASKPOLICY_DOSADMIT_DEA63DC3,1515,1115,400,26
core,raw,M_TASKPOLICY_DOSCONTROL_C7F82CE3,1277,1139,138,22
core,raw,M_TASKPOLICY_CONSOLEINIT_02CC0011,47,47,0,0
core,raw,M_TASKPOLICY_CONSOLESERVICE_C7B70ED2,69,69,0,0
core,raw,M_TASKPOLICY_CONSOLEPRODUCERBOUND_02AD29D1,69,69,0,0
core,raw,M_TASKPOLICY_CONSOLEPRODUCERCONTROL_28DEB132,50,50,0,0
core,raw,M_TASKPOLICY_CONSOLENAME_0C46F590,69,69,0,0
core,raw,M_TASKPOLICY_CONSOLEDEVICE_34497CA3,69,69,0,0
core,raw,M_TASKPOLICY_CONSOLEBOUND_8755F553,69,69,0,0
core,raw,M_TASKPOLICY_CONSOLEOPEN_4090447D,50,50,0,0
core,raw,M_TASKPOLICY_CONSOLECLOSE_04E65EB3,50,50,0,0
core,raw,M_TASKPOLICY_CONSOLEENQUEUE_BE188809,50,50,0,0
core,raw,M_TASKPOLICY_CONSOLEABORT_CCCE9F0D,50,50,0,0
core,raw,M_TASKPOLICY_CONSOLEWORKERBOUND_96318375,69,69,0,0
core,raw,M_TASKPOLICY_CONSOLEREMOVED_E0E10625,47,47,0,0
core,raw,M_TASKPOLICY_CONSOLERESIDENTCOUNT_6078C646,69,69,0,0
core,raw,M_TASKPOLICY_CONSOLECANREMOVE_6BA935F9,69,69,0,0
core,raw,M_TASKPOLICY_REQUESTVALID_195CAC51,4888,3830,1058,8
core,raw,M_TASKPOLICY_ROUTE_3006B749,3858,2984,874,12
core,raw,M_TASKPOLICY_FINISHDISPATCH_46CD5A79,592,454,138,12
core,raw,M_TASKPOLICY_DISPATCH_2D7B283C,3037,2539,498,26
core,raw,M_PORTCORE_CREATEMSGPORT_A47550A3,1308,1184,124,18
core,raw,M_PORTCORE_DELETEMSGPORT_9136F7C6,509,431,78,10
core,raw,M_SIODRIVER_SIOMAPPED_D1D9A9D6,1260,1136,124,30
core,raw,M_SIODRIVER_PAYLOADLENGTH_9F5C9B06,1010,918,92,10
core,raw,M_SIODRIVER_SIOVALIDATE_7D355271,2653,2377,276,16
core,raw,M_SIODRIVER_DEADLINETICKS_83CDA5CA,1128,1128,0,28
core,raw,M_SIODRIVER_PREPARE_D10BF723,1320,1320,0,28
core,raw,M_SIODRIVER_HARDWAREINIT_3568BDA6,1500,1224,276,12
core,raw,M_SIODRIVER_RUNREQUEST_4500BA50,2419,2097,322,32
core,raw,M_SIODRIVER_WORKER_374ADF8C,2052,1928,124,22
core,raw,M_SIODRIVER_UNAVAILABLE_B7013E26,199,199,0,6
core,raw,M_SIODRIVER_MATCHES_AEE1C237,641,471,170,14
core,raw,M_SIODRIVER_START_4928F5B4,1194,1194,0,16
core,raw,M_SIODRIVER_STOP_B26AF28A,549,549,0,16
core,raw,M_IOCORE_OPENDEVICE_A2787528,505,459,46,22
core,raw,M_IOCORE_CREATEIOREQUEST_DE10015D,1052,974,78,20
core,raw,M_IOCORE_DELETEIOREQUEST_93A87E78,439,361,78,16
core,raw,M_IOCORE_WAITIO_8CA35F61,808,808,0,24
core,raw,M_IOCORE_DOIO_173DC4A1,520,520,0,20
core,raw,M_SIZEPROBE_MAIN_D41431CB,47,47,0,0
core,opt,M_EXECMEMORY_VALIDBANK_E9E0A79B,85,85,0,2
core,opt,M_EXECMEMORY_VALIDOWNER_462B929A,106,106,0,2
core,opt,M_EXECMEMORY_ADOPT_494D3B99,1152,922,230,8
core,opt,M_EXECMEMORY_QUERY_D2E34F9F,537,537,0,14
core,opt,M_EXECMEMORY_RESERVEEXACT_88D3D2C8,1047,909,138,10
core,opt,M_EXECMEMORY_ACQUIRE_EAA019EB,659,613,46,10
core,opt,M_EXECMEMORY_RELEASE_A6E307FC,1162,1024,138,10
core,opt,M_EXECMEMORY_INIT_F4EA07E3,137,137,0,4
core,opt,M_EXECLISTS_NEWLIST_B3502541,261,261,0,12
core,opt,M_EXECLISTS_NEWMINLIST_A2695943,164,164,0,8
core,opt,M_EXECLISTS_ISLISTEMPTY_6EEB0796,262,220,42,12
core,opt,M_EXECLISTS_ISMINLISTEMPTY_6D517164,194,194,0,8
core,opt,M_EXECLISTS_ADDHEAD_3AE3E6E4,303,303,0,16
core,opt,M_EXECLISTS_ADDTAIL_A1C0F364,322,322,0,16
core,opt,M_EXECLISTS_INSERT_468B11BA,964,746,218,16
core,opt,M_EXECLISTS_REMOVE_2E26C2C1,127,127,0,0
core,opt,M_EXECLISTS_REMHEAD_F8063CE7,393,319,74,12
core,opt,M_EXECLISTS_REMTAIL_292EAA27,393,319,74,12
core,opt,M_EXECLISTS_ENQUEUE_763E1E61,716,590,126,20
core,opt,M_EXECLISTS_FINDNAME_2659CDBB,899,643,256,28
core,opt,M_HEAPCORE_ROUNDED_9D79FA03,489,489,0,10
core,opt,M_HEAPCORE_BOUNDS_2387CB05,1793,1715,78,24
core,opt,M_HEAPCORE_CHUNKADDRESS_A551D41B,822,822,0,20
core,opt,M_HEAPCORE_NEXTADDRESS_E32592FF,823,823,0,20
core,opt,M_HEAPCORE_CHUNKEND_0E0C27CE,1285,1285,0,28
core,opt,M_HEAPCORE_VALIDATE_B397AD34,870,786,84,26
core,opt,M_HEAPCORE_LINK_9B47F952,251,173,78,8
core,opt,M_HEAPCORE_WRITECHUNK_D768FC26,144,144,0,8
core,opt,M_HEAPCORE_SPLIT_B6117102,1299,1299,0,32
core,opt,M_HEAPCORE_CANDIDATE_07CF3557,535,489,46,20
core,opt,M_HEAPCORE_RESERVE_2192E9C0,1911,1781,130,32
core,opt,M_HEAPCORE_ALLOCATE_E39F1AF5,236,236,0,12
core,opt,M_HEAPCORE_LARGEST_AA9886E8,2457,2327,130,38
core,opt,M_HEAPCORE_INSERTFREE_129E41BB,1774,1532,242,24
core,opt,M_HEAPCORE_RETURNRANGE_11C95A83,2358,2106,252,28
core,opt,M_HEAPCORE_DEALLOCATE_60F97CF2,1127,1127,0,28
core,opt,M_HEAPPOLICY_GETSTATE_9B9EAF7C,101,101,0,4
core,opt,M_HEAPPOLICY_HEADER_A992FDFC,225,225,0,8
core,opt,M_HEAPPOLICY_SHUTDOWN_9E341637,636,590,46,14
core,opt,M_HEAPPOLICY_RUNS_07A33D25,446,354,92,18
core,opt,M_HEAPPOLICY_REGION_F42DC07D,1121,1121,0,18
core,opt,M_HEAPPOLICY_START_1455FA91,1727,1635,92,28
core,opt,M_HEAPPOLICY_INIT_69D6AA0D,497,497,0,14
core,opt,M_HEAPPOLICY_FLAGSVALID_4BF22F96,1000,954,46,20
core,opt,M_HEAPPOLICY_DESCRIPTOR_8971C45E,893,893,0,20
core,opt,M_HEAPPOLICY_VALIDATEREGIONS_C3A52ACE,1702,1298,404,36
core,opt,M_HEAPPOLICY_MATCHES_ACC95206,293,293,0,14
core,opt,M_HEAPPOLICY_RESERVE_42F2499D,1930,1628,302,34
core,opt,M_HEAPPOLICY_LOCATE_7B91FF59,1046,966,80,30
core,opt,M_HEAPPOLICY_FREE_3EA2E1EF,1640,1562,78,30
core,opt,M_HEAPPOLICY_AVAIL_22774B2C,2586,2414,172,36
core,opt,M_HEAPPOLICY_MEMORYTYPE_D394B206,394,316,78,12
core,opt,M_HEAPPOLICY_VECTORBYTES_E6541B8F,571,571,0,16
core,opt,M_HEAPPOLICY_RESERVEVECTOR_C09ED6F4,527,527,0,18
core,opt,M_HEAPPOLICY_FREEVECTOR_698EC5DE,2298,2142,156,34
core,opt,M_TASKPOLICY_RECORDFOR_833E2B66,223,223,0,8
core,opt,M_TASKPOLICY_SAVEDWORD_D1C8E663,115,115,0,8
core,opt,M_TASKPOLICY_RESULT_DA2077E3,110,110,0,8
core,opt,M_TASKPOLICY_POINTERRESULT_E8D88610,346,346,0,12
core,opt,M_TASKPOLICY_ARGUMENTPOINTER_A19325C6,473,473,0,12
core,opt,M_TASKPOLICY_FLAGS_56B3B4FF,134,134,0,8
core,opt,M_TASKPOLICY_PROTECTED_FCDCE808,354,310,44,8
core,opt,M_TASKPOLICY_LOOKUP_41F6D1E4,1065,781,284,16
core,opt,M_TASKPOLICY_WRITABLE_0565D862,944,944,0,24
core,opt,M_TASKPOLICY_AVAILABLERECORD_80983EA0,987,849,138,26
core,opt,M_TASKPOLICY_EMPTYMEMORY_C893BDB0,625,491,134,16
core,opt,M_TASKPOLICY_VALIDENTRY_58BA8A58,393,319,74,12
core,opt,M_TASKPOLICY_STACKSLOT_2A322EEA,1406,1094,312,16
core,opt,M_TASKPOLICY_PREPARESTACK_1A1C583B,685,685,0,20
core,opt,M_TASKPOLICY_PREPAREDOMAIN_45DA3401,986,986,0,16
core,opt,M_TASKPOLICY_PREPAREFRAME_D5FF2FA0,615,569,46,22
core,opt,M_TASKPOLICY_SETSTATE_52D88FAF,267,183,84,12
core,opt,M_TASKPOLICY_READY_679992F5,456,456,0,16
core,opt,M_TASKPOLICY_INITSIGNALS_5C831CB9,562,562,0,12
core,opt,M_TASKPOLICY_ADMIT_CF1671AB,993,993,0,16
core,opt,M_TASKPOLICY_INIT_57A5FAC8,2885,2793,92,26
core,opt,M_TASKPOLICY_TIMEDCOUNT_C3B59E74,100,100,0,2
core,opt,M_TASKPOLICY_ADJUSTTIMED_DDC1BE1E,229,183,46,2
core,opt,M_TASKPOLICY_WAKE_9E9C7518,590,498,92,16
core,opt,M_TASKPOLICY_SELECT_1A709B3E,1269,941,328,14
core,opt,M_TASKPOLICY_SWITCH_98522C9E,844,686,158,8
core,opt,M_TASKPOLICY_EMPTYSIGNALS_EA2224E4,795,747,48,10
core,opt,M_TASKPOLICY_ADD_A5E7C92B,2968,2516,452,36
core,opt,M_TASKPOLICY_REMOVETASK_35F29A21,2939,2341,598,18
core,opt,M_TASKPOLICY_SAMENAME_968CD62D,632,462,170,14
core,opt,M_TASKPOLICY_FIND_0D9A09D7,940,724,216,16
core,opt,M_TASKPOLICY_PRIORITY_7FE7EE8A,757,679,78,14
core,opt,M_TASKPOLICY_EXCLUSION_DFE541A6,547,501,46,16
core,opt,M_TASKPOLICY_SLEEPTASK_6A909BCC,1255,1209,46,16
core,opt,M_TASKPOLICY_MASKRESULT_220A6FAB,358,358,0,12
core,opt,M_TASKPOLICY_SIGNALBIT_7E52F9EF,220,220,0,10
core,opt,M_TASKPOLICY_ALLOCATEBIT_A349E154,1316,1132,184,20
core,opt,M_TASKPOLICY_MASKS_49833CE1,1840,1610,230,34
core,opt,M_TASKPOLICY_COMPLETEWAIT_31FB45E4,606,560,46,14
core,opt,M_TASKPOLICY_WAITTASK_AD94C4A2,899,853,46,22
core,opt,M_TASKPOLICY_POSTSIGNAL_10773240,566,520,46,12
core,opt,M_TASKPOLICY_SIGNALTASK_806F80F5,971,847,124,22
core,opt,M_TASKPOLICY_CANCELWAKE_8ADC984A,233,187,46,4
core,opt,M_TASKPOLICY_DRAINONE_68E56764,1013,736,277,12
core,opt,M_TASKPOLICY_DRAINWAKES_15F017CB,589,451,138,4
core,opt,M_TASKPOLICY_BOUNDPRODUCER_6D7B4E54,979,725,254,8
core,opt,M_TASKPOLICY_PRODUCERCONTROL_52F9499B,2072,1718,354,22
core,opt,M_TASKPOLICY_MEMORYSERVICE_7FAD083C,311,223,88,4
core,opt,M_TASKPOLICY_MEMORYPACKET_B36B55BB,606,468,138,16
core,opt,M_TASKPOLICY_MEMORYCALL_E7816C43,2465,2097,368,32
core,opt,M_TASKPOLICY_PORTSERVICE_8D598BCC,191,147,44,4
core,opt,M_TASKPOLICY_INITPORTS_2CB7E92A,218,218,0,8
core,opt,M_TASKPOLICY_PORTSTORAGE_D3468DA2,403,325,78,10
core,opt,M_TASKPOLICY_VALIDPORT_7710F985,588,404,184,4
core,opt,M_TASKPOLICY_VALIDMESSAGE_C0DE7739,559,401,158,10
core,opt,M_TASKPOLICY_SENDMESSAGE_7332557D,1405,1059,346,20
core,opt,M_TASKPOLICY_PORTHEAD_A12A0751,1174,868,306,16
core,opt,M_TASKPOLICY_PORTDELETE_CF47DFE6,1315,1051,264,22
core,opt,M_TASKPOLICY_REGISTRYCALL_6B5FFB7F,1714,1360,354,18
core,opt,M_TASKPOLICY_QUEUECALL_62B0545B,1731,1423,308,24
core,opt,M_TASKPOLICY_PORTCALL_70989793,1459,1275,184,24
core,opt,M_TASKPOLICY_IOSERVICE_1E6CF653,191,147,44,4
core,opt,M_TASKPOLICY_INITIONAMES_D8642B1E,1301,1301,0,8
core,opt,M_TASKPOLICY_INITIO_35D5D1E4,671,671,0,14
core,opt,M_TASKPOLICY_IOEXTENT_9818C08A,591,545,46,18
core,opt,M_TASKPOLICY_IOERROR_9413450C,310,264,46,14
core,opt,M_TASKPOLICY_IONAME_8B922013,347,269,78,8
core,opt,M_TASKPOLICY_IOBOUND_33A4879E,438,346,92,4
core,opt,M_TASKPOLICY_IOOPEN_15F8E966,1156,1018,138,14
core,opt,M_TASKPOLICY_IOOPENTEST_C4ABA6E6,242,242,0,12
core,opt,M_TASKPOLICY_IOCOMPLETE_88BA0BF3,551,505,46,20
core,opt,M_TASKPOLICY_IOWAITOWNER_63A51E9E,623,491,132,16
core,opt,M_TASKPOLICY_IOCOLLECT_D169FE6C,1037,853,184,12
core,opt,M_TASKPOLICY_IOENQUEUE_EC975914,1853,1659,194,20
core,opt,M_TASKPOLICY_IOBEGIN_A0C610B5,1752,1406,346,14
core,opt,M_TASKPOLICY_IOTESTBEGIN_2E780855,849,779,70,14
core,opt,M_TASKPOLICY_IOABORT_1EC95CFC,1609,1251,358,18
core,opt,M_TASKPOLICY_IOWORKERCONTROL_3D43EE5B,1280,948,332,10
core,opt,M_TASKPOLICY_IOCLAIM_E59988BA,750,592,158,16
core,opt,M_TASKPOLICY_IOTEST_D46D842E,50,50,0,0
core,opt,M_TASKPOLICY_IOTESTFINISH_35E02F77,826,734,92,20
core,opt,M_TASKPOLICY_IOCALL_78031962,2327,1913,414,28
core,opt,M_TASKPOLICY_IOREQUESTCALL_7ACD78BD,793,609,184,14
core,opt,M_TASKPOLICY_IOSETTLEDCALL_042AE5B9,1929,1463,466,18
core,opt,M_TASKPOLICY_INITSIOSTATE_10B63F2C,649,649,0,14
core,opt,M_TASKPOLICY_SIOBOUND_346E47DB,1250,1132,118,22
core,opt,M_TASKPOLICY_SIOOPEN_38E97F75,1749,1611,138,22
core,opt,M_TASKPOLICY_SIOCLOSE_4815C4E5,180,180,0,12
core,opt,M_TASKPOLICY_SIOENQUEUE_F49C65E1,1023,885,138,24
core,opt,M_TASKPOLICY_SIOABORT_410D8B25,574,500,74,18
core,opt,M_TASKPOLICY_SIOPREPAREWORKER_A27B8738,834,788,46,20
core,opt,M_TASKPOLICY_SIOPREPAREBUS_A2AD2C52,525,525,0,12
core,opt,M_TASKPOLICY_SIOADMIT_DC2C0CF4,1235,943,292,20
core,opt,M_TASKPOLICY_SIOTAKE_23947030,916,716,200,12
core,opt,M_TASKPOLICY_SIOFINISH_B1C2A78C,985,815,170,24
core,opt,M_TASKPOLICY_SIOSTOP_31FA5BA1,1075,857,218,8
core,opt,M_TASKPOLICY_SIOWORKERCONTROL_ABEF18A6,2040,1518,522,14
core,opt,M_TASKPOLICY_SIOPAUSE_4B7D62A1,555,555,0,10
core,opt,M_TASKPOLICY_SIOCONTROL_0EC256A4,1611,1381,230,20
core,opt,M_TASKPOLICY_SIOWORKERBOUND_9EFBF9DD,389,299,90,12
core,opt,M_TASKPOLICY_SIORESIDENTCOUNT_72BFE78E,353,259,94,12
core,opt,M_TASKPOLICY_SIOREMOVED_B08060ED,1245,925,320,12
core,opt,M_TASKPOLICY_DOSSLOTFOR_362EB215,242,242,0,8
core,opt,M_TASKPOLICY_DOSRESET_224DFB33,363,363,0,12
core,opt,M_TASKPOLICY_DOSCANREMOVE_DB41E74E,716,524,192,16
core,opt,M_TASKPOLICY_DOSCURRENT_4399DFDB,572,450,122,16
core,opt,M_TASKPOLICY_DOSINIT_97B41A44,1161,1069,92,24
core,opt,M_TASKPOLICY_DOSWORKERBOUND_DB9BCF66,401,315,86,16
core,opt,M_TASKPOLICY_DOSRESIDENTCOUNT_ABEF6AC1,343,245,98,12
core,opt,M_TASKPOLICY_DOSREMOVED_D36757B2,1341,899,442,20
core,opt,M_TASKPOLICY_DOSPREPARE_61B1CC0D,804,758,46,20
core,opt,M_TASKPOLICY_DOSADMIT_DEA63DC3,1452,1048,404,24
core,opt,M_TASKPOLICY_DOSCONTROL_C7F82CE3,1257,1119,138,22
core,opt,M_TASKPOLICY_CONSOLEINIT_02CC0011,47,47,0,0
core,opt,M_TASKPOLICY_CONSOLESERVICE_C7B70ED2,69,69,0,0
core,opt,M_TASKPOLICY_CONSOLEPRODUCERBOUND_02AD29D1,69,69,0,0
core,opt,M_TASKPOLICY_CONSOLEPRODUCERCONTROL_28DEB132,50,50,0,0
core,opt,M_TASKPOLICY_CONSOLENAME_0C46F590,69,69,0,0
core,opt,M_TASKPOLICY_CONSOLEDEVICE_34497CA3,69,69,0,0
core,opt,M_TASKPOLICY_CONSOLEBOUND_8755F553,69,69,0,0
core,opt,M_TASKPOLICY_CONSOLEOPEN_4090447D,50,50,0,0
core,opt,M_TASKPOLICY_CONSOLECLOSE_04E65EB3,50,50,0,0
core,opt,M_TASKPOLICY_CONSOLEENQUEUE_BE188809,50,50,0,0
core,opt,M_TASKPOLICY_CONSOLEABORT_CCCE9F0D,50,50,0,0
core,opt,M_TASKPOLICY_CONSOLEWORKERBOUND_96318375,69,69,0,0
core,opt,M_TASKPOLICY_CONSOLEREMOVED_E0E10625,47,47,0,0
core,opt,M_TASKPOLICY_CONSOLERESIDENTCOUNT_6078C646,69,69,0,0
core,opt,M_TASKPOLICY_CONSOLECANREMOVE_6BA935F9,69,69,0,0
core,opt,M_TASKPOLICY_REQUESTVALID_195CAC51,4780,3722,1058,6
core,opt,M_TASKPOLICY_ROUTE_3006B749,3856,2982,874,12
core,opt,M_TASKPOLICY_FINISHDISPATCH_46CD5A79,575,437,138,12
core,opt,M_TASKPOLICY_DISPATCH_2D7B283C,2973,2475,498,22
core,opt,M_PORTCORE_CREATEMSGPORT_A47550A3,1216,1092,124,12
core,opt,M_PORTCORE_DELETEMSGPORT_9136F7C6,485,407,78,8
core,opt,M_SIODRIVER_SIOMAPPED_D1D9A9D6,1180,1056,124,24
core,opt,M_SIODRIVER_PAYLOADLENGTH_9F5C9B06,934,842,92,8
core,opt,M_SIODRIVER_SIOVALIDATE_7D355271,2411,2135,276,16
core,opt,M_SIODRIVER_DEADLINETICKS_83CDA5CA,950,950,0,32
core,opt,M_SIODRIVER_PREPARE_D10BF723,1184,1184,0,20
core,opt,M_SIODRIVER_HARDWAREINIT_3568BDA6,1429,1199,230,6
core,opt,M_SIODRIVER_RUNREQUEST_4500BA50,2263,1941,322,12
core,opt,M_SIODRIVER_WORKER_374ADF8C,1964,1840,124,12
core,opt,M_SIODRIVER_UNAVAILABLE_B7013E26,199,199,0,6
core,opt,M_SIODRIVER_MATCHES_AEE1C237,564,394,170,12
core,opt,M_SIODRIVER_START_4928F5B4,1070,1070,0,8
core,opt,M_SIODRIVER_STOP_B26AF28A,521,521,0,6
core,opt,M_IOCORE_OPENDEVICE_A2787528,497,451,46,20
core,opt,M_IOCORE_CREATEIOREQUEST_DE10015D,945,867,78,16
core,opt,M_IOCORE_DELETEIOREQUEST_93A87E78,439,361,78,16
core,opt,M_IOCORE_WAITIO_8CA35F61,788,788,0,14
core,opt,M_IOCORE_DOIO_173DC4A1,484,484,0,16
core,opt,M_SIZEPROBE_MAIN_D41431CB,47,47,0,0
console,raw,M_EXECMEMORY_VALIDBANK_E9E0A79B,98,98,0,6
console,raw,M_EXECMEMORY_VALIDOWNER_462B929A,130,130,0,6
console,raw,M_EXECMEMORY_ADOPT_494D3B99,1291,1061,230,12
console,raw,M_EXECMEMORY_QUERY_D2E34F9F,561,561,0,14
console,raw,M_EXECMEMORY_RESERVEEXACT_88D3D2C8,1082,944,138,10
console,raw,M_EXECMEMORY_ACQUIRE_EAA019EB,729,683,46,14
console,raw,M_EXECMEMORY_RELEASE_A6E307FC,1202,1064,138,10
console,raw,M_EXECMEMORY_INIT_F4EA07E3,137,137,0,4
console,raw,M_EXECLISTS_NEWLIST_B3502541,277,277,0,12
console,raw,M_EXECLISTS_NEWMINLIST_A2695943,164,164,0,8
console,raw,M_EXECLISTS_ISLISTEMPTY_6EEB0796,262,220,42,12
console,raw,M_EXECLISTS_ISMINLISTEMPTY_6D517164,194,194,0,8
console,raw,M_EXECLISTS_ADDHEAD_3AE3E6E4,303,303,0,16
console,raw,M_EXECLISTS_ADDTAIL_A1C0F364,322,322,0,16
console,raw,M_EXECLISTS_INSERT_468B11BA,964,746,218,16
console,raw,M_EXECLISTS_REMOVE_2E26C2C1,189,189,0,6
console,raw,M_EXECLISTS_REMHEAD_F8063CE7,401,327,74,12
console,raw,M_EXECLISTS_REMTAIL_292EAA27,401,327,74,12
console,raw,M_EXECLISTS_ENQUEUE_763E1E61,708,582,126,20
console,raw,M_EXECLISTS_FINDNAME_2659CDBB,891,635,256,22
console,raw,M_HEAPCORE_ROUNDED_9D79FA03,545,545,0,14
console,raw,M_HEAPCORE_BOUNDS_2387CB05,1922,1844,78,24
console,raw,M_HEAPCORE_CHUNKADDRESS_A551D41B,866,866,0,24
console,raw,M_HEAPCORE_NEXTADDRESS_E32592FF,879,879,0,24
console,raw,M_HEAPCORE_CHUNKEND_0E0C27CE,1321,1321,0,28
console,raw,M_HEAPCORE_VALIDATE_B397AD34,854,770,84,26
console,raw,M_HEAPCORE_LINK_9B47F952,251,173,78,8
console,raw,M_HEAPCORE_WRITECHUNK_D768FC26,160,160,0,8
console,raw,M_HEAPCORE_SPLIT_B6117102,1331,1331,0,32
console,raw,M_HEAPCORE_CANDIDATE_07CF3557,595,549,46,20
console,raw,M_HEAPCORE_RESERVE_2192E9C0,2079,1949,130,40
console,raw,M_HEAPCORE_ALLOCATE_E39F1AF5,236,236,0,12
console,raw,M_HEAPCORE_LARGEST_AA9886E8,2256,2126,130,42
console,raw,M_HEAPCORE_INSERTFREE_129E41BB,1790,1548,242,24
console,raw,M_HEAPCORE_RETURNRANGE_11C95A83,2374,2122,252,26
console,raw,M_HEAPCORE_DEALLOCATE_60F97CF2,1195,1195,0,32
console,raw,M_HEAPPOLICY_GETSTATE_9B9EAF7C,113,113,0,8
console,raw,M_HEAPPOLICY_HEADER_A992FDFC,241,241,0,12
console,raw,M_HEAPPOLICY_SHUTDOWN_9E341637,730,684,46,18
console,raw,M_HEAPPOLICY_RUNS_07A33D25,483,391,92,24
console,raw,M_HEAPPOLICY_REGION_F42DC07D,1163,1163,0,22
console,raw,M_HEAPPOLICY_START_1455FA91,1965,1873,92,32
console,raw,M_HEAPPOLICY_INIT_69D6AA0D,546,546,0,16
console,raw,M_HEAPPOLICY_FLAGSVALID_4BF22F96,1283,1237,46,24
console,raw,M_HEAPPOLICY_DESCRIPTOR_8971C45E,969,969,0,24
console,raw,M_HEAPPOLICY_VALIDATEREGIONS_C3A52ACE,1805,1393,412,28
console,raw,M_HEAPPOLICY_MATCHES_ACC95206,314,314,0,18
console,raw,M_HEAPPOLICY_RESERVE_42F2499D,1982,1680,302,28
console,raw,M_HEAPPOLICY_LOCATE_7B91FF59,1102,1022,80,30
console,raw,M_HEAPPOLICY_FREE_3EA2E1EF,1708,1630,78,30
console,raw,M_HEAPPOLICY_AVAIL_22774B2C,2370,2198,172,36
console,raw,M_HEAPPOLICY_MEMORYTYPE_D394B206,402,324,78,12
console,raw,M_HEAPPOLICY_VECTORBYTES_E6541B8F,619,619,0,20
console,raw,M_HEAPPOLICY_RESERVEVECTOR_C09ED6F4,547,547,0,18
console,raw,M_HEAPPOLICY_FREEVECTOR_698EC5DE,2398,2242,156,34
console,raw,M_TASKPOLICY_RECORDFOR_833E2B66,235,235,0,12
console,raw,M_TASKPOLICY_SAVEDWORD_D1C8E663,131,131,0,12
console,raw,M_TASKPOLICY_RESULT_DA2077E3,126,126,0,12
console,raw,M_TASKPOLICY_POINTERRESULT_E8D88610,362,362,0,16
console,raw,M_TASKPOLICY_ARGUMENTPOINTER_A19325C6,497,497,0,12
console,raw,M_TASKPOLICY_FLAGS_56B3B4FF,150,150,0,12
console,raw,M_TASKPOLICY_PROTECTED_FCDCE808,365,321,44,8
console,raw,M_TASKPOLICY_LOOKUP_41F6D1E4,1183,903,280,24
console,raw,M_TASKPOLICY_WRITABLE_0565D862,1050,1050,0,32
console,raw,M_TASKPOLICY_AVAILABLERECORD_80983EA0,1044,906,138,28
console,raw,M_TASKPOLICY_EMPTYMEMORY_C893BDB0,633,499,134,16
console,raw,M_TASKPOLICY_VALIDENTRY_58BA8A58,440,366,74,22
console,raw,M_TASKPOLICY_STACKSLOT_2A322EEA,1495,1187,308,22
console,raw,M_TASKPOLICY_PREPARESTACK_1A1C583B,716,716,0,24
console,raw,M_TASKPOLICY_PREPAREDOMAIN_45DA3401,1132,1132,0,24
console,raw,M_TASKPOLICY_PREPAREFRAME_D5FF2FA0,704,658,46,26
console,raw,M_TASKPOLICY_SETSTATE_52D88FAF,275,191,84,12
console,raw,M_TASKPOLICY_READY_679992F5,456,456,0,16
console,raw,M_TASKPOLICY_INITSIGNALS_5C831CB9,556,556,0,12
console,raw,M_TASKPOLICY_ADMIT_CF1671AB,995,995,0,16
console,raw,M_TASKPOLICY_INIT_57A5FAC8,3079,2987,92,30
console,raw,M_TASKPOLICY_TIMEDCOUNT_C3B59E74,120,120,0,8
console,raw,M_TASKPOLICY_ADJUSTTIMED_DDC1BE1E,249,203,46,10
console,raw,M_TASKPOLICY_WAKE_9E9C7518,652,560,92,16
console,raw,M_TASKPOLICY_SELECT_1A709B3E,1277,949,328,14
console,raw,M_TASKPOLICY_SWITCH_98522C9E,844,686,158,8
console,raw,M_TASKPOLICY_EMPTYSIGNALS_EA2224E4,853,809,44,12
console,raw,M_TASKPOLICY_ADD_A5E7C92B,3010,2566,444,36
console,raw,M_TASKPOLICY_REMOVETASK_35F29A21,2969,2371,598,18
console,raw,M_TASKPOLICY_SAMENAME_968CD62D,652,482,170,18
console,raw,M_TASKPOLICY_FIND_0D9A09D7,987,771,216,16
console,raw,M_TASKPOLICY_PRIORITY_7FE7EE8A,777,699,78,16
console,raw,M_TASKPOLICY_EXCLUSION_DFE541A6,569,523,46,16
console,raw,M_TASKPOLICY_SLEEPTASK_6A909BCC,1294,1248,46,16
console,raw,M_TASKPOLICY_MASKRESULT_220A6FAB,386,386,0,20
console,raw,M_TASKPOLICY_SIGNALBIT_7E52F9EF,232,232,0,14
console,raw,M_TASKPOLICY_ALLOCATEBIT_A349E154,1439,1255,184,28
console,raw,M_TASKPOLICY_MASKS_49833CE1,1880,1650,230,38
console,raw,M_TASKPOLICY_COMPLETEWAIT_31FB45E4,626,580,46,16
console,raw,M_TASKPOLICY_WAITTASK_AD94C4A2,935,889,46,24
console,raw,M_TASKPOLICY_POSTSIGNAL_10773240,582,536,46,22
console,raw,M_TASKPOLICY_SIGNALTASK_806F80F5,1023,899,124,24
console,raw,M_TASKPOLICY_CANCELWAKE_8ADC984A,233,187,46,4
console,raw,M_TASKPOLICY_DRAINONE_68E56764,1006,729,277,14
console,raw,M_TASKPOLICY_DRAINWAKES_15F017CB,579,441,138,4
console,raw,M_TASKPOLICY_BOUNDPRODUCER_6D7B4E54,1001,749,252,12
console,raw,M_TASKPOLICY_PRODUCERCONTROL_52F9499B,2110,1756,354,22
console,raw,M_TASKPOLICY_MEMORYSERVICE_7FAD083C,311,223,88,4
console,raw,M_TASKPOLICY_MEMORYPACKET_B36B55BB,634,496,138,16
console,raw,M_TASKPOLICY_MEMORYCALL_E7816C43,2489,2121,368,32
console,raw,M_TASKPOLICY_PORTSERVICE_8D598BCC,191,147,44,4
console,raw,M_TASKPOLICY_INITPORTS_2CB7E92A,238,238,0,12
console,raw,M_TASKPOLICY_PORTSTORAGE_D3468DA2,431,353,78,14
console,raw,M_TASKPOLICY_VALIDPORT_7710F985,588,404,184,4
console,raw,M_TASKPOLICY_VALIDMESSAGE_C0DE7739,607,453,154,14
console,raw,M_TASKPOLICY_SENDMESSAGE_7332557D,1417,1071,346,20
console,raw,M_TASKPOLICY_PORTHEAD_A12A0751,1174,868,306,16
console,raw,M_TASKPOLICY_PORTDELETE_CF47DFE6,1327,1063,264,22
console,raw,M_TASKPOLICY_REGISTRYCALL_6B5FFB7F,1726,1372,354,18
console,raw,M_TASKPOLICY_QUEUECALL_62B0545B,1763,1455,308,24
console,raw,M_TASKPOLICY_PORTCALL_70989793,1483,1299,184,24
console,raw,M_TASKPOLICY_IOSERVICE_1E6CF653,191,147,44,4
console,raw,M_TASKPOLICY_INITIONAMES_D8642B1E,1379,1379,0,14
console,raw,M_TASKPOLICY_INITIO_35D5D1E4,1258,1062,196,16
console,raw,M_TASKPOLICY_IOEXTENT_9818C08A,615,569,46,20
console,raw,M_TASKPOLICY_IOERROR_9413450C,310,264,46,14
console,raw,M_TASKPOLICY_IONAME_8B922013,347,269,78,8
console,raw,M_TASKPOLICY_IOBOUND_33A4879E,1262,896,366,16
console,raw,M_TASKPOLICY_IOOPEN_15F8E966,1241,1103,138,16
console,raw,M_TASKPOLICY_IOOPENTEST_C4ABA6E6,1755,1533,222,20
console,raw,M_TASKPOLICY_IOCOMPLETE_88BA0BF3,551,505,46,20
console,raw,M_TASKPOLICY_IOWAITOWNER_63A51E9E,631,499,132,16
console,raw,M_TASKPOLICY_IOCOLLECT_D169FE6C,1057,873,184,16
console,raw,M_TASKPOLICY_IOENQUEUE_EC975914,1982,1788,194,24
console,raw,M_TASKPOLICY_IOBEGIN_A0C610B5,1837,1491,346,14
console,raw,M_TASKPOLICY_IOTESTBEGIN_2E780855,999,929,70,18
console,raw,M_TASKPOLICY_IOABORT_1EC95CFC,1820,1462,358,18
console,raw,M_TASKPOLICY_IOWORKERCONTROL_3D43EE5B,1324,992,332,14
console,raw,M_TASKPOLICY_IOCLAIM_E59988BA,750,592,158,16
console,raw,M_TASKPOLICY_IOTEST_D46D842E,1607,1131,476,18
console,raw,M_TASKPOLICY_IOTESTFINISH_35E02F77,848,756,92,20
console,raw,M_TASKPOLICY_IOCALL_78031962,2371,1957,414,28
console,raw,M_TASKPOLICY_IOREQUESTCALL_7ACD78BD,805,621,184,14
console,raw,M_TASKPOLICY_IOSETTLEDCALL_042AE5B9,2010,1544,466,20
console,raw,M_TASKPOLICY_INITSIOSTATE_10B63F2C,822,822,0,20
console,raw,M_TASKPOLICY_SIOBOUND_346E47DB,1651,1533,118,26
console,raw,M_TASKPOLICY_SIOOPEN_38E97F75,1970,1832,138,30
console,raw,M_TASKPOLICY_SIOCLOSE_4815C4E5,206,206,0,16
console,raw,M_TASKPOLICY_SIOENQUEUE_F49C65E1,1104,966,138,24
console,raw,M_TASKPOLICY_SIOABORT_410D8B25,675,601,74,20
console,raw,M_TASKPOLICY_SIOPREPAREWORKER_A27B8738,987,941,46,22
console,raw,M_TASKPOLICY_SIOPREPAREBUS_A2AD2C52,598,598,0,14
console,raw,M_TASKPOLICY_SIOADMIT_DC2C0CF4,1361,1069,292,30
console,raw,M_TASKPOLICY_SIOTAKE_23947030,964,764,200,18
console,raw,M_TASKPOLICY_SIOFINISH_B1C2A78C,1031,861,170,26
console,raw,M_TASKPOLICY_SIOSTOP_31FA5BA1,1134,916,218,8
console,raw,M_TASKPOLICY_SIOWORKERCONTROL_ABEF18A6,2466,1852,614,18
console,raw,M_TASKPOLICY_SIOPAUSE_4B7D62A1,571,571,0,10
console,raw,M_TASKPOLICY_SIOCONTROL_0EC256A4,1696,1466,230,22
console,raw,M_TASKPOLICY_SIOWORKERBOUND_9EFBF9DD,462,372,90,14
console,raw,M_TASKPOLICY_SIORESIDENTCOUNT_72BFE78E,426,332,94,14
console,raw,M_TASKPOLICY_SIOREMOVED_B08060ED,1373,1053,320,18
console,raw,M_TASKPOLICY_DOSSLOTFOR_362EB215,258,258,0,12
console,raw,M_TASKPOLICY_DOSRESET_224DFB33,369,369,0,12
console,raw,M_TASKPOLICY_DOSCANREMOVE_DB41E74E,724,532,192,16
console,raw,M_TASKPOLICY_DOSCURRENT_4399DFDB,580,458,122,16
console,raw,M_TASKPOLICY_DOSINIT_97B41A44,1410,1318,92,30
console,raw,M_TASKPOLICY_DOSWORKERBOUND_DB9BCF66,421,335,86,16
console,raw,M_TASKPOLICY_DOSRESIDENTCOUNT_ABEF6AC1,379,281,98,14
console,raw,M_TASKPOLICY_DOSREMOVED_D36757B2,1454,1012,442,24
console,raw,M_TASKPOLICY_DOSPREPARE_61B1CC0D,827,781,46,22
console,raw,M_TASKPOLICY_DOSADMIT_DEA63DC3,1515,1115,400,26
console,raw,M_TASKPOLICY_DOSCONTROL_C7F82CE3,1277,1139,138,22
console,raw,M_TASKPOLICY_CONSOLEINIT_02CC0011,434,434,0,14
console,raw,M_TASKPOLICY_CONSOLESERVICE_C7B70ED2,191,147,44,4
console,raw,M_TASKPOLICY_CONSOLEPRODUCERBOUND_02AD29D1,379,311,68,14
console,raw,M_TASKPOLICY_CONSOLEFORGETBINDING_5044609F,270,270,0,14
console,raw,M_TASKPOLICY_CONSOLEPACKETVALID_068AA429,382,382,0,14
console,raw,M_TASKPOLICY_CONSOLEUNBIND_D1E0D209,835,663,172,22
console,raw,M_TASKPOLICY_CONSOLEPRODUCERCONTROL_28DEB132,394,348,46,10
console,raw,M_TASKPOLICY_CONSOLEBINDCONTROL_DC86D25B,2544,2192,352,22
console,raw,M_TASKPOLICY_CONSOLESTATE_630D302C,113,113,0,8
console,raw,M_TASKPOLICY_CONSOLEINSTANCE_9C722438,113,113,0,8
console,raw,M_TASKPOLICY_CONSOLENAMES_B9E6EA95,777,777,0,16
console,raw,M_TASKPOLICY_CONSOLENAME_0C46F590,279,279,0,12
console,raw,M_TASKPOLICY_CONSOLEDEVICE_34497CA3,219,177,42,12
console,raw,M_TASKPOLICY_CONSOLEBOUND_8755F553,558,472,86,16
console,raw,M_TASKPOLICY_CONSOLEOPEN_4090447D,1522,1384,138,22
console,raw,M_TASKPOLICY_CONSOLEIDLE_D6547573,901,615,286,8
console,raw,M_TASKPOLICY_CONSOLECLOSE_04E65EB3,799,753,46,14
console,raw,M_TASKPOLICY_CONSOLEIMMEDIATE_DAE617FC,1621,1501,120,18
console,raw,M_TASKPOLICY_CONSOLEENQUEUE_BE188809,2205,1987,218,30
console,raw,M_TASKPOLICY_CONSOLEWAKE_FE0543B3,309,263,46,8
console,raw,M_TASKPOLICY_CONSOLEABORT_CCCE9F0D,1636,1380,256,20
console,raw,M_TASKPOLICY_CONSOLEPREPARE_8098E872,973,927,46,22
console,raw,M_TASKPOLICY_CONSOLEADMIT_A01C3E0C,2355,1951,404,32
console,raw,M_TASKPOLICY_CONSOLETAKEARRIVAL_2A1E971F,1228,1070,158,16
console,raw,M_TASKPOLICY_CONSOLETAKEWRITE_96FEA12D,623,543,80,12
console,raw,M_TASKPOLICY_CONSOLEFINISH_F43924B4,2085,1347,738,20
console,raw,M_TASKPOLICY_CONSOLERUNNABLE_8934D92E,1516,1068,448,16
console,raw,M_TASKPOLICY_CONSOLESTOP_DAEB4759,915,743,172,8
console,raw,M_TASKPOLICY_CONSOLEWORKERCONTROL_3CA89D3E,2336,1846,490,28
console,raw,M_TASKPOLICY_CONSOLECHECKEXTENT_830BDAF3,391,391,0,16
console,raw,M_TASKPOLICY_CONSOLECONTROL_F218511C,1610,1426,184,26
console,raw,M_TASKPOLICY_CONSOLEWORKERBOUND_96318375,480,394,86,16
console,raw,M_TASKPOLICY_CONSOLERESIDENTCOUNT_6078C646,438,340,98,14
console,raw,M_TASKPOLICY_CONSOLECANREMOVE_6BA935F9,1703,1323,380,28
console,raw,M_TASKPOLICY_CONSOLEREMOVED_E0E10625,1535,1207,328,22
console,raw,M_TASKPOLICY_REQUESTVALID_195CAC51,4888,3830,1058,8
console,raw,M_TASKPOLICY_ROUTE_3006B749,3858,2984,874,12
console,raw,M_TASKPOLICY_FINISHDISPATCH_46CD5A79,592,454,138,12
console,raw,M_TASKPOLICY_DISPATCH_2D7B283C,3037,2539,498,26
console,raw,M_CONSOLECORE_EXTENT_83D9960B,1250,1250,0,32
console,raw,M_CONSOLECORE_INIT_F63331F9,1013,967,46,22
console,raw,M_CONSOLECORE_DIRTY_4A63B073,185,185,0,10
console,raw,M_CONSOLECORE_EDITQUANTUM_E6CDEC54,959,867,92,24
console,raw,M_CONSOLECORE_NEWLINE_97A73E23,334,334,0,12
console,raw,M_CONSOLECORE_CHARACTER_94A5011A,1716,1348,368,18
console,raw,M_CONSOLECORE_FEED_287D49E7,607,515,92,18
console,raw,M_CONSOLEINPUT_INIT_5076ECFA,281,281,0,8
console,raw,M_CONSOLEINPUT_LOSE_42C88EE3,185,185,0,8
console,raw,M_CONSOLEINPUT_CLEAR_3DEF4D2B,256,256,0,8
console,raw,M_CONSOLEINPUT_DECODE_A428056C,2235,1545,690,26
console,raw,M_CONSOLEINPUT_DELIVER_8B43A137,792,700,92,16
console,raw,M_CONSOLEINPUT_PUMP_600356CC,743,743,0,18
console,raw,M_CONSOLEINPUT_READ_9E7D5EC6,743,697,46,24
console,raw,M_CONSOLEDISPLAY_GLYPH_DCC4F92E,282,236,46,12
console,raw,M_CONSOLEDISPLAY_LISTVALID_C50FC922,1657,1381,276,14
console,raw,M_CONSOLEDISPLAY_VALIDATE_33E36106,980,612,368,8
console,raw,M_CONSOLEDISPLAY_GEOMETRY_B00D0334,622,622,0,10
console,raw,M_CONSOLEDISPLAY_COPYSCREEN_6781A699,348,348,0,20
console,raw,M_CONSOLEDISPLAY_CLAIM_0FF5CDD8,1689,1473,216,16
console,raw,M_CONSOLEDISPLAY_RELEASE_C2AC22C5,501,455,46,12
console,raw,M_CONSOLEDISPLAY_POSITION_5668E3AD,215,215,0,8
console,raw,M_CONSOLEDISPLAY_CURSOR_3EC7579C,969,923,46,20
console,raw,M_CONSOLEDISPLAY_CELLS_58FB51DD,1041,1041,0,28
console,raw,M_CONSOLEDISPLAY_QUANTUM_5F98A18D,927,743,184,14
console,raw,M_CONSOLEDRIVER_GETSERVICE_BEE5E55D,113,113,0,8
console,raw,M_CONSOLEDRIVER_GETINSTANCE_7919D405,113,113,0,8
console,raw,M_CONSOLEDRIVER_MAPPED_DAA6A481,1260,1136,124,30
console,raw,M_CONSOLEDRIVER_VALIDATE_72D30322,2003,1813,190,18
console,raw,M_CONSOLEDRIVER_FINISHWRITE_E8555190,319,273,46,14
console,raw,M_CONSOLEDRIVER_WRITEQUANTUM_AEE13626,2107,1813,294,28
console,raw,M_CONSOLEDRIVER_READQUANTUM_10EBF725,1543,1235,308,26
console,raw,M_CONSOLEDRIVER_ARRIVAL_EC6B7DA9,646,522,124,16
console,raw,M_CONSOLEDRIVER_INITIALIZE_D6CB2592,3106,2600,506,28
console,raw,M_CONSOLEDRIVER_FREESTORAGE_02676B4B,1259,1019,240,12
console,raw,M_CONSOLEDRIVER_WORKER_589B3ABC,2595,2503,92,28
console,raw,M_CONSOLEDRIVER_START_3E6AAC44,1030,1030,0,18
console,raw,M_CONSOLEDRIVER_STOP_093D3500,732,732,0,18
console,raw,M_PORTCORE_CREATEMSGPORT_A47550A3,1308,1184,124,18
console,raw,M_PORTCORE_DELETEMSGPORT_9136F7C6,509,431,78,10
console,raw,M_SIODRIVER_SIOMAPPED_D1D9A9D6,1260,1136,124,30
console,raw,M_SIODRIVER_PAYLOADLENGTH_9F5C9B06,1010,918,92,10
console,raw,M_SIODRIVER_SIOVALIDATE_7D355271,2653,2377,276,16
console,raw,M_SIODRIVER_DEADLINETICKS_83CDA5CA,1128,1128,0,28
console,raw,M_SIODRIVER_PREPARE_D10BF723,1320,1320,0,28
console,raw,M_SIODRIVER_HARDWAREINIT_3568BDA6,1500,1224,276,12
console,raw,M_SIODRIVER_RUNREQUEST_4500BA50,2419,2097,322,32
console,raw,M_SIODRIVER_WORKER_374ADF8C,2052,1928,124,22
console,raw,M_SIODRIVER_UNAVAILABLE_B7013E26,199,199,0,6
console,raw,M_SIODRIVER_MATCHES_AEE1C237,641,471,170,14
console,raw,M_SIODRIVER_START_4928F5B4,1194,1194,0,16
console,raw,M_SIODRIVER_STOP_B26AF28A,549,549,0,16
console,raw,M_IOCORE_OPENDEVICE_A2787528,505,459,46,22
console,raw,M_IOCORE_CREATEIOREQUEST_DE10015D,1052,974,78,20
console,raw,M_IOCORE_DELETEIOREQUEST_93A87E78,439,361,78,16
console,raw,M_IOCORE_WAITIO_8CA35F61,808,808,0,24
console,raw,M_IOCORE_DOIO_173DC4A1,520,520,0,20
console,raw,M_SIZEPROBE_MAIN_D41431CB,47,47,0,0
console,opt,M_EXECMEMORY_VALIDBANK_E9E0A79B,85,85,0,2
console,opt,M_EXECMEMORY_VALIDOWNER_462B929A,106,106,0,2
console,opt,M_EXECMEMORY_ADOPT_494D3B99,1152,922,230,8
console,opt,M_EXECMEMORY_QUERY_D2E34F9F,537,537,0,14
console,opt,M_EXECMEMORY_RESERVEEXACT_88D3D2C8,1047,909,138,10
console,opt,M_EXECMEMORY_ACQUIRE_EAA019EB,659,613,46,10
console,opt,M_EXECMEMORY_RELEASE_A6E307FC,1162,1024,138,10
console,opt,M_EXECMEMORY_INIT_F4EA07E3,137,137,0,4
console,opt,M_EXECLISTS_NEWLIST_B3502541,261,261,0,12
console,opt,M_EXECLISTS_NEWMINLIST_A2695943,164,164,0,8
console,opt,M_EXECLISTS_ISLISTEMPTY_6EEB0796,262,220,42,12
console,opt,M_EXECLISTS_ISMINLISTEMPTY_6D517164,194,194,0,8
console,opt,M_EXECLISTS_ADDHEAD_3AE3E6E4,303,303,0,16
console,opt,M_EXECLISTS_ADDTAIL_A1C0F364,322,322,0,16
console,opt,M_EXECLISTS_INSERT_468B11BA,964,746,218,16
console,opt,M_EXECLISTS_REMOVE_2E26C2C1,127,127,0,0
console,opt,M_EXECLISTS_REMHEAD_F8063CE7,393,319,74,12
console,opt,M_EXECLISTS_REMTAIL_292EAA27,393,319,74,12
console,opt,M_EXECLISTS_ENQUEUE_763E1E61,716,590,126,20
console,opt,M_EXECLISTS_FINDNAME_2659CDBB,899,643,256,28
console,opt,M_HEAPCORE_ROUNDED_9D79FA03,489,489,0,10
console,opt,M_HEAPCORE_BOUNDS_2387CB05,1793,1715,78,24
console,opt,M_HEAPCORE_CHUNKADDRESS_A551D41B,822,822,0,20
console,opt,M_HEAPCORE_NEXTADDRESS_E32592FF,823,823,0,20
console,opt,M_HEAPCORE_CHUNKEND_0E0C27CE,1285,1285,0,28
console,opt,M_HEAPCORE_VALIDATE_B397AD34,870,786,84,26
console,opt,M_HEAPCORE_LINK_9B47F952,251,173,78,8
console,opt,M_HEAPCORE_WRITECHUNK_D768FC26,144,144,0,8
console,opt,M_HEAPCORE_SPLIT_B6117102,1299,1299,0,32
console,opt,M_HEAPCORE_CANDIDATE_07CF3557,535,489,46,20
console,opt,M_HEAPCORE_RESERVE_2192E9C0,1911,1781,130,32
console,opt,M_HEAPCORE_ALLOCATE_E39F1AF5,236,236,0,12
console,opt,M_HEAPCORE_LARGEST_AA9886E8,2457,2327,130,38
console,opt,M_HEAPCORE_INSERTFREE_129E41BB,1774,1532,242,24
console,opt,M_HEAPCORE_RETURNRANGE_11C95A83,2358,2106,252,28
console,opt,M_HEAPCORE_DEALLOCATE_60F97CF2,1127,1127,0,28
console,opt,M_HEAPPOLICY_GETSTATE_9B9EAF7C,101,101,0,4
console,opt,M_HEAPPOLICY_HEADER_A992FDFC,225,225,0,8
console,opt,M_HEAPPOLICY_SHUTDOWN_9E341637,636,590,46,14
console,opt,M_HEAPPOLICY_RUNS_07A33D25,446,354,92,18
console,opt,M_HEAPPOLICY_REGION_F42DC07D,1121,1121,0,18
console,opt,M_HEAPPOLICY_START_1455FA91,1727,1635,92,28
console,opt,M_HEAPPOLICY_INIT_69D6AA0D,497,497,0,14
console,opt,M_HEAPPOLICY_FLAGSVALID_4BF22F96,1000,954,46,20
console,opt,M_HEAPPOLICY_DESCRIPTOR_8971C45E,893,893,0,20
console,opt,M_HEAPPOLICY_VALIDATEREGIONS_C3A52ACE,1702,1298,404,36
console,opt,M_HEAPPOLICY_MATCHES_ACC95206,293,293,0,14
console,opt,M_HEAPPOLICY_RESERVE_42F2499D,1930,1628,302,34
console,opt,M_HEAPPOLICY_LOCATE_7B91FF59,1046,966,80,30
console,opt,M_HEAPPOLICY_FREE_3EA2E1EF,1640,1562,78,30
console,opt,M_HEAPPOLICY_AVAIL_22774B2C,2586,2414,172,36
console,opt,M_HEAPPOLICY_MEMORYTYPE_D394B206,394,316,78,12
console,opt,M_HEAPPOLICY_VECTORBYTES_E6541B8F,571,571,0,16
console,opt,M_HEAPPOLICY_RESERVEVECTOR_C09ED6F4,527,527,0,18
console,opt,M_HEAPPOLICY_FREEVECTOR_698EC5DE,2298,2142,156,34
console,opt,M_TASKPOLICY_RECORDFOR_833E2B66,223,223,0,8
console,opt,M_TASKPOLICY_SAVEDWORD_D1C8E663,115,115,0,8
console,opt,M_TASKPOLICY_RESULT_DA2077E3,110,110,0,8
console,opt,M_TASKPOLICY_POINTERRESULT_E8D88610,346,346,0,12
console,opt,M_TASKPOLICY_ARGUMENTPOINTER_A19325C6,473,473,0,12
console,opt,M_TASKPOLICY_FLAGS_56B3B4FF,134,134,0,8
console,opt,M_TASKPOLICY_PROTECTED_FCDCE808,354,310,44,8
console,opt,M_TASKPOLICY_LOOKUP_41F6D1E4,1065,781,284,16
console,opt,M_TASKPOLICY_WRITABLE_0565D862,944,944,0,24
console,opt,M_TASKPOLICY_AVAILABLERECORD_80983EA0,987,849,138,26
console,opt,M_TASKPOLICY_EMPTYMEMORY_C893BDB0,625,491,134,16
console,opt,M_TASKPOLICY_VALIDENTRY_58BA8A58,393,319,74,12
console,opt,M_TASKPOLICY_STACKSLOT_2A322EEA,1406,1094,312,16
console,opt,M_TASKPOLICY_PREPARESTACK_1A1C583B,685,685,0,20
console,opt,M_TASKPOLICY_PREPAREDOMAIN_45DA3401,986,986,0,16
console,opt,M_TASKPOLICY_PREPAREFRAME_D5FF2FA0,615,569,46,22
console,opt,M_TASKPOLICY_SETSTATE_52D88FAF,267,183,84,12
console,opt,M_TASKPOLICY_READY_679992F5,456,456,0,16
console,opt,M_TASKPOLICY_INITSIGNALS_5C831CB9,562,562,0,12
console,opt,M_TASKPOLICY_ADMIT_CF1671AB,993,993,0,16
console,opt,M_TASKPOLICY_INIT_57A5FAC8,2885,2793,92,26
console,opt,M_TASKPOLICY_TIMEDCOUNT_C3B59E74,100,100,0,2
console,opt,M_TASKPOLICY_ADJUSTTIMED_DDC1BE1E,229,183,46,2
console,opt,M_TASKPOLICY_WAKE_9E9C7518,590,498,92,16
console,opt,M_TASKPOLICY_SELECT_1A709B3E,1269,941,328,14
console,opt,M_TASKPOLICY_SWITCH_98522C9E,844,686,158,8
console,opt,M_TASKPOLICY_EMPTYSIGNALS_EA2224E4,795,747,48,10
console,opt,M_TASKPOLICY_ADD_A5E7C92B,2968,2516,452,36
console,opt,M_TASKPOLICY_REMOVETASK_35F29A21,2939,2341,598,18
console,opt,M_TASKPOLICY_SAMENAME_968CD62D,632,462,170,14
console,opt,M_TASKPOLICY_FIND_0D9A09D7,940,724,216,16
console,opt,M_TASKPOLICY_PRIORITY_7FE7EE8A,757,679,78,14
console,opt,M_TASKPOLICY_EXCLUSION_DFE541A6,547,501,46,16
console,opt,M_TASKPOLICY_SLEEPTASK_6A909BCC,1255,1209,46,16
console,opt,M_TASKPOLICY_MASKRESULT_220A6FAB,358,358,0,12
console,opt,M_TASKPOLICY_SIGNALBIT_7E52F9EF,220,220,0,10
console,opt,M_TASKPOLICY_ALLOCATEBIT_A349E154,1316,1132,184,20
console,opt,M_TASKPOLICY_MASKS_49833CE1,1840,1610,230,34
console,opt,M_TASKPOLICY_COMPLETEWAIT_31FB45E4,606,560,46,14
console,opt,M_TASKPOLICY_WAITTASK_AD94C4A2,899,853,46,22
console,opt,M_TASKPOLICY_POSTSIGNAL_10773240,566,520,46,12
console,opt,M_TASKPOLICY_SIGNALTASK_806F80F5,971,847,124,22
console,opt,M_TASKPOLICY_CANCELWAKE_8ADC984A,233,187,46,4
console,opt,M_TASKPOLICY_DRAINONE_68E56764,1013,736,277,12
console,opt,M_TASKPOLICY_DRAINWAKES_15F017CB,589,451,138,4
console,opt,M_TASKPOLICY_BOUNDPRODUCER_6D7B4E54,979,725,254,8
console,opt,M_TASKPOLICY_PRODUCERCONTROL_52F9499B,2072,1718,354,22
console,opt,M_TASKPOLICY_MEMORYSERVICE_7FAD083C,311,223,88,4
console,opt,M_TASKPOLICY_MEMORYPACKET_B36B55BB,606,468,138,16
console,opt,M_TASKPOLICY_MEMORYCALL_E7816C43,2465,2097,368,32
console,opt,M_TASKPOLICY_PORTSERVICE_8D598BCC,191,147,44,4
console,opt,M_TASKPOLICY_INITPORTS_2CB7E92A,218,218,0,8
console,opt,M_TASKPOLICY_PORTSTORAGE_D3468DA2,403,325,78,10
console,opt,M_TASKPOLICY_VALIDPORT_7710F985,588,404,184,4
console,opt,M_TASKPOLICY_VALIDMESSAGE_C0DE7739,559,401,158,10
console,opt,M_TASKPOLICY_SENDMESSAGE_7332557D,1405,1059,346,20
console,opt,M_TASKPOLICY_PORTHEAD_A12A0751,1174,868,306,16
console,opt,M_TASKPOLICY_PORTDELETE_CF47DFE6,1315,1051,264,22
console,opt,M_TASKPOLICY_REGISTRYCALL_6B5FFB7F,1714,1360,354,18
console,opt,M_TASKPOLICY_QUEUECALL_62B0545B,1731,1423,308,24
console,opt,M_TASKPOLICY_PORTCALL_70989793,1459,1275,184,24
console,opt,M_TASKPOLICY_IOSERVICE_1E6CF653,191,147,44,4
console,opt,M_TASKPOLICY_INITIONAMES_D8642B1E,1301,1301,0,8
console,opt,M_TASKPOLICY_INITIO_35D5D1E4,671,671,0,14
console,opt,M_TASKPOLICY_IOEXTENT_9818C08A,591,545,46,18
console,opt,M_TASKPOLICY_IOERROR_9413450C,310,264,46,14
console,opt,M_TASKPOLICY_IONAME_8B922013,347,269,78,8
console,opt,M_TASKPOLICY_IOBOUND_33A4879E,438,346,92,4
console,opt,M_TASKPOLICY_IOOPEN_15F8E966,1156,1018,138,14
console,opt,M_TASKPOLICY_IOOPENTEST_C4ABA6E6,242,242,0,12
console,opt,M_TASKPOLICY_IOCOMPLETE_88BA0BF3,551,505,46,20
console,opt,M_TASKPOLICY_IOWAITOWNER_63A51E9E,623,491,132,16
console,opt,M_TASKPOLICY_IOCOLLECT_D169FE6C,1037,853,184,12
console,opt,M_TASKPOLICY_IOENQUEUE_EC975914,1853,1659,194,20
console,opt,M_TASKPOLICY_IOBEGIN_A0C610B5,1752,1406,346,14
console,opt,M_TASKPOLICY_IOTESTBEGIN_2E780855,849,779,70,14
console,opt,M_TASKPOLICY_IOABORT_1EC95CFC,1609,1251,358,18
console,opt,M_TASKPOLICY_IOWORKERCONTROL_3D43EE5B,1280,948,332,10
console,opt,M_TASKPOLICY_IOCLAIM_E59988BA,750,592,158,16
console,opt,M_TASKPOLICY_IOTEST_D46D842E,50,50,0,0
console,opt,M_TASKPOLICY_IOTESTFINISH_35E02F77,826,734,92,20
console,opt,M_TASKPOLICY_IOCALL_78031962,2327,1913,414,28
console,opt,M_TASKPOLICY_IOREQUESTCALL_7ACD78BD,793,609,184,14
console,opt,M_TASKPOLICY_IOSETTLEDCALL_042AE5B9,1929,1463,466,18
console,opt,M_TASKPOLICY_INITSIOSTATE_10B63F2C,649,649,0,14
console,opt,M_TASKPOLICY_SIOBOUND_346E47DB,1250,1132,118,22
console,opt,M_TASKPOLICY_SIOOPEN_38E97F75,1749,1611,138,22
console,opt,M_TASKPOLICY_SIOCLOSE_4815C4E5,180,180,0,12
console,opt,M_TASKPOLICY_SIOENQUEUE_F49C65E1,1023,885,138,24
console,opt,M_TASKPOLICY_SIOABORT_410D8B25,574,500,74,18
console,opt,M_TASKPOLICY_SIOPREPAREWORKER_A27B8738,834,788,46,20
console,opt,M_TASKPOLICY_SIOPREPAREBUS_A2AD2C52,525,525,0,12
console,opt,M_TASKPOLICY_SIOADMIT_DC2C0CF4,1235,943,292,20
console,opt,M_TASKPOLICY_SIOTAKE_23947030,916,716,200,12
console,opt,M_TASKPOLICY_SIOFINISH_B1C2A78C,985,815,170,24
console,opt,M_TASKPOLICY_SIOSTOP_31FA5BA1,1075,857,218,8
console,opt,M_TASKPOLICY_SIOWORKERCONTROL_ABEF18A6,2040,1518,522,14
console,opt,M_TASKPOLICY_SIOPAUSE_4B7D62A1,555,555,0,10
console,opt,M_TASKPOLICY_SIOCONTROL_0EC256A4,1611,1381,230,20
console,opt,M_TASKPOLICY_SIOWORKERBOUND_9EFBF9DD,389,299,90,12
console,opt,M_TASKPOLICY_SIORESIDENTCOUNT_72BFE78E,353,259,94,12
console,opt,M_TASKPOLICY_SIOREMOVED_B08060ED,1245,925,320,12
console,opt,M_TASKPOLICY_DOSSLOTFOR_362EB215,242,242,0,8
console,opt,M_TASKPOLICY_DOSRESET_224DFB33,363,363,0,12
console,opt,M_TASKPOLICY_DOSCANREMOVE_DB41E74E,716,524,192,16
console,opt,M_TASKPOLICY_DOSCURRENT_4399DFDB,572,450,122,16
console,opt,M_TASKPOLICY_DOSINIT_97B41A44,1161,1069,92,24
console,opt,M_TASKPOLICY_DOSWORKERBOUND_DB9BCF66,401,315,86,16
console,opt,M_TASKPOLICY_DOSRESIDENTCOUNT_ABEF6AC1,343,245,98,12
console,opt,M_TASKPOLICY_DOSREMOVED_D36757B2,1341,899,442,20
console,opt,M_TASKPOLICY_DOSPREPARE_61B1CC0D,804,758,46,20
console,opt,M_TASKPOLICY_DOSADMIT_DEA63DC3,1452,1048,404,24
console,opt,M_TASKPOLICY_DOSCONTROL_C7F82CE3,1257,1119,138,22
console,opt,M_TASKPOLICY_CONSOLEINIT_02CC0011,328,328,0,10
console,opt,M_TASKPOLICY_CONSOLESERVICE_C7B70ED2,191,147,44,4
console,opt,M_TASKPOLICY_CONSOLEPRODUCERBOUND_02AD29D1,306,238,68,12
console,opt,M_TASKPOLICY_CONSOLEFORGETBINDING_5044609F,199,199,0,8
console,opt,M_TASKPOLICY_CONSOLEPACKETVALID_068AA429,368,368,0,14
console,opt,M_TASKPOLICY_CONSOLEUNBIND_D1E0D209,815,643,172,12
console,opt,M_TASKPOLICY_CONSOLEPRODUCERCONTROL_28DEB132,394,348,46,10
console,opt,M_TASKPOLICY_CONSOLEBINDCONTROL_DC86D25B,2407,2055,352,22
console,opt,M_TASKPOLICY_CONSOLESTATE_630D302C,101,101,0,4
console,opt,M_TASKPOLICY_CONSOLEINSTANCE_9C722438,101,101,0,4
console,opt,M_TASKPOLICY_CONSOLENAMES_B9E6EA95,688,688,0,12
console,opt,M_TASKPOLICY_CONSOLENAME_0C46F590,214,214,0,8
console,opt,M_TASKPOLICY_CONSOLEDEVICE_34497CA3,207,165,42,8
console,opt,M_TASKPOLICY_CONSOLEBOUND_8755F553,558,472,86,16
console,opt,M_TASKPOLICY_CONSOLEOPEN_4090447D,1467,1329,138,22
console,opt,M_TASKPOLICY_CONSOLEIDLE_D6547573,901,615,286,8
console,opt,M_TASKPOLICY_CONSOLECLOSE_04E65EB3,795,749,46,14
console,opt,M_TASKPOLICY_CONSOLEIMMEDIATE_DAE617FC,1491,1371,120,14
console,opt,M_TASKPOLICY_CONSOLEENQUEUE_BE188809,2147,1929,218,30
console,opt,M_TASKPOLICY_CONSOLEWAKE_FE0543B3,309,263,46,8
console,opt,M_TASKPOLICY_CONSOLEABORT_CCCE9F0D,1620,1364,256,20
console,opt,M_TASKPOLICY_CONSOLEPREPARE_8098E872,885,839,46,20
console,opt,M_TASKPOLICY_CONSOLEADMIT_A01C3E0C,2299,1887,412,30
console,opt,M_TASKPOLICY_CONSOLETAKEARRIVAL_2A1E971F,1190,1032,158,16
console,opt,M_TASKPOLICY_CONSOLETAKEWRITE_96FEA12D,615,535,80,12
console,opt,M_TASKPOLICY_CONSOLEFINISH_F43924B4,2045,1307,738,20
console,opt,M_TASKPOLICY_CONSOLERUNNABLE_8934D92E,1516,1068,448,16
console,opt,M_TASKPOLICY_CONSOLESTOP_DAEB4759,883,711,172,8
console,opt,M_TASKPOLICY_CONSOLEWORKERCONTROL_3CA89D3E,2256,1766,490,26
console,opt,M_TASKPOLICY_CONSOLECHECKEXTENT_830BDAF3,391,391,0,16
console,opt,M_TASKPOLICY_CONSOLECONTROL_F218511C,1590,1406,184,26
console,opt,M_TASKPOLICY_CONSOLEWORKERBOUND_96318375,472,386,86,16
console,opt,M_TASKPOLICY_CONSOLERESIDENTCOUNT_6078C646,414,316,98,12
console,opt,M_TASKPOLICY_CONSOLECANREMOVE_6BA935F9,1606,1226,380,24
console,opt,M_TASKPOLICY_CONSOLEREMOVED_E0E10625,1491,1163,328,18
console,opt,M_TASKPOLICY_REQUESTVALID_195CAC51,4780,3722,1058,6
console,opt,M_TASKPOLICY_ROUTE_3006B749,3856,2982,874,12
console,opt,M_TASKPOLICY_FINISHDISPATCH_46CD5A79,575,437,138,12
console,opt,M_TASKPOLICY_DISPATCH_2D7B283C,2973,2475,498,22
console,opt,M_CONSOLECORE_EXTENT_83D9960B,1198,1198,0,28
console,opt,M_CONSOLECORE_INIT_F63331F9,922,876,46,16
console,opt,M_CONSOLECORE_DIRTY_4A63B073,185,185,0,10
console,opt,M_CONSOLECORE_EDITQUANTUM_E6CDEC54,903,811,92,20
console,opt,M_CONSOLECORE_NEWLINE_97A73E23,324,324,0,12
console,opt,M_CONSOLECORE_CHARACTER_94A5011A,1694,1326,368,16
console,opt,M_CONSOLECORE_FEED_287D49E7,580,488,92,16
console,opt,M_CONSOLEINPUT_INIT_5076ECFA,230,230,0,8
console,opt,M_CONSOLEINPUT_LOSE_42C88EE3,158,158,0,4
console,opt,M_CONSOLEINPUT_CLEAR_3DEF4D2B,253,253,0,4
console,opt,M_CONSOLEINPUT_DECODE_A428056C,2098,1408,690,22
console,opt,M_CONSOLEINPUT_DELIVER_8B43A137,773,681,92,16
console,opt,M_CONSOLEINPUT_PUMP_600356CC,658,658,0,12
console,opt,M_CONSOLEINPUT_READ_9E7D5EC6,675,629,46,22
console,opt,M_CONSOLEDISPLAY_GLYPH_DCC4F92E,270,224,46,10
console,opt,M_CONSOLEDISPLAY_LISTVALID_C50FC922,1539,1263,276,12
console,opt,M_CONSOLEDISPLAY_VALIDATE_33E36106,980,612,368,8
console,opt,M_CONSOLEDISPLAY_GEOMETRY_B00D0334,578,578,0,10
console,opt,M_CONSOLEDISPLAY_COPYSCREEN_6781A699,316,316,0,16
console,opt,M_CONSOLEDISPLAY_CLAIM_0FF5CDD8,1664,1448,216,16
console,opt,M_CONSOLEDISPLAY_RELEASE_C2AC22C5,501,455,46,12
console,opt,M_CONSOLEDISPLAY_POSITION_5668E3AD,215,215,0,8
console,opt,M_CONSOLEDISPLAY_CURSOR_3EC7579C,961,915,46,18
console,opt,M_CONSOLEDISPLAY_CELLS_58FB51DD,956,956,0,28
console,opt,M_CONSOLEDISPLAY_QUANTUM_5F98A18D,927,743,184,14
console,opt,M_CONSOLEDRIVER_GETSERVICE_BEE5E55D,101,101,0,4
console,opt,M_CONSOLEDRIVER_GETINSTANCE_7919D405,101,101,0,4
console,opt,M_CONSOLEDRIVER_MAPPED_DAA6A481,1180,1056,124,24
console,opt,M_CONSOLEDRIVER_VALIDATE_72D30322,1901,1705,196,14
console,opt,M_CONSOLEDRIVER_FINISHWRITE_E8555190,303,257,46,8
console,opt,M_CONSOLEDRIVER_WRITEQUANTUM_AEE13626,2053,1759,294,28
console,opt,M_CONSOLEDRIVER_READQUANTUM_10EBF725,1484,1176,308,22
console,opt,M_CONSOLEDRIVER_ARRIVAL_EC6B7DA9,630,506,124,12
console,opt,M_CONSOLEDRIVER_INITIALIZE_D6CB2592,2926,2420,506,26
console,opt,M_CONSOLEDRIVER_FREESTORAGE_02676B4B,1171,931,240,12
console,opt,M_CONSOLEDRIVER_WORKER_589B3ABC,2402,2310,92,16
console,opt,M_CONSOLEDRIVER_START_3E6AAC44,918,918,0,8
console,opt,M_CONSOLEDRIVER_STOP_093D3500,676,676,0,6
console,opt,M_PORTCORE_CREATEMSGPORT_A47550A3,1216,1092,124,12
console,opt,M_PORTCORE_DELETEMSGPORT_9136F7C6,485,407,78,8
console,opt,M_SIODRIVER_SIOMAPPED_D1D9A9D6,1180,1056,124,24
console,opt,M_SIODRIVER_PAYLOADLENGTH_9F5C9B06,934,842,92,8
console,opt,M_SIODRIVER_SIOVALIDATE_7D355271,2411,2135,276,16
console,opt,M_SIODRIVER_DEADLINETICKS_83CDA5CA,950,950,0,32
console,opt,M_SIODRIVER_PREPARE_D10BF723,1184,1184,0,20
console,opt,M_SIODRIVER_HARDWAREINIT_3568BDA6,1429,1199,230,6
console,opt,M_SIODRIVER_RUNREQUEST_4500BA50,2263,1941,322,12
console,opt,M_SIODRIVER_WORKER_374ADF8C,1964,1840,124,12
console,opt,M_SIODRIVER_UNAVAILABLE_B7013E26,199,199,0,6
console,opt,M_SIODRIVER_MATCHES_AEE1C237,564,394,170,12
console,opt,M_SIODRIVER_START_4928F5B4,1070,1070,0,8
console,opt,M_SIODRIVER_STOP_B26AF28A,521,521,0,6
console,opt,M_IOCORE_OPENDEVICE_A2787528,497,451,46,20
console,opt,M_IOCORE_CREATEIOREQUEST_DE10015D,945,867,78,16
console,opt,M_IOCORE_DELETEIOREQUEST_93A87E78,439,361,78,16
console,opt,M_IOCORE_WAITIO_8CA35F61,788,788,0,14
console,opt,M_IOCORE_DOIO_173DC4A1,484,484,0,16
console,opt,M_SIZEPROBE_MAIN_D41431CB,47,47,0,0
shell,raw,M_EXECMEMORY_VALIDBANK_E9E0A79B,98,98,0,6
shell,raw,M_EXECMEMORY_VALIDOWNER_462B929A,130,130,0,6
shell,raw,M_EXECMEMORY_ADOPT_494D3B99,1291,1061,230,12
shell,raw,M_EXECMEMORY_QUERY_D2E34F9F,561,561,0,14
shell,raw,M_EXECMEMORY_RESERVEEXACT_88D3D2C8,1082,944,138,10
shell,raw,M_EXECMEMORY_ACQUIRE_EAA019EB,729,683,46,14
shell,raw,M_EXECMEMORY_RELEASE_A6E307FC,1202,1064,138,10
shell,raw,M_EXECMEMORY_INIT_F4EA07E3,137,137,0,4
shell,raw,M_EXECLISTS_NEWLIST_B3502541,277,277,0,12
shell,raw,M_EXECLISTS_NEWMINLIST_A2695943,164,164,0,8
shell,raw,M_EXECLISTS_ISLISTEMPTY_6EEB0796,262,220,42,12
shell,raw,M_EXECLISTS_ISMINLISTEMPTY_6D517164,194,194,0,8
shell,raw,M_EXECLISTS_ADDHEAD_3AE3E6E4,303,303,0,16
shell,raw,M_EXECLISTS_ADDTAIL_A1C0F364,322,322,0,16
shell,raw,M_EXECLISTS_INSERT_468B11BA,964,746,218,16
shell,raw,M_EXECLISTS_REMOVE_2E26C2C1,189,189,0,6
shell,raw,M_EXECLISTS_REMHEAD_F8063CE7,401,327,74,12
shell,raw,M_EXECLISTS_REMTAIL_292EAA27,401,327,74,12
shell,raw,M_EXECLISTS_ENQUEUE_763E1E61,708,582,126,20
shell,raw,M_EXECLISTS_FINDNAME_2659CDBB,891,635,256,22
shell,raw,M_HEAPCORE_ROUNDED_9D79FA03,545,545,0,14
shell,raw,M_HEAPCORE_BOUNDS_2387CB05,1922,1844,78,24
shell,raw,M_HEAPCORE_CHUNKADDRESS_A551D41B,866,866,0,24
shell,raw,M_HEAPCORE_NEXTADDRESS_E32592FF,879,879,0,24
shell,raw,M_HEAPCORE_CHUNKEND_0E0C27CE,1321,1321,0,28
shell,raw,M_HEAPCORE_VALIDATE_B397AD34,854,770,84,26
shell,raw,M_HEAPCORE_LINK_9B47F952,251,173,78,8
shell,raw,M_HEAPCORE_WRITECHUNK_D768FC26,160,160,0,8
shell,raw,M_HEAPCORE_SPLIT_B6117102,1331,1331,0,32
shell,raw,M_HEAPCORE_CANDIDATE_07CF3557,595,549,46,20
shell,raw,M_HEAPCORE_RESERVE_2192E9C0,2079,1949,130,40
shell,raw,M_HEAPCORE_ALLOCATE_E39F1AF5,236,236,0,12
shell,raw,M_HEAPCORE_LARGEST_AA9886E8,2256,2126,130,42
shell,raw,M_HEAPCORE_INSERTFREE_129E41BB,1790,1548,242,24
shell,raw,M_HEAPCORE_RETURNRANGE_11C95A83,2374,2122,252,26
shell,raw,M_HEAPCORE_DEALLOCATE_60F97CF2,1195,1195,0,32
shell,raw,M_HEAPPOLICY_GETSTATE_9B9EAF7C,113,113,0,8
shell,raw,M_HEAPPOLICY_HEADER_A992FDFC,241,241,0,12
shell,raw,M_HEAPPOLICY_SHUTDOWN_9E341637,730,684,46,18
shell,raw,M_HEAPPOLICY_RUNS_07A33D25,483,391,92,24
shell,raw,M_HEAPPOLICY_REGION_F42DC07D,1163,1163,0,22
shell,raw,M_HEAPPOLICY_START_1455FA91,1965,1873,92,32
shell,raw,M_HEAPPOLICY_INIT_69D6AA0D,546,546,0,16
shell,raw,M_HEAPPOLICY_FLAGSVALID_4BF22F96,1283,1237,46,24
shell,raw,M_HEAPPOLICY_DESCRIPTOR_8971C45E,969,969,0,24
shell,raw,M_HEAPPOLICY_VALIDATEREGIONS_C3A52ACE,1805,1393,412,28
shell,raw,M_HEAPPOLICY_MATCHES_ACC95206,314,314,0,18
shell,raw,M_HEAPPOLICY_RESERVE_42F2499D,1982,1680,302,28
shell,raw,M_HEAPPOLICY_LOCATE_7B91FF59,1102,1022,80,30
shell,raw,M_HEAPPOLICY_FREE_3EA2E1EF,1708,1630,78,30
shell,raw,M_HEAPPOLICY_AVAIL_22774B2C,2370,2198,172,36
shell,raw,M_HEAPPOLICY_MEMORYTYPE_D394B206,402,324,78,12
shell,raw,M_HEAPPOLICY_VECTORBYTES_E6541B8F,619,619,0,20
shell,raw,M_HEAPPOLICY_RESERVEVECTOR_C09ED6F4,547,547,0,18
shell,raw,M_HEAPPOLICY_FREEVECTOR_698EC5DE,2398,2242,156,34
shell,raw,M_TASKPOLICY_RECORDFOR_833E2B66,235,235,0,12
shell,raw,M_TASKPOLICY_SAVEDWORD_D1C8E663,131,131,0,12
shell,raw,M_TASKPOLICY_RESULT_DA2077E3,126,126,0,12
shell,raw,M_TASKPOLICY_POINTERRESULT_E8D88610,362,362,0,16
shell,raw,M_TASKPOLICY_ARGUMENTPOINTER_A19325C6,497,497,0,12
shell,raw,M_TASKPOLICY_FLAGS_56B3B4FF,150,150,0,12
shell,raw,M_TASKPOLICY_PROTECTED_FCDCE808,365,321,44,8
shell,raw,M_TASKPOLICY_LOOKUP_41F6D1E4,1183,903,280,24
shell,raw,M_TASKPOLICY_WRITABLE_0565D862,1050,1050,0,32
shell,raw,M_TASKPOLICY_AVAILABLERECORD_80983EA0,1044,906,138,28
shell,raw,M_TASKPOLICY_EMPTYMEMORY_C893BDB0,633,499,134,16
shell,raw,M_TASKPOLICY_VALIDENTRY_58BA8A58,440,366,74,22
shell,raw,M_TASKPOLICY_STACKSLOT_2A322EEA,1495,1187,308,22
shell,raw,M_TASKPOLICY_PREPARESTACK_1A1C583B,716,716,0,24
shell,raw,M_TASKPOLICY_PREPAREDOMAIN_45DA3401,1132,1132,0,24
shell,raw,M_TASKPOLICY_PREPAREFRAME_D5FF2FA0,704,658,46,26
shell,raw,M_TASKPOLICY_SETSTATE_52D88FAF,275,191,84,12
shell,raw,M_TASKPOLICY_READY_679992F5,456,456,0,16
shell,raw,M_TASKPOLICY_INITSIGNALS_5C831CB9,556,556,0,12
shell,raw,M_TASKPOLICY_ADMIT_CF1671AB,995,995,0,16
shell,raw,M_TASKPOLICY_INIT_57A5FAC8,3079,2987,92,30
shell,raw,M_TASKPOLICY_TIMEDCOUNT_C3B59E74,120,120,0,8
shell,raw,M_TASKPOLICY_ADJUSTTIMED_DDC1BE1E,249,203,46,10
shell,raw,M_TASKPOLICY_WAKE_9E9C7518,652,560,92,16
shell,raw,M_TASKPOLICY_SELECT_1A709B3E,1277,949,328,14
shell,raw,M_TASKPOLICY_SWITCH_98522C9E,844,686,158,8
shell,raw,M_TASKPOLICY_EMPTYSIGNALS_EA2224E4,853,809,44,12
shell,raw,M_TASKPOLICY_ADD_A5E7C92B,3010,2566,444,36
shell,raw,M_TASKPOLICY_REMOVETASK_35F29A21,2969,2371,598,18
shell,raw,M_TASKPOLICY_SAMENAME_968CD62D,652,482,170,18
shell,raw,M_TASKPOLICY_FIND_0D9A09D7,987,771,216,16
shell,raw,M_TASKPOLICY_PRIORITY_7FE7EE8A,777,699,78,16
shell,raw,M_TASKPOLICY_EXCLUSION_DFE541A6,569,523,46,16
shell,raw,M_TASKPOLICY_SLEEPTASK_6A909BCC,1294,1248,46,16
shell,raw,M_TASKPOLICY_MASKRESULT_220A6FAB,386,386,0,20
shell,raw,M_TASKPOLICY_SIGNALBIT_7E52F9EF,232,232,0,14
shell,raw,M_TASKPOLICY_ALLOCATEBIT_A349E154,1439,1255,184,28
shell,raw,M_TASKPOLICY_MASKS_49833CE1,1880,1650,230,38
shell,raw,M_TASKPOLICY_COMPLETEWAIT_31FB45E4,626,580,46,16
shell,raw,M_TASKPOLICY_WAITTASK_AD94C4A2,935,889,46,24
shell,raw,M_TASKPOLICY_POSTSIGNAL_10773240,582,536,46,22
shell,raw,M_TASKPOLICY_SIGNALTASK_806F80F5,1023,899,124,24
shell,raw,M_TASKPOLICY_CANCELWAKE_8ADC984A,233,187,46,4
shell,raw,M_TASKPOLICY_DRAINONE_68E56764,1006,729,277,14
shell,raw,M_TASKPOLICY_DRAINWAKES_15F017CB,579,441,138,4
shell,raw,M_TASKPOLICY_BOUNDPRODUCER_6D7B4E54,1001,749,252,12
shell,raw,M_TASKPOLICY_PRODUCERCONTROL_52F9499B,2110,1756,354,22
shell,raw,M_TASKPOLICY_MEMORYSERVICE_7FAD083C,311,223,88,4
shell,raw,M_TASKPOLICY_MEMORYPACKET_B36B55BB,634,496,138,16
shell,raw,M_TASKPOLICY_MEMORYCALL_E7816C43,2489,2121,368,32
shell,raw,M_TASKPOLICY_PORTSERVICE_8D598BCC,191,147,44,4
shell,raw,M_TASKPOLICY_INITPORTS_2CB7E92A,238,238,0,12
shell,raw,M_TASKPOLICY_PORTSTORAGE_D3468DA2,431,353,78,14
shell,raw,M_TASKPOLICY_VALIDPORT_7710F985,588,404,184,4
shell,raw,M_TASKPOLICY_VALIDMESSAGE_C0DE7739,607,453,154,14
shell,raw,M_TASKPOLICY_SENDMESSAGE_7332557D,1417,1071,346,20
shell,raw,M_TASKPOLICY_PORTHEAD_A12A0751,1174,868,306,16
shell,raw,M_TASKPOLICY_PORTDELETE_CF47DFE6,1327,1063,264,22
shell,raw,M_TASKPOLICY_REGISTRYCALL_6B5FFB7F,1726,1372,354,18
shell,raw,M_TASKPOLICY_QUEUECALL_62B0545B,1763,1455,308,24
shell,raw,M_TASKPOLICY_PORTCALL_70989793,1483,1299,184,24
shell,raw,M_TASKPOLICY_IOSERVICE_1E6CF653,191,147,44,4
shell,raw,M_TASKPOLICY_INITIONAMES_D8642B1E,1379,1379,0,14
shell,raw,M_TASKPOLICY_INITIO_35D5D1E4,1258,1062,196,16
shell,raw,M_TASKPOLICY_IOEXTENT_9818C08A,615,569,46,20
shell,raw,M_TASKPOLICY_IOERROR_9413450C,310,264,46,14
shell,raw,M_TASKPOLICY_IONAME_8B922013,347,269,78,8
shell,raw,M_TASKPOLICY_IOBOUND_33A4879E,1262,896,366,16
shell,raw,M_TASKPOLICY_IOOPEN_15F8E966,1241,1103,138,16
shell,raw,M_TASKPOLICY_IOOPENTEST_C4ABA6E6,1755,1533,222,20
shell,raw,M_TASKPOLICY_IOCOMPLETE_88BA0BF3,551,505,46,20
shell,raw,M_TASKPOLICY_IOWAITOWNER_63A51E9E,631,499,132,16
shell,raw,M_TASKPOLICY_IOCOLLECT_D169FE6C,1057,873,184,16
shell,raw,M_TASKPOLICY_IOENQUEUE_EC975914,1982,1788,194,24
shell,raw,M_TASKPOLICY_IOBEGIN_A0C610B5,1837,1491,346,14
shell,raw,M_TASKPOLICY_IOTESTBEGIN_2E780855,999,929,70,18
shell,raw,M_TASKPOLICY_IOABORT_1EC95CFC,1820,1462,358,18
shell,raw,M_TASKPOLICY_IOWORKERCONTROL_3D43EE5B,1324,992,332,14
shell,raw,M_TASKPOLICY_IOCLAIM_E59988BA,750,592,158,16
shell,raw,M_TASKPOLICY_IOTEST_D46D842E,1607,1131,476,18
shell,raw,M_TASKPOLICY_IOTESTFINISH_35E02F77,848,756,92,20
shell,raw,M_TASKPOLICY_IOCALL_78031962,2371,1957,414,28
shell,raw,M_TASKPOLICY_IOREQUESTCALL_7ACD78BD,805,621,184,14
shell,raw,M_TASKPOLICY_IOSETTLEDCALL_042AE5B9,2010,1544,466,20
shell,raw,M_TASKPOLICY_INITSIOSTATE_10B63F2C,822,822,0,20
shell,raw,M_TASKPOLICY_SIOBOUND_346E47DB,1651,1533,118,26
shell,raw,M_TASKPOLICY_SIOOPEN_38E97F75,1970,1832,138,30
shell,raw,M_TASKPOLICY_SIOCLOSE_4815C4E5,206,206,0,16
shell,raw,M_TASKPOLICY_SIOENQUEUE_F49C65E1,1104,966,138,24
shell,raw,M_TASKPOLICY_SIOABORT_410D8B25,675,601,74,20
shell,raw,M_TASKPOLICY_SIOPREPAREWORKER_A27B8738,987,941,46,22
shell,raw,M_TASKPOLICY_SIOPREPAREBUS_A2AD2C52,598,598,0,14
shell,raw,M_TASKPOLICY_SIOADMIT_DC2C0CF4,1361,1069,292,30
shell,raw,M_TASKPOLICY_SIOTAKE_23947030,964,764,200,18
shell,raw,M_TASKPOLICY_SIOFINISH_B1C2A78C,1031,861,170,26
shell,raw,M_TASKPOLICY_SIOSTOP_31FA5BA1,1134,916,218,8
shell,raw,M_TASKPOLICY_SIOWORKERCONTROL_ABEF18A6,2466,1852,614,18
shell,raw,M_TASKPOLICY_SIOPAUSE_4B7D62A1,571,571,0,10
shell,raw,M_TASKPOLICY_SIOCONTROL_0EC256A4,1696,1466,230,22
shell,raw,M_TASKPOLICY_SIOWORKERBOUND_9EFBF9DD,462,372,90,14
shell,raw,M_TASKPOLICY_SIORESIDENTCOUNT_72BFE78E,426,332,94,14
shell,raw,M_TASKPOLICY_SIOREMOVED_B08060ED,1373,1053,320,18
shell,raw,M_TASKPOLICY_DOSSLOTFOR_362EB215,258,258,0,12
shell,raw,M_TASKPOLICY_DOSRESET_224DFB33,369,369,0,12
shell,raw,M_TASKPOLICY_DOSCANREMOVE_DB41E74E,724,532,192,16
shell,raw,M_TASKPOLICY_DOSCURRENT_4399DFDB,580,458,122,16
shell,raw,M_TASKPOLICY_DOSINIT_97B41A44,1410,1318,92,30
shell,raw,M_TASKPOLICY_DOSWORKERBOUND_DB9BCF66,421,335,86,16
shell,raw,M_TASKPOLICY_DOSRESIDENTCOUNT_ABEF6AC1,379,281,98,14
shell,raw,M_TASKPOLICY_DOSREMOVED_D36757B2,1454,1012,442,24
shell,raw,M_TASKPOLICY_DOSPREPARE_61B1CC0D,827,781,46,22
shell,raw,M_TASKPOLICY_DOSADMIT_DEA63DC3,1515,1115,400,26
shell,raw,M_TASKPOLICY_DOSCONTROL_C7F82CE3,1277,1139,138,22
shell,raw,M_TASKPOLICY_CONSOLEINIT_02CC0011,434,434,0,14
shell,raw,M_TASKPOLICY_CONSOLESERVICE_C7B70ED2,191,147,44,4
shell,raw,M_TASKPOLICY_CONSOLEPRODUCERBOUND_02AD29D1,379,311,68,14
shell,raw,M_TASKPOLICY_CONSOLEFORGETBINDING_5044609F,270,270,0,14
shell,raw,M_TASKPOLICY_CONSOLEPACKETVALID_068AA429,382,382,0,14
shell,raw,M_TASKPOLICY_CONSOLEUNBIND_D1E0D209,835,663,172,22
shell,raw,M_TASKPOLICY_CONSOLEPRODUCERCONTROL_28DEB132,394,348,46,10
shell,raw,M_TASKPOLICY_CONSOLEBINDCONTROL_DC86D25B,2544,2192,352,22
shell,raw,M_TASKPOLICY_CONSOLESTATE_630D302C,113,113,0,8
shell,raw,M_TASKPOLICY_CONSOLEINSTANCE_9C722438,113,113,0,8
shell,raw,M_TASKPOLICY_CONSOLENAMES_B9E6EA95,777,777,0,16
shell,raw,M_TASKPOLICY_CONSOLENAME_0C46F590,279,279,0,12
shell,raw,M_TASKPOLICY_CONSOLEDEVICE_34497CA3,219,177,42,12
shell,raw,M_TASKPOLICY_CONSOLEBOUND_8755F553,558,472,86,16
shell,raw,M_TASKPOLICY_CONSOLEOPEN_4090447D,1522,1384,138,22
shell,raw,M_TASKPOLICY_CONSOLEIDLE_D6547573,901,615,286,8
shell,raw,M_TASKPOLICY_CONSOLECLOSE_04E65EB3,799,753,46,14
shell,raw,M_TASKPOLICY_CONSOLEIMMEDIATE_DAE617FC,1621,1501,120,18
shell,raw,M_TASKPOLICY_CONSOLEENQUEUE_BE188809,2205,1987,218,30
shell,raw,M_TASKPOLICY_CONSOLEWAKE_FE0543B3,309,263,46,8
shell,raw,M_TASKPOLICY_CONSOLEABORT_CCCE9F0D,1636,1380,256,20
shell,raw,M_TASKPOLICY_CONSOLEPREPARE_8098E872,973,927,46,22
shell,raw,M_TASKPOLICY_CONSOLEADMIT_A01C3E0C,2355,1951,404,32
shell,raw,M_TASKPOLICY_CONSOLETAKEARRIVAL_2A1E971F,1228,1070,158,16
shell,raw,M_TASKPOLICY_CONSOLETAKEWRITE_96FEA12D,623,543,80,12
shell,raw,M_TASKPOLICY_CONSOLEFINISH_F43924B4,2085,1347,738,20
shell,raw,M_TASKPOLICY_CONSOLERUNNABLE_8934D92E,1516,1068,448,16
shell,raw,M_TASKPOLICY_CONSOLESTOP_DAEB4759,915,743,172,8
shell,raw,M_TASKPOLICY_CONSOLEWORKERCONTROL_3CA89D3E,2336,1846,490,28
shell,raw,M_TASKPOLICY_CONSOLECHECKEXTENT_830BDAF3,391,391,0,16
shell,raw,M_TASKPOLICY_CONSOLECONTROL_F218511C,1610,1426,184,26
shell,raw,M_TASKPOLICY_CONSOLEWORKERBOUND_96318375,480,394,86,16
shell,raw,M_TASKPOLICY_CONSOLERESIDENTCOUNT_6078C646,438,340,98,14
shell,raw,M_TASKPOLICY_CONSOLECANREMOVE_6BA935F9,1703,1323,380,28
shell,raw,M_TASKPOLICY_CONSOLEREMOVED_E0E10625,1535,1207,328,22
shell,raw,M_TASKPOLICY_REQUESTVALID_195CAC51,4888,3830,1058,8
shell,raw,M_TASKPOLICY_ROUTE_3006B749,3858,2984,874,12
shell,raw,M_TASKPOLICY_FINISHDISPATCH_46CD5A79,592,454,138,12
shell,raw,M_TASKPOLICY_DISPATCH_2D7B283C,3037,2539,498,26
shell,raw,M_CONSOLECORE_EXTENT_83D9960B,1250,1250,0,32
shell,raw,M_CONSOLECORE_INIT_F63331F9,1013,967,46,22
shell,raw,M_CONSOLECORE_DIRTY_4A63B073,185,185,0,10
shell,raw,M_CONSOLECORE_EDITQUANTUM_E6CDEC54,959,867,92,24
shell,raw,M_CONSOLECORE_NEWLINE_97A73E23,334,334,0,12
shell,raw,M_CONSOLECORE_CHARACTER_94A5011A,1716,1348,368,18
shell,raw,M_CONSOLECORE_FEED_287D49E7,607,515,92,18
shell,raw,M_CONSOLEINPUT_INIT_5076ECFA,281,281,0,8
shell,raw,M_CONSOLEINPUT_LOSE_42C88EE3,185,185,0,8
shell,raw,M_CONSOLEINPUT_CLEAR_3DEF4D2B,256,256,0,8
shell,raw,M_CONSOLEINPUT_DECODE_A428056C,2235,1545,690,26
shell,raw,M_CONSOLEINPUT_DELIVER_8B43A137,792,700,92,16
shell,raw,M_CONSOLEINPUT_PUMP_600356CC,743,743,0,18
shell,raw,M_CONSOLEINPUT_READ_9E7D5EC6,743,697,46,24
shell,raw,M_CONSOLEDISPLAY_GLYPH_DCC4F92E,282,236,46,12
shell,raw,M_CONSOLEDISPLAY_LISTVALID_C50FC922,1657,1381,276,14
shell,raw,M_CONSOLEDISPLAY_VALIDATE_33E36106,980,612,368,8
shell,raw,M_CONSOLEDISPLAY_GEOMETRY_B00D0334,622,622,0,10
shell,raw,M_CONSOLEDISPLAY_COPYSCREEN_6781A699,348,348,0,20
shell,raw,M_CONSOLEDISPLAY_CLAIM_0FF5CDD8,1689,1473,216,16
shell,raw,M_CONSOLEDISPLAY_RELEASE_C2AC22C5,501,455,46,12
shell,raw,M_CONSOLEDISPLAY_POSITION_5668E3AD,215,215,0,8
shell,raw,M_CONSOLEDISPLAY_CURSOR_3EC7579C,969,923,46,20
shell,raw,M_CONSOLEDISPLAY_CELLS_58FB51DD,1041,1041,0,28
shell,raw,M_CONSOLEDISPLAY_QUANTUM_5F98A18D,927,743,184,14
shell,raw,M_CONSOLEDRIVER_GETSERVICE_BEE5E55D,113,113,0,8
shell,raw,M_CONSOLEDRIVER_GETINSTANCE_7919D405,113,113,0,8
shell,raw,M_CONSOLEDRIVER_MAPPED_DAA6A481,1260,1136,124,30
shell,raw,M_CONSOLEDRIVER_VALIDATE_72D30322,2003,1813,190,18
shell,raw,M_CONSOLEDRIVER_FINISHWRITE_E8555190,319,273,46,14
shell,raw,M_CONSOLEDRIVER_WRITEQUANTUM_AEE13626,2107,1813,294,28
shell,raw,M_CONSOLEDRIVER_READQUANTUM_10EBF725,1543,1235,308,26
shell,raw,M_CONSOLEDRIVER_ARRIVAL_EC6B7DA9,646,522,124,16
shell,raw,M_CONSOLEDRIVER_INITIALIZE_D6CB2592,3106,2600,506,28
shell,raw,M_CONSOLEDRIVER_FREESTORAGE_02676B4B,1259,1019,240,12
shell,raw,M_CONSOLEDRIVER_WORKER_589B3ABC,2595,2503,92,28
shell,raw,M_CONSOLEDRIVER_START_3E6AAC44,1030,1030,0,18
shell,raw,M_CONSOLEDRIVER_STOP_093D3500,732,732,0,18
shell,raw,M_PORTCORE_CREATEMSGPORT_A47550A3,1308,1184,124,18
shell,raw,M_PORTCORE_DELETEMSGPORT_9136F7C6,509,431,78,10
shell,raw,M_SIODRIVER_SIOMAPPED_D1D9A9D6,1260,1136,124,30
shell,raw,M_SIODRIVER_PAYLOADLENGTH_9F5C9B06,1010,918,92,10
shell,raw,M_SIODRIVER_SIOVALIDATE_7D355271,2653,2377,276,16
shell,raw,M_SIODRIVER_DEADLINETICKS_83CDA5CA,1128,1128,0,28
shell,raw,M_SIODRIVER_PREPARE_D10BF723,1320,1320,0,28
shell,raw,M_SIODRIVER_HARDWAREINIT_3568BDA6,1500,1224,276,12
shell,raw,M_SIODRIVER_RUNREQUEST_4500BA50,2419,2097,322,32
shell,raw,M_SIODRIVER_WORKER_374ADF8C,2052,1928,124,22
shell,raw,M_SIODRIVER_UNAVAILABLE_B7013E26,199,199,0,6
shell,raw,M_SIODRIVER_MATCHES_AEE1C237,641,471,170,14
shell,raw,M_SIODRIVER_START_4928F5B4,1194,1194,0,16
shell,raw,M_SIODRIVER_STOP_B26AF28A,549,549,0,16
shell,raw,M_IOCORE_OPENDEVICE_A2787528,505,459,46,22
shell,raw,M_IOCORE_CREATEIOREQUEST_DE10015D,1052,974,78,20
shell,raw,M_IOCORE_DELETEIOREQUEST_93A87E78,439,361,78,16
shell,raw,M_IOCORE_WAITIO_8CA35F61,808,808,0,24
shell,raw,M_IOCORE_DOIO_173DC4A1,520,520,0,20
shell,raw,M_DOSCLIENT_IOERR_BF9E8A97,214,214,0,12
shell,raw,M_DOSCLIENT_SETERROR_F2B11A26,186,186,0,12
shell,raw,M_DOSCLIENT_NEWCLIENT_41735729,1603,1451,152,18
shell,raw,M_DOSCLIENT_ENSURE_1859B044,1091,839,252,18
shell,raw,M_DOSCLIENT_CLEARSELECTIONS_93A1D5D6,423,275,148,8
shell,raw,M_DOSCLIENT_RELEASECONTEXT_90CB2A06,2874,1988,886,18
shell,raw,M_DOSCLIENT_CHECKREPLY_4530772C,1146,762,384,12
shell,raw,M_DOSCLIENT_CALL_35DB3B22,2413,2059,354,24
shell,raw,M_DOSOBJECTS_FIND_2E898C70,768,490,278,12
shell,raw,M_DOSOBJECTS_LINK_9FA00D0F,440,440,0,16
shell,raw,M_DOSOBJECTS_UNLINK_C978FCF4,1190,874,316,22
shell,raw,M_BLOCKWIRE_TRANSFER_0A2F17CC,177,177,0,8
shell,raw,M_BLOCKIO_GEOMETRY_4529DFEE,967,921,46,10
shell,raw,M_BLOCKIO_SECTORBYTES_B8369631,1017,893,124,12
shell,raw,M_BLOCKIO_MAPPED_A9EEA713,1433,1309,124,30
shell,raw,M_BLOCKIO_CREATE_DF5BA086,1880,1562,318,20
shell,raw,M_BLOCKIO_DESTROY_0CC5CBD8,967,843,124,8
shell,raw,M_BLOCKIO_DEVICENAME_55BC3EC3,757,757,0,4
shell,raw,M_BLOCKIO_OPENVOLUME_36B90798,1397,1323,74,26
shell,raw,M_BLOCKIO_ATTACH_A1159825,1852,1604,248,20
shell,raw,M_BLOCKIO_DETACH_FC4FFB83,1173,927,246,12
shell,raw,M_BLOCKIO_INVALIDATE_E4DCC90F,129,129,0,8
shell,raw,M_BLOCKIO_CACHED_7ABF0DB0,1303,1085,218,12
shell,raw,M_BLOCKIO_PUBLISH_42B93901,488,488,0,12
shell,raw,M_BLOCKIO_PREPARE_810BFFA1,670,670,0,16
shell,raw,M_BLOCKIO_COMPLETE_80F6A54F,1160,1068,92,18
shell,raw,M_BLOCKIO_CHECK_A5B41A2A,1379,1137,242,16
shell,raw,M_BLOCKIO_BEGINFETCH_6B9D7F07,921,921,0,28
shell,raw,M_BLOCKIO_FINISHFETCH_D55D2AA5,849,849,0,28
shell,raw,M_BLOCKIO_FETCH_124BDACE,761,715,46,24
shell,raw,M_BLOCKIO_READSECTOR_D918C668,1694,1648,46,26
shell,raw,M_MYDOSNAMES_LEGAL_C9AD70C6,566,290,276,2
shell,raw,M_MYDOSNAMES_FOLD_297622C6,267,175,92,2
shell,raw,M_MYDOSNAMES_STORED_9F1E578A,1115,747,368,8
shell,raw,M_MYDOSNAMES_MATCH_52630F12,888,704,184,8
shell,raw,M_MYDOSNAMES_COMPONENT_FF2F5328,2187,1589,598,16
shell,raw,M_FSNAMES_STREAM_12DD2A4A,3573,2837,736,6
shell,raw,M_FSNAMES_MAPPED_324F42A3,945,945,0,24
shell,raw,M_FSNAMES_PATH_CFBF830F,1608,1424,184,32
shell,raw,M_FSNAMES_ALIAS_A2F2B006,645,579,66,12
shell,raw,M_FSNAMES_SAMEALIAS_76260CCC,738,600,138,8
shell,raw,M_FSNAMES_VALIDALIAS_36EB4E14,774,594,180,10
shell,raw,M_DOSSTREAMS_VALIDMODE_6A43AE29,551,551,0,12
shell,raw,M_DOSSTREAMS_VALIDBUFFER_D67D80FE,903,857,46,12
shell,raw,M_DOSSTREAMS_OPENNIL_7EDE8F17,958,880,78,20
shell,raw,M_DOSSTREAMS_TRANSFERNIL_E7EA5C2C,693,601,92,8
shell,raw,M_DOSSTREAMS_CLOSENIL_3520E24B,863,817,46,16
shell,raw,M_DOSRAW_GETREGISTRY_976423CC,113,113,0,8
shell,raw,M_DOSRAW_LIVE_14427091,1080,880,200,18
shell,raw,M_DOSRAW_INITIALIZE_D871F7B7,1496,1496,0,16
shell,raw,M_DOSRAW_ROLLBACK_4A7594F5,263,263,0,4
shell,raw,M_DOSRAW_ACQUIRE_CC49A145,3487,3317,170,34
shell,raw,M_DOSRAW_OPEN_5F7F2547,1612,1456,156,20
shell,raw,M_DOSRAW_VALIDEXTENT_84EF7CCB,1037,913,124,20
shell,raw,M_DOSRAW_RELEASEOPERATION_C2E80557,717,595,122,12
shell,raw,M_DOSRAW_PREPARE_F51F1B68,3204,2738,466,18
shell,raw,M_DOSRAW_COMPLETE_0FD428DA,2077,1939,138,30
shell,raw,M_DOSRAW_CLOSEDEVICE_DECAF50F,224,224,0,8
shell,raw,M_DOSRAW_CLOSE_4F38859D,3061,2843,218,24
shell,raw,M_FSREGISTRY_GETREGISTRY_3C838C00,212,212,0,8
shell,raw,M_FSREGISTRY_SERVICE_31663004,226,226,0,12
shell,raw,M_FSREGISTRY_RETAIN_218C5FAC,325,325,0,12
shell,raw,M_FSREGISTRY_RETAINBASE_94E5BA0B,743,605,138,18
shell,raw,M_FSREGISTRY_RELEASE_E0E99364,241,241,0,10
shell,raw,M_FSREGISTRY_LOOKUP_AD8B60C1,1466,1106,360,22
shell,raw,M_FSREGISTRY_FINDOBJECT_780CC443,355,355,0,16
shell,raw,M_FSREGISTRY_FROMHEADER_DCD07C60,816,618,198,16
shell,raw,M_FSREGISTRY_STAMP_BE264D84,528,528,0,16
shell,raw,M_DOSWIRE_ISPOINTER_E1AC855F,346,346,0,14
shell,raw,M_FSLOCKS_TRAILER_B3BA463B,152,152,0,8
shell,raw,M_FSLOCKS_TEXT_C72F70F3,193,193,0,12
shell,raw,M_FSLOCKS_ALLOCATION_5B5A6C20,451,405,46,16
shell,raw,M_FSLOCKS_ROOT_D04E0C54,743,697,46,20
shell,raw,M_FSLOCKS_ADD_DEA4C903,537,537,0,12
shell,raw,M_FSLOCKS_APPEND_3EC68462,2250,1790,460,14
shell,raw,M_FSLOCKS_ALLOCATE_39B5BEE3,1625,1547,78,32
shell,raw,M_FSPACKET_REPLY_F0943484,827,827,0,16
shell,raw,M_FSPACKET_ERROR_61E70414,660,660,0,16
shell,raw,M_FSPACKET_IDENTITY_6B3677B2,2335,1787,548,20
shell,raw,M_FSPACKET_PUBLISHOPENSTEP_55EACFB5,1215,1215,0,22
shell,raw,M_FSPACKET_CLOSESTEP_61A48B9C,1078,1032,46,18
shell,raw,M_FSPORTS_CREATE_D9675AD2,845,767,78,18
shell,raw,M_FSPORTS_DELETE_FC342961,314,230,84,8
shell,raw,M_MYDOS_READPHYSICAL_AF05229A,845,845,0,24
shell,raw,M_MYDOS_DATASECTOR_95277D3B,946,946,0,12
shell,raw,M_MYDOS_VALIDDIRECTORY_1CF8F62E,986,894,92,20
shell,raw,M_MYDOS_EXTENT_5BCD29B5,2019,1927,92,28
shell,raw,M_MYDOS_HEADER_A95A323A,1276,1230,46,26
shell,raw,M_MYDOS_BEGINMOUNT_AA58F6DF,568,568,0,10
shell,raw,M_MYDOS_MOUNTBUFFERED_114678B9,530,484,46,16
shell,raw,M_MYDOS_MOUNT_2B42A118,644,520,124,12
shell,raw,M_MYDOS_COPYENTRY_C5D8D89C,369,323,46,18
shell,raw,M_MYDOS_DECODE_69B6DF25,1002,956,46,14
shell,raw,M_MYDOS_LIVE_1E4E1377,1098,822,276,14
shell,raw,M_MYDOS_BUFFEREDENTRY_DC465C80,1009,917,92,26
shell,raw,M_MYDOS_BEGINENTRY_95F170F4,987,849,138,12
shell,raw,M_MYDOS_GETENTRY_7D00AFBD,703,579,124,14
shell,raw,M_MYDOS_SELECTMATCH_8984C9A2,1045,907,138,14
shell,raw,M_MYDOS_CHOOSE_61B23C5E,792,608,184,12
shell,raw,M_MYDOS_STARTDIRECTORY_E432AEF2,180,180,0,12
shell,raw,M_MYDOS_DESCEND_C497F8DD,1554,1370,184,32
shell,raw,M_MYDOS_ROOTENTRY_E3F00029,447,401,46,10
shell,raw,M_MYDOS_STARTRESOLVE_24B3B079,1381,1211,170,12
shell,raw,M_MYDOS_RESOLVECOMPONENT_8F2130C4,366,320,46,4
shell,raw,M_MYDOS_BEGINRESOLVE_3F47247C,416,370,46,10
shell,raw,M_MYDOS_RESOLVESTEP_4ADA26D9,1631,1263,368,14
shell,raw,M_MYDOS_RESOLVE_25FA7BCB,863,693,170,14
shell,raw,M_FSINIT_CONFIG_A7C873FA,3734,3320,414,24
shell,raw,M_FSINIT_WORKSPACE_ED5E2107,1003,855,148,16
shell,raw,M_FSINIT_ARRIVAL_302FF83F,899,807,92,20
shell,raw,M_FSINIT_ALLOCATEMOUNT_EF481898,2111,1941,170,32
shell,raw,M_FSINIT_ALLOCATEBLOCK_5C0916F0,1283,1159,124,20
shell,raw,M_FSINIT_PUBLISH_12D6516B,718,626,92,16
shell,raw,M_FSINIT_FIRST_60F42DBA,417,371,46,12
shell,raw,M_FSINIT_ADAPTERSTEP_4F860EAF,434,360,74,12
shell,raw,M_FSINIT_WORKSPACESTEP_AC19D935,511,419,92,12
shell,raw,M_FSINIT_MOUNTSTEP_D16E7745,491,445,46,12
shell,raw,M_FSINIT_BLOCKSTEP_FC8F9559,445,399,46,12
shell,raw,M_FSINIT_OPENEDSTEP_3B4623A1,980,888,92,16
shell,raw,M_FSINIT_MOUNTEDSTEP_D00F6B02,1694,1476,218,16
shell,raw,M_FSINIT_FAILED_4FB7E0CF,281,207,74,8
shell,raw,M_FSINIT_ROLLBACKSTEP_8166A722,734,734,0,16
shell,raw,M_FSINIT_DESTROYMOUNT_00D5D10B,2129,1639,490,14
shell,raw,M_FSINIT_CLEANUP_26675F9E,1750,1372,378,14
shell,raw,M_FSRELATIVE_VALIDATE_0372B7FC,2875,2431,444,34
shell,raw,M_FSRELATIVE_SEED_FD9BA1BB,1457,1365,92,24
shell,raw,M_FSRELATIVE_TRIM_C4B2DBD8,726,634,92,12
shell,raw,M_FSRELATIVE_ROOT_94E4441A,673,627,46,12
shell,raw,M_FSRELATIVE_BEGIN_CB9D8F8D,5124,4632,492,34
shell,raw,M_FSRELATIVE_PARENTRESULT_7CE6B959,3445,2985,460,20
shell,raw,M_FSINFO_ENUMERATIONSTATE_A9C412AA,172,172,0,12
shell,raw,M_FSINFO_CLEAR_E168B3AB,218,218,0,14
shell,raw,M_FSINFO_NAME_B42C963D,2041,1719,322,14
shell,raw,M_FSINFO_FILL_CDFFBE8F,715,623,92,12
shell,raw,M_FSINFO_SAVE_B1E7031F,483,483,0,16
shell,raw,M_MYDOSFILE_RESTART_75C66A72,450,450,0,12
shell,raw,M_MYDOSFILE_OPEN_0FD3469F,1936,1752,184,18
shell,raw,M_MYDOSFILE_SECTORALLOWED_E72DFCC7,1068,930,138,28
shell,raw,M_MYDOSFILE_VISIT_2F7F40D0,1282,1282,0,16
shell,raw,M_MYDOSFILE_TRAILER_58DD2DFC,1010,964,46,28
shell,raw,M_MYDOSFILE_LINK_86A70D17,1022,1022,0,18
shell,raw,M_MYDOSFILE_VALIDATE_CCD11D35,1668,1392,276,16
shell,raw,M_MYDOSFILE_FAIL_8A60C23B,398,398,0,12
shell,raw,M_MYDOSFILE_FINISH_E4A712C2,560,514,46,16
shell,raw,M_MYDOSFILE_ADVANCE_71346BED,299,299,0,16
shell,raw,M_MYDOSFILE_BEGIN_902FB340,439,439,0,12
shell,raw,M_MYDOSFILE_BEGINREAD_56DCAA56,2516,2378,138,18
shell,raw,M_MYDOSFILE_TARGET_3D0FAE04,2091,2045,46,18
shell,raw,M_MYDOSFILE_BEGINSEEK_007E9A86,1738,1692,46,12
shell,raw,M_MYDOSFILE_LOCATE_F172D4F1,1246,1200,46,22
shell,raw,M_MYDOSFILE_COPY_B45932A2,635,635,0,26
shell,raw,M_MYDOSFILE_CONSUME_CDF927EF,1360,1360,0,20
shell,raw,M_MYDOSFILE_CONTINUEOPERATION_DDF4199B,1458,1274,184,14
shell,raw,M_MYDOSFILE_RUN_01B89F42,807,683,124,14
shell,raw,M_FSDIRECTORY_LOCKCURSORSTEP_29BACC3E,1023,931,92,16
shell,raw,M_FSDIRECTORY_SELECTSTEP_815DA095,1739,1543,196,20
shell,raw,M_FSDIRECTORY_INFOSTEP_3CC6E53D,1084,992,92,16
shell,raw,M_FSDIRECTORY_RESTORESTEP_8AADA789,1613,1475,138,16
shell,raw,M_FSDIRECTORY_STATESTEP_73ED4FBC,1530,1332,198,18
shell,raw,M_FSDIRECTORY_END_806A2136,413,413,0,12
shell,raw,M_FSDIRECTORY_ENTRYSTEP_D4EA4ABB,857,765,92,16
shell,raw,M_FSDIRECTORY_ENTRYRESULTSTEP_4C458A60,1253,1069,184,16
shell,raw,M_FSDIRECTORY_SIZESTEP_0C182F8A,1468,1330,138,16
shell,raw,M_FSDIRECTORY_SIZESTARTSTEP_F40FBDAE,379,333,46,16
shell,raw,M_FSDIRECTORY_SIZECONTINUESTEP_1EAFA525,1223,1131,92,16
shell,raw,M_FSDIRECTORY_CLEARSTEP_2A4A8FB8,283,283,0,12
shell,raw,M_FSDIRECTORY_NAMESTEP_97C5C3EC,430,430,0,20
shell,raw,M_FSDIRECTORY_FILLSTEP_E0581636,434,434,0,20
shell,raw,M_FSDIRECTORY_PUBLISHSTEP_CC8DC0F6,535,535,0,16
shell,raw,M_FSIO_BEGIN_68AD59C5,786,740,46,18
shell,raw,M_FSIO_COMPLETE_3A967BA3,1051,1005,46,24
shell,raw,M_FSIO_OFFLINE_B7567A31,729,507,222,16
shell,raw,M_FSHANDLER_OPENRESULTSTEP_0C25E5DB,2034,1868,166,16
shell,raw,M_FSHANDLER_CURSORSTEP_0CA2CA5E,970,924,46,16
shell,raw,M_FSHANDLER_OPENSTEP_A7675710,1440,1302,138,18
shell,raw,M_FSHANDLER_LOCKSTEP_E0A0D2D5,905,859,46,16
shell,raw,M_FSHANDLER_RESOLVESTARTSTEP_40B69900,278,278,0,12
shell,raw,M_FSHANDLER_RESOLVEREADYSTEP_BDBFDED1,305,305,0,16
shell,raw,M_FSHANDLER_OPERATIONRESULT_4184CBFA,965,919,46,12
shell,raw,M_FSHANDLER_FILESELECTSTEP_BED2DD8A,1921,1725,196,20
shell,raw,M_FSHANDLER_ARGUMENTSSTEP_DD745A90,1264,1218,46,16
shell,raw,M_FSHANDLER_READSTEP_5B9B1990,361,361,0,12
shell,raw,M_FSHANDLER_SEEKSTEP_90261C60,361,361,0,12
shell,raw,M_FSHANDLER_DISPATCHSTEP_D149BF3A,1128,1128,0,20
shell,raw,M_FSHANDLER_MEDIASTEP_8DCF2858,1369,1277,92,20
shell,raw,M_FSHANDLER_ACTIONSTEP_7D527A4E,1844,1844,0,18
shell,raw,M_FSHANDLER_TAKESTEP_E4E18A11,1260,954,306,22
shell,raw,M_FSHANDLER_COMPONENTSTEP_389CA8B9,555,509,46,16
shell,raw,M_FSHANDLER_RESOLVESTEP_D6E79D38,1614,1292,322,16
shell,raw,M_FSHANDLER_FILESTEP_A93D50C2,669,623,46,16
shell,raw,M_FSWORKER_WORKER_2BB473B0,2344,1972,372,38
shell,raw,M_FSWORKER_FINISH_EC2E5E2B,574,528,46,12
shell,raw,M_FSMOUNT_DISPATCH_FD59F08F,517,517,0,24
shell,raw,M_FSMOUNT_SELECTSTEP_8E807607,1737,1737,0,28
shell,raw,M_FSMOUNT_COMMANDSTEP_B1883B1A,1282,1156,126,22
shell,raw,M_FSMOUNT_REMOVESTEP_BBB2975B,1165,1045,120,12
shell,raw,M_FSMOUNT_DESTROYSTEP_4CF540E7,466,466,0,16
shell,raw,M_FSMUX_CONTROL_16FCB25F,530,452,78,16
shell,raw,M_FSMUX_TAKE_F08F7501,873,689,184,12
shell,raw,M_FSBOOT_BEGINSERVICE_BC5D2672,1230,1074,156,20
shell,raw,M_FSBOOT_ENSURE_06ED6F00,1629,1145,484,16
shell,raw,M_FSBOOT_STOP_AD5246E2,2553,1997,556,30
shell,raw,M_DOSCALLS_ARGUMENTS_D4B63738,399,399,0,12
shell,raw,M_DOSCALLS_NAMEARGUMENTS_4FEB00BB,521,521,0,12
shell,raw,M_DOSCALLS_ACQUIRE_C423433E,3370,3006,364,46
shell,raw,M_DOSCALLS_CONFIGURED_B6EDEF76,926,742,184,20
shell,raw,M_DOSCALLS_DESTINATION_E6EBC832,1460,1244,216,12
shell,raw,M_DOSCALLS_OPEN_390423B6,2137,1829,308,22
shell,raw,M_DOSCALLS_LOCK_DE185F87,1124,1032,92,20
shell,raw,M_DOSCALLS_BADOBJECT_51D88018,345,299,46,6
shell,raw,M_DOSCALLS_OBJECT_E89E37D3,826,604,222,16
shell,raw,M_DOSCALLS_FILE_E8D1DABC,1029,905,124,16
shell,raw,M_DOSCALLS_READ_BEE8BE36,3266,2862,404,42
shell,raw,M_DOSCALLS_WRITE_8E98A1A7,3607,3157,450,32
shell,raw,M_DOSCALLS_SEEK_17FC33E6,2328,1956,372,34
shell,raw,M_DOSCALLS_CLOSE_97169B3A,1969,1643,326,34
shell,raw,M_DOSCALLS_UNLOCK_2871018C,1501,1115,386,34
shell,raw,M_DOSCALLS_INFORMATION_13F25DEC,1340,1106,234,34
shell,raw,M_DOSCALLS_SELECTED_604EA3D9,556,432,124,14
shell,raw,M_DOSCALLS_SELECTIONREADY_28C831A1,565,389,176,12
shell,raw,M_DOSCALLS_LIVESELECTION_2BE04852,1119,825,294,12
shell,raw,M_DOSCALLS_SELECT_1EDDE386,1166,860,306,18
shell,raw,M_DOSCALLS_DIRECTORY_C8028D6B,1321,999,322,18
shell,raw,M_DOSCALLS_CURRENTDIR_1AA7335E,1609,1193,416,24
shell,raw,M_DOSCALLS_NAMEFROMLOCK_92457C4A,2389,2141,248,32
shell,raw,M_DOSCALLS_ISINTERACTIVE_18CACEEA,863,725,138,14
shell,raw,M_DOS_OPEN_87DAE823,248,248,0,12
shell,raw,M_DOS_READ_BCD2228F,279,279,0,16
shell,raw,M_DOS_WRITE_BE4FDE64,279,279,0,16
shell,raw,M_DOS_SEEK_DE9F46FB,287,287,0,16
shell,raw,M_DOS_CLOSE_4C224801,219,219,0,8
shell,raw,M_DOS_IOERR_E649FF90,179,179,0,6
shell,raw,M_DOS_RELEASECONTEXT_9DB9F883,179,179,0,6
shell,raw,M_DOS_LOCK_4DEC517E,248,248,0,12
shell,raw,M_DOS_UNLOCK_74209499,164,164,0,8
shell,raw,M_DOS_EXAMINE_1F15C1B0,299,299,0,16
shell,raw,M_DOS_EXNEXT_623C7B53,299,299,0,16
shell,raw,M_DOS_INPUT_41B1DDE9,192,192,0,8
shell,raw,M_DOS_OUTPUT_DF7018DC,192,192,0,8
shell,raw,M_DOS_SELECTINPUT_FF0F4771,236,236,0,8
shell,raw,M_DOS_SELECTOUTPUT_3A928904,236,236,0,8
shell,raw,M_DOS_ISINTERACTIVE_FD05AE49,219,219,0,8
shell,raw,M_DOS_CURRENTDIR_764577CB,228,228,0,8
shell,raw,M_DOS_NAMEFROMLOCK_8794AD67,279,279,0,16
shell,raw,M_TASKINSPECT_SNAPSHOT_72A67CF0,2157,1719,438,32
shell,raw,M_SHELLAPP_SHELLLINE_DC60634C,166,166,0,12
shell,raw,M_SHELLAPP_SHELLDRAWBUFFER_B9163ABE,184,184,0,12
shell,raw,M_SHELLAPP_SHELLSCRATCH_1695768C,184,184,0,12
shell,raw,M_SHELLAPP_SHELLTRANSFER_C9C879BF,184,184,0,12
shell,raw,M_SHELLAPP_SHELLFAIL_9D17A97C,552,552,0,10
shell,raw,M_SHELLAPP_SHELLLENGTH_56CE75A6,241,195,46,12
shell,raw,M_SHELLAPP_SHELLEQUAL_EF077ADE,691,533,158,14
shell,raw,M_SHELLAPP_SHELLWRITE_F4A8AD7D,1618,1472,146,26
shell,raw,M_SHELLAPP_SHELLBYTE_1EE28596,393,393,0,16
shell,raw,M_SHELLAPP_SHELLTEXT_7D109071,292,292,0,16
shell,raw,M_SHELLAPP_SHELLPASCAL_09C83940,295,295,0,12
shell,raw,M_SHELLAPP_SHELLNUMBER_7C65BFBB,1495,1403,92,30
shell,raw,M_SHELLAPP_SHELLDIAGNOSTIC_F84A4C35,734,734,0,12
shell,raw,M_SHELLAPP_SHELLREDRAW_2EDE4915,1793,1793,0,34
shell,raw,M_SHELLAPP_SHELLCLEAR_52BB640F,284,284,0,12
shell,raw,M_SHELLAPP_SHELLPARSE_A4976CAB,8254,5908,2346,30
shell,raw,M_SHELLAPP_SHELLCHANGE_E2B81D98,2498,2420,78,24
shell,raw,M_SHELLAPP_SHELLRELEASELOCK_7049A622,1301,1301,0,14
shell,raw,M_SHELLAPP_SHELLDIR_EB67AED9,4094,3974,120,32
shell,raw,M_SHELLAPP_SHELLCONVERT_8185A927,855,579,276,16
shell,raw,M_SHELLAPP_SHELLCLOSECOMMANDINPUT_5DFC114D,757,677,80,10
shell,raw,M_SHELLAPP_SHELLTYPE_D64CE23C,3893,3723,170,34
shell,raw,M_SHELLAPP_SHELLMEM_399A3E7B,3073,3073,0,12
shell,raw,M_SHELLAPP_SHELLTASKSTATE_6E5D5B16,632,448,184,12
shell,raw,M_SHELLAPP_SHELLTASKS_1B8DD8E2,2814,2722,92,24
shell,raw,M_SHELLAPP_SHELLUNREDIRECT_630E066D,3481,3035,446,14
shell,raw,M_SHELLAPP_SHELLREDIRECT_BB31A89E,3627,3319,308,26
shell,raw,M_SHELLAPP_SHELLDISPATCH_02D6964A,4382,3876,506,20
shell,raw,M_SHELLAPP_SHELLCOMMAND_01DF848F,1047,909,138,12
shell,raw,M_SHELLAPP_SHELLFEED_19C6DEC4,3570,2926,644,16
shell,raw,M_SHELLAPP_SHELLREADSTEP_5848FDA6,2049,2049,0,28
shell,raw,M_SHELLAPP_SHELLOPEN_DC32811A,2500,2352,148,16
shell,raw,M_SHELLAPP_SHELLINITIALPROMPT_9A2AE0BA,347,347,0,12
shell,raw,M_SHELLAPP_SHELLSTART_D37857EA,602,452,150,4
shell,raw,M_SHELLAPP_SHELLFINISH_77CE18A3,5598,5226,372,26
shell,raw,M_SHELLAPP_SHELLBOOTSIO_1538A419,1771,1615,156,30
shell,raw,M_SHELLAPP_SHELLBOOTSTART_6A4872BE,4023,3845,178,14
shell,raw,M_SHELLAPP_MAIN_168A375D,462,370,92,6
shell,opt,M_EXECMEMORY_VALIDBANK_E9E0A79B,85,85,0,2
shell,opt,M_EXECMEMORY_VALIDOWNER_462B929A,106,106,0,2
shell,opt,M_EXECMEMORY_ADOPT_494D3B99,1152,922,230,8
shell,opt,M_EXECMEMORY_QUERY_D2E34F9F,537,537,0,14
shell,opt,M_EXECMEMORY_RESERVEEXACT_88D3D2C8,1047,909,138,10
shell,opt,M_EXECMEMORY_ACQUIRE_EAA019EB,659,613,46,10
shell,opt,M_EXECMEMORY_RELEASE_A6E307FC,1162,1024,138,10
shell,opt,M_EXECMEMORY_INIT_F4EA07E3,137,137,0,4
shell,opt,M_EXECLISTS_NEWLIST_B3502541,261,261,0,12
shell,opt,M_EXECLISTS_NEWMINLIST_A2695943,164,164,0,8
shell,opt,M_EXECLISTS_ISLISTEMPTY_6EEB0796,262,220,42,12
shell,opt,M_EXECLISTS_ISMINLISTEMPTY_6D517164,194,194,0,8
shell,opt,M_EXECLISTS_ADDHEAD_3AE3E6E4,303,303,0,16
shell,opt,M_EXECLISTS_ADDTAIL_A1C0F364,322,322,0,16
shell,opt,M_EXECLISTS_INSERT_468B11BA,964,746,218,16
shell,opt,M_EXECLISTS_REMOVE_2E26C2C1,127,127,0,0
shell,opt,M_EXECLISTS_REMHEAD_F8063CE7,393,319,74,12
shell,opt,M_EXECLISTS_REMTAIL_292EAA27,393,319,74,12
shell,opt,M_EXECLISTS_ENQUEUE_763E1E61,716,590,126,20
shell,opt,M_EXECLISTS_FINDNAME_2659CDBB,899,643,256,28
shell,opt,M_HEAPCORE_ROUNDED_9D79FA03,489,489,0,10
shell,opt,M_HEAPCORE_BOUNDS_2387CB05,1793,1715,78,24
shell,opt,M_HEAPCORE_CHUNKADDRESS_A551D41B,822,822,0,20
shell,opt,M_HEAPCORE_NEXTADDRESS_E32592FF,823,823,0,20
shell,opt,M_HEAPCORE_CHUNKEND_0E0C27CE,1285,1285,0,28
shell,opt,M_HEAPCORE_VALIDATE_B397AD34,870,786,84,26
shell,opt,M_HEAPCORE_LINK_9B47F952,251,173,78,8
shell,opt,M_HEAPCORE_WRITECHUNK_D768FC26,144,144,0,8
shell,opt,M_HEAPCORE_SPLIT_B6117102,1299,1299,0,32
shell,opt,M_HEAPCORE_CANDIDATE_07CF3557,535,489,46,20
shell,opt,M_HEAPCORE_RESERVE_2192E9C0,1911,1781,130,32
shell,opt,M_HEAPCORE_ALLOCATE_E39F1AF5,236,236,0,12
shell,opt,M_HEAPCORE_LARGEST_AA9886E8,2457,2327,130,38
shell,opt,M_HEAPCORE_INSERTFREE_129E41BB,1774,1532,242,24
shell,opt,M_HEAPCORE_RETURNRANGE_11C95A83,2358,2106,252,28
shell,opt,M_HEAPCORE_DEALLOCATE_60F97CF2,1127,1127,0,28
shell,opt,M_HEAPPOLICY_GETSTATE_9B9EAF7C,101,101,0,4
shell,opt,M_HEAPPOLICY_HEADER_A992FDFC,225,225,0,8
shell,opt,M_HEAPPOLICY_SHUTDOWN_9E341637,636,590,46,14
shell,opt,M_HEAPPOLICY_RUNS_07A33D25,446,354,92,18
shell,opt,M_HEAPPOLICY_REGION_F42DC07D,1121,1121,0,18
shell,opt,M_HEAPPOLICY_START_1455FA91,1727,1635,92,28
shell,opt,M_HEAPPOLICY_INIT_69D6AA0D,497,497,0,14
shell,opt,M_HEAPPOLICY_FLAGSVALID_4BF22F96,1000,954,46,20
shell,opt,M_HEAPPOLICY_DESCRIPTOR_8971C45E,893,893,0,20
shell,opt,M_HEAPPOLICY_VALIDATEREGIONS_C3A52ACE,1702,1298,404,36
shell,opt,M_HEAPPOLICY_MATCHES_ACC95206,293,293,0,14
shell,opt,M_HEAPPOLICY_RESERVE_42F2499D,1930,1628,302,34
shell,opt,M_HEAPPOLICY_LOCATE_7B91FF59,1046,966,80,30
shell,opt,M_HEAPPOLICY_FREE_3EA2E1EF,1640,1562,78,30
shell,opt,M_HEAPPOLICY_AVAIL_22774B2C,2586,2414,172,36
shell,opt,M_HEAPPOLICY_MEMORYTYPE_D394B206,394,316,78,12
shell,opt,M_HEAPPOLICY_VECTORBYTES_E6541B8F,571,571,0,16
shell,opt,M_HEAPPOLICY_RESERVEVECTOR_C09ED6F4,527,527,0,18
shell,opt,M_HEAPPOLICY_FREEVECTOR_698EC5DE,2298,2142,156,34
shell,opt,M_TASKPOLICY_RECORDFOR_833E2B66,223,223,0,8
shell,opt,M_TASKPOLICY_SAVEDWORD_D1C8E663,115,115,0,8
shell,opt,M_TASKPOLICY_RESULT_DA2077E3,110,110,0,8
shell,opt,M_TASKPOLICY_POINTERRESULT_E8D88610,346,346,0,12
shell,opt,M_TASKPOLICY_ARGUMENTPOINTER_A19325C6,473,473,0,12
shell,opt,M_TASKPOLICY_FLAGS_56B3B4FF,134,134,0,8
shell,opt,M_TASKPOLICY_PROTECTED_FCDCE808,354,310,44,8
shell,opt,M_TASKPOLICY_LOOKUP_41F6D1E4,1065,781,284,16
shell,opt,M_TASKPOLICY_WRITABLE_0565D862,944,944,0,24
shell,opt,M_TASKPOLICY_AVAILABLERECORD_80983EA0,987,849,138,26
shell,opt,M_TASKPOLICY_EMPTYMEMORY_C893BDB0,625,491,134,16
shell,opt,M_TASKPOLICY_VALIDENTRY_58BA8A58,393,319,74,12
shell,opt,M_TASKPOLICY_STACKSLOT_2A322EEA,1406,1094,312,16
shell,opt,M_TASKPOLICY_PREPARESTACK_1A1C583B,685,685,0,20
shell,opt,M_TASKPOLICY_PREPAREDOMAIN_45DA3401,986,986,0,16
shell,opt,M_TASKPOLICY_PREPAREFRAME_D5FF2FA0,615,569,46,22
shell,opt,M_TASKPOLICY_SETSTATE_52D88FAF,267,183,84,12
shell,opt,M_TASKPOLICY_READY_679992F5,456,456,0,16
shell,opt,M_TASKPOLICY_INITSIGNALS_5C831CB9,562,562,0,12
shell,opt,M_TASKPOLICY_ADMIT_CF1671AB,993,993,0,16
shell,opt,M_TASKPOLICY_INIT_57A5FAC8,2885,2793,92,26
shell,opt,M_TASKPOLICY_TIMEDCOUNT_C3B59E74,100,100,0,2
shell,opt,M_TASKPOLICY_ADJUSTTIMED_DDC1BE1E,229,183,46,2
shell,opt,M_TASKPOLICY_WAKE_9E9C7518,590,498,92,16
shell,opt,M_TASKPOLICY_SELECT_1A709B3E,1269,941,328,14
shell,opt,M_TASKPOLICY_SWITCH_98522C9E,844,686,158,8
shell,opt,M_TASKPOLICY_EMPTYSIGNALS_EA2224E4,795,747,48,10
shell,opt,M_TASKPOLICY_ADD_A5E7C92B,2968,2516,452,36
shell,opt,M_TASKPOLICY_REMOVETASK_35F29A21,2939,2341,598,18
shell,opt,M_TASKPOLICY_SAMENAME_968CD62D,632,462,170,14
shell,opt,M_TASKPOLICY_FIND_0D9A09D7,940,724,216,16
shell,opt,M_TASKPOLICY_PRIORITY_7FE7EE8A,757,679,78,14
shell,opt,M_TASKPOLICY_EXCLUSION_DFE541A6,547,501,46,16
shell,opt,M_TASKPOLICY_SLEEPTASK_6A909BCC,1255,1209,46,16
shell,opt,M_TASKPOLICY_MASKRESULT_220A6FAB,358,358,0,12
shell,opt,M_TASKPOLICY_SIGNALBIT_7E52F9EF,220,220,0,10
shell,opt,M_TASKPOLICY_ALLOCATEBIT_A349E154,1316,1132,184,20
shell,opt,M_TASKPOLICY_MASKS_49833CE1,1840,1610,230,34
shell,opt,M_TASKPOLICY_COMPLETEWAIT_31FB45E4,606,560,46,14
shell,opt,M_TASKPOLICY_WAITTASK_AD94C4A2,899,853,46,22
shell,opt,M_TASKPOLICY_POSTSIGNAL_10773240,566,520,46,12
shell,opt,M_TASKPOLICY_SIGNALTASK_806F80F5,971,847,124,22
shell,opt,M_TASKPOLICY_CANCELWAKE_8ADC984A,233,187,46,4
shell,opt,M_TASKPOLICY_DRAINONE_68E56764,1013,736,277,12
shell,opt,M_TASKPOLICY_DRAINWAKES_15F017CB,589,451,138,4
shell,opt,M_TASKPOLICY_BOUNDPRODUCER_6D7B4E54,979,725,254,8
shell,opt,M_TASKPOLICY_PRODUCERCONTROL_52F9499B,2072,1718,354,22
shell,opt,M_TASKPOLICY_MEMORYSERVICE_7FAD083C,311,223,88,4
shell,opt,M_TASKPOLICY_MEMORYPACKET_B36B55BB,606,468,138,16
shell,opt,M_TASKPOLICY_MEMORYCALL_E7816C43,2465,2097,368,32
shell,opt,M_TASKPOLICY_PORTSERVICE_8D598BCC,191,147,44,4
shell,opt,M_TASKPOLICY_INITPORTS_2CB7E92A,218,218,0,8
shell,opt,M_TASKPOLICY_PORTSTORAGE_D3468DA2,403,325,78,10
shell,opt,M_TASKPOLICY_VALIDPORT_7710F985,588,404,184,4
shell,opt,M_TASKPOLICY_VALIDMESSAGE_C0DE7739,559,401,158,10
shell,opt,M_TASKPOLICY_SENDMESSAGE_7332557D,1405,1059,346,20
shell,opt,M_TASKPOLICY_PORTHEAD_A12A0751,1174,868,306,16
shell,opt,M_TASKPOLICY_PORTDELETE_CF47DFE6,1315,1051,264,22
shell,opt,M_TASKPOLICY_REGISTRYCALL_6B5FFB7F,1714,1360,354,18
shell,opt,M_TASKPOLICY_QUEUECALL_62B0545B,1731,1423,308,24
shell,opt,M_TASKPOLICY_PORTCALL_70989793,1459,1275,184,24
shell,opt,M_TASKPOLICY_IOSERVICE_1E6CF653,191,147,44,4
shell,opt,M_TASKPOLICY_INITIONAMES_D8642B1E,1301,1301,0,8
shell,opt,M_TASKPOLICY_INITIO_35D5D1E4,671,671,0,14
shell,opt,M_TASKPOLICY_IOEXTENT_9818C08A,591,545,46,18
shell,opt,M_TASKPOLICY_IOERROR_9413450C,310,264,46,14
shell,opt,M_TASKPOLICY_IONAME_8B922013,347,269,78,8
shell,opt,M_TASKPOLICY_IOBOUND_33A4879E,438,346,92,4
shell,opt,M_TASKPOLICY_IOOPEN_15F8E966,1156,1018,138,14
shell,opt,M_TASKPOLICY_IOOPENTEST_C4ABA6E6,242,242,0,12
shell,opt,M_TASKPOLICY_IOCOMPLETE_88BA0BF3,551,505,46,20
shell,opt,M_TASKPOLICY_IOWAITOWNER_63A51E9E,623,491,132,16
shell,opt,M_TASKPOLICY_IOCOLLECT_D169FE6C,1037,853,184,12
shell,opt,M_TASKPOLICY_IOENQUEUE_EC975914,1853,1659,194,20
shell,opt,M_TASKPOLICY_IOBEGIN_A0C610B5,1752,1406,346,14
shell,opt,M_TASKPOLICY_IOTESTBEGIN_2E780855,849,779,70,14
shell,opt,M_TASKPOLICY_IOABORT_1EC95CFC,1609,1251,358,18
shell,opt,M_TASKPOLICY_IOWORKERCONTROL_3D43EE5B,1280,948,332,10
shell,opt,M_TASKPOLICY_IOCLAIM_E59988BA,750,592,158,16
shell,opt,M_TASKPOLICY_IOTEST_D46D842E,50,50,0,0
shell,opt,M_TASKPOLICY_IOTESTFINISH_35E02F77,826,734,92,20
shell,opt,M_TASKPOLICY_IOCALL_78031962,2327,1913,414,28
shell,opt,M_TASKPOLICY_IOREQUESTCALL_7ACD78BD,793,609,184,14
shell,opt,M_TASKPOLICY_IOSETTLEDCALL_042AE5B9,1929,1463,466,18
shell,opt,M_TASKPOLICY_INITSIOSTATE_10B63F2C,649,649,0,14
shell,opt,M_TASKPOLICY_SIOBOUND_346E47DB,1250,1132,118,22
shell,opt,M_TASKPOLICY_SIOOPEN_38E97F75,1749,1611,138,22
shell,opt,M_TASKPOLICY_SIOCLOSE_4815C4E5,180,180,0,12
shell,opt,M_TASKPOLICY_SIOENQUEUE_F49C65E1,1023,885,138,24
shell,opt,M_TASKPOLICY_SIOABORT_410D8B25,574,500,74,18
shell,opt,M_TASKPOLICY_SIOPREPAREWORKER_A27B8738,834,788,46,20
shell,opt,M_TASKPOLICY_SIOPREPAREBUS_A2AD2C52,525,525,0,12
shell,opt,M_TASKPOLICY_SIOADMIT_DC2C0CF4,1235,943,292,20
shell,opt,M_TASKPOLICY_SIOTAKE_23947030,916,716,200,12
shell,opt,M_TASKPOLICY_SIOFINISH_B1C2A78C,985,815,170,24
shell,opt,M_TASKPOLICY_SIOSTOP_31FA5BA1,1075,857,218,8
shell,opt,M_TASKPOLICY_SIOWORKERCONTROL_ABEF18A6,2040,1518,522,14
shell,opt,M_TASKPOLICY_SIOPAUSE_4B7D62A1,555,555,0,10
shell,opt,M_TASKPOLICY_SIOCONTROL_0EC256A4,1611,1381,230,20
shell,opt,M_TASKPOLICY_SIOWORKERBOUND_9EFBF9DD,389,299,90,12
shell,opt,M_TASKPOLICY_SIORESIDENTCOUNT_72BFE78E,353,259,94,12
shell,opt,M_TASKPOLICY_SIOREMOVED_B08060ED,1245,925,320,12
shell,opt,M_TASKPOLICY_DOSSLOTFOR_362EB215,242,242,0,8
shell,opt,M_TASKPOLICY_DOSRESET_224DFB33,363,363,0,12
shell,opt,M_TASKPOLICY_DOSCANREMOVE_DB41E74E,716,524,192,16
shell,opt,M_TASKPOLICY_DOSCURRENT_4399DFDB,572,450,122,16
shell,opt,M_TASKPOLICY_DOSINIT_97B41A44,1161,1069,92,24
shell,opt,M_TASKPOLICY_DOSWORKERBOUND_DB9BCF66,401,315,86,16
shell,opt,M_TASKPOLICY_DOSRESIDENTCOUNT_ABEF6AC1,343,245,98,12
shell,opt,M_TASKPOLICY_DOSREMOVED_D36757B2,1341,899,442,20
shell,opt,M_TASKPOLICY_DOSPREPARE_61B1CC0D,804,758,46,20
shell,opt,M_TASKPOLICY_DOSADMIT_DEA63DC3,1452,1048,404,24
shell,opt,M_TASKPOLICY_DOSCONTROL_C7F82CE3,1257,1119,138,22
shell,opt,M_TASKPOLICY_CONSOLEINIT_02CC0011,328,328,0,10
shell,opt,M_TASKPOLICY_CONSOLESERVICE_C7B70ED2,191,147,44,4
shell,opt,M_TASKPOLICY_CONSOLEPRODUCERBOUND_02AD29D1,306,238,68,12
shell,opt,M_TASKPOLICY_CONSOLEFORGETBINDING_5044609F,199,199,0,8
shell,opt,M_TASKPOLICY_CONSOLEPACKETVALID_068AA429,368,368,0,14
shell,opt,M_TASKPOLICY_CONSOLEUNBIND_D1E0D209,815,643,172,12
shell,opt,M_TASKPOLICY_CONSOLEPRODUCERCONTROL_28DEB132,394,348,46,10
shell,opt,M_TASKPOLICY_CONSOLEBINDCONTROL_DC86D25B,2407,2055,352,22
shell,opt,M_TASKPOLICY_CONSOLESTATE_630D302C,101,101,0,4
shell,opt,M_TASKPOLICY_CONSOLEINSTANCE_9C722438,101,101,0,4
shell,opt,M_TASKPOLICY_CONSOLENAMES_B9E6EA95,688,688,0,12
shell,opt,M_TASKPOLICY_CONSOLENAME_0C46F590,214,214,0,8
shell,opt,M_TASKPOLICY_CONSOLEDEVICE_34497CA3,207,165,42,8
shell,opt,M_TASKPOLICY_CONSOLEBOUND_8755F553,558,472,86,16
shell,opt,M_TASKPOLICY_CONSOLEOPEN_4090447D,1467,1329,138,22
shell,opt,M_TASKPOLICY_CONSOLEIDLE_D6547573,901,615,286,8
shell,opt,M_TASKPOLICY_CONSOLECLOSE_04E65EB3,795,749,46,14
shell,opt,M_TASKPOLICY_CONSOLEIMMEDIATE_DAE617FC,1491,1371,120,14
shell,opt,M_TASKPOLICY_CONSOLEENQUEUE_BE188809,2147,1929,218,30
shell,opt,M_TASKPOLICY_CONSOLEWAKE_FE0543B3,309,263,46,8
shell,opt,M_TASKPOLICY_CONSOLEABORT_CCCE9F0D,1620,1364,256,20
shell,opt,M_TASKPOLICY_CONSOLEPREPARE_8098E872,885,839,46,20
shell,opt,M_TASKPOLICY_CONSOLEADMIT_A01C3E0C,2299,1887,412,30
shell,opt,M_TASKPOLICY_CONSOLETAKEARRIVAL_2A1E971F,1190,1032,158,16
shell,opt,M_TASKPOLICY_CONSOLETAKEWRITE_96FEA12D,615,535,80,12
shell,opt,M_TASKPOLICY_CONSOLEFINISH_F43924B4,2045,1307,738,20
shell,opt,M_TASKPOLICY_CONSOLERUNNABLE_8934D92E,1516,1068,448,16
shell,opt,M_TASKPOLICY_CONSOLESTOP_DAEB4759,883,711,172,8
shell,opt,M_TASKPOLICY_CONSOLEWORKERCONTROL_3CA89D3E,2256,1766,490,26
shell,opt,M_TASKPOLICY_CONSOLECHECKEXTENT_830BDAF3,391,391,0,16
shell,opt,M_TASKPOLICY_CONSOLECONTROL_F218511C,1590,1406,184,26
shell,opt,M_TASKPOLICY_CONSOLEWORKERBOUND_96318375,472,386,86,16
shell,opt,M_TASKPOLICY_CONSOLERESIDENTCOUNT_6078C646,414,316,98,12
shell,opt,M_TASKPOLICY_CONSOLECANREMOVE_6BA935F9,1606,1226,380,24
shell,opt,M_TASKPOLICY_CONSOLEREMOVED_E0E10625,1491,1163,328,18
shell,opt,M_TASKPOLICY_REQUESTVALID_195CAC51,4780,3722,1058,6
shell,opt,M_TASKPOLICY_ROUTE_3006B749,3856,2982,874,12
shell,opt,M_TASKPOLICY_FINISHDISPATCH_46CD5A79,575,437,138,12
shell,opt,M_TASKPOLICY_DISPATCH_2D7B283C,2973,2475,498,22
shell,opt,M_CONSOLECORE_EXTENT_83D9960B,1198,1198,0,28
shell,opt,M_CONSOLECORE_INIT_F63331F9,922,876,46,16
shell,opt,M_CONSOLECORE_DIRTY_4A63B073,185,185,0,10
shell,opt,M_CONSOLECORE_EDITQUANTUM_E6CDEC54,903,811,92,20
shell,opt,M_CONSOLECORE_NEWLINE_97A73E23,324,324,0,12
shell,opt,M_CONSOLECORE_CHARACTER_94A5011A,1694,1326,368,16
shell,opt,M_CONSOLECORE_FEED_287D49E7,580,488,92,16
shell,opt,M_CONSOLEINPUT_INIT_5076ECFA,230,230,0,8
shell,opt,M_CONSOLEINPUT_LOSE_42C88EE3,158,158,0,4
shell,opt,M_CONSOLEINPUT_CLEAR_3DEF4D2B,253,253,0,4
shell,opt,M_CONSOLEINPUT_DECODE_A428056C,2098,1408,690,22
shell,opt,M_CONSOLEINPUT_DELIVER_8B43A137,773,681,92,16
shell,opt,M_CONSOLEINPUT_PUMP_600356CC,658,658,0,12
shell,opt,M_CONSOLEINPUT_READ_9E7D5EC6,675,629,46,22
shell,opt,M_CONSOLEDISPLAY_GLYPH_DCC4F92E,270,224,46,10
shell,opt,M_CONSOLEDISPLAY_LISTVALID_C50FC922,1539,1263,276,12
shell,opt,M_CONSOLEDISPLAY_VALIDATE_33E36106,980,612,368,8
shell,opt,M_CONSOLEDISPLAY_GEOMETRY_B00D0334,578,578,0,10
shell,opt,M_CONSOLEDISPLAY_COPYSCREEN_6781A699,316,316,0,16
shell,opt,M_CONSOLEDISPLAY_CLAIM_0FF5CDD8,1664,1448,216,16
shell,opt,M_CONSOLEDISPLAY_RELEASE_C2AC22C5,501,455,46,12
shell,opt,M_CONSOLEDISPLAY_POSITION_5668E3AD,215,215,0,8
shell,opt,M_CONSOLEDISPLAY_CURSOR_3EC7579C,961,915,46,18
shell,opt,M_CONSOLEDISPLAY_CELLS_58FB51DD,956,956,0,28
shell,opt,M_CONSOLEDISPLAY_QUANTUM_5F98A18D,927,743,184,14
shell,opt,M_CONSOLEDRIVER_GETSERVICE_BEE5E55D,101,101,0,4
shell,opt,M_CONSOLEDRIVER_GETINSTANCE_7919D405,101,101,0,4
shell,opt,M_CONSOLEDRIVER_MAPPED_DAA6A481,1180,1056,124,24
shell,opt,M_CONSOLEDRIVER_VALIDATE_72D30322,1901,1705,196,14
shell,opt,M_CONSOLEDRIVER_FINISHWRITE_E8555190,303,257,46,8
shell,opt,M_CONSOLEDRIVER_WRITEQUANTUM_AEE13626,2053,1759,294,28
shell,opt,M_CONSOLEDRIVER_READQUANTUM_10EBF725,1484,1176,308,22
shell,opt,M_CONSOLEDRIVER_ARRIVAL_EC6B7DA9,630,506,124,12
shell,opt,M_CONSOLEDRIVER_INITIALIZE_D6CB2592,2926,2420,506,26
shell,opt,M_CONSOLEDRIVER_FREESTORAGE_02676B4B,1171,931,240,12
shell,opt,M_CONSOLEDRIVER_WORKER_589B3ABC,2402,2310,92,16
shell,opt,M_CONSOLEDRIVER_START_3E6AAC44,918,918,0,8
shell,opt,M_CONSOLEDRIVER_STOP_093D3500,676,676,0,6
shell,opt,M_PORTCORE_CREATEMSGPORT_A47550A3,1216,1092,124,12
shell,opt,M_PORTCORE_DELETEMSGPORT_9136F7C6,485,407,78,8
shell,opt,M_SIODRIVER_SIOMAPPED_D1D9A9D6,1180,1056,124,24
shell,opt,M_SIODRIVER_PAYLOADLENGTH_9F5C9B06,934,842,92,8
shell,opt,M_SIODRIVER_SIOVALIDATE_7D355271,2411,2135,276,16
shell,opt,M_SIODRIVER_DEADLINETICKS_83CDA5CA,950,950,0,32
shell,opt,M_SIODRIVER_PREPARE_D10BF723,1184,1184,0,20
shell,opt,M_SIODRIVER_HARDWAREINIT_3568BDA6,1429,1199,230,6
shell,opt,M_SIODRIVER_RUNREQUEST_4500BA50,2263,1941,322,12
shell,opt,M_SIODRIVER_WORKER_374ADF8C,1964,1840,124,12
shell,opt,M_SIODRIVER_UNAVAILABLE_B7013E26,199,199,0,6
shell,opt,M_SIODRIVER_MATCHES_AEE1C237,564,394,170,12
shell,opt,M_SIODRIVER_START_4928F5B4,1070,1070,0,8
shell,opt,M_SIODRIVER_STOP_B26AF28A,521,521,0,6
shell,opt,M_IOCORE_OPENDEVICE_A2787528,497,451,46,20
shell,opt,M_IOCORE_CREATEIOREQUEST_DE10015D,945,867,78,16
shell,opt,M_IOCORE_DELETEIOREQUEST_93A87E78,439,361,78,16
shell,opt,M_IOCORE_WAITIO_8CA35F61,788,788,0,14
shell,opt,M_IOCORE_DOIO_173DC4A1,484,484,0,16
shell,opt,M_DOSCLIENT_IOERR_BF9E8A97,198,198,0,8
shell,opt,M_DOSCLIENT_SETERROR_F2B11A26,170,170,0,8
shell,opt,M_DOSCLIENT_NEWCLIENT_41735729,1490,1338,152,16
shell,opt,M_DOSCLIENT_ENSURE_1859B044,1079,827,252,18
shell,opt,M_DOSCLIENT_CLEARSELECTIONS_93A1D5D6,423,275,148,8
shell,opt,M_DOSCLIENT_RELEASECONTEXT_90CB2A06,2723,1837,886,18
shell,opt,M_DOSCLIENT_CHECKREPLY_4530772C,1146,762,384,12
shell,opt,M_DOSCLIENT_CALL_35DB3B22,2359,2005,354,24
shell,opt,M_DOSOBJECTS_FIND_2E898C70,752,474,278,16
shell,opt,M_DOSOBJECTS_LINK_9FA00D0F,432,432,0,16
shell,opt,M_DOSOBJECTS_UNLINK_C978FCF4,1179,863,316,22
shell,opt,M_BLOCKWIRE_TRANSFER_0A2F17CC,177,177,0,8
shell,opt,M_BLOCKIO_GEOMETRY_4529DFEE,814,768,46,6
shell,opt,M_BLOCKIO_SECTORBYTES_B8369631,957,833,124,12
shell,opt,M_BLOCKIO_MAPPED_A9EEA713,1341,1217,124,24
shell,opt,M_BLOCKIO_CREATE_DF5BA086,1726,1408,318,16
shell,opt,M_BLOCKIO_DESTROY_0CC5CBD8,916,792,124,8
shell,opt,M_BLOCKIO_DEVICENAME_55BC3EC3,677,677,0,4
shell,opt,M_BLOCKIO_OPENVOLUME_36B90798,1354,1280,74,22
shell,opt,M_BLOCKIO_ATTACH_A1159825,1756,1508,248,20
shell,opt,M_BLOCKIO_DETACH_FC4FFB83,1149,903,246,12
shell,opt,M_BLOCKIO_INVALIDATE_E4DCC90F,120,120,0,4
shell,opt,M_BLOCKIO_CACHED_7ABF0DB0,1292,1074,218,12
shell,opt,M_BLOCKIO_PUBLISH_42B93901,376,376,0,12
shell,opt,M_BLOCKIO_PREPARE_810BFFA1,663,663,0,12
shell,opt,M_BLOCKIO_COMPLETE_80F6A54F,1065,973,92,16
shell,opt,M_BLOCKIO_CHECK_A5B41A2A,1342,1100,242,16
shell,opt,M_BLOCKIO_BEGINFETCH_6B9D7F07,897,897,0,28
shell,opt,M_BLOCKIO_FINISHFETCH_D55D2AA5,829,829,0,24
shell,opt,M_BLOCKIO_FETCH_124BDACE,753,707,46,24
shell,opt,M_BLOCKIO_READSECTOR_D918C668,1592,1546,46,26
shell,opt,M_MYDOSNAMES_LEGAL_C9AD70C6,566,290,276,2
shell,opt,M_MYDOSNAMES_FOLD_297622C6,267,175,92,2
shell,opt,M_MYDOSNAMES_STORED_9F1E578A,1103,735,368,8
shell,opt,M_MYDOSNAMES_MATCH_52630F12,864,680,184,10
shell,opt,M_MYDOSNAMES_COMPONENT_FF2F5328,2214,1616,598,14
shell,opt,M_FSNAMES_STREAM_12DD2A4A,3605,2869,736,4
shell,opt,M_FSNAMES_MAPPED_324F42A3,875,875,0,20
shell,opt,M_FSNAMES_PATH_CFBF830F,1491,1307,184,34
shell,opt,M_FSNAMES_ALIAS_A2F2B006,618,552,66,8
shell,opt,M_FSNAMES_SAMEALIAS_76260CCC,718,580,138,8
shell,opt,M_FSNAMES_VALIDALIAS_36EB4E14,758,578,180,10
shell,opt,M_DOSSTREAMS_VALIDMODE_6A43AE29,461,461,0,8
shell,opt,M_DOSSTREAMS_VALIDBUFFER_D67D80FE,847,801,46,12
shell,opt,M_DOSSTREAMS_OPENNIL_7EDE8F17,886,808,78,18
shell,opt,M_DOSSTREAMS_TRANSFERNIL_E7EA5C2C,620,528,92,8
shell,opt,M_DOSSTREAMS_CLOSENIL_3520E24B,790,744,46,16
shell,opt,M_DOSRAW_GETREGISTRY_976423CC,101,101,0,4
shell,opt,M_DOSRAW_LIVE_14427091,1053,853,200,18
shell,opt,M_DOSRAW_INITIALIZE_D871F7B7,1478,1478,0,12
shell,opt,M_DOSRAW_ROLLBACK_4A7594F5,263,263,0,4
shell,opt,M_DOSRAW_ACQUIRE_CC49A145,3320,3150,170,26
shell,opt,M_DOSRAW_OPEN_5F7F2547,1484,1328,156,18
shell,opt,M_DOSRAW_VALIDEXTENT_84EF7CCB,1028,904,124,20
shell,opt,M_DOSRAW_RELEASEOPERATION_C2E80557,706,584,122,12
shell,opt,M_DOSRAW_PREPARE_F51F1B68,3114,2648,466,18
shell,opt,M_DOSRAW_COMPLETE_0FD428DA,1851,1759,92,30
shell,opt,M_DOSRAW_CLOSEDEVICE_DECAF50F,224,224,0,8
shell,opt,M_DOSRAW_CLOSE_4F38859D,2898,2680,218,24
shell,opt,M_FSREGISTRY_GETREGISTRY_3C838C00,212,212,0,8
shell,opt,M_FSREGISTRY_SERVICE_31663004,210,210,0,8
shell,opt,M_FSREGISTRY_RETAIN_218C5FAC,325,325,0,12
shell,opt,M_FSREGISTRY_RETAINBASE_94E5BA0B,731,593,138,18
shell,opt,M_FSREGISTRY_RELEASE_E0E99364,241,241,0,10
shell,opt,M_FSREGISTRY_LOOKUP_AD8B60C1,1512,1156,356,26
shell,opt,M_FSREGISTRY_FINDOBJECT_780CC443,339,339,0,12
shell,opt,M_FSREGISTRY_FROMHEADER_DCD07C60,808,610,198,16
shell,opt,M_FSREGISTRY_STAMP_BE264D84,504,504,0,16
shell,opt,M_DOSWIRE_ISPOINTER_E1AC855F,322,322,0,10
shell,opt,M_FSLOCKS_TRAILER_B3BA463B,152,152,0,8
shell,opt,M_FSLOCKS_TEXT_C72F70F3,152,152,0,8
shell,opt,M_FSLOCKS_ALLOCATION_5B5A6C20,394,348,46,8
shell,opt,M_FSLOCKS_ROOT_D04E0C54,704,658,46,16
shell,opt,M_FSLOCKS_ADD_DEA4C903,532,532,0,12
shell,opt,M_FSLOCKS_APPEND_3EC68462,2273,1813,460,14
shell,opt,M_FSLOCKS_ALLOCATE_39B5BEE3,1488,1410,78,26
shell,opt,M_FSPACKET_REPLY_F0943484,819,819,0,12
shell,opt,M_FSPACKET_ERROR_61E70414,636,636,0,14
shell,opt,M_FSPACKET_IDENTITY_6B3677B2,2317,1769,548,16
shell,opt,M_FSPACKET_PUBLISHOPENSTEP_55EACFB5,1132,1132,0,18
shell,opt,M_FSPACKET_CLOSESTEP_61A48B9C,1031,985,46,18
shell,opt,M_FSPORTS_CREATE_D9675AD2,769,691,78,12
shell,opt,M_FSPORTS_DELETE_FC342961,302,218,84,8
shell,opt,M_MYDOS_READPHYSICAL_AF05229A,827,827,0,24
shell,opt,M_MYDOS_DATASECTOR_95277D3B,890,890,0,12
shell,opt,M_MYDOS_VALIDDIRECTORY_1CF8F62E,974,882,92,18
shell,opt,M_MYDOS_EXTENT_5BCD29B5,1826,1734,92,22
shell,opt,M_MYDOS_HEADER_A95A323A,1243,1197,46,26
shell,opt,M_MYDOS_BEGINMOUNT_AA58F6DF,543,543,0,8
shell,opt,M_MYDOS_MOUNTBUFFERED_114678B9,532,486,46,16
shell,opt,M_MYDOS_MOUNT_2B42A118,632,508,124,8
shell,opt,M_MYDOS_COPYENTRY_C5D8D89C,346,300,46,16
shell,opt,M_MYDOS_DECODE_69B6DF25,998,952,46,12
shell,opt,M_MYDOS_LIVE_1E4E1377,1120,844,276,14
shell,opt,M_MYDOS_BUFFEREDENTRY_DC465C80,1009,917,92,26
shell,opt,M_MYDOS_BEGINENTRY_95F170F4,982,844,138,12
shell,opt,M_MYDOS_GETENTRY_7D00AFBD,691,567,124,14
shell,opt,M_MYDOS_SELECTMATCH_8984C9A2,1041,903,138,14
shell,opt,M_MYDOS_CHOOSE_61B23C5E,796,612,184,12
shell,opt,M_MYDOS_STARTDIRECTORY_E432AEF2,148,148,0,8
shell,opt,M_MYDOS_DESCEND_C497F8DD,1488,1304,184,26
shell,opt,M_MYDOS_ROOTENTRY_E3F00029,448,402,46,10
shell,opt,M_MYDOS_STARTRESOLVE_24B3B079,1355,1185,170,12
shell,opt,M_MYDOS_RESOLVECOMPONENT_8F2130C4,366,320,46,4
shell,opt,M_MYDOS_BEGINRESOLVE_3F47247C,412,366,46,10
shell,opt,M_MYDOS_RESOLVESTEP_4ADA26D9,1599,1231,368,12
shell,opt,M_MYDOS_RESOLVE_25FA7BCB,863,693,170,12
shell,opt,M_FSINIT_CONFIG_A7C873FA,3504,3090,414,22
shell,opt,M_FSINIT_WORKSPACE_ED5E2107,867,719,148,12
shell,opt,M_FSINIT_ARRIVAL_302FF83F,822,730,92,12
shell,opt,M_FSINIT_ALLOCATEMOUNT_EF481898,1878,1708,170,26
shell,opt,M_FSINIT_ALLOCATEBLOCK_5C0916F0,1207,1083,124,18
shell,opt,M_FSINIT_PUBLISH_12D6516B,704,612,92,14
shell,opt,M_FSINIT_FIRST_60F42DBA,411,365,46,12
shell,opt,M_FSINIT_ADAPTERSTEP_4F860EAF,426,352,74,12
shell,opt,M_FSINIT_WORKSPACESTEP_AC19D935,503,411,92,12
shell,opt,M_FSINIT_MOUNTSTEP_D16E7745,485,439,46,12
shell,opt,M_FSINIT_BLOCKSTEP_FC8F9559,437,391,46,12
shell,opt,M_FSINIT_OPENEDSTEP_3B4623A1,956,864,92,16
shell,opt,M_FSINIT_MOUNTEDSTEP_D00F6B02,1658,1440,218,16
shell,opt,M_FSINIT_FAILED_4FB7E0CF,281,207,74,8
shell,opt,M_FSINIT_ROLLBACKSTEP_8166A722,710,710,0,16
shell,opt,M_FSINIT_DESTROYMOUNT_00D5D10B,2070,1580,490,12
shell,opt,M_FSINIT_CLEANUP_26675F9E,1710,1332,378,14
shell,opt,M_FSRELATIVE_VALIDATE_0372B7FC,2785,2341,444,28
shell,opt,M_FSRELATIVE_SEED_FD9BA1BB,1394,1302,92,20
shell,opt,M_FSRELATIVE_TRIM_C4B2DBD8,715,623,92,12
shell,opt,M_FSRELATIVE_ROOT_94E4441A,657,611,46,12
shell,opt,M_FSRELATIVE_BEGIN_CB9D8F8D,4863,4371,492,30
shell,opt,M_FSRELATIVE_PARENTRESULT_7CE6B959,3157,2697,460,16
shell,opt,M_FSINFO_ENUMERATIONSTATE_A9C412AA,152,152,0,8
shell,opt,M_FSINFO_CLEAR_E168B3AB,179,179,0,12
shell,opt,M_FSINFO_NAME_B42C963D,2030,1708,322,14
shell,opt,M_FSINFO_FILL_CDFFBE8F,680,588,92,12
shell,opt,M_FSINFO_SAVE_B1E7031F,473,473,0,16
shell,opt,M_MYDOSFILE_RESTART_75C66A72,374,374,0,8
shell,opt,M_MYDOSFILE_OPEN_0FD3469F,1868,1684,184,14
shell,opt,M_MYDOSFILE_SECTORALLOWED_E72DFCC7,988,850,138,14
shell,opt,M_MYDOSFILE_VISIT_2F7F40D0,1267,1267,0,12
shell,opt,M_MYDOSFILE_TRAILER_58DD2DFC,994,948,46,24
shell,opt,M_MYDOSFILE_LINK_86A70D17,1002,1002,0,16
shell,opt,M_MYDOSFILE_VALIDATE_CCD11D35,1645,1369,276,12
shell,opt,M_MYDOSFILE_FAIL_8A60C23B,355,355,0,12
shell,opt,M_MYDOSFILE_FINISH_E4A712C2,544,498,46,16
shell,opt,M_MYDOSFILE_ADVANCE_71346BED,282,282,0,16
shell,opt,M_MYDOSFILE_BEGIN_902FB340,362,362,0,12
shell,opt,M_MYDOSFILE_BEGINREAD_56DCAA56,2439,2301,138,14
shell,opt,M_MYDOSFILE_TARGET_3D0FAE04,1991,1945,46,16
shell,opt,M_MYDOSFILE_BEGINSEEK_007E9A86,1636,1590,46,12
shell,opt,M_MYDOSFILE_LOCATE_F172D4F1,1219,1173,46,22
shell,opt,M_MYDOSFILE_COPY_B45932A2,608,608,0,22
shell,opt,M_MYDOSFILE_CONSUME_CDF927EF,1322,1322,0,20
shell,opt,M_MYDOSFILE_CONTINUEOPERATION_DDF4199B,1427,1243,184,14
shell,opt,M_MYDOSFILE_RUN_01B89F42,799,675,124,14
shell,opt,M_FSDIRECTORY_LOCKCURSORSTEP_29BACC3E,943,851,92,18
shell,opt,M_FSDIRECTORY_SELECTSTEP_815DA095,1682,1486,196,20
shell,opt,M_FSDIRECTORY_INFOSTEP_3CC6E53D,1008,916,92,16
shell,opt,M_FSDIRECTORY_RESTORESTEP_8AADA789,1465,1327,138,18
shell,opt,M_FSDIRECTORY_STATESTEP_73ED4FBC,1466,1268,198,18
shell,opt,M_FSDIRECTORY_END_806A2136,397,397,0,12
shell,opt,M_FSDIRECTORY_ENTRYSTEP_D4EA4ABB,837,745,92,16
shell,opt,M_FSDIRECTORY_ENTRYRESULTSTEP_4C458A60,1225,1041,184,16
shell,opt,M_FSDIRECTORY_SIZESTEP_0C182F8A,1434,1296,138,16
shell,opt,M_FSDIRECTORY_SIZESTARTSTEP_F40FBDAE,371,325,46,16
shell,opt,M_FSDIRECTORY_SIZECONTINUESTEP_1EAFA525,1188,1096,92,16
shell,opt,M_FSDIRECTORY_CLEARSTEP_2A4A8FB8,275,275,0,12
shell,opt,M_FSDIRECTORY_NAMESTEP_97C5C3EC,422,422,0,20
shell,opt,M_FSDIRECTORY_FILLSTEP_E0581636,426,426,0,20
shell,opt,M_FSDIRECTORY_PUBLISHSTEP_CC8DC0F6,488,488,0,16
shell,opt,M_FSIO_BEGIN_68AD59C5,792,746,46,18
shell,opt,M_FSIO_COMPLETE_3A967BA3,1076,1030,46,24
shell,opt,M_FSIO_OFFLINE_B7567A31,677,459,218,14
shell,opt,M_FSHANDLER_OPENRESULTSTEP_0C25E5DB,1955,1789,166,16
shell,opt,M_FSHANDLER_CURSORSTEP_0CA2CA5E,954,908,46,16
shell,opt,M_FSHANDLER_OPENSTEP_A7675710,1380,1242,138,18
shell,opt,M_FSHANDLER_LOCKSTEP_E0A0D2D5,851,805,46,16
shell,opt,M_FSHANDLER_RESOLVESTARTSTEP_40B69900,270,270,0,12
shell,opt,M_FSHANDLER_RESOLVEREADYSTEP_BDBFDED1,324,324,0,16
shell,opt,M_FSHANDLER_OPERATIONRESULT_4184CBFA,953,907,46,12
shell,opt,M_FSHANDLER_FILESELECTSTEP_BED2DD8A,1819,1623,196,20
shell,opt,M_FSHANDLER_ARGUMENTSSTEP_DD745A90,1255,1209,46,16
shell,opt,M_FSHANDLER_READSTEP_5B9B1990,353,353,0,12
shell,opt,M_FSHANDLER_SEEKSTEP_90261C60,353,353,0,12
shell,opt,M_FSHANDLER_DISPATCHSTEP_D149BF3A,1063,1063,0,20
shell,opt,M_FSHANDLER_MEDIASTEP_8DCF2858,1301,1209,92,20
shell,opt,M_FSHANDLER_ACTIONSTEP_7D527A4E,1662,1662,0,16
shell,opt,M_FSHANDLER_TAKESTEP_E4E18A11,1116,814,302,22
shell,opt,M_FSHANDLER_COMPONENTSTEP_389CA8B9,539,493,46,16
shell,opt,M_FSHANDLER_RESOLVESTEP_D6E79D38,1578,1256,322,16
shell,opt,M_FSHANDLER_FILESTEP_A93D50C2,661,615,46,16
shell,opt,M_FSWORKER_WORKER_2BB473B0,2156,1784,372,28
shell,opt,M_FSWORKER_FINISH_EC2E5E2B,556,510,46,12
shell,opt,M_FSMOUNT_DISPATCH_FD59F08F,533,533,0,12
shell,opt,M_FSMOUNT_SELECTSTEP_8E807607,1602,1602,0,24
shell,opt,M_FSMOUNT_COMMANDSTEP_B1883B1A,1182,1056,126,20
shell,opt,M_FSMOUNT_REMOVESTEP_BBB2975B,1114,994,120,12
shell,opt,M_FSMOUNT_DESTROYSTEP_4CF540E7,411,411,0,12
shell,opt,M_FSMUX_CONTROL_16FCB25F,522,444,78,16
shell,opt,M_FSMUX_TAKE_F08F7501,865,681,184,12
shell,opt,M_FSBOOT_BEGINSERVICE_BC5D2672,1122,966,156,16
shell,opt,M_FSBOOT_ENSURE_06ED6F00,1505,1021,484,10
shell,opt,M_FSBOOT_STOP_AD5246E2,2347,1791,556,28
shell,opt,M_DOSCALLS_ARGUMENTS_D4B63738,411,411,0,12
shell,opt,M_DOSCALLS_NAMEARGUMENTS_4FEB00BB,497,497,0,12
shell,opt,M_DOSCALLS_ACQUIRE_C423433E,3263,2899,364,46
shell,opt,M_DOSCALLS_CONFIGURED_B6EDEF76,886,702,184,20
shell,opt,M_DOSCALLS_DESTINATION_E6EBC832,1395,1179,216,12
shell,opt,M_DOSCALLS_OPEN_390423B6,2015,1707,308,18
shell,opt,M_DOSCALLS_LOCK_DE185F87,1042,950,92,16
shell,opt,M_DOSCALLS_BADOBJECT_51D88018,313,267,46,2
shell,opt,M_DOSCALLS_OBJECT_E89E37D3,818,596,222,16
shell,opt,M_DOSCALLS_FILE_E8D1DABC,1005,881,124,16
shell,opt,M_DOSCALLS_READ_BEE8BE36,2954,2550,404,42
shell,opt,M_DOSCALLS_WRITE_8E98A1A7,3149,2699,450,32
shell,opt,M_DOSCALLS_SEEK_17FC33E6,1939,1567,372,30
shell,opt,M_DOSCALLS_CLOSE_97169B3A,1917,1591,326,30
shell,opt,M_DOSCALLS_UNLOCK_2871018C,1441,1055,386,24
shell,opt,M_DOSCALLS_INFORMATION_13F25DEC,1316,1082,234,34
shell,opt,M_DOSCALLS_SELECTED_604EA3D9,532,408,124,12
shell,opt,M_DOSCALLS_SELECTIONREADY_28C831A1,592,416,176,12
shell,opt,M_DOSCALLS_LIVESELECTION_2BE04852,1142,848,294,12
shell,opt,M_DOSCALLS_SELECT_1EDDE386,1152,846,306,18
shell,opt,M_DOSCALLS_DIRECTORY_C8028D6B,1313,991,322,18
shell,opt,M_DOSCALLS_CURRENTDIR_1AA7335E,1581,1165,416,24
shell,opt,M_DOSCALLS_NAMEFROMLOCK_92457C4A,2249,2001,248,28
shell,opt,M_DOSCALLS_ISINTERACTIVE_18CACEEA,780,642,138,12
shell,opt,M_DOS_OPEN_87DAE823,248,248,0,12
shell,opt,M_DOS_READ_BCD2228F,279,279,0,16
shell,opt,M_DOS_WRITE_BE4FDE64,279,279,0,16
shell,opt,M_DOS_SEEK_DE9F46FB,287,287,0,16
shell,opt,M_DOS_CLOSE_4C224801,219,219,0,8
shell,opt,M_DOS_IOERR_E649FF90,179,179,0,6
shell,opt,M_DOS_RELEASECONTEXT_9DB9F883,179,179,0,6
shell,opt,M_DOS_LOCK_4DEC517E,248,248,0,12
shell,opt,M_DOS_UNLOCK_74209499,164,164,0,8
shell,opt,M_DOS_EXAMINE_1F15C1B0,287,287,0,12
shell,opt,M_DOS_EXNEXT_623C7B53,287,287,0,12
shell,opt,M_DOS_INPUT_41B1DDE9,192,192,0,8
shell,opt,M_DOS_OUTPUT_DF7018DC,192,192,0,8
shell,opt,M_DOS_SELECTINPUT_FF0F4771,236,236,0,8
shell,opt,M_DOS_SELECTOUTPUT_3A928904,236,236,0,8
shell,opt,M_DOS_ISINTERACTIVE_FD05AE49,219,219,0,8
shell,opt,M_DOS_CURRENTDIR_764577CB,228,228,0,8
shell,opt,M_DOS_NAMEFROMLOCK_8794AD67,279,279,0,16
shell,opt,M_TASKINSPECT_SNAPSHOT_72A67CF0,2044,1606,438,26
shell,opt,M_SHELLAPP_SHELLLINE_DC60634C,156,156,0,8
shell,opt,M_SHELLAPP_SHELLDRAWBUFFER_B9163ABE,156,156,0,8
shell,opt,M_SHELLAPP_SHELLSCRATCH_1695768C,156,156,0,8
shell,opt,M_SHELLAPP_SHELLTRANSFER_C9C879BF,156,156,0,8
shell,opt,M_SHELLAPP_SHELLFAIL_9D17A97C,534,534,0,8
shell,opt,M_SHELLAPP_SHELLLENGTH_56CE75A6,209,163,46,8
shell,opt,M_SHELLAPP_SHELLEQUAL_EF077ADE,674,516,158,10
shell,opt,M_SHELLAPP_SHELLWRITE_F4A8AD7D,1546,1400,146,26
shell,opt,M_SHELLAPP_SHELLBYTE_1EE28596,345,345,0,12
shell,opt,M_SHELLAPP_SHELLTEXT_7D109071,284,284,0,12
shell,opt,M_SHELLAPP_SHELLPASCAL_09C83940,295,295,0,12
shell,opt,M_SHELLAPP_SHELLNUMBER_7C65BFBB,1595,1503,92,32
shell,opt,M_SHELLAPP_SHELLDIAGNOSTIC_F84A4C35,722,722,0,12
shell,opt,M_SHELLAPP_SHELLREDRAW_2EDE4915,1497,1497,0,20
shell,opt,M_SHELLAPP_SHELLCLEAR_52BB640F,287,287,0,8
shell,opt,M_SHELLAPP_SHELLPARSE_A4976CAB,7793,5539,2254,26
shell,opt,M_SHELLAPP_SHELLCHANGE_E2B81D98,2350,2272,78,20
shell,opt,M_SHELLAPP_SHELLRELEASELOCK_7049A622,1237,1237,0,8
shell,opt,M_SHELLAPP_SHELLDIR_EB67AED9,3826,3706,120,20
shell,opt,M_SHELLAPP_SHELLCONVERT_8185A927,798,522,276,14
shell,opt,M_SHELLAPP_SHELLCLOSECOMMANDINPUT_5DFC114D,729,649,80,8
shell,opt,M_SHELLAPP_SHELLTYPE_D64CE23C,3567,3397,170,30
shell,opt,M_SHELLAPP_SHELLMEM_399A3E7B,3013,3013,0,12
shell,opt,M_SHELLAPP_SHELLTASKSTATE_6E5D5B16,632,448,184,12
shell,opt,M_SHELLAPP_SHELLTASKS_1B8DD8E2,2674,2582,92,18
shell,opt,M_SHELLAPP_SHELLUNREDIRECT_630E066D,3353,2907,446,10
shell,opt,M_SHELLAPP_SHELLREDIRECT_BB31A89E,3466,3158,308,20
shell,opt,M_SHELLAPP_SHELLDISPATCH_02D6964A,4284,3778,506,16
shell,opt,M_SHELLAPP_SHELLCOMMAND_01DF848F,999,861,138,8
shell,opt,M_SHELLAPP_SHELLFEED_19C6DEC4,3550,2906,644,16
shell,opt,M_SHELLAPP_SHELLREADSTEP_5848FDA6,1962,1962,0,24
shell,opt,M_SHELLAPP_SHELLOPEN_DC32811A,2266,2118,148,12
shell,opt,M_SHELLAPP_SHELLINITIALPROMPT_9A2AE0BA,315,315,0,8
shell,opt,M_SHELLAPP_SHELLSTART_D37857EA,602,452,150,4
shell,opt,M_SHELLAPP_SHELLFINISH_77CE18A3,5358,4986,372,16
shell,opt,M_SHELLAPP_SHELLBOOTSIO_1538A419,1613,1457,156,22
shell,opt,M_SHELLAPP_SHELLBOOTSTART_6A4872BE,3913,3781,132,12
shell,opt,M_SHELLAPP_MAIN_168A375D,462,370,92,6
