profile,address_windows,barriers,borrowed,boundaries,component_intervals,deferred_assignments,edges,id,materialized,name,record_windows,redirected_locals,register_intervals,scalar_windows,staging_bytes,transfers,values,windows,x_mirror
optimized-release,0,0,0,3,0,0,2,0,2,M_EXECMEMORY_VALIDBANK_E9E0A79B,1,0,0,1,0,0,2,5,False
optimized-release,0,0,0,4,0,0,4,1,4,M_EXECMEMORY_VALIDOWNER_462B929A,2,0,0,2,0,0,4,8,False
optimized-release,3,6,0,25,0,0,30,2,39,M_EXECMEMORY_ADOPT_494D3B99,14,0,0,17,0,4,39,65,False
optimized-release,0,4,3,5,0,0,4,3,13,M_EXECMEMORY_QUERY_D2E34F9F,14,0,1,2,0,0,17,25,False
optimized-release,0,8,0,13,0,0,12,4,25,M_EXECMEMORY_RESERVEEXACT_88D3D2C8,16,0,2,6,0,0,27,43,False
optimized-release,0,5,1,10,0,0,10,5,14,M_EXECMEMORY_ACQUIRE_EAA019EB,9,0,1,5,0,2,16,29,False
optimized-release,0,9,0,15,0,0,14,6,29,M_EXECMEMORY_RELEASE_A6E307FC,18,0,2,7,0,0,31,49,False
optimized-release,2,0,5,1,2,0,0,8,0,M_EXECLISTS_NEWLIST_B3502541,6,0,0,2,0,0,7,11,False
optimized-release,1,0,2,1,0,0,0,10,4,M_EXECLISTS_ISLISTEMPTY_6EEB0796,3,0,0,2,0,0,6,7,False
optimized-release,1,0,0,1,0,0,0,12,5,M_EXECLISTS_ADDHEAD_3AE3E6E4,7,0,0,1,0,0,5,10,False
optimized-release,1,0,9,1,2,0,0,13,0,M_EXECLISTS_ADDTAIL_A1C0F364,15,1,0,1,0,0,12,18,False
optimized-release,2,2,20,6,0,0,6,14,5,M_EXECLISTS_INSERT_468B11BA,24,1,0,5,0,0,26,39,False
optimized-release,0,0,0,1,0,0,0,15,3,M_EXECLISTS_REMOVE_2E26C2C1,5,0,0,0,0,0,3,6,False
optimized-release,0,1,3,3,0,0,2,16,3,M_EXECLISTS_REMHEAD_F8063CE7,6,0,0,1,0,0,6,11,False
optimized-release,0,1,3,3,0,0,2,17,3,M_EXECLISTS_REMTAIL_292EAA27,6,0,0,1,0,0,6,11,False
optimized-release,0,2,6,6,0,0,6,18,11,M_EXECLISTS_ENQUEUE_763E1E61,12,0,0,4,2,2,17,24,False
optimized-release,0,0,1,11,0,0,13,19,21,M_EXECLISTS_FINDNAME_2659CDBB,9,0,0,10,5,6,22,30,False
optimized-release,0,1,5,12,0,0,15,20,23,M_TASKMEMORY_WRITABLE_FBC2061D,13,0,0,14,0,2,28,40,False
optimized-release,0,0,3,4,0,0,4,22,6,M_HEAPCORE_ROUNDED_9D79FA03,3,0,1,4,0,0,7,11,False
optimized-release,0,5,9,13,0,0,19,23,26,M_HEAPCORE_BOUNDS_2387CB05,20,0,0,15,0,0,34,53,False
optimized-release,0,2,3,6,0,0,8,24,14,M_HEAPCORE_CHUNKADDRESS_A551D41B,8,0,0,9,0,0,16,25,False
optimized-release,0,1,3,7,0,0,10,25,14,M_HEAPCORE_NEXTADDRESS_E32592FF,8,0,0,8,0,0,15,24,False
optimized-release,0,4,11,6,0,0,8,26,19,M_HEAPCORE_CHUNKEND_0E0C27CE,22,0,0,8,0,0,28,40,False
optimized-release,0,3,4,6,0,0,7,27,10,M_HEAPCORE_VALIDATE_B397AD34,8,0,0,3,7,4,14,20,False
optimized-release,0,0,5,4,0,0,4,28,1,M_HEAPCORE_LINK_9B47F952,7,0,0,1,0,0,6,12,False
optimized-release,0,0,2,1,0,0,0,29,2,M_HEAPCORE_WRITECHUNK_D768FC26,6,0,0,0,0,0,3,7,False
optimized-release,0,2,17,6,0,0,7,30,30,M_HEAPCORE_SPLIT_B6117102,35,1,0,14,0,0,41,57,False
optimized-release,0,0,3,5,0,0,6,31,13,M_HEAPCORE_CANDIDATE_07CF3557,8,0,1,8,0,0,14,21,False
optimized-release,0,4,7,15,0,0,17,32,22,M_HEAPCORE_RESERVE_2192E9C0,14,0,1,13,2,2,28,46,False
optimized-release,0,1,2,1,0,0,0,33,2,M_HEAPCORE_ALLOCATE_E39F1AF5,2,0,0,0,0,0,3,4,False
optimized-release,0,4,4,19,0,0,25,34,31,M_HEAPCORE_LARGEST_AA9886E8,11,0,1,14,12,18,36,48,False
optimized-release,0,2,25,12,0,0,16,35,35,M_HEAPCORE_INSERTFREE_129E41BB,43,0,0,18,0,0,54,75,False
optimized-release,0,5,14,19,0,0,27,36,42,M_HEAPCORE_RETURNRANGE_11C95A83,30,0,0,23,2,2,52,77,False
optimized-release,0,4,7,6,0,0,7,37,18,M_HEAPCORE_DEALLOCATE_60F97CF2,14,0,0,8,0,0,20,32,False
optimized-release,0,0,0,1,0,0,0,38,1,M_HEAPPOLICY_GETSTATE_9B9EAF7C,0,0,0,1,0,0,1,2,False
optimized-release,0,1,0,1,0,0,0,39,4,M_HEAPPOLICY_HEADER_A992FDFC,1,0,1,3,0,0,5,6,False
optimized-release,1,5,3,6,0,0,7,40,8,M_HEAPPOLICY_SHUTDOWN_9E341637,5,0,0,4,0,2,11,21,False
optimized-release,1,1,0,11,0,0,13,41,12,M_HEAPPOLICY_RUNS_07A33D25,5,0,2,6,0,8,14,24,False
optimized-release,0,4,15,1,0,0,0,42,14,M_HEAPPOLICY_REGION_F42DC07D,37,0,4,7,0,0,33,49,False
optimized-release,2,11,0,36,0,0,47,43,52,M_HEAPPOLICY_START_1455FA91,27,0,8,23,0,22,60,99,False
optimized-release,1,4,3,4,0,0,4,44,6,M_HEAPPOLICY_INIT_69D6AA0D,4,0,0,3,0,2,9,16,False
optimized-release,0,0,4,11,0,0,12,45,15,M_HEAPPOLICY_FLAGSVALID_4BF22F96,8,0,1,10,0,0,16,29,False
optimized-release,0,3,0,6,0,0,8,46,14,M_HEAPPOLICY_DESCRIPTOR_8971C45E,5,0,1,10,0,0,15,24,False
optimized-release,2,7,1,17,0,0,25,47,29,M_HEAPPOLICY_VALIDATEREGIONS_C3A52ACE,13,0,0,12,8,6,30,51,False
optimized-release,0,0,2,3,0,0,3,48,9,M_HEAPPOLICY_MATCHES_ACC95206,8,0,3,7,0,0,13,18,False
optimized-release,1,6,10,14,0,0,17,49,27,M_HEAPPOLICY_RESERVE_42F2499D,18,0,0,11,2,2,31,50,False
optimized-release,1,3,2,7,0,0,8,50,17,M_HEAPPOLICY_LOCATE_7B91FF59,9,0,0,9,2,2,19,29,False
optimized-release,0,6,11,11,0,0,15,51,22,M_HEAPPOLICY_FREE_3EA2E1EF,17,0,0,10,0,0,26,44,False
optimized-release,1,6,8,19,0,0,24,52,41,M_HEAPPOLICY_AVAIL_22774B2C,15,0,0,18,8,14,43,59,False
optimized-release,0,1,2,3,0,0,2,53,3,M_HEAPPOLICY_MEMORYTYPE_D394B206,4,0,1,2,0,0,6,10,False
optimized-release,0,1,3,4,0,0,4,54,6,M_HEAPPOLICY_VECTORBYTES_E6541B8F,4,0,1,3,0,0,7,12,False
optimized-release,0,2,2,3,0,0,2,55,6,M_HEAPPOLICY_RESERVEVECTOR_C09ED6F4,4,0,0,1,0,0,6,10,False
optimized-release,0,8,10,15,0,0,21,56,36,M_HEAPPOLICY_FREEVECTOR_698EC5DE,24,0,0,20,0,0,41,67,False
optimized-release,0,0,0,1,0,0,0,57,1,M_PROCESSSTATE_REGISTRY_559AFD20,0,0,0,1,0,0,1,2,False
optimized-release,0,0,0,1,0,0,0,58,2,M_BOOTCONFIG_CACHEBLOCKS_B221B0CF,1,0,0,1,0,0,2,3,False
optimized-release,0,0,0,1,0,0,0,59,2,M_BOOTCONFIG_STATUS_B93FBCBB,1,0,0,1,0,0,2,3,False
optimized-release,0,0,0,1,0,0,0,60,2,M_BOOTCONFIG_SYSTEMDRIVE_62E82846,1,0,0,1,0,0,2,3,False
optimized-release,0,0,0,1,0,0,0,61,10,M_BOOTCONFIG_VALIDBLOCKS_EA50F717,4,0,3,9,0,0,13,14,False
optimized-release,0,8,15,13,0,0,16,62,21,M_BOOTCONFIG_INIT_610CE665,30,0,1,12,0,0,37,63,False
optimized-release,0,1,0,1,0,0,0,69,4,M_TASKPOLICY_RECORDFOR_833E2B66,1,0,1,3,0,0,5,6,False
optimized-release,0,0,0,1,0,0,0,70,5,M_TASKPOLICY_SAVEDWORD_D1C8E663,3,0,1,3,0,0,6,7,False
optimized-release,0,0,0,1,0,0,0,71,2,M_TASKPOLICY_RESULT_DA2077E3,3,0,3,3,0,0,5,7,False
optimized-release,0,2,0,1,0,0,0,72,10,M_TASKPOLICY_POINTERRESULT_E8D88610,5,0,2,7,0,0,12,15,False
optimized-release,0,3,2,1,0,0,0,73,9,M_TASKPOLICY_ARGUMENTPOINTER_A19325C6,2,0,1,5,0,0,10,11,False
optimized-release,0,0,0,1,0,0,0,74,3,M_TASKPOLICY_FLAGS_56B3B4FF,2,0,2,3,0,0,5,6,False
optimized-release,0,2,1,1,0,0,0,75,8,M_TASKPOLICY_PROTECTED_FCDCE808,3,0,2,6,0,0,11,12,False
optimized-release,0,0,8,11,0,0,12,76,13,M_TASKPOLICY_LOOKUP_41F6D1E4,14,1,0,10,0,0,22,35,False
optimized-release,0,3,11,15,0,0,19,78,19,M_TASKPOLICY_AVAILABLERECORD_80983EA0,15,0,0,14,1,2,30,47,False
optimized-release,3,0,7,1,0,0,0,79,11,M_TASKPOLICY_EMPTYMEMORY_C893BDB0,9,0,0,7,0,0,18,20,False
optimized-release,0,1,1,7,0,0,8,80,8,M_TASKPOLICY_VALIDENTRY_58BA8A58,2,0,0,5,0,2,9,15,False
optimized-release,0,5,5,14,0,0,16,81,28,M_TASKPOLICY_STACKSLOT_2A322EEA,13,0,4,18,1,2,37,50,False
optimized-release,0,5,5,5,0,0,6,82,19,M_TASKPOLICY_PREPARESTACK_1A1C583B,17,0,5,11,0,2,29,38,False
optimized-release,0,2,10,4,0,0,4,83,20,M_TASKPOLICY_PREPAREDOMAIN_45DA3401,22,0,4,15,0,2,34,43,False
optimized-release,0,1,7,7,0,0,8,84,15,M_TASKPOLICY_PREPAREFRAME_D5FF2FA0,22,0,9,16,0,2,31,46,False
optimized-release,0,0,3,3,0,0,3,85,2,M_TASKPOLICY_SETSTATE_52D88FAF,9,0,2,1,0,0,7,13,False
optimized-release,1,3,5,1,0,0,0,86,1,M_TASKPOLICY_READY_679992F5,6,1,0,1,0,0,7,12,False
optimized-release,0,1,13,1,0,0,0,87,0,M_TASKPOLICY_INITSIGNALS_5C831CB9,21,0,0,1,0,0,13,24,False
optimized-release,0,4,25,1,0,0,0,88,8,M_TASKPOLICY_ADMIT_CF1671AB,46,0,2,5,0,0,35,56,False
optimized-release,0,7,6,4,0,0,4,89,5,M_TASKPOLICY_INITRESIDENTSTORAGE_FCEF7175,8,0,0,4,0,2,11,23,False
optimized-release,1,25,13,8,0,0,8,90,26,M_TASKPOLICY_INIT_57A5FAC8,48,0,3,10,1,2,42,92,False
optimized-release,0,0,0,1,0,0,0,91,1,M_TASKPOLICY_TIMEDCOUNT_C3B59E74,1,0,0,0,0,0,1,2,False
optimized-release,0,0,0,4,0,0,4,92,5,M_TASKPOLICY_ADJUSTTIMED_DDC1BE1E,5,0,1,3,0,0,6,12,False
optimized-release,0,4,0,7,0,0,9,93,12,M_TASKPOLICY_WAKE_9E9C7518,5,0,0,6,1,2,12,22,False
optimized-release,0,6,9,12,0,0,13,94,15,M_TASKPOLICY_SELECT_1A709B3E,16,0,0,8,0,0,24,42,False
optimized-release,0,4,8,8,0,0,8,95,11,M_TASKPOLICY_SWITCH_98522C9E,14,0,2,5,0,0,20,31,False
optimized-release,0,0,5,1,0,0,0,96,14,M_TASKPOLICY_EMPTYSIGNALS_EA2224E4,10,0,0,9,0,0,19,20,False
optimized-release,0,18,24,17,0,0,20,97,39,M_TASKPOLICY_ADD_A5E7C92B,47,1,7,14,0,0,64,96,False
optimized-release,1,17,28,24,1,0,35,98,78,M_TASKPOLICY_CREATE_EE96600A,71,0,7,36,3,11,110,149,False
optimized-release,1,15,33,20,0,0,27,99,26,M_TASKPOLICY_REMOVETASK_35F29A21,59,1,5,15,0,0,65,110,False
optimized-release,0,0,0,8,0,0,8,100,18,M_TASKPOLICY_SAMENAME_968CD62D,11,0,0,9,0,0,18,28,False
optimized-release,0,3,4,10,0,0,11,101,14,M_TASKPOLICY_FIND_0D9A09D7,11,0,0,5,1,2,18,29,False
optimized-release,0,5,2,3,0,0,2,102,12,M_TASKPOLICY_PRIORITY_7FE7EE8A,11,0,3,4,0,0,16,23,False
optimized-release,0,10,13,7,0,0,6,103,16,M_TASKPOLICY_SLEEPTASK_6A909BCC,23,0,4,4,0,0,27,44,False
optimized-release,0,2,0,1,0,0,0,104,8,M_TASKPOLICY_MASKRESULT_220A6FAB,5,0,2,5,0,0,10,13,False
optimized-release,0,1,0,1,0,0,0,105,2,M_TASKPOLICY_SIGNALBIT_7E52F9EF,1,0,1,1,0,0,3,4,False
optimized-release,0,3,4,13,0,0,16,106,17,M_TASKPOLICY_ALLOCATEBIT_A349E154,14,0,5,10,1,2,26,40,False
optimized-release,0,9,18,15,0,0,16,107,33,M_TASKPOLICY_MASKS_49833CE1,42,1,10,15,0,0,57,81,False
optimized-release,0,2,4,5,0,0,4,108,6,M_TASKPOLICY_COMPLETEWAIT_31FB45E4,7,0,0,2,0,0,9,16,False
optimized-release,0,5,4,5,0,0,4,109,11,M_TASKPOLICY_WAITTASK_AD94C4A2,11,0,4,4,0,0,17,25,False
optimized-release,0,3,3,3,0,0,2,110,5,M_TASKPOLICY_POSTSIGNAL_10773240,5,0,0,1,0,0,8,12,False
optimized-release,0,4,6,7,0,0,6,111,12,M_TASKPOLICY_SIGNALTASK_806F80F5,15,0,3,4,0,0,19,30,False
optimized-release,0,1,2,3,0,0,3,117,2,M_TASKPOLICY_CANCELWAKE_8ADC984A,3,0,0,1,0,0,4,8,False
optimized-release,0,4,5,9,0,0,8,118,8,M_TASKPOLICY_DRAINONE_68E56764,7,0,0,4,0,0,13,24,False
optimized-release,0,3,0,7,0,0,8,119,7,M_TASKPOLICY_DRAINWAKES_15F017CB,0,0,1,5,1,4,8,15,False
optimized-release,0,2,0,9,0,0,8,120,6,M_TASKPOLICY_PRODUCERBINDING_1B8E711F,4,0,4,4,0,0,10,19,False
optimized-release,0,2,3,12,0,0,15,121,14,M_TASKPOLICY_BOUNDPRODUCER_6D7B4E54,7,0,0,7,0,2,17,28,False
optimized-release,0,1,2,9,0,0,11,122,11,M_TASKPOLICY_PRODUCERSIGNALBOUND_5677CF48,4,0,0,6,0,2,12,20,False
optimized-release,0,21,44,55,0,0,74,123,85,M_TASKPOLICY_PRODUCERCONTROL_52F9499B,115,0,21,40,0,0,143,231,False
optimized-release,0,0,0,1,0,0,0,124,7,M_TASKPOLICY_MEMORYSERVICE_7FAD083C,4,0,4,7,0,0,11,12,False
optimized-release,0,1,4,9,0,0,12,125,17,M_TASKPOLICY_MEMORYPACKET_B36B55BB,18,0,3,8,0,0,23,36,False
optimized-release,0,12,17,18,0,0,24,126,36,M_TASKPOLICY_MEMORYCALL_E7816C43,37,0,3,17,0,0,55,84,False
optimized-release,0,0,0,1,0,0,0,127,4,M_TASKPOLICY_PORTSERVICE_8D598BCC,2,0,1,3,0,0,5,6,False
optimized-release,0,1,2,1,0,0,0,128,1,M_TASKPOLICY_INITPORTS_2CB7E92A,5,0,0,1,0,0,3,8,False
optimized-release,0,0,1,3,0,0,2,129,6,M_TASKPOLICY_PORTSTORAGE_D3468DA2,2,0,0,5,0,0,7,10,False
optimized-release,0,1,4,8,0,0,8,130,8,M_TASKPOLICY_VALIDPORT_7710F985,7,0,0,4,0,0,12,20,False
optimized-release,0,0,1,4,0,0,4,131,10,M_TASKPOLICY_VALIDMESSAGE_C0DE7739,3,0,0,8,0,0,11,15,False
optimized-release,2,5,13,13,0,0,15,132,16,M_TASKPOLICY_SENDMESSAGE_7332557D,24,0,2,6,0,0,30,50,False
optimized-release,1,4,9,11,0,0,13,133,17,M_TASKPOLICY_PORTHEAD_A12A0751,18,0,3,9,0,0,29,43,False
optimized-release,1,4,11,12,0,0,12,134,20,M_TASKPOLICY_PORTDELETE_CF47DFE6,22,1,1,8,0,0,32,47,False
optimized-release,3,7,20,14,0,0,14,135,16,M_TASKPOLICY_REGISTRYCALL_6B5FFB7F,30,0,5,11,0,0,41,65,False
optimized-release,0,4,10,9,0,0,8,136,15,M_TASKPOLICY_QUEUECALL_62B0545B,22,0,2,5,0,0,27,40,False
optimized-release,0,6,11,14,0,0,15,137,34,M_TASKPOLICY_PORTCALL_70989793,36,0,5,11,0,0,49,67,False
optimized-release,0,0,0,1,0,0,0,138,4,M_TASKPOLICY_IOSERVICE_1E6CF653,2,0,1,3,0,0,5,6,False
optimized-release,0,16,15,1,0,0,0,139,1,M_TASKPOLICY_INITIONAMES_D8642B1E,16,0,0,1,0,0,16,34,False
optimized-release,1,2,9,4,0,0,3,140,4,M_TASKPOLICY_INITIO_35D5D1E4,23,0,0,3,0,0,13,33,False
optimized-release,0,1,2,5,0,0,4,141,14,M_TASKPOLICY_IOEXTENT_9818C08A,8,0,0,8,0,0,16,22,False
optimized-release,0,1,0,3,0,0,3,142,4,M_TASKPOLICY_IOERROR_9413450C,8,0,6,4,0,0,10,16,False
optimized-release,0,1,3,3,0,0,2,143,2,M_TASKPOLICY_IONAME_8B922013,3,0,0,1,0,0,5,8,False
optimized-release,0,0,0,1,0,0,0,144,0,M_TASKPOLICY_IOBOUND_33A4879E,0,0,0,0,0,0,0,1,False
optimized-release,0,6,8,8,0,0,7,145,14,M_TASKPOLICY_IOOPEN_15F8E966,17,0,2,4,0,0,22,35,False
optimized-release,0,1,3,2,0,0,1,146,3,M_TASKPOLICY_IOOPENTEST_C4ABA6E6,8,1,0,0,0,0,6,11,False
optimized-release,1,2,7,3,0,0,2,147,8,M_TASKPOLICY_IOCOMPLETE_88BA0BF3,12,0,1,2,0,0,16,20,False
optimized-release,0,1,5,3,0,0,2,148,12,M_TASKPOLICY_IOWAITOWNER_63A51E9E,11,0,0,6,0,0,17,21,False
optimized-release,1,4,10,9,0,0,9,149,16,M_TASKPOLICY_IOCOLLECT_D169FE6C,19,0,1,6,0,0,27,39,False
optimized-release,2,5,24,10,0,0,11,150,24,M_TASKPOLICY_IOENQUEUE_EC975914,40,0,2,11,0,0,50,68,False
optimized-release,0,5,11,10,0,0,12,151,12,M_TASKPOLICY_IOBEGIN_A0C610B5,19,0,2,5,0,0,24,39,False
optimized-release,0,2,15,13,0,0,17,152,17,M_TASKPOLICY_IOTESTBEGIN_2E780855,26,0,0,8,0,0,32,49,False
optimized-release,1,3,10,9,0,0,8,153,12,M_TASKPOLICY_IOABORT_1EC95CFC,18,0,2,6,0,0,24,37,False
optimized-release,1,2,13,12,0,0,14,154,14,M_TASKPOLICY_IOWORKERCONTROL_3D43EE5B,23,0,2,7,0,0,28,45,False
optimized-release,1,2,9,5,0,0,5,155,9,M_TASKPOLICY_IOCLAIM_E59988BA,17,0,1,5,0,0,19,30,False
optimized-release,0,0,0,1,0,0,0,156,0,M_TASKPOLICY_IOTEST_D46D842E,0,0,0,0,0,0,0,1,False
optimized-release,0,2,15,6,0,0,6,157,8,M_TASKPOLICY_IOTESTFINISH_35E02F77,28,1,0,3,0,0,23,39,False
optimized-release,0,9,15,20,0,0,22,158,39,M_TASKPOLICY_IOCALL_78031962,45,1,9,17,0,0,63,91,False
optimized-release,0,9,15,26,0,0,34,159,34,M_TASKPOLICY_IOREQUESTCALL_7ACD78BD,36,0,11,16,0,0,55,87,False
optimized-release,0,4,2,15,0,0,15,160,28,M_TASKPOLICY_IOSETTLEDCALL_042AE5B9,29,0,8,10,0,0,38,58,False
optimized-release,0,5,12,11,0,0,13,161,24,M_TASKPOLICY_LEASESTORAGE_C3092E33,16,0,0,17,0,0,36,49,False
optimized-release,0,1,1,7,0,0,9,162,11,M_TASKPOLICY_APPLICATIONCOUNT_B3468565,4,0,0,5,2,7,12,17,False
optimized-release,0,3,0,9,0,0,11,163,12,M_TASKPOLICY_NOTIFYRESIDENTS_D29836FE,3,0,0,5,1,2,12,20,False
optimized-release,0,2,13,11,0,0,12,164,14,M_TASKPOLICY_RETAIN_6B38DA95,23,0,1,8,0,0,28,44,False
optimized-release,0,2,13,11,0,0,12,165,15,M_TASKPOLICY_RELEASE_25BFE7A9,24,0,1,8,0,0,29,45,False
optimized-release,0,1,10,8,0,0,10,166,14,M_TASKPOLICY_REGISTER_6BEAF001,17,1,0,6,0,0,21,32,False
optimized-release,0,8,9,20,0,0,28,167,38,M_TASKPOLICY_LIFETIMECALL_A2B2E727,46,0,12,17,0,0,58,91,False
optimized-release,0,1,1,1,0,0,0,168,5,M_TASKPOLICY_DOSSLOTFOR_362EB215,2,0,0,3,0,0,6,7,False
optimized-release,0,1,6,1,0,0,0,169,1,M_TASKPOLICY_DOSRESET_224DFB33,12,0,0,0,0,0,7,14,False
optimized-release,0,1,5,3,0,0,2,170,12,M_TASKPOLICY_DOSCANREMOVE_DB41E74E,11,0,0,6,0,0,17,21,False
optimized-release,0,2,5,5,0,0,4,171,7,M_TASKPOLICY_DOSCURRENT_4399DFDB,10,0,1,3,0,0,13,20,False
optimized-release,0,8,7,7,0,0,8,172,22,M_TASKPOLICY_DOSINIT_97B41A44,12,0,0,14,1,4,29,41,False
optimized-release,0,0,4,1,0,0,0,173,9,M_TASKPOLICY_DOSWORKERBOUND_DB9BCF66,7,0,0,7,0,0,13,15,False
optimized-release,0,0,3,3,0,0,3,174,3,M_TASKPOLICY_DOSREMOVED_D36757B2,5,0,0,3,0,0,6,11,False
optimized-release,2,3,10,4,0,0,4,175,15,M_TASKPOLICY_DOSPREPARE_61B1CC0D,21,0,1,7,1,2,26,37,False
optimized-release,0,4,15,12,0,0,15,176,15,M_TASKPOLICY_DOSADMIT_DEA63DC3,25,0,0,9,1,2,30,50,False
optimized-release,0,5,7,8,0,0,8,177,18,M_TASKPOLICY_DOSCONTROL_C7F82CE3,20,0,3,7,0,0,28,40,False
optimized-release,1,2,0,1,0,0,0,178,4,M_TASKPOLICY_PROCESSFOR_0276CBEE,1,0,0,0,0,0,4,5,False
optimized-release,0,2,3,1,0,0,0,179,10,M_TASKPOLICY_SLOTFREE_73C36B44,10,0,2,5,0,0,15,18,False
optimized-release,0,1,3,4,0,0,4,180,3,M_TASKPOLICY_PROCESSCLEAR_BCDB987A,3,0,0,3,0,2,6,11,False
optimized-release,0,3,0,4,0,0,4,181,5,M_TASKPOLICY_PROCESSINIT_C857F965,1,0,0,2,1,2,5,10,False
optimized-release,0,1,7,1,0,0,0,182,7,M_TASKPOLICY_PROCESSRECORDAVAILABLE_0E5B31EF,9,0,0,7,0,0,14,18,False
optimized-release,0,5,2,1,0,0,0,183,15,M_TASKPOLICY_PROCESSRESIDENT_478DA1B5,4,0,1,10,0,0,18,20,False
optimized-release,0,3,1,8,0,0,8,184,13,M_TASKPOLICY_VALIDPROCESSENTRY_D56EBBFD,3,0,0,8,1,2,14,22,False
optimized-release,0,10,31,22,0,0,26,185,54,M_TASKPOLICY_PROCESSRESERVE_23A33DDB,64,0,0,26,1,2,85,122,False
optimized-release,0,1,2,8,0,0,10,186,12,M_TASKPOLICY_PROCESSOWNED_DDA89718,5,0,0,7,1,2,14,21,False
optimized-release,0,1,3,9,0,0,12,187,15,M_TASKPOLICY_PROCESSFIND_A9822214,7,0,0,7,1,2,16,24,False
optimized-release,1,2,7,6,0,0,6,188,10,M_TASKPOLICY_PROCESSCURRENT_78571A20,11,0,0,4,0,0,17,24,False
optimized-release,2,10,30,20,1,0,25,189,53,M_TASKPOLICY_PROCESSLAUNCH_8314A6C0,61,0,1,22,0,0,85,115,False
optimized-release,1,3,5,9,0,0,10,190,27,M_TASKPOLICY_PROCESSCANREMOVE_140447A5,13,0,0,14,1,2,32,40,False
optimized-release,0,3,5,3,0,0,2,191,9,M_TASKPOLICY_PROCESSREMOVED_46C99271,12,0,0,2,0,0,14,20,False
optimized-release,0,0,11,1,0,0,0,192,32,M_TASKPOLICY_PROCESSSTORAGEEMPTY_D996E6A7,22,0,0,21,0,0,43,44,False
optimized-release,0,12,42,59,0,0,79,193,60,M_TASKPOLICY_PROCESSCHANGE_3BBD0041,73,0,7,37,0,0,109,181,False
optimized-release,0,2,5,1,0,0,0,194,4,M_TASKPOLICY_PROCESSCONTROL_6911FE90,9,0,1,1,0,0,10,13,False
optimized-release,0,5,0,16,0,0,20,199,20,M_TASKPOLICY_INPUTINIT_B07DD496,0,0,0,15,0,10,20,36,False
optimized-release,0,0,0,1,0,0,0,200,1,M_TASKPOLICY_KEYBOARDBINDING_7A2395A8,0,0,0,1,0,0,1,2,False
optimized-release,0,1,0,1,0,0,0,201,1,M_TASKPOLICY_KEYBOARDCLAIM_2C621EDB,0,0,0,0,0,0,1,2,False
optimized-release,0,1,0,1,0,0,0,202,0,M_TASKPOLICY_KEYBOARDRELEASE_69338836,0,0,0,0,0,0,0,2,False
optimized-release,0,0,0,1,0,0,0,203,1,M_TASKPOLICY_POINTERBINDING_D35CECAC,0,0,0,1,0,0,1,2,False
optimized-release,0,1,0,1,0,0,0,204,1,M_TASKPOLICY_POINTERCLAIM_44D64EBF,0,0,0,0,0,0,1,2,False
optimized-release,0,1,0,1,0,0,0,205,0,M_TASKPOLICY_POINTERRELEASE_E1BB47AA,0,0,0,0,0,0,0,2,False
optimized-release,0,2,1,4,0,0,4,206,4,M_TASKPOLICY_CONSOLEINIT_02CC0011,2,0,0,3,0,2,5,11,False
optimized-release,0,8,8,1,0,0,0,207,1,M_TASKPOLICY_CONSOLENAMES_B9E6EA95,8,0,0,2,0,0,9,19,False
optimized-release,0,1,1,1,0,0,0,208,2,M_TASKPOLICY_CONSOLENAME_0C46F590,1,0,0,1,0,0,3,4,False
optimized-release,0,0,1,1,0,0,0,209,3,M_TASKPOLICY_CONSOLEDEVICE_34497CA3,2,0,0,2,0,0,4,5,False
optimized-release,0,21,10,49,0,0,65,210,70,M_TASKPOLICY_REQUESTVALID_195CAC51,36,0,32,45,0,0,102,151,False
optimized-release,0,19,27,37,0,0,39,211,58,M_TASKPOLICY_ROUTE_3006B749,48,0,12,20,0,0,83,124,False
optimized-release,0,2,4,9,0,0,11,212,11,M_TASKPOLICY_FINISHDISPATCH_46CD5A79,12,0,3,5,0,0,17,28,False
optimized-release,0,17,15,21,0,0,23,213,48,M_TASKPOLICY_DISPATCH_2D7B283C,44,0,6,12,0,0,63,94,False
optimized-release,0,1,0,1,0,0,0,246,3,M_TASKSTACKS_STACKLOWER_64542B4C,2,0,0,0,0,0,3,4,False
optimized-release,0,1,0,1,0,0,0,247,3,M_TASKSTACKS_STACKUPPER_7AF4EA13,2,0,0,0,0,0,3,4,False
optimized-release,0,0,8,13,0,0,16,251,28,M_CONSOLECORE_EXTENT_83D9960B,18,0,1,15,0,0,30,46,False
optimized-release,0,0,3,3,0,0,3,252,6,M_CONSOLECORE_CELLOFFSET_711520EE,11,0,3,3,0,0,12,17,False
optimized-release,2,2,5,4,0,0,4,253,6,M_CONSOLECORE_CLEAN_3E747584,8,0,0,2,0,2,11,18,False
optimized-release,0,0,5,5,0,0,6,254,7,M_CONSOLECORE_CHANGED_16194333,12,0,0,3,0,0,12,20,False
optimized-release,6,6,7,7,0,0,9,255,24,M_CONSOLECORE_MARKROW_74F1B9FE,20,0,1,4,0,0,32,43,False
optimized-release,0,2,11,13,0,0,16,256,25,M_CONSOLECORE_DIRTY_4A63B073,35,0,6,10,0,4,41,60,False
optimized-release,6,6,12,12,0,0,15,257,31,M_CONSOLECORE_PRESENTED_91E62DC9,30,0,1,7,0,0,44,61,False
optimized-release,0,3,17,14,0,0,18,258,21,M_CONSOLECORE_INIT_F63331F9,37,0,4,11,0,6,41,65,False
optimized-release,1,2,13,8,0,0,9,259,16,M_CONSOLECORE_EDITRETAINED_2E59361D,30,1,2,7,0,0,32,48,False
optimized-release,0,2,3,3,0,0,2,260,3,M_CONSOLECORE_EDITQUANTUM_E6CDEC54,5,0,0,1,0,0,6,11,False
optimized-release,0,0,6,4,0,0,4,261,7,M_CONSOLECORE_NEWLINE_97A73E23,15,0,2,4,0,0,15,23,False
optimized-release,0,2,12,17,0,0,23,262,14,M_CONSOLECORE_CONTROL_7E220524,26,0,2,10,0,0,28,55,False
optimized-release,3,12,27,35,0,0,49,263,59,M_CONSOLECORE_FEEDINTO_F0C48569,51,0,1,26,1,15,87,127,False
optimized-release,0,1,3,1,0,0,0,264,2,M_CONSOLECORE_FEED_287D49E7,3,0,0,0,0,0,4,5,False
optimized-release,0,3,7,3,0,0,3,265,5,M_CONSOLECORE_FEEDBATCH_FBB9A7C1,13,0,2,2,0,0,14,21,False
optimized-release,4,5,11,9,0,0,12,266,23,M_CONSOLECORE_BATCHDAMAGE_51FD9990,17,0,0,8,0,4,34,43,False
optimized-release,1,0,0,1,0,0,0,267,1,M_CONSOLEBATCH_GET_1DDD9652,0,0,0,0,0,0,1,2,False
optimized-release,2,2,12,12,0,0,17,268,26,M_CONSOLEBATCH_BEGIN_A348F06D,35,0,1,10,0,2,37,61,False
optimized-release,0,0,0,9,0,0,12,269,12,M_CONSOLEBATCH_DUE_DFFF17C0,10,0,4,8,0,0,16,27,False
optimized-release,1,2,4,6,0,0,7,270,17,M_CONSOLEBATCH_FEED_F2D299EE,19,0,3,7,0,0,24,35,False
optimized-release,1,1,1,5,0,1,5,271,4,M_CONSOLEBATCH_PUBLISH_28F83695,6,0,2,2,0,0,7,15,False
optimized-release,0,0,0,1,0,0,0,272,0,M_CONSOLEBATCH_RESET_8C5BFDE1,1,0,0,0,0,0,0,2,False
optimized-release,1,1,10,4,0,0,4,273,25,M_DISPLAY_VALID_AD4A9CEB,19,0,0,14,0,0,35,39,False
optimized-release,0,0,0,1,0,0,0,274,0,M_DISPLAY_STATE_1869A6F2,1,0,1,0,0,0,1,2,False
optimized-release,0,0,0,1,0,0,0,275,0,M_DISPLAY_KIND_52F443B1,1,0,1,0,0,0,1,2,False
optimized-release,1,8,17,21,0,0,28,276,31,M_DISPLAY_ACQUIRE_D4F205A1,36,0,3,19,0,0,51,85,False
optimized-release,0,1,1,5,0,0,4,277,3,M_DISPLAY_CHECK_D0D668F5,2,0,1,2,0,0,5,10,False
optimized-release,0,1,2,4,0,0,4,278,3,M_DISPLAY_ACTIVATE_FA0B49D8,5,0,1,2,0,0,6,12,False
optimized-release,0,1,2,5,0,0,6,279,4,M_DISPLAY_BEGINRELEASE_D060B9F5,6,0,2,3,0,0,8,15,False
optimized-release,1,6,6,6,0,0,7,280,5,M_DISPLAY_RELEASE_49E3CB4A,12,0,1,3,0,0,12,28,False
optimized-release,0,1,2,3,0,0,2,281,2,M_DISPLAY_FAULT_17A2F7BD,4,0,0,1,0,0,4,9,False
optimized-release,0,0,0,1,0,0,0,283,1,M_CONSOLEBITMAP_GETBINDING_4C301254,0,0,0,1,0,0,1,2,False
optimized-release,0,1,0,1,0,0,0,284,2,M_CONSOLEBITMAP_ENABLED_B5633DC6,1,0,0,0,0,0,2,3,False
optimized-release,0,1,0,1,0,0,0,285,2,M_CONSOLEBITMAP_FAILED_26B87568,1,0,0,0,0,0,2,3,False
optimized-release,0,1,10,9,0,0,14,286,22,M_CONSOLEBITMAP_BIND_37A88456,19,0,0,12,0,0,27,41,False
optimized-release,0,1,0,1,0,0,0,287,3,M_CONSOLEBITMAP_GETPACKET_5A801E1D,1,0,0,1,0,0,3,4,False
optimized-release,0,5,8,13,0,0,17,288,19,M_CONSOLEBITMAP_RUN_859D3E7A,24,0,4,10,0,0,31,52,False
optimized-release,0,4,1,5,0,0,4,289,7,M_CONSOLEBITMAP_OPEN_C85D6197,7,0,0,2,0,0,8,18,False
optimized-release,0,1,0,1,0,0,0,290,1,M_CONSOLEBITMAP_CLOSE_9D29479F,2,0,0,0,0,0,1,4,False
optimized-release,0,0,0,1,0,0,0,291,1,M_CONSOLEBITMAP_MASK_8BB047A7,1,0,0,0,0,0,1,2,False
optimized-release,0,2,4,1,0,0,0,292,2,M_CONSOLEBITMAP_FILL_0D7F3514,15,0,5,0,0,0,11,18,False
optimized-release,0,2,5,1,0,0,0,293,5,M_CONSOLEBITMAP_TEXT_D480A0BE,16,0,3,2,0,0,13,21,False
optimized-release,0,2,10,1,0,0,0,294,5,M_CONSOLEBITMAP_TEXTCARET_18ADBDA7,28,0,5,2,0,0,20,33,False
optimized-release,0,8,15,7,0,0,8,295,13,M_CONSOLEBITMAP_SCROLL_377D53B8,44,0,13,6,0,0,41,65,False
optimized-release,0,0,0,1,0,0,0,296,0,M_CONSOLEBITMAP_PENDING_D6383590,1,0,1,0,0,0,1,2,False
optimized-release,0,2,0,8,0,0,9,297,6,M_CONSOLEBITMAP_POLL_6E3B6F9E,4,0,1,3,0,0,7,17,False
optimized-release,0,0,0,1,0,0,0,298,1,M_CONSOLEWINDOWS_REGISTRY_F9AAFFE0,0,0,0,1,0,0,1,2,False
optimized-release,0,0,2,1,0,0,0,299,5,M_CONSOLEWINDOWS_LIVE_CF72384F,4,0,0,3,0,0,7,8,False
optimized-release,1,3,4,4,0,0,4,300,11,M_CONSOLEWINDOWS_FIND_07AFDE1C,6,0,0,4,0,0,13,18,False
optimized-release,3,5,1,7,0,0,8,301,13,M_CONSOLEWINDOWS_BOUND_2C2AAE27,1,0,0,4,1,2,14,20,False
optimized-release,2,4,8,10,0,0,10,302,19,M_CONSOLEWINDOWS_RESERVE_27D75673,16,0,0,9,1,2,27,41,False
optimized-release,1,2,9,5,0,0,6,303,5,M_CONSOLEWINDOWS_RETIRED_09D5DC06,17,0,0,2,0,0,14,27,False
optimized-release,1,4,17,23,0,0,29,304,40,M_CONSOLEWINDOWS_RUNNABLE_B9919222,37,0,0,18,0,0,57,83,False
optimized-release,2,5,0,16,0,0,18,305,21,M_CONSOLEWINDOWS_TAKE_9FD09734,10,0,2,10,1,2,23,43,False
optimized-release,0,0,4,8,0,0,10,316,13,M_INPUT_SHAPE_12014EFC,6,0,2,9,0,0,15,23,False
optimized-release,0,4,5,5,0,0,4,317,19,M_INPUT_EXTENT_FA4C9281,9,0,3,14,0,0,26,32,False
optimized-release,0,0,0,1,0,0,0,318,7,M_INPUT_FILTERVALID_D26629FB,3,0,2,6,0,0,9,10,False
optimized-release,0,3,40,45,0,0,61,319,80,M_INPUT_CHECKCONFIG_58BFFC0D,81,0,4,40,0,0,124,169,False
optimized-release,0,0,0,3,0,0,2,320,3,M_INPUT_SOURCESTATE_ED5DBA81,1,0,1,3,0,0,4,7,False
optimized-release,0,1,4,8,0,0,8,321,7,M_INPUT_SHARED_40B1C6BE,5,0,0,5,0,2,11,19,False
optimized-release,0,0,2,4,0,0,4,322,3,M_INPUT_SOURCEOF_A387FC4D,1,0,0,3,1,2,5,8,False
optimized-release,0,1,1,3,0,0,2,323,4,M_INPUT_CAPTURE_307447C1,1,0,0,3,0,0,5,8,False
optimized-release,2,1,22,16,0,0,26,324,36,M_INPUT_VALID_32EBD3E5,40,0,1,17,0,0,59,76,False
optimized-release,1,1,4,1,0,0,0,325,10,M_INPUT_ROUTEVALID_38FC4B26,4,0,0,5,0,0,11,12,False
optimized-release,4,6,13,22,0,0,26,326,48,M_INPUT_REFERENCED_138D8154,24,0,1,22,1,4,57,78,False
optimized-release,3,21,24,29,0,0,33,327,57,M_INPUT_ACQUIRE_69C538CF,54,0,1,25,0,6,82,132,False
optimized-release,3,10,2,12,0,0,12,328,20,M_INPUT_CREATEROUTE_F78B5B60,8,0,1,9,1,2,23,42,False
optimized-release,0,9,9,9,0,0,10,329,12,M_INPUT_PUBLISHROUTE_D1782DE9,11,0,0,4,0,0,16,33,False
optimized-release,1,10,9,7,0,0,6,330,13,M_INPUT_RETIREROUTE_2881C61B,11,0,0,5,0,0,19,34,False
optimized-release,0,9,6,8,0,0,8,331,9,M_INPUT_DISCARD_ACB1BF45,7,0,0,3,0,0,12,27,False
optimized-release,0,6,7,13,0,0,17,332,15,M_INPUT_PENDING_94D4AB06,24,0,7,10,0,0,29,53,False
optimized-release,0,0,1,3,0,0,2,333,15,M_INPUT_POINTERDELTAVALID_367584F0,6,0,0,9,0,0,15,18,False
optimized-release,0,0,1,7,0,0,6,334,30,M_INPUT_POINTERCOORDINATE_C979CE22,16,0,0,16,0,0,30,39,False
optimized-release,4,11,53,36,0,0,47,335,88,M_INPUT_POINTERREAD_16C85D8C,144,0,19,40,0,6,160,235,False
optimized-release,1,17,22,21,0,0,26,336,35,M_INPUT_TAKE_28320780,54,0,6,19,4,4,63,112,False
optimized-release,4,17,9,15,0,0,17,337,22,M_INPUT_RELEASE_78D4EBB0,16,0,2,11,1,4,33,63,False
optimized-release,1,0,0,1,0,0,0,338,1,M_CONSOLECAPTURE_GETLEASE_6E44FE9A,0,0,0,0,0,0,1,2,False
optimized-release,2,1,0,1,0,0,0,339,4,M_CONSOLECAPTURE_ACQUIRE_39D4E6A8,7,0,0,1,0,0,4,12,False
optimized-release,3,6,0,6,0,0,7,340,9,M_CONSOLECAPTURE_RELEASE_DD04AD8D,0,0,0,4,1,2,9,19,False
optimized-release,1,2,1,3,0,0,3,341,4,M_CONSOLECAPTURE_PUBLISH_C5573D67,1,0,0,1,0,0,4,8,False
optimized-release,4,4,1,7,0,0,9,342,15,M_CONSOLECAPTURE_CLEARUNIT_43522FE3,1,0,0,5,1,2,15,21,False
optimized-release,0,0,0,1,0,0,0,343,1,M_CONSOLEFOREGROUND_REGISTRY_ABF9F388,0,0,0,1,0,0,1,2,False
optimized-release,9,12,6,16,0,0,22,344,31,M_CONSOLEFOREGROUND_RECLAIM_59B58C70,9,0,1,10,1,4,38,56,False
optimized-release,3,7,7,10,0,0,12,345,26,M_CONSOLEFOREGROUND_ALLOCATE_F1C749CC,21,0,1,8,2,6,33,49,False
optimized-release,0,1,5,3,0,0,2,346,5,M_CONSOLEFOREGROUND_REGISTER_0F2DE106,9,0,0,1,0,0,8,14,False
optimized-release,0,3,6,5,0,0,6,347,9,M_CONSOLEFOREGROUND_UNREGISTER_54DD2BA5,14,0,0,4,0,0,15,26,False
optimized-release,0,2,6,6,0,0,7,348,19,M_CONSOLEFOREGROUND_RETIREUNBOUNDBREAKS_24224B11,12,0,0,8,2,12,25,28,False
optimized-release,0,6,22,12,0,0,13,349,25,M_CONSOLEFOREGROUND_BEGIN_4DD9FFD0,35,0,0,12,0,0,44,65,False
optimized-release,2,8,14,12,0,0,16,350,23,M_CONSOLEFOREGROUND_END_65D34F46,25,0,0,10,1,2,37,57,False
optimized-release,4,11,31,19,0,0,24,351,40,M_CONSOLEFOREGROUND_HANDOFF_CB9B2D39,58,0,3,20,1,2,74,112,False
optimized-release,1,3,5,6,0,0,6,352,15,M_CONSOLEFOREGROUND_RESOLVE_9B8D664B,9,0,0,5,0,0,17,24,False
optimized-release,0,1,6,6,0,0,7,353,8,M_CONSOLEFOREGROUND_NOTIFYONE_981F2C18,11,0,0,4,0,0,14,22,False
optimized-release,0,3,3,1,0,0,0,354,4,M_CONSOLEFOREGROUND_NOTIFY_A30EB7D0,5,0,0,2,0,0,7,11,False
optimized-release,1,10,11,11,0,0,12,355,23,M_CONSOLEFOREGROUND_DELIVER_8D52BBDC,21,0,1,11,0,0,32,54,False
optimized-release,0,0,1,1,0,0,0,356,1,M_CONSOLEINPUT_INIT_5076ECFA,9,0,0,0,0,0,2,10,False
optimized-release,0,0,0,1,0,0,0,357,1,M_CONSOLEINPUT_LOSE_42C88EE3,5,0,0,0,0,0,1,6,False
optimized-release,0,4,7,3,0,0,3,358,3,M_CONSOLEINPUT_CLEAR_3DEF4D2B,12,0,0,2,0,0,10,21,False
optimized-release,0,5,9,39,0,0,45,359,53,M_CONSOLEINPUT_DECODE_A428056C,52,0,19,37,0,0,81,133,False
optimized-release,0,3,10,8,0,0,8,360,15,M_CONSOLEINPUT_DELIVER_8B43A137,21,0,3,8,0,0,27,40,False
optimized-release,1,9,1,20,0,0,28,361,31,M_CONSOLEINPUT_PUMP_600356CC,17,0,6,17,0,2,37,64,False
optimized-release,0,3,2,5,0,0,6,362,6,M_CONSOLEINPUT_SERVICE_4560B6F3,8,0,3,4,0,0,10,20,False
optimized-release,0,3,8,11,0,0,13,363,16,M_CONSOLEINPUT_READ_9E7D5EC6,20,0,4,9,0,2,28,43,False
optimized-release,0,1,0,3,0,0,2,364,2,M_CONSOLEDISPLAY_WIDTH_10C212F0,0,0,0,1,0,0,2,5,False
optimized-release,0,1,0,3,0,0,2,365,2,M_CONSOLEDISPLAY_HEIGHT_F3C514AD,0,0,0,1,0,0,2,5,False
optimized-release,0,1,1,3,0,0,2,367,4,M_CONSOLEDISPLAY_GLYPH_DCC4F92E,4,0,1,2,0,0,6,10,False
optimized-release,0,12,0,22,0,0,28,368,44,M_CONSOLEDISPLAY_LISTVALID_C50FC922,9,0,2,24,0,2,46,67,False
optimized-release,0,1,0,17,0,0,24,369,30,M_CONSOLEDISPLAY_VALIDATE_33E36106,16,0,0,13,0,0,30,47,False
optimized-release,0,4,12,12,0,0,16,370,26,M_CONSOLEDISPLAY_GEOMETRY_B00D0334,24,0,0,10,0,0,38,50,False
optimized-release,2,11,48,18,0,0,20,371,35,M_CONSOLEDISPLAY_CLAIM_0FF5CDD8,90,0,0,18,0,0,83,139,False
optimized-release,2,8,17,9,0,0,10,372,18,M_CONSOLEDISPLAY_RELEASE_C2AC22C5,38,0,0,6,0,0,35,63,False
optimized-release,0,2,0,1,0,0,0,373,6,M_CONSOLEDISPLAY_POSITION_5668E3AD,3,0,1,2,0,0,7,8,False
optimized-release,0,2,6,3,0,0,2,374,11,M_CONSOLEDISPLAY_CURSORPOSITION_6D01F173,12,0,1,4,0,0,18,21,False
optimized-release,0,9,27,14,0,0,17,375,49,M_CONSOLEDISPLAY_CURSOR_3EC7579C,60,0,2,17,0,0,78,100,False
optimized-release,5,17,52,33,0,0,47,376,128,M_CONSOLEDISPLAY_CELLS_40A0DF53,106,0,5,62,0,16,184,223,False
optimized-release,1,9,17,8,0,0,9,377,34,M_CONSOLEDISPLAY_REMOVECURSOR_56933EEC,38,0,0,9,0,0,51,65,False
optimized-release,1,9,14,18,0,0,22,378,38,M_CONSOLEDISPLAY_ERASE_7308FAA4,27,0,0,17,0,4,52,72,False
optimized-release,0,6,19,17,0,0,28,379,36,M_CONSOLEDISPLAY_BEGINBATCH_E8453865,36,0,0,15,0,0,54,74,False
optimized-release,0,2,15,3,0,0,3,380,8,M_CONSOLEDISPLAY_FLUSHBATCH_36B2DD3C,29,0,0,1,0,0,22,35,False
optimized-release,1,6,14,9,0,0,13,381,26,M_CONSOLEDISPLAY_DISCARDBATCH_161CED78,36,0,1,10,0,0,41,62,False
optimized-release,1,7,18,12,0,0,16,382,25,M_CONSOLEDISPLAY_PRESENTBATCH_DC8CCBC5,33,0,1,10,0,0,44,63,False
optimized-release,0,7,29,23,0,0,33,383,38,M_CONSOLEDISPLAY_BITMAPEDIT_EF95A6DB,57,0,3,19,0,0,70,106,False
optimized-release,1,8,28,25,0,0,40,384,58,M_CONSOLEDISPLAY_BITMAPCOMPLETE_8FE2FF3C,73,0,1,21,0,0,87,128,False
optimized-release,0,4,0,10,0,0,14,385,8,M_CONSOLEDISPLAY_POLL_204D6C85,4,0,2,5,0,0,10,23,False
optimized-release,0,0,0,1,0,0,0,386,0,M_CONSOLEDISPLAY_COMPLETIONREADY_755EF473,1,0,1,0,0,0,1,2,False
optimized-release,0,15,53,31,0,0,44,387,72,M_CONSOLEDISPLAY_ADVANCE_74F2C1A4,109,0,1,22,0,0,120,177,False
optimized-release,5,14,31,29,0,0,41,388,61,M_CONSOLEDISPLAY_EDIT_379C99EA,62,0,5,28,0,2,97,138,False
optimized-release,0,13,29,28,0,0,39,389,42,M_CONSOLEDISPLAY_PRESENT_E192ED9F,46,0,1,19,0,0,72,106,False
optimized-release,0,2,4,3,0,0,3,390,2,M_CONSOLEDISPLAY_QUANTUM_5F98A18D,4,0,0,1,0,0,6,10,False
optimized-release,0,3,2,5,0,0,4,391,3,M_CONSOLECONTROL_APPLY_DCB506BB,3,0,0,2,0,0,5,13,False
optimized-release,1,10,9,9,0,0,11,392,19,M_CONSOLECONTROL_PROCESS_46BB287E,23,0,1,8,0,0,29,51,False
optimized-release,2,10,13,14,0,0,18,393,23,M_CONSOLECONTROL_SUBMIT_2C979A45,33,0,2,11,0,0,38,70,False
optimized-release,0,0,0,1,0,0,0,395,1,M_CONSOLEDRIVER_GETSERVICE_BEE5E55D,0,0,0,1,0,0,1,2,False
optimized-release,0,0,0,1,0,0,0,396,1,M_CONSOLEDRIVER_GETINSTANCE_7919D405,0,0,0,1,0,0,1,2,False
optimized-release,0,5,2,5,0,0,7,397,8,M_CONSOLEDRIVER_SCREENWIDTH_857AD658,8,0,1,3,0,0,11,21,False
optimized-release,0,5,2,5,0,0,7,398,8,M_CONSOLEDRIVER_SCREENHEIGHT_C12F3455,8,0,1,3,0,0,11,21,False
optimized-release,1,3,2,14,0,0,16,399,30,M_CONSOLEDRIVER_MAPPED_DAA6A481,12,0,2,18,0,2,33,48,False
optimized-release,0,3,12,17,0,0,18,400,30,M_CONSOLEDRIVER_VALIDATE_72D30322,24,0,0,15,0,0,42,59,False
optimized-release,0,2,3,5,0,0,4,401,11,M_CONSOLEDRIVER_BOUND_DEB813D0,8,0,0,5,0,0,14,20,False
optimized-release,1,1,10,13,0,0,15,402,20,M_CONSOLEDRIVER_IDLE_F6EAB10E,17,0,0,10,2,2,30,42,False
optimized-release,1,2,3,5,0,0,5,403,7,M_CONSOLEDRIVER_RETAINOPENER_B80DF9C6,6,0,0,2,0,0,10,16,False
optimized-release,0,7,27,20,0,0,27,404,31,M_CONSOLEDRIVER_OPEN_434F52B0,54,0,3,18,0,0,58,99,False
optimized-release,2,8,16,7,0,0,9,405,13,M_CONSOLEDRIVER_CLOSE_60C60326,28,0,0,5,0,0,29,50,False
optimized-release,1,1,4,4,0,0,4,406,2,M_CONSOLEDRIVER_COMPLETE_39781A87,5,0,1,2,0,0,7,13,False
optimized-release,0,1,13,22,0,0,24,407,28,M_CONSOLEDRIVER_IMMEDIATE_01EBE21F,26,0,1,16,0,0,42,65,False
optimized-release,2,7,26,13,0,0,15,408,21,M_CONSOLEDRIVER_BEGINIO_76358745,43,0,1,11,0,0,48,76,False
optimized-release,2,4,23,13,0,0,16,409,16,M_CONSOLEDRIVER_ABORTIO_EFA380E8,32,0,0,11,0,0,39,62,False
optimized-release,1,3,6,1,0,0,0,410,4,M_CONSOLEDRIVER_CLAIMWRITE_0313F299,8,0,0,3,0,0,10,16,False
optimized-release,0,4,10,6,0,0,8,411,6,M_CONSOLEDRIVER_FINISHWRITE_E8555190,14,0,0,5,0,0,16,29,False
optimized-release,0,4,10,5,0,0,6,412,4,M_CONSOLEDRIVER_FINISHREAD_49C55BD3,14,0,0,4,0,0,14,27,False
optimized-release,4,10,23,21,0,0,28,413,26,M_CONSOLEDRIVER_ARRIVAL_EC6B7DA9,40,0,1,15,0,0,50,90,False
optimized-release,3,6,1,12,0,0,15,414,17,M_CONSOLEDRIVER_RUNNABLE_F91A82EB,2,0,1,7,1,2,19,30,False
optimized-release,0,3,0,1,0,0,0,415,2,M_CONSOLEDRIVER_STATE_C6409A7F,3,0,1,0,0,0,3,7,False
optimized-release,0,1,2,4,0,0,4,416,7,M_CONSOLEDRIVER_NOTIFY_2C61AA6D,10,1,0,2,2,2,10,17,False
optimized-release,1,5,7,5,0,0,4,417,10,M_CONSOLEDRIVER_PREPAREWAITER_2678D1F7,19,0,3,3,0,0,20,33,False
optimized-release,1,3,2,3,0,0,3,418,4,M_CONSOLEDRIVER_FREEWAITER_5FC08D72,3,0,0,1,0,0,6,11,False
optimized-release,0,1,6,1,0,0,0,419,4,M_CONSOLEDRIVER_WAITCHANGE_4E83E195,9,0,0,2,0,0,10,13,False
optimized-release,6,14,23,15,1,0,18,420,32,M_CONSOLEDRIVER_ADMITWORKER_8B81C455,48,0,2,16,1,2,58,99,False
optimized-release,3,11,0,18,0,0,24,421,35,M_CONSOLEDRIVER_START_3E6AAC44,19,0,3,16,0,0,38,67,False
optimized-release,2,4,2,13,0,0,15,422,17,M_CONSOLEDRIVER_ALLIDLE_23B19503,5,0,0,8,1,2,19,32,False
optimized-release,1,2,6,7,0,0,7,423,7,M_CONSOLEDRIVER_REQUESTSTOP_763F8D8B,10,0,0,3,0,0,13,23,False
optimized-release,3,10,0,10,0,0,12,424,17,M_CONSOLEDRIVER_STOP_093D3500,8,0,1,5,0,0,18,36,False
optimized-release,1,5,5,3,0,0,3,425,3,M_CONSOLEDRIVER_RETIREWORKER_09E7B3B9,8,0,0,1,0,0,8,18,False
optimized-release,0,5,24,16,0,0,25,426,41,M_CONSOLEDRIVER_BATCHWRITE_60F6B557,50,0,1,18,0,0,64,89,False
optimized-release,0,18,61,50,0,0,67,427,88,M_CONSOLEDRIVER_WRITEQUANTUM_3CD4DB9C,112,0,4,43,0,0,150,223,False
optimized-release,0,4,19,20,0,0,27,428,28,M_CONSOLEDRIVER_READQUANTUM_10EBF725,41,0,1,13,0,0,47,78,False
optimized-release,1,20,32,24,0,0,29,429,45,M_CONSOLEDRIVER_INITIALIZE_D6CB2592,68,0,3,20,0,0,80,133,False
optimized-release,1,12,15,7,0,0,9,430,15,M_CONSOLEDRIVER_FREESTORAGE_02676B4B,31,0,0,5,0,0,30,56,False
optimized-release,0,1,1,1,0,0,0,431,4,M_CONSOLEDRIVER_COLLECT_102291BE,2,0,1,2,0,0,5,6,False
optimized-release,0,64,3,64,0,0,93,432,100,M_CONSOLEDRIVER_WORKER_589B3ABC,49,0,7,48,5,12,110,225,False
optimized-release,1,5,12,5,0,0,4,434,8,M_PORTCORE_CREATEMSGPORT_A47550A3,23,0,1,4,0,0,21,38,False
optimized-release,0,3,4,3,0,0,2,435,2,M_PORTCORE_DELETEMSGPORT_9136F7C6,3,0,0,2,0,0,6,11,False
optimized-release,0,0,9,8,0,0,8,443,28,M_SIODRIVER_BOUND_DC2366E0,19,0,1,20,0,0,36,47,False
optimized-release,1,1,19,17,1,0,25,444,35,M_SIODRIVER_OPEN_9AA3F320,44,0,5,23,0,0,56,86,False
optimized-release,0,1,8,4,0,0,5,445,13,M_SIODRIVER_CLOSE_01A37B96,20,0,2,8,0,0,23,33,False
optimized-release,3,2,13,9,0,0,11,446,11,M_SIODRIVER_BEGINIO_E1378755,22,0,1,6,0,0,25,42,False
optimized-release,2,3,8,5,0,0,4,447,5,M_SIODRIVER_ABORTIO_689758F8,11,0,0,3,0,0,13,24,False
optimized-release,0,5,6,10,0,0,15,448,13,M_SIODRIVER_TRYCANCEL_BDB03575,15,0,1,7,0,0,20,37,False
optimized-release,1,4,11,7,0,0,9,449,9,M_SIODRIVER_CLAIM_64B130D4,22,0,0,5,0,0,20,39,False
optimized-release,0,4,2,7,0,0,9,450,7,M_SIODRIVER_ACTIVATE_5F9BFB05,8,0,1,4,0,0,10,23,False
optimized-release,1,5,14,9,0,0,12,451,11,M_SIODRIVER_FINISH_D94C5F1F,29,0,1,7,0,0,26,51,False
optimized-release,0,0,6,6,0,0,8,452,7,M_SIODRIVER_REAP_531B42EA,13,0,0,3,0,0,13,22,False
optimized-release,0,3,2,4,0,0,5,453,5,M_SIODRIVER_STATE_C8F9434F,8,0,1,3,0,0,8,18,False
optimized-release,0,0,0,1,0,0,0,454,1,M_SIODRIVER_UNAVAILABLE_B7013E26,1,0,0,0,0,0,1,2,False
optimized-release,0,1,2,4,0,0,4,455,6,M_SIODRIVER_NOTIFY_7F90C49D,10,1,0,1,2,2,9,16,False
optimized-release,1,5,7,5,0,0,4,456,10,M_SIODRIVER_PREPAREWAITER_A5456107,19,0,3,3,0,0,20,33,False
optimized-release,1,3,2,3,0,0,3,457,4,M_SIODRIVER_FREEWAITER_3A54C422,3,0,0,1,0,0,6,11,False
optimized-release,0,1,5,1,0,0,0,458,3,M_SIODRIVER_WAITCHANGE_D2A1FD05,9,0,0,0,0,0,8,11,False
optimized-release,3,8,20,15,1,0,17,459,27,M_SIODRIVER_ADMITWORKER_05019805,47,0,0,15,1,4,48,88,False
optimized-release,3,11,0,18,0,0,24,460,33,M_SIODRIVER_START_4928F5B4,17,0,2,16,0,0,35,65,False
optimized-release,4,12,1,14,0,0,20,461,24,M_SIODRIVER_STOP_B26AF28A,12,0,0,9,0,0,24,51,False
optimized-release,1,4,8,5,0,0,6,462,19,M_SIODRIVER_STOPPING_28442DD8,16,0,1,11,0,0,27,37,False
optimized-release,1,5,3,3,0,0,3,463,3,M_SIODRIVER_RETIREWORKER_47CA3A29,4,0,0,1,0,0,6,14,False
optimized-release,1,3,2,14,0,0,16,464,30,M_SIODRIVER_SIOMAPPED_D1D9A9D6,12,0,2,18,0,2,33,48,False
optimized-release,0,0,9,10,0,0,10,465,20,M_SIODRIVER_PAYLOADLENGTH_9F5C9B06,18,0,1,12,0,0,30,40,False
optimized-release,0,2,19,32,0,0,37,466,40,M_SIODRIVER_SIOVALIDATE_7D355271,40,0,0,19,0,0,59,93,False
optimized-release,0,2,0,12,0,0,15,467,18,M_SIODRIVER_DEADLINETICKS_83CDA5CA,8,0,2,8,8,9,20,30,False
optimized-release,0,7,16,10,0,0,13,468,29,M_SIODRIVER_PREPARE_D10BF723,37,0,0,11,0,6,45,65,False
optimized-release,0,16,0,16,0,0,20,469,16,M_SIODRIVER_HARDWAREINIT_3568BDA6,11,0,8,8,0,0,24,51,False
optimized-release,0,14,7,16,0,0,19,470,20,M_SIODRIVER_RUNREQUEST_4500BA50,23,0,1,8,0,0,28,61,False
optimized-release,0,20,2,13,0,0,16,471,18,M_SIODRIVER_WORKER_374ADF8C,10,0,0,8,0,0,19,51,False
optimized-release,0,2,3,8,0,0,8,472,8,M_SIODRIVER_MATCHES_AEE1C237,4,0,0,5,1,2,11,19,False
optimized-release,0,3,2,5,0,0,4,473,4,M_IORESIDENT_BOUND_C1F0BA89,4,0,2,2,0,0,8,14,False
optimized-release,0,3,6,5,0,0,4,474,8,M_IORESIDENT_OPEN_6086F993,10,0,2,2,0,0,14,20,False
optimized-release,0,3,2,5,0,0,4,475,2,M_IORESIDENT_CLOSE_FE2B0633,4,0,2,2,0,0,6,14,False
optimized-release,0,3,2,5,0,0,4,476,2,M_IORESIDENT_BEGINIO_914C855C,4,0,2,2,0,0,6,14,False
optimized-release,0,3,2,5,0,0,4,477,2,M_IORESIDENT_ABORTIO_0DA61711,4,0,2,2,0,0,6,14,False
optimized-release,0,6,7,6,0,0,7,484,17,M_IOCORE_OPENDEVICE_A2787528,15,0,0,6,0,0,22,33,False
optimized-release,0,6,3,5,0,0,6,485,9,M_IOCORE_CLOSEDEVICE_667F761E,6,0,0,5,0,0,12,22,False
optimized-release,0,8,11,20,0,0,28,486,24,M_IOCORE_SUBMIT_5D7CB97A,36,0,9,16,0,0,44,80,False
optimized-release,0,1,1,1,0,0,0,487,1,M_IOCORE_BEGINIO_FAB52593,1,0,0,0,0,0,2,3,False
optimized-release,0,1,1,1,0,0,0,488,1,M_IOCORE_SENDIO_CA4E16BA,1,0,0,0,0,0,2,3,False
optimized-release,0,6,3,5,0,0,6,489,9,M_IOCORE_ABORTIO_125E3726,6,0,0,5,0,0,12,22,False
optimized-release,0,2,10,7,0,0,8,492,12,M_IOCORE_CREATEIOREQUEST_DE10015D,15,0,0,6,0,0,19,30,False
optimized-release,0,2,4,3,0,0,2,493,3,M_IOCORE_DELETEIOREQUEST_93A87E78,5,0,1,3,0,0,8,13,False
optimized-release,0,1,1,1,0,0,0,495,1,M_IOCORE_START_4033F51A,1,0,0,0,0,0,2,3,False
optimized-release,0,4,2,4,0,0,4,496,11,M_IOCORE_WAITIO_8CA35F61,2,0,0,6,4,2,13,16,False
optimized-release,0,2,2,3,0,0,2,497,7,M_IOCORE_DOIO_173DC4A1,4,0,0,4,0,0,9,13,False
optimized-release,4,13,6,23,0,0,29,498,33,M_CONSOLETILING_LOCK_D1C61C32,13,0,0,16,1,4,39,69,False
optimized-release,4,10,1,10,0,0,13,499,15,M_CONSOLETILING_UNLOCK_9D80F64D,4,0,0,5,1,2,16,33,False
optimized-release,0,1,3,3,0,0,2,500,8,M_CONSOLETILING_OWNED_E442B6FE,5,0,0,5,0,0,11,14,False
optimized-release,1,8,11,8,0,0,10,501,16,M_CONSOLETILING_SELECT_D724C265,25,0,0,7,0,0,27,49,False
optimized-release,3,8,7,14,0,0,17,502,28,M_CONSOLETILING_HIDELOCKED_54ED13CF,19,0,0,12,1,2,35,56,False
optimized-release,3,19,18,28,0,0,36,503,80,M_CONSOLETILING_SHOW_26065EE8,72,0,3,30,1,2,100,152,False
optimized-release,0,6,2,5,0,0,4,504,6,M_CONSOLETILING_HIDE_B9E54D0B,3,0,0,2,0,0,7,16,False
optimized-release,0,7,3,7,0,0,6,505,10,M_CONSOLETILING_FOCUS_1EF2C0A5,6,0,0,4,0,0,12,24,False
optimized-release,0,4,10,9,0,0,12,508,14,M_CONSOLE_FREEINSTANCE_35A7F9E7,18,0,0,7,0,0,24,38,False
optimized-release,1,26,21,36,0,0,50,509,67,M_CONSOLE_CREATE_AA57C2F6,65,0,6,32,0,6,94,160,False
optimized-release,1,24,15,17,0,0,20,510,28,M_CONSOLE_DESTROY_8B3B48E8,28,0,1,13,0,0,42,83,False
optimized-release,0,0,0,1,0,0,0,516,1,M_DOSCORE_GETREGISTRY_D528A1F7,0,0,0,1,0,0,1,2,False
optimized-release,0,0,13,1,0,0,0,517,38,M_FSOPERATION_CANCELLABLE_CAA34525,13,0,0,25,0,0,38,39,False
optimized-release,0,2,24,12,0,0,16,518,20,M_FSOPERATION_PREPARE_EA34E162,41,0,0,12,0,0,44,67,False
optimized-release,1,0,17,12,0,0,14,519,37,M_FSOPERATION_AUTHORITY_2081E9D0,35,0,0,20,0,0,54,68,False
optimized-release,0,2,5,9,0,0,10,520,9,M_FSOPERATION_CANCELED_56B92A04,8,0,0,5,0,0,14,24,False
optimized-release,0,2,7,8,0,0,9,521,7,M_FSOPERATION_CLAIM_4C8DDFC1,9,0,0,5,0,0,14,24,False
optimized-release,1,8,15,10,0,0,14,522,15,M_FSOPERATION_REQUEST_3F73D6DE,23,0,0,8,0,0,30,50,False
optimized-release,0,2,6,13,0,0,16,523,15,M_FSOPERATION_UNLINK_B5280A26,20,0,0,8,2,2,21,43,False
optimized-release,0,4,9,9,0,0,11,524,10,M_FSOPERATION_REPLYREADY_532E4DE6,12,0,0,6,0,0,19,31,False
optimized-release,0,1,8,4,0,0,5,525,4,M_FSOPERATION_COLLECT_397028AF,16,0,0,2,0,0,12,23,False
optimized-release,2,8,3,18,0,0,25,526,25,M_FSOPERATION_PUMP_B18C8A95,22,0,0,12,0,0,28,62,False
optimized-release,0,1,0,1,0,0,0,527,2,M_DOSCLIENT_IOERR_BF9E8A97,1,0,0,0,0,0,2,3,False
optimized-release,0,1,2,1,0,0,0,528,4,M_DOSCLIENT_SETIOERR_93E1A287,7,0,0,0,0,0,5,9,False
optimized-release,0,1,1,1,0,0,0,529,2,M_DOSCLIENT_SETERROR_F2B11A26,2,0,0,0,0,0,2,4,False
optimized-release,2,3,21,5,3,0,4,530,10,M_DOSCLIENT_NEWCLIENT_41735729,39,0,0,6,0,0,34,55,False
optimized-release,0,2,10,10,0,0,11,531,13,M_DOSCLIENT_ENSURESLOT_00C71048,19,0,0,6,0,0,23,37,False
optimized-release,0,2,0,1,0,0,0,532,2,M_DOSCLIENT_ENSURE_1859B044,0,0,0,0,0,0,2,3,False
optimized-release,0,0,6,5,0,0,6,533,4,M_DOSCLIENT_CLEARSELECTIONS_93A1D5D6,10,0,0,2,0,0,10,17,False
optimized-release,0,7,30,28,0,0,41,534,46,M_DOSCLIENT_RELEASECONTEXT_90CB2A06,62,0,0,21,0,0,76,118,False
optimized-release,2,3,10,9,0,0,13,535,14,M_DOSCLIENT_CHECKREPLY_4530772C,16,0,0,6,0,0,24,36,False
optimized-release,2,13,40,35,0,0,50,536,56,M_DOSCLIENT_CALL_35DB3B22,70,0,1,25,4,4,88,145,False
optimized-release,0,0,3,9,0,0,10,537,13,M_DOSOBJECTS_FIND_2E898C70,8,0,0,7,2,2,16,24,False
optimized-release,0,1,9,3,0,0,3,538,6,M_DOSOBJECTS_LINK_9FA00D0F,17,0,1,4,0,0,16,25,False
optimized-release,0,1,13,12,0,0,15,539,17,M_DOSOBJECTS_UNLINK_C978FCF4,29,0,1,9,2,2,31,51,False
optimized-release,0,2,0,1,0,0,0,540,3,M_BLOCKCACHE_METADATABYTES_EA4C1D98,2,0,5,4,0,0,8,9,False
optimized-release,0,8,9,8,0,0,8,541,27,M_BLOCKCACHE_CREATE_BA82E51A,34,0,10,14,0,0,46,64,False
optimized-release,0,4,9,3,0,0,2,542,12,M_BLOCKCACHE_DESTROY_EB1A5F0C,18,0,0,5,0,0,21,30,False
optimized-release,0,2,6,10,0,0,13,543,13,M_BLOCKCACHE_INVALIDATE_4E66AC31,10,0,0,7,0,2,19,29,False
optimized-release,0,3,3,3,0,0,3,544,15,M_BLOCKCACHE_SETINDEX_5318FF18,13,0,6,10,0,0,24,29,False
optimized-release,0,2,3,10,0,0,14,545,21,M_BLOCKCACHE_FIND_1946044D,14,0,0,8,0,2,24,34,False
optimized-release,0,3,2,8,0,0,9,546,13,M_BLOCKCACHE_FORGET_8D9AE1E1,9,0,0,4,1,2,15,24,False
optimized-release,0,2,6,4,0,0,4,547,4,M_BLOCKCACHE_COPY_EC1E9165,6,0,0,4,0,2,10,16,False
optimized-release,1,1,1,1,0,0,0,548,4,M_BLOCKCACHE_PAYLOAD_A5530E46,3,0,1,1,0,0,6,7,False
optimized-release,1,8,9,14,0,0,19,549,33,M_BLOCKCACHE_READ_6E9EB2D8,32,0,2,10,0,0,42,65,False
optimized-release,0,12,20,11,0,0,15,550,36,M_BLOCKCACHE_STOREPART_C61D91FE,44,0,4,12,0,2,57,79,False
optimized-release,1,3,10,6,0,0,6,551,7,M_BLOCKCACHE_STORE_364610B1,15,0,1,2,0,0,18,27,False
optimized-release,0,0,3,18,0,0,26,552,17,M_BLOCKIO_GEOMETRY_4529DFEE,13,0,9,13,0,0,26,44,False
optimized-release,0,0,6,9,0,0,10,553,11,M_BLOCKIO_SECTORBYTES_B8369631,9,0,0,5,0,0,14,23,False
optimized-release,1,3,3,16,0,0,18,554,32,M_BLOCKIO_MAPPED_A9EEA713,13,0,2,19,0,2,35,52,False
optimized-release,1,9,9,9,0,0,10,555,22,M_BLOCKIO_CREATE_DF5BA086,21,0,0,8,0,0,31,48,False
optimized-release,1,5,9,6,0,0,6,556,10,M_BLOCKIO_DESTROY_0CC5CBD8,13,0,0,5,0,0,19,30,False
optimized-release,0,11,0,1,0,0,0,557,1,M_BLOCKIO_DEVICENAME_55BC3EC3,1,0,0,0,0,0,1,13,False
optimized-release,0,5,13,5,0,0,4,558,18,M_BLOCKIO_OPENVOLUME_36B90798,29,0,1,8,0,0,32,47,False
optimized-release,1,5,16,10,0,0,13,559,17,M_BLOCKIO_DETACH_FC4FFB83,23,0,1,11,0,0,34,50,False
optimized-release,0,0,0,1,0,0,0,560,1,M_BLOCKIO_DISCARDBUFFER_3EED9C90,3,0,0,0,0,0,1,4,False
optimized-release,1,2,2,1,0,0,0,561,1,M_BLOCKIO_INVALIDATE_E4DCC90F,2,0,0,0,0,0,3,6,False
optimized-release,0,0,7,5,0,0,6,562,10,M_BLOCKIO_CACHED_7ABF0DB0,12,0,0,4,0,0,16,21,False
optimized-release,0,0,1,1,0,0,0,563,4,M_BLOCKIO_PUBLISH_42B93901,9,0,1,0,0,0,5,10,False
optimized-release,0,1,14,1,0,0,0,564,8,M_BLOCKIO_PREPARE_810BFFA1,30,0,1,4,0,0,23,36,False
optimized-release,0,0,10,10,0,0,10,565,17,M_BLOCKIO_COMPLETE_80F6A54F,24,0,2,9,0,0,28,43,False
optimized-release,0,3,13,8,0,0,8,566,9,M_BLOCKIO_CHECK_A5B41A2A,21,0,1,5,0,0,22,37,False
optimized-release,1,6,22,7,0,0,6,567,25,M_BLOCKIO_BEGINFETCH_6B9D7F07,41,0,0,4,0,0,44,59,False
optimized-release,1,7,23,11,0,0,13,568,29,M_BLOCKIO_BEGINSTORE_D38E59E4,44,0,0,9,0,2,51,72,False
optimized-release,2,6,16,4,0,0,4,569,17,M_BLOCKIO_FINISHFETCH_D55D2AA5,27,0,0,2,0,0,30,41,False
optimized-release,0,2,6,4,0,0,4,571,4,M_FSCORE_COPYENTRY_48DFB26E,6,0,0,4,0,2,10,16,False
optimized-release,0,0,0,1,0,0,0,572,5,M_FSCORE_BEGINOPERATION_525CBD4F,14,0,2,0,0,0,7,15,False
optimized-release,0,0,9,4,0,0,4,573,10,M_FSCORE_FINISHOPERATION_46633DF1,22,0,0,2,0,0,19,28,False
optimized-release,0,0,0,10,0,0,12,574,9,M_FS83_LEGAL_57119700,6,0,3,6,0,0,12,22,False
optimized-release,0,0,0,4,0,0,4,575,3,M_FS83_FOLD_0A64C6B8,4,0,4,3,0,0,7,11,False
optimized-release,0,6,5,16,0,0,21,576,16,M_FS83_STORED_D2BF7200,9,0,1,9,1,2,22,40,False
optimized-release,0,6,4,10,0,0,11,577,12,M_FS83_MATCH_C3E96F9C,7,0,1,5,1,2,17,28,False
optimized-release,1,2,19,10,0,0,10,578,15,M_FS83_STARTRESOLVE_ED05839D,39,0,1,5,0,0,35,57,False
optimized-release,3,5,17,29,0,0,39,579,39,M_FS83_COMPONENT_3DA5FCEA,33,0,2,20,2,10,58,90,False
optimized-release,6,3,11,11,0,0,14,580,17,M_FS83_SELECTMATCH_2C823C16,20,0,3,7,0,0,31,47,False
optimized-release,2,1,8,7,0,0,8,581,10,M_FS83_CHOOSE_D3525E62,14,0,0,4,0,0,18,28,False
optimized-release,0,32,16,25,0,0,36,582,50,M_FSNAMES_STREAM_12DD2A4A,18,0,2,18,0,0,68,93,False
optimized-release,0,1,5,6,0,0,6,583,14,M_FSNAMES_MAPPED_324F42A3,8,0,0,7,0,0,15,22,False
optimized-release,1,4,1,30,0,0,39,584,39,M_FSNAMES_PATH_CFBF830F,9,0,2,26,7,10,42,70,False
optimized-release,0,6,3,3,0,0,2,585,12,M_FSNAMES_SYSTEM_7AF4AE7D,4,0,1,6,0,0,16,19,False
optimized-release,0,4,3,8,0,0,8,586,16,M_FSNAMES_VALIDALIAS_36EB4E14,5,0,1,11,1,2,20,28,False
optimized-release,0,0,3,1,0,0,0,587,8,M_DOSSTREAMS_VALIDMODE_6A43AE29,3,0,0,5,0,0,8,9,False
optimized-release,0,3,3,7,0,0,6,588,8,M_DOSSTREAMS_VALIDBUFFER_D67D80FE,4,0,0,4,0,0,9,18,False
optimized-release,1,3,12,3,0,0,2,589,4,M_DOSSTREAMS_OPENNIL_7EDE8F17,19,0,0,3,0,0,16,29,False
optimized-release,0,2,5,5,0,0,4,590,5,M_DOSSTREAMS_TRANSFERNIL_E7EA5C2C,10,0,1,2,0,0,10,19,False
optimized-release,0,5,9,3,0,0,3,591,3,M_DOSSTREAMS_CLOSENIL_3520E24B,10,0,0,3,0,0,12,21,False
optimized-release,0,1,1,4,0,0,4,592,8,M_DOSPIPE_WAKE_206F5695,5,0,0,3,0,2,9,13,False
optimized-release,0,1,8,9,0,0,10,593,10,M_DOSPIPE_UNWAIT_23BF06C3,17,0,0,5,2,2,18,32,False
optimized-release,2,13,42,15,0,0,19,594,17,M_DOSPIPE_CREATE_3311B233,55,0,0,17,0,0,59,102,False
optimized-release,0,6,16,12,0,0,14,595,13,M_DOSPIPE_CLONE_F42CC55A,33,1,3,10,0,0,33,61,False
optimized-release,0,8,14,13,0,0,18,596,17,M_DOSPIPE_DISCARD_EA487971,26,1,3,13,0,0,35,60,False
optimized-release,1,6,8,3,0,0,3,597,3,M_DOSPIPE_CLOSE_E3C2D505,8,0,0,2,0,0,11,20,False
optimized-release,9,28,15,57,0,0,78,598,107,M_DOSPIPE_TRANSFER_59D539F6,60,0,12,55,5,30,127,209,False
optimized-release,0,0,0,1,0,0,0,599,1,M_DOSRAW_GETREGISTRY_976423CC,0,0,0,1,0,0,1,2,False
optimized-release,0,1,1,1,0,0,0,600,6,M_DOSRAW_UNITREGISTRY_DD0D5704,1,0,0,4,0,0,6,7,False
optimized-release,0,4,5,16,0,0,21,601,22,M_DOSRAW_UNIT_B2527969,8,0,0,15,1,5,27,43,False
optimized-release,0,1,6,10,0,0,12,602,23,M_DOSRAW_LIVE_14427091,17,0,0,11,1,2,29,39,False
optimized-release,3,16,26,1,1,0,0,603,4,M_DOSRAW_INITIALIZE_D871F7B7,35,0,0,0,0,0,29,55,False
optimized-release,0,2,2,1,0,0,0,604,0,M_DOSRAW_ROLLBACK_4A7594F5,4,0,0,0,0,0,2,7,False
optimized-release,2,22,28,18,0,0,18,605,34,M_DOSRAW_ACQUIRE_CC49A145,48,0,1,17,0,0,60,107,False
optimized-release,1,7,18,5,0,0,4,606,10,M_DOSRAW_OPENSIZED_F1E27B78,28,0,3,8,0,0,30,49,False
optimized-release,0,1,2,1,0,0,0,607,2,M_DOSRAW_OPEN_5F7F2547,2,0,0,0,0,0,3,4,False
optimized-release,0,3,7,8,0,0,8,608,10,M_DOSRAW_VALIDEXTENT_84EF7CCB,6,0,0,7,0,0,15,24,False
optimized-release,0,4,6,7,0,0,9,609,6,M_DOSRAW_RELEASEOPERATION_C2E80557,11,0,2,5,0,0,14,27,False
optimized-release,0,11,38,20,0,0,24,610,28,M_DOSRAW_PREPARE_F51F1B68,70,0,4,15,0,0,67,116,False
optimized-release,0,2,11,3,0,0,3,611,6,M_DOSRAW_FINISH_BB47E14C,22,0,0,2,0,0,16,29,False
optimized-release,0,3,17,21,0,0,30,612,39,M_DOSRAW_COMPLETE_0FD428DA,42,1,1,16,0,0,49,82,False
optimized-release,0,5,3,5,0,0,4,613,7,M_DOSRAW_RETAIN_4DF2DE08,8,0,1,4,0,0,11,22,False
optimized-release,1,12,14,8,0,0,8,614,13,M_DOSRAW_RELEASEENDPOINT_3E946265,23,0,1,8,0,0,28,52,False
optimized-release,1,8,16,9,0,0,10,615,12,M_DOSRAW_CLOSESIZED_2208AD92,20,0,1,9,0,0,28,47,False
optimized-release,0,1,2,1,0,0,0,616,1,M_DOSRAW_CLOSE_4F38859D,2,0,0,0,0,0,3,4,False
optimized-release,0,1,3,3,0,0,3,617,4,M_COOKEDLINE_FREEHISTORY_E31E705E,6,0,0,2,0,0,7,12,False
optimized-release,0,0,4,3,0,0,3,618,5,M_COOKEDLINE_RESETHISTORY_27C90F73,11,0,0,1,0,0,9,15,False
optimized-release,1,2,1,1,0,0,0,619,4,M_COOKEDLINE_HISTORYSLOT_205258CE,2,0,1,1,0,0,6,7,False
optimized-release,3,8,24,31,0,0,41,620,51,M_COOKEDLINE_REMEMBER_E39B9025,53,0,4,24,1,6,78,119,False
optimized-release,5,6,31,22,0,0,27,621,48,M_COOKEDLINE_RECALL_089A5861,60,0,3,20,5,6,81,113,False
optimized-release,0,0,0,1,0,0,0,622,1,M_COOKEDLINE_INIT_553F5E46,17,0,0,0,0,0,1,18,False
optimized-release,0,2,2,3,0,0,3,623,3,M_COOKEDLINE_CREATE_35929826,3,0,0,2,0,0,5,10,False
optimized-release,0,2,7,6,0,0,6,624,5,M_COOKEDLINE_DESTROY_77CB15F8,9,0,0,4,0,0,12,21,False
optimized-release,0,3,3,4,0,0,4,625,5,M_COOKEDLINE_RETAIN_F54817A1,7,0,1,3,0,0,9,17,False
optimized-release,0,5,8,7,0,0,8,626,10,M_COOKEDLINE_RELEASE_68B6E005,15,0,2,7,0,0,20,34,False
optimized-release,0,3,3,4,0,0,4,627,4,M_COOKEDLINE_ENTER_AF5023D0,6,0,0,2,0,0,7,15,False
optimized-release,0,2,1,1,0,0,0,628,0,M_COOKEDLINE_LEAVE_C362F351,2,0,0,0,0,0,1,5,False
optimized-release,0,5,8,12,0,0,15,629,15,M_COOKEDLINE_SETHISTORY_7BFEF58A,18,0,3,8,0,0,26,43,False
optimized-release,0,0,0,1,0,0,0,630,1,M_COOKEDLINE_EMPTY_73E023F3,6,0,0,0,0,0,1,7,False
optimized-release,2,2,5,4,0,0,4,631,16,M_COOKEDLINE_ERASE_F76E1DAE,14,0,1,6,0,2,22,28,False
optimized-release,0,2,7,1,0,0,0,632,1,M_COOKEDLINE_LOSE_A2B86A77,11,0,0,0,0,0,7,14,False
optimized-release,6,15,52,70,0,0,89,633,90,M_COOKEDLINE_FEED_E5727982,117,0,23,50,0,17,165,258,False
optimized-release,1,4,17,14,0,0,16,634,24,M_COOKEDLINE_DRAIN_A743CD2C,40,0,5,11,0,0,46,70,False
optimized-release,3,8,43,44,0,0,65,635,133,M_COOKEDLINE_RENDER_D6B4258E,98,0,4,73,2,30,180,226,False
optimized-release,0,7,12,16,0,0,19,636,21,M_DOSCANCEL_TRANSFER_DC8DFD88,19,0,0,9,4,2,33,51,False
optimized-release,0,4,9,5,0,0,4,637,7,M_DOSCOOKED_OPEN_FB0901F4,13,0,0,4,0,0,15,26,False
optimized-release,1,3,6,6,0,0,7,638,9,M_DOSCOOKED_CLOSE_1355CA48,11,0,0,3,0,0,15,24,False
optimized-release,0,2,19,19,0,0,27,639,28,M_DOSCOOKED_WIRE_7D812E8B,47,0,6,17,0,0,50,85,False
optimized-release,2,5,11,9,0,0,9,640,15,M_DOSCOOKED_BEGIN_9BFE5F7B,29,0,5,8,0,0,31,53,False
optimized-release,2,6,20,5,0,0,5,641,12,M_DOSCOOKED_CANCELLINE_F449849C,36,0,0,4,0,0,32,53,False
optimized-release,5,22,29,31,0,0,34,642,39,M_DOSCOOKED_ACQUIRELINE_772F100E,34,0,1,14,0,0,69,106,False
optimized-release,4,12,33,17,0,0,19,643,29,M_DOSCOOKED_READLOCKED_B41BFB52,49,1,0,9,0,0,54,91,False
optimized-release,0,4,6,3,0,0,2,644,7,M_DOSCOOKED_READ_AAA4E8F8,10,0,0,1,0,0,12,18,False
optimized-release,0,1,1,3,0,0,2,645,6,M_DOSBREAK_CURRENT_B838AC0B,4,0,0,3,0,0,7,11,False
optimized-release,0,6,11,5,0,0,4,646,9,M_DOSBREAK_ALLOCATE_10964711,21,0,3,6,0,0,23,38,False
optimized-release,0,3,4,1,0,0,0,647,3,M_DOSBREAK_FREE_76D15FA8,5,0,0,1,0,0,7,10,False
optimized-release,0,17,20,26,0,0,28,648,27,M_DOSBREAK_BEGIN_A70D4CB3,36,0,2,17,0,0,49,96,False
optimized-release,0,8,5,9,0,0,8,649,8,M_DOSBREAK_END_B7800793,10,0,0,4,0,0,13,31,False
optimized-release,0,1,1,5,0,0,4,650,4,M_DOSBREAK_PENDING_1B1DF51D,3,0,0,2,0,0,5,11,False
optimized-release,0,5,4,6,0,0,6,651,10,M_DOSBREAK_CLEAR_B7EEEC7D,10,0,0,4,0,0,14,25,False
optimized-release,0,0,0,1,0,0,0,652,1,M_FSSYSTEM_SELECTED_9418F47A,1,0,1,1,0,0,2,3,False
optimized-release,0,1,0,2,0,0,1,653,2,M_FSSYSTEM_SYSTEMUNIT_F93F9C60,0,0,1,2,0,0,3,5,False
optimized-release,0,2,1,3,0,0,2,654,4,M_FSSYSTEM_UNIT_D8E8C927,3,0,1,1,0,0,6,9,False
optimized-release,1,3,2,7,0,0,6,655,8,M_FSSYSTEM_NAMEBYTE_29131912,4,0,2,4,0,0,12,19,False
optimized-release,0,7,6,9,0,0,10,656,22,M_FSSYSTEM_MATCHES_6FF2F0E4,10,0,1,9,1,2,27,35,False
optimized-release,0,4,4,8,0,0,8,657,11,M_FSSYSTEM_SAMENAME_3086AACE,6,0,1,4,1,2,14,22,False
optimized-release,3,6,4,3,0,0,3,658,8,M_FSSYSTEM_APPLY_F77568D5,6,0,1,2,0,0,13,20,False
optimized-release,0,1,0,1,0,0,0,659,3,M_FSREGISTRY_SERVICE_31663004,1,0,0,1,0,0,3,4,False
optimized-release,0,2,2,3,0,0,3,660,3,M_FSREGISTRY_RETAIN_218C5FAC,8,0,2,2,0,0,7,15,False
optimized-release,0,3,5,7,0,0,10,661,11,M_FSREGISTRY_RETAINBASE_94E5BA0B,16,0,1,5,0,0,17,31,False
optimized-release,1,4,8,5,0,0,7,662,9,M_FSREGISTRY_RELEASE_E0E99364,13,0,1,5,0,0,18,28,False
optimized-release,2,5,5,15,0,0,22,663,27,M_FSREGISTRY_LOOKUP_AD8B60C1,14,0,1,12,3,8,32,48,False
optimized-release,0,2,3,1,0,0,0,664,3,M_FSREGISTRY_FINDOBJECT_780CC443,3,0,0,0,0,0,5,6,False
optimized-release,0,0,9,18,0,0,19,665,24,M_FSREGISTRY_FROMHEADER_DCD07C60,24,0,0,11,0,0,33,53,False
optimized-release,0,4,4,3,0,0,2,666,6,M_FSREGISTRY_STAMP_BE264D84,10,0,0,2,0,0,10,19,False
optimized-release,0,1,0,1,0,0,0,667,4,M_DOSWIRE_ISPOINTER_E1AC855F,1,0,0,2,0,0,4,5,False
optimized-release,0,3,6,3,0,0,3,668,5,M_FSLEASES_LINK_92921FD5,12,0,0,2,0,0,11,20,False
optimized-release,0,3,10,11,0,0,14,669,14,M_FSLEASES_UNLINK_039AB2C8,23,0,0,6,0,2,24,43,False
optimized-release,2,0,5,3,0,0,2,670,5,M_FSLEASES_OBJECTENTRY_FCD8C666,5,0,0,3,0,0,10,13,False
optimized-release,0,0,10,3,0,0,3,671,19,M_FSLEASES_SAME_B25DFB61,22,0,0,8,0,0,26,33,False
optimized-release,2,5,7,24,0,0,34,672,44,M_FSLEASES_BUSY_31143750,27,0,3,17,4,22,54,75,False
optimized-release,4,4,3,11,0,0,14,673,24,M_FSLEASES_LIVE_C7D42DE5,15,0,1,9,2,2,28,43,False
optimized-release,0,0,2,3,0,0,2,674,5,M_FSLEASES_WRITABLE_932CF683,6,0,0,2,0,0,7,11,False
optimized-release,0,1,2,3,0,0,3,675,3,M_FSFILES_ALLOCATE_3EE5B3A2,4,0,0,2,0,0,5,10,False
optimized-release,0,1,3,3,0,0,2,676,3,M_FSFILES_CREATE_5EA85CDB,6,0,0,2,0,0,6,12,False
optimized-release,0,3,6,6,0,0,6,677,7,M_FSFILES_RETAIN_1627AB28,13,0,1,4,0,0,14,26,False
optimized-release,1,3,6,5,0,0,6,678,7,M_FSFILES_DROPSHARED_A840009F,15,0,2,3,0,0,15,27,False
optimized-release,0,4,7,7,0,0,8,679,8,M_FSFILES_RELEASE_91585E60,15,0,2,6,0,0,17,32,False
optimized-release,0,0,2,1,0,0,0,680,2,M_FSLOCKS_TRAILER_B3BA463B,1,0,0,3,0,0,4,5,False
optimized-release,0,0,2,1,0,0,0,681,2,M_FSLOCKS_TEXT_C72F70F3,1,0,0,3,0,0,4,5,False
optimized-release,0,1,1,1,0,0,0,682,3,M_FSLOCKS_ALLOCATION_5B5A6C20,2,0,2,3,0,0,6,7,False
optimized-release,5,5,6,4,0,0,4,683,13,M_FSLOCKS_ROOT_D04E0C54,9,0,0,3,0,2,19,26,False
optimized-release,2,2,7,3,0,0,2,684,9,M_FSLOCKS_ADD_DEA4C903,15,0,1,2,0,0,17,24,False
optimized-release,6,10,10,25,0,0,28,685,40,M_FSLOCKS_APPEND_3EC68462,18,0,0,14,1,4,50,73,False
optimized-release,0,2,3,3,0,0,2,686,7,M_FSLOCKS_ALLOCATE_39B5BEE3,8,0,2,5,0,0,12,18,False
optimized-release,1,4,6,7,0,0,8,687,11,M_FSLOCKS_CREATE_34BC7CB2,10,0,0,4,0,2,17,26,False
optimized-release,0,2,1,1,0,0,0,688,4,M_FSLOCKS_FREE_701F260A,2,0,0,2,0,0,5,7,False
optimized-release,0,5,8,6,0,0,7,689,3,M_FSOBJECTS_FREE_154D29BE,6,0,0,5,0,0,11,22,False
optimized-release,0,0,7,10,0,0,11,690,13,M_FSACTIVE_CURRENTSCOPE_BF6A95BD,14,0,0,7,0,0,20,31,False
optimized-release,0,9,14,21,0,0,29,691,34,M_BLOCKWIRE_EXCHANGE_9F443072,29,0,4,20,4,4,51,79,False
optimized-release,0,1,3,1,0,0,0,692,1,M_BLOCKWIRE_TRANSFER_0A2F17CC,3,0,0,0,0,0,4,5,False
optimized-release,0,1,3,1,0,0,0,693,1,M_BLOCKWIRE_TRANSFERCOMMITTED_FEB13FCA,3,0,0,0,0,0,4,5,False
optimized-release,0,3,2,1,0,0,0,694,8,M_SDFS_WORD_9040534F,4,0,1,4,0,0,11,12,False
optimized-release,0,3,3,1,0,0,0,695,9,M_SDFS_LENGTH_0EB65DB7,4,0,0,4,0,0,11,12,False
optimized-release,0,0,1,1,0,0,0,696,2,M_SDFS_GETSTATE_E428DC88,2,0,0,1,0,0,3,4,False
optimized-release,0,1,1,1,0,0,0,697,4,M_SDFS_CREATEWORK_894591E8,4,0,0,1,0,0,5,7,False
optimized-release,0,1,3,3,0,0,3,698,3,M_SDFS_DESTROYWORK_D1F8FE6A,6,0,0,1,0,0,6,11,False
optimized-release,0,1,1,1,0,0,0,699,4,M_SDFS_CREATEVOLUME_B12DE8AD,4,0,0,1,0,0,5,7,False
optimized-release,0,1,3,3,0,0,3,700,3,M_SDFS_DESTROYVOLUME_8A02EFB7,6,0,0,1,0,0,6,11,False
optimized-release,0,1,3,1,0,0,0,701,1,M_SDFS_INVALIDATE_8CE6E30A,7,0,0,0,0,0,4,9,False
optimized-release,0,0,4,7,0,0,8,702,13,M_SDFS_ALLOWED_D687D449,14,0,2,6,0,0,19,27,False
optimized-release,0,1,5,1,0,0,0,703,1,M_SDFS_BEGINMOUNT_68830325,10,0,0,0,0,0,6,12,False
optimized-release,0,20,28,31,0,0,43,704,74,M_SDFS_HEADER_D37EFF70,75,0,16,35,0,0,117,161,False
optimized-release,0,1,5,3,0,0,2,705,8,M_SDFS_MOUNTBUFFERED_7F8C68E7,13,0,0,2,0,0,13,19,False
optimized-release,1,1,1,1,0,0,0,706,3,M_SDFS_MAP_D6A7DDA3,1,0,0,1,0,0,4,5,False
optimized-release,0,1,7,1,0,0,0,707,2,M_SDFS_RESTART_887C29F6,15,0,0,0,0,0,9,17,False
optimized-release,0,1,6,1,0,0,0,708,17,M_SDFS_CACHED_B7AA1E89,16,0,0,7,0,0,23,25,False
optimized-release,1,3,6,5,0,0,6,709,20,M_SDFS_CACHE_55DBD7B1,23,0,1,5,0,2,27,37,False
optimized-release,1,2,6,13,0,0,17,710,19,M_SDFS_SECTORALLOWED_D0C4D1BB,13,0,2,9,1,2,26,38,False
optimized-release,3,8,12,25,0,0,35,711,45,M_SDFS_VALIDATEMAP_D7214A91,30,0,0,18,0,2,57,84,False
optimized-release,0,1,9,3,0,0,2,712,12,M_SDFS_ADVANCE_66AE3A9F,23,0,0,4,0,0,21,31,False
optimized-release,0,1,2,1,0,0,0,713,4,M_MYDOS_CREATEVOLUME_8FA50CD3,6,0,0,1,0,0,6,9,False
optimized-release,0,1,3,3,0,0,3,714,3,M_MYDOS_DESTROYVOLUME_8DF1D5D5,6,0,0,1,0,0,6,11,False
optimized-release,0,0,6,8,0,0,10,715,16,M_MYDOS_DATASECTOR_95277D3B,13,0,0,7,0,0,19,28,False
optimized-release,0,2,6,7,0,0,8,716,18,M_MYDOS_VALIDDIRECTORY_1CF8F62E,15,0,3,11,0,0,26,35,False
optimized-release,0,4,15,13,0,0,15,717,37,M_MYDOS_EXTENT_5BCD29B5,38,0,0,15,0,0,48,70,False
optimized-release,0,8,10,7,0,0,8,718,29,M_MYDOS_HEADER_A95A323A,25,0,4,15,0,0,42,55,False
optimized-release,0,0,6,3,0,0,2,719,5,M_MYDOS_BEGINMOUNT_AA58F6DF,15,0,0,1,0,0,11,19,False
optimized-release,0,1,5,3,0,0,2,720,8,M_MYDOS_MOUNTBUFFERED_114678B9,13,0,0,2,0,0,13,19,False
optimized-release,1,11,18,4,0,0,4,721,24,M_MYDOS_DECODE_69B6DF25,30,0,4,14,1,2,46,60,False
optimized-release,1,3,8,12,0,0,14,722,17,M_MYDOS_LIVE_1E4E1377,19,0,3,9,0,0,28,44,False
optimized-release,2,5,13,11,0,0,10,723,27,M_MYDOS_BUFFEREDENTRY_DC465C80,28,0,1,11,0,0,41,57,False
optimized-release,0,2,12,8,0,0,8,724,15,M_MYDOS_BEGINENTRY_95F170F4,26,0,3,6,0,0,27,42,False
optimized-release,2,2,14,12,0,0,14,725,25,M_MYDOS_DESCEND_C497F8DD,30,0,2,13,1,2,40,59,False
optimized-release,1,1,11,4,0,0,4,726,4,M_MYDOS_ROOTENTRY_E3F00029,21,0,0,2,1,2,15,29,False
optimized-release,0,2,4,5,0,0,4,727,4,M_MYDOS_STARTRESOLVE_24B3B079,5,0,0,2,0,0,8,14,False
optimized-release,0,1,5,3,0,0,2,728,3,M_MYDOS_RESOLVECOMPONENT_8F2130C4,10,0,0,1,0,0,8,15,False
optimized-release,0,6,12,21,0,0,23,729,25,M_MYDOS_RESOLVESTEP_4ADA26D9,22,0,2,14,0,0,39,63,False
optimized-release,6,7,13,26,0,0,32,730,45,M_MYDOS_VALIDATEBASE_0A85139C,22,0,0,22,1,4,57,83,False
optimized-release,1,1,1,1,0,0,0,731,3,M_MYDOSFILE_CHAIN_94A5D226,1,0,0,1,0,0,4,5,False
optimized-release,0,1,11,1,0,0,0,732,2,M_MYDOSFILE_RESTART_75C66A72,23,0,0,0,0,0,13,25,False
optimized-release,4,5,24,18,0,0,24,733,29,M_MYDOSFILE_OPEN_0FD3469F,43,0,1,12,1,4,54,82,False
optimized-release,1,2,3,10,0,0,12,734,15,M_MYDOSFILE_SECTORALLOWED_E72DFCC7,6,0,1,9,1,2,19,28,False
optimized-release,0,2,13,9,0,0,8,735,21,M_MYDOSFILE_VISIT_2F7F40D0,32,0,0,7,0,0,34,50,False
optimized-release,0,6,11,7,0,0,7,736,33,M_MYDOSFILE_TRAILER_58DD2DFC,35,1,4,15,0,0,49,63,False
optimized-release,0,1,11,9,0,0,8,737,20,M_MYDOSFILE_LINK_86A70D17,23,0,0,10,0,0,31,43,False
optimized-release,0,6,17,13,0,0,17,738,22,M_MYDOSFILE_VALIDATE_CCD11D35,29,0,0,8,0,0,39,56,False
optimized-release,0,1,8,1,0,0,0,739,6,M_MYDOSFILE_FAIL_8A60C23B,18,0,0,0,0,0,13,20,False
optimized-release,0,1,13,4,0,0,5,740,14,M_MYDOSFILE_CANCEL_40161F05,31,0,0,3,0,0,27,39,False
optimized-release,0,1,4,1,0,0,0,741,6,M_MYDOSFILE_ADVANCE_71346BED,12,0,0,2,0,0,10,16,False
optimized-release,0,1,3,1,0,0,0,742,4,M_MYDOSFILE_NEEDSECTOR_4EE2E2C1,8,0,0,0,0,0,7,10,False
optimized-release,0,10,20,14,0,0,15,743,33,M_MYDOSFILE_BEGINREAD_56DCAA56,38,0,0,9,0,0,53,71,False
optimized-release,0,7,16,12,0,0,13,744,28,M_MYDOSFILE_TARGET_3D0FAE04,31,0,0,8,0,0,43,58,False
optimized-release,0,7,10,10,0,0,9,745,16,M_MYDOSFILE_BEGINSEEK_007E9A86,18,0,0,4,0,0,26,39,False
optimized-release,0,5,13,7,0,0,6,746,21,M_MYDOSFILE_LOCATE_F172D4F1,26,0,0,7,0,0,33,45,False
optimized-release,2,3,8,5,0,0,6,747,21,M_MYDOSFILE_COPY_B45932A2,22,0,0,6,0,2,29,38,False
optimized-release,0,5,14,8,0,0,10,748,29,M_MYDOSFILE_CONSUME_CDF927EF,35,0,2,12,0,0,44,60,False
optimized-release,0,8,12,11,0,0,11,749,23,M_MYDOSFILE_CONTINUEOPERATION_DDF4199B,26,0,1,5,0,0,36,50,False
optimized-release,2,5,16,13,0,0,15,750,14,M_MYDOSFILE_MEASURE_660762A9,27,0,3,7,0,0,33,54,False
optimized-release,4,5,25,18,0,0,22,751,27,M_SDFSFILE_OPEN_2046DF25,42,0,1,12,1,2,53,81,False
optimized-release,0,2,8,1,0,0,0,752,6,M_SDFSFILE_FAIL_23FC14B5,17,0,0,0,0,0,13,20,False
optimized-release,0,1,7,4,0,0,4,753,10,M_SDFSFILE_CANCEL_B60AB817,15,0,0,3,0,0,17,23,False
optimized-release,0,5,14,11,0,0,13,754,25,M_SDFSFILE_BEGINSEEK_80AE6CDC,31,0,0,7,0,0,38,54,False
optimized-release,0,6,18,14,0,0,16,755,33,M_SDFSFILE_BEGINREAD_A4D537D8,37,0,0,11,0,0,51,68,False
optimized-release,1,4,14,12,0,0,15,756,47,M_SDFSFILE_CONSUME_19CF3939,40,0,1,22,0,4,62,79,False
optimized-release,1,16,34,21,0,0,23,757,71,M_SDFSFILE_DRIVE_59FB4F1B,83,0,3,19,0,0,107,140,False
optimized-release,0,5,10,7,0,0,6,758,14,M_SDFSFILE_CONTINUEOPERATION_077FC395,18,0,0,3,0,0,24,33,False
optimized-release,5,14,41,31,0,0,36,759,75,M_SDFSFILE_MEASURE_B257955B,85,0,4,32,1,4,120,167,False
optimized-release,0,0,0,1,0,0,0,760,1,M_SDFSDATE_LEAP_5FE3C9CD,1,0,2,2,0,0,3,4,False
optimized-release,0,1,0,8,0,0,10,761,7,M_SDFSDATE_MONTHDAYS_18463582,6,0,7,7,0,0,14,22,False
optimized-release,0,15,13,21,0,0,31,762,57,M_SDFSDATE_DECODE_E4AFE2B3,25,0,2,34,8,10,72,95,False
optimized-release,0,1,3,1,0,0,0,763,1,M_SDFSDIR_ERROR_F11B3DDA,4,0,0,0,0,0,3,6,False
optimized-release,4,4,9,5,1,0,6,764,11,M_SDFSDIR_SEED_AE4E45A1,23,0,1,3,1,2,22,39,False
optimized-release,1,6,26,14,0,0,16,765,32,M_SDFSDIR_BEGINENTRY_4CCF1AF9,51,0,1,9,0,0,55,81,False
optimized-release,2,5,10,9,0,0,10,766,22,M_SDFSDIR_VALIDATEPARENT_CC71085A,26,0,1,5,0,0,33,47,False
optimized-release,4,7,12,6,0,0,6,767,20,M_SDFSDIR_HEADER_A6C13D37,25,0,0,3,0,0,31,45,False
optimized-release,9,15,24,27,0,0,32,768,52,M_SDFSDIR_DECODE_445A4286,57,0,11,22,1,2,87,130,False
optimized-release,2,7,14,15,0,0,14,769,24,M_SDFSDIR_BUFFEREDENTRY_374F4FF7,26,0,1,8,0,0,38,58,False
optimized-release,0,3,10,7,0,0,8,770,16,M_SDFSDIR_BEGINHEADER_0CDE2CA0,23,0,1,4,0,0,26,37,False
optimized-release,0,7,28,15,0,0,17,771,26,M_SDFSDIR_MEASURE_2E677570,52,0,4,8,0,0,57,82,False
optimized-release,3,3,17,13,0,0,14,772,23,M_SDFSNAME_DESCEND_5D259778,33,0,2,9,1,2,42,61,False
optimized-release,6,7,16,22,0,0,27,773,40,M_SDFSNAME_VALIDATEBASE_03C615D3,27,0,0,14,1,4,56,76,False
optimized-release,1,2,14,8,0,0,8,774,10,M_SDFSNAME_STARTRESOLVE_EBBD5226,27,0,0,4,1,2,24,42,False
optimized-release,0,4,7,5,0,0,4,775,7,M_SDFSNAME_RESOLVECOMPONENT_CCDFB63B,14,0,1,2,0,0,15,25,False
optimized-release,0,1,7,9,0,0,9,776,10,M_SDFSNAME_DONE_34A5B326,13,0,1,5,0,0,18,28,False
optimized-release,0,4,5,5,0,0,4,777,8,M_SDFSNAME_CHOOSE_8F0B0401,8,0,1,3,0,0,14,20,False
optimized-release,0,7,11,13,0,0,15,778,18,M_SDFSNAME_RESOLVESTEP_B2924B88,26,0,6,8,0,0,35,54,False
optimized-release,0,0,0,1,0,0,0,779,3,M_FSBACKEND_AVAILABLE_56F19E57,2,0,2,3,0,0,5,6,False
optimized-release,0,3,4,5,0,0,4,780,7,M_FSBACKEND_CREATEVOLUME_26C12EFC,6,0,0,2,0,0,11,16,False
optimized-release,0,2,4,6,0,0,6,781,3,M_FSBACKEND_DESTROYVOLUME_B6078DE8,5,0,0,2,0,0,7,15,False
optimized-release,0,1,2,3,0,0,2,783,1,M_FSBACKEND_DESTROYWORK_CA11D009,2,0,0,1,0,0,3,7,False
optimized-release,0,1,3,5,0,0,5,784,3,M_FSBACKEND_INVALIDATE_9F423887,4,0,0,2,0,0,6,12,False
optimized-release,0,0,1,3,0,0,2,785,2,M_FSBACKEND_ENUMLIMIT_D60FC50E,2,0,0,1,0,0,3,6,False
optimized-release,0,2,3,3,0,0,2,786,5,M_FSBACKEND_BEGINMOUNT_3F96891C,5,0,0,1,0,0,8,11,False
optimized-release,0,2,3,3,0,0,2,787,5,M_FSBACKEND_MOUNTBUFFERED_E1BCDBDC,5,0,0,1,0,0,8,11,False
optimized-release,0,2,3,3,0,0,2,788,5,M_FSBACKEND_BUFFEREDENTRY_A53297ED,5,0,0,1,0,0,8,11,False
optimized-release,0,2,3,3,0,0,2,789,5,M_FSBACKEND_RESOLVECOMPONENT_25BBEDCF,5,0,0,1,0,0,8,11,False
optimized-release,0,2,3,3,0,0,2,790,5,M_FSBACKEND_RESOLVESTEP_71F5161C,5,0,0,1,0,0,8,11,False
optimized-release,0,2,3,3,0,0,2,791,5,M_FSBACKEND_DESCEND_696B876C,5,0,0,1,0,0,8,11,False
optimized-release,0,2,3,3,0,0,2,792,6,M_FSBACKEND_BEGINREAD_9B747D7D,6,0,0,1,0,0,9,12,False
optimized-release,0,2,3,3,0,0,2,793,6,M_FSBACKEND_BEGINSEEK_65568135,6,0,0,1,0,0,9,12,False
optimized-release,0,2,3,3,0,0,2,794,6,M_FSBACKEND_CONTINUEOPERATION_B2B07804,6,0,0,1,0,0,9,12,False
optimized-release,0,2,3,3,0,0,2,795,6,M_FSBACKEND_CANCEL_CF93E684,6,0,0,1,0,0,9,12,False
optimized-release,0,2,5,3,0,0,2,796,9,M_FSBACKEND_BEGINENTRY_D3F74E4F,9,0,0,1,0,0,12,15,False
optimized-release,0,2,5,3,0,0,2,797,5,M_FSBACKEND_STARTRESOLVE_75FDEFE2,7,0,0,1,0,0,10,13,False
optimized-release,0,2,5,3,0,0,2,798,5,M_FSBACKEND_OPEN_70C2A6B2,7,0,0,1,0,0,10,13,False
optimized-release,0,2,5,3,0,0,2,799,8,M_FSBACKEND_FAIL_FA955312,8,0,0,1,0,0,11,14,False
optimized-release,0,2,7,3,0,0,2,800,7,M_FSBACKEND_MEASURE_AD470D66,9,0,0,1,0,0,12,15,False
optimized-release,0,2,5,3,0,0,2,801,5,M_FSBACKEND_VALIDATEBASE_C7106A97,7,0,0,1,0,0,10,13,False
optimized-release,0,2,8,3,0,0,3,802,17,M_FSIO_BEGIN_68AD59C5,27,0,2,3,0,0,27,35,False
optimized-release,0,4,11,7,0,0,7,803,21,M_FSIO_COMPLETE_3A967BA3,29,0,0,4,0,0,32,44,False
optimized-release,1,2,4,9,0,0,12,804,14,M_FSIO_OFFLINE_B7567A31,12,0,0,6,1,2,18,30,False
optimized-release,0,0,1,1,0,0,0,805,2,M_FSWRITEIO_STATE_A0FFD18A,2,0,0,1,0,0,3,4,False
optimized-release,0,2,9,3,0,0,2,806,10,M_FSWRITEIO_ERROR_9F481FB3,20,0,0,1,0,0,17,26,False
optimized-release,0,5,3,4,0,0,4,807,7,M_FSWRITEIO_CHECKPOINT_86192BF5,4,0,0,2,0,0,10,15,False
optimized-release,0,4,13,7,0,0,8,808,16,M_FSWRITEIO_FAILED_0CF5DEA4,28,0,0,3,0,0,26,42,False
optimized-release,0,13,16,12,0,0,13,809,43,M_FSWRITEIO_READ_66641E67,42,0,4,11,0,0,61,78,False
optimized-release,0,9,16,7,0,0,6,810,28,M_FSWRITEIO_WRITE_4F85FADC,33,0,2,6,0,0,43,55,False
optimized-release,0,1,1,4,0,0,4,811,3,M_FSWRITEIO_ZERO_F685105B,1,0,0,2,0,2,4,8,False
optimized-release,0,3,2,1,0,0,0,812,8,M_FSWRITEIO_WORD_326DCDF9,6,0,0,3,0,0,10,13,False
optimized-release,0,3,2,1,0,0,0,813,8,M_FSWRITEIO_LENGTH_F339C741,6,0,0,3,0,0,10,13,False
optimized-release,1,4,23,1,0,0,0,814,9,M_FSPACKET_REPLY_F0943484,48,1,0,2,0,0,33,56,False
optimized-release,0,2,6,6,0,0,8,815,13,M_FSPACKET_ERROR_61E70414,17,0,0,3,0,0,19,28,False
optimized-release,2,5,19,13,2,0,20,816,44,M_FSPACKET_IDENTITY_6B3677B2,49,0,0,16,0,0,65,85,False
optimized-release,1,3,16,5,0,0,6,817,22,M_FSPACKET_PUBLISHOPENSTEP_55EACFB5,37,0,0,8,0,0,38,54,False
optimized-release,1,5,10,5,0,0,6,818,9,M_FSPACKET_CLOSE_01E28282,19,1,0,2,0,0,20,32,False
optimized-release,1,3,6,3,0,0,2,819,6,M_FSPORTS_CREATE_D9675AD2,13,0,1,2,0,0,13,22,False
optimized-release,0,1,3,3,0,0,3,820,1,M_FSPORTS_DELETE_FC342961,2,0,0,2,0,0,4,8,False
optimized-release,4,15,13,31,0,0,40,821,56,M_FSINIT_CONFIG_A7C873FA,37,0,0,21,1,4,69,108,False
optimized-release,0,6,8,15,0,0,17,822,33,M_FSINIT_WORKSPACE_ED5E2107,24,0,0,13,2,6,41,58,False
optimized-release,0,6,7,5,0,0,4,823,22,M_FSINIT_ARRIVAL_302FF83F,25,0,0,6,0,0,29,42,False
optimized-release,3,8,25,7,0,0,6,824,27,M_FSINIT_ALLOCATEMOUNT_EF481898,44,0,0,10,0,0,52,72,False
optimized-release,0,2,21,3,0,0,2,825,19,M_FSINIT_ALLOCATEBLOCK_5C0916F0,45,1,0,6,0,0,41,56,False
optimized-release,1,2,7,5,0,0,6,826,10,M_FSINIT_PUBLISH_12D6516B,16,0,0,4,1,2,17,28,False
optimized-release,0,4,6,8,0,0,8,827,12,M_FSINIT_FIRST_60F42DBA,14,0,0,5,0,0,18,31,False
optimized-release,0,3,4,4,0,0,4,828,7,M_FSINIT_MOUNTSTEP_D16E7745,8,0,0,3,0,0,11,18,False
optimized-release,0,3,8,5,0,0,4,829,16,M_FSINIT_OPENEDSTEP_3B4623A1,25,0,1,3,0,0,25,36,False
optimized-release,0,7,16,9,0,0,8,830,24,M_FSINIT_MOUNTEDSTEP_D00F6B02,40,0,1,6,0,0,41,62,False
optimized-release,2,4,7,3,0,0,2,831,10,M_FSINIT_FAILED_4FB7E0CF,12,0,0,1,0,0,16,22,False
optimized-release,1,10,13,13,0,0,17,832,20,M_FSINIT_DESTROYMOUNT_00D5D10B,22,0,0,8,0,0,33,54,False
optimized-release,1,13,15,18,0,0,25,833,30,M_FSINIT_CLEANUP_26675F9E,31,0,0,11,1,2,45,74,False
optimized-release,3,5,9,20,0,0,24,834,40,M_FSALLOC_ALLOWED_1FF175A3,24,0,3,18,1,4,51,70,False
optimized-release,1,8,11,7,0,0,8,835,39,M_FSALLOC_BITMAP_55D4E3AC,41,0,8,16,0,0,57,73,False
optimized-release,1,4,6,5,0,0,4,836,10,M_FSALLOC_ALLOCATED_A8A57AF0,9,0,1,3,0,0,16,22,False
optimized-release,4,11,14,38,0,0,49,837,69,M_FSALLOC_FIND_C860CAEC,53,0,10,32,8,10,91,138,False
optimized-release,11,15,32,22,0,0,26,838,60,M_FSALLOC_CHANGE_B0E87AF9,67,0,9,18,0,0,98,133,False
optimized-release,1,4,10,7,0,0,7,839,17,M_FSALLOC_TAKE_9AD436E4,26,0,5,5,0,0,31,43,False
optimized-release,0,1,4,3,0,0,3,840,9,M_FSALLOC_FREE_BE46C827,12,0,1,1,0,0,13,17,False
optimized-release,3,5,10,10,0,0,12,841,26,M_FSALLOC_COUNTROOM_E5C7D397,25,0,2,10,0,0,36,53,False
optimized-release,0,1,1,1,0,0,0,842,1,M_MYDOSWRITE_BAD_ECEFF42B,1,0,0,0,0,0,2,3,False
optimized-release,0,0,1,3,0,0,2,843,3,M_MYDOSWRITE_LIMIT_E01793D7,2,0,0,2,0,0,4,7,False
optimized-release,6,19,28,26,0,0,34,844,77,M_MYDOSWRITE_READPAYLOAD_AC32DCA4,58,0,10,36,1,2,114,145,False
optimized-release,5,9,14,3,0,0,3,845,26,M_MYDOSWRITE_TRAILER_BFA640A1,22,0,0,10,0,0,40,49,False
optimized-release,6,9,12,5,0,0,4,846,26,M_MYDOSWRITE_ENTRYIO_ACBE3032,23,0,2,7,0,0,40,50,False
optimized-release,1,5,12,11,0,0,12,847,27,M_MYDOSWRITE_VALIDATE_B3BA3338,22,0,0,10,10,6,39,49,False
optimized-release,5,9,13,5,0,0,5,848,19,M_MYDOSWRITE_MARK_0E6D7B2D,18,0,1,6,0,0,33,43,False
optimized-release,3,6,3,12,0,0,14,849,24,M_MYDOSWRITE_SLOT_AA2228B6,6,0,0,10,0,6,27,37,False
optimized-release,13,17,12,23,0,0,28,850,55,M_MYDOSWRITE_CREATE_CDAAF016,37,0,3,19,1,8,68,109,False
optimized-release,14,22,41,39,0,0,48,851,95,M_MYDOSWRITE_WRITE_992B7BC3,78,0,5,40,6,8,138,193,False
optimized-release,0,4,8,10,0,0,10,852,15,M_MYDOSWRITE_RECLAIM_F1DD6F57,20,0,2,5,0,0,24,39,False
optimized-release,2,7,19,7,0,0,6,853,12,M_MYDOSWRITE_TRUNCATE_A6EAB42C,24,0,0,3,0,0,30,43,False
optimized-release,3,5,3,14,0,0,16,854,22,M_MYDOSWRITE_EMPTY_B06BE841,5,0,0,10,0,4,25,37,False
optimized-release,1,6,12,13,0,0,14,855,19,M_MYDOSWRITE_DELETE_256A83D3,17,0,1,9,0,2,32,46,False
optimized-release,1,5,7,6,0,0,6,856,10,M_MYDOSWRITE_RENAME_E308DCF0,8,0,0,4,1,2,17,24,False
optimized-release,0,1,1,1,0,0,0,857,1,M_SDFSWRITE_BAD_5E3D66D1,1,0,0,0,0,0,2,3,False
optimized-release,1,2,6,13,0,0,17,858,22,M_SDFSWRITE_VALIDSECTOR_67FAADEC,16,0,2,9,1,2,29,41,False
optimized-release,4,16,14,27,0,0,32,859,68,M_SDFSWRITE_LOCATE_55E19A5E,45,0,1,24,0,4,82,116,False
optimized-release,11,14,30,15,0,0,15,860,39,M_SDFSWRITE_GROW_073A6F69,50,0,2,7,0,0,67,97,False
optimized-release,6,14,6,21,0,0,24,861,51,M_SDFSWRITE_ROWIO_EF8D2430,19,0,2,21,0,4,59,81,False
optimized-release,0,2,3,1,0,0,0,862,8,M_SDFSWRITE_ENTRYIO_D3D74C00,6,0,0,2,0,0,10,11,False
optimized-release,5,21,27,45,0,0,55,863,80,M_SDFSWRITE_VALIDATE_3C808422,38,0,0,36,16,18,107,145,False
optimized-release,3,10,5,17,0,0,21,864,30,M_SDFSWRITE_SLOT_E3DFD014,14,0,2,13,4,2,37,57,False
optimized-release,0,6,11,9,0,0,11,865,29,M_SDFSWRITE_SPACE_ED9B8102,33,0,7,12,0,0,44,60,False
optimized-release,21,29,20,41,0,0,48,866,86,M_SDFSWRITE_CREATE_5E5E06BC,58,0,5,27,1,8,107,176,False
optimized-release,6,9,13,6,0,0,6,867,17,M_SDFSWRITE_MARK_BAD71DEB,17,0,1,4,0,0,31,42,False
optimized-release,7,15,39,23,0,0,26,868,64,M_SDFSWRITE_WRITE_40A16F7D,72,0,2,24,0,0,100,141,False
optimized-release,3,7,8,24,0,0,31,869,37,M_SDFSWRITE_RECLAIM_B35C64A9,21,0,2,15,6,6,46,70,False
optimized-release,3,6,16,9,0,0,8,870,13,M_SDFSWRITE_TRUNCATE_031B9696,20,0,0,4,0,0,29,42,False
optimized-release,3,9,8,14,0,0,16,871,24,M_SDFSWRITE_EMPTY_E038B2BB,10,0,1,9,4,2,31,45,False
optimized-release,1,5,8,5,0,0,4,872,8,M_SDFSWRITE_DELETE_04723F49,10,0,0,2,0,0,16,23,False
optimized-release,2,9,12,15,0,0,16,873,24,M_SDFSWRITE_RENAME_68E1123E,15,0,1,11,1,4,37,52,False
optimized-release,0,3,5,5,0,0,4,874,9,M_FSWRITE_ACCESS_0C7E9E15,9,0,0,2,0,0,14,19,False
optimized-release,0,3,7,6,0,0,6,875,8,M_FSWRITE_VALIDATE_5FCFD495,13,0,1,2,0,0,16,24,False
optimized-release,0,2,7,3,0,0,2,876,7,M_FSWRITE_MARK_8F6D7604,9,0,0,1,0,0,12,15,False
optimized-release,3,7,18,15,0,0,18,877,30,M_FSWRITE_NORMALIZE_5C686BA8,34,0,1,12,0,0,48,71,False
optimized-release,2,7,10,11,0,0,12,878,23,M_FSWRITE_CREATE_47C6C0B3,17,0,1,6,1,2,32,43,False
optimized-release,1,8,19,23,0,0,26,879,30,M_FSWRITE_OPEN_799F737F,30,0,1,13,0,0,50,75,False
optimized-release,2,4,31,16,0,0,22,880,51,M_FSWRITE_WRITESTEP_AD20D8EE,76,1,0,14,0,0,80,112,False
optimized-release,1,6,26,13,1,0,17,881,50,M_FSWRITE_BEGIN_06B2C6FE,63,0,1,17,0,0,77,100,False
optimized-release,1,1,10,10,0,0,10,882,22,M_FSWRITE_FINALIZE_1B960C91,26,0,0,5,0,0,32,43,False
optimized-release,1,13,16,30,0,0,35,883,45,M_FSWRITE_DELETE_68B67BAA,29,0,2,19,0,2,63,92,False
optimized-release,3,3,6,3,0,0,2,884,11,M_FSWRITE_RENAME_4C9B6B85,11,0,0,1,0,0,17,21,False
optimized-release,1,1,5,5,0,0,4,885,8,M_FSRELATIVE_VALIDATE_0372B7FC,9,0,1,3,0,0,14,19,False
optimized-release,5,7,14,9,0,0,12,886,26,M_FSRELATIVE_SEED_FD9BA1BB,27,0,0,6,1,4,40,54,False
optimized-release,3,3,9,8,0,0,10,887,16,M_FSRELATIVE_TRIM_C4B2DBD8,17,0,2,7,0,0,27,38,False
optimized-release,0,3,5,3,0,0,2,888,7,M_FSRELATIVE_ROOT_94E4441A,10,0,0,1,0,0,12,17,False
optimized-release,2,16,31,31,0,0,36,889,82,M_FSRELATIVE_BEGIN_CB9D8F8D,75,0,2,29,1,6,112,153,False
optimized-release,2,5,8,6,0,0,6,890,17,M_FSRELATIVE_PARENTDONE_9C191F46,17,0,0,3,0,0,25,33,False
optimized-release,0,3,5,5,0,0,4,891,14,M_FSRELATIVE_PARENTBEGIN_7E4CAA55,18,0,2,3,0,0,21,29,False
optimized-release,2,7,15,17,0,0,19,892,38,M_FSRELATIVE_PARENTRESULT_7CE6B959,44,0,6,12,0,0,59,82,False
optimized-release,0,2,4,3,0,0,2,893,8,M_FSNAMESPACE_DONE_F475AF73,12,0,1,2,0,0,13,19,False
optimized-release,9,20,34,23,0,0,24,894,70,M_FSNAMESPACE_RESOLVED_0E070C27,68,0,1,15,1,2,105,135,False
optimized-release,1,0,1,1,0,0,0,895,2,M_FSINFO_ENUMERATIONSTATE_A9C412AA,1,0,0,1,0,0,3,4,False
optimized-release,0,1,3,4,0,0,4,896,3,M_FSINFO_CLEAR_E168B3AB,3,0,0,3,0,2,6,11,False
optimized-release,12,12,15,20,0,0,26,897,38,M_FSINFO_NAME_B42C963D,14,0,0,14,2,12,53,72,False
optimized-release,0,0,19,7,0,0,9,898,12,M_FSINFO_FILL_CDFFBE8F,39,0,2,5,0,0,33,51,False
optimized-release,0,1,14,1,0,0,0,899,7,M_FSINFO_SAVE_B1E7031F,24,0,0,3,0,0,20,29,False
optimized-release,4,3,5,5,0,0,6,900,17,M_FSDIRECTORY_INITLOCKSTATE_606A2BB5,13,0,0,4,1,2,22,29,False
optimized-release,4,21,39,30,0,0,34,901,90,M_FSDIRECTORY_SELECT_4CD1EDE7,86,0,1,26,1,2,130,167,False
optimized-release,0,3,4,1,0,0,0,902,8,M_FSDIRECTORY_END_806A2136,8,0,0,2,0,0,12,14,False
optimized-release,0,3,6,5,0,0,4,903,14,M_FSDIRECTORY_ENTRYSTEP_D4EA4ABB,19,0,2,4,0,0,22,31,False
optimized-release,0,5,7,12,0,0,12,904,21,M_FSDIRECTORY_ENTRYRESULTSTEP_4C458A60,24,0,5,8,0,0,33,49,False
optimized-release,1,4,8,6,0,0,7,905,17,M_FSDIRECTORY_MEASUREENTRY_E6EE6D03,17,0,1,4,0,0,25,32,False
optimized-release,0,1,3,5,0,0,4,906,5,M_FSDIRECTORY_SIZERESULT_7E5452EF,10,0,3,2,0,0,11,18,False
optimized-release,1,3,5,3,0,0,2,907,12,M_FSDIRECTORY_SIZECONTINUESTEP_1EAFA525,12,0,0,2,0,0,16,21,False
optimized-release,2,5,11,1,0,0,0,908,17,M_FSDIRECTORY_PUBLISHSTEP_CC8DC0F6,23,0,0,6,0,0,28,37,False
optimized-release,4,26,50,43,0,0,56,909,107,M_FSHANDLER_OPENRESULTSTEP_0C25E5DB,98,0,1,35,0,0,147,206,False
optimized-release,0,1,3,1,0,0,0,910,1,M_FSHANDLER_BEGINRESOLVE_DD06EE7B,5,0,0,0,0,0,4,7,False
optimized-release,0,6,9,6,0,0,6,911,23,M_FSHANDLER_OPEN_99490956,21,0,0,8,0,0,32,41,False
optimized-release,0,3,6,4,0,0,4,912,14,M_FSHANDLER_LOCK_913FD727,14,0,0,4,0,0,20,25,False
optimized-release,0,2,3,3,0,0,2,913,9,M_FSHANDLER_RESOLVEREADYSTEP_BDBFDED1,9,0,0,2,0,0,12,16,False
optimized-release,0,1,10,6,0,0,7,914,14,M_FSHANDLER_OPERATIONRESULT_4184CBFA,29,0,3,3,0,0,27,39,False
optimized-release,3,17,40,24,1,0,27,915,82,M_FSHANDLER_FILE_3A9A315C,98,0,0,18,1,2,122,160,False
optimized-release,0,14,30,38,0,0,53,916,73,M_FSHANDLER_DISPATCHSTEP_D149BF3A,66,0,0,28,0,0,97,146,False
optimized-release,1,7,4,11,0,0,14,917,25,M_FSHANDLER_TAKESTEP_E4E18A11,24,0,1,12,1,2,30,55,False
optimized-release,0,2,2,3,0,0,2,918,6,M_FSHANDLER_COMPONENTSTEP_389CA8B9,8,0,1,2,0,0,9,15,False
optimized-release,2,5,20,14,0,0,19,919,40,M_FSHANDLER_RESOLVEFAILURE_E91D28D8,47,0,0,9,1,2,56,77,False
optimized-release,0,5,7,15,0,0,17,920,21,M_FSHANDLER_RESOLVESTEP_D6E79D38,24,0,6,9,0,0,34,53,False
optimized-release,0,3,5,4,0,0,4,921,12,M_FSHANDLER_FILESTEP_A93D50C2,14,0,0,2,0,0,16,23,False
optimized-release,0,5,35,32,0,0,49,922,71,M_FSABORT_CHECKPOINT_5DD0EDAE,79,0,0,23,0,0,98,139,False
optimized-release,2,4,5,12,0,0,17,923,17,M_FSWORKER_DRAINED_7E6EAAA5,13,0,1,8,1,2,23,39,False
optimized-release,0,25,2,37,0,0,52,924,56,M_FSWORKER_WORKER_2BB473B0,44,1,9,24,0,0,66,130,False
optimized-release,0,2,9,4,0,0,4,925,2,M_FSWORKER_FINISH_EC2E5E2B,15,0,1,2,0,0,12,23,False
optimized-release,0,1,5,1,0,0,0,926,6,M_FSMOUNT_DISPATCH_FD59F08F,16,0,0,1,0,0,11,19,False
optimized-release,1,6,13,6,0,0,6,927,18,M_FSMOUNT_SELECTSTEP_8E807607,30,0,0,6,0,0,31,49,False
optimized-release,0,3,10,8,0,0,8,928,12,M_FSMOUNT_COMMANDSTEP_B1883B1A,18,0,0,5,0,0,21,34,False
optimized-release,1,5,7,8,0,0,8,929,13,M_FSMOUNT_REMOVESTEP_BBB2975B,19,0,1,4,0,0,21,37,False
optimized-release,0,2,2,1,0,0,0,930,4,M_FSMOUNT_DESTROYSTEP_4CF540E7,7,0,0,1,0,0,6,11,False
optimized-release,0,1,7,3,0,0,2,931,3,M_FSMUX_CONTROL_16FCB25F,12,0,0,2,0,0,10,18,False
optimized-release,0,3,6,9,0,0,9,932,10,M_FSMUX_TAKE_F08F7501,15,0,2,5,0,0,18,32,False
optimized-release,0,3,13,5,0,0,4,933,6,M_FSBOOT_BEGINSERVICE_BC5D2672,21,0,0,6,0,0,19,35,False
optimized-release,0,5,0,18,0,0,25,934,24,M_FSBOOT_ENSURE_06ED6F00,15,0,1,12,0,0,25,50,False
optimized-release,3,11,2,24,0,0,32,935,35,M_FSBOOT_STOP_AD5246E2,22,0,2,16,1,2,38,76,False
optimized-release,3,5,2,15,0,0,20,936,24,M_DOSCALLS_ASSIGNINDEX_01EA43CB,7,0,1,12,1,4,27,42,False
optimized-release,3,20,21,41,0,0,52,937,73,M_DOSCALLS_EXPAND_EA5329A2,61,0,15,43,0,8,107,168,False
optimized-release,0,0,7,1,0,0,0,938,3,M_DOSCALLS_ARGUMENTS_D4B63738,15,0,0,2,0,0,10,18,False
optimized-release,0,0,6,4,0,0,4,939,11,M_DOSCALLS_NAMEARGUMENTS_4FEB00BB,14,0,0,7,0,0,16,25,False
optimized-release,1,9,28,23,0,0,29,940,46,M_DOSCALLS_ACQUIRE_C423433E,56,0,4,23,0,0,71,112,False
optimized-release,0,3,3,9,0,0,10,941,15,M_DOSCALLS_CONFIGURED_B6EDEF76,7,0,0,7,1,2,17,26,False
optimized-release,2,9,11,19,0,0,21,942,23,M_DOSCALLS_DESTINATION_E6EBC832,23,0,8,13,0,0,40,66,False
optimized-release,1,14,13,22,0,0,24,944,40,M_DOSCALLS_OPEN_390423B6,34,0,5,12,0,0,52,83,False
optimized-release,1,8,5,9,0,0,8,945,21,M_DOSCALLS_LOCK_DE185F87,19,0,1,4,0,0,25,41,False
optimized-release,0,0,2,4,0,0,4,946,1,M_DOSCALLS_BADOBJECT_51D88018,5,0,1,1,0,0,4,10,False
optimized-release,0,2,11,9,0,0,13,947,14,M_DOSCALLS_OBJECT_E89E37D3,17,0,0,6,0,0,23,34,False
optimized-release,0,5,9,5,0,0,4,948,11,M_DOSCALLS_FILE_E8D1DABC,16,0,0,4,0,0,20,30,False
optimized-release,0,13,42,20,0,0,20,949,40,M_DOSCALLS_READ_BEE8BE36,56,1,0,18,0,0,76,107,False
optimized-release,0,16,42,25,0,0,26,950,45,M_DOSCALLS_WRITE_8E98A1A7,57,1,0,20,0,0,80,118,False
optimized-release,0,9,18,14,0,0,15,951,20,M_DOSCALLS_SEEK_17FC33E6,31,1,0,8,0,0,37,62,False
optimized-release,0,11,30,17,0,0,17,952,26,M_DOSCALLS_CLOSE_97169B3A,43,1,0,11,0,0,55,82,False
optimized-release,0,7,12,11,0,0,10,953,12,M_DOSCALLS_UNLOCK_2871018C,20,1,0,5,0,0,25,43,False
optimized-release,0,6,11,7,0,0,6,954,14,M_DOSCALLS_INFORMATION_13F25DEC,22,1,0,5,0,0,25,40,False
optimized-release,0,1,2,5,0,0,4,955,7,M_DOSCALLS_SELECTED_604EA3D9,7,0,1,3,0,0,10,16,False
optimized-release,0,0,6,8,0,0,8,956,9,M_DOSCALLS_SELECTIONREADY_28C831A1,13,0,0,5,0,0,15,26,False
optimized-release,0,5,10,12,0,0,13,957,12,M_DOSCALLS_LIVESELECTION_2BE04852,13,0,0,7,0,0,22,37,False
optimized-release,0,3,12,12,0,0,14,958,10,M_DOSCALLS_SELECT_1EDDE386,24,2,1,6,0,0,25,45,False
optimized-release,0,2,14,11,0,0,10,959,13,M_DOSCALLS_DIRECTORY_C8028D6B,22,0,1,10,0,0,28,45,False
optimized-release,0,5,13,13,0,0,14,960,14,M_DOSCALLS_CURRENTDIR_1AA7335E,25,1,1,9,0,0,29,52,False
optimized-release,0,10,15,17,0,0,18,961,26,M_DOSCALLS_NAMEFROMLOCK_92457C4A,26,0,0,12,0,2,39,65,False
optimized-release,0,3,4,8,0,0,8,962,11,M_DOSCALLS_ISINTERACTIVE_18CACEEA,10,0,0,5,0,0,15,26,False
optimized-release,0,5,3,7,0,0,6,963,8,M_DOSCALLS_OPENCONSOLE_77C02991,7,0,0,3,0,0,11,22,False
optimized-release,0,4,8,9,0,0,8,964,15,M_DOSCALLS_SETCONSOLEHISTORY_3DCB4BFF,17,0,0,6,0,0,22,36,False
optimized-release,0,10,13,12,0,0,13,965,19,M_DOSCALLS_CONSOLEINFO_6FF559CD,23,0,0,9,4,2,31,54,False
optimized-release,0,7,16,14,0,0,15,970,18,M_DOSCALLS_FLUSH_D2ADBAEC,29,1,0,8,0,0,35,58,False
optimized-release,1,6,5,7,0,0,6,971,19,M_DOSCALLS_CREATEDIR_E8A266C7,20,0,1,3,0,0,24,37,False
optimized-release,0,4,10,10,0,0,11,972,14,M_DOSCALLS_PATHMOUNT_48952362,21,0,2,5,0,0,24,40,False
optimized-release,4,21,34,31,0,0,37,973,73,M_DOSCALLS_NAMESPACE_643E89B3,87,0,8,28,0,0,111,171,False
optimized-release,0,1,1,1,0,0,0,974,1,M_DOSCALLS_DELETEFILE_59D38A29,1,0,0,0,0,0,2,3,False
optimized-release,0,1,2,1,0,0,0,975,1,M_DOSCALLS_RENAME_EEAD93B4,2,0,0,0,0,0,3,4,False
optimized-release,9,35,40,54,0,0,72,976,89,M_DOSCALLS_ASSIGNPATH_80851264,76,0,2,44,1,8,128,218,False
optimized-release,1,9,8,16,0,0,20,977,21,M_DOSCALLS_GETASSIGN_704BF595,19,0,3,13,0,4,32,58,False
optimized-release,0,1,4,4,0,0,4,978,4,M_CSTRING_IMPL_STRLEN_EB4E5981,6,0,0,3,0,0,8,14,False
optimized-release,0,1,8,6,0,0,6,979,5,M_CSTRING_IMPL_STRNLEN_AC461397,9,0,0,5,0,0,13,21,False
optimized-release,0,2,3,8,0,0,8,980,8,M_CSTRING_IMPL_STRCMP_87478B58,7,0,0,4,0,0,11,21,False
optimized-release,0,2,5,10,0,0,10,981,9,M_CSTRING_IMPL_STRNCMP_6395B42E,9,0,0,5,0,0,14,26,False
optimized-release,1,0,0,6,0,0,6,982,9,M_CSTRING_IMPL_STRCHR_2037DF45,5,0,1,4,2,2,10,16,False
optimized-release,0,4,14,14,0,0,18,983,13,M_CSTRING_IMPL_STRLCPY_C7039D62,23,0,0,8,0,0,27,49,False
optimized-release,0,5,27,19,0,0,25,984,19,M_CSTRING_IMPL_STRLCAT_C4908C8C,37,0,2,16,0,0,48,77,False
optimized-release,0,5,13,20,0,0,28,985,26,M_CSTRING_IMPL_U32TOA_D9A955C5,27,0,1,16,1,4,40,68,False
optimized-release,1,7,6,14,0,0,17,986,21,M_DOSUTILITY_WRITEALL_BCEF29C3,6,0,0,11,4,5,23,39,False
optimized-release,0,0,1,1,0,0,0,987,2,M_DOSUTILITY_READERINIT_DF037B30,8,0,0,1,0,0,3,10,False
optimized-release,2,9,21,16,0,0,18,988,33,M_DOSUTILITY_READBYTE_60ED3FBB,42,0,1,12,0,0,52,81,False
optimized-release,0,3,2,18,0,0,22,989,22,M_DOSUTILITY_READLINE_B96FCD33,10,0,0,16,0,4,24,47,False
optimized-release,0,0,0,79,0,0,78,990,40,M_DOSFAULT_MESSAGE_9D326B2A,1,0,0,39,0,0,40,119,False
optimized-release,8,19,27,34,0,0,42,991,82,M_DOSFAULT_FORMAT_76BA9D40,81,0,31,52,0,4,136,194,False
optimized-release,0,3,4,1,0,0,0,992,6,M_DOSFAULT_FAULT_7DB91D83,8,0,0,0,0,0,8,12,False
optimized-release,0,6,11,6,0,0,8,993,22,M_DOSFAULT_PRINTFAULT_CDC48706,21,0,0,9,0,0,28,42,False
optimized-release,0,1,4,1,0,0,0,1011,1,M_DOS_EXAMINE_1F15C1B0,2,0,0,2,0,0,5,6,False
optimized-release,0,1,4,1,0,0,0,1012,1,M_DOS_EXNEXT_623C7B53,2,0,0,2,0,0,5,6,False
optimized-release,0,1,0,1,0,0,0,1013,2,M_DOS_INPUT_41B1DDE9,0,0,0,1,0,0,2,3,False
optimized-release,0,1,0,1,0,0,0,1014,2,M_DOS_OUTPUT_DF7018DC,0,0,0,1,0,0,2,3,False
optimized-release,0,1,2,1,0,0,0,1015,2,M_DOS_SELECTINPUT_FF0F4771,1,0,0,2,0,0,4,5,False
optimized-release,0,1,2,1,0,0,0,1016,2,M_DOS_SELECTOUTPUT_3A928904,1,0,0,2,0,0,4,5,False
optimized-release,0,11,10,19,0,0,26,1029,30,M_TASKINSPECT_SNAPSHOT_72A67CF0,16,0,1,18,3,12,41,64,False
optimized-release,0,10,9,11,0,0,14,1030,17,M_DEVICEINSPECT_SNAPSHOT_EBB6295F,26,0,6,8,0,0,32,55,False
optimized-release,1,3,15,7,0,0,9,1031,17,M_FSINSPECT_CACHESTATUS_E621CC2A,35,0,1,5,0,0,33,51,False
optimized-release,2,13,11,26,0,0,38,1032,47,M_FSINSPECT_SNAPSHOT_873CF8A6,24,0,1,20,3,20,59,85,False
optimized-release,1,4,4,7,0,0,9,1033,11,M_FSINSPECT_SYSTEMWRITABLE_448881D5,13,0,1,4,0,0,16,29,False
optimized-release,0,1,1,1,0,0,0,1034,5,M_O65MEMORY_RESERVE_67ABB944,2,0,0,2,0,0,5,6,False
optimized-release,0,1,1,1,0,0,0,1035,1,M_O65MEMORY_ALLOCATE_1084F809,1,0,0,0,0,0,2,3,False
optimized-release,0,1,1,1,0,0,0,1036,1,M_O65MEMORY_STORAGE_289ABF3F,1,0,0,0,0,0,2,3,False
optimized-release,0,0,2,3,0,0,3,1037,2,M_O65READ_FAIL_6B141CC7,5,0,1,1,0,0,5,9,False
optimized-release,0,1,7,6,0,0,6,1038,13,M_O65READ_TAKE_D99B2660,16,0,0,5,0,0,20,28,False
optimized-release,0,2,3,3,0,0,2,1039,7,M_O65READ_U8_A5F42EC2,5,0,0,3,0,0,10,13,False
optimized-release,0,3,2,1,0,0,0,1040,5,M_O65READ_U16_9E5A6B5F,2,0,1,3,0,0,8,9,False
optimized-release,0,3,2,1,0,0,0,1041,5,M_O65READ_U32_BA2CF799,2,0,1,3,0,0,8,9,False
optimized-release,0,4,6,5,0,0,4,1042,11,M_O65READ_COUNT_2EF12376,12,0,0,3,0,0,16,24,False
optimized-release,0,2,3,6,0,0,6,1043,8,M_O65READ_EQUAL_AD4D340B,3,0,0,4,4,2,10,15,False
optimized-release,0,1,3,3,0,0,2,1044,6,M_O65READ_LITERAL_8D1D12D6,7,0,1,2,0,0,10,13,False
optimized-release,0,0,0,7,0,0,10,1045,13,M_O65READ_NAMEBYTE_937CC326,8,0,5,10,0,0,18,25,False
optimized-release,0,6,13,13,0,0,14,1046,17,M_O65READ_NAME_0A34D852,23,0,1,8,0,0,31,50,False
optimized-release,0,8,13,12,0,0,12,1047,21,M_O65READ_STRING_E289F21C,21,0,0,8,0,2,32,49,False
optimized-release,0,0,3,7,0,0,6,1048,7,M_O65READ_SECTIONSIZE_0E90CADD,7,0,0,3,0,0,10,17,False
optimized-release,0,0,2,1,0,0,0,1049,9,M_O65READ_EXTENT_816E81E1,5,0,0,4,0,0,9,10,False
optimized-release,1,28,15,54,0,0,67,1050,76,M_O65WIRE_HEADER_58EA710F,39,0,0,38,4,6,90,160,False
optimized-release,6,12,3,21,0,0,27,1051,35,M_O65WIRE_EXPORTS_13C8B799,12,0,3,16,2,6,41,67,False
optimized-release,10,15,3,18,0,0,24,1052,40,M_O65PROFILE_IMPORTS_FC0170BC,9,0,0,12,0,2,43,64,False
optimized-release,0,4,12,7,0,0,9,1053,12,M_PROGRAMIMAGE_FREE_CFEA1DF0,21,0,0,4,0,0,24,36,False
optimized-release,0,2,7,8,0,0,11,1054,9,M_PROGRAMIMAGE_ATTACH_B33B47DB,16,0,1,5,0,0,17,31,False
optimized-release,0,4,8,11,0,0,15,1055,12,M_PROGRAMIMAGE_DROPOWNER_EE15CDE2,18,0,1,7,0,0,21,40,False
optimized-release,0,4,7,9,0,0,13,1056,11,M_PROGRAMIMAGE_DETACH_807AC96B,17,0,1,6,0,0,19,36,False
optimized-release,0,0,3,7,0,0,6,1057,12,M_O65RELOCATIONS_BASE_44BA7C79,7,0,0,8,0,0,15,22,False
optimized-release,1,35,12,84,0,0,114,1058,131,M_O65RELOCATIONS_WALK_0850572F,40,0,4,79,9,30,146,239,False
optimized-release,0,1,2,1,0,0,0,1059,1,M_O65RELOCATIONS_READ_4B7C0B1C,2,0,0,0,0,0,2,4,False
optimized-release,0,1,3,1,0,0,0,1060,4,M_O65RELOCATIONS_PATCHES_74DD4940,5,0,0,2,0,0,7,9,False
optimized-release,0,3,6,5,0,0,5,1061,9,M_O65_RELEASE_DA7FFCCE,8,0,0,6,0,0,15,22,False
optimized-release,1,10,22,11,0,0,12,1062,28,M_O65_DESCRIPTOR_41119D04,37,0,0,11,0,0,49,70,False
optimized-release,0,11,18,18,0,0,22,1063,25,M_O65_VALIDATE_31EC2383,32,0,1,14,0,0,42,75,False
optimized-release,3,10,17,7,0,0,6,1064,10,M_DOSINHERIT_CLONEFILE_B3A0D025,21,0,0,4,0,0,27,45,False
optimized-release,1,13,15,7,0,0,6,1065,15,M_DOSINHERIT_CLONELOCK_889C592A,23,0,0,6,0,0,30,50,False
optimized-release,0,11,20,15,0,0,18,1066,22,M_DOSINHERIT_STREAM_24BB16AC,26,0,0,17,0,0,42,69,False
optimized-release,0,10,15,18,0,0,18,1067,18,M_DOSINHERIT_CLONE_1DB40F0B,17,0,2,13,0,0,34,58,False
optimized-release,0,12,21,28,0,0,35,1068,42,M_DOSINHERIT_DISCARD_44133C6A,44,0,0,21,0,0,62,105,False
optimized-release,1,10,21,10,0,0,10,1069,20,M_DOSINHERIT_FINALIZEDETACHED_E855A6F0,36,1,0,10,0,0,42,67,False
optimized-release,0,2,3,5,0,0,5,1070,5,M_DOSINHERIT_ADOPT_35538564,6,0,0,3,0,0,8,16,False
optimized-release,0,9,7,13,0,0,15,1071,13,M_DOSGROUP_BEGIN_073142E7,15,0,1,7,0,0,21,44,False
optimized-release,0,1,3,4,0,0,4,1072,9,M_DOSGROUP_VALID_7D621B56,6,0,0,5,0,0,12,16,False
optimized-release,0,4,5,8,0,0,8,1073,10,M_DOSGROUP_SEAL_B243143B,11,0,0,5,0,0,15,28,False
optimized-release,0,1,4,3,0,0,2,1074,9,M_DOSGROUP_READY_271F659D,8,0,0,5,0,0,13,17,False
optimized-release,0,4,2,3,0,0,2,1075,2,M_DOSGROUP_CANCEL_B8897A90,2,0,0,1,0,0,4,10,False
optimized-release,0,6,24,16,0,0,22,1076,16,M_DOSGROUP_JOIN_A4542070,42,0,3,11,0,0,43,75,False
optimized-release,0,3,17,15,0,0,20,1077,17,M_DOSGROUP_LEAVE_AF8BE2F5,34,0,3,12,0,0,37,64,False
optimized-release,0,9,9,11,0,0,14,1078,15,M_DOSGROUP_END_0E9A4197,20,0,2,7,0,0,26,47,False
optimized-release,0,4,16,14,0,0,16,1079,21,M_DOSPROCESS_DISCARD_B47D4E40,32,0,0,7,0,0,37,57,False
optimized-release,0,4,25,22,0,0,27,1080,39,M_DOSPROCESS_SNAPSHOT_8415B6DE,56,0,0,11,0,0,64,93,False
optimized-release,0,10,25,24,0,0,31,1081,30,M_DOSPROCESS_PREPARE_AF74B007,49,0,4,18,0,0,58,101,False
optimized-release,0,12,12,12,0,0,13,1082,16,M_DOSPROCESS_PREPAREGROUP_5B2830CC,26,0,3,7,0,0,30,57,False
optimized-release,0,7,14,7,0,0,7,1083,10,M_DOSPROCESS_ENTERFOREGROUND_ADB53B83,24,0,1,5,0,0,25,43,False
optimized-release,0,9,33,10,0,0,12,1084,22,M_DOSPROCESS_ADOPT_5B5DBE18,56,1,0,6,0,0,56,81,False
optimized-release,0,4,12,11,0,0,13,1085,14,M_DOSPROCESS_RESTOREFOREGROUND_D0EE9507,24,0,1,8,0,0,27,47,False
optimized-release,0,11,17,40,0,0,49,1086,49,M_DOSPROCESS_CLEANUP_CE292B9A,37,0,0,23,4,7,66,111,False
optimized-release,0,4,16,11,0,0,16,1087,18,M_DOSPROCESS_RELEASEPARENT_43E07877,33,0,1,11,0,0,35,59,False
optimized-release,0,1,1,1,0,0,0,1088,3,M_PROCESS_CONTROL_D28A63F1,2,0,0,1,0,0,4,5,False
optimized-release,0,1,0,1,0,0,0,1089,1,M_PROCESS_CURRENT_07EFB7F5,0,0,0,0,0,0,1,2,False
optimized-release,0,1,1,3,0,0,2,1090,4,M_PROCESS_GETARGSTR_37000207,3,0,0,2,0,0,5,9,False
optimized-release,0,5,4,8,0,0,11,1091,11,M_PROCESS_EXECUTEIMAGE_8428E44E,10,0,0,5,0,0,15,28,False
optimized-release,0,9,4,7,0,0,7,1092,15,M_PROCESS_RUN_4C2ABD87,17,0,0,3,0,0,19,36,False
optimized-release,0,9,7,9,0,0,12,1093,8,M_PROCESS_FINISH_AE17E2ED,6,0,0,6,0,0,15,30,False
optimized-release,0,7,13,9,0,0,12,1094,18,M_PROCESS_RELEASESTORAGE_F7C3DB6E,24,0,0,8,0,0,31,48,False
optimized-release,1,23,13,37,0,0,47,1095,57,M_PROCESS_STARTINTERNAL_08C34541,40,0,4,29,0,2,72,130,False
optimized-release,0,1,3,1,0,0,0,1096,2,M_PROCESS_START_10858ECA,3,0,0,0,0,0,4,5,False
optimized-release,0,1,3,1,0,0,0,1097,2,M_PROCESS_STARTFOREGROUND_F931F4E9,3,0,0,0,0,0,4,5,False
optimized-release,0,2,4,3,0,0,2,1098,4,M_PROCESS_STARTLOADED_CDAA1C3D,5,0,0,2,0,0,8,12,False
optimized-release,0,2,6,4,0,0,4,1099,4,M_PROCESS_PREPARELOADED_143E0750,6,0,0,3,0,0,10,15,False
optimized-release,1,4,4,5,0,0,4,1100,10,M_PROCESS_STARTPREPARED_C79EF329,5,0,0,6,0,0,14,21,False
optimized-release,1,4,4,5,0,0,4,1101,6,M_PROCESS_DISCARDPREPARED_9F7D5787,4,0,0,4,0,0,10,18,False
optimized-release,1,5,9,7,0,0,6,1102,9,M_PROCESS_COLLECT_3A4F29C8,13,0,0,5,0,0,18,31,False
optimized-release,1,4,2,8,0,0,8,1103,11,M_PROCESS_WAIT_BEBC9E91,5,0,0,4,0,0,13,22,False
optimized-release,0,1,1,7,0,0,9,1104,7,M_DOSARGS_CLEAR_67E19159,3,0,1,5,0,2,9,16,False
optimized-release,0,1,1,6,0,0,6,1105,6,M_DOSARGS_BOUNDEDLENGTH_E004A013,2,0,0,3,0,2,7,12,False
optimized-release,0,0,0,4,0,0,4,1106,3,M_DOSARGS_UPPER_7F315E6C,4,0,4,3,0,0,7,11,False
optimized-release,0,0,0,1,0,0,0,1107,11,M_DOSARGS_LETTER_897462C0,5,0,3,9,0,0,14,15,False
optimized-release,0,4,2,7,0,0,8,1108,15,M_DOSARGS_SAME_51AE7922,5,0,0,7,0,2,17,23,False
optimized-release,0,17,14,58,0,0,75,1109,66,M_DOSARGS_DESCRIBE_D600A84B,14,0,4,46,4,24,84,135,False
optimized-release,0,6,23,33,0,0,42,1110,40,M_DOSARGS_WORD_271132B0,48,0,6,23,1,4,69,110,False
optimized-release,2,4,10,16,0,0,18,1111,30,M_DOSARGS_NUMERIC_B3350961,19,0,2,18,6,4,42,59,False
optimized-release,7,35,42,83,0,0,107,1112,140,M_DOSARGS_DECODE_CCDE93B6,78,0,15,73,8,42,195,276,False
optimized-release,2,4,14,19,0,0,21,1113,23,M_DOSARGS_PARSE_ACA8C265,23,0,3,12,0,0,37,60,False
optimized-release,0,6,7,19,0,0,22,1114,21,M_DOSCOMMAND_HELP_D3856E13,7,0,0,13,0,4,28,45,False
optimized-release,0,14,8,20,0,0,28,1115,34,M_DOSCOMMAND_SHOWTEMPLATE_03EA47A3,19,0,0,15,0,0,40,68,False
optimized-release,0,8,21,20,0,0,27,1116,31,M_DOSCOMMAND_READARGSORHELP_AC23446B,26,0,0,14,1,4,44,68,False
optimized-release,0,1,0,1,0,0,0,1128,1,M_PROGRAMAPI_INPUT_CF30B53D,0,0,0,0,0,0,1,2,False
optimized-release,0,1,0,1,0,0,0,1129,1,M_PROGRAMAPI_OUTPUT_24288338,0,0,0,0,0,0,1,2,False
optimized-release,0,3,4,3,0,0,2,1132,7,M_PROGRAMAPI_READARGS_BFA789E0,7,0,1,2,0,0,11,15,False
optimized-release,0,1,0,1,0,0,0,1135,0,M_PROGRAMAPI_YIELD_8B32D3B0,0,0,0,0,0,0,0,2,False
optimized-release,0,1,2,1,0,0,0,1142,1,M_PROGRAMAPI_EXAMINE_6478E83C,2,0,0,0,0,0,3,4,False
optimized-release,0,1,2,1,0,0,0,1143,1,M_PROGRAMAPI_EXNEXT_3BA57C27,2,0,0,0,0,0,3,4,False
optimized-release,0,2,4,1,0,0,0,1149,4,M_PROGRAMAPI_READARGSORHELP_0AAF8D06,5,0,0,0,0,0,7,8,False
optimized-release,14,19,9,44,0,0,59,1150,84,M_PROGRAMPROVIDERS_RESOLVE_0AD38ACF,35,0,2,33,0,8,94,145,False
optimized-release,0,5,20,19,0,0,21,1151,55,M_PROGRAMPLACE_ALLOCATE_8CF1E5BF,54,0,0,24,0,0,74,102,False
optimized-release,0,1,3,1,0,0,0,1152,2,M_PROGRAMPLACE_PATCHES_2338CDC0,3,0,0,0,0,0,4,5,False
optimized-release,0,2,3,4,0,0,4,1153,6,M_PROGRAMPLACE_COPY_75B5AA8B,3,0,0,3,4,2,8,12,False
optimized-release,1,17,30,15,0,0,18,1154,35,M_PROGRAM_LOAD_3AF1DE19,47,0,0,15,0,0,63,95,False
optimized-release,1,18,8,44,0,0,63,1156,71,M_PROGRAMFILE_LOAD_6B2BC763,16,0,0,31,8,41,75,110,False
optimized-release,3,43,64,70,0,0,89,1157,136,M_PIPELINE_RUN_E96AA47C,160,0,4,45,0,0,191,321,False
optimized-release,0,0,0,1,0,0,0,1158,4,M_DEMO_SHELLLINE_05385AFA,1,0,0,3,0,0,4,5,False
optimized-release,0,0,0,1,0,0,0,1159,4,M_DEMO_SHELLDRAWBUFFER_40A1F650,1,0,0,3,0,0,4,5,False
optimized-release,0,0,0,1,0,0,0,1160,4,M_DEMO_SHELLSCRATCH_4CC9A4C2,1,0,0,3,0,0,4,5,False
optimized-release,0,0,0,1,0,0,0,1161,4,M_DEMO_SHELLTRANSFER_5E61BE6D,1,0,0,3,0,0,4,5,False
optimized-release,0,0,3,5,0,0,6,1162,11,M_DEMO_SHELLFAIL_8B3FAF62,13,0,0,2,0,0,11,20,False
optimized-release,0,1,1,1,0,0,0,1163,2,M_DEMO_SHELLLENGTH_41312048,1,0,0,1,0,0,3,4,False
optimized-release,0,4,5,9,0,0,11,1164,14,M_DEMO_SHELLEQUAL_87D888CC,6,0,0,8,1,5,19,27,False
optimized-release,0,2,0,3,0,0,2,1165,2,M_DEMO_SHELLPOLL_FD68673B,0,0,0,1,0,0,2,6,False
optimized-release,0,3,0,3,0,0,2,1166,5,M_DEMO_SHELLSCOPE_835D7600,2,0,0,1,0,0,5,9,False
optimized-release,0,6,3,10,0,0,11,1167,15,M_DEMO_SHELLRETIREBREAK_55533B4C,7,0,0,5,1,2,15,28,False
optimized-release,0,5,7,17,0,0,22,1168,32,M_DEMO_SHELLWRITE_F024753B,23,0,0,12,1,2,36,57,False
optimized-release,1,2,2,1,0,0,0,1169,2,M_DEMO_SHELLBYTE_63E82DA4,5,0,1,0,0,0,5,9,False
optimized-release,0,6,9,16,0,0,21,1170,20,M_DEMO_SHELLTEXT_3AA6BB8B,8,0,0,15,0,6,29,45,False
optimized-release,1,5,7,4,0,0,4,1171,20,M_DEMO_SHELLNUMBER_CB70AEA1,19,0,4,11,0,0,28,40,False
optimized-release,1,12,6,15,0,0,21,1172,61,M_DEMO_SHELLDIAGNOSTIC_90251983,54,0,0,10,0,0,62,92,False
optimized-release,0,6,2,9,0,0,11,1173,16,M_DEMO_SHELLHISTORY_253D1EFE,10,0,1,4,0,0,17,29,False
optimized-release,0,5,2,3,0,0,2,1174,6,M_DEMO_SHELLPROMPT_49927678,7,0,0,1,0,0,8,16,False
optimized-release,0,1,1,1,0,0,0,1175,2,M_DEMO_SHELLCLEAR_C99F4545,5,0,0,0,0,0,3,7,False
optimized-release,0,14,14,29,0,0,28,1176,28,M_DEMO_SHELLCLASSIFY_4EDF64CA,14,0,0,14,0,0,42,71,False
optimized-release,1,2,0,7,0,0,8,1177,23,M_DEMO_SHELLPIPEBOUNDARY_12E051D2,20,0,1,6,0,0,24,36,False
optimized-release,1,5,1,16,0,0,18,1178,43,M_DEMO_SHELLARGUMENT_06FF7069,32,0,3,15,0,6,47,69,False
optimized-release,5,41,2,126,0,0,181,1179,241,M_DEMO_SHELLPARSE_A0346EB9,116,0,3,98,3,39,246,386,False
optimized-release,0,1,1,13,0,0,18,1180,24,M_DEMO_SHELLALIASNAME_AB73FBF9,3,0,1,22,0,2,26,39,False
optimized-release,0,1,1,16,0,0,23,1181,13,M_DEMO_SHELLALIASTEXT_A6FBD7BD,4,0,1,11,0,2,15,32,False
optimized-release,0,5,1,9,0,0,10,1182,15,M_DEMO_SHELLALIASINDEX_3346373C,4,0,0,6,1,2,16,24,False
optimized-release,0,9,3,1,0,0,0,1183,11,M_DEMO_SHELLALIASSHOW_53099C95,8,0,0,2,0,0,14,20,False
optimized-release,4,24,2,45,0,0,57,1184,67,M_DEMO_SHELLALIASCOMMAND_96FDFCD5,19,0,1,28,1,13,70,120,False
optimized-release,1,7,0,3,0,0,2,1185,13,M_DEMO_SHELLUNALIASCOMMAND_0E212A24,8,0,0,2,0,0,13,21,False
optimized-release,2,22,1,28,0,0,37,1186,70,M_DEMO_SHELLALIASREPLACE_D1C41638,22,0,3,32,2,12,74,106,False
optimized-release,0,2,0,6,0,0,6,1187,7,M_DEMO_SHELLALIASEXPAND_1DD100F8,3,0,1,3,0,0,8,14,False
optimized-release,0,16,8,13,0,0,14,1188,25,M_DEMO_SHELLCHANGE_9A7AB49E,24,0,0,5,0,0,31,58,False
optimized-release,0,8,0,6,0,0,6,1189,12,M_DEMO_SHELLRELEASELOCK_B96B0C1C,6,0,0,2,0,0,12,22,False
optimized-release,2,25,7,23,0,0,30,1190,49,M_DEMO_SHELLDIR_42E4EEF3,28,0,0,13,0,0,51,91,False
optimized-release,0,3,0,16,0,0,23,1191,20,M_DEMO_SHELLCONVERT_E2CF79D9,2,0,1,12,1,13,21,33,False
optimized-release,0,1,0,5,0,0,6,1192,8,M_DEMO_SHELLCLOSECOMMANDINPUT_4078E4EF,6,0,0,2,0,0,8,14,False
optimized-release,1,20,4,27,0,0,35,1193,41,M_DEMO_SHELLTYPE_1AFF6CB6,19,0,0,13,2,2,41,80,False
optimized-release,0,28,0,1,0,0,0,1194,20,M_DEMO_SHELLMEM_AF895CA1,0,0,0,4,0,0,20,33,False
optimized-release,0,1,2,10,0,0,13,1195,5,M_DEMO_SHELLTASKSTATE_696E6DB8,8,0,0,4,0,0,7,23,False
optimized-release,0,21,12,14,0,0,18,1196,23,M_DEMO_SHELLTASKS_EC8AA98C,14,0,0,11,0,2,35,60,False
optimized-release,0,10,7,25,0,0,34,1197,21,M_DEMO_SHELLDEVICES_F77A45DF,16,0,0,14,0,2,28,65,False
optimized-release,0,25,16,23,0,0,30,1198,28,M_DEMO_SHELLMOUNTS_AF3EE75C,18,0,0,15,0,4,44,81,False
optimized-release,0,5,5,7,0,0,6,1199,13,M_DEMO_SHELLCLOSETEMPORARY_12B1A0C5,11,0,0,4,0,0,16,27,False
optimized-release,0,10,0,22,0,0,30,1200,47,M_DEMO_SHELLUNREDIRECT_A96C796F,40,0,1,11,0,0,48,83,False
optimized-release,2,17,2,20,0,0,23,1201,55,M_DEMO_SHELLREDIRECT_189A437C,37,0,0,12,0,0,57,88,False
optimized-release,0,1,0,1,0,0,0,1202,7,M_DEMO_SHELLPATHENTRY_DB7471EF,2,0,1,5,0,0,8,9,False
optimized-release,0,2,0,1,0,0,0,1203,3,M_DEMO_SHELLPATHRESET_72A30C98,2,0,0,0,0,0,3,5,False
optimized-release,0,2,2,12,0,0,16,1204,14,M_DEMO_SHELLPATHEQUAL_1BAC498B,2,0,0,9,1,8,16,25,False
optimized-release,2,8,4,26,0,0,37,1205,36,M_DEMO_SHELLPATHASSIGNED_B6DA4F91,7,0,1,22,1,9,41,65,False
optimized-release,0,28,11,31,0,0,38,1206,61,M_DEMO_SHELLPATHUPDATE_51351508,36,0,3,20,1,4,71,115,False
optimized-release,3,18,4,18,0,0,20,1207,37,M_DEMO_SHELLPATH_505E8FAB,18,0,0,10,1,2,41,67,False
optimized-release,0,0,2,1,0,0,0,1208,5,M_DEMO_SHELLPATHMISS_F697D8DD,2,0,0,3,0,0,5,6,False
optimized-release,1,23,7,25,0,0,31,1209,53,M_DEMO_SHELLLOADCOMMAND_919DB943,8,0,1,27,1,6,61,84,False
optimized-release,3,12,8,7,0,0,6,1210,25,M_DEMO_SHELLEXTERNAL_6FFCDB1B,22,0,0,4,0,0,30,48,False
optimized-release,5,14,13,13,0,0,17,1211,56,M_DEMO_SHELLPIPELINE_3089A788,53,0,0,12,0,0,66,97,False
optimized-release,2,46,0,48,0,0,69,1212,68,M_DEMO_SHELLDISPATCH_61C1EC5C,17,0,0,28,0,2,68,141,False
optimized-release,0,14,0,21,0,0,29,1213,30,M_DEMO_SHELLCOMMAND_F85F9F19,18,0,0,10,0,0,30,63,False
optimized-release,1,21,13,29,0,0,39,1214,74,M_DEMO_SHELLREADSTEP_67245C10,68,0,2,21,0,0,80,140,False
optimized-release,0,14,1,9,0,0,8,1215,26,M_DEMO_SHELLOPEN_309B1844,22,0,0,5,0,0,27,50,False
optimized-release,0,2,0,1,0,0,0,1216,4,M_DEMO_SHELLINITIALPROMPT_533D0DC4,6,0,0,0,0,0,4,9,False
optimized-release,1,3,2,5,0,0,5,1217,7,M_DEMO_SHELLSTART_EB23C688,4,0,0,3,0,0,9,16,False
optimized-release,0,33,1,31,0,0,34,1218,64,M_DEMO_SHELLFINISH_96C56219,37,0,0,17,0,0,65,118,False
optimized-release,1,3,0,6,0,0,8,1219,9,M_DEMO_SHELLCACHESTATUS_0F6F58DA,6,0,2,3,0,0,11,19,False
optimized-release,0,11,6,9,0,0,9,1220,13,M_DEMO_SHELLBOOTSIO_CB000C63,11,0,0,7,0,0,19,38,False
optimized-release,2,39,2,23,0,0,27,1221,94,M_DEMO_SHELLBOOTSTART_83789768,65,0,0,21,0,0,96,150,False
optimized-release,0,8,6,7,0,0,8,1222,15,M_DEMO_DEMONAME_3669E60C,7,0,1,11,1,4,22,33,False
optimized-release,0,3,2,5,0,0,6,1223,9,M_DEMO_DEMOTEXT_C012A5A2,7,0,3,5,0,2,14,20,False
optimized-release,0,3,0,11,0,0,15,1224,19,M_DEMO_DEMONUMBER_B404F7D0,13,0,4,10,1,4,23,37,False
optimized-release,0,8,0,10,0,0,10,1225,26,M_DEMO_DEMOPRIME_7F18EBC0,8,0,2,12,0,2,28,38,False
optimized-release,3,17,1,36,0,1,47,1226,62,M_DEMO_DEMOCOMPUTE_108F568E,37,0,8,28,0,10,71,121,False
optimized-release,5,21,2,28,0,0,30,1227,60,M_DEMO_DEMOSTART_FC398735,42,0,1,16,0,0,63,112,False
optimized-release,1,8,2,33,0,1,41,1228,42,M_DEMO_DEMOFINISH_E4DD1D06,32,0,1,16,0,0,43,90,False
optimized-release,0,3,0,9,0,0,12,1229,9,M_DEMO_MAIN_C5B18743,7,0,1,4,0,0,10,23,False
optimized-guarded,0,0,0,3,0,0,2,0,2,M_EXECMEMORY_VALIDBANK_E9E0A79B,1,0,0,1,0,0,2,5,False
optimized-guarded,0,0,0,4,0,0,4,1,4,M_EXECMEMORY_VALIDOWNER_462B929A,2,0,0,2,0,0,4,8,False
optimized-guarded,3,6,0,25,0,0,30,2,39,M_EXECMEMORY_ADOPT_494D3B99,14,0,0,17,0,4,39,65,False
optimized-guarded,0,4,3,5,0,0,4,3,13,M_EXECMEMORY_QUERY_D2E34F9F,14,0,1,2,0,0,17,25,False
optimized-guarded,0,8,0,13,0,0,12,4,25,M_EXECMEMORY_RESERVEEXACT_88D3D2C8,16,0,2,6,0,0,27,43,False
optimized-guarded,0,5,1,10,0,0,10,5,14,M_EXECMEMORY_ACQUIRE_EAA019EB,9,0,1,5,0,2,16,29,False
optimized-guarded,0,9,0,15,0,0,14,6,29,M_EXECMEMORY_RELEASE_A6E307FC,18,0,2,7,0,0,31,49,False
optimized-guarded,2,0,5,1,2,0,0,8,0,M_EXECLISTS_NEWLIST_B3502541,6,0,0,2,0,0,7,11,False
optimized-guarded,1,0,2,1,0,0,0,10,4,M_EXECLISTS_ISLISTEMPTY_6EEB0796,3,0,0,2,0,0,6,7,False
optimized-guarded,1,0,0,1,0,0,0,12,5,M_EXECLISTS_ADDHEAD_3AE3E6E4,7,0,0,1,0,0,5,10,False
optimized-guarded,1,0,9,1,2,0,0,13,0,M_EXECLISTS_ADDTAIL_A1C0F364,15,1,0,1,0,0,12,18,False
optimized-guarded,2,2,20,6,0,0,6,14,5,M_EXECLISTS_INSERT_468B11BA,24,1,0,5,0,0,26,39,False
optimized-guarded,0,0,0,1,0,0,0,15,3,M_EXECLISTS_REMOVE_2E26C2C1,5,0,0,0,0,0,3,6,False
optimized-guarded,0,1,3,3,0,0,2,16,3,M_EXECLISTS_REMHEAD_F8063CE7,6,0,0,1,0,0,6,11,False
optimized-guarded,0,1,3,3,0,0,2,17,3,M_EXECLISTS_REMTAIL_292EAA27,6,0,0,1,0,0,6,11,False
optimized-guarded,0,2,6,6,0,0,6,18,11,M_EXECLISTS_ENQUEUE_763E1E61,12,0,0,4,2,2,17,24,False
optimized-guarded,0,0,1,11,0,0,13,19,21,M_EXECLISTS_FINDNAME_2659CDBB,9,0,0,10,5,6,22,30,False
optimized-guarded,0,1,5,12,0,0,15,20,23,M_TASKMEMORY_WRITABLE_FBC2061D,13,0,0,14,0,2,28,40,False
optimized-guarded,0,0,3,4,0,0,4,22,6,M_HEAPCORE_ROUNDED_9D79FA03,3,0,1,4,0,0,7,11,False
optimized-guarded,0,5,9,13,0,0,19,23,26,M_HEAPCORE_BOUNDS_2387CB05,20,0,0,15,0,0,34,53,False
optimized-guarded,0,2,3,6,0,0,8,24,14,M_HEAPCORE_CHUNKADDRESS_A551D41B,8,0,0,9,0,0,16,25,False
optimized-guarded,0,1,3,7,0,0,10,25,14,M_HEAPCORE_NEXTADDRESS_E32592FF,8,0,0,8,0,0,15,24,False
optimized-guarded,0,4,11,6,0,0,8,26,19,M_HEAPCORE_CHUNKEND_0E0C27CE,22,0,0,8,0,0,28,40,False
optimized-guarded,0,3,4,6,0,0,7,27,10,M_HEAPCORE_VALIDATE_B397AD34,8,0,0,3,7,4,14,20,False
optimized-guarded,0,0,5,4,0,0,4,28,1,M_HEAPCORE_LINK_9B47F952,7,0,0,1,0,0,6,12,False
optimized-guarded,0,0,2,1,0,0,0,29,2,M_HEAPCORE_WRITECHUNK_D768FC26,6,0,0,0,0,0,3,7,False
optimized-guarded,0,2,17,6,0,0,7,30,30,M_HEAPCORE_SPLIT_B6117102,35,1,0,14,0,0,41,57,False
optimized-guarded,0,0,3,5,0,0,6,31,13,M_HEAPCORE_CANDIDATE_07CF3557,8,0,1,8,0,0,14,21,False
optimized-guarded,0,4,7,15,0,0,17,32,22,M_HEAPCORE_RESERVE_2192E9C0,14,0,1,13,2,2,28,46,False
optimized-guarded,0,1,2,1,0,0,0,33,2,M_HEAPCORE_ALLOCATE_E39F1AF5,2,0,0,0,0,0,3,4,False
optimized-guarded,0,4,4,19,0,0,25,34,31,M_HEAPCORE_LARGEST_AA9886E8,11,0,1,14,12,18,36,48,False
optimized-guarded,0,2,25,12,0,0,16,35,35,M_HEAPCORE_INSERTFREE_129E41BB,43,0,0,18,0,0,54,75,False
optimized-guarded,0,5,14,19,0,0,27,36,42,M_HEAPCORE_RETURNRANGE_11C95A83,30,0,0,23,2,2,52,77,False
optimized-guarded,0,4,7,6,0,0,7,37,18,M_HEAPCORE_DEALLOCATE_60F97CF2,14,0,0,8,0,0,20,32,False
optimized-guarded,0,0,0,1,0,0,0,38,1,M_HEAPPOLICY_GETSTATE_9B9EAF7C,0,0,0,1,0,0,1,2,False
optimized-guarded,0,1,0,1,0,0,0,39,4,M_HEAPPOLICY_HEADER_A992FDFC,1,0,1,3,0,0,5,6,False
optimized-guarded,1,5,3,6,0,0,7,40,8,M_HEAPPOLICY_SHUTDOWN_9E341637,5,0,0,4,0,2,11,21,False
optimized-guarded,1,1,0,11,0,0,13,41,12,M_HEAPPOLICY_RUNS_07A33D25,5,0,2,6,0,8,14,24,False
optimized-guarded,0,4,15,1,0,0,0,42,14,M_HEAPPOLICY_REGION_F42DC07D,37,0,4,7,0,0,33,49,False
optimized-guarded,2,11,0,36,0,0,47,43,52,M_HEAPPOLICY_START_1455FA91,27,0,8,23,0,22,60,99,False
optimized-guarded,1,4,3,4,0,0,4,44,6,M_HEAPPOLICY_INIT_69D6AA0D,4,0,0,3,0,2,9,16,False
optimized-guarded,0,0,4,11,0,0,12,45,15,M_HEAPPOLICY_FLAGSVALID_4BF22F96,8,0,1,10,0,0,16,29,False
optimized-guarded,0,3,0,6,0,0,8,46,14,M_HEAPPOLICY_DESCRIPTOR_8971C45E,5,0,1,10,0,0,15,24,False
optimized-guarded,2,7,1,17,0,0,25,47,29,M_HEAPPOLICY_VALIDATEREGIONS_C3A52ACE,13,0,0,12,8,6,30,51,False
optimized-guarded,0,0,2,3,0,0,3,48,9,M_HEAPPOLICY_MATCHES_ACC95206,8,0,3,7,0,0,13,18,False
optimized-guarded,1,6,10,14,0,0,17,49,27,M_HEAPPOLICY_RESERVE_42F2499D,18,0,0,11,2,2,31,50,False
optimized-guarded,1,3,2,7,0,0,8,50,17,M_HEAPPOLICY_LOCATE_7B91FF59,9,0,0,9,2,2,19,29,False
optimized-guarded,0,6,11,11,0,0,15,51,22,M_HEAPPOLICY_FREE_3EA2E1EF,17,0,0,10,0,0,26,44,False
optimized-guarded,1,6,8,19,0,0,24,52,41,M_HEAPPOLICY_AVAIL_22774B2C,15,0,0,18,8,14,43,59,False
optimized-guarded,0,1,2,3,0,0,2,53,3,M_HEAPPOLICY_MEMORYTYPE_D394B206,4,0,1,2,0,0,6,10,False
optimized-guarded,0,1,3,4,0,0,4,54,6,M_HEAPPOLICY_VECTORBYTES_E6541B8F,4,0,1,3,0,0,7,12,False
optimized-guarded,0,2,2,3,0,0,2,55,6,M_HEAPPOLICY_RESERVEVECTOR_C09ED6F4,4,0,0,1,0,0,6,10,False
optimized-guarded,0,8,10,15,0,0,21,56,36,M_HEAPPOLICY_FREEVECTOR_698EC5DE,24,0,0,20,0,0,41,67,False
optimized-guarded,0,0,0,1,0,0,0,57,1,M_PROCESSSTATE_REGISTRY_559AFD20,0,0,0,1,0,0,1,2,False
optimized-guarded,0,0,0,1,0,0,0,58,2,M_BOOTCONFIG_CACHEBLOCKS_B221B0CF,1,0,0,1,0,0,2,3,False
optimized-guarded,0,0,0,1,0,0,0,59,2,M_BOOTCONFIG_STATUS_B93FBCBB,1,0,0,1,0,0,2,3,False
optimized-guarded,0,0,0,1,0,0,0,60,2,M_BOOTCONFIG_SYSTEMDRIVE_62E82846,1,0,0,1,0,0,2,3,False
optimized-guarded,0,0,0,1,0,0,0,61,10,M_BOOTCONFIG_VALIDBLOCKS_EA50F717,4,0,3,9,0,0,13,14,False
optimized-guarded,0,8,15,13,0,0,16,62,21,M_BOOTCONFIG_INIT_610CE665,30,0,1,12,0,0,37,63,False
optimized-guarded,0,1,0,1,0,0,0,69,4,M_TASKPOLICY_RECORDFOR_833E2B66,1,0,1,3,0,0,5,6,False
optimized-guarded,0,0,0,1,0,0,0,70,5,M_TASKPOLICY_SAVEDWORD_D1C8E663,3,0,1,3,0,0,6,7,False
optimized-guarded,0,0,0,1,0,0,0,71,2,M_TASKPOLICY_RESULT_DA2077E3,3,0,3,3,0,0,5,7,False
optimized-guarded,0,2,0,1,0,0,0,72,10,M_TASKPOLICY_POINTERRESULT_E8D88610,5,0,2,7,0,0,12,15,False
optimized-guarded,0,3,2,1,0,0,0,73,9,M_TASKPOLICY_ARGUMENTPOINTER_A19325C6,2,0,1,5,0,0,10,11,False
optimized-guarded,0,0,0,1,0,0,0,74,3,M_TASKPOLICY_FLAGS_56B3B4FF,2,0,2,3,0,0,5,6,False
optimized-guarded,0,2,1,1,0,0,0,75,8,M_TASKPOLICY_PROTECTED_FCDCE808,3,0,2,6,0,0,11,12,False
optimized-guarded,0,0,8,11,0,0,12,76,13,M_TASKPOLICY_LOOKUP_41F6D1E4,14,1,0,10,0,0,22,35,False
optimized-guarded,0,3,11,15,0,0,19,78,19,M_TASKPOLICY_AVAILABLERECORD_80983EA0,15,0,0,14,1,2,30,47,False
optimized-guarded,3,0,7,1,0,0,0,79,11,M_TASKPOLICY_EMPTYMEMORY_C893BDB0,9,0,0,7,0,0,18,20,False
optimized-guarded,0,1,1,7,0,0,8,80,8,M_TASKPOLICY_VALIDENTRY_58BA8A58,2,0,0,5,0,2,9,15,False
optimized-guarded,0,5,5,14,0,0,16,81,28,M_TASKPOLICY_STACKSLOT_2A322EEA,13,0,4,18,1,2,37,50,False
optimized-guarded,0,5,5,5,0,0,6,82,19,M_TASKPOLICY_PREPARESTACK_1A1C583B,17,0,5,11,0,2,29,38,False
optimized-guarded,0,2,10,4,0,0,4,83,20,M_TASKPOLICY_PREPAREDOMAIN_45DA3401,22,0,4,15,0,2,34,43,False
optimized-guarded,0,1,7,7,0,0,8,84,15,M_TASKPOLICY_PREPAREFRAME_D5FF2FA0,22,0,9,16,0,2,31,46,False
optimized-guarded,0,0,3,3,0,0,3,85,2,M_TASKPOLICY_SETSTATE_52D88FAF,9,0,2,1,0,0,7,13,False
optimized-guarded,1,3,5,1,0,0,0,86,1,M_TASKPOLICY_READY_679992F5,6,1,0,1,0,0,7,12,False
optimized-guarded,0,1,13,1,0,0,0,87,0,M_TASKPOLICY_INITSIGNALS_5C831CB9,21,0,0,1,0,0,13,24,False
optimized-guarded,0,4,25,1,0,0,0,88,8,M_TASKPOLICY_ADMIT_CF1671AB,46,0,2,5,0,0,35,56,False
optimized-guarded,0,7,6,4,0,0,4,89,5,M_TASKPOLICY_INITRESIDENTSTORAGE_FCEF7175,8,0,0,4,0,2,11,23,False
optimized-guarded,1,25,13,8,0,0,8,90,26,M_TASKPOLICY_INIT_57A5FAC8,48,0,3,10,1,2,42,92,False
optimized-guarded,0,0,0,1,0,0,0,91,1,M_TASKPOLICY_TIMEDCOUNT_C3B59E74,1,0,0,0,0,0,1,2,False
optimized-guarded,0,0,0,4,0,0,4,92,5,M_TASKPOLICY_ADJUSTTIMED_DDC1BE1E,5,0,1,3,0,0,6,12,False
optimized-guarded,0,4,0,7,0,0,9,93,12,M_TASKPOLICY_WAKE_9E9C7518,5,0,0,6,1,2,12,22,False
optimized-guarded,0,6,9,12,0,0,13,94,15,M_TASKPOLICY_SELECT_1A709B3E,16,0,0,8,0,0,24,42,False
optimized-guarded,0,4,8,8,0,0,8,95,11,M_TASKPOLICY_SWITCH_98522C9E,14,0,2,5,0,0,20,31,False
optimized-guarded,0,0,5,1,0,0,0,96,14,M_TASKPOLICY_EMPTYSIGNALS_EA2224E4,10,0,0,9,0,0,19,20,False
optimized-guarded,0,18,24,17,0,0,20,97,39,M_TASKPOLICY_ADD_A5E7C92B,47,1,7,14,0,0,64,96,False
optimized-guarded,1,17,28,24,1,0,35,98,78,M_TASKPOLICY_CREATE_EE96600A,71,0,7,36,3,11,110,149,False
optimized-guarded,1,15,33,20,0,0,27,99,26,M_TASKPOLICY_REMOVETASK_35F29A21,59,1,5,15,0,0,65,110,False
optimized-guarded,0,0,0,8,0,0,8,100,18,M_TASKPOLICY_SAMENAME_968CD62D,11,0,0,9,0,0,18,28,False
optimized-guarded,0,3,4,10,0,0,11,101,14,M_TASKPOLICY_FIND_0D9A09D7,11,0,0,5,1,2,18,29,False
optimized-guarded,0,5,2,3,0,0,2,102,12,M_TASKPOLICY_PRIORITY_7FE7EE8A,11,0,3,4,0,0,16,23,False
optimized-guarded,0,10,13,7,0,0,6,103,16,M_TASKPOLICY_SLEEPTASK_6A909BCC,23,0,4,4,0,0,27,44,False
optimized-guarded,0,2,0,1,0,0,0,104,8,M_TASKPOLICY_MASKRESULT_220A6FAB,5,0,2,5,0,0,10,13,False
optimized-guarded,0,1,0,1,0,0,0,105,2,M_TASKPOLICY_SIGNALBIT_7E52F9EF,1,0,1,1,0,0,3,4,False
optimized-guarded,0,3,4,13,0,0,16,106,17,M_TASKPOLICY_ALLOCATEBIT_A349E154,14,0,5,10,1,2,26,40,False
optimized-guarded,0,9,18,15,0,0,16,107,33,M_TASKPOLICY_MASKS_49833CE1,42,1,10,15,0,0,57,81,False
optimized-guarded,0,2,4,5,0,0,4,108,6,M_TASKPOLICY_COMPLETEWAIT_31FB45E4,7,0,0,2,0,0,9,16,False
optimized-guarded,0,5,4,5,0,0,4,109,11,M_TASKPOLICY_WAITTASK_AD94C4A2,11,0,4,4,0,0,17,25,False
optimized-guarded,0,3,3,3,0,0,2,110,5,M_TASKPOLICY_POSTSIGNAL_10773240,5,0,0,1,0,0,8,12,False
optimized-guarded,0,4,6,7,0,0,6,111,12,M_TASKPOLICY_SIGNALTASK_806F80F5,15,0,3,4,0,0,19,30,False
optimized-guarded,0,1,2,3,0,0,3,117,2,M_TASKPOLICY_CANCELWAKE_8ADC984A,3,0,0,1,0,0,4,8,False
optimized-guarded,0,4,5,9,0,0,8,118,8,M_TASKPOLICY_DRAINONE_68E56764,7,0,0,4,0,0,13,24,False
optimized-guarded,0,3,0,7,0,0,8,119,7,M_TASKPOLICY_DRAINWAKES_15F017CB,0,0,1,5,1,4,8,15,False
optimized-guarded,0,2,0,9,0,0,8,120,6,M_TASKPOLICY_PRODUCERBINDING_1B8E711F,4,0,4,4,0,0,10,19,False
optimized-guarded,0,2,3,12,0,0,15,121,14,M_TASKPOLICY_BOUNDPRODUCER_6D7B4E54,7,0,0,7,0,2,17,28,False
optimized-guarded,0,1,2,9,0,0,11,122,11,M_TASKPOLICY_PRODUCERSIGNALBOUND_5677CF48,4,0,0,6,0,2,12,20,False
optimized-guarded,0,21,44,55,0,0,74,123,85,M_TASKPOLICY_PRODUCERCONTROL_52F9499B,115,0,21,40,0,0,143,231,False
optimized-guarded,0,0,0,1,0,0,0,124,7,M_TASKPOLICY_MEMORYSERVICE_7FAD083C,4,0,4,7,0,0,11,12,False
optimized-guarded,0,1,4,9,0,0,12,125,17,M_TASKPOLICY_MEMORYPACKET_B36B55BB,18,0,3,8,0,0,23,36,False
optimized-guarded,0,12,17,18,0,0,24,126,36,M_TASKPOLICY_MEMORYCALL_E7816C43,37,0,3,17,0,0,55,84,False
optimized-guarded,0,0,0,1,0,0,0,127,4,M_TASKPOLICY_PORTSERVICE_8D598BCC,2,0,1,3,0,0,5,6,False
optimized-guarded,0,1,2,1,0,0,0,128,1,M_TASKPOLICY_INITPORTS_2CB7E92A,5,0,0,1,0,0,3,8,False
optimized-guarded,0,0,1,3,0,0,2,129,6,M_TASKPOLICY_PORTSTORAGE_D3468DA2,2,0,0,5,0,0,7,10,False
optimized-guarded,0,1,4,8,0,0,8,130,8,M_TASKPOLICY_VALIDPORT_7710F985,7,0,0,4,0,0,12,20,False
optimized-guarded,0,0,1,4,0,0,4,131,10,M_TASKPOLICY_VALIDMESSAGE_C0DE7739,3,0,0,8,0,0,11,15,False
optimized-guarded,2,5,13,13,0,0,15,132,16,M_TASKPOLICY_SENDMESSAGE_7332557D,24,0,2,6,0,0,30,50,False
optimized-guarded,1,4,9,11,0,0,13,133,17,M_TASKPOLICY_PORTHEAD_A12A0751,18,0,3,9,0,0,29,43,False
optimized-guarded,1,4,11,12,0,0,12,134,20,M_TASKPOLICY_PORTDELETE_CF47DFE6,22,1,1,8,0,0,32,47,False
optimized-guarded,3,7,20,14,0,0,14,135,16,M_TASKPOLICY_REGISTRYCALL_6B5FFB7F,30,0,5,11,0,0,41,65,False
optimized-guarded,0,4,10,9,0,0,8,136,15,M_TASKPOLICY_QUEUECALL_62B0545B,22,0,2,5,0,0,27,40,False
optimized-guarded,0,6,11,14,0,0,15,137,34,M_TASKPOLICY_PORTCALL_70989793,36,0,5,11,0,0,49,67,False
optimized-guarded,0,0,0,1,0,0,0,138,4,M_TASKPOLICY_IOSERVICE_1E6CF653,2,0,1,3,0,0,5,6,False
optimized-guarded,0,16,15,1,0,0,0,139,1,M_TASKPOLICY_INITIONAMES_D8642B1E,16,0,0,1,0,0,16,34,False
optimized-guarded,1,2,9,4,0,0,3,140,4,M_TASKPOLICY_INITIO_35D5D1E4,23,0,0,3,0,0,13,33,False
optimized-guarded,0,1,2,5,0,0,4,141,14,M_TASKPOLICY_IOEXTENT_9818C08A,8,0,0,8,0,0,16,22,False
optimized-guarded,0,1,0,3,0,0,3,142,4,M_TASKPOLICY_IOERROR_9413450C,8,0,6,4,0,0,10,16,False
optimized-guarded,0,1,3,3,0,0,2,143,2,M_TASKPOLICY_IONAME_8B922013,3,0,0,1,0,0,5,8,False
optimized-guarded,0,0,0,1,0,0,0,144,0,M_TASKPOLICY_IOBOUND_33A4879E,0,0,0,0,0,0,0,1,False
optimized-guarded,0,6,8,8,0,0,7,145,14,M_TASKPOLICY_IOOPEN_15F8E966,17,0,2,4,0,0,22,35,False
optimized-guarded,0,1,3,2,0,0,1,146,3,M_TASKPOLICY_IOOPENTEST_C4ABA6E6,8,1,0,0,0,0,6,11,False
optimized-guarded,1,2,7,3,0,0,2,147,8,M_TASKPOLICY_IOCOMPLETE_88BA0BF3,12,0,1,2,0,0,16,20,False
optimized-guarded,0,1,5,3,0,0,2,148,12,M_TASKPOLICY_IOWAITOWNER_63A51E9E,11,0,0,6,0,0,17,21,False
optimized-guarded,1,4,10,9,0,0,9,149,16,M_TASKPOLICY_IOCOLLECT_D169FE6C,19,0,1,6,0,0,27,39,False
optimized-guarded,2,5,24,10,0,0,11,150,24,M_TASKPOLICY_IOENQUEUE_EC975914,40,0,2,11,0,0,50,68,False
optimized-guarded,0,5,11,10,0,0,12,151,12,M_TASKPOLICY_IOBEGIN_A0C610B5,19,0,2,5,0,0,24,39,False
optimized-guarded,0,2,15,13,0,0,17,152,17,M_TASKPOLICY_IOTESTBEGIN_2E780855,26,0,0,8,0,0,32,49,False
optimized-guarded,1,3,10,9,0,0,8,153,12,M_TASKPOLICY_IOABORT_1EC95CFC,18,0,2,6,0,0,24,37,False
optimized-guarded,1,2,13,12,0,0,14,154,14,M_TASKPOLICY_IOWORKERCONTROL_3D43EE5B,23,0,2,7,0,0,28,45,False
optimized-guarded,1,2,9,5,0,0,5,155,9,M_TASKPOLICY_IOCLAIM_E59988BA,17,0,1,5,0,0,19,30,False
optimized-guarded,0,0,0,1,0,0,0,156,0,M_TASKPOLICY_IOTEST_D46D842E,0,0,0,0,0,0,0,1,False
optimized-guarded,0,2,15,6,0,0,6,157,8,M_TASKPOLICY_IOTESTFINISH_35E02F77,28,1,0,3,0,0,23,39,False
optimized-guarded,0,9,15,20,0,0,22,158,39,M_TASKPOLICY_IOCALL_78031962,45,1,9,17,0,0,63,91,False
optimized-guarded,0,9,15,26,0,0,34,159,34,M_TASKPOLICY_IOREQUESTCALL_7ACD78BD,36,0,11,16,0,0,55,87,False
optimized-guarded,0,4,2,15,0,0,15,160,28,M_TASKPOLICY_IOSETTLEDCALL_042AE5B9,29,0,8,10,0,0,38,58,False
optimized-guarded,0,5,12,11,0,0,13,161,24,M_TASKPOLICY_LEASESTORAGE_C3092E33,16,0,0,17,0,0,36,49,False
optimized-guarded,0,1,1,7,0,0,9,162,11,M_TASKPOLICY_APPLICATIONCOUNT_B3468565,4,0,0,5,2,7,12,17,False
optimized-guarded,0,3,0,9,0,0,11,163,12,M_TASKPOLICY_NOTIFYRESIDENTS_D29836FE,3,0,0,5,1,2,12,20,False
optimized-guarded,0,2,13,11,0,0,12,164,14,M_TASKPOLICY_RETAIN_6B38DA95,23,0,1,8,0,0,28,44,False
optimized-guarded,0,2,13,11,0,0,12,165,15,M_TASKPOLICY_RELEASE_25BFE7A9,24,0,1,8,0,0,29,45,False
optimized-guarded,0,1,10,8,0,0,10,166,14,M_TASKPOLICY_REGISTER_6BEAF001,17,1,0,6,0,0,21,32,False
optimized-guarded,0,8,9,20,0,0,28,167,38,M_TASKPOLICY_LIFETIMECALL_A2B2E727,46,0,12,17,0,0,58,91,False
optimized-guarded,0,1,1,1,0,0,0,168,5,M_TASKPOLICY_DOSSLOTFOR_362EB215,2,0,0,3,0,0,6,7,False
optimized-guarded,0,1,6,1,0,0,0,169,1,M_TASKPOLICY_DOSRESET_224DFB33,12,0,0,0,0,0,7,14,False
optimized-guarded,0,1,5,3,0,0,2,170,12,M_TASKPOLICY_DOSCANREMOVE_DB41E74E,11,0,0,6,0,0,17,21,False
optimized-guarded,0,2,5,5,0,0,4,171,7,M_TASKPOLICY_DOSCURRENT_4399DFDB,10,0,1,3,0,0,13,20,False
optimized-guarded,0,8,7,7,0,0,8,172,22,M_TASKPOLICY_DOSINIT_97B41A44,12,0,0,14,1,4,29,41,False
optimized-guarded,0,0,4,1,0,0,0,173,9,M_TASKPOLICY_DOSWORKERBOUND_DB9BCF66,7,0,0,7,0,0,13,15,False
optimized-guarded,0,0,3,3,0,0,3,174,3,M_TASKPOLICY_DOSREMOVED_D36757B2,5,0,0,3,0,0,6,11,False
optimized-guarded,2,3,10,4,0,0,4,175,15,M_TASKPOLICY_DOSPREPARE_61B1CC0D,21,0,1,7,1,2,26,37,False
optimized-guarded,0,4,15,12,0,0,15,176,15,M_TASKPOLICY_DOSADMIT_DEA63DC3,25,0,0,9,1,2,30,50,False
optimized-guarded,0,5,7,8,0,0,8,177,18,M_TASKPOLICY_DOSCONTROL_C7F82CE3,20,0,3,7,0,0,28,40,False
optimized-guarded,1,2,0,1,0,0,0,178,4,M_TASKPOLICY_PROCESSFOR_0276CBEE,1,0,0,0,0,0,4,5,False
optimized-guarded,0,2,3,1,0,0,0,179,10,M_TASKPOLICY_SLOTFREE_73C36B44,10,0,2,5,0,0,15,18,False
optimized-guarded,0,1,3,4,0,0,4,180,3,M_TASKPOLICY_PROCESSCLEAR_BCDB987A,3,0,0,3,0,2,6,11,False
optimized-guarded,0,3,0,4,0,0,4,181,5,M_TASKPOLICY_PROCESSINIT_C857F965,1,0,0,2,1,2,5,10,False
optimized-guarded,0,1,7,1,0,0,0,182,7,M_TASKPOLICY_PROCESSRECORDAVAILABLE_0E5B31EF,9,0,0,7,0,0,14,18,False
optimized-guarded,0,5,2,1,0,0,0,183,15,M_TASKPOLICY_PROCESSRESIDENT_478DA1B5,4,0,1,10,0,0,18,20,False
optimized-guarded,0,3,1,8,0,0,8,184,13,M_TASKPOLICY_VALIDPROCESSENTRY_D56EBBFD,3,0,0,8,1,2,14,22,False
optimized-guarded,0,10,31,22,0,0,26,185,54,M_TASKPOLICY_PROCESSRESERVE_23A33DDB,64,0,0,26,1,2,85,122,False
optimized-guarded,0,1,2,8,0,0,10,186,12,M_TASKPOLICY_PROCESSOWNED_DDA89718,5,0,0,7,1,2,14,21,False
optimized-guarded,0,1,3,9,0,0,12,187,15,M_TASKPOLICY_PROCESSFIND_A9822214,7,0,0,7,1,2,16,24,False
optimized-guarded,1,2,7,6,0,0,6,188,10,M_TASKPOLICY_PROCESSCURRENT_78571A20,11,0,0,4,0,0,17,24,False
optimized-guarded,2,10,30,20,1,0,25,189,53,M_TASKPOLICY_PROCESSLAUNCH_8314A6C0,61,0,1,22,0,0,85,115,False
optimized-guarded,1,3,5,9,0,0,10,190,27,M_TASKPOLICY_PROCESSCANREMOVE_140447A5,13,0,0,14,1,2,32,40,False
optimized-guarded,0,3,5,3,0,0,2,191,9,M_TASKPOLICY_PROCESSREMOVED_46C99271,12,0,0,2,0,0,14,20,False
optimized-guarded,0,0,11,1,0,0,0,192,32,M_TASKPOLICY_PROCESSSTORAGEEMPTY_D996E6A7,22,0,0,21,0,0,43,44,False
optimized-guarded,0,12,42,59,0,0,79,193,60,M_TASKPOLICY_PROCESSCHANGE_3BBD0041,73,0,7,37,0,0,109,181,False
optimized-guarded,0,2,5,1,0,0,0,194,4,M_TASKPOLICY_PROCESSCONTROL_6911FE90,9,0,1,1,0,0,10,13,False
optimized-guarded,0,5,0,16,0,0,20,199,20,M_TASKPOLICY_INPUTINIT_B07DD496,0,0,0,15,0,10,20,36,False
optimized-guarded,0,0,0,1,0,0,0,200,1,M_TASKPOLICY_KEYBOARDBINDING_7A2395A8,0,0,0,1,0,0,1,2,False
optimized-guarded,0,1,0,1,0,0,0,201,1,M_TASKPOLICY_KEYBOARDCLAIM_2C621EDB,0,0,0,0,0,0,1,2,False
optimized-guarded,0,1,0,1,0,0,0,202,0,M_TASKPOLICY_KEYBOARDRELEASE_69338836,0,0,0,0,0,0,0,2,False
optimized-guarded,0,0,0,1,0,0,0,203,1,M_TASKPOLICY_POINTERBINDING_D35CECAC,0,0,0,1,0,0,1,2,False
optimized-guarded,0,1,0,1,0,0,0,204,1,M_TASKPOLICY_POINTERCLAIM_44D64EBF,0,0,0,0,0,0,1,2,False
optimized-guarded,0,1,0,1,0,0,0,205,0,M_TASKPOLICY_POINTERRELEASE_E1BB47AA,0,0,0,0,0,0,0,2,False
optimized-guarded,0,2,1,4,0,0,4,206,4,M_TASKPOLICY_CONSOLEINIT_02CC0011,2,0,0,3,0,2,5,11,False
optimized-guarded,0,8,8,1,0,0,0,207,1,M_TASKPOLICY_CONSOLENAMES_B9E6EA95,8,0,0,2,0,0,9,19,False
optimized-guarded,0,1,1,1,0,0,0,208,2,M_TASKPOLICY_CONSOLENAME_0C46F590,1,0,0,1,0,0,3,4,False
optimized-guarded,0,0,1,1,0,0,0,209,3,M_TASKPOLICY_CONSOLEDEVICE_34497CA3,2,0,0,2,0,0,4,5,False
optimized-guarded,0,21,10,49,0,0,65,210,70,M_TASKPOLICY_REQUESTVALID_195CAC51,36,0,32,45,0,0,102,151,False
optimized-guarded,0,19,27,37,0,0,39,211,58,M_TASKPOLICY_ROUTE_3006B749,48,0,12,20,0,0,83,124,False
optimized-guarded,0,2,4,9,0,0,11,212,11,M_TASKPOLICY_FINISHDISPATCH_46CD5A79,12,0,3,5,0,0,17,28,False
optimized-guarded,0,17,15,21,0,0,23,213,48,M_TASKPOLICY_DISPATCH_2D7B283C,44,0,6,12,0,0,63,94,False
optimized-guarded,0,1,0,1,0,0,0,246,3,M_TASKSTACKS_STACKLOWER_64542B4C,2,0,0,0,0,0,3,4,False
optimized-guarded,0,1,0,1,0,0,0,247,3,M_TASKSTACKS_STACKUPPER_7AF4EA13,2,0,0,0,0,0,3,4,False
optimized-guarded,0,0,8,13,0,0,16,251,28,M_CONSOLECORE_EXTENT_83D9960B,18,0,1,15,0,0,30,46,False
optimized-guarded,0,0,3,3,0,0,3,252,6,M_CONSOLECORE_CELLOFFSET_711520EE,11,0,3,3,0,0,12,17,False
optimized-guarded,2,2,5,4,0,0,4,253,6,M_CONSOLECORE_CLEAN_3E747584,8,0,0,2,0,2,11,18,False
optimized-guarded,0,0,5,5,0,0,6,254,7,M_CONSOLECORE_CHANGED_16194333,12,0,0,3,0,0,12,20,False
optimized-guarded,6,6,7,7,0,0,9,255,24,M_CONSOLECORE_MARKROW_74F1B9FE,20,0,1,4,0,0,32,43,False
optimized-guarded,0,2,11,13,0,0,16,256,25,M_CONSOLECORE_DIRTY_4A63B073,35,0,6,10,0,4,41,60,False
optimized-guarded,6,6,12,12,0,0,15,257,31,M_CONSOLECORE_PRESENTED_91E62DC9,30,0,1,7,0,0,44,61,False
optimized-guarded,0,3,17,14,0,0,18,258,21,M_CONSOLECORE_INIT_F63331F9,37,0,4,11,0,6,41,65,False
optimized-guarded,1,2,13,8,0,0,9,259,16,M_CONSOLECORE_EDITRETAINED_2E59361D,30,1,2,7,0,0,32,48,False
optimized-guarded,0,2,3,3,0,0,2,260,3,M_CONSOLECORE_EDITQUANTUM_E6CDEC54,5,0,0,1,0,0,6,11,False
optimized-guarded,0,0,6,4,0,0,4,261,7,M_CONSOLECORE_NEWLINE_97A73E23,15,0,2,4,0,0,15,23,False
optimized-guarded,0,2,12,17,0,0,23,262,14,M_CONSOLECORE_CONTROL_7E220524,26,0,2,10,0,0,28,55,False
optimized-guarded,3,12,27,35,0,0,49,263,59,M_CONSOLECORE_FEEDINTO_F0C48569,51,0,1,26,1,15,87,127,False
optimized-guarded,0,1,3,1,0,0,0,264,2,M_CONSOLECORE_FEED_287D49E7,3,0,0,0,0,0,4,5,False
optimized-guarded,0,3,7,3,0,0,3,265,5,M_CONSOLECORE_FEEDBATCH_FBB9A7C1,13,0,2,2,0,0,14,21,False
optimized-guarded,4,5,11,9,0,0,12,266,23,M_CONSOLECORE_BATCHDAMAGE_51FD9990,17,0,0,8,0,4,34,43,False
optimized-guarded,1,0,0,1,0,0,0,267,1,M_CONSOLEBATCH_GET_1DDD9652,0,0,0,0,0,0,1,2,False
optimized-guarded,2,2,12,12,0,0,17,268,26,M_CONSOLEBATCH_BEGIN_A348F06D,35,0,1,10,0,2,37,61,False
optimized-guarded,0,0,0,9,0,0,12,269,12,M_CONSOLEBATCH_DUE_DFFF17C0,10,0,4,8,0,0,16,27,False
optimized-guarded,1,2,4,6,0,0,7,270,17,M_CONSOLEBATCH_FEED_F2D299EE,19,0,3,7,0,0,24,35,False
optimized-guarded,1,1,1,5,0,1,5,271,4,M_CONSOLEBATCH_PUBLISH_28F83695,6,0,2,2,0,0,7,15,False
optimized-guarded,0,0,0,1,0,0,0,272,0,M_CONSOLEBATCH_RESET_8C5BFDE1,1,0,0,0,0,0,0,2,False
optimized-guarded,1,1,10,4,0,0,4,273,25,M_DISPLAY_VALID_AD4A9CEB,19,0,0,14,0,0,35,39,False
optimized-guarded,0,0,0,1,0,0,0,274,0,M_DISPLAY_STATE_1869A6F2,1,0,1,0,0,0,1,2,False
optimized-guarded,0,0,0,1,0,0,0,275,0,M_DISPLAY_KIND_52F443B1,1,0,1,0,0,0,1,2,False
optimized-guarded,1,8,17,21,0,0,28,276,31,M_DISPLAY_ACQUIRE_D4F205A1,36,0,3,19,0,0,51,85,False
optimized-guarded,0,1,1,5,0,0,4,277,3,M_DISPLAY_CHECK_D0D668F5,2,0,1,2,0,0,5,10,False
optimized-guarded,0,1,2,4,0,0,4,278,3,M_DISPLAY_ACTIVATE_FA0B49D8,5,0,1,2,0,0,6,12,False
optimized-guarded,0,1,2,5,0,0,6,279,4,M_DISPLAY_BEGINRELEASE_D060B9F5,6,0,2,3,0,0,8,15,False
optimized-guarded,1,6,6,6,0,0,7,280,5,M_DISPLAY_RELEASE_49E3CB4A,12,0,1,3,0,0,12,28,False
optimized-guarded,0,1,2,3,0,0,2,281,2,M_DISPLAY_FAULT_17A2F7BD,4,0,0,1,0,0,4,9,False
optimized-guarded,0,0,0,1,0,0,0,283,1,M_CONSOLEBITMAP_GETBINDING_4C301254,0,0,0,1,0,0,1,2,False
optimized-guarded,0,1,0,1,0,0,0,284,2,M_CONSOLEBITMAP_ENABLED_B5633DC6,1,0,0,0,0,0,2,3,False
optimized-guarded,0,1,0,1,0,0,0,285,2,M_CONSOLEBITMAP_FAILED_26B87568,1,0,0,0,0,0,2,3,False
optimized-guarded,0,1,10,9,0,0,14,286,22,M_CONSOLEBITMAP_BIND_37A88456,19,0,0,12,0,0,27,41,False
optimized-guarded,0,1,0,1,0,0,0,287,3,M_CONSOLEBITMAP_GETPACKET_5A801E1D,1,0,0,1,0,0,3,4,False
optimized-guarded,0,5,8,13,0,0,17,288,19,M_CONSOLEBITMAP_RUN_859D3E7A,24,0,4,10,0,0,31,52,False
optimized-guarded,0,4,1,5,0,0,4,289,7,M_CONSOLEBITMAP_OPEN_C85D6197,7,0,0,2,0,0,8,18,False
optimized-guarded,0,1,0,1,0,0,0,290,1,M_CONSOLEBITMAP_CLOSE_9D29479F,2,0,0,0,0,0,1,4,False
optimized-guarded,0,0,0,1,0,0,0,291,1,M_CONSOLEBITMAP_MASK_8BB047A7,1,0,0,0,0,0,1,2,False
optimized-guarded,0,2,4,1,0,0,0,292,2,M_CONSOLEBITMAP_FILL_0D7F3514,15,0,5,0,0,0,11,18,False
optimized-guarded,0,2,5,1,0,0,0,293,5,M_CONSOLEBITMAP_TEXT_D480A0BE,16,0,3,2,0,0,13,21,False
optimized-guarded,0,2,10,1,0,0,0,294,5,M_CONSOLEBITMAP_TEXTCARET_18ADBDA7,28,0,5,2,0,0,20,33,False
optimized-guarded,0,8,15,7,0,0,8,295,13,M_CONSOLEBITMAP_SCROLL_377D53B8,44,0,13,6,0,0,41,65,False
optimized-guarded,0,0,0,1,0,0,0,296,0,M_CONSOLEBITMAP_PENDING_D6383590,1,0,1,0,0,0,1,2,False
optimized-guarded,0,2,0,8,0,0,9,297,6,M_CONSOLEBITMAP_POLL_6E3B6F9E,4,0,1,3,0,0,7,17,False
optimized-guarded,0,0,0,1,0,0,0,298,1,M_CONSOLEWINDOWS_REGISTRY_F9AAFFE0,0,0,0,1,0,0,1,2,False
optimized-guarded,0,0,2,1,0,0,0,299,5,M_CONSOLEWINDOWS_LIVE_CF72384F,4,0,0,3,0,0,7,8,False
optimized-guarded,1,3,4,4,0,0,4,300,11,M_CONSOLEWINDOWS_FIND_07AFDE1C,6,0,0,4,0,0,13,18,False
optimized-guarded,3,5,1,7,0,0,8,301,13,M_CONSOLEWINDOWS_BOUND_2C2AAE27,1,0,0,4,1,2,14,20,False
optimized-guarded,2,4,8,10,0,0,10,302,19,M_CONSOLEWINDOWS_RESERVE_27D75673,16,0,0,9,1,2,27,41,False
optimized-guarded,1,2,9,5,0,0,6,303,5,M_CONSOLEWINDOWS_RETIRED_09D5DC06,17,0,0,2,0,0,14,27,False
optimized-guarded,1,4,17,23,0,0,29,304,40,M_CONSOLEWINDOWS_RUNNABLE_B9919222,37,0,0,18,0,0,57,83,False
optimized-guarded,2,5,0,16,0,0,18,305,21,M_CONSOLEWINDOWS_TAKE_9FD09734,10,0,2,10,1,2,23,43,False
optimized-guarded,0,0,4,8,0,0,10,316,13,M_INPUT_SHAPE_12014EFC,6,0,2,9,0,0,15,23,False
optimized-guarded,0,4,5,5,0,0,4,317,19,M_INPUT_EXTENT_FA4C9281,9,0,3,14,0,0,26,32,False
optimized-guarded,0,0,0,1,0,0,0,318,7,M_INPUT_FILTERVALID_D26629FB,3,0,2,6,0,0,9,10,False
optimized-guarded,0,3,40,45,0,0,61,319,80,M_INPUT_CHECKCONFIG_58BFFC0D,81,0,4,40,0,0,124,169,False
optimized-guarded,0,0,0,3,0,0,2,320,3,M_INPUT_SOURCESTATE_ED5DBA81,1,0,1,3,0,0,4,7,False
optimized-guarded,0,1,4,8,0,0,8,321,7,M_INPUT_SHARED_40B1C6BE,5,0,0,5,0,2,11,19,False
optimized-guarded,0,0,2,4,0,0,4,322,3,M_INPUT_SOURCEOF_A387FC4D,1,0,0,3,1,2,5,8,False
optimized-guarded,0,1,1,3,0,0,2,323,4,M_INPUT_CAPTURE_307447C1,1,0,0,3,0,0,5,8,False
optimized-guarded,2,1,22,16,0,0,26,324,36,M_INPUT_VALID_32EBD3E5,40,0,1,17,0,0,59,76,False
optimized-guarded,1,1,4,1,0,0,0,325,10,M_INPUT_ROUTEVALID_38FC4B26,4,0,0,5,0,0,11,12,False
optimized-guarded,4,6,13,22,0,0,26,326,48,M_INPUT_REFERENCED_138D8154,24,0,1,22,1,4,57,78,False
optimized-guarded,3,21,24,29,0,0,33,327,57,M_INPUT_ACQUIRE_69C538CF,54,0,1,25,0,6,82,132,False
optimized-guarded,3,10,2,12,0,0,12,328,20,M_INPUT_CREATEROUTE_F78B5B60,8,0,1,9,1,2,23,42,False
optimized-guarded,0,9,9,9,0,0,10,329,12,M_INPUT_PUBLISHROUTE_D1782DE9,11,0,0,4,0,0,16,33,False
optimized-guarded,1,10,9,7,0,0,6,330,13,M_INPUT_RETIREROUTE_2881C61B,11,0,0,5,0,0,19,34,False
optimized-guarded,0,9,6,8,0,0,8,331,9,M_INPUT_DISCARD_ACB1BF45,7,0,0,3,0,0,12,27,False
optimized-guarded,0,6,7,13,0,0,17,332,15,M_INPUT_PENDING_94D4AB06,24,0,7,10,0,0,29,53,False
optimized-guarded,0,0,1,3,0,0,2,333,15,M_INPUT_POINTERDELTAVALID_367584F0,6,0,0,9,0,0,15,18,False
optimized-guarded,0,0,1,7,0,0,6,334,30,M_INPUT_POINTERCOORDINATE_C979CE22,16,0,0,16,0,0,30,39,False
optimized-guarded,4,11,53,36,0,0,47,335,88,M_INPUT_POINTERREAD_16C85D8C,144,0,19,40,0,6,160,235,False
optimized-guarded,1,17,22,21,0,0,26,336,35,M_INPUT_TAKE_28320780,54,0,6,19,4,4,63,112,False
optimized-guarded,4,17,9,15,0,0,17,337,22,M_INPUT_RELEASE_78D4EBB0,16,0,2,11,1,4,33,63,False
optimized-guarded,1,0,0,1,0,0,0,338,1,M_CONSOLECAPTURE_GETLEASE_6E44FE9A,0,0,0,0,0,0,1,2,False
optimized-guarded,2,1,0,1,0,0,0,339,4,M_CONSOLECAPTURE_ACQUIRE_39D4E6A8,7,0,0,1,0,0,4,12,False
optimized-guarded,3,6,0,6,0,0,7,340,9,M_CONSOLECAPTURE_RELEASE_DD04AD8D,0,0,0,4,1,2,9,19,False
optimized-guarded,1,2,1,3,0,0,3,341,4,M_CONSOLECAPTURE_PUBLISH_C5573D67,1,0,0,1,0,0,4,8,False
optimized-guarded,4,4,1,7,0,0,9,342,15,M_CONSOLECAPTURE_CLEARUNIT_43522FE3,1,0,0,5,1,2,15,21,False
optimized-guarded,0,0,0,1,0,0,0,343,1,M_CONSOLEFOREGROUND_REGISTRY_ABF9F388,0,0,0,1,0,0,1,2,False
optimized-guarded,9,12,6,16,0,0,22,344,31,M_CONSOLEFOREGROUND_RECLAIM_59B58C70,9,0,1,10,1,4,38,56,False
optimized-guarded,3,7,7,10,0,0,12,345,26,M_CONSOLEFOREGROUND_ALLOCATE_F1C749CC,21,0,1,8,2,6,33,49,False
optimized-guarded,0,1,5,3,0,0,2,346,5,M_CONSOLEFOREGROUND_REGISTER_0F2DE106,9,0,0,1,0,0,8,14,False
optimized-guarded,0,3,6,5,0,0,6,347,9,M_CONSOLEFOREGROUND_UNREGISTER_54DD2BA5,14,0,0,4,0,0,15,26,False
optimized-guarded,0,2,6,6,0,0,7,348,19,M_CONSOLEFOREGROUND_RETIREUNBOUNDBREAKS_24224B11,12,0,0,8,2,12,25,28,False
optimized-guarded,0,6,22,12,0,0,13,349,25,M_CONSOLEFOREGROUND_BEGIN_4DD9FFD0,35,0,0,12,0,0,44,65,False
optimized-guarded,2,8,14,12,0,0,16,350,23,M_CONSOLEFOREGROUND_END_65D34F46,25,0,0,10,1,2,37,57,False
optimized-guarded,4,11,31,19,0,0,24,351,40,M_CONSOLEFOREGROUND_HANDOFF_CB9B2D39,58,0,3,20,1,2,74,112,False
optimized-guarded,1,3,5,6,0,0,6,352,15,M_CONSOLEFOREGROUND_RESOLVE_9B8D664B,9,0,0,5,0,0,17,24,False
optimized-guarded,0,1,6,6,0,0,7,353,8,M_CONSOLEFOREGROUND_NOTIFYONE_981F2C18,11,0,0,4,0,0,14,22,False
optimized-guarded,0,3,3,1,0,0,0,354,4,M_CONSOLEFOREGROUND_NOTIFY_A30EB7D0,5,0,0,2,0,0,7,11,False
optimized-guarded,1,10,11,11,0,0,12,355,23,M_CONSOLEFOREGROUND_DELIVER_8D52BBDC,21,0,1,11,0,0,32,54,False
optimized-guarded,0,0,1,1,0,0,0,356,1,M_CONSOLEINPUT_INIT_5076ECFA,9,0,0,0,0,0,2,10,False
optimized-guarded,0,0,0,1,0,0,0,357,1,M_CONSOLEINPUT_LOSE_42C88EE3,5,0,0,0,0,0,1,6,False
optimized-guarded,0,4,7,3,0,0,3,358,3,M_CONSOLEINPUT_CLEAR_3DEF4D2B,12,0,0,2,0,0,10,21,False
optimized-guarded,0,5,9,39,0,0,45,359,53,M_CONSOLEINPUT_DECODE_A428056C,52,0,19,37,0,0,81,133,False
optimized-guarded,0,3,10,8,0,0,8,360,15,M_CONSOLEINPUT_DELIVER_8B43A137,21,0,3,8,0,0,27,40,False
optimized-guarded,1,9,1,20,0,0,28,361,31,M_CONSOLEINPUT_PUMP_600356CC,17,0,6,17,0,2,37,64,False
optimized-guarded,0,3,2,5,0,0,6,362,6,M_CONSOLEINPUT_SERVICE_4560B6F3,8,0,3,4,0,0,10,20,False
optimized-guarded,0,3,8,11,0,0,13,363,16,M_CONSOLEINPUT_READ_9E7D5EC6,20,0,4,9,0,2,28,43,False
optimized-guarded,0,1,0,3,0,0,2,364,2,M_CONSOLEDISPLAY_WIDTH_10C212F0,0,0,0,1,0,0,2,5,False
optimized-guarded,0,1,0,3,0,0,2,365,2,M_CONSOLEDISPLAY_HEIGHT_F3C514AD,0,0,0,1,0,0,2,5,False
optimized-guarded,0,1,1,3,0,0,2,367,4,M_CONSOLEDISPLAY_GLYPH_DCC4F92E,4,0,1,2,0,0,6,10,False
optimized-guarded,0,12,0,22,0,0,28,368,44,M_CONSOLEDISPLAY_LISTVALID_C50FC922,9,0,2,24,0,2,46,67,False
optimized-guarded,0,1,0,17,0,0,24,369,30,M_CONSOLEDISPLAY_VALIDATE_33E36106,16,0,0,13,0,0,30,47,False
optimized-guarded,0,4,12,12,0,0,16,370,26,M_CONSOLEDISPLAY_GEOMETRY_B00D0334,24,0,0,10,0,0,38,50,False
optimized-guarded,2,11,48,18,0,0,20,371,35,M_CONSOLEDISPLAY_CLAIM_0FF5CDD8,90,0,0,18,0,0,83,139,False
optimized-guarded,2,8,17,9,0,0,10,372,18,M_CONSOLEDISPLAY_RELEASE_C2AC22C5,38,0,0,6,0,0,35,63,False
optimized-guarded,0,2,0,1,0,0,0,373,6,M_CONSOLEDISPLAY_POSITION_5668E3AD,3,0,1,2,0,0,7,8,False
optimized-guarded,0,2,6,3,0,0,2,374,11,M_CONSOLEDISPLAY_CURSORPOSITION_6D01F173,12,0,1,4,0,0,18,21,False
optimized-guarded,0,9,27,14,0,0,17,375,49,M_CONSOLEDISPLAY_CURSOR_3EC7579C,60,0,2,17,0,0,78,100,False
optimized-guarded,5,17,52,33,0,0,47,376,128,M_CONSOLEDISPLAY_CELLS_40A0DF53,106,0,5,62,0,16,184,223,False
optimized-guarded,1,9,17,8,0,0,9,377,34,M_CONSOLEDISPLAY_REMOVECURSOR_56933EEC,38,0,0,9,0,0,51,65,False
optimized-guarded,1,9,14,18,0,0,22,378,38,M_CONSOLEDISPLAY_ERASE_7308FAA4,27,0,0,17,0,4,52,72,False
optimized-guarded,0,6,19,17,0,0,28,379,36,M_CONSOLEDISPLAY_BEGINBATCH_E8453865,36,0,0,15,0,0,54,74,False
optimized-guarded,0,2,15,3,0,0,3,380,8,M_CONSOLEDISPLAY_FLUSHBATCH_36B2DD3C,29,0,0,1,0,0,22,35,False
optimized-guarded,1,6,14,9,0,0,13,381,26,M_CONSOLEDISPLAY_DISCARDBATCH_161CED78,36,0,1,10,0,0,41,62,False
optimized-guarded,1,7,18,12,0,0,16,382,25,M_CONSOLEDISPLAY_PRESENTBATCH_DC8CCBC5,33,0,1,10,0,0,44,63,False
optimized-guarded,0,7,29,23,0,0,33,383,38,M_CONSOLEDISPLAY_BITMAPEDIT_EF95A6DB,57,0,3,19,0,0,70,106,False
optimized-guarded,1,8,28,25,0,0,40,384,58,M_CONSOLEDISPLAY_BITMAPCOMPLETE_8FE2FF3C,73,0,1,21,0,0,87,128,False
optimized-guarded,0,4,0,10,0,0,14,385,8,M_CONSOLEDISPLAY_POLL_204D6C85,4,0,2,5,0,0,10,23,False
optimized-guarded,0,0,0,1,0,0,0,386,0,M_CONSOLEDISPLAY_COMPLETIONREADY_755EF473,1,0,1,0,0,0,1,2,False
optimized-guarded,0,15,53,31,0,0,44,387,72,M_CONSOLEDISPLAY_ADVANCE_74F2C1A4,109,0,1,22,0,0,120,177,False
optimized-guarded,5,14,31,29,0,0,41,388,61,M_CONSOLEDISPLAY_EDIT_379C99EA,62,0,5,28,0,2,97,138,False
optimized-guarded,0,13,29,28,0,0,39,389,42,M_CONSOLEDISPLAY_PRESENT_E192ED9F,46,0,1,19,0,0,72,106,False
optimized-guarded,0,2,4,3,0,0,3,390,2,M_CONSOLEDISPLAY_QUANTUM_5F98A18D,4,0,0,1,0,0,6,10,False
optimized-guarded,0,3,2,5,0,0,4,391,3,M_CONSOLECONTROL_APPLY_DCB506BB,3,0,0,2,0,0,5,13,False
optimized-guarded,1,10,9,9,0,0,11,392,19,M_CONSOLECONTROL_PROCESS_46BB287E,23,0,1,8,0,0,29,51,False
optimized-guarded,2,10,13,14,0,0,18,393,23,M_CONSOLECONTROL_SUBMIT_2C979A45,33,0,2,11,0,0,38,70,False
optimized-guarded,0,0,0,1,0,0,0,395,1,M_CONSOLEDRIVER_GETSERVICE_BEE5E55D,0,0,0,1,0,0,1,2,False
optimized-guarded,0,0,0,1,0,0,0,396,1,M_CONSOLEDRIVER_GETINSTANCE_7919D405,0,0,0,1,0,0,1,2,False
optimized-guarded,0,5,2,5,0,0,7,397,8,M_CONSOLEDRIVER_SCREENWIDTH_857AD658,8,0,1,3,0,0,11,21,False
optimized-guarded,0,5,2,5,0,0,7,398,8,M_CONSOLEDRIVER_SCREENHEIGHT_C12F3455,8,0,1,3,0,0,11,21,False
optimized-guarded,1,3,2,14,0,0,16,399,30,M_CONSOLEDRIVER_MAPPED_DAA6A481,12,0,2,18,0,2,33,48,False
optimized-guarded,0,3,12,17,0,0,18,400,30,M_CONSOLEDRIVER_VALIDATE_72D30322,24,0,0,15,0,0,42,59,False
optimized-guarded,0,2,3,5,0,0,4,401,11,M_CONSOLEDRIVER_BOUND_DEB813D0,8,0,0,5,0,0,14,20,False
optimized-guarded,1,1,10,13,0,0,15,402,20,M_CONSOLEDRIVER_IDLE_F6EAB10E,17,0,0,10,2,2,30,42,False
optimized-guarded,1,2,3,5,0,0,5,403,7,M_CONSOLEDRIVER_RETAINOPENER_B80DF9C6,6,0,0,2,0,0,10,16,False
optimized-guarded,0,7,27,20,0,0,27,404,31,M_CONSOLEDRIVER_OPEN_434F52B0,54,0,3,18,0,0,58,99,False
optimized-guarded,2,8,16,7,0,0,9,405,13,M_CONSOLEDRIVER_CLOSE_60C60326,28,0,0,5,0,0,29,50,False
optimized-guarded,1,1,4,4,0,0,4,406,2,M_CONSOLEDRIVER_COMPLETE_39781A87,5,0,1,2,0,0,7,13,False
optimized-guarded,0,1,13,22,0,0,24,407,28,M_CONSOLEDRIVER_IMMEDIATE_01EBE21F,26,0,1,16,0,0,42,65,False
optimized-guarded,2,7,26,13,0,0,15,408,21,M_CONSOLEDRIVER_BEGINIO_76358745,43,0,1,11,0,0,48,76,False
optimized-guarded,2,4,23,13,0,0,16,409,16,M_CONSOLEDRIVER_ABORTIO_EFA380E8,32,0,0,11,0,0,39,62,False
optimized-guarded,1,3,6,1,0,0,0,410,4,M_CONSOLEDRIVER_CLAIMWRITE_0313F299,8,0,0,3,0,0,10,16,False
optimized-guarded,0,4,10,6,0,0,8,411,6,M_CONSOLEDRIVER_FINISHWRITE_E8555190,14,0,0,5,0,0,16,29,False
optimized-guarded,0,4,10,5,0,0,6,412,4,M_CONSOLEDRIVER_FINISHREAD_49C55BD3,14,0,0,4,0,0,14,27,False
optimized-guarded,4,10,23,21,0,0,28,413,26,M_CONSOLEDRIVER_ARRIVAL_EC6B7DA9,40,0,1,15,0,0,50,90,False
optimized-guarded,3,6,1,12,0,0,15,414,17,M_CONSOLEDRIVER_RUNNABLE_F91A82EB,2,0,1,7,1,2,19,30,False
optimized-guarded,0,3,0,1,0,0,0,415,2,M_CONSOLEDRIVER_STATE_C6409A7F,3,0,1,0,0,0,3,7,False
optimized-guarded,0,1,2,4,0,0,4,416,7,M_CONSOLEDRIVER_NOTIFY_2C61AA6D,10,1,0,2,2,2,10,17,False
optimized-guarded,1,5,7,5,0,0,4,417,10,M_CONSOLEDRIVER_PREPAREWAITER_2678D1F7,19,0,3,3,0,0,20,33,False
optimized-guarded,1,3,2,3,0,0,3,418,4,M_CONSOLEDRIVER_FREEWAITER_5FC08D72,3,0,0,1,0,0,6,11,False
optimized-guarded,0,1,6,1,0,0,0,419,4,M_CONSOLEDRIVER_WAITCHANGE_4E83E195,9,0,0,2,0,0,10,13,False
optimized-guarded,6,14,23,15,1,0,18,420,32,M_CONSOLEDRIVER_ADMITWORKER_8B81C455,48,0,2,16,1,2,58,99,False
optimized-guarded,3,11,0,18,0,0,24,421,35,M_CONSOLEDRIVER_START_3E6AAC44,19,0,3,16,0,0,38,67,False
optimized-guarded,2,4,2,13,0,0,15,422,17,M_CONSOLEDRIVER_ALLIDLE_23B19503,5,0,0,8,1,2,19,32,False
optimized-guarded,1,2,6,7,0,0,7,423,7,M_CONSOLEDRIVER_REQUESTSTOP_763F8D8B,10,0,0,3,0,0,13,23,False
optimized-guarded,3,10,0,10,0,0,12,424,17,M_CONSOLEDRIVER_STOP_093D3500,8,0,1,5,0,0,18,36,False
optimized-guarded,1,5,5,3,0,0,3,425,3,M_CONSOLEDRIVER_RETIREWORKER_09E7B3B9,8,0,0,1,0,0,8,18,False
optimized-guarded,0,5,24,16,0,0,25,426,41,M_CONSOLEDRIVER_BATCHWRITE_60F6B557,50,0,1,18,0,0,64,89,False
optimized-guarded,0,18,61,50,0,0,67,427,88,M_CONSOLEDRIVER_WRITEQUANTUM_3CD4DB9C,112,0,4,43,0,0,150,223,False
optimized-guarded,0,4,19,20,0,0,27,428,28,M_CONSOLEDRIVER_READQUANTUM_10EBF725,41,0,1,13,0,0,47,78,False
optimized-guarded,1,20,32,24,0,0,29,429,45,M_CONSOLEDRIVER_INITIALIZE_D6CB2592,68,0,3,20,0,0,80,133,False
optimized-guarded,1,12,15,7,0,0,9,430,15,M_CONSOLEDRIVER_FREESTORAGE_02676B4B,31,0,0,5,0,0,30,56,False
optimized-guarded,0,1,1,1,0,0,0,431,4,M_CONSOLEDRIVER_COLLECT_102291BE,2,0,1,2,0,0,5,6,False
optimized-guarded,0,64,3,64,0,0,93,432,100,M_CONSOLEDRIVER_WORKER_589B3ABC,49,0,7,48,5,12,110,225,False
optimized-guarded,1,5,12,5,0,0,4,434,8,M_PORTCORE_CREATEMSGPORT_A47550A3,23,0,1,4,0,0,21,38,False
optimized-guarded,0,3,4,3,0,0,2,435,2,M_PORTCORE_DELETEMSGPORT_9136F7C6,3,0,0,2,0,0,6,11,False
optimized-guarded,0,0,9,8,0,0,8,443,28,M_SIODRIVER_BOUND_DC2366E0,19,0,1,20,0,0,36,47,False
optimized-guarded,1,1,19,17,1,0,25,444,35,M_SIODRIVER_OPEN_9AA3F320,44,0,5,23,0,0,56,86,False
optimized-guarded,0,1,8,4,0,0,5,445,13,M_SIODRIVER_CLOSE_01A37B96,20,0,2,8,0,0,23,33,False
optimized-guarded,3,2,13,9,0,0,11,446,11,M_SIODRIVER_BEGINIO_E1378755,22,0,1,6,0,0,25,42,False
optimized-guarded,2,3,8,5,0,0,4,447,5,M_SIODRIVER_ABORTIO_689758F8,11,0,0,3,0,0,13,24,False
optimized-guarded,0,5,6,10,0,0,15,448,13,M_SIODRIVER_TRYCANCEL_BDB03575,15,0,1,7,0,0,20,37,False
optimized-guarded,1,4,11,7,0,0,9,449,9,M_SIODRIVER_CLAIM_64B130D4,22,0,0,5,0,0,20,39,False
optimized-guarded,0,4,2,7,0,0,9,450,7,M_SIODRIVER_ACTIVATE_5F9BFB05,8,0,1,4,0,0,10,23,False
optimized-guarded,1,5,14,9,0,0,12,451,11,M_SIODRIVER_FINISH_D94C5F1F,29,0,1,7,0,0,26,51,False
optimized-guarded,0,0,6,6,0,0,8,452,7,M_SIODRIVER_REAP_531B42EA,13,0,0,3,0,0,13,22,False
optimized-guarded,0,3,2,4,0,0,5,453,5,M_SIODRIVER_STATE_C8F9434F,8,0,1,3,0,0,8,18,False
optimized-guarded,0,0,0,1,0,0,0,454,1,M_SIODRIVER_UNAVAILABLE_B7013E26,1,0,0,0,0,0,1,2,False
optimized-guarded,0,1,2,4,0,0,4,455,6,M_SIODRIVER_NOTIFY_7F90C49D,10,1,0,1,2,2,9,16,False
optimized-guarded,1,5,7,5,0,0,4,456,10,M_SIODRIVER_PREPAREWAITER_A5456107,19,0,3,3,0,0,20,33,False
optimized-guarded,1,3,2,3,0,0,3,457,4,M_SIODRIVER_FREEWAITER_3A54C422,3,0,0,1,0,0,6,11,False
optimized-guarded,0,1,5,1,0,0,0,458,3,M_SIODRIVER_WAITCHANGE_D2A1FD05,9,0,0,0,0,0,8,11,False
optimized-guarded,3,8,20,15,1,0,17,459,27,M_SIODRIVER_ADMITWORKER_05019805,47,0,0,15,1,4,48,88,False
optimized-guarded,3,11,0,18,0,0,24,460,33,M_SIODRIVER_START_4928F5B4,17,0,2,16,0,0,35,65,False
optimized-guarded,4,12,1,14,0,0,20,461,24,M_SIODRIVER_STOP_B26AF28A,12,0,0,9,0,0,24,51,False
optimized-guarded,1,4,8,5,0,0,6,462,19,M_SIODRIVER_STOPPING_28442DD8,16,0,1,11,0,0,27,37,False
optimized-guarded,1,5,3,3,0,0,3,463,3,M_SIODRIVER_RETIREWORKER_47CA3A29,4,0,0,1,0,0,6,14,False
optimized-guarded,1,3,2,14,0,0,16,464,30,M_SIODRIVER_SIOMAPPED_D1D9A9D6,12,0,2,18,0,2,33,48,False
optimized-guarded,0,0,9,10,0,0,10,465,20,M_SIODRIVER_PAYLOADLENGTH_9F5C9B06,18,0,1,12,0,0,30,40,False
optimized-guarded,0,2,19,32,0,0,37,466,40,M_SIODRIVER_SIOVALIDATE_7D355271,40,0,0,19,0,0,59,93,False
optimized-guarded,0,2,0,12,0,0,15,467,18,M_SIODRIVER_DEADLINETICKS_83CDA5CA,8,0,2,8,8,9,20,30,False
optimized-guarded,0,7,16,10,0,0,13,468,29,M_SIODRIVER_PREPARE_D10BF723,37,0,0,11,0,6,45,65,False
optimized-guarded,0,16,0,16,0,0,20,469,16,M_SIODRIVER_HARDWAREINIT_3568BDA6,11,0,8,8,0,0,24,51,False
optimized-guarded,0,14,7,16,0,0,19,470,20,M_SIODRIVER_RUNREQUEST_4500BA50,23,0,1,8,0,0,28,61,False
optimized-guarded,0,20,2,13,0,0,16,471,18,M_SIODRIVER_WORKER_374ADF8C,10,0,0,8,0,0,19,51,False
optimized-guarded,0,2,3,8,0,0,8,472,8,M_SIODRIVER_MATCHES_AEE1C237,4,0,0,5,1,2,11,19,False
optimized-guarded,0,3,2,5,0,0,4,473,4,M_IORESIDENT_BOUND_C1F0BA89,4,0,2,2,0,0,8,14,False
optimized-guarded,0,3,6,5,0,0,4,474,8,M_IORESIDENT_OPEN_6086F993,10,0,2,2,0,0,14,20,False
optimized-guarded,0,3,2,5,0,0,4,475,2,M_IORESIDENT_CLOSE_FE2B0633,4,0,2,2,0,0,6,14,False
optimized-guarded,0,3,2,5,0,0,4,476,2,M_IORESIDENT_BEGINIO_914C855C,4,0,2,2,0,0,6,14,False
optimized-guarded,0,3,2,5,0,0,4,477,2,M_IORESIDENT_ABORTIO_0DA61711,4,0,2,2,0,0,6,14,False
optimized-guarded,0,6,7,6,0,0,7,484,17,M_IOCORE_OPENDEVICE_A2787528,15,0,0,6,0,0,22,33,False
optimized-guarded,0,6,3,5,0,0,6,485,9,M_IOCORE_CLOSEDEVICE_667F761E,6,0,0,5,0,0,12,22,False
optimized-guarded,0,8,11,20,0,0,28,486,24,M_IOCORE_SUBMIT_5D7CB97A,36,0,9,16,0,0,44,80,False
optimized-guarded,0,1,1,1,0,0,0,487,1,M_IOCORE_BEGINIO_FAB52593,1,0,0,0,0,0,2,3,False
optimized-guarded,0,1,1,1,0,0,0,488,1,M_IOCORE_SENDIO_CA4E16BA,1,0,0,0,0,0,2,3,False
optimized-guarded,0,6,3,5,0,0,6,489,9,M_IOCORE_ABORTIO_125E3726,6,0,0,5,0,0,12,22,False
optimized-guarded,0,2,10,7,0,0,8,492,12,M_IOCORE_CREATEIOREQUEST_DE10015D,15,0,0,6,0,0,19,30,False
optimized-guarded,0,2,4,3,0,0,2,493,3,M_IOCORE_DELETEIOREQUEST_93A87E78,5,0,1,3,0,0,8,13,False
optimized-guarded,0,1,1,1,0,0,0,495,1,M_IOCORE_START_4033F51A,1,0,0,0,0,0,2,3,False
optimized-guarded,0,4,2,4,0,0,4,496,11,M_IOCORE_WAITIO_8CA35F61,2,0,0,6,4,2,13,16,False
optimized-guarded,0,2,2,3,0,0,2,497,7,M_IOCORE_DOIO_173DC4A1,4,0,0,4,0,0,9,13,False
optimized-guarded,4,13,6,23,0,0,29,498,33,M_CONSOLETILING_LOCK_D1C61C32,13,0,0,16,1,4,39,69,False
optimized-guarded,4,10,1,10,0,0,13,499,15,M_CONSOLETILING_UNLOCK_9D80F64D,4,0,0,5,1,2,16,33,False
optimized-guarded,0,1,3,3,0,0,2,500,8,M_CONSOLETILING_OWNED_E442B6FE,5,0,0,5,0,0,11,14,False
optimized-guarded,1,8,11,8,0,0,10,501,16,M_CONSOLETILING_SELECT_D724C265,25,0,0,7,0,0,27,49,False
optimized-guarded,3,8,7,14,0,0,17,502,28,M_CONSOLETILING_HIDELOCKED_54ED13CF,19,0,0,12,1,2,35,56,False
optimized-guarded,3,19,18,28,0,0,36,503,80,M_CONSOLETILING_SHOW_26065EE8,72,0,3,30,1,2,100,152,False
optimized-guarded,0,6,2,5,0,0,4,504,6,M_CONSOLETILING_HIDE_B9E54D0B,3,0,0,2,0,0,7,16,False
optimized-guarded,0,7,3,7,0,0,6,505,10,M_CONSOLETILING_FOCUS_1EF2C0A5,6,0,0,4,0,0,12,24,False
optimized-guarded,0,4,10,9,0,0,12,508,14,M_CONSOLE_FREEINSTANCE_35A7F9E7,18,0,0,7,0,0,24,38,False
optimized-guarded,1,26,21,36,0,0,50,509,67,M_CONSOLE_CREATE_AA57C2F6,65,0,6,32,0,6,94,160,False
optimized-guarded,1,24,15,17,0,0,20,510,28,M_CONSOLE_DESTROY_8B3B48E8,28,0,1,13,0,0,42,83,False
optimized-guarded,0,0,0,1,0,0,0,516,1,M_DOSCORE_GETREGISTRY_D528A1F7,0,0,0,1,0,0,1,2,False
optimized-guarded,0,0,13,1,0,0,0,517,38,M_FSOPERATION_CANCELLABLE_CAA34525,13,0,0,25,0,0,38,39,False
optimized-guarded,0,2,24,12,0,0,16,518,20,M_FSOPERATION_PREPARE_EA34E162,41,0,0,12,0,0,44,67,False
optimized-guarded,1,0,17,12,0,0,14,519,37,M_FSOPERATION_AUTHORITY_2081E9D0,35,0,0,20,0,0,54,68,False
optimized-guarded,0,2,5,9,0,0,10,520,9,M_FSOPERATION_CANCELED_56B92A04,8,0,0,5,0,0,14,24,False
optimized-guarded,0,2,7,8,0,0,9,521,7,M_FSOPERATION_CLAIM_4C8DDFC1,9,0,0,5,0,0,14,24,False
optimized-guarded,1,8,15,10,0,0,14,522,15,M_FSOPERATION_REQUEST_3F73D6DE,23,0,0,8,0,0,30,50,False
optimized-guarded,0,2,6,13,0,0,16,523,15,M_FSOPERATION_UNLINK_B5280A26,20,0,0,8,2,2,21,43,False
optimized-guarded,0,4,9,9,0,0,11,524,10,M_FSOPERATION_REPLYREADY_532E4DE6,12,0,0,6,0,0,19,31,False
optimized-guarded,0,1,8,4,0,0,5,525,4,M_FSOPERATION_COLLECT_397028AF,16,0,0,2,0,0,12,23,False
optimized-guarded,2,8,3,18,0,0,25,526,25,M_FSOPERATION_PUMP_B18C8A95,22,0,0,12,0,0,28,62,False
optimized-guarded,0,1,0,1,0,0,0,527,2,M_DOSCLIENT_IOERR_BF9E8A97,1,0,0,0,0,0,2,3,False
optimized-guarded,0,1,2,1,0,0,0,528,4,M_DOSCLIENT_SETIOERR_93E1A287,7,0,0,0,0,0,5,9,False
optimized-guarded,0,1,1,1,0,0,0,529,2,M_DOSCLIENT_SETERROR_F2B11A26,2,0,0,0,0,0,2,4,False
optimized-guarded,2,3,21,5,3,0,4,530,10,M_DOSCLIENT_NEWCLIENT_41735729,39,0,0,6,0,0,34,55,False
optimized-guarded,0,2,10,10,0,0,11,531,13,M_DOSCLIENT_ENSURESLOT_00C71048,19,0,0,6,0,0,23,37,False
optimized-guarded,0,2,0,1,0,0,0,532,2,M_DOSCLIENT_ENSURE_1859B044,0,0,0,0,0,0,2,3,False
optimized-guarded,0,0,6,5,0,0,6,533,4,M_DOSCLIENT_CLEARSELECTIONS_93A1D5D6,10,0,0,2,0,0,10,17,False
optimized-guarded,0,7,30,28,0,0,41,534,46,M_DOSCLIENT_RELEASECONTEXT_90CB2A06,62,0,0,21,0,0,76,118,False
optimized-guarded,2,3,10,9,0,0,13,535,14,M_DOSCLIENT_CHECKREPLY_4530772C,16,0,0,6,0,0,24,36,False
optimized-guarded,2,13,40,35,0,0,50,536,56,M_DOSCLIENT_CALL_35DB3B22,70,0,1,25,4,4,88,145,False
optimized-guarded,0,0,3,9,0,0,10,537,13,M_DOSOBJECTS_FIND_2E898C70,8,0,0,7,2,2,16,24,False
optimized-guarded,0,1,9,3,0,0,3,538,6,M_DOSOBJECTS_LINK_9FA00D0F,17,0,1,4,0,0,16,25,False
optimized-guarded,0,1,13,12,0,0,15,539,17,M_DOSOBJECTS_UNLINK_C978FCF4,29,0,1,9,2,2,31,51,False
optimized-guarded,0,2,0,1,0,0,0,540,3,M_BLOCKCACHE_METADATABYTES_EA4C1D98,2,0,5,4,0,0,8,9,False
optimized-guarded,0,8,9,8,0,0,8,541,27,M_BLOCKCACHE_CREATE_BA82E51A,34,0,10,14,0,0,46,64,False
optimized-guarded,0,4,9,3,0,0,2,542,12,M_BLOCKCACHE_DESTROY_EB1A5F0C,18,0,0,5,0,0,21,30,False
optimized-guarded,0,2,6,10,0,0,13,543,13,M_BLOCKCACHE_INVALIDATE_4E66AC31,10,0,0,7,0,2,19,29,False
optimized-guarded,0,3,3,3,0,0,3,544,15,M_BLOCKCACHE_SETINDEX_5318FF18,13,0,6,10,0,0,24,29,False
optimized-guarded,0,2,3,10,0,0,14,545,21,M_BLOCKCACHE_FIND_1946044D,14,0,0,8,0,2,24,34,False
optimized-guarded,0,3,2,8,0,0,9,546,13,M_BLOCKCACHE_FORGET_8D9AE1E1,9,0,0,4,1,2,15,24,False
optimized-guarded,0,2,6,4,0,0,4,547,4,M_BLOCKCACHE_COPY_EC1E9165,6,0,0,4,0,2,10,16,False
optimized-guarded,1,1,1,1,0,0,0,548,4,M_BLOCKCACHE_PAYLOAD_A5530E46,3,0,1,1,0,0,6,7,False
optimized-guarded,1,8,9,14,0,0,19,549,33,M_BLOCKCACHE_READ_6E9EB2D8,32,0,2,10,0,0,42,65,False
optimized-guarded,0,12,20,11,0,0,15,550,36,M_BLOCKCACHE_STOREPART_C61D91FE,44,0,4,12,0,2,57,79,False
optimized-guarded,1,3,10,6,0,0,6,551,7,M_BLOCKCACHE_STORE_364610B1,15,0,1,2,0,0,18,27,False
optimized-guarded,0,0,3,18,0,0,26,552,17,M_BLOCKIO_GEOMETRY_4529DFEE,13,0,9,13,0,0,26,44,False
optimized-guarded,0,0,6,9,0,0,10,553,11,M_BLOCKIO_SECTORBYTES_B8369631,9,0,0,5,0,0,14,23,False
optimized-guarded,1,3,3,16,0,0,18,554,32,M_BLOCKIO_MAPPED_A9EEA713,13,0,2,19,0,2,35,52,False
optimized-guarded,1,9,9,9,0,0,10,555,22,M_BLOCKIO_CREATE_DF5BA086,21,0,0,8,0,0,31,48,False
optimized-guarded,1,5,9,6,0,0,6,556,10,M_BLOCKIO_DESTROY_0CC5CBD8,13,0,0,5,0,0,19,30,False
optimized-guarded,0,11,0,1,0,0,0,557,1,M_BLOCKIO_DEVICENAME_55BC3EC3,1,0,0,0,0,0,1,13,False
optimized-guarded,0,5,13,5,0,0,4,558,18,M_BLOCKIO_OPENVOLUME_36B90798,29,0,1,8,0,0,32,47,False
optimized-guarded,1,5,16,10,0,0,13,559,17,M_BLOCKIO_DETACH_FC4FFB83,23,0,1,11,0,0,34,50,False
optimized-guarded,0,0,0,1,0,0,0,560,1,M_BLOCKIO_DISCARDBUFFER_3EED9C90,3,0,0,0,0,0,1,4,False
optimized-guarded,1,2,2,1,0,0,0,561,1,M_BLOCKIO_INVALIDATE_E4DCC90F,2,0,0,0,0,0,3,6,False
optimized-guarded,0,0,7,5,0,0,6,562,10,M_BLOCKIO_CACHED_7ABF0DB0,12,0,0,4,0,0,16,21,False
optimized-guarded,0,0,1,1,0,0,0,563,4,M_BLOCKIO_PUBLISH_42B93901,9,0,1,0,0,0,5,10,False
optimized-guarded,0,1,14,1,0,0,0,564,8,M_BLOCKIO_PREPARE_810BFFA1,30,0,1,4,0,0,23,36,False
optimized-guarded,0,0,10,10,0,0,10,565,17,M_BLOCKIO_COMPLETE_80F6A54F,24,0,2,9,0,0,28,43,False
optimized-guarded,0,3,13,8,0,0,8,566,9,M_BLOCKIO_CHECK_A5B41A2A,21,0,1,5,0,0,22,37,False
optimized-guarded,1,6,22,7,0,0,6,567,25,M_BLOCKIO_BEGINFETCH_6B9D7F07,41,0,0,4,0,0,44,59,False
optimized-guarded,1,7,23,11,0,0,13,568,29,M_BLOCKIO_BEGINSTORE_D38E59E4,44,0,0,9,0,2,51,72,False
optimized-guarded,2,6,16,4,0,0,4,569,17,M_BLOCKIO_FINISHFETCH_D55D2AA5,27,0,0,2,0,0,30,41,False
optimized-guarded,0,2,6,4,0,0,4,571,4,M_FSCORE_COPYENTRY_48DFB26E,6,0,0,4,0,2,10,16,False
optimized-guarded,0,0,0,1,0,0,0,572,5,M_FSCORE_BEGINOPERATION_525CBD4F,14,0,2,0,0,0,7,15,False
optimized-guarded,0,0,9,4,0,0,4,573,10,M_FSCORE_FINISHOPERATION_46633DF1,22,0,0,2,0,0,19,28,False
optimized-guarded,0,0,0,10,0,0,12,574,9,M_FS83_LEGAL_57119700,6,0,3,6,0,0,12,22,False
optimized-guarded,0,0,0,4,0,0,4,575,3,M_FS83_FOLD_0A64C6B8,4,0,4,3,0,0,7,11,False
optimized-guarded,0,6,5,16,0,0,21,576,16,M_FS83_STORED_D2BF7200,9,0,1,9,1,2,22,40,False
optimized-guarded,0,6,4,10,0,0,11,577,12,M_FS83_MATCH_C3E96F9C,7,0,1,5,1,2,17,28,False
optimized-guarded,1,2,19,10,0,0,10,578,15,M_FS83_STARTRESOLVE_ED05839D,39,0,1,5,0,0,35,57,False
optimized-guarded,3,5,17,29,0,0,39,579,39,M_FS83_COMPONENT_3DA5FCEA,33,0,2,20,2,10,58,90,False
optimized-guarded,6,3,11,11,0,0,14,580,17,M_FS83_SELECTMATCH_2C823C16,20,0,3,7,0,0,31,47,False
optimized-guarded,2,1,8,7,0,0,8,581,10,M_FS83_CHOOSE_D3525E62,14,0,0,4,0,0,18,28,False
optimized-guarded,0,32,16,25,0,0,36,582,50,M_FSNAMES_STREAM_12DD2A4A,18,0,2,18,0,0,68,93,False
optimized-guarded,0,1,5,6,0,0,6,583,14,M_FSNAMES_MAPPED_324F42A3,8,0,0,7,0,0,15,22,False
optimized-guarded,1,4,1,30,0,0,39,584,39,M_FSNAMES_PATH_CFBF830F,9,0,2,26,7,10,42,70,False
optimized-guarded,0,6,3,3,0,0,2,585,12,M_FSNAMES_SYSTEM_7AF4AE7D,4,0,1,6,0,0,16,19,False
optimized-guarded,0,4,3,8,0,0,8,586,16,M_FSNAMES_VALIDALIAS_36EB4E14,5,0,1,11,1,2,20,28,False
optimized-guarded,0,0,3,1,0,0,0,587,8,M_DOSSTREAMS_VALIDMODE_6A43AE29,3,0,0,5,0,0,8,9,False
optimized-guarded,0,3,3,7,0,0,6,588,8,M_DOSSTREAMS_VALIDBUFFER_D67D80FE,4,0,0,4,0,0,9,18,False
optimized-guarded,1,3,12,3,0,0,2,589,4,M_DOSSTREAMS_OPENNIL_7EDE8F17,19,0,0,3,0,0,16,29,False
optimized-guarded,0,2,5,5,0,0,4,590,5,M_DOSSTREAMS_TRANSFERNIL_E7EA5C2C,10,0,1,2,0,0,10,19,False
optimized-guarded,0,5,9,3,0,0,3,591,3,M_DOSSTREAMS_CLOSENIL_3520E24B,10,0,0,3,0,0,12,21,False
optimized-guarded,0,1,1,4,0,0,4,592,8,M_DOSPIPE_WAKE_206F5695,5,0,0,3,0,2,9,13,False
optimized-guarded,0,1,8,9,0,0,10,593,10,M_DOSPIPE_UNWAIT_23BF06C3,17,0,0,5,2,2,18,32,False
optimized-guarded,2,13,42,15,0,0,19,594,17,M_DOSPIPE_CREATE_3311B233,55,0,0,17,0,0,59,102,False
optimized-guarded,0,6,16,12,0,0,14,595,13,M_DOSPIPE_CLONE_F42CC55A,33,1,3,10,0,0,33,61,False
optimized-guarded,0,8,14,13,0,0,18,596,17,M_DOSPIPE_DISCARD_EA487971,26,1,3,13,0,0,35,60,False
optimized-guarded,1,6,8,3,0,0,3,597,3,M_DOSPIPE_CLOSE_E3C2D505,8,0,0,2,0,0,11,20,False
optimized-guarded,9,28,15,57,0,0,78,598,107,M_DOSPIPE_TRANSFER_59D539F6,60,0,12,55,5,30,127,209,False
optimized-guarded,0,0,0,1,0,0,0,599,1,M_DOSRAW_GETREGISTRY_976423CC,0,0,0,1,0,0,1,2,False
optimized-guarded,0,1,1,1,0,0,0,600,6,M_DOSRAW_UNITREGISTRY_DD0D5704,1,0,0,4,0,0,6,7,False
optimized-guarded,0,4,5,16,0,0,21,601,22,M_DOSRAW_UNIT_B2527969,8,0,0,15,1,5,27,43,False
optimized-guarded,0,1,6,10,0,0,12,602,23,M_DOSRAW_LIVE_14427091,17,0,0,11,1,2,29,39,False
optimized-guarded,3,16,26,1,1,0,0,603,4,M_DOSRAW_INITIALIZE_D871F7B7,35,0,0,0,0,0,29,55,False
optimized-guarded,0,2,2,1,0,0,0,604,0,M_DOSRAW_ROLLBACK_4A7594F5,4,0,0,0,0,0,2,7,False
optimized-guarded,2,22,28,18,0,0,18,605,34,M_DOSRAW_ACQUIRE_CC49A145,48,0,1,17,0,0,60,107,False
optimized-guarded,1,7,18,5,0,0,4,606,10,M_DOSRAW_OPENSIZED_F1E27B78,28,0,3,8,0,0,30,49,False
optimized-guarded,0,1,2,1,0,0,0,607,2,M_DOSRAW_OPEN_5F7F2547,2,0,0,0,0,0,3,4,False
optimized-guarded,0,3,7,8,0,0,8,608,10,M_DOSRAW_VALIDEXTENT_84EF7CCB,6,0,0,7,0,0,15,24,False
optimized-guarded,0,4,6,7,0,0,9,609,6,M_DOSRAW_RELEASEOPERATION_C2E80557,11,0,2,5,0,0,14,27,False
optimized-guarded,0,11,38,20,0,0,24,610,28,M_DOSRAW_PREPARE_F51F1B68,70,0,4,15,0,0,67,116,False
optimized-guarded,0,2,11,3,0,0,3,611,6,M_DOSRAW_FINISH_BB47E14C,22,0,0,2,0,0,16,29,False
optimized-guarded,0,3,17,21,0,0,30,612,39,M_DOSRAW_COMPLETE_0FD428DA,42,1,1,16,0,0,49,82,False
optimized-guarded,0,5,3,5,0,0,4,613,7,M_DOSRAW_RETAIN_4DF2DE08,8,0,1,4,0,0,11,22,False
optimized-guarded,1,12,14,8,0,0,8,614,13,M_DOSRAW_RELEASEENDPOINT_3E946265,23,0,1,8,0,0,28,52,False
optimized-guarded,1,8,16,9,0,0,10,615,12,M_DOSRAW_CLOSESIZED_2208AD92,20,0,1,9,0,0,28,47,False
optimized-guarded,0,1,2,1,0,0,0,616,1,M_DOSRAW_CLOSE_4F38859D,2,0,0,0,0,0,3,4,False
optimized-guarded,0,1,3,3,0,0,3,617,4,M_COOKEDLINE_FREEHISTORY_E31E705E,6,0,0,2,0,0,7,12,False
optimized-guarded,0,0,4,3,0,0,3,618,5,M_COOKEDLINE_RESETHISTORY_27C90F73,11,0,0,1,0,0,9,15,False
optimized-guarded,1,2,1,1,0,0,0,619,4,M_COOKEDLINE_HISTORYSLOT_205258CE,2,0,1,1,0,0,6,7,False
optimized-guarded,3,8,24,31,0,0,41,620,51,M_COOKEDLINE_REMEMBER_E39B9025,53,0,4,24,1,6,78,119,False
optimized-guarded,5,6,31,22,0,0,27,621,48,M_COOKEDLINE_RECALL_089A5861,60,0,3,20,5,6,81,113,False
optimized-guarded,0,0,0,1,0,0,0,622,1,M_COOKEDLINE_INIT_553F5E46,17,0,0,0,0,0,1,18,False
optimized-guarded,0,2,2,3,0,0,3,623,3,M_COOKEDLINE_CREATE_35929826,3,0,0,2,0,0,5,10,False
optimized-guarded,0,2,7,6,0,0,6,624,5,M_COOKEDLINE_DESTROY_77CB15F8,9,0,0,4,0,0,12,21,False
optimized-guarded,0,3,3,4,0,0,4,625,5,M_COOKEDLINE_RETAIN_F54817A1,7,0,1,3,0,0,9,17,False
optimized-guarded,0,5,8,7,0,0,8,626,10,M_COOKEDLINE_RELEASE_68B6E005,15,0,2,7,0,0,20,34,False
optimized-guarded,0,3,3,4,0,0,4,627,4,M_COOKEDLINE_ENTER_AF5023D0,6,0,0,2,0,0,7,15,False
optimized-guarded,0,2,1,1,0,0,0,628,0,M_COOKEDLINE_LEAVE_C362F351,2,0,0,0,0,0,1,5,False
optimized-guarded,0,5,8,12,0,0,15,629,15,M_COOKEDLINE_SETHISTORY_7BFEF58A,18,0,3,8,0,0,26,43,False
optimized-guarded,0,0,0,1,0,0,0,630,1,M_COOKEDLINE_EMPTY_73E023F3,6,0,0,0,0,0,1,7,False
optimized-guarded,2,2,5,4,0,0,4,631,16,M_COOKEDLINE_ERASE_F76E1DAE,14,0,1,6,0,2,22,28,False
optimized-guarded,0,2,7,1,0,0,0,632,1,M_COOKEDLINE_LOSE_A2B86A77,11,0,0,0,0,0,7,14,False
optimized-guarded,6,15,52,70,0,0,89,633,90,M_COOKEDLINE_FEED_E5727982,117,0,23,50,0,17,165,258,False
optimized-guarded,1,4,17,14,0,0,16,634,24,M_COOKEDLINE_DRAIN_A743CD2C,40,0,5,11,0,0,46,70,False
optimized-guarded,3,8,43,44,0,0,65,635,133,M_COOKEDLINE_RENDER_D6B4258E,98,0,4,73,2,30,180,226,False
optimized-guarded,0,7,12,16,0,0,19,636,21,M_DOSCANCEL_TRANSFER_DC8DFD88,19,0,0,9,4,2,33,51,False
optimized-guarded,0,4,9,5,0,0,4,637,7,M_DOSCOOKED_OPEN_FB0901F4,13,0,0,4,0,0,15,26,False
optimized-guarded,1,3,6,6,0,0,7,638,9,M_DOSCOOKED_CLOSE_1355CA48,11,0,0,3,0,0,15,24,False
optimized-guarded,0,2,19,19,0,0,27,639,28,M_DOSCOOKED_WIRE_7D812E8B,47,0,6,17,0,0,50,85,False
optimized-guarded,2,5,11,9,0,0,9,640,15,M_DOSCOOKED_BEGIN_9BFE5F7B,29,0,5,8,0,0,31,53,False
optimized-guarded,2,6,20,5,0,0,5,641,12,M_DOSCOOKED_CANCELLINE_F449849C,36,0,0,4,0,0,32,53,False
optimized-guarded,5,22,29,31,0,0,34,642,39,M_DOSCOOKED_ACQUIRELINE_772F100E,34,0,1,14,0,0,69,106,False
optimized-guarded,4,12,33,17,0,0,19,643,29,M_DOSCOOKED_READLOCKED_B41BFB52,49,1,0,9,0,0,54,91,False
optimized-guarded,0,4,6,3,0,0,2,644,7,M_DOSCOOKED_READ_AAA4E8F8,10,0,0,1,0,0,12,18,False
optimized-guarded,0,1,1,3,0,0,2,645,6,M_DOSBREAK_CURRENT_B838AC0B,4,0,0,3,0,0,7,11,False
optimized-guarded,0,6,11,5,0,0,4,646,9,M_DOSBREAK_ALLOCATE_10964711,21,0,3,6,0,0,23,38,False
optimized-guarded,0,3,4,1,0,0,0,647,3,M_DOSBREAK_FREE_76D15FA8,5,0,0,1,0,0,7,10,False
optimized-guarded,0,17,20,26,0,0,28,648,27,M_DOSBREAK_BEGIN_A70D4CB3,36,0,2,17,0,0,49,96,False
optimized-guarded,0,8,5,9,0,0,8,649,8,M_DOSBREAK_END_B7800793,10,0,0,4,0,0,13,31,False
optimized-guarded,0,1,1,5,0,0,4,650,4,M_DOSBREAK_PENDING_1B1DF51D,3,0,0,2,0,0,5,11,False
optimized-guarded,0,5,4,6,0,0,6,651,10,M_DOSBREAK_CLEAR_B7EEEC7D,10,0,0,4,0,0,14,25,False
optimized-guarded,0,0,0,1,0,0,0,652,1,M_FSSYSTEM_SELECTED_9418F47A,1,0,1,1,0,0,2,3,False
optimized-guarded,0,1,0,2,0,0,1,653,2,M_FSSYSTEM_SYSTEMUNIT_F93F9C60,0,0,1,2,0,0,3,5,False
optimized-guarded,0,2,1,3,0,0,2,654,4,M_FSSYSTEM_UNIT_D8E8C927,3,0,1,1,0,0,6,9,False
optimized-guarded,1,3,2,7,0,0,6,655,8,M_FSSYSTEM_NAMEBYTE_29131912,4,0,2,4,0,0,12,19,False
optimized-guarded,0,7,6,9,0,0,10,656,22,M_FSSYSTEM_MATCHES_6FF2F0E4,10,0,1,9,1,2,27,35,False
optimized-guarded,0,4,4,8,0,0,8,657,11,M_FSSYSTEM_SAMENAME_3086AACE,6,0,1,4,1,2,14,22,False
optimized-guarded,3,6,4,3,0,0,3,658,8,M_FSSYSTEM_APPLY_F77568D5,6,0,1,2,0,0,13,20,False
optimized-guarded,0,1,0,1,0,0,0,659,3,M_FSREGISTRY_SERVICE_31663004,1,0,0,1,0,0,3,4,False
optimized-guarded,0,2,2,3,0,0,3,660,3,M_FSREGISTRY_RETAIN_218C5FAC,8,0,2,2,0,0,7,15,False
optimized-guarded,0,3,5,7,0,0,10,661,11,M_FSREGISTRY_RETAINBASE_94E5BA0B,16,0,1,5,0,0,17,31,False
optimized-guarded,1,4,8,5,0,0,7,662,9,M_FSREGISTRY_RELEASE_E0E99364,13,0,1,5,0,0,18,28,False
optimized-guarded,2,5,5,15,0,0,22,663,27,M_FSREGISTRY_LOOKUP_AD8B60C1,14,0,1,12,3,8,32,48,False
optimized-guarded,0,2,3,1,0,0,0,664,3,M_FSREGISTRY_FINDOBJECT_780CC443,3,0,0,0,0,0,5,6,False
optimized-guarded,0,0,9,18,0,0,19,665,24,M_FSREGISTRY_FROMHEADER_DCD07C60,24,0,0,11,0,0,33,53,False
optimized-guarded,0,4,4,3,0,0,2,666,6,M_FSREGISTRY_STAMP_BE264D84,10,0,0,2,0,0,10,19,False
optimized-guarded,0,1,0,1,0,0,0,667,4,M_DOSWIRE_ISPOINTER_E1AC855F,1,0,0,2,0,0,4,5,False
optimized-guarded,0,3,6,3,0,0,3,668,5,M_FSLEASES_LINK_92921FD5,12,0,0,2,0,0,11,20,False
optimized-guarded,0,3,10,11,0,0,14,669,14,M_FSLEASES_UNLINK_039AB2C8,23,0,0,6,0,2,24,43,False
optimized-guarded,2,0,5,3,0,0,2,670,5,M_FSLEASES_OBJECTENTRY_FCD8C666,5,0,0,3,0,0,10,13,False
optimized-guarded,0,0,10,3,0,0,3,671,19,M_FSLEASES_SAME_B25DFB61,22,0,0,8,0,0,26,33,False
optimized-guarded,2,5,7,24,0,0,34,672,44,M_FSLEASES_BUSY_31143750,27,0,3,17,4,22,54,75,False
optimized-guarded,4,4,3,11,0,0,14,673,24,M_FSLEASES_LIVE_C7D42DE5,15,0,1,9,2,2,28,43,False
optimized-guarded,0,0,2,3,0,0,2,674,5,M_FSLEASES_WRITABLE_932CF683,6,0,0,2,0,0,7,11,False
optimized-guarded,0,1,2,3,0,0,3,675,3,M_FSFILES_ALLOCATE_3EE5B3A2,4,0,0,2,0,0,5,10,False
optimized-guarded,0,1,3,3,0,0,2,676,3,M_FSFILES_CREATE_5EA85CDB,6,0,0,2,0,0,6,12,False
optimized-guarded,0,3,6,6,0,0,6,677,7,M_FSFILES_RETAIN_1627AB28,13,0,1,4,0,0,14,26,False
optimized-guarded,1,3,6,5,0,0,6,678,7,M_FSFILES_DROPSHARED_A840009F,15,0,2,3,0,0,15,27,False
optimized-guarded,0,4,7,7,0,0,8,679,8,M_FSFILES_RELEASE_91585E60,15,0,2,6,0,0,17,32,False
optimized-guarded,0,0,2,1,0,0,0,680,2,M_FSLOCKS_TRAILER_B3BA463B,1,0,0,3,0,0,4,5,False
optimized-guarded,0,0,2,1,0,0,0,681,2,M_FSLOCKS_TEXT_C72F70F3,1,0,0,3,0,0,4,5,False
optimized-guarded,0,1,1,1,0,0,0,682,3,M_FSLOCKS_ALLOCATION_5B5A6C20,2,0,2,3,0,0,6,7,False
optimized-guarded,5,5,6,4,0,0,4,683,13,M_FSLOCKS_ROOT_D04E0C54,9,0,0,3,0,2,19,26,False
optimized-guarded,2,2,7,3,0,0,2,684,9,M_FSLOCKS_ADD_DEA4C903,15,0,1,2,0,0,17,24,False
optimized-guarded,6,10,10,25,0,0,28,685,40,M_FSLOCKS_APPEND_3EC68462,18,0,0,14,1,4,50,73,False
optimized-guarded,0,2,3,3,0,0,2,686,7,M_FSLOCKS_ALLOCATE_39B5BEE3,8,0,2,5,0,0,12,18,False
optimized-guarded,1,4,6,7,0,0,8,687,11,M_FSLOCKS_CREATE_34BC7CB2,10,0,0,4,0,2,17,26,False
optimized-guarded,0,2,1,1,0,0,0,688,4,M_FSLOCKS_FREE_701F260A,2,0,0,2,0,0,5,7,False
optimized-guarded,0,5,8,6,0,0,7,689,3,M_FSOBJECTS_FREE_154D29BE,6,0,0,5,0,0,11,22,False
optimized-guarded,0,0,7,10,0,0,11,690,13,M_FSACTIVE_CURRENTSCOPE_BF6A95BD,14,0,0,7,0,0,20,31,False
optimized-guarded,0,9,14,21,0,0,29,691,34,M_BLOCKWIRE_EXCHANGE_9F443072,29,0,4,20,4,4,51,79,False
optimized-guarded,0,1,3,1,0,0,0,692,1,M_BLOCKWIRE_TRANSFER_0A2F17CC,3,0,0,0,0,0,4,5,False
optimized-guarded,0,1,3,1,0,0,0,693,1,M_BLOCKWIRE_TRANSFERCOMMITTED_FEB13FCA,3,0,0,0,0,0,4,5,False
optimized-guarded,0,3,2,1,0,0,0,694,8,M_SDFS_WORD_9040534F,4,0,1,4,0,0,11,12,False
optimized-guarded,0,3,3,1,0,0,0,695,9,M_SDFS_LENGTH_0EB65DB7,4,0,0,4,0,0,11,12,False
optimized-guarded,0,0,1,1,0,0,0,696,2,M_SDFS_GETSTATE_E428DC88,2,0,0,1,0,0,3,4,False
optimized-guarded,0,1,1,1,0,0,0,697,4,M_SDFS_CREATEWORK_894591E8,4,0,0,1,0,0,5,7,False
optimized-guarded,0,1,3,3,0,0,3,698,3,M_SDFS_DESTROYWORK_D1F8FE6A,6,0,0,1,0,0,6,11,False
optimized-guarded,0,1,1,1,0,0,0,699,4,M_SDFS_CREATEVOLUME_B12DE8AD,4,0,0,1,0,0,5,7,False
optimized-guarded,0,1,3,3,0,0,3,700,3,M_SDFS_DESTROYVOLUME_8A02EFB7,6,0,0,1,0,0,6,11,False
optimized-guarded,0,1,3,1,0,0,0,701,1,M_SDFS_INVALIDATE_8CE6E30A,7,0,0,0,0,0,4,9,False
optimized-guarded,0,0,4,7,0,0,8,702,13,M_SDFS_ALLOWED_D687D449,14,0,2,6,0,0,19,27,False
optimized-guarded,0,1,5,1,0,0,0,703,1,M_SDFS_BEGINMOUNT_68830325,10,0,0,0,0,0,6,12,False
optimized-guarded,0,20,28,31,0,0,43,704,74,M_SDFS_HEADER_D37EFF70,75,0,16,35,0,0,117,161,False
optimized-guarded,0,1,5,3,0,0,2,705,8,M_SDFS_MOUNTBUFFERED_7F8C68E7,13,0,0,2,0,0,13,19,False
optimized-guarded,1,1,1,1,0,0,0,706,3,M_SDFS_MAP_D6A7DDA3,1,0,0,1,0,0,4,5,False
optimized-guarded,0,1,7,1,0,0,0,707,2,M_SDFS_RESTART_887C29F6,15,0,0,0,0,0,9,17,False
optimized-guarded,0,1,6,1,0,0,0,708,17,M_SDFS_CACHED_B7AA1E89,16,0,0,7,0,0,23,25,False
optimized-guarded,1,3,6,5,0,0,6,709,20,M_SDFS_CACHE_55DBD7B1,23,0,1,5,0,2,27,37,False
optimized-guarded,1,2,6,13,0,0,17,710,19,M_SDFS_SECTORALLOWED_D0C4D1BB,13,0,2,9,1,2,26,38,False
optimized-guarded,3,8,12,25,0,0,35,711,45,M_SDFS_VALIDATEMAP_D7214A91,30,0,0,18,0,2,57,84,False
optimized-guarded,0,1,9,3,0,0,2,712,12,M_SDFS_ADVANCE_66AE3A9F,23,0,0,4,0,0,21,31,False
optimized-guarded,0,1,2,1,0,0,0,713,4,M_MYDOS_CREATEVOLUME_8FA50CD3,6,0,0,1,0,0,6,9,False
optimized-guarded,0,1,3,3,0,0,3,714,3,M_MYDOS_DESTROYVOLUME_8DF1D5D5,6,0,0,1,0,0,6,11,False
optimized-guarded,0,0,6,8,0,0,10,715,16,M_MYDOS_DATASECTOR_95277D3B,13,0,0,7,0,0,19,28,False
optimized-guarded,0,2,6,7,0,0,8,716,18,M_MYDOS_VALIDDIRECTORY_1CF8F62E,15,0,3,11,0,0,26,35,False
optimized-guarded,0,4,15,13,0,0,15,717,37,M_MYDOS_EXTENT_5BCD29B5,38,0,0,15,0,0,48,70,False
optimized-guarded,0,8,10,7,0,0,8,718,29,M_MYDOS_HEADER_A95A323A,25,0,4,15,0,0,42,55,False
optimized-guarded,0,0,6,3,0,0,2,719,5,M_MYDOS_BEGINMOUNT_AA58F6DF,15,0,0,1,0,0,11,19,False
optimized-guarded,0,1,5,3,0,0,2,720,8,M_MYDOS_MOUNTBUFFERED_114678B9,13,0,0,2,0,0,13,19,False
optimized-guarded,1,11,18,4,0,0,4,721,24,M_MYDOS_DECODE_69B6DF25,30,0,4,14,1,2,46,60,False
optimized-guarded,1,3,8,12,0,0,14,722,17,M_MYDOS_LIVE_1E4E1377,19,0,3,9,0,0,28,44,False
optimized-guarded,2,5,13,11,0,0,10,723,27,M_MYDOS_BUFFEREDENTRY_DC465C80,28,0,1,11,0,0,41,57,False
optimized-guarded,0,2,12,8,0,0,8,724,15,M_MYDOS_BEGINENTRY_95F170F4,26,0,3,6,0,0,27,42,False
optimized-guarded,2,2,14,12,0,0,14,725,25,M_MYDOS_DESCEND_C497F8DD,30,0,2,13,1,2,40,59,False
optimized-guarded,1,1,11,4,0,0,4,726,4,M_MYDOS_ROOTENTRY_E3F00029,21,0,0,2,1,2,15,29,False
optimized-guarded,0,2,4,5,0,0,4,727,4,M_MYDOS_STARTRESOLVE_24B3B079,5,0,0,2,0,0,8,14,False
optimized-guarded,0,1,5,3,0,0,2,728,3,M_MYDOS_RESOLVECOMPONENT_8F2130C4,10,0,0,1,0,0,8,15,False
optimized-guarded,0,6,12,21,0,0,23,729,25,M_MYDOS_RESOLVESTEP_4ADA26D9,22,0,2,14,0,0,39,63,False
optimized-guarded,6,7,13,26,0,0,32,730,45,M_MYDOS_VALIDATEBASE_0A85139C,22,0,0,22,1,4,57,83,False
optimized-guarded,1,1,1,1,0,0,0,731,3,M_MYDOSFILE_CHAIN_94A5D226,1,0,0,1,0,0,4,5,False
optimized-guarded,0,1,11,1,0,0,0,732,2,M_MYDOSFILE_RESTART_75C66A72,23,0,0,0,0,0,13,25,False
optimized-guarded,4,5,24,18,0,0,24,733,29,M_MYDOSFILE_OPEN_0FD3469F,43,0,1,12,1,4,54,82,False
optimized-guarded,1,2,3,10,0,0,12,734,15,M_MYDOSFILE_SECTORALLOWED_E72DFCC7,6,0,1,9,1,2,19,28,False
optimized-guarded,0,2,13,9,0,0,8,735,21,M_MYDOSFILE_VISIT_2F7F40D0,32,0,0,7,0,0,34,50,False
optimized-guarded,0,6,11,7,0,0,7,736,33,M_MYDOSFILE_TRAILER_58DD2DFC,35,1,4,15,0,0,49,63,False
optimized-guarded,0,1,11,9,0,0,8,737,20,M_MYDOSFILE_LINK_86A70D17,23,0,0,10,0,0,31,43,False
optimized-guarded,0,6,17,13,0,0,17,738,22,M_MYDOSFILE_VALIDATE_CCD11D35,29,0,0,8,0,0,39,56,False
optimized-guarded,0,1,8,1,0,0,0,739,6,M_MYDOSFILE_FAIL_8A60C23B,18,0,0,0,0,0,13,20,False
optimized-guarded,0,1,13,4,0,0,5,740,14,M_MYDOSFILE_CANCEL_40161F05,31,0,0,3,0,0,27,39,False
optimized-guarded,0,1,4,1,0,0,0,741,6,M_MYDOSFILE_ADVANCE_71346BED,12,0,0,2,0,0,10,16,False
optimized-guarded,0,1,3,1,0,0,0,742,4,M_MYDOSFILE_NEEDSECTOR_4EE2E2C1,8,0,0,0,0,0,7,10,False
optimized-guarded,0,10,20,14,0,0,15,743,33,M_MYDOSFILE_BEGINREAD_56DCAA56,38,0,0,9,0,0,53,71,False
optimized-guarded,0,7,16,12,0,0,13,744,28,M_MYDOSFILE_TARGET_3D0FAE04,31,0,0,8,0,0,43,58,False
optimized-guarded,0,7,10,10,0,0,9,745,16,M_MYDOSFILE_BEGINSEEK_007E9A86,18,0,0,4,0,0,26,39,False
optimized-guarded,0,5,13,7,0,0,6,746,21,M_MYDOSFILE_LOCATE_F172D4F1,26,0,0,7,0,0,33,45,False
optimized-guarded,2,3,8,5,0,0,6,747,21,M_MYDOSFILE_COPY_B45932A2,22,0,0,6,0,2,29,38,False
optimized-guarded,0,5,14,8,0,0,10,748,29,M_MYDOSFILE_CONSUME_CDF927EF,35,0,2,12,0,0,44,60,False
optimized-guarded,0,8,12,11,0,0,11,749,23,M_MYDOSFILE_CONTINUEOPERATION_DDF4199B,26,0,1,5,0,0,36,50,False
optimized-guarded,2,5,16,13,0,0,15,750,14,M_MYDOSFILE_MEASURE_660762A9,27,0,3,7,0,0,33,54,False
optimized-guarded,4,5,25,18,0,0,22,751,27,M_SDFSFILE_OPEN_2046DF25,42,0,1,12,1,2,53,81,False
optimized-guarded,0,2,8,1,0,0,0,752,6,M_SDFSFILE_FAIL_23FC14B5,17,0,0,0,0,0,13,20,False
optimized-guarded,0,1,7,4,0,0,4,753,10,M_SDFSFILE_CANCEL_B60AB817,15,0,0,3,0,0,17,23,False
optimized-guarded,0,5,14,11,0,0,13,754,25,M_SDFSFILE_BEGINSEEK_80AE6CDC,31,0,0,7,0,0,38,54,False
optimized-guarded,0,6,18,14,0,0,16,755,33,M_SDFSFILE_BEGINREAD_A4D537D8,37,0,0,11,0,0,51,68,False
optimized-guarded,1,4,14,12,0,0,15,756,47,M_SDFSFILE_CONSUME_19CF3939,40,0,1,22,0,4,62,79,False
optimized-guarded,1,16,34,21,0,0,23,757,71,M_SDFSFILE_DRIVE_59FB4F1B,83,0,3,19,0,0,107,140,False
optimized-guarded,0,5,10,7,0,0,6,758,14,M_SDFSFILE_CONTINUEOPERATION_077FC395,18,0,0,3,0,0,24,33,False
optimized-guarded,5,14,41,31,0,0,36,759,75,M_SDFSFILE_MEASURE_B257955B,85,0,4,32,1,4,120,167,False
optimized-guarded,0,0,0,1,0,0,0,760,1,M_SDFSDATE_LEAP_5FE3C9CD,1,0,2,2,0,0,3,4,False
optimized-guarded,0,1,0,8,0,0,10,761,7,M_SDFSDATE_MONTHDAYS_18463582,6,0,7,7,0,0,14,22,False
optimized-guarded,0,15,13,21,0,0,31,762,57,M_SDFSDATE_DECODE_E4AFE2B3,25,0,2,34,8,10,72,95,False
optimized-guarded,0,1,3,1,0,0,0,763,1,M_SDFSDIR_ERROR_F11B3DDA,4,0,0,0,0,0,3,6,False
optimized-guarded,4,4,9,5,1,0,6,764,11,M_SDFSDIR_SEED_AE4E45A1,23,0,1,3,1,2,22,39,False
optimized-guarded,1,6,26,14,0,0,16,765,32,M_SDFSDIR_BEGINENTRY_4CCF1AF9,51,0,1,9,0,0,55,81,False
optimized-guarded,2,5,10,9,0,0,10,766,22,M_SDFSDIR_VALIDATEPARENT_CC71085A,26,0,1,5,0,0,33,47,False
optimized-guarded,4,7,12,6,0,0,6,767,20,M_SDFSDIR_HEADER_A6C13D37,25,0,0,3,0,0,31,45,False
optimized-guarded,9,15,24,27,0,0,32,768,52,M_SDFSDIR_DECODE_445A4286,57,0,11,22,1,2,87,130,False
optimized-guarded,2,7,14,15,0,0,14,769,24,M_SDFSDIR_BUFFEREDENTRY_374F4FF7,26,0,1,8,0,0,38,58,False
optimized-guarded,0,3,10,7,0,0,8,770,16,M_SDFSDIR_BEGINHEADER_0CDE2CA0,23,0,1,4,0,0,26,37,False
optimized-guarded,0,7,28,15,0,0,17,771,26,M_SDFSDIR_MEASURE_2E677570,52,0,4,8,0,0,57,82,False
optimized-guarded,3,3,17,13,0,0,14,772,23,M_SDFSNAME_DESCEND_5D259778,33,0,2,9,1,2,42,61,False
optimized-guarded,6,7,16,22,0,0,27,773,40,M_SDFSNAME_VALIDATEBASE_03C615D3,27,0,0,14,1,4,56,76,False
optimized-guarded,1,2,14,8,0,0,8,774,10,M_SDFSNAME_STARTRESOLVE_EBBD5226,27,0,0,4,1,2,24,42,False
optimized-guarded,0,4,7,5,0,0,4,775,7,M_SDFSNAME_RESOLVECOMPONENT_CCDFB63B,14,0,1,2,0,0,15,25,False
optimized-guarded,0,1,7,9,0,0,9,776,10,M_SDFSNAME_DONE_34A5B326,13,0,1,5,0,0,18,28,False
optimized-guarded,0,4,5,5,0,0,4,777,8,M_SDFSNAME_CHOOSE_8F0B0401,8,0,1,3,0,0,14,20,False
optimized-guarded,0,7,11,13,0,0,15,778,18,M_SDFSNAME_RESOLVESTEP_B2924B88,26,0,6,8,0,0,35,54,False
optimized-guarded,0,0,0,1,0,0,0,779,3,M_FSBACKEND_AVAILABLE_56F19E57,2,0,2,3,0,0,5,6,False
optimized-guarded,0,3,4,5,0,0,4,780,7,M_FSBACKEND_CREATEVOLUME_26C12EFC,6,0,0,2,0,0,11,16,False
optimized-guarded,0,2,4,6,0,0,6,781,3,M_FSBACKEND_DESTROYVOLUME_B6078DE8,5,0,0,2,0,0,7,15,False
optimized-guarded,0,1,2,3,0,0,2,783,1,M_FSBACKEND_DESTROYWORK_CA11D009,2,0,0,1,0,0,3,7,False
optimized-guarded,0,1,3,5,0,0,5,784,3,M_FSBACKEND_INVALIDATE_9F423887,4,0,0,2,0,0,6,12,False
optimized-guarded,0,0,1,3,0,0,2,785,2,M_FSBACKEND_ENUMLIMIT_D60FC50E,2,0,0,1,0,0,3,6,False
optimized-guarded,0,2,3,3,0,0,2,786,5,M_FSBACKEND_BEGINMOUNT_3F96891C,5,0,0,1,0,0,8,11,False
optimized-guarded,0,2,3,3,0,0,2,787,5,M_FSBACKEND_MOUNTBUFFERED_E1BCDBDC,5,0,0,1,0,0,8,11,False
optimized-guarded,0,2,3,3,0,0,2,788,5,M_FSBACKEND_BUFFEREDENTRY_A53297ED,5,0,0,1,0,0,8,11,False
optimized-guarded,0,2,3,3,0,0,2,789,5,M_FSBACKEND_RESOLVECOMPONENT_25BBEDCF,5,0,0,1,0,0,8,11,False
optimized-guarded,0,2,3,3,0,0,2,790,5,M_FSBACKEND_RESOLVESTEP_71F5161C,5,0,0,1,0,0,8,11,False
optimized-guarded,0,2,3,3,0,0,2,791,5,M_FSBACKEND_DESCEND_696B876C,5,0,0,1,0,0,8,11,False
optimized-guarded,0,2,3,3,0,0,2,792,6,M_FSBACKEND_BEGINREAD_9B747D7D,6,0,0,1,0,0,9,12,False
optimized-guarded,0,2,3,3,0,0,2,793,6,M_FSBACKEND_BEGINSEEK_65568135,6,0,0,1,0,0,9,12,False
optimized-guarded,0,2,3,3,0,0,2,794,6,M_FSBACKEND_CONTINUEOPERATION_B2B07804,6,0,0,1,0,0,9,12,False
optimized-guarded,0,2,3,3,0,0,2,795,6,M_FSBACKEND_CANCEL_CF93E684,6,0,0,1,0,0,9,12,False
optimized-guarded,0,2,5,3,0,0,2,796,9,M_FSBACKEND_BEGINENTRY_D3F74E4F,9,0,0,1,0,0,12,15,False
optimized-guarded,0,2,5,3,0,0,2,797,5,M_FSBACKEND_STARTRESOLVE_75FDEFE2,7,0,0,1,0,0,10,13,False
optimized-guarded,0,2,5,3,0,0,2,798,5,M_FSBACKEND_OPEN_70C2A6B2,7,0,0,1,0,0,10,13,False
optimized-guarded,0,2,5,3,0,0,2,799,8,M_FSBACKEND_FAIL_FA955312,8,0,0,1,0,0,11,14,False
optimized-guarded,0,2,7,3,0,0,2,800,7,M_FSBACKEND_MEASURE_AD470D66,9,0,0,1,0,0,12,15,False
optimized-guarded,0,2,5,3,0,0,2,801,5,M_FSBACKEND_VALIDATEBASE_C7106A97,7,0,0,1,0,0,10,13,False
optimized-guarded,0,2,8,3,0,0,3,802,17,M_FSIO_BEGIN_68AD59C5,27,0,2,3,0,0,27,35,False
optimized-guarded,0,4,11,7,0,0,7,803,21,M_FSIO_COMPLETE_3A967BA3,29,0,0,4,0,0,32,44,False
optimized-guarded,1,2,4,9,0,0,12,804,14,M_FSIO_OFFLINE_B7567A31,12,0,0,6,1,2,18,30,False
optimized-guarded,0,0,1,1,0,0,0,805,2,M_FSWRITEIO_STATE_A0FFD18A,2,0,0,1,0,0,3,4,False
optimized-guarded,0,2,9,3,0,0,2,806,10,M_FSWRITEIO_ERROR_9F481FB3,20,0,0,1,0,0,17,26,False
optimized-guarded,0,5,3,4,0,0,4,807,7,M_FSWRITEIO_CHECKPOINT_86192BF5,4,0,0,2,0,0,10,15,False
optimized-guarded,0,4,13,7,0,0,8,808,16,M_FSWRITEIO_FAILED_0CF5DEA4,28,0,0,3,0,0,26,42,False
optimized-guarded,0,13,16,12,0,0,13,809,43,M_FSWRITEIO_READ_66641E67,42,0,4,11,0,0,61,78,False
optimized-guarded,0,9,16,7,0,0,6,810,28,M_FSWRITEIO_WRITE_4F85FADC,33,0,2,6,0,0,43,55,False
optimized-guarded,0,1,1,4,0,0,4,811,3,M_FSWRITEIO_ZERO_F685105B,1,0,0,2,0,2,4,8,False
optimized-guarded,0,3,2,1,0,0,0,812,8,M_FSWRITEIO_WORD_326DCDF9,6,0,0,3,0,0,10,13,False
optimized-guarded,0,3,2,1,0,0,0,813,8,M_FSWRITEIO_LENGTH_F339C741,6,0,0,3,0,0,10,13,False
optimized-guarded,1,4,23,1,0,0,0,814,9,M_FSPACKET_REPLY_F0943484,48,1,0,2,0,0,33,56,False
optimized-guarded,0,2,6,6,0,0,8,815,13,M_FSPACKET_ERROR_61E70414,17,0,0,3,0,0,19,28,False
optimized-guarded,2,5,19,13,2,0,20,816,44,M_FSPACKET_IDENTITY_6B3677B2,49,0,0,16,0,0,65,85,False
optimized-guarded,1,3,16,5,0,0,6,817,22,M_FSPACKET_PUBLISHOPENSTEP_55EACFB5,37,0,0,8,0,0,38,54,False
optimized-guarded,1,5,10,5,0,0,6,818,9,M_FSPACKET_CLOSE_01E28282,19,1,0,2,0,0,20,32,False
optimized-guarded,1,3,6,3,0,0,2,819,6,M_FSPORTS_CREATE_D9675AD2,13,0,1,2,0,0,13,22,False
optimized-guarded,0,1,3,3,0,0,3,820,1,M_FSPORTS_DELETE_FC342961,2,0,0,2,0,0,4,8,False
optimized-guarded,4,15,13,31,0,0,40,821,56,M_FSINIT_CONFIG_A7C873FA,37,0,0,21,1,4,69,108,False
optimized-guarded,0,6,8,15,0,0,17,822,33,M_FSINIT_WORKSPACE_ED5E2107,24,0,0,13,2,6,41,58,False
optimized-guarded,0,6,7,5,0,0,4,823,22,M_FSINIT_ARRIVAL_302FF83F,25,0,0,6,0,0,29,42,False
optimized-guarded,3,8,25,7,0,0,6,824,27,M_FSINIT_ALLOCATEMOUNT_EF481898,44,0,0,10,0,0,52,72,False
optimized-guarded,0,2,21,3,0,0,2,825,19,M_FSINIT_ALLOCATEBLOCK_5C0916F0,45,1,0,6,0,0,41,56,False
optimized-guarded,1,2,7,5,0,0,6,826,10,M_FSINIT_PUBLISH_12D6516B,16,0,0,4,1,2,17,28,False
optimized-guarded,0,4,6,8,0,0,8,827,12,M_FSINIT_FIRST_60F42DBA,14,0,0,5,0,0,18,31,False
optimized-guarded,0,3,4,4,0,0,4,828,7,M_FSINIT_MOUNTSTEP_D16E7745,8,0,0,3,0,0,11,18,False
optimized-guarded,0,3,8,5,0,0,4,829,16,M_FSINIT_OPENEDSTEP_3B4623A1,25,0,1,3,0,0,25,36,False
optimized-guarded,0,7,16,9,0,0,8,830,24,M_FSINIT_MOUNTEDSTEP_D00F6B02,40,0,1,6,0,0,41,62,False
optimized-guarded,2,4,7,3,0,0,2,831,10,M_FSINIT_FAILED_4FB7E0CF,12,0,0,1,0,0,16,22,False
optimized-guarded,1,10,13,13,0,0,17,832,20,M_FSINIT_DESTROYMOUNT_00D5D10B,22,0,0,8,0,0,33,54,False
optimized-guarded,1,13,15,18,0,0,25,833,30,M_FSINIT_CLEANUP_26675F9E,31,0,0,11,1,2,45,74,False
optimized-guarded,3,5,9,20,0,0,24,834,40,M_FSALLOC_ALLOWED_1FF175A3,24,0,3,18,1,4,51,70,False
optimized-guarded,1,8,11,7,0,0,8,835,39,M_FSALLOC_BITMAP_55D4E3AC,41,0,8,16,0,0,57,73,False
optimized-guarded,1,4,6,5,0,0,4,836,10,M_FSALLOC_ALLOCATED_A8A57AF0,9,0,1,3,0,0,16,22,False
optimized-guarded,4,11,14,38,0,0,49,837,69,M_FSALLOC_FIND_C860CAEC,53,0,10,32,8,10,91,138,False
optimized-guarded,11,15,32,22,0,0,26,838,60,M_FSALLOC_CHANGE_B0E87AF9,67,0,9,18,0,0,98,133,False
optimized-guarded,1,4,10,7,0,0,7,839,17,M_FSALLOC_TAKE_9AD436E4,26,0,5,5,0,0,31,43,False
optimized-guarded,0,1,4,3,0,0,3,840,9,M_FSALLOC_FREE_BE46C827,12,0,1,1,0,0,13,17,False
optimized-guarded,3,5,10,10,0,0,12,841,26,M_FSALLOC_COUNTROOM_E5C7D397,25,0,2,10,0,0,36,53,False
optimized-guarded,0,1,1,1,0,0,0,842,1,M_MYDOSWRITE_BAD_ECEFF42B,1,0,0,0,0,0,2,3,False
optimized-guarded,0,0,1,3,0,0,2,843,3,M_MYDOSWRITE_LIMIT_E01793D7,2,0,0,2,0,0,4,7,False
optimized-guarded,6,19,28,26,0,0,34,844,77,M_MYDOSWRITE_READPAYLOAD_AC32DCA4,58,0,10,36,1,2,114,145,False
optimized-guarded,5,9,14,3,0,0,3,845,26,M_MYDOSWRITE_TRAILER_BFA640A1,22,0,0,10,0,0,40,49,False
optimized-guarded,6,9,12,5,0,0,4,846,26,M_MYDOSWRITE_ENTRYIO_ACBE3032,23,0,2,7,0,0,40,50,False
optimized-guarded,1,5,12,11,0,0,12,847,27,M_MYDOSWRITE_VALIDATE_B3BA3338,22,0,0,10,10,6,39,49,False
optimized-guarded,5,9,13,5,0,0,5,848,19,M_MYDOSWRITE_MARK_0E6D7B2D,18,0,1,6,0,0,33,43,False
optimized-guarded,3,6,3,12,0,0,14,849,24,M_MYDOSWRITE_SLOT_AA2228B6,6,0,0,10,0,6,27,37,False
optimized-guarded,13,17,12,23,0,0,28,850,55,M_MYDOSWRITE_CREATE_CDAAF016,37,0,3,19,1,8,68,109,False
optimized-guarded,14,22,41,39,0,0,48,851,95,M_MYDOSWRITE_WRITE_992B7BC3,78,0,5,40,6,8,138,193,False
optimized-guarded,0,4,8,10,0,0,10,852,15,M_MYDOSWRITE_RECLAIM_F1DD6F57,20,0,2,5,0,0,24,39,False
optimized-guarded,2,7,19,7,0,0,6,853,12,M_MYDOSWRITE_TRUNCATE_A6EAB42C,24,0,0,3,0,0,30,43,False
optimized-guarded,3,5,3,14,0,0,16,854,22,M_MYDOSWRITE_EMPTY_B06BE841,5,0,0,10,0,4,25,37,False
optimized-guarded,1,6,12,13,0,0,14,855,19,M_MYDOSWRITE_DELETE_256A83D3,17,0,1,9,0,2,32,46,False
optimized-guarded,1,5,7,6,0,0,6,856,10,M_MYDOSWRITE_RENAME_E308DCF0,8,0,0,4,1,2,17,24,False
optimized-guarded,0,1,1,1,0,0,0,857,1,M_SDFSWRITE_BAD_5E3D66D1,1,0,0,0,0,0,2,3,False
optimized-guarded,1,2,6,13,0,0,17,858,22,M_SDFSWRITE_VALIDSECTOR_67FAADEC,16,0,2,9,1,2,29,41,False
optimized-guarded,4,16,14,27,0,0,32,859,68,M_SDFSWRITE_LOCATE_55E19A5E,45,0,1,24,0,4,82,116,False
optimized-guarded,11,14,30,15,0,0,15,860,39,M_SDFSWRITE_GROW_073A6F69,50,0,2,7,0,0,67,97,False
optimized-guarded,6,14,6,21,0,0,24,861,51,M_SDFSWRITE_ROWIO_EF8D2430,19,0,2,21,0,4,59,81,False
optimized-guarded,0,2,3,1,0,0,0,862,8,M_SDFSWRITE_ENTRYIO_D3D74C00,6,0,0,2,0,0,10,11,False
optimized-guarded,5,21,27,45,0,0,55,863,80,M_SDFSWRITE_VALIDATE_3C808422,38,0,0,36,16,18,107,145,False
optimized-guarded,3,10,5,17,0,0,21,864,30,M_SDFSWRITE_SLOT_E3DFD014,14,0,2,13,4,2,37,57,False
optimized-guarded,0,6,11,9,0,0,11,865,29,M_SDFSWRITE_SPACE_ED9B8102,33,0,7,12,0,0,44,60,False
optimized-guarded,21,29,20,41,0,0,48,866,86,M_SDFSWRITE_CREATE_5E5E06BC,58,0,5,27,1,8,107,176,False
optimized-guarded,6,9,13,6,0,0,6,867,17,M_SDFSWRITE_MARK_BAD71DEB,17,0,1,4,0,0,31,42,False
optimized-guarded,7,15,39,23,0,0,26,868,64,M_SDFSWRITE_WRITE_40A16F7D,72,0,2,24,0,0,100,141,False
optimized-guarded,3,7,8,24,0,0,31,869,37,M_SDFSWRITE_RECLAIM_B35C64A9,21,0,2,15,6,6,46,70,False
optimized-guarded,3,6,16,9,0,0,8,870,13,M_SDFSWRITE_TRUNCATE_031B9696,20,0,0,4,0,0,29,42,False
optimized-guarded,3,9,8,14,0,0,16,871,24,M_SDFSWRITE_EMPTY_E038B2BB,10,0,1,9,4,2,31,45,False
optimized-guarded,1,5,8,5,0,0,4,872,8,M_SDFSWRITE_DELETE_04723F49,10,0,0,2,0,0,16,23,False
optimized-guarded,2,9,12,15,0,0,16,873,24,M_SDFSWRITE_RENAME_68E1123E,15,0,1,11,1,4,37,52,False
optimized-guarded,0,3,5,5,0,0,4,874,9,M_FSWRITE_ACCESS_0C7E9E15,9,0,0,2,0,0,14,19,False
optimized-guarded,0,3,7,6,0,0,6,875,8,M_FSWRITE_VALIDATE_5FCFD495,13,0,1,2,0,0,16,24,False
optimized-guarded,0,2,7,3,0,0,2,876,7,M_FSWRITE_MARK_8F6D7604,9,0,0,1,0,0,12,15,False
optimized-guarded,3,7,18,15,0,0,18,877,30,M_FSWRITE_NORMALIZE_5C686BA8,34,0,1,12,0,0,48,71,False
optimized-guarded,2,7,10,11,0,0,12,878,23,M_FSWRITE_CREATE_47C6C0B3,17,0,1,6,1,2,32,43,False
optimized-guarded,1,8,19,23,0,0,26,879,30,M_FSWRITE_OPEN_799F737F,30,0,1,13,0,0,50,75,False
optimized-guarded,2,4,31,16,0,0,22,880,51,M_FSWRITE_WRITESTEP_AD20D8EE,76,1,0,14,0,0,80,112,False
optimized-guarded,1,6,26,13,1,0,17,881,50,M_FSWRITE_BEGIN_06B2C6FE,63,0,1,17,0,0,77,100,False
optimized-guarded,1,1,10,10,0,0,10,882,22,M_FSWRITE_FINALIZE_1B960C91,26,0,0,5,0,0,32,43,False
optimized-guarded,1,13,16,30,0,0,35,883,45,M_FSWRITE_DELETE_68B67BAA,29,0,2,19,0,2,63,92,False
optimized-guarded,3,3,6,3,0,0,2,884,11,M_FSWRITE_RENAME_4C9B6B85,11,0,0,1,0,0,17,21,False
optimized-guarded,1,1,5,5,0,0,4,885,8,M_FSRELATIVE_VALIDATE_0372B7FC,9,0,1,3,0,0,14,19,False
optimized-guarded,5,7,14,9,0,0,12,886,26,M_FSRELATIVE_SEED_FD9BA1BB,27,0,0,6,1,4,40,54,False
optimized-guarded,3,3,9,8,0,0,10,887,16,M_FSRELATIVE_TRIM_C4B2DBD8,17,0,2,7,0,0,27,38,False
optimized-guarded,0,3,5,3,0,0,2,888,7,M_FSRELATIVE_ROOT_94E4441A,10,0,0,1,0,0,12,17,False
optimized-guarded,2,16,31,31,0,0,36,889,82,M_FSRELATIVE_BEGIN_CB9D8F8D,75,0,2,29,1,6,112,153,False
optimized-guarded,2,5,8,6,0,0,6,890,17,M_FSRELATIVE_PARENTDONE_9C191F46,17,0,0,3,0,0,25,33,False
optimized-guarded,0,3,5,5,0,0,4,891,14,M_FSRELATIVE_PARENTBEGIN_7E4CAA55,18,0,2,3,0,0,21,29,False
optimized-guarded,2,7,15,17,0,0,19,892,38,M_FSRELATIVE_PARENTRESULT_7CE6B959,44,0,6,12,0,0,59,82,False
optimized-guarded,0,2,4,3,0,0,2,893,8,M_FSNAMESPACE_DONE_F475AF73,12,0,1,2,0,0,13,19,False
optimized-guarded,9,20,34,23,0,0,24,894,70,M_FSNAMESPACE_RESOLVED_0E070C27,68,0,1,15,1,2,105,135,False
optimized-guarded,1,0,1,1,0,0,0,895,2,M_FSINFO_ENUMERATIONSTATE_A9C412AA,1,0,0,1,0,0,3,4,False
optimized-guarded,0,1,3,4,0,0,4,896,3,M_FSINFO_CLEAR_E168B3AB,3,0,0,3,0,2,6,11,False
optimized-guarded,12,12,15,20,0,0,26,897,38,M_FSINFO_NAME_B42C963D,14,0,0,14,2,12,53,72,False
optimized-guarded,0,0,19,7,0,0,9,898,12,M_FSINFO_FILL_CDFFBE8F,39,0,2,5,0,0,33,51,False
optimized-guarded,0,1,14,1,0,0,0,899,7,M_FSINFO_SAVE_B1E7031F,24,0,0,3,0,0,20,29,False
optimized-guarded,4,3,5,5,0,0,6,900,17,M_FSDIRECTORY_INITLOCKSTATE_606A2BB5,13,0,0,4,1,2,22,29,False
optimized-guarded,4,21,39,30,0,0,34,901,90,M_FSDIRECTORY_SELECT_4CD1EDE7,86,0,1,26,1,2,130,167,False
optimized-guarded,0,3,4,1,0,0,0,902,8,M_FSDIRECTORY_END_806A2136,8,0,0,2,0,0,12,14,False
optimized-guarded,0,3,6,5,0,0,4,903,14,M_FSDIRECTORY_ENTRYSTEP_D4EA4ABB,19,0,2,4,0,0,22,31,False
optimized-guarded,0,5,7,12,0,0,12,904,21,M_FSDIRECTORY_ENTRYRESULTSTEP_4C458A60,24,0,5,8,0,0,33,49,False
optimized-guarded,1,4,8,6,0,0,7,905,17,M_FSDIRECTORY_MEASUREENTRY_E6EE6D03,17,0,1,4,0,0,25,32,False
optimized-guarded,0,1,3,5,0,0,4,906,5,M_FSDIRECTORY_SIZERESULT_7E5452EF,10,0,3,2,0,0,11,18,False
optimized-guarded,1,3,5,3,0,0,2,907,12,M_FSDIRECTORY_SIZECONTINUESTEP_1EAFA525,12,0,0,2,0,0,16,21,False
optimized-guarded,2,5,11,1,0,0,0,908,17,M_FSDIRECTORY_PUBLISHSTEP_CC8DC0F6,23,0,0,6,0,0,28,37,False
optimized-guarded,4,26,50,43,0,0,56,909,107,M_FSHANDLER_OPENRESULTSTEP_0C25E5DB,98,0,1,35,0,0,147,206,False
optimized-guarded,0,1,3,1,0,0,0,910,1,M_FSHANDLER_BEGINRESOLVE_DD06EE7B,5,0,0,0,0,0,4,7,False
optimized-guarded,0,6,9,6,0,0,6,911,23,M_FSHANDLER_OPEN_99490956,21,0,0,8,0,0,32,41,False
optimized-guarded,0,3,6,4,0,0,4,912,14,M_FSHANDLER_LOCK_913FD727,14,0,0,4,0,0,20,25,False
optimized-guarded,0,2,3,3,0,0,2,913,9,M_FSHANDLER_RESOLVEREADYSTEP_BDBFDED1,9,0,0,2,0,0,12,16,False
optimized-guarded,0,1,10,6,0,0,7,914,14,M_FSHANDLER_OPERATIONRESULT_4184CBFA,29,0,3,3,0,0,27,39,False
optimized-guarded,3,17,40,24,1,0,27,915,82,M_FSHANDLER_FILE_3A9A315C,98,0,0,18,1,2,122,160,False
optimized-guarded,0,14,30,38,0,0,53,916,73,M_FSHANDLER_DISPATCHSTEP_D149BF3A,66,0,0,28,0,0,97,146,False
optimized-guarded,1,7,4,11,0,0,14,917,25,M_FSHANDLER_TAKESTEP_E4E18A11,24,0,1,12,1,2,30,55,False
optimized-guarded,0,2,2,3,0,0,2,918,6,M_FSHANDLER_COMPONENTSTEP_389CA8B9,8,0,1,2,0,0,9,15,False
optimized-guarded,2,5,20,14,0,0,19,919,40,M_FSHANDLER_RESOLVEFAILURE_E91D28D8,47,0,0,9,1,2,56,77,False
optimized-guarded,0,5,7,15,0,0,17,920,21,M_FSHANDLER_RESOLVESTEP_D6E79D38,24,0,6,9,0,0,34,53,False
optimized-guarded,0,3,5,4,0,0,4,921,12,M_FSHANDLER_FILESTEP_A93D50C2,14,0,0,2,0,0,16,23,False
optimized-guarded,0,5,35,32,0,0,49,922,71,M_FSABORT_CHECKPOINT_5DD0EDAE,79,0,0,23,0,0,98,139,False
optimized-guarded,2,4,5,12,0,0,17,923,17,M_FSWORKER_DRAINED_7E6EAAA5,13,0,1,8,1,2,23,39,False
optimized-guarded,0,25,2,37,0,0,52,924,56,M_FSWORKER_WORKER_2BB473B0,44,1,9,24,0,0,66,130,False
optimized-guarded,0,2,9,4,0,0,4,925,2,M_FSWORKER_FINISH_EC2E5E2B,15,0,1,2,0,0,12,23,False
optimized-guarded,0,1,5,1,0,0,0,926,6,M_FSMOUNT_DISPATCH_FD59F08F,16,0,0,1,0,0,11,19,False
optimized-guarded,1,6,13,6,0,0,6,927,18,M_FSMOUNT_SELECTSTEP_8E807607,30,0,0,6,0,0,31,49,False
optimized-guarded,0,3,10,8,0,0,8,928,12,M_FSMOUNT_COMMANDSTEP_B1883B1A,18,0,0,5,0,0,21,34,False
optimized-guarded,1,5,7,8,0,0,8,929,13,M_FSMOUNT_REMOVESTEP_BBB2975B,19,0,1,4,0,0,21,37,False
optimized-guarded,0,2,2,1,0,0,0,930,4,M_FSMOUNT_DESTROYSTEP_4CF540E7,7,0,0,1,0,0,6,11,False
optimized-guarded,0,1,7,3,0,0,2,931,3,M_FSMUX_CONTROL_16FCB25F,12,0,0,2,0,0,10,18,False
optimized-guarded,0,3,6,9,0,0,9,932,10,M_FSMUX_TAKE_F08F7501,15,0,2,5,0,0,18,32,False
optimized-guarded,0,3,13,5,0,0,4,933,6,M_FSBOOT_BEGINSERVICE_BC5D2672,21,0,0,6,0,0,19,35,False
optimized-guarded,0,5,0,18,0,0,25,934,24,M_FSBOOT_ENSURE_06ED6F00,15,0,1,12,0,0,25,50,False
optimized-guarded,3,11,2,24,0,0,32,935,35,M_FSBOOT_STOP_AD5246E2,22,0,2,16,1,2,38,76,False
optimized-guarded,3,5,2,15,0,0,20,936,24,M_DOSCALLS_ASSIGNINDEX_01EA43CB,7,0,1,12,1,4,27,42,False
optimized-guarded,3,20,21,41,0,0,52,937,73,M_DOSCALLS_EXPAND_EA5329A2,61,0,15,43,0,8,107,168,False
optimized-guarded,0,0,7,1,0,0,0,938,3,M_DOSCALLS_ARGUMENTS_D4B63738,15,0,0,2,0,0,10,18,False
optimized-guarded,0,0,6,4,0,0,4,939,11,M_DOSCALLS_NAMEARGUMENTS_4FEB00BB,14,0,0,7,0,0,16,25,False
optimized-guarded,1,9,28,23,0,0,29,940,46,M_DOSCALLS_ACQUIRE_C423433E,56,0,4,23,0,0,71,112,False
optimized-guarded,0,3,3,9,0,0,10,941,15,M_DOSCALLS_CONFIGURED_B6EDEF76,7,0,0,7,1,2,17,26,False
optimized-guarded,2,9,11,19,0,0,21,942,23,M_DOSCALLS_DESTINATION_E6EBC832,23,0,8,13,0,0,40,66,False
optimized-guarded,1,14,13,22,0,0,24,944,40,M_DOSCALLS_OPEN_390423B6,34,0,5,12,0,0,52,83,False
optimized-guarded,1,8,5,9,0,0,8,945,21,M_DOSCALLS_LOCK_DE185F87,19,0,1,4,0,0,25,41,False
optimized-guarded,0,0,2,4,0,0,4,946,1,M_DOSCALLS_BADOBJECT_51D88018,5,0,1,1,0,0,4,10,False
optimized-guarded,0,2,11,9,0,0,13,947,14,M_DOSCALLS_OBJECT_E89E37D3,17,0,0,6,0,0,23,34,False
optimized-guarded,0,5,9,5,0,0,4,948,11,M_DOSCALLS_FILE_E8D1DABC,16,0,0,4,0,0,20,30,False
optimized-guarded,0,13,42,20,0,0,20,949,40,M_DOSCALLS_READ_BEE8BE36,56,1,0,18,0,0,76,107,False
optimized-guarded,0,16,42,25,0,0,26,950,45,M_DOSCALLS_WRITE_8E98A1A7,57,1,0,20,0,0,80,118,False
optimized-guarded,0,9,18,14,0,0,15,951,20,M_DOSCALLS_SEEK_17FC33E6,31,1,0,8,0,0,37,62,False
optimized-guarded,0,11,30,17,0,0,17,952,26,M_DOSCALLS_CLOSE_97169B3A,43,1,0,11,0,0,55,82,False
optimized-guarded,0,7,12,11,0,0,10,953,12,M_DOSCALLS_UNLOCK_2871018C,20,1,0,5,0,0,25,43,False
optimized-guarded,0,6,11,7,0,0,6,954,14,M_DOSCALLS_INFORMATION_13F25DEC,22,1,0,5,0,0,25,40,False
optimized-guarded,0,1,2,5,0,0,4,955,7,M_DOSCALLS_SELECTED_604EA3D9,7,0,1,3,0,0,10,16,False
optimized-guarded,0,0,6,8,0,0,8,956,9,M_DOSCALLS_SELECTIONREADY_28C831A1,13,0,0,5,0,0,15,26,False
optimized-guarded,0,5,10,12,0,0,13,957,12,M_DOSCALLS_LIVESELECTION_2BE04852,13,0,0,7,0,0,22,37,False
optimized-guarded,0,3,12,12,0,0,14,958,10,M_DOSCALLS_SELECT_1EDDE386,24,2,1,6,0,0,25,45,False
optimized-guarded,0,2,14,11,0,0,10,959,13,M_DOSCALLS_DIRECTORY_C8028D6B,22,0,1,10,0,0,28,45,False
optimized-guarded,0,5,13,13,0,0,14,960,14,M_DOSCALLS_CURRENTDIR_1AA7335E,25,1,1,9,0,0,29,52,False
optimized-guarded,0,10,15,17,0,0,18,961,26,M_DOSCALLS_NAMEFROMLOCK_92457C4A,26,0,0,12,0,2,39,65,False
optimized-guarded,0,3,4,8,0,0,8,962,11,M_DOSCALLS_ISINTERACTIVE_18CACEEA,10,0,0,5,0,0,15,26,False
optimized-guarded,0,5,3,7,0,0,6,963,8,M_DOSCALLS_OPENCONSOLE_77C02991,7,0,0,3,0,0,11,22,False
optimized-guarded,0,4,8,9,0,0,8,964,15,M_DOSCALLS_SETCONSOLEHISTORY_3DCB4BFF,17,0,0,6,0,0,22,36,False
optimized-guarded,0,10,13,12,0,0,13,965,19,M_DOSCALLS_CONSOLEINFO_6FF559CD,23,0,0,9,4,2,31,54,False
optimized-guarded,0,7,16,14,0,0,15,970,18,M_DOSCALLS_FLUSH_D2ADBAEC,29,1,0,8,0,0,35,58,False
optimized-guarded,1,6,5,7,0,0,6,971,19,M_DOSCALLS_CREATEDIR_E8A266C7,20,0,1,3,0,0,24,37,False
optimized-guarded,0,4,10,10,0,0,11,972,14,M_DOSCALLS_PATHMOUNT_48952362,21,0,2,5,0,0,24,40,False
optimized-guarded,4,21,34,31,0,0,37,973,73,M_DOSCALLS_NAMESPACE_643E89B3,87,0,8,28,0,0,111,171,False
optimized-guarded,0,1,1,1,0,0,0,974,1,M_DOSCALLS_DELETEFILE_59D38A29,1,0,0,0,0,0,2,3,False
optimized-guarded,0,1,2,1,0,0,0,975,1,M_DOSCALLS_RENAME_EEAD93B4,2,0,0,0,0,0,3,4,False
optimized-guarded,9,35,40,54,0,0,72,976,89,M_DOSCALLS_ASSIGNPATH_80851264,76,0,2,44,1,8,128,218,False
optimized-guarded,1,9,8,16,0,0,20,977,21,M_DOSCALLS_GETASSIGN_704BF595,19,0,3,13,0,4,32,58,False
optimized-guarded,0,1,4,4,0,0,4,978,4,M_CSTRING_IMPL_STRLEN_EB4E5981,6,0,0,3,0,0,8,14,False
optimized-guarded,0,1,8,6,0,0,6,979,5,M_CSTRING_IMPL_STRNLEN_AC461397,9,0,0,5,0,0,13,21,False
optimized-guarded,0,2,3,8,0,0,8,980,8,M_CSTRING_IMPL_STRCMP_87478B58,7,0,0,4,0,0,11,21,False
optimized-guarded,0,2,5,10,0,0,10,981,9,M_CSTRING_IMPL_STRNCMP_6395B42E,9,0,0,5,0,0,14,26,False
optimized-guarded,1,0,0,6,0,0,6,982,9,M_CSTRING_IMPL_STRCHR_2037DF45,5,0,1,4,2,2,10,16,False
optimized-guarded,0,4,14,14,0,0,18,983,13,M_CSTRING_IMPL_STRLCPY_C7039D62,23,0,0,8,0,0,27,49,False
optimized-guarded,0,5,27,19,0,0,25,984,19,M_CSTRING_IMPL_STRLCAT_C4908C8C,37,0,2,16,0,0,48,77,False
optimized-guarded,0,5,13,20,0,0,28,985,26,M_CSTRING_IMPL_U32TOA_D9A955C5,27,0,1,16,1,4,40,68,False
optimized-guarded,1,7,6,14,0,0,17,986,21,M_DOSUTILITY_WRITEALL_BCEF29C3,6,0,0,11,4,5,23,39,False
optimized-guarded,0,0,1,1,0,0,0,987,2,M_DOSUTILITY_READERINIT_DF037B30,8,0,0,1,0,0,3,10,False
optimized-guarded,2,9,21,16,0,0,18,988,33,M_DOSUTILITY_READBYTE_60ED3FBB,42,0,1,12,0,0,52,81,False
optimized-guarded,0,3,2,18,0,0,22,989,22,M_DOSUTILITY_READLINE_B96FCD33,10,0,0,16,0,4,24,47,False
optimized-guarded,0,0,0,79,0,0,78,990,40,M_DOSFAULT_MESSAGE_9D326B2A,1,0,0,39,0,0,40,119,False
optimized-guarded,8,19,27,34,0,0,42,991,82,M_DOSFAULT_FORMAT_76BA9D40,81,0,31,52,0,4,136,194,False
optimized-guarded,0,3,4,1,0,0,0,992,6,M_DOSFAULT_FAULT_7DB91D83,8,0,0,0,0,0,8,12,False
optimized-guarded,0,6,11,6,0,0,8,993,22,M_DOSFAULT_PRINTFAULT_CDC48706,21,0,0,9,0,0,28,42,False
optimized-guarded,0,1,4,1,0,0,0,1011,1,M_DOS_EXAMINE_1F15C1B0,2,0,0,2,0,0,5,6,False
optimized-guarded,0,1,4,1,0,0,0,1012,1,M_DOS_EXNEXT_623C7B53,2,0,0,2,0,0,5,6,False
optimized-guarded,0,1,0,1,0,0,0,1013,2,M_DOS_INPUT_41B1DDE9,0,0,0,1,0,0,2,3,False
optimized-guarded,0,1,0,1,0,0,0,1014,2,M_DOS_OUTPUT_DF7018DC,0,0,0,1,0,0,2,3,False
optimized-guarded,0,1,2,1,0,0,0,1015,2,M_DOS_SELECTINPUT_FF0F4771,1,0,0,2,0,0,4,5,False
optimized-guarded,0,1,2,1,0,0,0,1016,2,M_DOS_SELECTOUTPUT_3A928904,1,0,0,2,0,0,4,5,False
optimized-guarded,0,11,10,19,0,0,26,1029,30,M_TASKINSPECT_SNAPSHOT_72A67CF0,16,0,1,18,3,12,41,64,False
optimized-guarded,0,10,9,11,0,0,14,1030,17,M_DEVICEINSPECT_SNAPSHOT_EBB6295F,26,0,6,8,0,0,32,55,False
optimized-guarded,1,3,15,7,0,0,9,1031,17,M_FSINSPECT_CACHESTATUS_E621CC2A,35,0,1,5,0,0,33,51,False
optimized-guarded,2,13,11,26,0,0,38,1032,47,M_FSINSPECT_SNAPSHOT_873CF8A6,24,0,1,20,3,20,59,85,False
optimized-guarded,1,4,4,7,0,0,9,1033,11,M_FSINSPECT_SYSTEMWRITABLE_448881D5,13,0,1,4,0,0,16,29,False
optimized-guarded,0,1,1,1,0,0,0,1034,5,M_O65MEMORY_RESERVE_67ABB944,2,0,0,2,0,0,5,6,False
optimized-guarded,0,1,1,1,0,0,0,1035,1,M_O65MEMORY_ALLOCATE_1084F809,1,0,0,0,0,0,2,3,False
optimized-guarded,0,1,1,1,0,0,0,1036,1,M_O65MEMORY_STORAGE_289ABF3F,1,0,0,0,0,0,2,3,False
optimized-guarded,0,0,2,3,0,0,3,1037,2,M_O65READ_FAIL_6B141CC7,5,0,1,1,0,0,5,9,False
optimized-guarded,0,1,7,6,0,0,6,1038,13,M_O65READ_TAKE_D99B2660,16,0,0,5,0,0,20,28,False
optimized-guarded,0,2,3,3,0,0,2,1039,7,M_O65READ_U8_A5F42EC2,5,0,0,3,0,0,10,13,False
optimized-guarded,0,3,2,1,0,0,0,1040,5,M_O65READ_U16_9E5A6B5F,2,0,1,3,0,0,8,9,False
optimized-guarded,0,3,2,1,0,0,0,1041,5,M_O65READ_U32_BA2CF799,2,0,1,3,0,0,8,9,False
optimized-guarded,0,4,6,5,0,0,4,1042,11,M_O65READ_COUNT_2EF12376,12,0,0,3,0,0,16,24,False
optimized-guarded,0,2,3,6,0,0,6,1043,8,M_O65READ_EQUAL_AD4D340B,3,0,0,4,4,2,10,15,False
optimized-guarded,0,1,3,3,0,0,2,1044,6,M_O65READ_LITERAL_8D1D12D6,7,0,1,2,0,0,10,13,False
optimized-guarded,0,0,0,7,0,0,10,1045,13,M_O65READ_NAMEBYTE_937CC326,8,0,5,10,0,0,18,25,False
optimized-guarded,0,6,13,13,0,0,14,1046,17,M_O65READ_NAME_0A34D852,23,0,1,8,0,0,31,50,False
optimized-guarded,0,8,13,12,0,0,12,1047,21,M_O65READ_STRING_E289F21C,21,0,0,8,0,2,32,49,False
optimized-guarded,0,0,3,7,0,0,6,1048,7,M_O65READ_SECTIONSIZE_0E90CADD,7,0,0,3,0,0,10,17,False
optimized-guarded,0,0,2,1,0,0,0,1049,9,M_O65READ_EXTENT_816E81E1,5,0,0,4,0,0,9,10,False
optimized-guarded,1,28,15,54,0,0,67,1050,76,M_O65WIRE_HEADER_58EA710F,39,0,0,38,4,6,90,160,False
optimized-guarded,6,12,3,21,0,0,27,1051,35,M_O65WIRE_EXPORTS_13C8B799,12,0,3,16,2,6,41,67,False
optimized-guarded,10,15,3,18,0,0,24,1052,40,M_O65PROFILE_IMPORTS_FC0170BC,9,0,0,12,0,2,43,64,False
optimized-guarded,0,4,12,7,0,0,9,1053,12,M_PROGRAMIMAGE_FREE_CFEA1DF0,21,0,0,4,0,0,24,36,False
optimized-guarded,0,2,7,8,0,0,11,1054,9,M_PROGRAMIMAGE_ATTACH_B33B47DB,16,0,1,5,0,0,17,31,False
optimized-guarded,0,4,8,11,0,0,15,1055,12,M_PROGRAMIMAGE_DROPOWNER_EE15CDE2,18,0,1,7,0,0,21,40,False
optimized-guarded,0,4,7,9,0,0,13,1056,11,M_PROGRAMIMAGE_DETACH_807AC96B,17,0,1,6,0,0,19,36,False
optimized-guarded,0,0,3,7,0,0,6,1057,12,M_O65RELOCATIONS_BASE_44BA7C79,7,0,0,8,0,0,15,22,False
optimized-guarded,1,35,12,84,0,0,114,1058,131,M_O65RELOCATIONS_WALK_0850572F,40,0,4,79,9,30,146,239,False
optimized-guarded,0,1,2,1,0,0,0,1059,1,M_O65RELOCATIONS_READ_4B7C0B1C,2,0,0,0,0,0,2,4,False
optimized-guarded,0,1,3,1,0,0,0,1060,4,M_O65RELOCATIONS_PATCHES_74DD4940,5,0,0,2,0,0,7,9,False
optimized-guarded,0,3,6,5,0,0,5,1061,9,M_O65_RELEASE_DA7FFCCE,8,0,0,6,0,0,15,22,False
optimized-guarded,1,10,22,11,0,0,12,1062,28,M_O65_DESCRIPTOR_41119D04,37,0,0,11,0,0,49,70,False
optimized-guarded,0,11,18,18,0,0,22,1063,25,M_O65_VALIDATE_31EC2383,32,0,1,14,0,0,42,75,False
optimized-guarded,3,10,17,7,0,0,6,1064,10,M_DOSINHERIT_CLONEFILE_B3A0D025,21,0,0,4,0,0,27,45,False
optimized-guarded,1,13,15,7,0,0,6,1065,15,M_DOSINHERIT_CLONELOCK_889C592A,23,0,0,6,0,0,30,50,False
optimized-guarded,0,11,20,15,0,0,18,1066,22,M_DOSINHERIT_STREAM_24BB16AC,26,0,0,17,0,0,42,69,False
optimized-guarded,0,10,15,18,0,0,18,1067,18,M_DOSINHERIT_CLONE_1DB40F0B,17,0,2,13,0,0,34,58,False
optimized-guarded,0,12,21,28,0,0,35,1068,42,M_DOSINHERIT_DISCARD_44133C6A,44,0,0,21,0,0,62,105,False
optimized-guarded,1,10,21,10,0,0,10,1069,20,M_DOSINHERIT_FINALIZEDETACHED_E855A6F0,36,1,0,10,0,0,42,67,False
optimized-guarded,0,2,3,5,0,0,5,1070,5,M_DOSINHERIT_ADOPT_35538564,6,0,0,3,0,0,8,16,False
optimized-guarded,0,9,7,13,0,0,15,1071,13,M_DOSGROUP_BEGIN_073142E7,15,0,1,7,0,0,21,44,False
optimized-guarded,0,1,3,4,0,0,4,1072,9,M_DOSGROUP_VALID_7D621B56,6,0,0,5,0,0,12,16,False
optimized-guarded,0,4,5,8,0,0,8,1073,10,M_DOSGROUP_SEAL_B243143B,11,0,0,5,0,0,15,28,False
optimized-guarded,0,1,4,3,0,0,2,1074,9,M_DOSGROUP_READY_271F659D,8,0,0,5,0,0,13,17,False
optimized-guarded,0,4,2,3,0,0,2,1075,2,M_DOSGROUP_CANCEL_B8897A90,2,0,0,1,0,0,4,10,False
optimized-guarded,0,6,24,16,0,0,22,1076,16,M_DOSGROUP_JOIN_A4542070,42,0,3,11,0,0,43,75,False
optimized-guarded,0,3,17,15,0,0,20,1077,17,M_DOSGROUP_LEAVE_AF8BE2F5,34,0,3,12,0,0,37,64,False
optimized-guarded,0,9,9,11,0,0,14,1078,15,M_DOSGROUP_END_0E9A4197,20,0,2,7,0,0,26,47,False
optimized-guarded,0,4,16,14,0,0,16,1079,21,M_DOSPROCESS_DISCARD_B47D4E40,32,0,0,7,0,0,37,57,False
optimized-guarded,0,4,25,22,0,0,27,1080,39,M_DOSPROCESS_SNAPSHOT_8415B6DE,56,0,0,11,0,0,64,93,False
optimized-guarded,0,10,25,24,0,0,31,1081,30,M_DOSPROCESS_PREPARE_AF74B007,49,0,4,18,0,0,58,101,False
optimized-guarded,0,12,12,12,0,0,13,1082,16,M_DOSPROCESS_PREPAREGROUP_5B2830CC,26,0,3,7,0,0,30,57,False
optimized-guarded,0,7,14,7,0,0,7,1083,10,M_DOSPROCESS_ENTERFOREGROUND_ADB53B83,24,0,1,5,0,0,25,43,False
optimized-guarded,0,9,33,10,0,0,12,1084,22,M_DOSPROCESS_ADOPT_5B5DBE18,56,1,0,6,0,0,56,81,False
optimized-guarded,0,4,12,11,0,0,13,1085,14,M_DOSPROCESS_RESTOREFOREGROUND_D0EE9507,24,0,1,8,0,0,27,47,False
optimized-guarded,0,11,17,40,0,0,49,1086,49,M_DOSPROCESS_CLEANUP_CE292B9A,37,0,0,23,4,7,66,111,False
optimized-guarded,0,4,16,11,0,0,16,1087,18,M_DOSPROCESS_RELEASEPARENT_43E07877,33,0,1,11,0,0,35,59,False
optimized-guarded,0,1,1,1,0,0,0,1088,3,M_PROCESS_CONTROL_D28A63F1,2,0,0,1,0,0,4,5,False
optimized-guarded,0,1,0,1,0,0,0,1089,1,M_PROCESS_CURRENT_07EFB7F5,0,0,0,0,0,0,1,2,False
optimized-guarded,0,1,1,3,0,0,2,1090,4,M_PROCESS_GETARGSTR_37000207,3,0,0,2,0,0,5,9,False
optimized-guarded,0,5,4,8,0,0,11,1091,11,M_PROCESS_EXECUTEIMAGE_8428E44E,10,0,0,5,0,0,15,28,False
optimized-guarded,0,9,4,7,0,0,7,1092,15,M_PROCESS_RUN_4C2ABD87,17,0,0,3,0,0,19,36,False
optimized-guarded,0,9,7,9,0,0,12,1093,8,M_PROCESS_FINISH_AE17E2ED,6,0,0,6,0,0,15,30,False
optimized-guarded,0,7,13,9,0,0,12,1094,18,M_PROCESS_RELEASESTORAGE_F7C3DB6E,24,0,0,8,0,0,31,48,False
optimized-guarded,1,23,13,37,0,0,47,1095,57,M_PROCESS_STARTINTERNAL_08C34541,40,0,4,29,0,2,72,130,False
optimized-guarded,0,1,3,1,0,0,0,1096,2,M_PROCESS_START_10858ECA,3,0,0,0,0,0,4,5,False
optimized-guarded,0,1,3,1,0,0,0,1097,2,M_PROCESS_STARTFOREGROUND_F931F4E9,3,0,0,0,0,0,4,5,False
optimized-guarded,0,2,4,3,0,0,2,1098,4,M_PROCESS_STARTLOADED_CDAA1C3D,5,0,0,2,0,0,8,12,False
optimized-guarded,0,2,6,4,0,0,4,1099,4,M_PROCESS_PREPARELOADED_143E0750,6,0,0,3,0,0,10,15,False
optimized-guarded,1,4,4,5,0,0,4,1100,10,M_PROCESS_STARTPREPARED_C79EF329,5,0,0,6,0,0,14,21,False
optimized-guarded,1,4,4,5,0,0,4,1101,6,M_PROCESS_DISCARDPREPARED_9F7D5787,4,0,0,4,0,0,10,18,False
optimized-guarded,1,5,9,7,0,0,6,1102,9,M_PROCESS_COLLECT_3A4F29C8,13,0,0,5,0,0,18,31,False
optimized-guarded,1,4,2,8,0,0,8,1103,11,M_PROCESS_WAIT_BEBC9E91,5,0,0,4,0,0,13,22,False
optimized-guarded,0,1,1,7,0,0,9,1104,7,M_DOSARGS_CLEAR_67E19159,3,0,1,5,0,2,9,16,False
optimized-guarded,0,1,1,6,0,0,6,1105,6,M_DOSARGS_BOUNDEDLENGTH_E004A013,2,0,0,3,0,2,7,12,False
optimized-guarded,0,0,0,4,0,0,4,1106,3,M_DOSARGS_UPPER_7F315E6C,4,0,4,3,0,0,7,11,False
optimized-guarded,0,0,0,1,0,0,0,1107,11,M_DOSARGS_LETTER_897462C0,5,0,3,9,0,0,14,15,False
optimized-guarded,0,4,2,7,0,0,8,1108,15,M_DOSARGS_SAME_51AE7922,5,0,0,7,0,2,17,23,False
optimized-guarded,0,17,14,58,0,0,75,1109,66,M_DOSARGS_DESCRIBE_D600A84B,14,0,4,46,4,24,84,135,False
optimized-guarded,0,6,23,33,0,0,42,1110,40,M_DOSARGS_WORD_271132B0,48,0,6,23,1,4,69,110,False
optimized-guarded,2,4,10,16,0,0,18,1111,30,M_DOSARGS_NUMERIC_B3350961,19,0,2,18,6,4,42,59,False
optimized-guarded,7,35,42,83,0,0,107,1112,140,M_DOSARGS_DECODE_CCDE93B6,78,0,15,73,8,42,195,276,False
optimized-guarded,2,4,14,19,0,0,21,1113,23,M_DOSARGS_PARSE_ACA8C265,23,0,3,12,0,0,37,60,False
optimized-guarded,0,6,7,19,0,0,22,1114,21,M_DOSCOMMAND_HELP_D3856E13,7,0,0,13,0,4,28,45,False
optimized-guarded,0,14,8,20,0,0,28,1115,34,M_DOSCOMMAND_SHOWTEMPLATE_03EA47A3,19,0,0,15,0,0,40,68,False
optimized-guarded,0,8,21,20,0,0,27,1116,31,M_DOSCOMMAND_READARGSORHELP_AC23446B,26,0,0,14,1,4,44,68,False
optimized-guarded,0,1,0,1,0,0,0,1128,1,M_PROGRAMAPI_INPUT_CF30B53D,0,0,0,0,0,0,1,2,False
optimized-guarded,0,1,0,1,0,0,0,1129,1,M_PROGRAMAPI_OUTPUT_24288338,0,0,0,0,0,0,1,2,False
optimized-guarded,0,3,4,3,0,0,2,1132,7,M_PROGRAMAPI_READARGS_BFA789E0,7,0,1,2,0,0,11,15,False
optimized-guarded,0,1,0,1,0,0,0,1135,0,M_PROGRAMAPI_YIELD_8B32D3B0,0,0,0,0,0,0,0,2,False
optimized-guarded,0,1,2,1,0,0,0,1142,1,M_PROGRAMAPI_EXAMINE_6478E83C,2,0,0,0,0,0,3,4,False
optimized-guarded,0,1,2,1,0,0,0,1143,1,M_PROGRAMAPI_EXNEXT_3BA57C27,2,0,0,0,0,0,3,4,False
optimized-guarded,0,2,4,1,0,0,0,1149,4,M_PROGRAMAPI_READARGSORHELP_0AAF8D06,5,0,0,0,0,0,7,8,False
optimized-guarded,14,19,9,44,0,0,59,1150,84,M_PROGRAMPROVIDERS_RESOLVE_0AD38ACF,35,0,2,33,0,8,94,145,False
optimized-guarded,0,5,20,19,0,0,21,1151,55,M_PROGRAMPLACE_ALLOCATE_8CF1E5BF,54,0,0,24,0,0,74,102,False
optimized-guarded,0,1,3,1,0,0,0,1152,2,M_PROGRAMPLACE_PATCHES_2338CDC0,3,0,0,0,0,0,4,5,False
optimized-guarded,0,2,3,4,0,0,4,1153,6,M_PROGRAMPLACE_COPY_75B5AA8B,3,0,0,3,4,2,8,12,False
optimized-guarded,1,17,30,15,0,0,18,1154,35,M_PROGRAM_LOAD_3AF1DE19,47,0,0,15,0,0,63,95,False
optimized-guarded,1,18,8,44,0,0,63,1156,71,M_PROGRAMFILE_LOAD_6B2BC763,16,0,0,31,8,41,75,110,False
optimized-guarded,3,43,64,70,0,0,89,1157,136,M_PIPELINE_RUN_E96AA47C,160,0,4,45,0,0,191,321,False
optimized-guarded,0,0,0,1,0,0,0,1158,4,M_DEMO_SHELLLINE_05385AFA,1,0,0,3,0,0,4,5,False
optimized-guarded,0,0,0,1,0,0,0,1159,4,M_DEMO_SHELLDRAWBUFFER_40A1F650,1,0,0,3,0,0,4,5,False
optimized-guarded,0,0,0,1,0,0,0,1160,4,M_DEMO_SHELLSCRATCH_4CC9A4C2,1,0,0,3,0,0,4,5,False
optimized-guarded,0,0,0,1,0,0,0,1161,4,M_DEMO_SHELLTRANSFER_5E61BE6D,1,0,0,3,0,0,4,5,False
optimized-guarded,0,0,3,5,0,0,6,1162,11,M_DEMO_SHELLFAIL_8B3FAF62,13,0,0,2,0,0,11,20,False
optimized-guarded,0,1,1,1,0,0,0,1163,2,M_DEMO_SHELLLENGTH_41312048,1,0,0,1,0,0,3,4,False
optimized-guarded,0,4,5,9,0,0,11,1164,14,M_DEMO_SHELLEQUAL_87D888CC,6,0,0,8,1,5,19,27,False
optimized-guarded,0,2,0,3,0,0,2,1165,2,M_DEMO_SHELLPOLL_FD68673B,0,0,0,1,0,0,2,6,False
optimized-guarded,0,3,0,3,0,0,2,1166,5,M_DEMO_SHELLSCOPE_835D7600,2,0,0,1,0,0,5,9,False
optimized-guarded,0,6,3,10,0,0,11,1167,15,M_DEMO_SHELLRETIREBREAK_55533B4C,7,0,0,5,1,2,15,28,False
optimized-guarded,0,5,7,17,0,0,22,1168,32,M_DEMO_SHELLWRITE_F024753B,23,0,0,12,1,2,36,57,False
optimized-guarded,1,2,2,1,0,0,0,1169,2,M_DEMO_SHELLBYTE_63E82DA4,5,0,1,0,0,0,5,9,False
optimized-guarded,0,6,9,16,0,0,21,1170,20,M_DEMO_SHELLTEXT_3AA6BB8B,8,0,0,15,0,6,29,45,False
optimized-guarded,1,5,7,4,0,0,4,1171,20,M_DEMO_SHELLNUMBER_CB70AEA1,19,0,4,11,0,0,28,40,False
optimized-guarded,1,12,6,15,0,0,21,1172,61,M_DEMO_SHELLDIAGNOSTIC_90251983,54,0,0,10,0,0,62,92,False
optimized-guarded,0,6,2,9,0,0,11,1173,16,M_DEMO_SHELLHISTORY_253D1EFE,10,0,1,4,0,0,17,29,False
optimized-guarded,0,5,2,3,0,0,2,1174,6,M_DEMO_SHELLPROMPT_49927678,7,0,0,1,0,0,8,16,False
optimized-guarded,0,1,1,1,0,0,0,1175,2,M_DEMO_SHELLCLEAR_C99F4545,5,0,0,0,0,0,3,7,False
optimized-guarded,0,14,14,29,0,0,28,1176,28,M_DEMO_SHELLCLASSIFY_4EDF64CA,14,0,0,14,0,0,42,71,False
optimized-guarded,1,2,0,7,0,0,8,1177,23,M_DEMO_SHELLPIPEBOUNDARY_12E051D2,20,0,1,6,0,0,24,36,False
optimized-guarded,1,5,1,16,0,0,18,1178,43,M_DEMO_SHELLARGUMENT_06FF7069,32,0,3,15,0,6,47,69,False
optimized-guarded,5,41,2,126,0,0,181,1179,241,M_DEMO_SHELLPARSE_A0346EB9,116,0,3,98,3,39,246,386,False
optimized-guarded,0,1,1,13,0,0,18,1180,24,M_DEMO_SHELLALIASNAME_AB73FBF9,3,0,1,22,0,2,26,39,False
optimized-guarded,0,1,1,16,0,0,23,1181,13,M_DEMO_SHELLALIASTEXT_A6FBD7BD,4,0,1,11,0,2,15,32,False
optimized-guarded,0,5,1,9,0,0,10,1182,15,M_DEMO_SHELLALIASINDEX_3346373C,4,0,0,6,1,2,16,24,False
optimized-guarded,0,9,3,1,0,0,0,1183,11,M_DEMO_SHELLALIASSHOW_53099C95,8,0,0,2,0,0,14,20,False
optimized-guarded,4,24,2,45,0,0,57,1184,67,M_DEMO_SHELLALIASCOMMAND_96FDFCD5,19,0,1,28,1,13,70,120,False
optimized-guarded,1,7,0,3,0,0,2,1185,13,M_DEMO_SHELLUNALIASCOMMAND_0E212A24,8,0,0,2,0,0,13,21,False
optimized-guarded,2,22,1,28,0,0,37,1186,70,M_DEMO_SHELLALIASREPLACE_D1C41638,22,0,3,32,2,12,74,106,False
optimized-guarded,0,2,0,6,0,0,6,1187,7,M_DEMO_SHELLALIASEXPAND_1DD100F8,3,0,1,3,0,0,8,14,False
optimized-guarded,0,16,8,13,0,0,14,1188,25,M_DEMO_SHELLCHANGE_9A7AB49E,24,0,0,5,0,0,31,58,False
optimized-guarded,0,8,0,6,0,0,6,1189,12,M_DEMO_SHELLRELEASELOCK_B96B0C1C,6,0,0,2,0,0,12,22,False
optimized-guarded,2,25,7,23,0,0,30,1190,49,M_DEMO_SHELLDIR_42E4EEF3,28,0,0,13,0,0,51,91,False
optimized-guarded,0,3,0,16,0,0,23,1191,20,M_DEMO_SHELLCONVERT_E2CF79D9,2,0,1,12,1,13,21,33,False
optimized-guarded,0,1,0,5,0,0,6,1192,8,M_DEMO_SHELLCLOSECOMMANDINPUT_4078E4EF,6,0,0,2,0,0,8,14,False
optimized-guarded,1,20,4,27,0,0,35,1193,41,M_DEMO_SHELLTYPE_1AFF6CB6,19,0,0,13,2,2,41,80,False
optimized-guarded,0,28,0,1,0,0,0,1194,20,M_DEMO_SHELLMEM_AF895CA1,0,0,0,4,0,0,20,33,False
optimized-guarded,0,1,2,10,0,0,13,1195,5,M_DEMO_SHELLTASKSTATE_696E6DB8,8,0,0,4,0,0,7,23,False
optimized-guarded,0,21,12,14,0,0,18,1196,23,M_DEMO_SHELLTASKS_EC8AA98C,14,0,0,11,0,2,35,60,False
optimized-guarded,0,10,7,25,0,0,34,1197,21,M_DEMO_SHELLDEVICES_F77A45DF,16,0,0,14,0,2,28,65,False
optimized-guarded,0,25,16,23,0,0,30,1198,28,M_DEMO_SHELLMOUNTS_AF3EE75C,18,0,0,15,0,4,44,81,False
optimized-guarded,0,5,5,7,0,0,6,1199,13,M_DEMO_SHELLCLOSETEMPORARY_12B1A0C5,11,0,0,4,0,0,16,27,False
optimized-guarded,0,10,0,22,0,0,30,1200,47,M_DEMO_SHELLUNREDIRECT_A96C796F,40,0,1,11,0,0,48,83,False
optimized-guarded,2,17,2,20,0,0,23,1201,55,M_DEMO_SHELLREDIRECT_189A437C,37,0,0,12,0,0,57,88,False
optimized-guarded,0,1,0,1,0,0,0,1202,7,M_DEMO_SHELLPATHENTRY_DB7471EF,2,0,1,5,0,0,8,9,False
optimized-guarded,0,2,0,1,0,0,0,1203,3,M_DEMO_SHELLPATHRESET_72A30C98,2,0,0,0,0,0,3,5,False
optimized-guarded,0,2,2,12,0,0,16,1204,14,M_DEMO_SHELLPATHEQUAL_1BAC498B,2,0,0,9,1,8,16,25,False
optimized-guarded,2,8,4,26,0,0,37,1205,36,M_DEMO_SHELLPATHASSIGNED_B6DA4F91,7,0,1,22,1,9,41,65,False
optimized-guarded,0,28,11,31,0,0,38,1206,61,M_DEMO_SHELLPATHUPDATE_51351508,36,0,3,20,1,4,71,115,False
optimized-guarded,3,18,4,18,0,0,20,1207,37,M_DEMO_SHELLPATH_505E8FAB,18,0,0,10,1,2,41,67,False
optimized-guarded,0,0,2,1,0,0,0,1208,5,M_DEMO_SHELLPATHMISS_F697D8DD,2,0,0,3,0,0,5,6,False
optimized-guarded,1,23,7,25,0,0,31,1209,53,M_DEMO_SHELLLOADCOMMAND_919DB943,8,0,1,27,1,6,61,84,False
optimized-guarded,3,12,8,7,0,0,6,1210,25,M_DEMO_SHELLEXTERNAL_6FFCDB1B,22,0,0,4,0,0,30,48,False
optimized-guarded,5,14,13,13,0,0,17,1211,56,M_DEMO_SHELLPIPELINE_3089A788,53,0,0,12,0,0,66,97,False
optimized-guarded,2,46,0,48,0,0,69,1212,68,M_DEMO_SHELLDISPATCH_61C1EC5C,17,0,0,28,0,2,68,141,False
optimized-guarded,0,14,0,21,0,0,29,1213,30,M_DEMO_SHELLCOMMAND_F85F9F19,18,0,0,10,0,0,30,63,False
optimized-guarded,1,21,13,29,0,0,39,1214,74,M_DEMO_SHELLREADSTEP_67245C10,68,0,2,21,0,0,80,140,False
optimized-guarded,0,14,1,9,0,0,8,1215,26,M_DEMO_SHELLOPEN_309B1844,22,0,0,5,0,0,27,50,False
optimized-guarded,0,2,0,1,0,0,0,1216,4,M_DEMO_SHELLINITIALPROMPT_533D0DC4,6,0,0,0,0,0,4,9,False
optimized-guarded,1,3,2,5,0,0,5,1217,7,M_DEMO_SHELLSTART_EB23C688,4,0,0,3,0,0,9,16,False
optimized-guarded,0,33,1,31,0,0,34,1218,64,M_DEMO_SHELLFINISH_96C56219,37,0,0,17,0,0,65,118,False
optimized-guarded,1,3,0,6,0,0,8,1219,9,M_DEMO_SHELLCACHESTATUS_0F6F58DA,6,0,2,3,0,0,11,19,False
optimized-guarded,0,11,6,9,0,0,9,1220,13,M_DEMO_SHELLBOOTSIO_CB000C63,11,0,0,7,0,0,19,38,False
optimized-guarded,2,39,2,23,0,0,27,1221,94,M_DEMO_SHELLBOOTSTART_83789768,65,0,0,21,0,0,96,150,False
optimized-guarded,0,8,6,7,0,0,8,1222,15,M_DEMO_DEMONAME_3669E60C,7,0,1,11,1,4,22,33,False
optimized-guarded,0,3,2,5,0,0,6,1223,9,M_DEMO_DEMOTEXT_C012A5A2,7,0,3,5,0,2,14,20,False
optimized-guarded,0,3,0,11,0,0,15,1224,19,M_DEMO_DEMONUMBER_B404F7D0,13,0,4,10,1,4,23,37,False
optimized-guarded,0,8,0,10,0,0,10,1225,26,M_DEMO_DEMOPRIME_7F18EBC0,8,0,2,12,0,2,28,38,False
optimized-guarded,3,17,1,36,0,1,47,1226,62,M_DEMO_DEMOCOMPUTE_108F568E,37,0,8,28,0,10,71,121,False
optimized-guarded,5,21,2,28,0,0,30,1227,60,M_DEMO_DEMOSTART_FC398735,42,0,1,16,0,0,63,112,False
optimized-guarded,1,8,2,33,0,1,41,1228,42,M_DEMO_DEMOFINISH_E4DD1D06,32,0,1,16,0,0,43,90,False
optimized-guarded,0,3,0,9,0,0,12,1229,9,M_DEMO_MAIN_C5B18743,7,0,1,4,0,0,10,23,False
raw-guarded,0,0,0,3,0,0,2,0,3,M_EXECMEMORY_VALIDBANK_E9E0A79B,1,0,0,2,0,0,3,6,False
raw-guarded,0,0,0,4,0,0,4,1,6,M_EXECMEMORY_VALIDOWNER_462B929A,2,0,0,4,0,0,6,10,False
raw-guarded,3,6,0,25,0,0,30,2,53,M_EXECMEMORY_ADOPT_494D3B99,26,0,4,29,0,0,57,89,False
raw-guarded,0,4,3,5,0,0,4,3,15,M_EXECMEMORY_QUERY_D2E34F9F,14,0,1,4,0,0,19,27,False
raw-guarded,0,8,0,13,0,0,12,4,28,M_EXECMEMORY_RESERVEEXACT_88D3D2C8,16,0,2,9,0,0,30,46,False
raw-guarded,0,5,1,10,0,0,10,5,21,M_EXECMEMORY_ACQUIRE_EAA019EB,18,0,4,9,0,0,26,42,False
raw-guarded,0,9,0,15,0,0,14,6,33,M_EXECMEMORY_RELEASE_A6E307FC,18,0,2,11,0,0,35,53,False
raw-guarded,2,0,7,1,2,0,0,8,0,M_EXECLISTS_NEWLIST_B3502541,8,0,0,2,0,0,9,13,False
raw-guarded,1,0,2,1,0,0,0,10,4,M_EXECLISTS_ISLISTEMPTY_6EEB0796,3,0,0,2,0,0,6,7,False
raw-guarded,1,0,11,1,0,0,0,12,0,M_EXECLISTS_ADDHEAD_3AE3E6E4,15,1,0,1,0,0,12,18,False
raw-guarded,1,0,9,1,2,0,0,13,0,M_EXECLISTS_ADDTAIL_A1C0F364,15,1,0,1,0,0,12,18,False
raw-guarded,2,2,20,6,0,0,6,14,5,M_EXECLISTS_INSERT_468B11BA,24,1,0,5,0,0,26,39,False
raw-guarded,0,0,0,1,0,0,0,15,8,M_EXECLISTS_REMOVE_2E26C2C1,12,0,0,0,0,0,8,13,False
raw-guarded,0,1,4,3,0,0,2,16,2,M_EXECLISTS_REMHEAD_F8063CE7,7,1,0,1,0,0,7,12,False
raw-guarded,0,1,4,3,0,0,2,17,2,M_EXECLISTS_REMTAIL_292EAA27,7,1,0,1,0,0,7,12,False
raw-guarded,0,2,10,6,0,0,6,18,8,M_EXECLISTS_ENQUEUE_763E1E61,18,2,0,4,0,0,20,30,False
raw-guarded,0,0,14,11,0,0,13,19,14,M_EXECLISTS_FINDNAME_2659CDBB,25,3,0,12,0,0,31,48,False
raw-guarded,0,1,12,12,0,0,15,20,25,M_TASKMEMORY_WRITABLE_FBC2061D,29,0,3,16,0,0,40,58,False
raw-guarded,0,0,1,4,0,0,4,22,8,M_HEAPCORE_ROUNDED_9D79FA03,3,0,2,7,0,0,10,14,False
raw-guarded,0,5,9,13,0,0,19,23,34,M_HEAPCORE_BOUNDS_2387CB05,21,0,1,23,0,0,43,62,False
raw-guarded,0,2,2,6,0,0,8,24,18,M_HEAPCORE_CHUNKADDRESS_A551D41B,9,0,1,13,0,0,21,30,False
raw-guarded,0,1,2,7,0,0,10,25,19,M_HEAPCORE_NEXTADDRESS_E32592FF,9,0,1,13,0,0,21,30,False
raw-guarded,0,4,11,6,0,0,8,26,22,M_HEAPCORE_CHUNKEND_0E0C27CE,22,0,1,12,0,0,32,44,False
raw-guarded,0,3,9,6,0,0,7,27,9,M_HEAPCORE_VALIDATE_B397AD34,19,2,0,4,0,0,19,32,False
raw-guarded,0,0,5,4,0,0,4,28,1,M_HEAPCORE_LINK_9B47F952,7,0,0,1,0,0,6,12,False
raw-guarded,0,0,5,1,0,0,0,29,1,M_HEAPCORE_WRITECHUNK_D768FC26,8,0,0,0,0,0,5,9,False
raw-guarded,0,2,16,6,0,0,7,30,32,M_HEAPCORE_SPLIT_B6117102,36,1,0,16,0,0,44,60,False
raw-guarded,0,0,1,5,0,0,6,31,17,M_HEAPCORE_CANDIDATE_07CF3557,8,0,1,12,0,0,18,25,False
raw-guarded,0,4,16,15,0,0,17,32,34,M_HEAPCORE_RESERVE_2192E9C0,38,2,1,15,0,0,48,72,False
raw-guarded,0,1,2,1,0,0,0,33,2,M_HEAPCORE_ALLOCATE_E39F1AF5,2,0,0,0,0,0,3,4,False
raw-guarded,0,4,18,19,0,0,26,34,45,M_HEAPCORE_LARGEST_AA9886E8,50,2,1,22,0,0,59,95,False
raw-guarded,0,2,27,12,0,0,16,35,35,M_HEAPCORE_INSERTFREE_129E41BB,45,0,0,18,0,0,56,77,False
raw-guarded,0,5,19,19,0,0,27,36,41,M_HEAPCORE_RETURNRANGE_11C95A83,39,2,0,23,0,0,58,86,False
raw-guarded,0,4,6,6,0,0,7,37,22,M_HEAPCORE_DEALLOCATE_60F97CF2,15,0,0,11,0,0,24,36,False
raw-guarded,0,0,0,1,0,0,0,38,2,M_HEAPPOLICY_GETSTATE_9B9EAF7C,0,0,0,2,0,0,2,3,False
raw-guarded,0,1,0,1,0,0,0,39,5,M_HEAPPOLICY_HEADER_A992FDFC,1,0,1,4,0,0,6,7,False
raw-guarded,1,5,6,6,0,0,7,40,15,M_HEAPPOLICY_SHUTDOWN_9E341637,17,0,2,9,0,0,23,38,False
raw-guarded,1,1,0,11,0,0,13,41,13,M_HEAPPOLICY_RUNS_07A33D25,16,0,7,10,0,0,20,39,False
raw-guarded,0,4,16,1,0,0,0,42,17,M_HEAPPOLICY_REGION_F42DC07D,38,0,5,11,0,0,38,54,False
raw-guarded,2,11,5,36,0,0,47,43,68,M_HEAPPOLICY_START_1455FA91,59,0,14,39,0,0,87,147,False
raw-guarded,1,4,3,4,0,0,4,44,10,M_HEAPPOLICY_INIT_69D6AA0D,9,0,2,7,0,0,15,25,False
raw-guarded,0,0,1,11,0,0,12,45,28,M_HEAPPOLICY_FLAGSVALID_4BF22F96,9,0,1,22,0,0,29,42,False
raw-guarded,0,3,0,6,0,0,8,46,20,M_HEAPPOLICY_DESCRIPTOR_8971C45E,6,0,1,15,0,0,21,30,False
raw-guarded,2,7,21,17,0,0,25,47,25,M_HEAPPOLICY_VALIDATEREGIONS_C3A52ACE,41,2,2,14,0,0,50,81,False
raw-guarded,0,0,1,3,0,0,3,48,13,M_HEAPPOLICY_MATCHES_ACC95206,9,0,2,9,0,0,16,21,False
raw-guarded,1,6,16,14,0,0,17,49,26,M_HEAPPOLICY_RESERVE_42F2499D,27,2,1,14,0,0,40,62,False
raw-guarded,1,3,11,7,0,0,8,50,15,M_HEAPPOLICY_LOCATE_7B91FF59,23,2,0,9,0,0,28,43,False
raw-guarded,0,6,8,11,0,0,15,51,27,M_HEAPPOLICY_FREE_3EA2E1EF,18,0,1,16,0,0,33,51,False
raw-guarded,1,6,22,19,0,0,24,52,42,M_HEAPPOLICY_AVAIL_22774B2C,40,2,0,23,0,0,57,89,False
raw-guarded,0,1,3,3,0,0,2,53,3,M_HEAPPOLICY_MEMORYTYPE_D394B206,5,0,1,2,0,0,7,11,False
raw-guarded,0,1,2,4,0,0,4,54,9,M_HEAPPOLICY_VECTORBYTES_E6541B8F,5,0,1,5,0,0,10,15,False
raw-guarded,0,2,2,3,0,0,2,55,8,M_HEAPPOLICY_RESERVEVECTOR_C09ED6F4,5,0,0,2,0,0,8,12,False
raw-guarded,0,8,11,15,0,0,21,56,44,M_HEAPPOLICY_FREEVECTOR_698EC5DE,29,0,1,26,0,0,52,78,False
raw-guarded,0,0,0,1,0,0,0,57,2,M_PROCESSSTATE_REGISTRY_559AFD20,0,0,0,2,0,0,2,3,False
raw-guarded,0,0,1,1,0,0,0,58,3,M_BOOTCONFIG_CACHEBLOCKS_B221B0CF,3,0,0,2,0,0,4,6,False
raw-guarded,0,0,1,1,0,0,0,59,5,M_BOOTCONFIG_STATUS_B93FBCBB,3,0,0,4,0,0,6,8,False
raw-guarded,0,0,1,1,0,0,0,60,5,M_BOOTCONFIG_SYSTEMDRIVE_62E82846,3,0,0,4,0,0,6,8,False
raw-guarded,0,0,0,1,0,0,0,61,17,M_BOOTCONFIG_VALIDBLOCKS_EA50F717,5,0,0,12,0,0,17,18,False
raw-guarded,0,10,16,14,0,0,20,62,35,M_BOOTCONFIG_INIT_610CE665,32,0,2,24,0,0,53,80,False
raw-guarded,0,1,0,1,0,0,0,69,5,M_TASKPOLICY_RECORDFOR_833E2B66,1,0,1,4,0,0,6,7,False
raw-guarded,0,0,1,1,0,0,0,70,5,M_TASKPOLICY_SAVEDWORD_D1C8E663,5,0,1,3,0,0,7,9,False
raw-guarded,0,0,1,1,0,0,0,71,2,M_TASKPOLICY_RESULT_DA2077E3,5,0,3,3,0,0,6,9,False
raw-guarded,0,2,1,1,0,0,0,72,10,M_TASKPOLICY_POINTERRESULT_E8D88610,7,0,2,7,0,0,13,17,False
raw-guarded,0,3,0,1,0,0,0,73,11,M_TASKPOLICY_ARGUMENTPOINTER_A19325C6,2,0,1,7,0,0,12,13,False
raw-guarded,0,0,1,1,0,0,0,74,3,M_TASKPOLICY_FLAGS_56B3B4FF,4,0,2,3,0,0,6,8,False
raw-guarded,0,2,1,1,0,0,0,75,9,M_TASKPOLICY_PROTECTED_FCDCE808,3,0,2,7,0,0,12,13,False
raw-guarded,0,0,11,11,0,0,12,76,18,M_TASKPOLICY_LOOKUP_41F6D1E4,15,1,1,18,0,0,31,44,False
raw-guarded,0,3,12,15,0,0,19,78,27,M_TASKPOLICY_AVAILABLERECORD_80983EA0,21,0,3,23,0,0,42,62,False
raw-guarded,3,0,8,1,0,0,0,79,11,M_TASKPOLICY_EMPTYMEMORY_C893BDB0,10,0,0,7,0,0,19,21,False
raw-guarded,0,1,3,7,0,0,8,80,10,M_TASKPOLICY_VALIDENTRY_58BA8A58,12,0,2,6,0,0,15,26,False
raw-guarded,0,5,5,14,0,0,16,81,35,M_TASKPOLICY_STACKSLOT_2A322EEA,29,0,11,21,0,0,51,69,False
raw-guarded,0,5,6,5,0,0,6,82,21,M_TASKPOLICY_PREPARESTACK_1A1C583B,25,0,8,12,0,0,35,47,False
raw-guarded,0,2,14,4,0,0,4,83,23,M_TASKPOLICY_PREPAREDOMAIN_45DA3401,34,0,6,18,0,0,43,58,False
raw-guarded,0,1,9,7,0,0,8,84,20,M_TASKPOLICY_PREPAREFRAME_D5FF2FA0,32,0,12,21,0,0,41,61,False
raw-guarded,0,0,4,3,0,0,3,85,1,M_TASKPOLICY_SETSTATE_52D88FAF,10,1,2,1,0,0,8,14,False
raw-guarded,1,3,5,1,0,0,0,86,1,M_TASKPOLICY_READY_679992F5,6,1,0,1,0,0,7,12,False
raw-guarded,0,1,13,1,0,0,0,87,4,M_TASKPOLICY_INITSIGNALS_5C831CB9,21,0,0,5,0,0,17,28,False
raw-guarded,0,4,25,1,0,0,0,88,12,M_TASKPOLICY_ADMIT_CF1671AB,46,0,2,9,0,0,39,60,False
raw-guarded,0,7,7,4,0,0,4,89,14,M_TASKPOLICY_INITRESIDENTSTORAGE_FCEF7175,14,0,2,13,0,0,23,38,False
raw-guarded,1,25,35,8,0,0,8,90,35,M_TASKPOLICY_INIT_57A5FAC8,79,0,7,20,0,0,77,133,False
raw-guarded,0,0,1,1,0,0,0,91,1,M_TASKPOLICY_TIMEDCOUNT_C3B59E74,3,0,0,0,0,0,2,4,False
raw-guarded,0,0,2,4,0,0,4,92,3,M_TASKPOLICY_ADJUSTTIMED_DDC1BE1E,8,0,3,3,0,0,8,15,False
raw-guarded,0,4,4,7,0,0,9,93,13,M_TASKPOLICY_WAKE_9E9C7518,15,0,3,8,0,0,20,34,False
raw-guarded,0,6,10,12,0,0,13,94,15,M_TASKPOLICY_SELECT_1A709B3E,17,0,0,8,0,0,25,43,False
raw-guarded,0,4,8,8,0,0,8,95,11,M_TASKPOLICY_SWITCH_98522C9E,14,0,2,5,0,0,20,31,False
raw-guarded,0,0,5,1,0,0,0,96,19,M_TASKPOLICY_EMPTYSIGNALS_EA2224E4,10,0,0,14,0,0,24,25,False
raw-guarded,0,18,27,17,0,0,20,97,40,M_TASKPOLICY_ADD_A5E7C92B,52,1,8,15,0,0,69,102,False
raw-guarded,1,18,31,24,0,0,35,98,99,M_TASKPOLICY_CREATE_EE96600A,94,0,14,53,0,0,141,190,False
raw-guarded,1,15,35,20,0,0,27,99,33,M_TASKPOLICY_REMOVETASK_35F29A21,61,1,5,22,0,0,74,119,False
raw-guarded,0,0,0,8,0,0,8,100,20,M_TASKPOLICY_SAMENAME_968CD62D,11,0,0,11,0,0,20,30,False
raw-guarded,0,3,7,10,0,0,11,101,13,M_TASKPOLICY_FIND_0D9A09D7,20,1,3,6,0,0,24,39,False
raw-guarded,0,5,2,3,0,0,2,102,13,M_TASKPOLICY_PRIORITY_7FE7EE8A,12,0,3,5,0,0,18,25,False
raw-guarded,0,10,11,7,0,0,6,103,21,M_TASKPOLICY_SLEEPTASK_6A909BCC,24,0,3,7,0,0,31,48,False
raw-guarded,0,2,1,1,0,0,0,104,9,M_TASKPOLICY_MASKRESULT_220A6FAB,7,0,2,6,0,0,12,16,False
raw-guarded,0,1,0,1,0,0,0,105,3,M_TASKPOLICY_SIGNALBIT_7E52F9EF,1,0,1,2,0,0,4,5,False
raw-guarded,0,3,9,13,0,0,16,106,24,M_TASKPOLICY_ALLOCATEBIT_A349E154,28,0,9,14,0,0,38,58,False
raw-guarded,0,9,19,15,0,0,16,107,35,M_TASKPOLICY_MASKS_49833CE1,44,1,11,17,0,0,61,85,False
raw-guarded,0,2,4,5,0,0,4,108,8,M_TASKPOLICY_COMPLETEWAIT_31FB45E4,8,0,0,3,0,0,11,18,False
raw-guarded,0,5,5,5,0,0,4,109,13,M_TASKPOLICY_WAITTASK_AD94C4A2,14,0,4,5,0,0,20,29,False
raw-guarded,0,3,4,3,0,0,2,110,6,M_TASKPOLICY_POSTSIGNAL_10773240,7,0,0,1,0,0,9,14,False
raw-guarded,0,4,9,7,0,0,6,111,13,M_TASKPOLICY_SIGNALTASK_806F80F5,20,1,3,5,0,0,24,36,False
raw-guarded,0,1,2,3,0,0,3,117,2,M_TASKPOLICY_CANCELWAKE_8ADC984A,3,0,0,1,0,0,4,8,False
raw-guarded,0,4,7,9,0,0,9,118,7,M_TASKPOLICY_DRAINONE_68E56764,10,1,0,4,0,0,15,27,False
raw-guarded,0,3,0,7,0,0,8,119,4,M_TASKPOLICY_DRAINWAKES_15F017CB,8,0,7,5,0,0,11,23,False
raw-guarded,0,2,0,9,0,0,8,120,14,M_TASKPOLICY_PRODUCERBINDING_1B8E711F,4,0,0,8,0,0,14,23,False
raw-guarded,0,2,7,12,0,0,15,121,15,M_TASKPOLICY_BOUNDPRODUCER_6D7B4E54,17,0,3,9,0,0,25,40,False
raw-guarded,0,1,5,9,0,0,11,122,13,M_TASKPOLICY_PRODUCERSIGNALBOUND_5677CF48,13,0,3,9,0,0,20,32,False
raw-guarded,0,21,42,55,0,0,74,123,111,M_TASKPOLICY_PRODUCERCONTROL_52F9499B,120,0,15,58,0,0,166,254,False
raw-guarded,0,0,0,1,0,0,0,124,7,M_TASKPOLICY_MEMORYSERVICE_7FAD083C,4,0,4,7,0,0,11,12,False
raw-guarded,0,1,3,9,0,0,12,125,21,M_TASKPOLICY_MEMORYPACKET_B36B55BB,18,0,3,12,0,0,27,40,False
raw-guarded,0,12,21,18,0,0,24,126,34,M_TASKPOLICY_MEMORYCALL_E7816C43,40,0,3,17,0,0,57,87,False
raw-guarded,0,0,0,1,0,0,0,127,4,M_TASKPOLICY_PORTSERVICE_8D598BCC,2,0,1,3,0,0,5,6,False
raw-guarded,0,1,3,1,0,0,0,128,2,M_TASKPOLICY_INITPORTS_2CB7E92A,6,0,0,2,0,0,5,10,False
raw-guarded,0,0,1,3,0,0,2,129,8,M_TASKPOLICY_PORTSTORAGE_D3468DA2,2,0,0,7,0,0,9,12,False
raw-guarded,0,1,4,8,0,0,8,130,8,M_TASKPOLICY_VALIDPORT_7710F985,7,0,0,4,0,0,12,20,False
raw-guarded,0,0,1,4,0,0,4,131,14,M_TASKPOLICY_VALIDMESSAGE_C0DE7739,3,0,0,12,0,0,15,19,False
raw-guarded,2,5,14,13,0,0,15,132,17,M_TASKPOLICY_SENDMESSAGE_7332557D,25,0,2,7,0,0,32,52,False
raw-guarded,1,4,9,11,0,0,13,133,17,M_TASKPOLICY_PORTHEAD_A12A0751,18,0,3,9,0,0,29,43,False
raw-guarded,1,4,11,12,0,0,12,134,21,M_TASKPOLICY_PORTDELETE_CF47DFE6,22,1,1,9,0,0,33,48,False
raw-guarded,3,7,20,14,0,0,14,135,17,M_TASKPOLICY_REGISTRYCALL_6B5FFB7F,30,0,5,12,0,0,42,66,False
raw-guarded,0,4,13,9,0,0,8,136,13,M_TASKPOLICY_QUEUECALL_62B0545B,25,2,2,5,0,0,30,43,False
raw-guarded,0,6,10,14,0,0,15,137,37,M_TASKPOLICY_PORTCALL_70989793,36,0,5,14,0,0,52,70,False
raw-guarded,0,0,0,1,0,0,0,138,4,M_TASKPOLICY_IOSERVICE_1E6CF653,2,0,1,3,0,0,5,6,False
raw-guarded,0,16,16,1,0,0,0,139,5,M_TASKPOLICY_INITIONAMES_D8642B1E,17,0,0,5,0,0,21,39,False
raw-guarded,1,3,13,7,0,0,9,140,20,M_TASKPOLICY_INITIO_35D5D1E4,26,0,0,20,0,0,33,57,False
raw-guarded,0,1,5,5,0,0,4,141,13,M_TASKPOLICY_IOEXTENT_9818C08A,9,0,0,9,0,0,18,24,False
raw-guarded,0,1,0,3,0,0,3,142,4,M_TASKPOLICY_IOERROR_9413450C,8,0,6,4,0,0,10,16,False
raw-guarded,0,1,3,3,0,0,2,143,2,M_TASKPOLICY_IONAME_8B922013,3,0,0,1,0,0,5,8,False
raw-guarded,1,0,5,7,0,0,6,144,15,M_TASKPOLICY_IOBOUND_33A4879E,10,0,0,10,0,0,20,28,False
raw-guarded,0,8,8,11,0,0,11,145,29,M_TASKPOLICY_IOOPEN_15F8E966,22,1,3,17,0,0,41,58,False
raw-guarded,1,2,15,14,1,0,20,146,30,M_TASKPOLICY_IOOPENTEST_C4ABA6E6,33,1,2,22,0,0,48,72,False
raw-guarded,1,2,7,3,0,0,2,147,8,M_TASKPOLICY_IOCOMPLETE_88BA0BF3,12,0,1,2,0,0,16,20,False
raw-guarded,0,1,6,3,0,0,2,148,11,M_TASKPOLICY_IOWAITOWNER_63A51E9E,12,1,0,6,0,0,18,22,False
raw-guarded,1,4,10,9,0,0,9,149,17,M_TASKPOLICY_IOCOLLECT_D169FE6C,19,0,1,7,0,0,28,40,False
raw-guarded,2,5,25,10,0,0,11,150,32,M_TASKPOLICY_IOENQUEUE_EC975914,41,0,2,19,0,0,59,77,False
raw-guarded,0,5,10,10,0,0,12,151,13,M_TASKPOLICY_IOBEGIN_A0C610B5,19,0,2,6,0,0,25,40,False
raw-guarded,0,2,16,13,0,0,17,152,28,M_TASKPOLICY_IOTESTBEGIN_2E780855,28,0,0,19,0,0,44,62,False
raw-guarded,1,3,11,9,0,0,8,153,19,M_TASKPOLICY_IOABORT_1EC95CFC,19,0,2,13,0,0,32,45,False
raw-guarded,1,2,12,12,0,0,14,154,19,M_TASKPOLICY_IOWORKERCONTROL_3D43EE5B,23,0,2,12,0,0,33,50,False
raw-guarded,1,2,9,5,0,0,5,155,9,M_TASKPOLICY_IOCLAIM_E59988BA,17,0,1,5,0,0,19,30,False
raw-guarded,0,4,12,18,0,0,18,156,26,M_TASKPOLICY_IOTEST_D46D842E,28,0,6,14,0,0,43,64,False
raw-guarded,0,2,14,6,0,0,6,157,11,M_TASKPOLICY_IOTESTFINISH_35E02F77,28,1,0,6,0,0,26,42,False
raw-guarded,0,9,14,20,0,0,22,158,44,M_TASKPOLICY_IOCALL_78031962,45,1,9,22,0,0,68,96,False
raw-guarded,0,9,14,28,0,0,38,159,49,M_TASKPOLICY_IOREQUESTCALL_7ACD78BD,39,0,11,30,0,0,71,106,False
raw-guarded,0,4,3,15,0,0,15,160,28,M_TASKPOLICY_IOSETTLEDCALL_042AE5B9,31,0,8,10,0,0,39,60,False
raw-guarded,0,5,12,11,0,0,13,161,33,M_TASKPOLICY_LEASESTORAGE_C3092E33,16,0,1,27,0,0,46,59,False
raw-guarded,0,1,2,7,0,0,9,162,9,M_TASKPOLICY_APPLICATIONCOUNT_B3468565,14,0,6,7,0,0,17,29,False
raw-guarded,0,3,4,9,0,0,11,163,13,M_TASKPOLICY_NOTIFYRESIDENTS_D29836FE,14,0,3,7,0,0,20,33,False
raw-guarded,0,2,15,11,0,0,12,164,16,M_TASKPOLICY_RETAIN_6B38DA95,25,0,1,10,0,0,32,48,False
raw-guarded,0,2,14,11,0,0,12,165,18,M_TASKPOLICY_RELEASE_25BFE7A9,25,0,1,11,0,0,33,49,False
raw-guarded,0,1,9,8,0,0,10,166,16,M_TASKPOLICY_REGISTER_6BEAF001,17,1,0,8,0,0,23,34,False
raw-guarded,0,8,10,20,0,0,28,167,47,M_TASKPOLICY_LIFETIMECALL_A2B2E727,49,0,11,25,0,0,68,102,False
raw-guarded,0,1,1,1,0,0,0,168,6,M_TASKPOLICY_DOSSLOTFOR_362EB215,2,0,0,4,0,0,7,8,False
raw-guarded,0,1,7,1,0,0,0,169,2,M_TASKPOLICY_DOSRESET_224DFB33,13,0,0,1,0,0,9,16,False
raw-guarded,0,1,6,3,0,0,2,170,12,M_TASKPOLICY_DOSCANREMOVE_DB41E74E,12,0,0,6,0,0,18,22,False
raw-guarded,0,2,6,5,0,0,4,171,7,M_TASKPOLICY_DOSCURRENT_4399DFDB,11,0,1,3,0,0,14,21,False
raw-guarded,0,8,11,7,0,0,8,172,33,M_TASKPOLICY_DOSINIT_97B41A44,27,0,4,26,0,0,48,68,False
raw-guarded,0,0,5,1,0,0,0,173,10,M_TASKPOLICY_DOSWORKERBOUND_DB9BCF66,8,0,0,8,0,0,15,17,False
raw-guarded,0,0,4,3,0,0,3,174,4,M_TASKPOLICY_DOSREMOVED_D36757B2,6,0,0,4,0,0,8,13,False
raw-guarded,2,3,14,4,0,0,4,175,13,M_TASKPOLICY_DOSPREPARE_61B1CC0D,27,0,3,8,0,0,30,44,False
raw-guarded,0,4,16,12,0,0,15,176,18,M_TASKPOLICY_DOSADMIT_DEA63DC3,32,0,4,13,0,0,38,61,False
raw-guarded,0,5,8,8,0,0,8,177,21,M_TASKPOLICY_DOSCONTROL_C7F82CE3,21,0,3,10,0,0,32,44,False
raw-guarded,1,2,2,1,0,0,0,178,3,M_TASKPOLICY_PROCESSFOR_0276CBEE,3,0,0,0,0,0,5,7,False
raw-guarded,0,2,3,1,0,0,0,179,11,M_TASKPOLICY_SLOTFREE_73C36B44,10,0,2,6,0,0,16,19,False
raw-guarded,0,1,3,4,0,0,4,180,5,M_TASKPOLICY_PROCESSCLEAR_BCDB987A,8,0,2,5,0,0,10,18,False
raw-guarded,0,3,1,4,0,0,4,181,6,M_TASKPOLICY_PROCESSINIT_C857F965,8,0,3,4,0,0,10,19,False
raw-guarded,0,2,7,1,0,0,0,182,10,M_TASKPOLICY_PROCESSRECORDAVAILABLE_0E5B31EF,9,0,0,9,0,0,17,21,False
raw-guarded,0,5,3,1,0,0,0,183,20,M_TASKPOLICY_PROCESSRESIDENT_478DA1B5,5,0,1,15,0,0,24,26,False
raw-guarded,0,3,2,8,0,0,8,184,17,M_TASKPOLICY_VALIDPROCESSENTRY_D56EBBFD,11,0,2,11,0,0,21,33,False
raw-guarded,0,10,32,22,0,0,26,185,60,M_TASKPOLICY_PROCESSRESERVE_23A33DDB,72,0,5,33,0,0,97,137,False
raw-guarded,0,1,7,8,0,0,10,186,11,M_TASKPOLICY_PROCESSOWNED_DDA89718,15,0,3,8,0,0,21,32,False
raw-guarded,0,1,6,9,0,0,12,187,16,M_TASKPOLICY_PROCESSFIND_A9822214,17,0,3,9,0,0,24,36,False
raw-guarded,1,2,7,6,0,0,6,188,10,M_TASKPOLICY_PROCESSCURRENT_78571A20,11,0,0,4,0,0,17,24,False
raw-guarded,2,10,33,20,0,0,25,189,57,M_TASKPOLICY_PROCESSLAUNCH_8314A6C0,63,0,1,26,0,0,91,121,False
raw-guarded,1,3,12,9,0,0,10,190,26,M_TASKPOLICY_PROCESSCANREMOVE_140447A5,26,0,3,15,0,0,41,54,False
raw-guarded,0,3,6,3,0,0,2,191,9,M_TASKPOLICY_PROCESSREMOVED_46C99271,14,0,0,2,0,0,15,22,False
raw-guarded,0,0,11,1,0,0,0,192,33,M_TASKPOLICY_PROCESSSTORAGEEMPTY_D996E6A7,22,0,0,22,0,0,44,45,False
raw-guarded,0,12,44,59,0,0,79,193,62,M_TASKPOLICY_PROCESSCHANGE_3BBD0041,74,0,7,40,0,0,113,185,False
raw-guarded,0,2,5,1,0,0,0,194,4,M_TASKPOLICY_PROCESSCONTROL_6911FE90,9,0,1,1,0,0,10,13,False
raw-guarded,0,5,5,16,0,0,20,199,35,M_TASKPOLICY_INPUTINIT_B07DD496,35,0,10,30,0,0,50,86,False
raw-guarded,0,0,0,1,0,0,0,200,4,M_TASKPOLICY_KEYBOARDBINDING_7A2395A8,0,0,0,4,0,0,4,5,False
raw-guarded,0,1,0,1,0,0,0,201,1,M_TASKPOLICY_KEYBOARDCLAIM_2C621EDB,0,0,0,0,0,0,1,2,False
raw-guarded,0,1,0,1,0,0,0,202,0,M_TASKPOLICY_KEYBOARDRELEASE_69338836,0,0,0,0,0,0,0,2,False
raw-guarded,0,0,0,1,0,0,0,203,4,M_TASKPOLICY_POINTERBINDING_D35CECAC,0,0,0,4,0,0,4,5,False
raw-guarded,0,1,0,1,0,0,0,204,1,M_TASKPOLICY_POINTERCLAIM_44D64EBF,0,0,0,0,0,0,1,2,False
raw-guarded,0,1,0,1,0,0,0,205,0,M_TASKPOLICY_POINTERRELEASE_E1BB47AA,0,0,0,0,0,0,0,2,False
raw-guarded,0,2,1,4,0,0,4,206,7,M_TASKPOLICY_CONSOLEINIT_02CC0011,7,0,2,6,0,0,10,19,False
raw-guarded,0,8,10,1,0,0,0,207,4,M_TASKPOLICY_CONSOLENAMES_B9E6EA95,11,0,0,5,0,0,14,25,False
raw-guarded,0,1,1,1,0,0,0,208,5,M_TASKPOLICY_CONSOLENAME_0C46F590,1,0,0,4,0,0,6,7,False
raw-guarded,0,0,1,1,0,0,0,209,4,M_TASKPOLICY_CONSOLEDEVICE_34497CA3,2,0,0,3,0,0,5,6,False
raw-guarded,0,21,0,49,0,0,66,210,82,M_TASKPOLICY_REQUESTVALID_195CAC51,36,0,31,56,0,0,113,162,False
raw-guarded,0,19,27,37,0,0,39,211,58,M_TASKPOLICY_ROUTE_3006B749,49,0,13,20,0,0,84,125,False
raw-guarded,0,2,4,9,0,0,11,212,13,M_TASKPOLICY_FINISHDISPATCH_46CD5A79,13,0,3,6,0,0,19,30,False
raw-guarded,0,17,21,21,0,0,23,213,51,M_TASKPOLICY_DISPATCH_2D7B283C,54,1,6,12,0,0,73,104,False
raw-guarded,0,1,0,1,0,0,0,246,3,M_TASKSTACKS_STACKLOWER_64542B4C,2,0,0,0,0,0,3,4,False
raw-guarded,0,1,0,1,0,0,0,247,3,M_TASKSTACKS_STACKUPPER_7AF4EA13,2,0,0,0,0,0,3,4,False
raw-guarded,0,0,4,13,0,0,16,251,35,M_CONSOLECORE_EXTENT_83D9960B,19,0,1,21,0,0,37,53,False
raw-guarded,0,0,3,3,0,0,3,252,5,M_CONSOLECORE_CELLOFFSET_711520EE,12,0,5,3,0,0,13,18,False
raw-guarded,2,2,5,4,0,0,4,253,10,M_CONSOLECORE_CLEAN_3E747584,14,0,2,5,0,0,17,27,False
raw-guarded,0,0,6,5,0,0,6,254,9,M_CONSOLECORE_CHANGED_16194333,13,0,0,5,0,0,15,23,False
raw-guarded,6,6,7,7,0,0,9,255,25,M_CONSOLECORE_MARKROW_74F1B9FE,20,0,1,5,0,0,33,44,False
raw-guarded,0,2,11,13,0,0,16,256,24,M_CONSOLECORE_DIRTY_4A63B073,42,0,11,12,0,0,45,69,False
raw-guarded,6,6,12,12,0,0,15,257,33,M_CONSOLECORE_PRESENTED_91E62DC9,30,0,1,9,0,0,46,63,False
raw-guarded,0,3,18,14,0,0,18,258,36,M_CONSOLECORE_INIT_F63331F9,49,0,7,24,0,0,59,90,False
raw-guarded,1,2,14,8,0,0,9,259,18,M_CONSOLECORE_EDITRETAINED_2E59361D,31,1,2,9,0,0,35,51,False
raw-guarded,0,2,4,3,0,0,2,260,4,M_CONSOLECORE_EDITQUANTUM_E6CDEC54,6,0,0,2,0,0,8,13,False
raw-guarded,0,0,7,4,0,0,4,261,8,M_CONSOLECORE_NEWLINE_97A73E23,16,0,2,5,0,0,17,25,False
raw-guarded,0,2,12,17,0,0,23,262,18,M_CONSOLECORE_CONTROL_7E220524,27,0,4,15,0,0,34,61,False
raw-guarded,3,12,32,35,0,0,51,263,66,M_CONSOLECORE_FEEDINTO_F0C48569,97,0,20,29,0,0,117,176,False
raw-guarded,0,1,3,1,0,0,0,264,2,M_CONSOLECORE_FEED_287D49E7,3,0,0,0,0,0,4,5,False
raw-guarded,0,3,7,3,0,0,3,265,5,M_CONSOLECORE_FEEDBATCH_FBB9A7C1,13,0,2,2,0,0,14,21,False
raw-guarded,4,5,11,9,0,0,12,266,26,M_CONSOLECORE_BATCHDAMAGE_51FD9990,30,0,5,9,0,0,42,57,False
raw-guarded,1,0,0,1,0,0,0,267,1,M_CONSOLEBATCH_GET_1DDD9652,0,0,0,0,0,0,1,2,False
raw-guarded,2,2,12,12,0,0,17,268,34,M_CONSOLEBATCH_BEGIN_A348F06D,41,0,3,17,0,0,47,74,False
raw-guarded,0,0,0,9,0,0,12,269,15,M_CONSOLEBATCH_DUE_DFFF17C0,10,0,3,10,0,0,18,29,False
raw-guarded,1,2,4,6,0,0,7,270,18,M_CONSOLEBATCH_FEED_F2D299EE,20,0,3,7,0,0,25,36,False
raw-guarded,1,1,1,5,0,1,5,271,4,M_CONSOLEBATCH_PUBLISH_28F83695,6,0,2,2,0,0,7,15,False
raw-guarded,0,0,0,1,0,0,0,272,0,M_CONSOLEBATCH_RESET_8C5BFDE1,1,0,0,0,0,0,0,2,False
raw-guarded,1,1,10,4,0,0,4,273,26,M_DISPLAY_VALID_AD4A9CEB,19,0,0,15,0,0,36,40,False
raw-guarded,0,0,0,1,0,0,0,274,0,M_DISPLAY_STATE_1869A6F2,1,0,1,0,0,0,1,2,False
raw-guarded,0,0,0,1,0,0,0,275,0,M_DISPLAY_KIND_52F443B1,1,0,1,0,0,0,1,2,False
raw-guarded,1,8,17,21,0,0,28,276,43,M_DISPLAY_ACQUIRE_D4F205A1,36,0,1,29,0,0,61,95,False
raw-guarded,0,1,1,5,0,0,4,277,3,M_DISPLAY_CHECK_D0D668F5,2,0,1,2,0,0,5,10,False
raw-guarded,0,1,2,4,0,0,4,278,3,M_DISPLAY_ACTIVATE_FA0B49D8,5,0,1,2,0,0,6,12,False
raw-guarded,0,1,2,5,0,0,6,279,4,M_DISPLAY_BEGINRELEASE_D060B9F5,6,0,2,3,0,0,8,15,False
raw-guarded,1,6,6,6,0,0,7,280,7,M_DISPLAY_RELEASE_49E3CB4A,12,0,1,5,0,0,14,30,False
raw-guarded,0,1,2,3,0,0,2,281,2,M_DISPLAY_FAULT_17A2F7BD,4,0,0,1,0,0,4,9,False
raw-guarded,0,0,0,1,0,0,0,283,2,M_CONSOLEBITMAP_GETBINDING_4C301254,0,0,0,2,0,0,2,3,False
raw-guarded,0,1,1,1,0,0,0,284,2,M_CONSOLEBITMAP_ENABLED_B5633DC6,3,0,0,0,0,0,3,5,False
raw-guarded,0,1,1,1,0,0,0,285,2,M_CONSOLEBITMAP_FAILED_26B87568,3,0,0,0,0,0,3,5,False
raw-guarded,0,1,9,9,0,0,14,286,28,M_CONSOLEBITMAP_BIND_37A88456,21,0,0,18,0,0,34,49,False
raw-guarded,0,1,1,1,0,0,0,287,3,M_CONSOLEBITMAP_GETPACKET_5A801E1D,3,0,0,1,0,0,4,6,False
raw-guarded,0,5,9,13,0,0,17,288,30,M_CONSOLEBITMAP_RUN_859D3E7A,25,0,1,18,0,0,40,61,False
raw-guarded,0,4,3,5,0,0,4,289,11,M_CONSOLEBITMAP_OPEN_C85D6197,12,0,0,5,0,0,14,26,False
raw-guarded,0,1,0,1,0,0,0,290,3,M_CONSOLEBITMAP_CLOSE_9D29479F,3,0,0,2,0,0,3,7,False
raw-guarded,0,0,0,1,0,0,0,291,1,M_CONSOLEBITMAP_MASK_8BB047A7,1,0,0,0,0,0,1,2,False
raw-guarded,0,2,5,1,0,0,0,292,3,M_CONSOLEBITMAP_FILL_0D7F3514,16,0,5,1,0,0,13,20,False
raw-guarded,0,2,6,1,0,0,0,293,8,M_CONSOLEBITMAP_TEXT_D480A0BE,17,0,3,5,0,0,17,25,False
raw-guarded,0,2,11,1,0,0,0,294,11,M_CONSOLEBITMAP_TEXTCARET_18ADBDA7,29,0,5,8,0,0,27,40,False
raw-guarded,0,8,16,7,0,0,8,295,26,M_CONSOLEBITMAP_SCROLL_377D53B8,45,0,12,18,0,0,54,78,False
raw-guarded,0,0,0,1,0,0,0,296,0,M_CONSOLEBITMAP_PENDING_D6383590,1,0,1,0,0,0,1,2,False
raw-guarded,0,2,1,8,0,0,9,297,8,M_CONSOLEBITMAP_POLL_6E3B6F9E,6,0,1,5,0,0,10,21,False
raw-guarded,0,0,0,1,0,0,0,298,2,M_CONSOLEWINDOWS_REGISTRY_F9AAFFE0,0,0,0,2,0,0,2,3,False
raw-guarded,0,0,2,1,0,0,0,299,5,M_CONSOLEWINDOWS_LIVE_CF72384F,4,0,0,3,0,0,7,8,False
raw-guarded,1,3,5,4,0,0,4,300,12,M_CONSOLEWINDOWS_FIND_07AFDE1C,9,0,0,5,0,0,16,22,False
raw-guarded,3,5,4,7,0,0,8,301,16,M_CONSOLEWINDOWS_BOUND_2C2AAE27,12,0,2,5,0,0,22,32,False
raw-guarded,2,4,13,10,0,0,10,302,22,M_CONSOLEWINDOWS_RESERVE_27D75673,28,0,3,12,0,0,38,56,False
raw-guarded,1,2,9,5,0,0,6,303,8,M_CONSOLEWINDOWS_RETIRED_09D5DC06,17,0,0,5,0,0,17,30,False
raw-guarded,1,4,18,23,0,0,30,304,41,M_CONSOLEWINDOWS_RUNNABLE_B9919222,38,0,0,19,0,0,59,85,False
raw-guarded,2,5,16,16,0,0,18,305,22,M_CONSOLEWINDOWS_TAKE_9FD09734,36,0,5,11,0,0,43,70,False
raw-guarded,0,0,2,8,0,0,10,316,19,M_INPUT_SHAPE_12014EFC,6,0,1,14,0,0,20,28,False
raw-guarded,0,4,5,5,0,0,4,317,23,M_INPUT_EXTENT_FA4C9281,9,0,3,18,0,0,30,36,False
raw-guarded,0,0,0,1,0,0,0,318,7,M_INPUT_FILTERVALID_D26629FB,3,0,2,6,0,0,9,10,False
raw-guarded,0,3,40,45,0,0,62,319,99,M_INPUT_CHECKCONFIG_58BFFC0D,81,0,4,59,0,0,143,188,False
raw-guarded,0,0,0,3,0,0,2,320,7,M_INPUT_SOURCESTATE_ED5DBA81,1,0,0,6,0,0,7,10,False
raw-guarded,0,1,5,8,0,0,8,321,8,M_INPUT_SHARED_40B1C6BE,11,0,3,7,0,0,16,27,False
raw-guarded,0,0,2,4,0,0,4,322,4,M_INPUT_SOURCEOF_A387FC4D,1,0,0,4,1,2,6,9,False
raw-guarded,0,1,1,3,0,0,2,323,7,M_INPUT_CAPTURE_307447C1,1,0,0,6,0,0,8,11,False
raw-guarded,2,1,22,16,0,0,26,324,39,M_INPUT_VALID_32EBD3E5,40,0,1,20,0,0,62,79,False
raw-guarded,1,1,2,1,0,0,0,325,12,M_INPUT_ROUTEVALID_38FC4B26,4,0,0,7,0,0,13,14,False
raw-guarded,4,6,18,22,0,0,26,326,58,M_INPUT_REFERENCED_138D8154,47,0,4,27,0,0,76,106,False
raw-guarded,3,21,44,29,0,0,33,327,67,M_INPUT_ACQUIRE_69C538CF,90,0,7,39,0,0,118,182,False
raw-guarded,3,10,9,12,0,0,12,328,27,M_INPUT_CREATEROUTE_F78B5B60,24,0,3,13,0,0,39,62,False
raw-guarded,0,9,9,9,0,0,10,329,14,M_INPUT_PUBLISHROUTE_D1782DE9,12,0,0,6,0,0,19,36,False
raw-guarded,1,10,9,7,0,0,6,330,14,M_INPUT_RETIREROUTE_2881C61B,12,0,0,6,0,0,21,36,False
raw-guarded,0,9,7,8,0,0,8,331,10,M_INPUT_DISCARD_ACB1BF45,8,0,0,4,0,0,14,29,False
raw-guarded,0,6,10,13,0,0,17,332,20,M_INPUT_PENDING_94D4AB06,29,0,9,16,0,0,39,64,False
raw-guarded,0,0,1,3,0,0,2,333,15,M_INPUT_POINTERDELTAVALID_367584F0,6,0,0,9,0,0,15,18,False
raw-guarded,0,0,1,7,0,0,6,334,32,M_INPUT_POINTERCOORDINATE_C979CE22,18,0,0,16,0,0,32,41,False
raw-guarded,4,11,57,36,0,0,50,335,119,M_INPUT_POINTERREAD_16C85D8C,165,0,17,61,0,0,193,277,False
raw-guarded,1,17,26,21,0,0,26,336,55,M_INPUT_TAKE_28320780,70,0,8,32,0,0,86,141,False
raw-guarded,4,17,18,15,0,0,17,337,32,M_INPUT_RELEASE_78D4EBB0,40,0,6,18,0,0,56,94,False
raw-guarded,1,0,0,1,0,0,0,338,1,M_CONSOLECAPTURE_GETLEASE_6E44FE9A,0,0,0,0,0,0,1,2,False
raw-guarded,2,1,0,1,0,0,0,339,7,M_CONSOLECAPTURE_ACQUIRE_39D4E6A8,7,0,0,4,0,0,7,15,False
raw-guarded,3,6,2,6,0,0,7,340,12,M_CONSOLECAPTURE_RELEASE_DD04AD8D,9,0,2,6,0,0,16,30,False
raw-guarded,1,2,1,3,0,0,3,341,5,M_CONSOLECAPTURE_PUBLISH_C5573D67,1,0,0,2,0,0,5,9,False
raw-guarded,4,4,4,7,0,0,9,342,19,M_CONSOLECAPTURE_CLEARUNIT_43522FE3,13,0,2,7,0,0,24,35,False
raw-guarded,0,0,0,1,0,0,0,343,2,M_CONSOLEFOREGROUND_REGISTRY_ABF9F388,0,0,0,2,0,0,2,3,False
raw-guarded,9,12,9,16,0,0,22,344,41,M_CONSOLEFOREGROUND_RECLAIM_59B58C70,30,0,5,13,0,0,55,80,False
raw-guarded,3,7,14,10,0,0,12,345,29,M_CONSOLEFOREGROUND_ALLOCATE_F1C749CC,39,0,6,13,0,0,48,72,False
raw-guarded,0,1,5,3,0,0,2,346,7,M_CONSOLEFOREGROUND_REGISTER_0F2DE106,10,0,0,2,0,0,10,16,False
raw-guarded,0,3,6,5,0,0,6,347,14,M_CONSOLEFOREGROUND_UNREGISTER_54DD2BA5,14,0,0,9,0,0,20,31,False
raw-guarded,0,2,6,6,0,0,7,348,13,M_CONSOLEFOREGROUND_RETIREUNBOUNDBREAKS_24224B11,33,0,14,10,0,0,33,51,False
raw-guarded,0,6,24,12,0,0,14,349,29,M_CONSOLEFOREGROUND_BEGIN_4DD9FFD0,40,0,0,15,0,0,50,73,False
raw-guarded,2,8,19,12,0,0,16,350,26,M_CONSOLEFOREGROUND_END_65D34F46,38,0,2,12,0,0,47,72,False
raw-guarded,4,11,42,19,0,0,25,351,53,M_CONSOLEFOREGROUND_HANDOFF_CB9B2D39,81,0,5,25,0,0,96,140,False
raw-guarded,1,3,5,6,0,0,6,352,17,M_CONSOLEFOREGROUND_RESOLVE_9B8D664B,12,0,0,7,0,0,21,29,False
raw-guarded,0,1,6,6,0,0,7,353,8,M_CONSOLEFOREGROUND_NOTIFYONE_981F2C18,11,0,0,4,0,0,14,22,False
raw-guarded,0,3,3,1,0,0,0,354,4,M_CONSOLEFOREGROUND_NOTIFY_A30EB7D0,5,0,0,2,0,0,7,11,False
raw-guarded,1,10,14,11,0,0,12,355,24,M_CONSOLEFOREGROUND_DELIVER_8D52BBDC,26,0,1,12,0,0,37,60,False
raw-guarded,0,0,8,1,0,0,0,356,3,M_CONSOLEINPUT_INIT_5076ECFA,15,0,0,3,0,0,11,19,False
raw-guarded,0,0,4,1,0,0,0,357,3,M_CONSOLEINPUT_LOSE_42C88EE3,8,0,0,3,0,0,7,12,False
raw-guarded,0,4,8,3,0,0,3,358,6,M_CONSOLEINPUT_CLEAR_3DEF4D2B,13,0,0,5,0,0,14,25,False
raw-guarded,0,5,11,39,0,0,45,359,60,M_CONSOLEINPUT_DECODE_A428056C,65,0,27,43,0,0,98,152,False
raw-guarded,0,3,11,8,0,0,8,360,16,M_CONSOLEINPUT_DELIVER_8B43A137,23,0,4,9,0,0,30,43,False
raw-guarded,1,9,7,20,0,0,29,361,40,M_CONSOLEINPUT_PUMP_600356CC,33,0,9,24,0,0,55,87,False
raw-guarded,0,3,2,5,0,0,6,362,9,M_CONSOLEINPUT_SERVICE_4560B6F3,8,0,2,6,0,0,12,22,False
raw-guarded,0,3,9,11,0,0,13,363,22,M_CONSOLEINPUT_READ_9E7D5EC6,27,0,6,14,0,0,37,55,False
raw-guarded,0,1,0,3,0,0,2,364,2,M_CONSOLEDISPLAY_WIDTH_10C212F0,0,0,0,1,0,0,2,5,False
raw-guarded,0,1,0,3,0,0,2,365,2,M_CONSOLEDISPLAY_HEIGHT_F3C514AD,0,0,0,1,0,0,2,5,False
raw-guarded,0,1,1,3,0,0,2,367,5,M_CONSOLEDISPLAY_GLYPH_DCC4F92E,4,0,1,3,0,0,7,11,False
raw-guarded,0,12,10,22,0,0,28,368,46,M_CONSOLEDISPLAY_LISTVALID_C50FC922,25,0,4,26,0,0,60,85,False
raw-guarded,0,1,0,17,0,0,24,369,30,M_CONSOLEDISPLAY_VALIDATE_33E36106,16,0,0,13,0,0,30,47,False
raw-guarded,0,4,12,12,0,0,16,370,28,M_CONSOLEDISPLAY_GEOMETRY_B00D0334,24,0,0,12,0,0,40,52,False
raw-guarded,2,11,50,18,0,0,21,371,53,M_CONSOLEDISPLAY_CLAIM_0FF5CDD8,92,0,0,36,0,0,103,159,False
raw-guarded,2,8,17,9,0,0,10,372,25,M_CONSOLEDISPLAY_RELEASE_C2AC22C5,38,0,0,13,0,0,42,70,False
raw-guarded,0,2,0,1,0,0,0,373,6,M_CONSOLEDISPLAY_POSITION_5668E3AD,3,0,1,2,0,0,7,8,False
raw-guarded,0,2,6,3,0,0,2,374,11,M_CONSOLEDISPLAY_CURSORPOSITION_6D01F173,12,0,1,4,0,0,18,21,False
raw-guarded,0,9,29,14,0,0,17,375,52,M_CONSOLEDISPLAY_CURSOR_3EC7579C,64,0,3,20,0,0,84,107,False
raw-guarded,5,17,56,33,0,0,47,376,163,M_CONSOLEDISPLAY_CELLS_40A0DF53,173,0,17,68,0,0,235,296,False
raw-guarded,1,9,17,8,0,0,9,377,35,M_CONSOLEDISPLAY_REMOVECURSOR_56933EEC,39,0,0,10,0,0,52,67,False
raw-guarded,1,9,14,18,0,0,22,378,45,M_CONSOLEDISPLAY_ERASE_7308FAA4,41,0,5,22,0,0,64,91,False
raw-guarded,0,6,19,17,0,0,28,379,37,M_CONSOLEDISPLAY_BEGINBATCH_E8453865,36,0,0,16,0,0,55,75,False
raw-guarded,0,2,15,3,0,0,3,380,9,M_CONSOLEDISPLAY_FLUSHBATCH_36B2DD3C,29,0,0,2,0,0,23,36,False
raw-guarded,1,6,18,9,0,0,13,381,29,M_CONSOLEDISPLAY_DISCARDBATCH_161CED78,41,0,1,13,0,0,48,70,False
raw-guarded,1,7,19,12,0,0,16,382,26,M_CONSOLEDISPLAY_PRESENTBATCH_DC8CCBC5,35,0,1,11,0,0,46,66,False
raw-guarded,0,7,31,23,0,0,33,383,39,M_CONSOLEDISPLAY_BITMAPEDIT_EF95A6DB,59,0,3,20,0,0,73,109,False
raw-guarded,1,8,33,25,0,0,40,384,61,M_CONSOLEDISPLAY_BITMAPCOMPLETE_8FE2FF3C,79,0,1,24,0,0,95,137,False
raw-guarded,0,4,0,10,0,0,14,385,8,M_CONSOLEDISPLAY_POLL_204D6C85,4,0,2,5,0,0,10,23,False
raw-guarded,0,0,0,1,0,0,0,386,0,M_CONSOLEDISPLAY_COMPLETIONREADY_755EF473,1,0,1,0,0,0,1,2,False
raw-guarded,0,15,54,31,0,0,44,387,82,M_CONSOLEDISPLAY_ADVANCE_74F2C1A4,116,0,4,32,0,0,135,194,False
raw-guarded,5,14,33,29,0,0,41,388,73,M_CONSOLEDISPLAY_EDIT_379C99EA,76,0,7,35,0,0,113,159,False
raw-guarded,0,13,30,28,0,0,39,389,42,M_CONSOLEDISPLAY_PRESENT_E192ED9F,49,0,1,19,0,0,73,109,False
raw-guarded,0,2,4,3,0,0,3,390,2,M_CONSOLEDISPLAY_QUANTUM_5F98A18D,4,0,0,1,0,0,6,10,False
raw-guarded,0,3,2,6,0,0,6,391,3,M_CONSOLECONTROL_APPLY_DCB506BB,3,0,0,2,0,0,5,14,False
raw-guarded,1,10,10,9,0,0,11,392,21,M_CONSOLECONTROL_PROCESS_46BB287E,24,0,1,10,0,0,32,54,False
raw-guarded,2,10,24,14,0,0,18,393,24,M_CONSOLECONTROL_SUBMIT_2C979A45,45,0,2,12,0,0,50,83,False
raw-guarded,0,0,0,1,0,0,0,395,2,M_CONSOLEDRIVER_GETSERVICE_BEE5E55D,0,0,0,2,0,0,2,3,False
raw-guarded,0,0,0,1,0,0,0,396,2,M_CONSOLEDRIVER_GETINSTANCE_7919D405,0,0,0,2,0,0,2,3,False
raw-guarded,0,5,2,5,0,0,7,397,9,M_CONSOLEDRIVER_SCREENWIDTH_857AD658,8,0,1,4,0,0,12,22,False
raw-guarded,0,5,2,5,0,0,7,398,9,M_CONSOLEDRIVER_SCREENHEIGHT_C12F3455,8,0,1,4,0,0,12,22,False
raw-guarded,1,3,2,14,0,0,16,399,36,M_CONSOLEDRIVER_MAPPED_DAA6A481,18,0,4,23,0,0,41,59,False
raw-guarded,0,3,12,17,0,0,19,400,41,M_CONSOLEDRIVER_VALIDATE_72D30322,24,0,0,26,0,0,53,70,False
raw-guarded,0,2,5,5,0,0,4,401,11,M_CONSOLEDRIVER_BOUND_DEB813D0,11,0,0,5,0,0,16,23,False
raw-guarded,1,1,16,13,0,0,15,402,16,M_CONSOLEDRIVER_IDLE_F6EAB10E,26,2,0,10,0,0,34,51,False
raw-guarded,1,2,4,5,0,0,5,403,6,M_CONSOLEDRIVER_RETAINOPENER_B80DF9C6,7,1,0,2,0,0,11,17,False
raw-guarded,0,7,26,20,0,0,27,404,43,M_CONSOLEDRIVER_OPEN_434F52B0,54,0,3,30,0,0,70,111,False
raw-guarded,2,8,17,7,0,0,9,405,19,M_CONSOLEDRIVER_CLOSE_60C60326,30,0,0,11,0,0,36,58,False
raw-guarded,1,1,4,4,0,0,4,406,2,M_CONSOLEDRIVER_COMPLETE_39781A87,5,0,1,2,0,0,7,13,False
raw-guarded,0,1,13,22,0,0,25,407,44,M_CONSOLEDRIVER_IMMEDIATE_01EBE21F,26,0,1,32,0,0,58,81,False
raw-guarded,2,7,27,13,0,0,15,408,26,M_CONSOLEDRIVER_BEGINIO_76358745,44,0,1,16,0,0,54,82,False
raw-guarded,2,4,24,13,0,0,16,409,17,M_CONSOLEDRIVER_ABORTIO_EFA380E8,33,0,0,12,0,0,41,64,False
raw-guarded,1,3,6,1,0,0,0,410,4,M_CONSOLEDRIVER_CLAIMWRITE_0313F299,8,0,0,3,0,0,10,16,False
raw-guarded,0,4,10,6,0,0,8,411,8,M_CONSOLEDRIVER_FINISHWRITE_E8555190,14,0,0,7,0,0,18,31,False
raw-guarded,0,4,10,5,0,0,6,412,6,M_CONSOLEDRIVER_FINISHREAD_49C55BD3,14,0,0,6,0,0,16,29,False
raw-guarded,4,10,25,21,0,0,28,413,29,M_CONSOLEDRIVER_ARRIVAL_EC6B7DA9,42,0,1,18,0,0,55,95,False
raw-guarded,3,6,3,12,0,0,15,414,19,M_CONSOLEDRIVER_RUNNABLE_F91A82EB,11,0,3,8,0,0,25,40,False
raw-guarded,0,3,1,1,0,0,0,415,2,M_CONSOLEDRIVER_STATE_C6409A7F,5,0,1,0,0,0,4,9,False
raw-guarded,0,1,8,4,0,0,4,416,5,M_CONSOLEDRIVER_NOTIFY_2C61AA6D,17,1,0,2,0,0,14,24,False
raw-guarded,1,6,7,5,0,0,4,417,16,M_CONSOLEDRIVER_PREPAREWAITER_2678D1F7,20,0,4,8,0,0,27,40,False
raw-guarded,1,3,2,3,0,0,3,418,5,M_CONSOLEDRIVER_FREEWAITER_5FC08D72,3,0,0,2,0,0,7,12,False
raw-guarded,0,1,6,1,0,0,0,419,4,M_CONSOLEDRIVER_WAITCHANGE_4E83E195,10,0,0,2,0,0,10,14,False
raw-guarded,6,14,37,15,0,0,18,420,38,M_CONSOLEDRIVER_ADMITWORKER_8B81C455,71,0,7,21,0,0,82,127,False
raw-guarded,3,11,14,18,0,0,24,421,37,M_CONSOLEDRIVER_START_3E6AAC44,37,0,3,16,0,0,54,85,False
raw-guarded,2,4,6,13,0,0,15,422,19,M_CONSOLEDRIVER_ALLIDLE_23B19503,17,0,3,9,0,0,28,45,False
raw-guarded,1,2,6,7,0,0,8,423,7,M_CONSOLEDRIVER_REQUESTSTOP_763F8D8B,10,0,0,3,0,0,13,23,False
raw-guarded,3,10,7,10,0,0,12,424,17,M_CONSOLEDRIVER_STOP_093D3500,16,0,1,5,0,0,25,44,False
raw-guarded,1,5,5,3,0,0,3,425,5,M_CONSOLEDRIVER_RETIREWORKER_09E7B3B9,8,0,0,3,0,0,10,20,False
raw-guarded,0,5,24,16,0,0,25,426,44,M_CONSOLEDRIVER_BATCHWRITE_60F6B557,52,0,2,20,0,0,68,93,False
raw-guarded,0,18,65,50,0,0,70,427,94,M_CONSOLEDRIVER_WRITEQUANTUM_3CD4DB9C,121,0,7,48,0,0,163,237,False
raw-guarded,0,4,21,20,0,0,27,428,33,M_CONSOLEDRIVER_READQUANTUM_10EBF725,44,0,2,18,0,0,55,86,False
raw-guarded,1,20,34,24,0,0,29,429,59,M_CONSOLEDRIVER_INITIALIZE_D6CB2592,71,0,2,32,0,0,95,148,False
raw-guarded,1,12,17,7,0,0,9,430,18,M_CONSOLEDRIVER_FREESTORAGE_02676B4B,33,0,0,8,0,0,35,61,False
raw-guarded,0,1,1,1,0,0,0,431,6,M_CONSOLEDRIVER_COLLECT_102291BE,2,0,1,4,0,0,7,8,False
raw-guarded,0,64,64,64,0,0,93,432,114,M_CONSOLEDRIVER_WORKER_589B3ABC,134,0,9,55,0,0,179,317,False
raw-guarded,1,5,13,5,0,0,4,434,12,M_PORTCORE_CREATEMSGPORT_A47550A3,25,0,2,8,0,0,27,44,False
raw-guarded,0,3,4,3,0,0,2,435,3,M_PORTCORE_DELETEMSGPORT_9136F7C6,5,0,1,3,0,0,8,14,False
raw-guarded,0,0,7,8,0,0,8,443,49,M_SIODRIVER_BOUND_DC2366E0,20,0,1,40,0,0,57,68,False
raw-guarded,1,1,16,17,1,0,25,444,48,M_SIODRIVER_OPEN_9AA3F320,46,0,5,36,0,0,70,101,False
raw-guarded,0,1,9,4,0,0,5,445,16,M_SIODRIVER_CLOSE_01A37B96,22,0,2,11,0,0,27,38,False
raw-guarded,3,2,14,9,0,0,11,446,15,M_SIODRIVER_BEGINIO_E1378755,23,0,1,10,0,0,30,47,False
raw-guarded,2,3,9,5,0,0,4,447,9,M_SIODRIVER_ABORTIO_689758F8,12,0,0,7,0,0,18,29,False
raw-guarded,0,5,8,10,0,0,15,448,17,M_SIODRIVER_TRYCANCEL_BDB03575,19,0,1,11,0,0,26,45,False
raw-guarded,1,4,12,7,0,0,9,449,13,M_SIODRIVER_CLAIM_64B130D4,24,0,0,9,0,0,25,45,False
raw-guarded,0,4,5,10,0,0,14,450,19,M_SIODRIVER_ACTIVATE_5F9BFB05,16,0,1,15,0,0,25,45,False
raw-guarded,1,5,17,9,0,0,12,451,17,M_SIODRIVER_FINISH_D94C5F1F,32,1,1,14,0,0,36,61,False
raw-guarded,0,0,6,6,0,0,8,452,7,M_SIODRIVER_REAP_531B42EA,13,0,0,3,0,0,13,22,False
raw-guarded,0,3,3,4,0,0,5,453,8,M_SIODRIVER_STATE_C8F9434F,10,0,2,6,0,0,13,23,False
raw-guarded,0,0,1,1,0,0,0,454,1,M_SIODRIVER_UNAVAILABLE_B7013E26,3,0,0,0,0,0,2,4,False
raw-guarded,0,1,8,4,0,0,4,455,3,M_SIODRIVER_NOTIFY_7F90C49D,17,2,0,1,0,0,13,23,False
raw-guarded,1,6,7,5,0,0,4,456,16,M_SIODRIVER_PREPAREWAITER_A5456107,20,0,4,8,0,0,27,40,False
raw-guarded,1,3,2,3,0,0,3,457,5,M_SIODRIVER_FREEWAITER_3A54C422,5,0,1,2,0,0,8,14,False
raw-guarded,0,1,5,1,0,0,0,458,3,M_SIODRIVER_WAITCHANGE_D2A1FD05,10,0,0,0,0,0,8,12,False
raw-guarded,3,8,33,15,0,0,17,459,38,M_SIODRIVER_ADMITWORKER_05019805,73,0,6,25,0,0,77,124,False
raw-guarded,3,11,18,18,0,0,24,460,38,M_SIODRIVER_START_4928F5B4,37,0,2,19,0,0,56,88,False
raw-guarded,4,12,15,14,0,0,20,461,31,M_SIODRIVER_STOP_B26AF28A,27,0,0,16,0,0,45,73,False
raw-guarded,1,4,8,5,0,0,6,462,24,M_SIODRIVER_STOPPING_28442DD8,18,0,2,16,0,0,33,44,False
raw-guarded,1,5,3,3,0,0,3,463,5,M_SIODRIVER_RETIREWORKER_47CA3A29,6,0,1,3,0,0,9,18,False
raw-guarded,1,3,2,14,0,0,16,464,36,M_SIODRIVER_SIOMAPPED_D1D9A9D6,18,0,4,23,0,0,41,59,False
raw-guarded,0,0,9,10,0,0,10,465,25,M_SIODRIVER_PAYLOADLENGTH_9F5C9B06,18,0,1,17,0,0,35,45,False
raw-guarded,0,2,22,32,0,0,37,466,60,M_SIODRIVER_SIOVALIDATE_7D355271,41,0,0,41,0,0,82,116,False
raw-guarded,0,3,1,12,0,0,16,467,29,M_SIODRIVER_DEADLINETICKS_83CDA5CA,24,0,7,19,0,0,36,58,False
raw-guarded,0,7,23,10,0,0,13,468,32,M_SIODRIVER_PREPARE_D10BF723,57,0,7,17,0,0,62,91,False
raw-guarded,0,16,0,17,0,0,23,469,22,M_SIODRIVER_HARDWAREINIT_3568BDA6,19,0,12,14,0,0,34,66,False
raw-guarded,0,14,14,16,0,0,19,470,23,M_SIODRIVER_RUNREQUEST_4500BA50,37,0,3,12,0,0,40,79,False
raw-guarded,0,20,14,13,0,0,16,471,26,M_SIODRIVER_WORKER_374ADF8C,25,0,0,16,0,0,39,74,False
raw-guarded,0,2,3,8,0,0,8,472,12,M_SIODRIVER_MATCHES_AEE1C237,10,0,2,8,0,0,17,28,False
raw-guarded,0,3,2,5,0,0,4,473,9,M_IORESIDENT_BOUND_C1F0BA89,4,0,0,5,0,0,11,17,False
raw-guarded,0,3,6,5,0,0,4,474,13,M_IORESIDENT_OPEN_6086F993,10,0,0,5,0,0,17,23,False
raw-guarded,0,3,2,5,0,0,4,475,7,M_IORESIDENT_CLOSE_FE2B0633,4,0,0,5,0,0,9,17,False
raw-guarded,0,3,2,5,0,0,4,476,7,M_IORESIDENT_BEGINIO_914C855C,4,0,0,5,0,0,9,17,False
raw-guarded,0,3,2,5,0,0,4,477,7,M_IORESIDENT_ABORTIO_0DA61711,4,0,0,5,0,0,9,17,False
raw-guarded,0,6,7,6,0,0,7,484,20,M_IOCORE_OPENDEVICE_A2787528,17,0,0,8,0,0,25,37,False
raw-guarded,0,6,3,5,0,0,6,485,13,M_IOCORE_CLOSEDEVICE_667F761E,7,0,0,8,0,0,16,26,False
raw-guarded,0,8,12,20,0,0,28,486,31,M_IOCORE_SUBMIT_5D7CB97A,38,0,9,21,0,0,51,87,False
raw-guarded,0,1,1,1,0,0,0,487,1,M_IOCORE_BEGINIO_FAB52593,2,0,0,0,0,0,2,4,False
raw-guarded,0,1,1,1,0,0,0,488,1,M_IOCORE_SENDIO_CA4E16BA,2,0,0,0,0,0,2,4,False
raw-guarded,0,6,3,5,0,0,6,489,13,M_IOCORE_ABORTIO_125E3726,7,0,0,8,0,0,16,26,False
raw-guarded,0,2,8,7,0,0,8,492,18,M_IOCORE_CREATEIOREQUEST_DE10015D,18,0,0,11,0,0,26,38,False
raw-guarded,0,2,4,3,0,0,2,493,3,M_IOCORE_DELETEIOREQUEST_93A87E78,5,0,1,3,0,0,8,13,False
raw-guarded,0,1,1,1,0,0,0,495,1,M_IOCORE_START_4033F51A,1,0,0,0,0,0,2,3,False
raw-guarded,0,4,2,4,0,0,4,496,16,M_IOCORE_WAITIO_8CA35F61,8,0,0,9,0,0,18,25,False
raw-guarded,0,2,2,3,0,0,2,497,10,M_IOCORE_DOIO_173DC4A1,5,0,0,6,0,0,12,16,False
raw-guarded,4,13,15,23,0,0,29,498,35,M_CONSOLETILING_LOCK_D1C61C32,34,0,4,18,0,0,54,92,False
raw-guarded,4,10,6,10,0,0,13,499,19,M_CONSOLETILING_UNLOCK_9D80F64D,16,0,2,8,0,0,27,48,False
raw-guarded,0,1,3,3,0,0,2,500,9,M_CONSOLETILING_OWNED_E442B6FE,5,0,0,6,0,0,12,15,False
raw-guarded,1,8,14,8,0,0,10,501,19,M_CONSOLETILING_SELECT_D724C265,28,0,0,10,0,0,33,55,False
raw-guarded,3,8,13,14,0,0,17,502,34,M_CONSOLETILING_HIDELOCKED_54ED13CF,34,0,2,16,0,0,49,75,False
raw-guarded,3,19,36,28,0,0,36,503,85,M_CONSOLETILING_SHOW_26065EE8,100,0,5,33,0,0,125,183,False
raw-guarded,0,6,3,5,0,0,4,504,6,M_CONSOLETILING_HIDE_B9E54D0B,4,0,0,2,0,0,8,17,False
raw-guarded,0,7,5,7,0,0,6,505,10,M_CONSOLETILING_FOCUS_1EF2C0A5,9,0,0,4,0,0,14,27,False
raw-guarded,0,4,11,9,0,0,12,508,17,M_CONSOLE_FREEINSTANCE_35A7F9E7,19,0,0,10,0,0,28,42,False
raw-guarded,1,26,38,36,0,0,50,509,82,M_CONSOLE_CREATE_AA57C2F6,96,0,11,47,0,0,131,206,False
raw-guarded,1,24,17,17,0,0,20,510,29,M_CONSOLE_DESTROY_8B3B48E8,32,0,1,14,0,0,46,88,False
raw-guarded,0,0,0,1,0,0,0,516,2,M_DOSCORE_GETREGISTRY_D528A1F7,0,0,0,2,0,0,2,3,False
raw-guarded,0,0,0,1,0,0,0,517,51,M_FSOPERATION_CANCELLABLE_CAA34525,13,0,0,38,0,0,51,52,False
raw-guarded,0,2,25,12,0,0,16,518,21,M_FSOPERATION_PREPARE_EA34E162,42,0,0,13,0,0,46,69,False
raw-guarded,1,0,19,12,0,0,14,519,39,M_FSOPERATION_AUTHORITY_2081E9D0,37,0,0,22,0,0,58,72,False
raw-guarded,0,2,5,9,0,0,11,520,9,M_FSOPERATION_CANCELED_56B92A04,8,0,0,5,0,0,14,24,False
raw-guarded,0,2,7,8,0,0,9,521,7,M_FSOPERATION_CLAIM_4C8DDFC1,9,0,0,5,0,0,14,24,False
raw-guarded,1,8,17,10,0,0,14,522,16,M_FSOPERATION_REQUEST_3F73D6DE,26,0,0,9,0,0,33,54,False
raw-guarded,0,2,14,13,0,0,16,523,13,M_FSOPERATION_UNLINK_B5280A26,31,0,2,8,0,0,29,54,False
raw-guarded,0,4,9,9,0,0,11,524,10,M_FSOPERATION_REPLYREADY_532E4DE6,12,0,0,6,0,0,19,31,False
raw-guarded,0,1,8,4,0,0,5,525,5,M_FSOPERATION_COLLECT_397028AF,16,0,0,3,0,0,13,24,False
raw-guarded,2,9,22,18,0,0,25,526,30,M_FSOPERATION_PUMP_B18C8A95,42,0,2,19,0,0,54,90,False
raw-guarded,0,1,1,1,0,0,0,527,2,M_DOSCLIENT_IOERR_BF9E8A97,3,0,0,0,0,0,3,5,False
raw-guarded,0,1,3,1,0,0,0,528,4,M_DOSCLIENT_SETIOERR_93E1A287,8,0,0,0,0,0,6,10,False
raw-guarded,0,1,2,1,0,0,0,529,2,M_DOSCLIENT_SETERROR_F2B11A26,4,0,0,0,0,0,3,6,False
raw-guarded,2,3,26,5,3,0,4,530,17,M_DOSCLIENT_NEWCLIENT_41735729,44,0,0,13,0,0,46,67,False
raw-guarded,0,2,11,10,0,0,11,531,15,M_DOSCLIENT_ENSURESLOT_00C71048,20,0,0,8,0,0,26,40,False
raw-guarded,0,2,0,1,0,0,0,532,2,M_DOSCLIENT_ENSURE_1859B044,0,0,0,0,0,0,2,3,False
raw-guarded,0,0,6,5,0,0,6,533,4,M_DOSCLIENT_CLEARSELECTIONS_93A1D5D6,10,0,0,2,0,0,10,17,False
raw-guarded,0,9,32,28,0,0,41,534,59,M_DOSCLIENT_RELEASECONTEXT_90CB2A06,64,0,0,32,0,0,91,133,False
raw-guarded,2,3,10,9,0,0,13,535,14,M_DOSCLIENT_CHECKREPLY_4530772C,16,0,0,6,0,0,24,36,False
raw-guarded,2,14,45,35,0,0,50,536,72,M_DOSCLIENT_CALL_35DB3B22,88,0,1,39,0,0,114,178,False
raw-guarded,0,0,11,9,0,0,10,537,11,M_DOSOBJECTS_FIND_2E898C70,17,0,0,7,0,0,22,33,False
raw-guarded,0,1,10,3,0,0,3,538,6,M_DOSOBJECTS_LINK_9FA00D0F,18,0,1,4,0,0,17,26,False
raw-guarded,0,1,18,12,0,0,15,539,17,M_DOSOBJECTS_UNLINK_C978FCF4,36,0,1,10,0,0,36,59,False
raw-guarded,0,2,0,1,0,0,0,540,3,M_BLOCKCACHE_METADATABYTES_EA4C1D98,2,0,5,4,0,0,8,9,False
raw-guarded,0,8,10,8,0,0,8,541,33,M_BLOCKCACHE_CREATE_BA82E51A,35,0,9,19,0,0,52,70,False
raw-guarded,0,4,9,3,0,0,2,542,14,M_BLOCKCACHE_DESTROY_EB1A5F0C,18,0,0,7,0,0,23,32,False
raw-guarded,0,2,6,10,0,0,13,543,17,M_BLOCKCACHE_INVALIDATE_4E66AC31,17,0,2,9,0,0,25,38,False
raw-guarded,0,3,3,3,0,0,3,544,16,M_BLOCKCACHE_SETINDEX_5318FF18,16,0,7,10,0,0,26,32,False
raw-guarded,0,2,7,10,0,0,14,545,21,M_BLOCKCACHE_FIND_1946044D,27,0,6,9,0,0,34,48,False
raw-guarded,0,3,5,8,0,0,9,546,16,M_BLOCKCACHE_FORGET_8D9AE1E1,19,0,3,5,0,0,23,35,False
raw-guarded,0,2,6,4,0,0,4,547,7,M_BLOCKCACHE_COPY_EC1E9165,12,0,2,6,0,0,15,24,False
raw-guarded,1,1,1,1,0,0,0,548,4,M_BLOCKCACHE_PAYLOAD_A5530E46,3,0,1,1,0,0,6,7,False
raw-guarded,1,8,15,14,0,0,19,549,42,M_BLOCKCACHE_READ_6E9EB2D8,40,0,3,16,0,0,56,79,False
raw-guarded,0,12,21,11,0,0,15,550,44,M_BLOCKCACHE_STOREPART_C61D91FE,61,0,10,14,0,0,72,98,False
raw-guarded,1,3,10,6,0,0,6,551,11,M_BLOCKCACHE_STORE_364610B1,15,0,0,5,0,0,21,30,False
raw-guarded,0,0,0,18,0,0,26,552,37,M_BLOCKIO_GEOMETRY_4529DFEE,13,0,1,25,0,0,38,56,False
raw-guarded,0,0,3,9,0,0,10,553,14,M_BLOCKIO_SECTORBYTES_B8369631,9,0,0,8,0,0,17,26,False
raw-guarded,1,3,2,16,0,0,18,554,39,M_BLOCKIO_MAPPED_A9EEA713,19,0,4,25,0,0,44,64,False
raw-guarded,1,9,11,9,0,0,10,555,29,M_BLOCKIO_CREATE_DF5BA086,23,0,0,15,0,0,40,57,False
raw-guarded,1,5,9,6,0,0,6,556,13,M_BLOCKIO_DESTROY_0CC5CBD8,13,0,0,8,0,0,22,33,False
raw-guarded,0,11,11,1,0,0,0,557,0,M_BLOCKIO_DEVICENAME_55BC3EC3,11,0,0,0,0,0,11,23,False
raw-guarded,0,5,14,5,0,0,4,558,22,M_BLOCKIO_OPENVOLUME_36B90798,31,1,1,12,0,0,38,53,False
raw-guarded,1,5,16,10,0,0,13,559,19,M_BLOCKIO_DETACH_FC4FFB83,23,0,1,13,0,0,36,52,False
raw-guarded,0,0,2,1,0,0,0,560,1,M_BLOCKIO_DISCARDBUFFER_3EED9C90,4,0,0,1,0,0,3,6,False
raw-guarded,1,2,2,1,0,0,0,561,1,M_BLOCKIO_INVALIDATE_E4DCC90F,2,0,0,0,0,0,3,6,False
raw-guarded,0,0,7,5,0,0,6,562,11,M_BLOCKIO_CACHED_7ABF0DB0,12,0,0,5,0,0,17,22,False
raw-guarded,0,0,7,1,0,0,0,563,2,M_BLOCKIO_PUBLISH_42B93901,13,0,1,0,0,0,9,14,False
raw-guarded,0,1,14,1,0,0,0,564,13,M_BLOCKIO_PREPARE_810BFFA1,30,0,1,9,0,0,28,41,False
raw-guarded,0,0,10,10,0,0,10,565,21,M_BLOCKIO_COMPLETE_80F6A54F,25,1,1,13,0,0,33,48,False
raw-guarded,0,3,13,8,0,0,8,566,15,M_BLOCKIO_CHECK_A5B41A2A,22,0,1,10,0,0,28,43,False
raw-guarded,1,6,22,7,0,0,6,567,27,M_BLOCKIO_BEGINFETCH_6B9D7F07,42,0,0,5,0,0,46,61,False
raw-guarded,1,7,23,11,0,0,13,568,37,M_BLOCKIO_BEGINSTORE_D38E59E4,56,0,3,12,0,0,62,87,False
raw-guarded,2,6,17,4,0,0,4,569,18,M_BLOCKIO_FINISHFETCH_D55D2AA5,28,0,0,3,0,0,32,43,False
raw-guarded,0,2,6,4,0,0,4,571,8,M_FSCORE_COPYENTRY_48DFB26E,12,0,2,7,0,0,16,25,False
raw-guarded,0,1,8,1,0,0,0,572,10,M_FSCORE_BEGINOPERATION_525CBD4F,21,0,2,5,0,0,20,28,False
raw-guarded,0,0,11,4,0,0,4,573,10,M_FSCORE_FINISHOPERATION_46633DF1,24,0,0,2,0,0,21,30,False
raw-guarded,0,0,0,10,0,0,12,574,9,M_FS83_LEGAL_57119700,6,0,3,6,0,0,12,22,False
raw-guarded,0,0,0,4,0,0,4,575,3,M_FS83_FOLD_0A64C6B8,4,0,4,3,0,0,7,11,False
raw-guarded,0,6,5,16,0,0,21,576,18,M_FS83_STORED_D2BF7200,16,0,4,10,0,0,27,48,False
raw-guarded,0,6,4,10,0,0,11,577,16,M_FS83_MATCH_C3E96F9C,15,0,3,6,0,0,23,37,False
raw-guarded,1,2,20,10,0,0,10,578,23,M_FS83_STARTRESOLVE_ED05839D,40,0,1,13,0,0,44,66,False
raw-guarded,3,5,17,29,0,0,40,579,41,M_FS83_COMPONENT_3DA5FCEA,58,0,17,25,0,0,75,120,False
raw-guarded,6,3,11,11,0,0,14,580,18,M_FS83_SELECTMATCH_2C823C16,21,0,4,8,0,0,33,49,False
raw-guarded,2,1,8,7,0,0,8,581,14,M_FS83_CHOOSE_D3525E62,14,0,0,8,0,0,22,32,False
raw-guarded,0,32,16,25,0,0,38,582,54,M_FSNAMES_STREAM_12DD2A4A,18,0,0,20,0,0,70,95,False
raw-guarded,0,1,3,6,0,0,6,583,19,M_FSNAMES_MAPPED_324F42A3,9,0,0,11,0,0,20,27,False
raw-guarded,1,4,11,30,0,0,39,584,47,M_FSNAMES_PATH_CFBF830F,40,0,11,36,0,0,69,111,False
raw-guarded,0,6,3,3,0,0,2,585,14,M_FSNAMES_SYSTEM_7AF4AE7D,4,0,0,7,0,0,17,20,False
raw-guarded,0,4,3,8,0,0,8,586,16,M_FSNAMES_VALIDALIAS_36EB4E14,14,0,7,11,0,0,26,37,False
raw-guarded,0,0,0,1,0,0,0,587,11,M_DOSSTREAMS_VALIDMODE_6A43AE29,3,0,0,8,0,0,11,12,False
raw-guarded,0,3,1,7,0,0,6,588,12,M_DOSSTREAMS_VALIDBUFFER_D67D80FE,4,0,0,8,0,0,13,22,False
raw-guarded,1,3,13,3,0,0,2,589,9,M_DOSSTREAMS_OPENNIL_7EDE8F17,20,0,0,8,0,0,22,35,False
raw-guarded,0,3,5,5,0,0,4,590,9,M_DOSSTREAMS_TRANSFERNIL_E7EA5C2C,10,0,1,5,0,0,14,23,False
raw-guarded,0,6,9,3,0,0,3,591,7,M_DOSSTREAMS_CLOSENIL_3520E24B,10,0,0,6,0,0,16,25,False
raw-guarded,0,1,5,4,0,0,4,592,7,M_DOSPIPE_WAKE_206F5695,11,0,0,3,0,0,12,19,False
raw-guarded,0,1,12,9,0,0,10,593,9,M_DOSPIPE_UNWAIT_23BF06C3,23,0,0,5,0,0,21,38,False
raw-guarded,2,14,43,15,0,0,19,594,37,M_DOSPIPE_CREATE_3311B233,56,0,0,36,0,0,80,123,False
raw-guarded,0,6,17,12,0,0,14,595,19,M_DOSPIPE_CLONE_F42CC55A,34,1,3,16,0,0,40,68,False
raw-guarded,0,8,14,13,0,0,18,596,23,M_DOSPIPE_DISCARD_EA487971,27,1,4,19,0,0,42,67,False
raw-guarded,1,7,8,3,0,0,3,597,7,M_DOSPIPE_CLOSE_E3C2D505,8,0,0,5,0,0,15,24,False
raw-guarded,9,31,45,57,0,1,78,598,162,M_DOSPIPE_TRANSFER_59D539F6,151,1,20,86,0,2,221,334,False
raw-guarded,0,0,0,1,0,0,0,599,2,M_DOSRAW_GETREGISTRY_976423CC,0,0,0,2,0,0,2,3,False
raw-guarded,0,1,0,1,0,0,0,600,8,M_DOSRAW_UNITREGISTRY_DD0D5704,1,0,0,6,0,0,8,9,False
raw-guarded,0,4,6,16,0,0,21,601,23,M_DOSRAW_UNIT_B2527969,28,0,12,17,0,0,41,65,False
raw-guarded,0,1,10,10,0,0,12,602,24,M_DOSRAW_LIVE_14427091,27,0,3,13,0,0,37,51,False
raw-guarded,3,16,28,1,1,0,0,603,6,M_DOSRAW_INITIALIZE_D871F7B7,37,0,0,2,0,0,33,59,False
raw-guarded,0,2,2,1,0,0,0,604,0,M_DOSRAW_ROLLBACK_4A7594F5,4,0,0,0,0,0,2,7,False
raw-guarded,2,22,30,19,0,0,21,605,48,M_DOSRAW_ACQUIRE_CC49A145,51,0,1,30,0,0,76,124,False
raw-guarded,1,7,20,5,0,0,4,606,14,M_DOSRAW_OPENSIZED_F1E27B78,30,0,3,12,0,0,36,55,False
raw-guarded,0,1,2,1,0,0,0,607,2,M_DOSRAW_OPEN_5F7F2547,2,0,0,0,0,0,3,4,False
raw-guarded,0,3,6,8,0,0,9,608,13,M_DOSRAW_VALIDEXTENT_84EF7CCB,6,0,0,10,0,0,18,27,False
raw-guarded,0,4,6,7,0,0,9,609,7,M_DOSRAW_RELEASEOPERATION_C2E80557,11,0,2,6,0,0,15,28,False
raw-guarded,0,11,39,20,0,0,24,610,37,M_DOSRAW_PREPARE_F51F1B68,72,1,4,25,0,0,79,128,False
raw-guarded,0,2,12,3,0,0,3,611,8,M_DOSRAW_FINISH_BB47E14C,23,1,0,5,0,0,20,33,False
raw-guarded,0,4,13,22,0,0,32,612,55,M_DOSRAW_COMPLETE_0FD428DA,44,1,2,31,0,0,66,101,False
raw-guarded,0,5,4,5,0,0,4,613,7,M_DOSRAW_RETAIN_4DF2DE08,9,0,1,4,0,0,12,23,False
raw-guarded,1,12,15,8,0,0,8,614,16,M_DOSRAW_RELEASEENDPOINT_3E946265,24,0,1,11,0,0,32,56,False
raw-guarded,1,9,17,9,0,0,10,615,18,M_DOSRAW_CLOSESIZED_2208AD92,22,0,1,13,0,0,35,54,False
raw-guarded,0,1,2,1,0,0,0,616,1,M_DOSRAW_CLOSE_4F38859D,2,0,0,0,0,0,3,4,False
raw-guarded,0,1,3,3,0,0,3,617,5,M_COOKEDLINE_FREEHISTORY_E31E705E,6,0,0,3,0,0,8,13,False
raw-guarded,0,0,4,3,0,0,3,618,7,M_COOKEDLINE_RESETHISTORY_27C90F73,11,0,0,3,0,0,11,17,False
raw-guarded,1,2,1,1,0,0,0,619,4,M_COOKEDLINE_HISTORYSLOT_205258CE,2,0,1,1,0,0,6,7,False
raw-guarded,3,8,28,31,0,0,41,620,57,M_COOKEDLINE_REMEMBER_E39B9025,70,1,8,28,1,2,93,140,False
raw-guarded,5,6,34,22,0,0,27,621,49,M_COOKEDLINE_RECALL_089A5861,74,1,8,24,0,0,91,131,False
raw-guarded,0,0,16,1,0,0,0,622,6,M_COOKEDLINE_INIT_553F5E46,32,0,0,6,0,0,22,39,False
raw-guarded,0,2,3,3,0,0,3,623,6,M_COOKEDLINE_CREATE_35929826,4,0,0,5,0,0,9,14,False
raw-guarded,0,2,7,6,0,0,6,624,8,M_COOKEDLINE_DESTROY_77CB15F8,9,0,0,7,0,0,15,24,False
raw-guarded,0,3,3,4,0,0,4,625,6,M_COOKEDLINE_RETAIN_F54817A1,7,0,1,4,0,0,10,18,False
raw-guarded,0,5,8,7,0,0,9,626,14,M_COOKEDLINE_RELEASE_68B6E005,15,0,2,11,0,0,24,38,False
raw-guarded,0,3,3,4,0,0,4,627,5,M_COOKEDLINE_ENTER_AF5023D0,6,0,0,3,0,0,8,16,False
raw-guarded,0,2,1,1,0,0,0,628,0,M_COOKEDLINE_LEAVE_C362F351,2,0,0,0,0,0,1,5,False
raw-guarded,0,5,8,12,0,0,15,629,18,M_COOKEDLINE_SETHISTORY_7BFEF58A,18,0,3,11,0,0,29,46,False
raw-guarded,0,0,5,1,0,0,0,630,4,M_COOKEDLINE_EMPTY_73E023F3,10,0,0,4,0,0,9,15,False
raw-guarded,2,2,5,4,0,0,4,631,16,M_COOKEDLINE_ERASE_F76E1DAE,20,0,4,6,0,0,25,34,False
raw-guarded,0,2,7,1,0,0,0,632,1,M_COOKEDLINE_LOSE_A2B86A77,11,0,0,0,0,0,7,14,False
raw-guarded,6,15,54,70,0,0,89,633,99,M_COOKEDLINE_FEED_E5727982,149,0,36,60,0,0,189,300,False
raw-guarded,1,5,17,14,0,0,16,634,32,M_COOKEDLINE_DRAIN_A743CD2C,41,0,4,16,0,0,53,77,False
raw-guarded,3,8,58,44,0,0,65,635,142,M_COOKEDLINE_RENDER_D6B4258E,179,0,34,81,1,2,234,315,False
raw-guarded,0,7,13,17,0,0,19,636,26,M_DOSCANCEL_TRANSFER_DC8DFD88,25,0,0,12,0,0,38,61,False
raw-guarded,0,4,11,5,0,0,4,637,8,M_DOSCOOKED_OPEN_FB0901F4,16,0,0,5,0,0,18,30,False
raw-guarded,1,3,7,6,0,0,7,638,12,M_DOSCOOKED_CLOSE_1355CA48,14,1,0,6,0,0,20,30,False
raw-guarded,0,3,18,20,0,0,29,639,43,M_DOSCOOKED_WIRE_7D812E8B,50,1,7,31,0,0,68,104,False
raw-guarded,2,5,11,9,0,0,10,640,25,M_DOSCOOKED_BEGIN_9BFE5F7B,30,0,2,14,0,0,38,60,False
raw-guarded,2,7,22,5,0,0,5,641,25,M_DOSCOOKED_CANCELLINE_F449849C,42,1,0,17,0,0,48,73,False
raw-guarded,5,27,35,31,0,0,34,642,75,M_DOSCOOKED_ACQUIRELINE_772F100E,50,0,2,36,0,0,107,149,False
raw-guarded,4,16,31,17,0,0,19,643,52,M_DOSCOOKED_READLOCKED_B41BFB52,52,1,0,27,0,0,78,116,False
raw-guarded,0,5,6,3,0,0,2,644,11,M_DOSCOOKED_READ_AAA4E8F8,10,0,0,4,0,0,16,22,False
raw-guarded,0,1,3,3,0,0,2,645,6,M_DOSBREAK_CURRENT_B838AC0B,7,0,0,3,0,0,9,14,False
raw-guarded,0,6,12,5,0,0,4,646,15,M_DOSBREAK_ALLOCATE_10964711,23,0,4,12,0,0,31,46,False
raw-guarded,0,3,4,1,0,0,0,647,5,M_DOSBREAK_FREE_76D15FA8,6,0,0,3,0,0,9,13,False
raw-guarded,0,18,25,26,0,0,28,648,38,M_DOSBREAK_BEGIN_A70D4CB3,43,0,3,27,0,0,66,114,False
raw-guarded,0,10,7,9,0,0,8,649,16,M_DOSBREAK_END_B7800793,12,0,0,10,0,0,23,41,False
raw-guarded,0,2,2,5,0,0,4,650,7,M_DOSBREAK_PENDING_1B1DF51D,4,0,0,4,0,0,9,15,False
raw-guarded,0,5,6,6,0,0,6,651,12,M_DOSBREAK_CLEAR_B7EEEC7D,14,0,0,6,0,0,18,31,False
raw-guarded,0,0,0,1,0,0,0,652,1,M_FSSYSTEM_SELECTED_9418F47A,1,0,1,1,0,0,2,3,False
raw-guarded,0,1,0,3,0,0,2,653,3,M_FSSYSTEM_SYSTEMUNIT_F93F9C60,0,0,1,3,0,0,4,7,False
raw-guarded,0,2,1,3,0,0,2,654,4,M_FSSYSTEM_UNIT_D8E8C927,3,0,1,1,0,0,6,9,False
raw-guarded,1,3,2,8,0,0,7,655,8,M_FSSYSTEM_NAMEBYTE_29131912,4,0,2,4,0,0,12,20,False
raw-guarded,0,7,6,9,0,0,10,656,24,M_FSSYSTEM_MATCHES_6FF2F0E4,17,0,3,9,0,0,31,42,False
raw-guarded,0,4,4,8,0,0,8,657,12,M_FSSYSTEM_SAMENAME_3086AACE,13,0,4,4,0,0,18,29,False
raw-guarded,3,6,4,3,0,0,3,658,8,M_FSSYSTEM_APPLY_F77568D5,6,0,1,2,0,0,13,20,False
raw-guarded,0,1,1,1,0,0,0,659,3,M_FSREGISTRY_SERVICE_31663004,3,0,0,1,0,0,4,6,False
raw-guarded,0,2,2,3,0,0,3,660,3,M_FSREGISTRY_RETAIN_218C5FAC,8,0,2,2,0,0,7,15,False
raw-guarded,0,3,5,7,0,0,10,661,14,M_FSREGISTRY_RETAINBASE_94E5BA0B,16,0,1,8,0,0,20,34,False
raw-guarded,1,4,9,5,0,0,7,662,10,M_FSREGISTRY_RELEASE_E0E99364,15,0,1,6,0,0,20,31,False
raw-guarded,2,5,14,15,0,0,22,663,26,M_FSREGISTRY_LOOKUP_AD8B60C1,33,0,3,12,0,0,42,67,False
raw-guarded,0,2,4,1,0,0,0,664,3,M_FSREGISTRY_FINDOBJECT_780CC443,5,0,0,0,0,0,6,8,False
raw-guarded,0,0,15,18,0,0,19,665,21,M_FSREGISTRY_FROMHEADER_DCD07C60,26,0,0,12,0,0,36,56,False
raw-guarded,0,4,4,3,0,0,2,666,7,M_FSREGISTRY_STAMP_BE264D84,10,0,0,3,0,0,11,20,False
raw-guarded,0,1,0,1,0,0,0,667,6,M_DOSWIRE_ISPOINTER_E1AC855F,1,0,0,4,0,0,6,7,False
raw-guarded,0,3,7,3,0,0,3,668,5,M_FSLEASES_LINK_92921FD5,13,0,0,2,0,0,12,21,False
raw-guarded,0,3,14,11,0,0,14,669,13,M_FSLEASES_UNLINK_039AB2C8,29,0,0,6,0,0,27,49,False
raw-guarded,2,0,7,3,0,0,2,670,5,M_FSLEASES_OBJECTENTRY_FCD8C666,9,0,0,3,0,0,12,17,False
raw-guarded,0,0,8,3,0,0,3,671,21,M_FSLEASES_SAME_B25DFB61,22,0,0,10,0,0,28,35,False
raw-guarded,2,5,21,24,0,0,34,672,34,M_FSLEASES_BUSY_31143750,55,0,7,17,0,0,62,103,False
raw-guarded,4,4,14,11,0,0,14,673,22,M_FSLEASES_LIVE_C7D42DE5,29,0,1,9,0,0,37,57,False
raw-guarded,0,0,3,3,0,0,2,674,5,M_FSLEASES_WRITABLE_932CF683,7,0,0,2,0,0,8,12,False
raw-guarded,0,1,3,3,0,0,3,675,6,M_FSFILES_ALLOCATE_3EE5B3A2,5,0,0,5,0,0,9,14,False
raw-guarded,0,1,4,3,0,0,2,676,7,M_FSFILES_CREATE_5EA85CDB,7,0,0,6,0,0,11,17,False
raw-guarded,0,3,7,6,0,0,6,677,7,M_FSFILES_RETAIN_1627AB28,14,1,1,5,0,0,16,28,False
raw-guarded,1,3,6,5,0,0,6,678,8,M_FSFILES_DROPSHARED_A840009F,15,0,2,4,0,0,16,28,False
raw-guarded,0,4,8,7,0,0,8,679,10,M_FSFILES_RELEASE_91585E60,16,1,2,9,0,0,21,36,False
raw-guarded,0,0,2,1,0,0,0,680,2,M_FSLOCKS_TRAILER_B3BA463B,1,0,0,3,0,0,4,5,False
raw-guarded,0,0,2,1,0,0,0,681,4,M_FSLOCKS_TEXT_C72F70F3,1,0,0,5,0,0,6,7,False
raw-guarded,0,1,2,1,0,0,0,682,5,M_FSLOCKS_ALLOCATION_5B5A6C20,4,0,2,5,0,0,9,11,False
raw-guarded,5,5,6,4,0,0,4,683,16,M_FSLOCKS_ROOT_D04E0C54,20,0,5,4,0,0,27,38,False
raw-guarded,2,2,7,3,0,0,2,684,11,M_FSLOCKS_ADD_DEA4C903,15,0,1,4,0,0,19,26,False
raw-guarded,6,10,12,25,0,0,30,685,43,M_FSLOCKS_APPEND_3EC68462,32,0,4,15,0,0,59,88,False
raw-guarded,0,2,5,3,0,0,2,686,11,M_FSLOCKS_ALLOCATE_39B5BEE3,11,0,2,9,0,0,18,25,False
raw-guarded,1,4,7,7,0,0,8,687,14,M_FSLOCKS_CREATE_34BC7CB2,18,0,2,5,0,0,23,35,False
raw-guarded,0,2,1,1,0,0,0,688,4,M_FSLOCKS_FREE_701F260A,2,0,0,2,0,0,5,7,False
raw-guarded,0,5,8,6,0,0,7,689,4,M_FSOBJECTS_FREE_154D29BE,6,0,0,6,0,0,12,23,False
raw-guarded,0,0,8,10,0,0,11,690,13,M_FSACTIVE_CURRENTSCOPE_BF6A95BD,15,0,0,7,0,0,21,32,False
raw-guarded,0,9,15,21,0,0,29,691,43,M_BLOCKWIRE_EXCHANGE_9F443072,35,0,4,28,0,0,60,93,False
raw-guarded,0,1,3,1,0,0,0,692,1,M_BLOCKWIRE_TRANSFER_0A2F17CC,3,0,0,0,0,0,4,5,False
raw-guarded,0,1,3,1,0,0,0,693,1,M_BLOCKWIRE_TRANSFERCOMMITTED_FEB13FCA,3,0,0,0,0,0,4,5,False
raw-guarded,0,3,2,1,0,0,0,694,8,M_SDFS_WORD_9040534F,4,0,1,4,0,0,11,12,False
raw-guarded,0,3,3,1,0,0,0,695,10,M_SDFS_LENGTH_0EB65DB7,4,0,0,5,0,0,12,13,False
raw-guarded,0,0,1,1,0,0,0,696,2,M_SDFS_GETSTATE_E428DC88,2,0,0,1,0,0,3,4,False
raw-guarded,0,1,1,1,0,0,0,697,7,M_SDFS_CREATEWORK_894591E8,4,0,0,4,0,0,8,10,False
raw-guarded,0,1,3,3,0,0,3,698,4,M_SDFS_DESTROYWORK_D1F8FE6A,6,0,0,2,0,0,7,12,False
raw-guarded,0,1,1,1,0,0,0,699,7,M_SDFS_CREATEVOLUME_B12DE8AD,4,0,0,4,0,0,8,10,False
raw-guarded,0,1,3,3,0,0,3,700,4,M_SDFS_DESTROYVOLUME_8A02EFB7,6,0,0,2,0,0,7,12,False
raw-guarded,0,1,4,1,0,0,0,701,1,M_SDFS_INVALIDATE_8CE6E30A,8,0,0,0,0,0,5,10,False
raw-guarded,0,0,4,7,0,0,8,702,15,M_SDFS_ALLOWED_D687D449,14,0,1,7,0,0,20,28,False
raw-guarded,0,1,5,1,0,0,0,703,4,M_SDFS_BEGINMOUNT_68830325,10,0,0,3,0,0,9,15,False
raw-guarded,0,20,28,31,0,0,43,704,92,M_SDFS_HEADER_D37EFF70,76,0,12,48,0,0,131,175,False
raw-guarded,0,1,5,3,0,0,2,705,9,M_SDFS_MOUNTBUFFERED_7F8C68E7,13,0,0,3,0,0,14,20,False
raw-guarded,1,1,1,1,0,0,0,706,3,M_SDFS_MAP_D6A7DDA3,1,0,0,1,0,0,4,5,False
raw-guarded,0,1,8,1,0,0,0,707,6,M_SDFS_RESTART_887C29F6,16,0,0,4,0,0,14,22,False
raw-guarded,0,1,7,1,0,0,0,708,17,M_SDFS_CACHED_B7AA1E89,17,0,0,7,0,0,24,26,False
raw-guarded,1,3,11,5,0,0,6,709,23,M_SDFS_CACHE_55DBD7B1,36,0,3,6,0,0,37,51,False
raw-guarded,1,2,6,13,0,0,17,710,20,M_SDFS_SECTORALLOWED_D0C4D1BB,19,0,4,9,0,0,29,44,False
raw-guarded,3,8,27,25,0,0,35,711,62,M_SDFS_VALIDATEMAP_D7214A91,63,0,3,24,0,0,89,123,False
raw-guarded,0,1,11,3,0,0,2,712,14,M_SDFS_ADVANCE_66AE3A9F,25,0,0,6,0,0,25,35,False
raw-guarded,0,1,2,1,0,0,0,713,8,M_MYDOS_CREATEVOLUME_8FA50CD3,6,0,0,5,0,0,10,13,False
raw-guarded,0,1,3,3,0,0,3,714,4,M_MYDOS_DESTROYVOLUME_8DF1D5D5,6,0,0,2,0,0,7,12,False
raw-guarded,0,0,3,8,0,0,10,715,19,M_MYDOS_DATASECTOR_95277D3B,13,0,0,10,0,0,22,31,False
raw-guarded,0,2,6,7,0,0,8,716,21,M_MYDOS_VALIDDIRECTORY_1CF8F62E,15,0,3,14,0,0,29,38,False
raw-guarded,0,4,15,13,0,0,15,717,49,M_MYDOS_EXTENT_5BCD29B5,40,0,0,27,0,0,62,84,False
raw-guarded,0,8,12,7,0,0,8,718,31,M_MYDOS_HEADER_A95A323A,27,1,3,17,0,0,46,59,False
raw-guarded,0,0,6,3,0,0,2,719,10,M_MYDOS_BEGINMOUNT_AA58F6DF,15,0,0,6,0,0,16,24,False
raw-guarded,0,1,5,3,0,0,2,720,9,M_MYDOS_MOUNTBUFFERED_114678B9,13,0,0,3,0,0,14,20,False
raw-guarded,1,11,18,4,0,0,4,721,32,M_MYDOS_DECODE_69B6DF25,36,0,6,21,0,0,56,73,False
raw-guarded,1,3,8,12,0,0,15,722,21,M_MYDOS_LIVE_1E4E1377,20,0,5,14,0,0,34,50,False
raw-guarded,2,5,14,11,0,0,10,723,29,M_MYDOS_BUFFEREDENTRY_DC465C80,29,0,1,13,0,0,44,60,False
raw-guarded,0,2,11,8,0,0,8,724,23,M_MYDOS_BEGINENTRY_95F170F4,26,0,2,13,0,0,34,49,False
raw-guarded,2,2,15,12,0,0,14,725,38,M_MYDOS_DESCEND_C497F8DD,41,0,4,22,0,0,56,79,False
raw-guarded,1,2,11,4,0,0,4,726,15,M_MYDOS_ROOTENTRY_E3F00029,26,0,2,12,0,0,28,45,False
raw-guarded,0,2,4,5,0,0,4,727,5,M_MYDOS_STARTRESOLVE_24B3B079,5,0,0,3,0,0,9,15,False
raw-guarded,0,1,6,3,0,0,2,728,5,M_MYDOS_RESOLVECOMPONENT_8F2130C4,11,0,0,3,0,0,11,18,False
raw-guarded,0,6,14,21,0,0,23,729,29,M_MYDOS_RESOLVESTEP_4ADA26D9,28,0,5,18,0,0,48,73,False
raw-guarded,6,7,13,27,0,0,34,730,65,M_MYDOS_VALIDATEBASE_0A85139C,46,0,5,31,0,0,82,117,False
raw-guarded,1,1,1,1,0,0,0,731,3,M_MYDOSFILE_CHAIN_94A5D226,1,0,0,1,0,0,4,5,False
raw-guarded,0,1,12,1,0,0,0,732,10,M_MYDOSFILE_RESTART_75C66A72,24,0,0,8,0,0,22,34,False
raw-guarded,4,5,26,18,0,0,24,733,44,M_MYDOSFILE_OPEN_0FD3469F,52,0,3,25,1,2,73,104,False
raw-guarded,1,2,5,10,0,0,12,734,22,M_MYDOSFILE_SECTORALLOWED_E72DFCC7,19,0,3,10,0,0,28,42,False
raw-guarded,0,2,17,9,0,0,9,735,24,M_MYDOSFILE_VISIT_2F7F40D0,36,0,0,10,0,0,41,57,False
raw-guarded,0,6,12,7,0,0,7,736,36,M_MYDOSFILE_TRAILER_58DD2DFC,37,1,4,18,0,0,53,68,False
raw-guarded,0,1,12,9,0,0,9,737,21,M_MYDOSFILE_LINK_86A70D17,24,0,0,11,0,0,33,45,False
raw-guarded,0,6,18,13,0,0,17,738,25,M_MYDOSFILE_VALIDATE_CCD11D35,30,0,0,11,0,0,43,60,False
raw-guarded,0,2,8,1,0,0,0,739,9,M_MYDOSFILE_FAIL_8A60C23B,18,0,0,2,0,0,16,23,False
raw-guarded,0,2,14,4,0,0,5,740,19,M_MYDOSFILE_CANCEL_40161F05,32,0,0,7,0,0,33,45,False
raw-guarded,0,1,7,1,0,0,0,741,7,M_MYDOSFILE_ADVANCE_71346BED,15,0,0,3,0,0,14,20,False
raw-guarded,0,1,3,1,0,0,0,742,4,M_MYDOSFILE_NEEDSECTOR_4EE2E2C1,8,0,0,0,0,0,7,10,False
raw-guarded,0,10,23,14,0,0,15,743,38,M_MYDOSFILE_BEGINREAD_56DCAA56,42,0,0,14,0,0,61,80,False
raw-guarded,0,7,17,12,0,0,13,744,33,M_MYDOSFILE_TARGET_3D0FAE04,32,0,0,13,0,0,49,64,False
raw-guarded,0,7,12,10,0,0,9,745,18,M_MYDOSFILE_BEGINSEEK_007E9A86,20,0,0,6,0,0,30,43,False
raw-guarded,0,5,15,7,0,0,6,746,23,M_MYDOSFILE_LOCATE_F172D4F1,28,0,0,9,0,0,37,49,False
raw-guarded,2,3,8,5,0,0,6,747,24,M_MYDOSFILE_COPY_B45932A2,29,0,2,7,0,0,34,46,False
raw-guarded,0,5,15,8,0,0,10,748,33,M_MYDOSFILE_CONSUME_CDF927EF,37,0,2,15,0,0,49,65,False
raw-guarded,0,8,14,11,0,0,11,749,24,M_MYDOSFILE_CONTINUEOPERATION_DDF4199B,29,0,2,6,0,0,40,54,False
raw-guarded,2,5,16,13,0,0,15,750,16,M_MYDOSFILE_MEASURE_660762A9,28,0,4,9,0,0,36,57,False
raw-guarded,4,5,26,18,0,0,23,751,41,M_SDFSFILE_OPEN_2046DF25,50,0,3,24,0,0,70,101,False
raw-guarded,0,3,8,1,0,0,0,752,9,M_SDFSFILE_FAIL_23FC14B5,17,0,0,2,0,0,16,23,False
raw-guarded,0,1,8,4,0,0,5,753,12,M_SDFSFILE_CANCEL_B60AB817,17,0,0,5,0,0,20,27,False
raw-guarded,0,5,15,11,0,0,13,754,31,M_SDFSFILE_BEGINSEEK_80AE6CDC,32,0,0,13,0,0,45,61,False
raw-guarded,0,6,21,14,0,0,16,755,39,M_SDFSFILE_BEGINREAD_A4D537D8,40,0,0,17,0,0,60,77,False
raw-guarded,1,4,16,12,0,0,15,756,56,M_SDFSFILE_CONSUME_19CF3939,60,0,4,24,0,0,76,101,False
raw-guarded,1,16,35,21,0,0,23,757,79,M_SDFSFILE_DRIVE_59FB4F1B,85,0,3,26,0,0,116,149,False
raw-guarded,0,5,10,7,0,0,6,758,15,M_SDFSFILE_CONTINUEOPERATION_077FC395,18,0,0,4,0,0,25,34,False
raw-guarded,5,14,47,31,0,0,36,759,93,M_SDFSFILE_MEASURE_B257955B,111,0,9,44,0,0,148,205,False
raw-guarded,0,0,0,1,0,0,0,760,4,M_SDFSDATE_LEAP_5FE3C9CD,1,0,0,3,0,0,4,5,False
raw-guarded,0,1,0,8,0,0,10,761,7,M_SDFSDATE_MONTHDAYS_18463582,6,0,7,7,0,0,14,22,False
raw-guarded,0,15,16,21,0,0,31,762,76,M_SDFSDATE_DECODE_E4AFE2B3,53,0,9,45,0,0,98,134,False
raw-guarded,0,1,3,1,0,0,0,763,1,M_SDFSDIR_ERROR_F11B3DDA,4,0,0,0,0,0,3,6,False
raw-guarded,4,4,20,5,1,0,6,764,16,M_SDFSDIR_SEED_AE4E45A1,42,0,3,6,0,0,40,61,False
raw-guarded,1,6,25,14,0,0,16,765,39,M_SDFSDIR_BEGINENTRY_4CCF1AF9,52,0,1,15,0,0,62,88,False
raw-guarded,2,5,10,9,0,0,10,766,25,M_SDFSDIR_VALIDATEPARENT_CC71085A,26,0,1,8,0,0,36,50,False
raw-guarded,4,7,14,6,0,0,6,767,27,M_SDFSDIR_HEADER_A6C13D37,28,0,0,9,0,0,40,54,False
raw-guarded,9,15,35,27,0,0,32,768,64,M_SDFSDIR_DECODE_445A4286,76,0,14,33,0,0,113,160,False
raw-guarded,2,7,15,15,0,0,14,769,30,M_SDFSDIR_BUFFEREDENTRY_374F4FF7,29,0,2,13,0,0,46,66,False
raw-guarded,0,4,10,7,0,0,8,770,20,M_SDFSDIR_BEGINHEADER_0CDE2CA0,24,0,1,7,0,0,31,42,False
raw-guarded,0,7,29,15,0,0,17,771,28,M_SDFSDIR_MEASURE_2E677570,53,0,4,10,0,0,60,85,False
raw-guarded,3,3,18,13,0,0,14,772,28,M_SDFSNAME_DESCEND_5D259778,40,0,4,13,0,0,50,72,False
raw-guarded,6,7,16,22,0,0,27,773,44,M_SDFSNAME_VALIDATEBASE_03C615D3,40,0,4,15,0,0,64,90,False
raw-guarded,1,2,15,8,0,0,8,774,18,M_SDFSNAME_STARTRESOLVE_EBBD5226,33,0,2,12,0,0,35,56,False
raw-guarded,0,4,9,5,0,0,4,775,10,M_SDFSNAME_RESOLVECOMPONENT_CCDFB63B,18,0,2,5,0,0,21,32,False
raw-guarded,0,1,7,9,0,0,9,776,11,M_SDFSNAME_DONE_34A5B326,13,0,1,6,0,0,19,29,False
raw-guarded,0,4,7,5,0,0,4,777,8,M_SDFSNAME_CHOOSE_8F0B0401,11,0,1,3,0,0,16,23,False
raw-guarded,0,7,13,13,0,0,15,778,19,M_SDFSNAME_RESOLVESTEP_B2924B88,30,0,8,9,0,0,40,59,False
raw-guarded,0,0,0,1,0,0,0,779,3,M_FSBACKEND_AVAILABLE_56F19E57,2,0,2,3,0,0,5,6,False
raw-guarded,0,3,4,5,0,0,4,780,7,M_FSBACKEND_CREATEVOLUME_26C12EFC,6,0,0,2,0,0,11,16,False
raw-guarded,0,2,4,6,0,0,6,781,3,M_FSBACKEND_DESTROYVOLUME_B6078DE8,5,0,0,2,0,0,7,15,False
raw-guarded,0,1,2,3,0,0,2,783,1,M_FSBACKEND_DESTROYWORK_CA11D009,2,0,0,1,0,0,3,7,False
raw-guarded,0,1,3,5,0,0,5,784,3,M_FSBACKEND_INVALIDATE_9F423887,4,0,0,2,0,0,6,12,False
raw-guarded,0,0,1,3,0,0,2,785,2,M_FSBACKEND_ENUMLIMIT_D60FC50E,2,0,0,1,0,0,3,6,False
raw-guarded,0,2,3,3,0,0,2,786,5,M_FSBACKEND_BEGINMOUNT_3F96891C,5,0,0,1,0,0,8,11,False
raw-guarded,0,2,3,3,0,0,2,787,5,M_FSBACKEND_MOUNTBUFFERED_E1BCDBDC,5,0,0,1,0,0,8,11,False
raw-guarded,0,2,3,3,0,0,2,788,5,M_FSBACKEND_BUFFEREDENTRY_A53297ED,5,0,0,1,0,0,8,11,False
raw-guarded,0,2,3,3,0,0,2,789,5,M_FSBACKEND_RESOLVECOMPONENT_25BBEDCF,5,0,0,1,0,0,8,11,False
raw-guarded,0,2,3,3,0,0,2,790,5,M_FSBACKEND_RESOLVESTEP_71F5161C,5,0,0,1,0,0,8,11,False
raw-guarded,0,2,3,3,0,0,2,791,5,M_FSBACKEND_DESCEND_696B876C,5,0,0,1,0,0,8,11,False
raw-guarded,0,2,3,3,0,0,2,792,6,M_FSBACKEND_BEGINREAD_9B747D7D,6,0,0,1,0,0,9,12,False
raw-guarded,0,2,3,3,0,0,2,793,6,M_FSBACKEND_BEGINSEEK_65568135,6,0,0,1,0,0,9,12,False
raw-guarded,0,2,3,3,0,0,2,794,6,M_FSBACKEND_CONTINUEOPERATION_B2B07804,6,0,0,1,0,0,9,12,False
raw-guarded,0,2,3,3,0,0,2,795,6,M_FSBACKEND_CANCEL_CF93E684,6,0,0,1,0,0,9,12,False
raw-guarded,0,2,5,3,0,0,2,796,9,M_FSBACKEND_BEGINENTRY_D3F74E4F,9,0,0,1,0,0,12,15,False
raw-guarded,0,2,5,3,0,0,2,797,5,M_FSBACKEND_STARTRESOLVE_75FDEFE2,7,0,0,1,0,0,10,13,False
raw-guarded,0,2,5,3,0,0,2,798,5,M_FSBACKEND_OPEN_70C2A6B2,7,0,0,1,0,0,10,13,False
raw-guarded,0,2,5,3,0,0,2,799,8,M_FSBACKEND_FAIL_FA955312,8,0,0,1,0,0,11,14,False
raw-guarded,0,2,7,3,0,0,2,800,7,M_FSBACKEND_MEASURE_AD470D66,9,0,0,1,0,0,12,15,False
raw-guarded,0,2,5,3,0,0,2,801,5,M_FSBACKEND_VALIDATEBASE_C7106A97,7,0,0,1,0,0,10,13,False
raw-guarded,0,2,8,3,0,0,3,802,18,M_FSIO_BEGIN_68AD59C5,27,0,2,4,0,0,28,36,False
raw-guarded,0,4,11,7,0,0,8,803,25,M_FSIO_COMPLETE_3A967BA3,29,0,0,8,0,0,36,48,False
raw-guarded,1,2,9,9,0,0,12,804,15,M_FSIO_OFFLINE_B7567A31,24,0,2,6,0,0,26,42,False
raw-guarded,0,0,1,1,0,0,0,805,2,M_FSWRITEIO_STATE_A0FFD18A,2,0,0,1,0,0,3,4,False
raw-guarded,0,2,9,3,0,0,3,806,10,M_FSWRITEIO_ERROR_9F481FB3,20,0,0,1,0,0,17,26,False
raw-guarded,0,5,3,4,0,0,4,807,8,M_FSWRITEIO_CHECKPOINT_86192BF5,4,0,0,3,0,0,11,16,False
raw-guarded,0,4,12,7,0,0,9,808,19,M_FSWRITEIO_FAILED_0CF5DEA4,28,0,0,6,0,0,29,45,False
raw-guarded,0,13,17,12,0,0,13,809,45,M_FSWRITEIO_READ_66641E67,45,0,5,12,0,0,65,82,False
raw-guarded,0,9,16,7,0,0,6,810,29,M_FSWRITEIO_WRITE_4F85FADC,34,0,2,7,0,0,45,57,False
raw-guarded,0,1,1,4,0,0,4,811,5,M_FSWRITEIO_ZERO_F685105B,6,0,2,4,0,0,8,15,False
raw-guarded,0,3,2,1,0,0,0,812,8,M_FSWRITEIO_WORD_326DCDF9,6,0,0,3,0,0,10,13,False
raw-guarded,0,3,2,1,0,0,0,813,9,M_FSWRITEIO_LENGTH_F339C741,6,0,0,4,0,0,11,14,False
raw-guarded,1,4,24,1,0,0,0,814,9,M_FSPACKET_REPLY_F0943484,49,1,0,2,0,0,34,57,False
raw-guarded,0,2,6,6,0,0,8,815,15,M_FSPACKET_ERROR_61E70414,17,0,0,5,0,0,21,30,False
raw-guarded,2,5,20,13,0,0,20,816,47,M_FSPACKET_IDENTITY_6B3677B2,50,0,0,17,0,0,67,87,False
raw-guarded,1,4,21,5,0,0,6,817,24,M_FSPACKET_PUBLISHOPENSTEP_55EACFB5,41,1,0,12,0,0,46,63,False
raw-guarded,1,6,10,5,0,0,6,818,14,M_FSPACKET_CLOSE_01E28282,19,1,0,6,0,0,25,37,False
raw-guarded,1,3,7,3,0,0,2,819,9,M_FSPORTS_CREATE_D9675AD2,14,0,1,5,0,0,17,26,False
raw-guarded,0,1,3,3,0,0,3,820,2,M_FSPORTS_DELETE_FC342961,2,0,0,3,0,0,5,9,False
raw-guarded,4,15,37,31,0,0,41,821,71,M_FSINIT_CONFIG_A7C873FA,75,0,5,32,0,0,110,157,False
raw-guarded,0,6,9,15,0,0,17,822,41,M_FSINIT_WORKSPACE_ED5E2107,36,0,4,22,0,0,54,79,False
raw-guarded,0,8,11,5,0,0,4,823,30,M_FSINIT_ARRIVAL_302FF83F,29,0,0,12,0,0,41,54,False
raw-guarded,3,8,27,7,0,0,6,824,35,M_FSINIT_ALLOCATEMOUNT_EF481898,46,0,0,18,0,0,62,82,False
raw-guarded,0,2,22,3,0,0,2,825,22,M_FSINIT_ALLOCATEBLOCK_5C0916F0,46,1,0,9,0,0,45,60,False
raw-guarded,1,2,8,5,0,0,6,826,12,M_FSINIT_PUBLISH_12D6516B,23,0,2,5,0,0,22,36,False
raw-guarded,0,4,9,8,0,0,8,827,11,M_FSINIT_FIRST_60F42DBA,15,0,0,6,0,0,20,33,False
raw-guarded,0,3,7,4,0,0,4,828,6,M_FSINIT_MOUNTSTEP_D16E7745,9,0,0,4,0,0,13,20,False
raw-guarded,0,3,13,5,0,0,4,829,14,M_FSINIT_OPENEDSTEP_3B4623A1,29,0,2,3,0,0,29,40,False
raw-guarded,0,8,21,10,0,0,10,830,25,M_FSINIT_MOUNTEDSTEP_D00F6B02,43,0,1,8,0,0,47,69,False
raw-guarded,2,4,9,3,0,0,2,831,10,M_FSINIT_FAILED_4FB7E0CF,14,0,0,1,0,0,18,24,False
raw-guarded,1,10,13,13,0,0,17,832,23,M_FSINIT_DESTROYMOUNT_00D5D10B,22,0,0,11,0,0,36,57,False
raw-guarded,1,13,17,18,0,0,25,833,33,M_FSINIT_CLEANUP_26675F9E,38,0,2,14,0,0,52,84,False
raw-guarded,3,5,10,21,0,0,26,834,43,M_FSALLOC_ALLOWED_1FF175A3,38,1,7,19,0,0,60,86,False
raw-guarded,1,8,12,7,0,0,8,835,41,M_FSALLOC_BITMAP_55D4E3AC,44,0,8,17,0,0,60,77,False
raw-guarded,1,4,7,5,0,0,4,836,11,M_FSALLOC_ALLOCATED_A8A57AF0,10,0,1,4,0,0,18,24,False
raw-guarded,4,11,32,38,0,0,49,837,90,M_FSALLOC_FIND_C860CAEC,90,0,11,45,0,0,127,188,False
raw-guarded,11,15,32,24,0,0,30,838,74,M_FSALLOC_CHANGE_B0E87AF9,71,0,9,29,0,0,112,150,False
raw-guarded,1,4,11,7,0,0,7,839,19,M_FSALLOC_TAKE_9AD436E4,27,0,5,7,0,0,34,46,False
raw-guarded,0,1,4,3,0,0,3,840,9,M_FSALLOC_FREE_BE46C827,12,0,1,1,0,0,13,17,False
raw-guarded,3,5,9,10,0,0,12,841,35,M_FSALLOC_COUNTROOM_E5C7D397,25,0,1,18,0,0,44,61,False
raw-guarded,0,1,1,1,0,0,0,842,2,M_MYDOSWRITE_BAD_ECEFF42B,1,0,0,1,0,0,3,4,False
raw-guarded,0,0,1,3,0,0,2,843,5,M_MYDOSWRITE_LIMIT_E01793D7,2,0,0,4,0,0,6,9,False
raw-guarded,6,19,28,26,0,0,34,844,82,M_MYDOSWRITE_READPAYLOAD_AC32DCA4,67,0,13,39,0,0,122,157,False
raw-guarded,5,9,14,3,0,0,3,845,27,M_MYDOSWRITE_TRAILER_BFA640A1,22,0,0,11,0,0,41,50,False
raw-guarded,6,9,12,5,0,0,4,846,31,M_MYDOSWRITE_ENTRYIO_ACBE3032,23,0,2,12,0,0,45,55,False
raw-guarded,1,5,19,11,0,0,12,847,34,M_MYDOSWRITE_VALIDATE_B3BA3338,39,0,0,13,0,0,49,69,False
raw-guarded,5,9,13,5,0,0,5,848,22,M_MYDOSWRITE_MARK_0E6D7B2D,18,0,1,9,0,0,36,46,False
raw-guarded,3,6,8,12,0,0,14,849,30,M_MYDOSWRITE_SLOT_AA2228B6,24,0,5,16,0,0,43,61,False
raw-guarded,13,17,39,23,0,0,28,850,68,M_MYDOSWRITE_CREATE_CDAAF016,89,0,10,28,0,0,115,170,False
raw-guarded,14,22,61,39,0,0,48,851,115,M_MYDOSWRITE_WRITE_992B7BC3,121,0,9,51,0,0,178,247,False
raw-guarded,0,4,8,10,0,0,10,852,19,M_MYDOSWRITE_RECLAIM_F1DD6F57,21,0,1,7,0,0,27,42,False
raw-guarded,2,7,20,7,0,0,6,853,15,M_MYDOSWRITE_TRUNCATE_A6EAB42C,25,0,0,6,0,0,34,47,False
raw-guarded,3,5,9,14,0,0,16,854,24,M_MYDOSWRITE_EMPTY_B06BE841,21,0,5,14,0,0,38,57,False
raw-guarded,1,6,14,13,0,0,14,855,20,M_MYDOSWRITE_DELETE_256A83D3,24,0,3,9,0,0,36,53,False
raw-guarded,1,5,7,6,0,0,6,856,11,M_MYDOSWRITE_RENAME_E308DCF0,14,0,2,4,0,0,20,30,False
raw-guarded,0,1,1,1,0,0,0,857,2,M_SDFSWRITE_BAD_5E3D66D1,1,0,0,1,0,0,3,4,False
raw-guarded,1,2,6,13,0,0,17,858,23,M_SDFSWRITE_VALIDSECTOR_67FAADEC,22,0,4,9,0,0,32,47,False
raw-guarded,4,16,30,29,0,0,35,859,84,M_SDFSWRITE_LOCATE_55E19A5E,85,0,11,33,0,0,122,167,False
raw-guarded,11,14,30,15,0,0,15,860,47,M_SDFSWRITE_GROW_073A6F69,52,0,2,13,0,0,75,105,False
raw-guarded,6,14,19,21,0,0,24,861,58,M_SDFSWRITE_ROWIO_EF8D2430,52,0,9,24,0,0,86,117,False
raw-guarded,0,2,3,1,0,0,0,862,10,M_SDFSWRITE_ENTRYIO_D3D74C00,6,0,0,4,0,0,12,13,False
raw-guarded,5,21,43,45,0,0,55,863,122,M_SDFSWRITE_VALIDATE_3C808422,103,0,8,52,0,0,162,226,False
raw-guarded,3,10,16,17,0,0,21,864,48,M_SDFSWRITE_SLOT_E3DFD014,34,0,2,22,0,0,61,86,False
raw-guarded,0,6,12,9,0,0,11,865,34,M_SDFSWRITE_SPACE_ED9B8102,34,0,7,17,0,0,50,66,False
raw-guarded,21,29,61,41,0,0,49,866,105,M_SDFSWRITE_CREATE_5E5E06BC,121,0,13,46,0,0,175,258,False
raw-guarded,6,9,13,6,0,0,6,867,19,M_SDFSWRITE_MARK_BAD71DEB,17,0,1,6,0,0,33,44,False
raw-guarded,7,15,39,23,0,0,26,868,70,M_SDFSWRITE_WRITE_40A16F7D,77,0,3,28,0,0,107,150,False
raw-guarded,3,7,14,24,0,0,31,869,49,M_SDFSWRITE_RECLAIM_B35C64A9,43,0,6,22,0,0,65,99,False
raw-guarded,3,6,16,9,0,0,8,870,15,M_SDFSWRITE_TRUNCATE_031B9696,20,0,0,6,0,0,31,44,False
raw-guarded,3,9,13,14,0,0,16,871,37,M_SDFSWRITE_EMPTY_E038B2BB,24,0,1,16,0,0,47,66,False
raw-guarded,1,5,8,5,0,0,4,872,8,M_SDFSWRITE_DELETE_04723F49,10,0,0,2,0,0,16,23,False
raw-guarded,2,9,14,15,0,0,16,873,28,M_SDFSWRITE_RENAME_68E1123E,30,0,5,13,0,0,47,69,False
raw-guarded,0,3,5,5,0,0,4,874,12,M_FSWRITE_ACCESS_0C7E9E15,9,0,0,5,0,0,17,22,False
raw-guarded,0,3,7,6,0,0,6,875,8,M_FSWRITE_VALIDATE_5FCFD495,13,0,1,2,0,0,16,24,False
raw-guarded,0,2,7,3,0,0,2,876,7,M_FSWRITE_MARK_8F6D7604,9,0,0,1,0,0,12,15,False
raw-guarded,3,7,20,15,0,0,18,877,38,M_FSWRITE_NORMALIZE_5C686BA8,36,0,1,20,0,0,58,81,False
raw-guarded,2,7,10,11,0,0,12,878,25,M_FSWRITE_CREATE_47C6C0B3,23,0,3,7,0,0,36,50,False
raw-guarded,1,8,19,23,0,0,26,879,32,M_FSWRITE_OPEN_799F737F,30,0,1,15,0,0,52,77,False
raw-guarded,2,5,32,16,0,0,22,880,58,M_FSWRITE_WRITESTEP_AD20D8EE,78,2,0,23,0,0,92,124,False
raw-guarded,1,6,28,13,1,0,17,881,56,M_FSWRITE_BEGIN_06B2C6FE,65,1,1,24,0,0,86,109,False
raw-guarded,1,1,10,10,0,0,10,882,24,M_FSWRITE_FINALIZE_1B960C91,26,0,0,7,0,0,34,45,False
raw-guarded,1,13,29,30,0,0,35,883,51,M_FSWRITE_DELETE_68B67BAA,48,0,4,24,0,0,83,116,False
raw-guarded,3,3,9,3,0,0,2,884,11,M_FSWRITE_RENAME_4C9B6B85,15,0,0,1,0,0,20,25,False
raw-guarded,1,1,5,5,0,0,4,885,8,M_FSRELATIVE_VALIDATE_0372B7FC,9,0,1,3,0,0,14,19,False
raw-guarded,5,7,16,9,0,0,12,886,31,M_FSRELATIVE_SEED_FD9BA1BB,44,0,4,7,0,0,51,72,False
raw-guarded,3,3,9,8,0,0,10,887,17,M_FSRELATIVE_TRIM_C4B2DBD8,17,0,2,8,0,0,28,39,False
raw-guarded,0,3,7,3,0,0,2,888,7,M_FSRELATIVE_ROOT_94E4441A,12,0,0,1,0,0,14,19,False
raw-guarded,2,16,48,31,0,0,36,889,88,M_FSRELATIVE_BEGIN_CB9D8F8D,110,1,11,38,0,0,146,197,False
raw-guarded,2,5,10,6,0,0,6,890,19,M_FSRELATIVE_PARENTDONE_9C191F46,19,0,0,5,0,0,29,37,False
raw-guarded,0,3,9,5,0,0,4,891,12,M_FSRELATIVE_PARENTBEGIN_7E4CAA55,21,0,3,3,0,0,24,32,False
raw-guarded,2,7,20,17,0,0,19,892,40,M_FSRELATIVE_PARENTRESULT_7CE6B959,48,0,7,16,0,0,67,90,False
raw-guarded,0,3,5,3,0,0,2,893,11,M_FSNAMESPACE_DONE_F475AF73,13,0,1,4,0,0,17,23,False
raw-guarded,9,21,36,23,0,0,24,894,83,M_FSNAMESPACE_RESOLVED_0E070C27,78,0,3,25,0,0,122,156,False
raw-guarded,1,0,3,1,0,0,0,895,1,M_FSINFO_ENUMERATIONSTATE_A9C412AA,3,0,0,1,0,0,4,6,False
raw-guarded,0,1,3,4,0,0,4,896,6,M_FSINFO_CLEAR_E168B3AB,8,0,2,6,0,0,11,19,False
raw-guarded,12,12,15,20,0,0,26,897,41,M_FSINFO_NAME_B42C963D,44,0,12,15,0,0,68,103,False
raw-guarded,0,0,20,7,0,0,9,898,19,M_FSINFO_FILL_CDFFBE8F,40,0,2,12,0,0,41,59,False
raw-guarded,0,1,15,1,0,0,0,899,8,M_FSINFO_SAVE_B1E7031F,25,0,0,4,0,0,22,31,False
raw-guarded,4,3,8,5,0,0,6,900,19,M_FSDIRECTORY_INITLOCKSTATE_606A2BB5,24,0,2,4,0,0,29,40,False
raw-guarded,4,21,49,30,0,0,34,901,106,M_FSDIRECTORY_SELECT_4CD1EDE7,104,0,3,40,0,0,158,199,False
raw-guarded,0,3,4,1,0,0,0,902,9,M_FSDIRECTORY_END_806A2136,8,0,0,3,0,0,13,15,False
raw-guarded,0,3,10,5,0,0,4,903,12,M_FSDIRECTORY_ENTRYSTEP_D4EA4ABB,22,0,3,4,0,0,25,34,False
raw-guarded,0,5,12,12,0,0,12,904,19,M_FSDIRECTORY_ENTRYRESULTSTEP_4C458A60,28,0,6,8,0,0,37,53,False
raw-guarded,1,4,9,6,0,0,7,905,18,M_FSDIRECTORY_MEASUREENTRY_E6EE6D03,18,0,1,5,0,0,27,34,False
raw-guarded,0,1,4,5,0,0,4,906,5,M_FSDIRECTORY_SIZERESULT_7E5452EF,11,0,3,2,0,0,12,19,False
raw-guarded,1,3,9,3,0,0,2,907,10,M_FSDIRECTORY_SIZECONTINUESTEP_1EAFA525,14,0,0,2,0,0,18,23,False
raw-guarded,2,6,14,1,0,0,0,908,18,M_FSDIRECTORY_PUBLISHSTEP_CC8DC0F6,24,0,0,8,0,0,32,41,False
raw-guarded,4,26,46,43,0,0,56,909,124,M_FSHANDLER_OPENRESULTSTEP_0C25E5DB,104,0,1,53,0,0,171,230,False
raw-guarded,0,1,3,1,0,0,0,910,1,M_FSHANDLER_BEGINRESOLVE_DD06EE7B,5,0,0,0,0,0,4,7,False
raw-guarded,0,6,11,6,0,0,6,911,25,M_FSHANDLER_OPEN_99490956,22,0,0,11,0,0,36,45,False
raw-guarded,0,3,6,4,0,0,4,912,16,M_FSHANDLER_LOCK_913FD727,14,0,0,6,0,0,22,27,False
raw-guarded,0,2,6,3,0,0,2,913,7,M_FSHANDLER_RESOLVEREADYSTEP_BDBFDED1,10,0,0,2,0,0,13,17,False
raw-guarded,0,1,10,6,0,0,7,914,15,M_FSHANDLER_OPERATIONRESULT_4184CBFA,29,0,3,4,0,0,28,40,False
raw-guarded,3,18,46,24,1,0,27,915,94,M_FSHANDLER_FILE_3A9A315C,112,1,2,28,0,0,143,185,False
raw-guarded,0,15,31,38,0,0,53,916,86,M_FSHANDLER_DISPATCHSTEP_D149BF3A,71,0,0,42,0,0,117,166,False
raw-guarded,1,7,26,11,0,0,14,917,25,M_FSHANDLER_TAKESTEP_E4E18A11,51,0,3,14,0,0,54,84,False
raw-guarded,0,2,5,3,0,0,2,918,4,M_FSHANDLER_COMPONENTSTEP_389CA8B9,10,0,2,2,0,0,11,17,False
raw-guarded,2,5,18,14,0,0,19,919,48,M_FSHANDLER_RESOLVEFAILURE_E91D28D8,55,0,2,16,0,0,68,92,False
raw-guarded,0,5,12,15,0,0,17,920,19,M_FSHANDLER_RESOLVESTEP_D6E79D38,28,0,7,9,0,0,38,57,False
raw-guarded,0,3,8,4,0,0,4,921,10,M_FSHANDLER_FILESTEP_A93D50C2,15,0,0,2,0,0,17,24,False
raw-guarded,0,7,28,32,0,0,49,922,92,M_FSABORT_CHECKPOINT_5DD0EDAE,83,0,0,42,0,0,120,164,False
raw-guarded,2,4,5,12,0,0,17,923,21,M_FSWORKER_DRAINED_7E6EAAA5,20,0,3,10,0,0,29,48,False
raw-guarded,0,25,30,37,0,0,52,924,69,M_FSWORKER_WORKER_2BB473B0,84,1,10,32,0,0,108,178,False
raw-guarded,0,2,9,4,0,0,4,925,4,M_FSWORKER_FINISH_EC2E5E2B,15,0,1,4,0,0,14,25,False
raw-guarded,0,1,8,1,0,0,0,926,8,M_FSMOUNT_DISPATCH_FD59F08F,17,0,0,5,0,0,16,24,False
raw-guarded,1,7,15,6,0,0,6,927,27,M_FSMOUNT_SELECTSTEP_8E807607,35,0,0,12,0,0,42,61,False
raw-guarded,0,3,9,8,0,0,8,928,17,M_FSMOUNT_COMMANDSTEP_B1883B1A,19,0,0,9,0,0,26,39,False
raw-guarded,1,5,10,8,0,0,8,929,14,M_FSMOUNT_REMOVESTEP_BBB2975B,20,0,1,7,0,0,25,41,False
raw-guarded,0,3,6,1,0,0,0,930,5,M_FSMOUNT_DESTROYSTEP_4CF540E7,9,0,0,3,0,0,11,16,False
raw-guarded,0,1,8,3,0,0,2,931,3,M_FSMUX_CONTROL_16FCB25F,13,0,0,2,0,0,11,19,False
raw-guarded,0,3,9,9,0,0,9,932,8,M_FSMUX_TAKE_F08F7501,16,0,2,5,0,0,19,33,False
raw-guarded,0,3,15,5,0,0,4,933,12,M_FSBOOT_BEGINSERVICE_BC5D2672,24,0,0,12,0,0,27,44,False
raw-guarded,0,5,13,18,0,0,25,934,27,M_FSBOOT_ENSURE_06ED6F00,30,0,1,15,0,0,41,68,False
raw-guarded,3,11,20,24,0,0,32,935,38,M_FSBOOT_STOP_AD5246E2,49,0,4,19,0,0,61,106,False
raw-guarded,3,5,7,15,0,0,20,936,25,M_DOSCALLS_ASSIGNINDEX_01EA43CB,24,0,6,13,0,0,38,60,False
raw-guarded,3,20,41,41,0,0,52,937,84,M_DOSCALLS_EXPAND_EA5329A2,101,2,19,53,0,0,144,218,False
raw-guarded,0,0,7,1,0,0,0,938,9,M_DOSCALLS_ARGUMENTS_D4B63738,15,0,0,8,0,0,16,24,False
raw-guarded,0,0,5,4,0,0,4,939,14,M_DOSCALLS_NAMEARGUMENTS_4FEB00BB,14,0,0,10,0,0,19,28,False
raw-guarded,1,9,28,23,0,0,29,940,55,M_DOSCALLS_ACQUIRE_C423433E,61,1,3,30,0,0,83,124,False
raw-guarded,0,3,6,9,0,0,10,941,17,M_DOSCALLS_CONFIGURED_B6EDEF76,18,0,2,7,0,0,24,37,False
raw-guarded,2,9,11,19,0,0,21,942,29,M_DOSCALLS_DESTINATION_E6EBC832,24,0,8,18,0,0,46,72,False
raw-guarded,1,14,11,23,0,0,26,944,50,M_DOSCALLS_OPEN_390423B6,38,0,6,20,0,0,64,96,False
raw-guarded,1,8,4,9,0,0,8,945,26,M_DOSCALLS_LOCK_DE185F87,21,0,2,8,0,0,31,47,False
raw-guarded,0,0,2,4,0,0,4,946,3,M_DOSCALLS_BADOBJECT_51D88018,5,0,1,3,0,0,6,12,False
raw-guarded,0,2,12,9,0,0,13,947,14,M_DOSCALLS_OBJECT_E89E37D3,18,0,0,6,0,0,24,35,False
raw-guarded,0,5,10,5,0,0,4,948,12,M_DOSCALLS_FILE_E8D1DABC,17,0,0,5,0,0,22,32,False
raw-guarded,0,17,46,20,0,0,20,949,55,M_DOSCALLS_READ_BEE8BE36,61,1,0,29,0,0,96,127,False
raw-guarded,0,22,45,25,0,0,26,950,68,M_DOSCALLS_WRITE_8E98A1A7,62,1,0,37,0,0,108,146,False
raw-guarded,0,14,22,14,0,0,15,951,38,M_DOSCALLS_SEEK_17FC33E6,35,1,0,21,0,0,59,84,False
raw-guarded,0,11,33,17,0,0,17,952,28,M_DOSCALLS_CLOSE_97169B3A,47,1,0,13,0,0,61,88,False
raw-guarded,0,7,16,11,0,0,10,953,14,M_DOSCALLS_UNLOCK_2871018C,25,1,0,7,0,0,31,50,False
raw-guarded,0,6,15,7,0,0,6,954,14,M_DOSCALLS_INFORMATION_13F25DEC,26,1,0,5,0,0,29,44,False
raw-guarded,0,1,4,5,0,0,4,955,7,M_DOSCALLS_SELECTED_604EA3D9,10,0,1,3,0,0,12,19,False
raw-guarded,0,0,7,8,0,0,9,956,11,M_DOSCALLS_SELECTIONREADY_28C831A1,14,0,0,7,0,0,18,29,False
raw-guarded,0,5,11,12,0,0,14,957,12,M_DOSCALLS_LIVESELECTION_2BE04852,14,0,0,7,0,0,23,38,False
raw-guarded,0,3,14,12,0,0,14,958,11,M_DOSCALLS_SELECT_1EDDE386,26,2,1,7,0,0,28,48,False
raw-guarded,0,2,16,11,0,0,10,959,17,M_DOSCALLS_DIRECTORY_C8028D6B,24,0,1,14,0,0,34,51,False
raw-guarded,0,5,17,13,0,0,14,960,16,M_DOSCALLS_CURRENTDIR_1AA7335E,29,1,1,11,0,0,35,58,False
raw-guarded,0,11,19,17,0,0,18,961,37,M_DOSCALLS_NAMEFROMLOCK_92457C4A,39,0,2,20,0,0,57,87,False
raw-guarded,0,4,8,8,0,0,8,962,13,M_DOSCALLS_ISINTERACTIVE_18CACEEA,12,0,0,8,0,0,21,32,False
raw-guarded,0,5,5,7,0,0,6,963,10,M_DOSCALLS_OPENCONSOLE_77C02991,9,0,0,5,0,0,15,26,False
raw-guarded,0,5,12,10,0,0,10,964,20,M_DOSCALLS_SETCONSOLEHISTORY_3DCB4BFF,19,0,0,11,4,2,31,45,False
raw-guarded,0,11,14,12,0,0,14,965,30,M_DOSCALLS_CONSOLEINFO_6FF559CD,26,0,0,19,4,2,44,68,False
raw-guarded,0,8,20,14,0,0,15,970,24,M_DOSCALLS_FLUSH_D2ADBAEC,33,1,0,13,0,0,45,68,False
raw-guarded,1,6,5,7,0,0,6,971,22,M_DOSCALLS_CREATEDIR_E8A266C7,22,0,2,5,0,0,28,41,False
raw-guarded,0,4,11,10,0,0,11,972,19,M_DOSCALLS_PATHMOUNT_48952362,23,0,1,8,0,0,29,45,False
raw-guarded,4,21,37,31,0,0,38,973,85,M_DOSCALLS_NAMESPACE_643E89B3,93,0,6,36,0,0,125,185,False
raw-guarded,0,1,1,1,0,0,0,974,2,M_DOSCALLS_DELETEFILE_59D38A29,1,0,0,1,0,0,3,4,False
raw-guarded,0,1,2,1,0,0,0,975,2,M_DOSCALLS_RENAME_EEAD93B4,2,0,0,1,0,0,4,5,False
raw-guarded,9,37,65,54,0,0,72,976,129,M_DOSCALLS_ASSIGNPATH_80851264,129,0,13,79,0,0,203,308,False
raw-guarded,1,10,13,16,0,0,20,977,34,M_DOSCALLS_GETASSIGN_704BF595,34,0,6,25,0,0,53,86,False
raw-guarded,0,1,4,4,0,0,4,978,5,M_CSTRING_IMPL_STRLEN_EB4E5981,6,0,0,4,0,0,9,15,False
raw-guarded,0,1,8,6,0,0,6,979,6,M_CSTRING_IMPL_STRNLEN_AC461397,9,0,0,6,0,0,14,22,False
raw-guarded,0,3,3,9,0,0,8,980,15,M_CSTRING_IMPL_STRCMP_87478B58,14,0,1,6,0,0,19,32,False
raw-guarded,0,3,5,10,0,0,10,981,16,M_CSTRING_IMPL_STRNCMP_6395B42E,16,0,1,7,0,0,22,36,False
raw-guarded,1,0,6,7,0,0,6,982,6,M_CSTRING_IMPL_STRCHR_2037DF45,11,0,1,4,0,0,13,23,False
raw-guarded,0,4,14,14,0,0,18,983,17,M_CSTRING_IMPL_STRLCPY_C7039D62,24,0,1,12,0,0,32,54,False
raw-guarded,0,5,27,19,0,0,25,984,22,M_CSTRING_IMPL_STRLCAT_C4908C8C,38,0,3,19,0,0,52,81,False
raw-guarded,0,5,13,20,0,0,28,985,34,M_CSTRING_IMPL_U32TOA_D9A955C5,39,0,6,23,0,0,53,87,False
raw-guarded,1,8,7,14,0,0,17,986,43,M_DOSUTILITY_WRITEALL_BCEF29C3,22,0,0,23,0,0,45,68,False
raw-guarded,0,0,9,1,0,0,0,987,3,M_DOSUTILITY_READERINIT_DF037B30,15,0,0,4,0,0,12,20,False
raw-guarded,2,14,18,17,0,0,20,988,56,M_DOSUTILITY_READBYTE_60ED3FBB,42,0,1,29,0,2,75,104,False
raw-guarded,0,9,10,20,0,0,24,989,55,M_DOSUTILITY_READLINE_B96FCD33,34,0,2,34,4,2,67,97,False
raw-guarded,0,0,0,80,0,0,79,990,40,M_DOSFAULT_MESSAGE_9D326B2A,1,0,0,39,0,0,40,120,False
raw-guarded,8,24,25,34,0,0,42,991,113,M_DOSFAULT_FORMAT_76BA9D40,91,0,33,74,0,0,169,231,False
raw-guarded,0,3,4,1,0,0,0,992,6,M_DOSFAULT_FAULT_7DB91D83,8,0,0,0,0,0,8,12,False
raw-guarded,0,7,8,6,0,0,8,993,31,M_DOSFAULT_PRINTFAULT_CDC48706,22,0,0,16,0,0,37,51,False
raw-guarded,0,1,4,1,0,0,0,1011,2,M_DOS_EXAMINE_1F15C1B0,2,0,0,3,0,0,6,7,False
raw-guarded,0,1,4,1,0,0,0,1012,2,M_DOS_EXNEXT_623C7B53,2,0,0,3,0,0,6,7,False
raw-guarded,0,1,0,1,0,0,0,1013,2,M_DOS_INPUT_41B1DDE9,0,0,0,1,0,0,2,3,False
raw-guarded,0,1,0,1,0,0,0,1014,2,M_DOS_OUTPUT_DF7018DC,0,0,0,1,0,0,2,3,False
raw-guarded,0,1,2,1,0,0,0,1015,2,M_DOS_SELECTINPUT_FF0F4771,1,0,0,2,0,0,4,5,False
raw-guarded,0,1,2,1,0,0,0,1016,2,M_DOS_SELECTOUTPUT_3A928904,1,0,0,2,0,0,4,5,False
raw-guarded,0,11,12,19,0,0,26,1029,39,M_TASKINSPECT_SNAPSHOT_72A67CF0,48,1,12,24,0,0,64,102,False
raw-guarded,0,10,9,11,0,0,15,1030,24,M_DEVICEINSPECT_SNAPSHOT_EBB6295F,27,0,5,13,0,0,38,61,False
raw-guarded,1,3,16,7,0,0,9,1031,17,M_FSINSPECT_CACHESTATUS_E621CC2A,37,0,1,5,0,0,34,53,False
raw-guarded,2,13,22,26,0,0,38,1032,51,M_FSINSPECT_SNAPSHOT_873CF8A6,65,0,10,22,0,0,83,128,False
raw-guarded,1,4,6,7,0,0,10,1033,12,M_FSINSPECT_SYSTEMWRITABLE_448881D5,16,0,1,5,0,0,19,33,False
raw-guarded,0,1,1,1,0,0,0,1034,7,M_O65MEMORY_RESERVE_67ABB944,2,0,0,4,0,0,7,8,False
raw-guarded,0,1,1,1,0,0,0,1035,1,M_O65MEMORY_ALLOCATE_1084F809,1,0,0,0,0,0,2,3,False
raw-guarded,0,1,1,1,0,0,0,1036,2,M_O65MEMORY_STORAGE_289ABF3F,1,0,0,1,0,0,3,4,False
raw-guarded,0,0,2,3,0,0,3,1037,3,M_O65READ_FAIL_6B141CC7,5,0,1,2,0,0,6,10,False
raw-guarded,0,1,7,6,0,0,6,1038,15,M_O65READ_TAKE_D99B2660,16,0,0,7,0,0,22,30,False
raw-guarded,0,2,3,3,0,0,2,1039,9,M_O65READ_U8_A5F42EC2,5,0,0,5,0,0,12,15,False
raw-guarded,0,3,2,1,0,0,0,1040,6,M_O65READ_U16_9E5A6B5F,4,0,1,3,0,0,9,11,False
raw-guarded,0,3,2,1,0,0,0,1041,7,M_O65READ_U32_BA2CF799,4,0,1,4,0,0,10,12,False
raw-guarded,0,4,6,5,0,0,4,1042,14,M_O65READ_COUNT_2EF12376,13,0,0,5,0,0,19,27,False
raw-guarded,0,2,4,6,0,0,6,1043,13,M_O65READ_EQUAL_AD4D340B,9,0,0,6,0,0,15,23,False
raw-guarded,0,1,3,3,0,0,2,1044,6,M_O65READ_LITERAL_8D1D12D6,7,0,1,2,0,0,10,13,False
raw-guarded,0,0,0,7,0,0,10,1045,15,M_O65READ_NAMEBYTE_937CC326,8,0,4,11,0,0,19,26,False
raw-guarded,0,6,13,13,0,0,14,1046,24,M_O65READ_NAME_0A34D852,26,0,2,14,0,0,39,59,False
raw-guarded,0,8,14,12,0,0,12,1047,28,M_O65READ_STRING_E289F21C,28,0,2,13,0,0,41,61,False
raw-guarded,0,0,3,8,0,0,7,1048,7,M_O65READ_SECTIONSIZE_0E90CADD,7,0,0,3,0,0,10,18,False
raw-guarded,0,0,2,1,0,0,0,1049,9,M_O65READ_EXTENT_816E81E1,5,0,0,4,0,0,9,10,False
raw-guarded,1,28,53,56,0,0,71,1050,124,M_O65WIRE_HEADER_58EA710F,105,0,6,68,0,0,173,258,False
raw-guarded,6,12,18,21,0,0,27,1051,39,M_O65WIRE_EXPORTS_13C8B799,40,0,12,24,0,0,67,103,False
raw-guarded,10,15,18,18,0,0,24,1052,51,M_O65PROFILE_IMPORTS_FC0170BC,30,0,2,24,0,0,71,97,False
raw-guarded,0,4,12,7,0,0,9,1053,14,M_PROGRAMIMAGE_FREE_CFEA1DF0,21,0,0,6,0,0,26,38,False
raw-guarded,0,2,7,8,0,0,11,1054,11,M_PROGRAMIMAGE_ATTACH_B33B47DB,16,0,1,7,0,0,19,33,False
raw-guarded,0,4,8,11,0,0,15,1055,14,M_PROGRAMIMAGE_DROPOWNER_EE15CDE2,18,0,1,9,0,0,23,42,False
raw-guarded,0,4,7,9,0,0,13,1056,13,M_PROGRAMIMAGE_DETACH_807AC96B,17,0,1,8,0,0,21,38,False
raw-guarded,0,0,3,8,0,0,7,1057,12,M_O65RELOCATIONS_BASE_44BA7C79,7,0,0,8,0,0,15,23,False
raw-guarded,1,35,57,84,0,0,114,1058,192,M_O65RELOCATIONS_WALK_0850572F,160,0,25,112,0,0,257,392,False
raw-guarded,0,1,2,1,0,0,0,1059,1,M_O65RELOCATIONS_READ_4B7C0B1C,2,0,0,0,0,0,2,4,False
raw-guarded,0,1,3,1,0,0,0,1060,5,M_O65RELOCATIONS_PATCHES_74DD4940,5,0,0,3,0,0,8,10,False
raw-guarded,0,3,6,5,0,0,5,1061,10,M_O65_RELEASE_DA7FFCCE,8,0,0,7,0,0,16,23,False
raw-guarded,1,10,23,11,0,0,12,1062,38,M_O65_DESCRIPTOR_41119D04,39,0,0,20,0,0,60,81,False
raw-guarded,0,11,19,18,0,0,22,1063,36,M_O65_VALIDATE_31EC2383,34,0,0,23,0,0,53,86,False
raw-guarded,3,10,18,7,0,0,6,1064,13,M_DOSINHERIT_CLONEFILE_B3A0D025,22,0,0,7,0,0,31,49,False
raw-guarded,1,13,17,7,0,0,6,1065,18,M_DOSINHERIT_CLONELOCK_889C592A,26,0,0,9,0,0,35,56,False
raw-guarded,0,11,22,15,0,0,18,1066,29,M_DOSINHERIT_STREAM_24BB16AC,31,0,0,23,0,0,51,80,False
raw-guarded,0,10,17,19,0,0,19,1067,22,M_DOSINHERIT_CLONE_1DB40F0B,19,0,2,17,0,0,40,65,False
raw-guarded,0,16,30,28,0,0,35,1068,52,M_DOSINHERIT_DISCARD_44133C6A,48,0,0,32,0,0,81,124,False
raw-guarded,1,11,23,10,0,0,11,1069,31,M_DOSINHERIT_FINALIZEDETACHED_E855A6F0,38,1,0,20,0,0,55,80,False
raw-guarded,0,2,6,5,0,0,5,1070,3,M_DOSINHERIT_ADOPT_35538564,7,0,0,3,0,0,9,17,False
raw-guarded,0,9,10,13,0,0,15,1071,17,M_DOSGROUP_BEGIN_073142E7,19,0,2,11,0,0,29,52,False
raw-guarded,0,1,3,4,0,0,4,1072,9,M_DOSGROUP_VALID_7D621B56,6,0,0,5,0,0,12,16,False
raw-guarded,0,4,6,8,0,0,8,1073,13,M_DOSGROUP_SEAL_B243143B,12,0,0,8,0,0,19,32,False
raw-guarded,0,1,4,3,0,0,2,1074,9,M_DOSGROUP_READY_271F659D,8,0,0,5,0,0,13,17,False
raw-guarded,0,4,2,3,0,0,2,1075,2,M_DOSGROUP_CANCEL_B8897A90,2,0,0,1,0,0,4,10,False
raw-guarded,0,6,25,16,0,0,22,1076,17,M_DOSGROUP_JOIN_A4542070,43,0,3,12,0,0,45,77,False
raw-guarded,0,3,18,15,0,0,20,1077,17,M_DOSGROUP_LEAVE_AF8BE2F5,35,0,3,12,0,0,38,65,False
raw-guarded,0,9,10,11,0,0,14,1078,19,M_DOSGROUP_END_0E9A4197,23,0,3,11,0,0,32,54,False
raw-guarded,0,4,16,14,0,0,16,1079,25,M_DOSPROCESS_DISCARD_B47D4E40,32,0,0,11,0,0,41,61,False
raw-guarded,0,4,28,22,0,0,28,1080,39,M_DOSPROCESS_SNAPSHOT_8415B6DE,59,0,0,11,0,0,67,96,False
raw-guarded,0,10,28,24,0,0,31,1081,34,M_DOSPROCESS_PREPARE_AF74B007,52,0,4,22,0,0,65,108,False
raw-guarded,0,12,16,12,0,0,13,1082,16,M_DOSPROCESS_PREPAREGROUP_5B2830CC,28,0,3,9,0,0,34,61,False
raw-guarded,0,7,15,7,0,0,7,1083,12,M_DOSPROCESS_ENTERFOREGROUND_ADB53B83,27,0,2,7,0,0,29,48,False
raw-guarded,0,9,33,10,0,0,12,1084,22,M_DOSPROCESS_ADOPT_5B5DBE18,56,1,0,6,0,0,56,81,False
raw-guarded,0,4,12,11,0,0,13,1085,14,M_DOSPROCESS_RESTOREFOREGROUND_D0EE9507,25,0,2,8,0,0,28,48,False
raw-guarded,0,11,33,40,0,0,49,1086,55,M_DOSPROCESS_CLEANUP_CE292B9A,58,1,0,31,0,0,88,140,False
raw-guarded,0,4,17,11,0,0,16,1087,18,M_DOSPROCESS_RELEASEPARENT_43E07877,34,0,1,11,0,0,36,60,False
raw-guarded,0,1,1,1,0,0,0,1088,3,M_PROCESS_CONTROL_D28A63F1,2,0,0,1,0,0,4,5,False
raw-guarded,0,1,0,1,0,0,0,1089,1,M_PROCESS_CURRENT_07EFB7F5,0,0,0,0,0,0,1,2,False
raw-guarded,0,1,2,3,0,0,2,1090,4,M_PROCESS_GETARGSTR_37000207,4,0,0,2,0,0,6,10,False
raw-guarded,0,5,6,8,0,0,11,1091,11,M_PROCESS_EXECUTEIMAGE_8428E44E,12,0,0,5,0,0,17,30,False
raw-guarded,0,9,7,7,0,0,7,1092,18,M_PROCESS_RUN_4C2ABD87,20,0,0,6,0,0,25,42,False
raw-guarded,0,9,10,9,0,0,12,1093,8,M_PROCESS_FINISH_AE17E2ED,11,0,0,6,0,0,18,35,False
raw-guarded,0,7,13,9,0,0,12,1094,21,M_PROCESS_RELEASESTORAGE_F7C3DB6E,25,0,0,11,0,0,34,52,False
raw-guarded,1,23,38,37,0,0,48,1095,72,M_PROCESS_STARTINTERNAL_08C34541,76,0,4,40,0,0,112,177,False
raw-guarded,0,1,3,1,0,0,0,1096,2,M_PROCESS_START_10858ECA,3,0,0,0,0,0,4,5,False
raw-guarded,0,1,3,1,0,0,0,1097,2,M_PROCESS_STARTFOREGROUND_F931F4E9,3,0,0,0,0,0,4,5,False
raw-guarded,0,2,4,3,0,0,2,1098,5,M_PROCESS_STARTLOADED_CDAA1C3D,5,0,0,3,0,0,9,13,False
raw-guarded,0,2,6,4,0,0,4,1099,5,M_PROCESS_PREPARELOADED_143E0750,6,0,0,4,0,0,11,16,False
raw-guarded,1,4,6,5,0,0,4,1100,11,M_PROCESS_STARTPREPARED_C79EF329,8,0,0,7,0,0,17,25,False
raw-guarded,1,4,6,5,0,0,5,1101,6,M_PROCESS_DISCARDPREPARED_9F7D5787,7,0,0,4,0,0,12,21,False
raw-guarded,1,6,11,7,0,0,7,1102,13,M_PROCESS_COLLECT_3A4F29C8,16,0,0,8,0,0,24,38,False
raw-guarded,1,4,5,9,0,0,8,1103,12,M_PROCESS_WAIT_BEBC9E91,10,0,0,5,0,0,17,29,False
raw-guarded,0,1,1,7,0,0,9,1104,12,M_DOSARGS_CLEAR_67E19159,9,0,2,8,0,0,15,25,False
raw-guarded,0,1,1,6,0,0,6,1105,7,M_DOSARGS_BOUNDEDLENGTH_E004A013,9,0,4,4,0,0,12,20,False
raw-guarded,0,0,0,5,0,0,6,1106,7,M_DOSARGS_UPPER_7F315E6C,4,0,1,3,1,2,8,12,False
raw-guarded,0,0,0,1,0,0,0,1107,11,M_DOSARGS_LETTER_897462C0,5,0,3,9,0,0,14,15,False
raw-guarded,0,4,2,7,0,0,8,1108,18,M_DOSARGS_SAME_51AE7922,12,0,2,8,0,0,22,31,False
raw-guarded,0,28,15,58,0,0,75,1109,114,M_DOSARGS_DESCRIBE_D600A84B,90,0,28,63,0,0,157,239,False
raw-guarded,0,6,23,33,0,0,42,1110,39,M_DOSARGS_WORD_271132B0,65,0,19,23,0,0,81,127,False
raw-guarded,2,4,12,16,0,0,18,1111,40,M_DOSARGS_NUMERIC_B3350961,40,0,8,23,0,0,59,85,False
raw-guarded,7,37,46,83,0,0,107,1112,188,M_DOSARGS_DECODE_CCDE93B6,160,0,37,101,0,0,268,388,False
raw-guarded,2,4,14,19,0,0,21,1113,32,M_DOSARGS_PARSE_ACA8C265,25,0,1,17,0,0,44,67,False
raw-guarded,0,6,7,19,0,0,22,1114,29,M_DOSCOMMAND_HELP_D3856E13,23,0,6,17,0,0,42,65,False
raw-guarded,0,14,7,20,0,0,28,1115,48,M_DOSCOMMAND_SHOWTEMPLATE_03EA47A3,21,0,0,28,0,0,55,83,False
raw-guarded,0,8,17,20,0,0,27,1116,43,M_DOSCOMMAND_READARGSORHELP_AC23446B,28,0,0,24,1,4,56,80,False
raw-guarded,0,1,0,1,0,0,0,1128,1,M_PROGRAMAPI_INPUT_CF30B53D,0,0,0,0,0,0,1,2,False
raw-guarded,0,1,0,1,0,0,0,1129,1,M_PROGRAMAPI_OUTPUT_24288338,0,0,0,0,0,0,1,2,False
raw-guarded,0,4,4,3,0,0,2,1132,13,M_PROGRAMAPI_READARGS_BFA789E0,8,0,0,5,0,0,16,20,False
raw-guarded,0,1,0,1,0,0,0,1135,0,M_PROGRAMAPI_YIELD_8B32D3B0,0,0,0,0,0,0,0,2,False
raw-guarded,0,1,2,1,0,0,0,1142,2,M_PROGRAMAPI_EXAMINE_6478E83C,2,0,0,1,0,0,4,5,False
raw-guarded,0,1,2,1,0,0,0,1143,2,M_PROGRAMAPI_EXNEXT_3BA57C27,2,0,0,1,0,0,4,5,False
raw-guarded,0,2,4,1,0,0,0,1149,4,M_PROGRAMAPI_READARGSORHELP_0AAF8D06,5,0,0,0,0,0,7,8,False
raw-guarded,14,19,15,44,0,0,59,1150,117,M_PROGRAMPROVIDERS_RESOLVE_0AD38ACF,73,0,8,56,0,0,139,206,False
raw-guarded,0,5,25,19,0,0,22,1151,61,M_PROGRAMPLACE_ALLOCATE_8CF1E5BF,59,0,0,29,0,0,84,112,False
raw-guarded,0,1,3,1,0,0,0,1152,2,M_PROGRAMPLACE_PATCHES_2338CDC0,3,0,0,0,0,0,4,5,False
raw-guarded,0,2,4,4,0,0,4,1153,11,M_PROGRAMPLACE_COPY_75B5AA8B,9,0,0,5,0,0,13,20,False
raw-guarded,1,17,33,15,0,0,18,1154,41,M_PROGRAM_LOAD_3AF1DE19,51,0,0,21,0,0,72,105,False
raw-guarded,1,18,20,44,0,0,63,1156,105,M_PROGRAMFILE_LOAD_6B2BC763,68,0,0,62,0,0,119,193,False
raw-guarded,3,44,65,71,0,0,93,1157,188,M_PIPELINE_RUN_E96AA47C,180,0,6,93,0,0,254,391,False
raw-guarded,0,0,0,1,0,0,0,1158,5,M_DEMO_SHELLLINE_05385AFA,1,0,0,4,0,0,5,6,False
raw-guarded,0,0,0,1,0,0,0,1159,5,M_DEMO_SHELLDRAWBUFFER_40A1F650,1,0,0,4,0,0,5,6,False
raw-guarded,0,0,0,1,0,0,0,1160,5,M_DEMO_SHELLSCRATCH_4CC9A4C2,1,0,0,4,0,0,5,6,False
raw-guarded,0,0,0,1,0,0,0,1161,5,M_DEMO_SHELLTRANSFER_5E61BE6D,1,0,0,4,0,0,5,6,False
raw-guarded,0,0,2,5,0,0,6,1162,14,M_DEMO_SHELLFAIL_8B3FAF62,13,0,0,5,0,0,14,23,False
raw-guarded,0,1,1,1,0,0,0,1163,3,M_DEMO_SHELLLENGTH_41312048,1,0,0,2,0,0,4,5,False
raw-guarded,0,4,5,9,0,0,11,1164,17,M_DEMO_SHELLEQUAL_87D888CC,19,0,5,9,0,0,27,41,False
raw-guarded,0,2,0,3,0,0,2,1165,5,M_DEMO_SHELLPOLL_FD68673B,0,0,0,4,0,0,5,9,False
raw-guarded,0,3,0,3,0,0,2,1166,7,M_DEMO_SHELLSCOPE_835D7600,2,0,0,3,0,0,7,11,False
raw-guarded,0,6,1,10,0,0,11,1167,21,M_DEMO_SHELLRETIREBREAK_55533B4C,11,0,2,12,0,0,23,39,False
raw-guarded,0,5,6,17,0,0,22,1168,39,M_DEMO_SHELLWRITE_F024753B,24,0,0,18,1,2,43,64,False
raw-guarded,1,2,3,1,0,0,0,1169,5,M_DEMO_SHELLBYTE_63E82DA4,6,0,1,3,0,0,9,13,False
raw-guarded,0,6,13,16,0,0,21,1170,35,M_DEMO_SHELLTEXT_3AA6BB8B,35,0,5,21,0,0,51,78,False
raw-guarded,1,5,5,4,0,0,4,1171,25,M_DEMO_SHELLNUMBER_CB70AEA1,20,0,4,15,0,0,33,45,False
raw-guarded,1,12,5,15,0,0,21,1172,69,M_DEMO_SHELLDIAGNOSTIC_90251983,55,0,0,17,0,0,70,100,False
raw-guarded,0,6,2,9,0,0,11,1173,19,M_DEMO_SHELLHISTORY_253D1EFE,10,0,1,7,0,0,20,32,False
raw-guarded,0,5,3,3,0,0,2,1174,7,M_DEMO_SHELLPROMPT_49927678,8,0,0,2,0,0,10,18,False
raw-guarded,0,1,1,1,0,0,0,1175,3,M_DEMO_SHELLCLEAR_C99F4545,5,0,0,1,0,0,4,8,False
raw-guarded,0,14,14,29,0,0,28,1176,28,M_DEMO_SHELLCLASSIFY_4EDF64CA,14,0,0,14,0,0,42,71,False
raw-guarded,1,2,1,7,0,0,8,1177,28,M_DEMO_SHELLPIPEBOUNDARY_12E051D2,24,0,1,9,0,0,30,43,False
raw-guarded,1,5,5,17,0,0,20,1178,48,M_DEMO_SHELLARGUMENT_06FF7069,51,0,9,19,0,0,62,93,False
raw-guarded,5,41,36,127,0,0,184,1179,260,M_DEMO_SHELLPARSE_A0346EB9,258,0,60,112,0,0,355,543,False
raw-guarded,0,1,1,13,0,0,18,1180,33,M_DEMO_SHELLALIASNAME_AB73FBF9,23,0,11,26,0,0,45,63,False
raw-guarded,0,1,1,16,0,0,23,1181,16,M_DEMO_SHELLALIASTEXT_A6FBD7BD,19,0,11,13,0,0,28,49,False
raw-guarded,0,5,1,9,0,0,10,1182,17,M_DEMO_SHELLALIASINDEX_3346373C,11,0,3,7,0,0,21,32,False
raw-guarded,0,9,4,1,0,0,0,1183,11,M_DEMO_SHELLALIASSHOW_53099C95,9,0,0,2,0,0,15,21,False
raw-guarded,4,25,10,45,0,0,57,1184,86,M_DEMO_SHELLALIASCOMMAND_96FDFCD5,60,0,16,46,0,0,112,180,False
raw-guarded,1,7,1,3,0,0,2,1185,15,M_DEMO_SHELLUNALIASCOMMAND_0E212A24,11,0,1,4,0,0,17,26,False
raw-guarded,2,22,10,28,0,0,37,1186,91,M_DEMO_SHELLALIASREPLACE_D1C41638,82,0,18,40,0,0,119,174,False
raw-guarded,0,2,0,6,0,0,6,1187,7,M_DEMO_SHELLALIASEXPAND_1DD100F8,3,0,1,3,0,0,8,14,False
raw-guarded,0,16,8,13,0,0,14,1188,34,M_DEMO_SHELLCHANGE_9A7AB49E,26,0,0,13,0,0,40,68,False
raw-guarded,0,8,0,6,0,0,6,1189,16,M_DEMO_SHELLRELEASELOCK_B96B0C1C,7,0,0,6,0,0,16,27,False
raw-guarded,2,25,10,23,0,0,30,1190,61,M_DEMO_SHELLDIR_42E4EEF3,35,0,0,25,0,0,69,110,False
raw-guarded,0,3,2,16,0,0,23,1191,23,M_DEMO_SHELLCONVERT_E2CF79D9,26,0,10,15,0,0,35,60,False
raw-guarded,0,1,0,5,0,0,6,1192,8,M_DEMO_SHELLCLOSECOMMANDINPUT_4078E4EF,6,0,0,2,0,0,8,14,False
raw-guarded,1,20,6,27,0,0,35,1193,67,M_DEMO_SHELLTYPE_1AFF6CB6,35,1,0,31,0,0,70,114,False
raw-guarded,0,28,0,1,0,0,0,1194,22,M_DEMO_SHELLMEM_AF895CA1,0,0,0,6,0,0,22,35,False
raw-guarded,0,1,2,10,0,0,13,1195,5,M_DEMO_SHELLTASKSTATE_696E6DB8,8,0,0,4,0,0,7,23,False
raw-guarded,0,21,18,14,0,0,18,1196,34,M_DEMO_SHELLTASKS_EC8AA98C,34,0,2,15,0,0,54,84,False
raw-guarded,0,10,10,25,0,0,34,1197,29,M_DEMO_SHELLDEVICES_F77A45DF,30,0,2,18,0,0,41,83,False
raw-guarded,0,25,22,23,0,0,30,1198,38,M_DEMO_SHELLMOUNTS_AF3EE75C,42,0,5,20,0,0,65,110,False
raw-guarded,0,5,5,7,0,0,7,1199,17,M_DEMO_SHELLCLOSETEMPORARY_12B1A0C5,11,0,0,8,0,0,20,31,False
raw-guarded,0,10,0,22,0,0,30,1200,51,M_DEMO_SHELLUNREDIRECT_A96C796F,42,0,1,15,0,0,52,89,False
raw-guarded,2,17,2,20,0,0,24,1201,65,M_DEMO_SHELLREDIRECT_189A437C,41,0,0,20,0,0,67,100,False
raw-guarded,0,1,0,1,0,0,0,1202,9,M_DEMO_SHELLPATHENTRY_DB7471EF,2,0,1,7,0,0,10,11,False
raw-guarded,0,2,0,1,0,0,0,1203,4,M_DEMO_SHELLPATHRESET_72A30C98,2,0,0,1,0,0,4,6,False
raw-guarded,0,2,2,13,0,0,16,1204,15,M_DEMO_SHELLPATHEQUAL_1BAC498B,20,0,9,10,0,0,26,45,False
raw-guarded,2,8,9,26,0,0,37,1205,50,M_DEMO_SHELLPATHASSIGNED_B6DA4F91,40,0,10,30,0,0,69,106,False
raw-guarded,0,28,9,31,0,0,38,1206,77,M_DEMO_SHELLPATHUPDATE_51351508,44,0,9,38,0,0,93,141,False
raw-guarded,3,18,4,18,0,0,20,1207,38,M_DEMO_SHELLPATH_505E8FAB,23,0,3,12,0,0,45,74,False
raw-guarded,0,0,0,1,0,0,0,1208,7,M_DEMO_SHELLPATHMISS_F697D8DD,2,0,0,5,0,0,7,8,False
raw-guarded,1,23,21,25,0,0,31,1209,67,M_DEMO_SHELLLOADCOMMAND_919DB943,53,0,11,35,0,0,97,137,False
raw-guarded,3,12,7,7,0,0,6,1210,31,M_DEMO_SHELLEXTERNAL_6FFCDB1B,22,0,0,10,0,0,36,54,False
raw-guarded,5,14,13,13,0,0,17,1211,62,M_DEMO_SHELLPIPELINE_3089A788,56,0,0,16,0,0,73,104,False
raw-guarded,2,46,0,48,0,0,69,1212,75,M_DEMO_SHELLDISPATCH_61C1EC5C,24,0,2,33,0,0,77,153,False
raw-guarded,0,14,0,21,0,0,29,1213,39,M_DEMO_SHELLCOMMAND_F85F9F19,20,0,0,17,0,0,39,72,False
raw-guarded,1,21,6,29,0,0,39,1214,90,M_DEMO_SHELLREADSTEP_67245C10,71,0,3,35,0,0,97,157,False
raw-guarded,0,14,1,9,0,0,8,1215,38,M_DEMO_SHELLOPEN_309B1844,25,0,0,14,0,0,39,62,False
raw-guarded,0,2,0,1,0,0,0,1216,6,M_DEMO_SHELLINITIALPROMPT_533D0DC4,8,0,0,0,0,0,6,11,False
raw-guarded,1,3,2,5,0,0,5,1217,7,M_DEMO_SHELLSTART_EB23C688,4,0,0,3,0,0,9,16,False
raw-guarded,0,34,1,31,0,0,34,1218,83,M_DEMO_SHELLFINISH_96C56219,39,0,0,35,0,0,84,139,False
raw-guarded,1,3,0,6,0,0,8,1219,13,M_DEMO_SHELLCACHESTATUS_0F6F58DA,6,0,0,5,0,0,13,21,False
raw-guarded,0,11,8,9,0,0,9,1220,24,M_DEMO_SHELLBOOTSIO_CB000C63,16,0,0,16,0,0,32,52,False
raw-guarded,2,39,2,23,0,0,27,1221,101,M_DEMO_SHELLBOOTSTART_83789768,65,0,0,28,0,0,103,157,False
raw-guarded,0,8,6,7,0,0,8,1222,15,M_DEMO_DEMONAME_3669E60C,20,0,8,12,0,0,29,47,False
raw-guarded,0,3,2,5,0,0,6,1223,11,M_DEMO_DEMOTEXT_C012A5A2,13,0,5,6,0,0,18,27,False
raw-guarded,0,3,0,11,0,0,15,1224,23,M_DEMO_DEMONUMBER_B404F7D0,25,0,9,13,0,0,32,52,False
raw-guarded,0,9,0,10,0,0,11,1225,39,M_DEMO_DEMOPRIME_7F18EBC0,21,0,3,17,0,0,42,57,False
raw-guarded,3,17,6,36,0,1,48,1226,88,M_DEMO_DEMOCOMPUTE_108F568E,77,0,17,46,0,0,106,179,False
raw-guarded,5,21,2,28,0,0,30,1227,86,M_DEMO_DEMOSTART_FC398735,47,0,0,38,0,0,88,139,False
raw-guarded,1,8,1,33,0,1,41,1228,57,M_DEMO_DEMOFINISH_E4DD1D06,32,0,1,31,0,0,58,105,False
raw-guarded,0,3,0,9,0,0,12,1229,11,M_DEMO_MAIN_C5B18743,8,0,2,6,0,0,13,26,False
