routine,block,index,kind,before,after,saved
M_EXECLISTS_NEWLIST_B3502541,0,5,Store/3/LongIndirect,23,22,1
M_EXECLISTS_NEWLIST_B3502541,0,9,Store/3/LongIndirect,24,23,1
M_EXECLISTS_ADDHEAD_3AE3E6E4,0,7,Store/3/LongIndirect,24,23,1
M_EXECLISTS_ADDHEAD_3AE3E6E4,0,13,Store/3/LongIndirect,24,23,1
M_EXECLISTS_ADDTAIL_A1C0F364,0,1,Load/3/LongIndirect,24,23,1
M_EXECLISTS_ADDTAIL_A1C0F364,0,10,Store/3/LongIndirect,24,23,1
M_EXECLISTS_ADDTAIL_A1C0F364,0,16,Store/3/LongIndirect,24,23,1
M_EXECLISTS_INSERT_468B11BA,5,5,Store/3/LongIndirect,24,23,1
M_EXECLISTS_INSERT_468B11BA,5,11,Store/3/LongIndirect,24,23,1
M_EXECLISTS_REMOVE_2E26C2C1,0,1,Load/3/LongIndirect,16,15,1
M_EXECLISTS_REMOVE_2E26C2C1,0,4,Store/3/LongIndirect,18,17,1
M_EXECLISTS_REMTAIL_292EAA27,0,1,Load/3/LongIndirect,24,23,1
M_EXECLISTS_REMTAIL_292EAA27,0,3,Load/3/LongIndirect,24,23,1
M_EXECLISTS_ENQUEUE_763E1E61,4,2,Load/3/LongIndirect,24,23,1
M_EXECLISTS_FINDNAME_2659CDBB,2,0,Load/3/LongIndirect,24,23,1
M_HEAPCORE_BOUNDS_2387CB05,4,1,Load/3/LongIndirect,24,23,1
M_HEAPCORE_BOUNDS_2387CB05,6,2,Load/4/LongIndirect,22,21,1
M_HEAPCORE_BOUNDS_2387CB05,7,1,Load/4/LongIndirect,22,21,1
M_HEAPCORE_BOUNDS_2387CB05,8,2,Load/4/LongIndirect,22,21,1
M_HEAPCORE_BOUNDS_2387CB05,8,5,Load/4/LongIndirect,22,21,1
M_HEAPCORE_BOUNDS_2387CB05,10,1,Load/4/LongIndirect,22,21,1
M_HEAPCORE_BOUNDS_2387CB05,10,3,Load/4/LongIndirect,22,21,1
M_HEAPCORE_CHUNKADDRESS_A551D41B,0,5,Load/3/LongIndirect,24,23,1
M_HEAPCORE_CHUNKADDRESS_A551D41B,2,2,Load/4/LongIndirect,22,21,1
M_HEAPCORE_NEXTADDRESS_E32592FF,4,2,Load/4/LongIndirect,22,21,1
M_HEAPCORE_CHUNKEND_0E0C27CE,0,8,Load/4/LongIndirect,22,21,1
M_HEAPCORE_CHUNKEND_0E0C27CE,2,1,Load/4/LongIndirect,22,21,1
M_HEAPCORE_CHUNKEND_0E0C27CE,3,1,Load/4/LongIndirect,22,21,1
M_HEAPCORE_CHUNKEND_0E0C27CE,3,3,Load/4/LongIndirect,22,21,1
M_HEAPCORE_CHUNKEND_0E0C27CE,5,2,Load/4/LongIndirect,22,21,1
M_HEAPCORE_VALIDATE_B397AD34,0,3,Load/3/LongIndirect,24,23,1
M_HEAPCORE_VALIDATE_B397AD34,2,2,Load/4/LongIndirect,22,21,1
M_HEAPCORE_VALIDATE_B397AD34,3,1,Load/4/LongIndirect,22,21,1
M_HEAPCORE_LINK_9B47F952,1,2,Store/3/LongIndirect,24,23,1
M_HEAPCORE_WRITECHUNK_D768FC26,0,5,Store/4/LongIndirect,22,21,1
M_HEAPCORE_SPLIT_B6117102,0,4,Load/4/LongIndirect,24,23,1
M_HEAPCORE_SPLIT_B6117102,3,2,Store/4/LongIndirect,22,21,1
M_HEAPCORE_SPLIT_B6117102,5,2,Load/4/LongIndirect,22,21,1
M_HEAPCORE_SPLIT_B6117102,5,4,Store/4/LongIndirect,22,21,1
M_HEAPCORE_RESERVE_2192E9C0,4,3,Load/4/LongIndirect,22,21,1
M_HEAPCORE_RESERVE_2192E9C0,7,2,Load/3/LongIndirect,26,25,1
M_HEAPCORE_RESERVE_2192E9C0,9,4,Load/4/LongIndirect,24,23,1
M_HEAPCORE_LARGEST_AA9886E8,0,3,Load/3/LongIndirect,24,23,1
M_HEAPCORE_LARGEST_AA9886E8,2,2,Load/4/LongIndirect,22,21,1
M_HEAPCORE_LARGEST_AA9886E8,3,1,Load/4/LongIndirect,22,21,1
M_HEAPCORE_LARGEST_AA9886E8,10,4,Load/4/LongIndirect,22,21,1
M_HEAPCORE_LARGEST_AA9886E8,11,0,Load/4/LongIndirect,22,21,1
M_HEAPCORE_INSERTFREE_129E41BB,1,4,Load/4/LongIndirect,24,23,1
M_HEAPCORE_INSERTFREE_129E41BB,5,1,Load/4/LongIndirect,22,21,1
M_HEAPCORE_INSERTFREE_129E41BB,5,6,Store/4/LongIndirect,22,21,1
M_HEAPCORE_INSERTFREE_129E41BB,9,1,Load/4/LongIndirect,22,21,1
M_HEAPCORE_INSERTFREE_129E41BB,9,6,Store/4/LongIndirect,22,21,1
M_HEAPCORE_INSERTFREE_129E41BB,10,2,Load/4/LongIndirect,22,21,1
M_HEAPCORE_INSERTFREE_129E41BB,10,3,Load/4/LongIndirect,22,21,1
M_HEAPCORE_INSERTFREE_129E41BB,10,5,Store/4/LongIndirect,22,21,1
M_HEAPCORE_RETURNRANGE_11C95A83,0,2,Load/3/LongIndirect,24,23,1
M_HEAPCORE_RETURNRANGE_11C95A83,2,2,Load/4/LongIndirect,22,21,1
M_HEAPCORE_RETURNRANGE_11C95A83,3,4,Load/4/LongIndirect,22,21,1
M_HEAPCORE_RETURNRANGE_11C95A83,3,6,Load/3/LongIndirect,24,23,1
M_HEAPCORE_RETURNRANGE_11C95A83,3,11,Load/4/LongIndirect,22,21,1
M_HEAPCORE_RETURNRANGE_11C95A83,5,2,Load/3/LongIndirect,26,25,1
M_HEAPCORE_RETURNRANGE_11C95A83,11,4,Load/4/LongIndirect,24,23,1
M_HEAPPOLICY_REGION_F42DC07D,0,5,Store/3/LongIndirect,23,22,1
M_HEAPPOLICY_REGION_F42DC07D,0,11,Store/3/LongIndirect,23,22,1
M_HEAPPOLICY_REGION_F42DC07D,0,20,Store/3/LongIndirect,26,25,1
M_HEAPPOLICY_REGION_F42DC07D,0,25,Store/4/LongIndirect,22,21,1
M_HEAPPOLICY_REGION_F42DC07D,0,32,Store/4/LongIndirect,22,21,1
M_HEAPPOLICY_REGION_F42DC07D,0,34,Load/3/LongIndirect,24,23,1
M_HEAPPOLICY_REGION_F42DC07D,0,39,Store/3/LongIndirect,24,23,1
M_HEAPPOLICY_REGION_F42DC07D,0,46,Load/4/LongIndirect,22,21,1
M_HEAPPOLICY_REGION_F42DC07D,0,47,Store/4/LongIndirect,22,21,1
M_HEAPPOLICY_VALIDATEREGIONS_C3A52ACE,8,2,Load/3/LongIndirect,24,23,1
M_HEAPPOLICY_VALIDATEREGIONS_C3A52ACE,13,0,Load/3/LongIndirect,24,23,1
M_HEAPPOLICY_VALIDATEREGIONS_C3A52ACE,14,0,Load/3/LongIndirect,24,23,1
M_HEAPPOLICY_LOCATE_7B91FF59,2,2,Load/3/LongIndirect,24,23,1
M_HEAPPOLICY_LOCATE_7B91FF59,4,0,Load/4/LongIndirect,22,21,1
M_HEAPPOLICY_FREE_3EA2E1EF,8,2,Load/4/LongIndirect,22,21,1
M_HEAPPOLICY_AVAIL_22774B2C,8,0,Load/4/LongIndirect,22,21,1
M_HEAPPOLICY_AVAIL_22774B2C,8,1,Load/3/LongIndirect,24,23,1
M_HEAPPOLICY_AVAIL_22774B2C,12,0,Load/4/LongIndirect,22,21,1
M_HEAPPOLICY_FREEVECTOR_698EC5DE,7,1,Load/4/LongIndirect,22,21,1
M_HEAPPOLICY_FREEVECTOR_698EC5DE,9,4,Load/4/LongIndirect,22,21,1
M_HEAPPOLICY_FREEVECTOR_698EC5DE,12,2,Load/4/LongIndirect,22,21,1
M_TASKPOLICY_LOOKUP_41F6D1E4,2,1,Load/3/LongIndirect,24,23,1
M_TASKPOLICY_WRITABLE_0565D862,6,6,Load/3/LongIndirect,24,23,1
M_TASKPOLICY_WRITABLE_0565D862,8,1,Load/3/LongIndirect,24,23,1
M_TASKPOLICY_EMPTYMEMORY_C893BDB0,0,9,Load/3/LongIndirect,26,25,1
M_TASKPOLICY_EMPTYMEMORY_C893BDB0,0,13,Load/3/LongIndirect,26,25,1
M_TASKPOLICY_STACKSLOT_2A322EEA,2,3,Load/3/LongIndirect,24,23,1
M_TASKPOLICY_STACKSLOT_2A322EEA,4,1,Load/3/LongIndirect,24,23,1
M_TASKPOLICY_STACKSLOT_2A322EEA,8,1,Load/3/LongIndirect,24,23,1
M_TASKPOLICY_STACKSLOT_2A322EEA,10,1,Load/3/LongIndirect,24,23,1
M_TASKPOLICY_STACKSLOT_2A322EEA,11,1,Load/3/LongIndirect,24,23,1
M_TASKPOLICY_INITSIGNALS_5C831CB9,0,8,Store/3/LongIndirect,23,22,1
M_TASKPOLICY_INITSIGNALS_5C831CB9,0,10,Store/3/LongIndirect,23,22,1
M_TASKPOLICY_INITSIGNALS_5C831CB9,0,12,Store/4/LongIndirect,24,23,1
M_TASKPOLICY_INITSIGNALS_5C831CB9,0,14,Store/4/LongIndirect,21,20,1
M_TASKPOLICY_INITSIGNALS_5C831CB9,0,16,Store/4/LongIndirect,21,20,1
M_TASKPOLICY_INITSIGNALS_5C831CB9,0,18,Store/4/LongIndirect,21,20,1
M_TASKPOLICY_INITSIGNALS_5C831CB9,0,22,Store/3/LongIndirect,24,23,1
M_TASKPOLICY_ADMIT_CF1671AB,0,3,Load/3/LongIndirect,24,23,1
M_TASKPOLICY_ADMIT_CF1671AB,0,8,Store/3/LongIndirect,24,23,1
M_TASKPOLICY_ADMIT_CF1671AB,0,11,Store/3/LongIndirect,24,23,1
M_TASKPOLICY_ADMIT_CF1671AB,0,30,Store/3/LongIndirect,26,25,1
M_TASKPOLICY_INIT_57A5FAC8,6,8,Store/3/LongIndirect,26,25,1
M_TASKPOLICY_INIT_57A5FAC8,6,9,Store/3/LongIndirect,25,24,1
M_TASKPOLICY_INIT_57A5FAC8,7,10,Store/3/LongIndirect,26,25,1
M_TASKPOLICY_INIT_57A5FAC8,7,18,Store/3/LongIndirect,26,25,1
M_TASKPOLICY_INIT_57A5FAC8,7,27,Store/3/LongIndirect,26,25,1
M_TASKPOLICY_EMPTYSIGNALS_EA2224E4,0,1,Load/4/LongIndirect,22,21,1
M_TASKPOLICY_EMPTYSIGNALS_EA2224E4,0,4,Load/4/LongIndirect,24,23,1
M_TASKPOLICY_EMPTYSIGNALS_EA2224E4,0,8,Load/4/LongIndirect,24,23,1
M_TASKPOLICY_EMPTYSIGNALS_EA2224E4,0,12,Load/4/LongIndirect,24,23,1
M_TASKPOLICY_EMPTYSIGNALS_EA2224E4,0,16,Load/3/LongIndirect,26,25,1
M_TASKPOLICY_ADD_A5E7C92B,0,7,Load/3/LongIndirect,24,23,1
M_TASKPOLICY_ADD_A5E7C92B,0,11,Load/3/LongIndirect,24,23,1
M_TASKPOLICY_REMOVETASK_35F29A21,16,5,Store/3/LongIndirect,23,22,1
M_TASKPOLICY_REMOVETASK_35F29A21,16,7,Store/4/LongIndirect,21,20,1
M_TASKPOLICY_REMOVETASK_35F29A21,16,23,Store/3/LongIndirect,23,22,1
M_TASKPOLICY_FIND_0D9A09D7,6,3,Load/3/LongIndirect,24,23,1
M_TASKPOLICY_ALLOCATEBIT_A349E154,4,2,Load/4/LongIndirect,22,21,1
M_TASKPOLICY_ALLOCATEBIT_A349E154,10,3,Load/4/LongIndirect,22,21,1
M_TASKPOLICY_ALLOCATEBIT_A349E154,12,1,Load/4/LongIndirect,22,21,1
M_TASKPOLICY_ALLOCATEBIT_A349E154,12,3,Store/4/LongIndirect,22,21,1
M_TASKPOLICY_MASKS_49833CE1,4,7,Load/4/LongIndexed,22,21,1
M_TASKPOLICY_MASKS_49833CE1,9,4,Load/4/LongIndirect,22,21,1
M_TASKPOLICY_MASKS_49833CE1,11,1,Load/4/LongIndirect,22,21,1
M_TASKPOLICY_MASKS_49833CE1,11,5,Store/4/LongIndirect,22,21,1
M_TASKPOLICY_SIGNALTASK_806F80F5,2,1,Load/4/LongIndirect,22,21,1
M_TASKPOLICY_BOUNDPRODUCER_6D7B4E54,5,2,Load/3/LongIndirect,30,29,1
M_TASKPOLICY_BOUNDPRODUCER_6D7B4E54,5,6,Terminator/Return,14,13,1
M_TASKPOLICY_PRODUCERCONTROL_52F9499B,4,4,Store/3/LongIndirect,23,22,1
M_TASKPOLICY_PRODUCERCONTROL_52F9499B,4,6,Store/4/LongIndirect,21,20,1
M_TASKPOLICY_PRODUCERCONTROL_52F9499B,13,1,Load/4/LongIndirect,22,21,1
M_TASKPOLICY_PRODUCERCONTROL_52F9499B,14,6,Store/3/LongIndirect,24,23,1
M_TASKPOLICY_PRODUCERCONTROL_52F9499B,14,9,Load/4/LongIndirect,22,21,1
M_TASKPOLICY_PRODUCERCONTROL_52F9499B,14,10,Store/4/LongIndirect,22,21,1
M_TASKPOLICY_MEMORYCALL_E7816C43,6,4,Load/4/LongIndirect,22,21,1
M_TASKPOLICY_MEMORYCALL_E7816C43,7,4,Load/4/LongIndirect,22,21,1
M_TASKPOLICY_MEMORYCALL_E7816C43,9,5,Load/4/LongIndirect,24,23,1
M_TASKPOLICY_SENDMESSAGE_7332557D,6,1,Load/3/LongIndirect,24,23,1
M_TASKPOLICY_PORTHEAD_A12A0751,5,1,Load/3/LongIndirect,24,23,1
M_TASKPOLICY_PORTHEAD_A12A0751,9,1,Load/3/LongIndirect,24,23,1
M_TASKPOLICY_PORTDELETE_CF47DFE6,2,4,Load/3/LongIndirect,24,23,1
M_TASKPOLICY_PORTDELETE_CF47DFE6,7,5,Load/4/LongIndirect,22,21,1
M_TASKPOLICY_QUEUECALL_62B0545B,5,1,Load/3/LongIndirect,24,23,1
M_TASKPOLICY_QUEUECALL_62B0545B,10,1,Load/3/LongIndirect,24,23,1
M_TASKPOLICY_INITIO_35D5D1E4,4,19,Store/3/LongIndirect,23,22,1
M_TASKPOLICY_INITIO_35D5D1E4,4,25,Store/3/LongIndirect,23,22,1
M_TASKPOLICY_INITIO_35D5D1E4,4,27,Store/4/LongIndirect,21,20,1
M_TASKPOLICY_IOOPEN_15F8E966,0,1,Load/3/LongIndirect,24,23,1
M_TASKPOLICY_IOOPEN_15F8E966,2,1,Store/3/LongIndirect,23,22,1
M_TASKPOLICY_IOOPEN_15F8E966,2,3,Store/3/LongIndirect,23,22,1
M_TASKPOLICY_IOOPENTEST_C4ABA6E6,0,1,Load/3/LongIndirect,24,23,1
M_TASKPOLICY_IOCOMPLETE_88BA0BF3,2,3,Load/3/LongIndirect,24,23,1
M_TASKPOLICY_IOWAITOWNER_63A51E9E,0,1,Load/3/LongIndirect,24,23,1
M_TASKPOLICY_IOWAITOWNER_63A51E9E,2,4,Load/3/LongIndirect,26,25,1
M_TASKPOLICY_IOCOLLECT_D169FE6C,3,2,Load/3/LongIndirect,24,23,1
M_TASKPOLICY_IOENQUEUE_EC975914,0,10,Load/3/LongIndirect,26,25,1
M_TASKPOLICY_IOENQUEUE_EC975914,2,1,Load/4/LongIndirect,22,21,1
M_TASKPOLICY_IOENQUEUE_EC975914,4,1,Load/3/LongIndirect,24,23,1
M_TASKPOLICY_IOENQUEUE_EC975914,6,1,Load/4/LongIndirect,22,21,1
M_TASKPOLICY_IOENQUEUE_EC975914,6,3,Load/3/LongIndirect,24,23,1
M_TASKPOLICY_IOENQUEUE_EC975914,7,6,Load/3/LongIndirect,24,23,1
M_TASKPOLICY_IOENQUEUE_EC975914,7,8,Load/4/LongIndirect,24,23,1
M_TASKPOLICY_IOBEGIN_A0C610B5,2,1,Load/3/LongIndirect,24,23,1
M_TASKPOLICY_IOBEGIN_A0C610B5,11,1,Load/3/LongIndirect,24,23,1
M_TASKPOLICY_IOTESTBEGIN_2E780855,5,2,Store/4/LongIndirect,21,20,1
M_TASKPOLICY_IOTESTBEGIN_2E780855,8,1,Load/3/LongIndirect,24,23,1
M_TASKPOLICY_IOABORT_1EC95CFC,6,1,Load/3/LongIndirect,24,23,1
M_TASKPOLICY_IOABORT_1EC95CFC,8,1,Load/3/LongIndirect,24,23,1
M_TASKPOLICY_IOABORT_1EC95CFC,10,2,Load/3/LongIndirect,24,23,1
M_TASKPOLICY_IOWORKERCONTROL_3D43EE5B,1,1,Load/3/LongIndirect,24,23,1
M_TASKPOLICY_IOWORKERCONTROL_3D43EE5B,2,1,Load/3/LongIndirect,24,23,1
M_TASKPOLICY_IOWORKERCONTROL_3D43EE5B,4,2,Load/4/LongIndirect,24,23,1
M_TASKPOLICY_IOWORKERCONTROL_3D43EE5B,5,2,Store/3/LongIndirect,24,23,1
M_TASKPOLICY_IOWORKERCONTROL_3D43EE5B,5,4,Store/4/LongIndirect,24,23,1
M_TASKPOLICY_IOWORKERCONTROL_3D43EE5B,8,1,Load/3/LongIndirect,24,23,1
M_TASKPOLICY_IOWORKERCONTROL_3D43EE5B,11,1,Store/3/LongIndirect,23,22,1
M_TASKPOLICY_IOWORKERCONTROL_3D43EE5B,11,3,Store/4/LongIndirect,21,20,1
M_TASKPOLICY_IOCLAIM_E59988BA,0,1,Load/3/LongIndirect,24,23,1
M_TASKPOLICY_IOCLAIM_E59988BA,2,7,Store/3/LongIndirect,24,23,1
M_TASKPOLICY_IOTESTFINISH_35E02F77,0,1,Load/3/LongIndirect,24,23,1
M_TASKPOLICY_IOTESTFINISH_35E02F77,4,1,Load/3/LongIndirect,24,23,1
M_TASKPOLICY_IOTESTFINISH_35E02F77,4,4,Store/4/LongIndirect,24,23,1
M_TASKPOLICY_IOTESTFINISH_35E02F77,5,1,Store/3/LongIndirect,23,22,1
M_TASKPOLICY_IOSETTLEDCALL_042AE5B9,1,1,Load/3/LongIndirect,24,23,1
M_TASKPOLICY_IOSETTLEDCALL_042AE5B9,8,1,Load/3/LongIndirect,24,23,1
M_TASKPOLICY_IOSETTLEDCALL_042AE5B9,10,1,Load/3/LongIndirect,24,23,1
M_TASKPOLICY_IOSETTLEDCALL_042AE5B9,10,7,Store/3/LongIndirect,23,22,1
M_TASKPOLICY_IOSETTLEDCALL_042AE5B9,10,9,Store/3/LongIndirect,23,22,1
M_TASKPOLICY_SIOBOUND_346E47DB,0,1,Load/3/LongIndirect,24,23,1
M_TASKPOLICY_SIOBOUND_346E47DB,2,3,Load/3/LongIndirect,24,23,1
M_TASKPOLICY_SIOBOUND_346E47DB,7,1,Load/3/LongIndirect,24,23,1
M_TASKPOLICY_SIOOPEN_38E97F75,0,3,Load/3/LongIndirect,24,23,1
M_TASKPOLICY_SIOOPEN_38E97F75,5,1,Load/4/LongIndirect,22,21,1
M_TASKPOLICY_SIOOPEN_38E97F75,7,1,Load/4/LongIndirect,22,21,1
M_TASKPOLICY_SIOOPEN_38E97F75,8,1,Load/4/LongIndirect,22,21,1
M_TASKPOLICY_SIOOPEN_38E97F75,13,1,Load/4/LongIndirect,22,21,1
M_TASKPOLICY_SIOOPEN_38E97F75,13,18,Load/4/LongIndirect,22,21,1
M_TASKPOLICY_SIOOPEN_38E97F75,13,24,Store/3/LongIndirect,24,23,1
M_TASKPOLICY_SIOOPEN_38E97F75,13,28,Store/3/LongIndirect,26,25,1
M_TASKPOLICY_SIOCLOSE_4815C4E5,0,1,Load/3/LongIndirect,24,23,1
M_TASKPOLICY_SIOABORT_410D8B25,0,2,Load/3/LongIndirect,24,23,1
M_TASKPOLICY_SIOPREPAREWORKER_A27B8738,3,4,Store/3/LongIndirect,26,25,1
M_TASKPOLICY_SIOPREPAREWORKER_A27B8738,3,11,Store/3/LongIndirect,26,25,1
M_TASKPOLICY_SIOPREPAREWORKER_A27B8738,3,17,Store/3/LongIndirect,26,25,1
M_TASKPOLICY_SIOPREPAREWORKER_A27B8738,3,22,Store/3/LongIndirect,26,25,1
M_TASKPOLICY_SIOPREPAREBUS_A2AD2C52,0,7,Store/3/LongIndirect,24,23,1
M_TASKPOLICY_SIOPREPAREBUS_A2AD2C52,0,9,Store/3/LongIndirect,23,22,1
M_TASKPOLICY_SIOPREPAREBUS_A2AD2C52,0,25,Store/3/LongIndirect,24,23,1
M_TASKPOLICY_SIOTAKE_23947030,2,1,Load/3/LongIndirect,24,23,1
M_TASKPOLICY_SIOTAKE_23947030,4,4,Store/3/LongIndirect,24,23,1
M_TASKPOLICY_SIOTAKE_23947030,4,11,Load/3/LongIndirect,26,25,1
M_TASKPOLICY_SIOTAKE_23947030,6,2,Load/3/LongIndirect,24,23,1
M_TASKPOLICY_SIOFINISH_B1C2A78C,0,1,Load/3/LongIndirect,24,23,1
M_TASKPOLICY_SIOFINISH_B1C2A78C,3,7,Store/4/LongIndirect,24,23,1
M_TASKPOLICY_SIOFINISH_B1C2A78C,5,1,Store/3/LongIndirect,23,22,1
M_TASKPOLICY_SIOFINISH_B1C2A78C,6,3,Store/4/LongIndirect,21,20,1
M_TASKPOLICY_SIOSTOP_31FA5BA1,2,1,Load/3/LongIndirect,24,23,1
M_TASKPOLICY_SIOSTOP_31FA5BA1,6,5,Load/3/LongIndirect,26,25,1
M_TASKPOLICY_SIOWORKERCONTROL_ABEF18A6,0,1,Load/3/LongIndirect,24,23,1
M_TASKPOLICY_SIOWORKERCONTROL_ABEF18A6,10,1,Load/3/LongIndirect,24,23,1
M_TASKPOLICY_SIOTRYCANCEL_F1BE205A,2,1,Load/3/LongIndirect,24,23,1
M_TASKPOLICY_SIOTRYCANCEL_F1BE205A,5,2,Load/3/LongIndirect,24,23,1
M_TASKPOLICY_SIOCONTROL_0EC256A4,1,3,Load/3/LongIndirect,24,23,1
M_TASKPOLICY_SIOCONTROL_0EC256A4,5,2,Load/3/LongIndirect,24,23,1
M_TASKPOLICY_SIOWORKERBOUND_9EFBF9DD,0,2,Load/3/LongIndirect,24,23,1
M_TASKPOLICY_SIORESIDENTCOUNT_72BFE78E,0,2,Load/3/LongIndirect,24,23,1
M_TASKPOLICY_SIORESIDENTCOUNT_72BFE78E,2,1,Load/3/LongIndirect,24,23,1
M_TASKPOLICY_SIOREMOVED_B08060ED,0,2,Load/3/LongIndirect,24,23,1
M_TASKPOLICY_SIOREMOVED_B08060ED,1,1,Store/3/LongIndirect,23,22,1
M_TASKPOLICY_SIOREMOVED_B08060ED,3,1,Load/3/LongIndirect,24,23,1
M_TASKPOLICY_SIOREMOVED_B08060ED,6,1,Load/3/LongIndirect,24,23,1
M_TASKPOLICY_SIOREMOVED_B08060ED,7,3,Compare/1/false/Ne,13,12,1
M_TASKPOLICY_SIOREMOVED_B08060ED,9,3,Load/3/LongIndirect,26,25,1
M_TASKPOLICY_DOSRESET_224DFB33,0,6,Store/3/LongIndirect,24,23,1
M_TASKPOLICY_DOSRESET_224DFB33,0,8,Store/4/LongIndirect,21,20,1
M_TASKPOLICY_DOSRESET_224DFB33,0,12,Store/3/LongIndirect,23,22,1
M_TASKPOLICY_DOSCANREMOVE_DB41E74E,0,3,Load/3/LongIndirect,24,23,1
M_TASKPOLICY_DOSCANREMOVE_DB41E74E,2,8,Load/3/LongIndirect,26,25,1
M_TASKPOLICY_DOSCURRENT_4399DFDB,2,3,Load/3/LongIndirect,24,23,1
M_TASKPOLICY_DOSINIT_97B41A44,6,17,Store/3/LongIndirect,26,25,1
M_TASKPOLICY_DOSINIT_97B41A44,6,23,Store/3/LongIndirect,25,24,1
M_TASKPOLICY_DOSWORKERBOUND_DB9BCF66,0,2,Load/3/LongIndirect,24,23,1
M_TASKPOLICY_DOSRESIDENTCOUNT_ABEF6AC1,0,1,Load/3/LongIndirect,26,25,1
M_TASKPOLICY_DOSREMOVED_D36757B2,0,2,Load/3/LongIndirect,24,23,1
M_TASKPOLICY_DOSREMOVED_D36757B2,1,1,Store/3/LongIndirect,23,22,1
M_TASKPOLICY_DOSREMOVED_D36757B2,2,1,Load/3/LongIndirect,24,23,1
M_TASKPOLICY_DOSREMOVED_D36757B2,6,6,Load/3/LongIndirect,26,25,1
M_TASKPOLICY_DOSREMOVED_D36757B2,7,1,Load/3/LongIndirect,24,23,1
M_TASKPOLICY_DOSREMOVED_D36757B2,10,5,Load/3/LongIndirect,26,25,1
M_TASKPOLICY_DOSREMOVED_D36757B2,10,8,Load/4/LongIndirect,22,21,1
M_TASKPOLICY_DOSPREPARE_61B1CC0D,3,8,Store/3/LongIndirect,26,25,1
M_TASKPOLICY_DOSPREPARE_61B1CC0D,3,14,Store/3/LongIndirect,26,25,1
M_TASKPOLICY_DOSPREPARE_61B1CC0D,3,19,Store/3/LongIndirect,26,25,1
M_TASKPOLICY_DOSADMIT_DEA63DC3,0,2,Load/3/LongIndirect,24,23,1
M_TASKPOLICY_DOSADMIT_DEA63DC3,2,1,Load/3/LongIndirect,24,23,1
M_TASKPOLICY_DOSADMIT_DEA63DC3,3,1,Load/3/LongIndirect,24,23,1
M_TASKPOLICY_DOSADMIT_DEA63DC3,11,7,Store/3/LongIndirect,24,23,1
M_TASKPOLICY_DOSCONTROL_C7F82CE3,3,2,Load/3/LongIndirect,24,23,1
M_TASKPOLICY_DOSCONTROL_C7F82CE3,5,1,Load/3/LongIndirect,24,23,1
M_TASKPOLICY_DOSCONTROL_C7F82CE3,5,9,Load/4/LongIndirect,22,21,1
M_TASKPOLICY_CONSOLEPRODUCERBOUND_02AD29D1,0,5,Load/3/LongIndirect,26,25,1
M_TASKPOLICY_CONSOLEFORGETBINDING_5044609F,0,4,Store/3/LongIndirect,23,22,1
M_TASKPOLICY_CONSOLEFORGETBINDING_5044609F,0,6,Store/4/LongIndirect,21,20,1
M_TASKPOLICY_CONSOLEUNBIND_D1E0D209,1,1,Load/3/LongIndirect,24,23,1
M_TASKPOLICY_CONSOLEUNBIND_D1E0D209,5,3,Load/4/LongIndirect,24,23,1
M_TASKPOLICY_CONSOLEBINDCONTROL_DC86D25B,11,1,Load/4/LongIndirect,22,21,1
M_TASKPOLICY_CONSOLEBINDCONTROL_DC86D25B,12,1,Load/4/LongIndirect,22,21,1
M_TASKPOLICY_CONSOLEBINDCONTROL_DC86D25B,12,4,Load/4/LongIndirect,24,23,1
M_TASKPOLICY_CONSOLEBINDCONTROL_DC86D25B,12,7,Load/4/LongIndirect,22,21,1
M_TASKPOLICY_CONSOLEBINDCONTROL_DC86D25B,14,6,Store/3/LongIndirect,24,23,1
M_TASKPOLICY_CONSOLEBINDCONTROL_DC86D25B,14,9,Load/4/LongIndirect,22,21,1
M_TASKPOLICY_CONSOLEBINDCONTROL_DC86D25B,14,10,Store/4/LongIndirect,22,21,1
M_TASKPOLICY_CONSOLEDEVICE_34497CA3,0,1,Load/3/LongIndirect,24,23,1
M_TASKPOLICY_CONSOLEBOUND_8755F553,2,1,Load/3/LongIndirect,24,23,1
M_TASKPOLICY_CONSOLEBOUND_8755F553,4,1,Load/3/LongIndirect,24,23,1
M_TASKPOLICY_CONSOLEOPEN_4090447D,0,3,Load/4/LongIndirect,22,21,1
M_TASKPOLICY_CONSOLEOPEN_4090447D,0,7,Load/3/LongIndirect,24,23,1
M_TASKPOLICY_CONSOLEOPEN_4090447D,4,1,Load/4/LongIndirect,22,21,1
M_TASKPOLICY_CONSOLEOPEN_4090447D,5,1,Load/3/LongIndirect,24,23,1
M_TASKPOLICY_CONSOLEOPEN_4090447D,10,1,Load/4/LongIndirect,22,21,1
M_TASKPOLICY_CONSOLEOPEN_4090447D,10,21,Store/3/LongIndirect,24,23,1
M_TASKPOLICY_CONSOLEOPEN_4090447D,10,25,Store/3/LongIndirect,24,23,1
M_TASKPOLICY_CONSOLEIDLE_D6547573,0,1,Load/3/LongIndirect,24,23,1
M_TASKPOLICY_CONSOLEIDLE_D6547573,2,1,Load/3/LongIndirect,24,23,1
M_TASKPOLICY_CONSOLEIDLE_D6547573,3,1,Load/3/LongIndirect,24,23,1
M_TASKPOLICY_CONSOLEIDLE_D6547573,4,1,Load/3/LongIndirect,24,23,1
M_TASKPOLICY_CONSOLEIDLE_D6547573,4,3,Load/3/LongIndirect,24,23,1
M_TASKPOLICY_CONSOLEIDLE_D6547573,5,1,Load/3/LongIndirect,24,23,1
M_TASKPOLICY_CONSOLEIDLE_D6547573,9,1,Load/3/LongIndirect,24,23,1
M_TASKPOLICY_CONSOLECLOSE_04E65EB3,0,3,Load/3/LongIndirect,24,23,1
M_TASKPOLICY_CONSOLECLOSE_04E65EB3,2,18,Store/3/LongIndirect,23,22,1
M_TASKPOLICY_CONSOLECLOSE_04E65EB3,2,20,Store/3/LongIndirect,23,22,1
M_TASKPOLICY_CONSOLEIMMEDIATE_DAE617FC,2,1,Store/4/LongIndirect,21,20,1
M_TASKPOLICY_CONSOLEIMMEDIATE_DAE617FC,4,1,Load/4/LongIndirect,22,21,1
M_TASKPOLICY_CONSOLEIMMEDIATE_DAE617FC,12,1,Load/4/LongIndirect,22,21,1
M_TASKPOLICY_CONSOLEIMMEDIATE_DAE617FC,13,1,Load/4/LongIndirect,22,21,1
M_TASKPOLICY_CONSOLEIMMEDIATE_DAE617FC,15,1,Load/3/LongIndirect,24,23,1
M_TASKPOLICY_CONSOLEIMMEDIATE_DAE617FC,18,1,Load/4/LongIndirect,22,21,1
M_TASKPOLICY_CONSOLEIMMEDIATE_DAE617FC,18,3,Load/3/LongIndirect,24,23,1
M_TASKPOLICY_CONSOLEENQUEUE_BE188809,0,3,Load/3/LongIndirect,24,23,1
M_TASKPOLICY_CONSOLEENQUEUE_BE188809,6,1,Load/4/LongIndirect,22,21,1
M_TASKPOLICY_CONSOLEENQUEUE_BE188809,9,1,Load/3/LongIndirect,24,23,1
M_TASKPOLICY_CONSOLEENQUEUE_BE188809,12,3,Store/3/LongIndirect,24,23,1
M_TASKPOLICY_CONSOLEWAKE_FE0543B3,0,1,Load/3/LongIndirect,24,23,1
M_TASKPOLICY_CONSOLEABORT_CCCE9F0D,0,3,Load/3/LongIndirect,24,23,1
M_TASKPOLICY_CONSOLEABORT_CCCE9F0D,0,6,Load/3/LongIndirect,24,23,1
M_TASKPOLICY_CONSOLEABORT_CCCE9F0D,2,1,Load/3/LongIndirect,24,23,1
M_TASKPOLICY_CONSOLEABORT_CCCE9F0D,4,1,Load/3/LongIndirect,24,23,1
M_TASKPOLICY_CONSOLEABORT_CCCE9F0D,8,1,Store/3/LongIndirect,23,22,1
M_TASKPOLICY_CONSOLEPREPARE_8098E872,3,4,Store/3/LongIndirect,26,25,1
M_TASKPOLICY_CONSOLEPREPARE_8098E872,3,11,Store/3/LongIndirect,26,25,1
M_TASKPOLICY_CONSOLEPREPARE_8098E872,3,17,Store/3/LongIndirect,26,25,1
M_TASKPOLICY_CONSOLEPREPARE_8098E872,3,22,Store/3/LongIndirect,26,25,1
M_TASKPOLICY_CONSOLEADMIT_A01C3E0C,12,7,Store/3/LongIndirect,24,23,1
M_TASKPOLICY_CONSOLEADMIT_A01C3E0C,12,17,Store/3/LongIndirect,24,23,1
M_TASKPOLICY_CONSOLEADMIT_A01C3E0C,12,21,Store/3/LongIndirect,24,23,1
M_TASKPOLICY_CONSOLEADMIT_A01C3E0C,12,34,Store/3/LongIndirect,24,23,1
M_TASKPOLICY_CONSOLETAKEARRIVAL_2A1E971F,0,1,Load/3/LongIndirect,24,23,1
M_TASKPOLICY_CONSOLETAKEARRIVAL_2A1E971F,4,1,Load/3/LongIndirect,24,23,1
M_TASKPOLICY_CONSOLETAKEARRIVAL_2A1E971F,8,3,Store/3/LongIndirect,24,23,1
M_TASKPOLICY_CONSOLETAKEWRITE_96FEA12D,0,1,Load/3/LongIndirect,24,23,1
M_TASKPOLICY_CONSOLETAKEWRITE_96FEA12D,2,5,Store/3/LongIndirect,24,23,1
M_TASKPOLICY_CONSOLETAKEWRITE_96FEA12D,2,10,Load/3/LongIndirect,24,23,1
M_TASKPOLICY_CONSOLEFINISH_F43924B4,2,3,Load/3/LongIndirect,24,23,1
M_TASKPOLICY_CONSOLEFINISH_F43924B4,6,2,Load/3/LongIndirect,24,23,1
M_TASKPOLICY_CONSOLEFINISH_F43924B4,11,1,Store/3/LongIndirect,23,22,1
M_TASKPOLICY_CONSOLEFINISH_F43924B4,16,2,Load/3/LongIndirect,24,23,1
M_TASKPOLICY_CONSOLEFINISH_F43924B4,19,1,Store/3/LongIndirect,23,22,1
M_TASKPOLICY_CONSOLEFINISH_F43924B4,21,2,Load/3/LongIndirect,24,23,1
M_TASKPOLICY_CONSOLEFINISH_F43924B4,24,1,Store/3/LongIndirect,23,22,1
M_TASKPOLICY_CONSOLERUNNABLE_8934D92E,2,1,Load/3/LongIndirect,24,23,1
M_TASKPOLICY_CONSOLERUNNABLE_8934D92E,10,1,Load/3/LongIndirect,24,23,1
M_TASKPOLICY_CONSOLESTOP_DAEB4759,2,1,Load/3/LongIndirect,24,23,1
M_TASKPOLICY_CONSOLEWORKERCONTROL_3CA89D3E,0,7,Load/3/LongIndirect,26,25,1
M_TASKPOLICY_CONSOLEWORKERCONTROL_3CA89D3E,7,1,Load/3/LongIndirect,24,23,1
M_TASKPOLICY_CONSOLEWORKERCONTROL_3CA89D3E,10,2,Load/3/LongIndirect,24,23,1
M_TASKPOLICY_CONSOLEWORKERCONTROL_3CA89D3E,11,4,Load/3/LongIndirect,24,23,1
M_TASKPOLICY_CONSOLEWORKERCONTROL_3CA89D3E,19,2,Load/3/LongIndirect,24,23,1
M_TASKPOLICY_CONSOLECHECKEXTENT_830BDAF3,0,2,Load/3/LongIndirect,24,23,1
M_TASKPOLICY_CONSOLECHECKEXTENT_830BDAF3,0,5,Load/4/LongIndirect,22,21,1
M_TASKPOLICY_CONSOLECONTROL_F218511C,3,2,Load/3/LongIndirect,24,23,1
M_TASKPOLICY_CONSOLEWORKERBOUND_96318375,0,2,Load/3/LongIndirect,24,23,1
M_TASKPOLICY_CONSOLERESIDENTCOUNT_6078C646,0,1,Load/3/LongIndirect,24,23,1
M_TASKPOLICY_CONSOLECANREMOVE_6BA935F9,0,5,Load/3/LongIndirect,24,23,1
M_TASKPOLICY_CONSOLECANREMOVE_6BA935F9,5,1,Load/3/LongIndirect,24,23,1
M_TASKPOLICY_CONSOLECANREMOVE_6BA935F9,10,1,Load/3/LongIndirect,24,23,1
M_TASKPOLICY_CONSOLECANREMOVE_6BA935F9,11,5,Load/3/LongIndirect,24,23,1
M_TASKPOLICY_CONSOLECANREMOVE_6BA935F9,13,1,Load/3/LongIndirect,24,23,1
M_TASKPOLICY_CONSOLEREMOVED_E0E10625,0,4,Load/3/LongIndirect,24,23,1
M_TASKPOLICY_CONSOLEREMOVED_E0E10625,1,1,Store/3/LongIndirect,23,22,1
M_TASKPOLICY_CONSOLEREMOVED_E0E10625,2,1,Load/3/LongIndirect,24,23,1
M_TASKPOLICY_CONSOLEREMOVED_E0E10625,8,5,Load/3/LongIndirect,26,25,1
M_TASKPOLICY_DISPATCH_2D7B283C,3,3,Store/3/LongIndirect,26,25,1
M_CONSOLEWINDOWS_RESERVE_27D75673,6,11,Store/3/LongIndirect,24,23,1
M_CONSOLEWINDOWS_RETIRED_09D5DC06,0,1,Store/3/LongIndirect,23,22,1
M_CONSOLEWINDOWS_RETIRED_09D5DC06,0,2,Store/3/LongIndirect,25,24,1
M_CONSOLEWINDOWS_RETIRED_09D5DC06,0,3,Store/3/LongIndirect,25,24,1
M_CONSOLEWINDOWS_RETIRED_09D5DC06,0,4,Store/4/LongIndirect,23,22,1
M_CONSOLEWINDOWS_RETIRED_09D5DC06,0,5,Store/4/LongIndirect,21,20,1
M_CONSOLEWINDOWS_RETIRED_09D5DC06,0,6,Store/3/LongIndirect,23,22,1
M_CONSOLEWINDOWS_RUNNABLE_B9919222,0,1,Load/3/LongIndirect,24,23,1
M_CONSOLEWINDOWS_RUNNABLE_B9919222,0,5,Load/3/LongIndirect,24,23,1
M_CONSOLEWINDOWS_RUNNABLE_B9919222,0,9,Load/3/LongIndirect,24,23,1
M_CONSOLEFOREGROUND_RECLAIM_59B58C70,6,3,Load/4/LongIndirect,22,21,1
M_CONSOLEFOREGROUND_ALLOCATE_F1C749CC,9,13,Store/3/LongIndirect,24,23,1
M_CONSOLEFOREGROUND_ALLOCATE_F1C749CC,9,16,Store/4/LongIndirect,22,21,1
M_CONSOLEFOREGROUND_REGISTER_0F2DE106,2,2,Store/4/LongIndirect,22,21,1
M_CONSOLEFOREGROUND_REGISTER_0F2DE106,2,5,Store/4/LongIndirect,22,21,1
M_CONSOLEFOREGROUND_UNREGISTER_54DD2BA5,2,1,Store/4/LongIndirect,21,20,1
M_CONSOLEFOREGROUND_UNREGISTER_54DD2BA5,2,3,Store/4/LongIndirect,21,20,1
M_CONSOLEFOREGROUND_RETIREUNBOUNDBREAKS_24224B11,2,1,Load/3/LongIndirect,24,23,1
M_CONSOLEFOREGROUND_RETIREUNBOUNDBREAKS_24224B11,4,1,Load/3/LongIndirect,24,23,1
M_CONSOLEFOREGROUND_BEGIN_4DD9FFD0,0,1,Load/4/LongIndirect,22,21,1
M_CONSOLEFOREGROUND_BEGIN_4DD9FFD0,2,1,Load/3/LongIndirect,24,23,1
M_CONSOLEFOREGROUND_BEGIN_4DD9FFD0,3,1,Load/3/LongIndirect,24,23,1
M_CONSOLEFOREGROUND_BEGIN_4DD9FFD0,4,1,Load/4/LongIndirect,22,21,1
M_CONSOLEFOREGROUND_BEGIN_4DD9FFD0,7,1,Load/3/LongIndirect,24,23,1
M_CONSOLEFOREGROUND_BEGIN_4DD9FFD0,8,1,Load/3/LongIndirect,24,23,1
M_CONSOLEFOREGROUND_BEGIN_4DD9FFD0,9,2,Store/4/LongIndirect,22,21,1
M_CONSOLEFOREGROUND_BEGIN_4DD9FFD0,9,8,Load/4/LongIndirect,24,23,1
M_CONSOLEFOREGROUND_BEGIN_4DD9FFD0,9,13,Store/3/LongIndirect,24,23,1
M_CONSOLEFOREGROUND_BEGIN_4DD9FFD0,9,16,Store/4/LongIndirect,22,21,1
M_CONSOLEFOREGROUND_BEGIN_4DD9FFD0,9,20,Load/4/LongIndirect,24,23,1
M_CONSOLEFOREGROUND_END_65D34F46,0,4,Load/4/LongIndirect,22,21,1
M_CONSOLEFOREGROUND_END_65D34F46,1,1,Load/3/LongIndirect,24,23,1
M_CONSOLEFOREGROUND_END_65D34F46,3,1,Store/3/LongIndirect,23,22,1
M_CONSOLEFOREGROUND_END_65D34F46,3,3,Load/4/LongIndirect,22,21,1
M_CONSOLEFOREGROUND_END_65D34F46,3,4,Store/4/LongIndirect,22,21,1
M_CONSOLEFOREGROUND_END_65D34F46,3,8,Load/4/LongIndirect,24,23,1
M_CONSOLEFOREGROUND_END_65D34F46,5,1,Load/4/LongIndirect,22,21,1
M_CONSOLEFOREGROUND_END_65D34F46,9,1,Load/4/LongIndirect,22,21,1
M_CONSOLEFOREGROUND_RESOLVE_9B8D664B,4,1,Load/4/LongIndirect,22,21,1
M_CONSOLEFOREGROUND_DELIVER_8D52BBDC,3,1,Load/3/LongIndirect,24,23,1
M_CONSOLEFOREGROUND_DELIVER_8D52BBDC,4,1,Load/3/LongIndirect,24,23,1
M_CONSOLEFOREGROUND_DELIVER_8D52BBDC,6,1,Load/3/LongIndirect,24,23,1
M_CONSOLEFOREGROUND_DELIVER_8D52BBDC,9,1,Load/4/LongIndirect,22,21,1
M_CONSOLEFOREGROUND_DELIVER_8D52BBDC,11,6,Load/4/LongIndirect,22,21,1
M_CONSOLEINPUT_INIT_5076ECFA,0,2,Store/3/LongIndirect,24,23,1
M_CONSOLEINPUT_DELIVER_8B43A137,7,1,Load/3/LongIndirect,24,23,1
M_CONSOLEINPUT_PUMP_600356CC,6,0,Load/4/LongIndirect,22,21,1
M_CONSOLEINPUT_PUMP_600356CC,8,0,Load/3/LongIndirect,24,23,1
M_CONSOLEINPUT_PUMP_600356CC,11,0,Load/4/LongIndirect,22,21,1
M_CONSOLEINPUT_PUMP_600356CC,14,0,Load/4/LongIndirect,22,21,1
M_CONSOLEINPUT_PUMP_600356CC,16,0,Load/3/LongIndirect,24,23,1
M_CONSOLEINPUT_READ_9E7D5EC6,10,2,Load/3/LongIndirect,24,23,1
M_CONSOLEDISPLAY_CLAIM_0FF5CDD8,6,10,Store/3/LongIndirect,24,23,1
M_CONSOLEDISPLAY_CLAIM_0FF5CDD8,6,13,Store/3/LongIndirect,24,23,1
M_CONSOLEDISPLAY_RELEASE_C2AC22C5,2,3,Load/3/LongIndirect,26,25,1
M_CONSOLEDISPLAY_RELEASE_C2AC22C5,2,5,Load/3/LongIndirect,26,25,1
M_CONSOLEDISPLAY_CURSOR_3EC7579C,6,26,Load/3/LongIndirect,26,25,1
M_CONSOLEDISPLAY_CELLS_58FB51DD,2,11,Load/3/LongIndirect,24,23,1
M_CONSOLEDISPLAY_REMOVECURSOR_56933EEC,1,1,Load/3/LongIndirect,24,23,1
M_CONSOLEDISPLAY_ERASE_7308FAA4,8,1,Load/3/LongIndirect,24,23,1
M_CONSOLEDRIVER_VALIDATE_72D30322,0,1,Load/4/LongIndirect,22,21,1
M_CONSOLEDRIVER_VALIDATE_72D30322,3,1,Load/4/LongIndirect,22,21,1
M_CONSOLEDRIVER_VALIDATE_72D30322,4,1,Load/4/LongIndirect,22,21,1
M_CONSOLEDRIVER_VALIDATE_72D30322,6,1,Load/3/LongIndirect,24,23,1
M_CONSOLEDRIVER_VALIDATE_72D30322,9,1,Load/4/LongIndirect,22,21,1
M_CONSOLEDRIVER_VALIDATE_72D30322,9,3,Load/3/LongIndirect,24,23,1
M_CONSOLEDRIVER_VALIDATE_72D30322,10,1,Load/3/LongIndirect,24,23,1
M_CONSOLEDRIVER_VALIDATE_72D30322,12,1,Load/3/LongIndirect,24,23,1
M_CONSOLEDRIVER_VALIDATE_72D30322,12,3,Load/4/LongIndirect,24,23,1
M_CONSOLEDRIVER_WRITEQUANTUM_AEE13626,0,1,Load/3/LongIndirect,24,23,1
M_CONSOLEDRIVER_WRITEQUANTUM_AEE13626,12,1,Load/4/LongIndirect,22,21,1
M_CONSOLEDRIVER_WRITEQUANTUM_AEE13626,12,3,Load/4/LongIndirect,22,21,1
M_CONSOLEDRIVER_WRITEQUANTUM_AEE13626,15,1,Load/4/LongIndirect,22,21,1
M_CONSOLEDRIVER_WRITEQUANTUM_AEE13626,15,3,Load/4/LongIndirect,22,21,1
M_CONSOLEDRIVER_WRITEQUANTUM_AEE13626,16,1,Load/4/LongIndirect,22,21,1
M_CONSOLEDRIVER_WRITEQUANTUM_AEE13626,16,3,Load/4/LongIndirect,22,21,1
M_CONSOLEDRIVER_WRITEQUANTUM_AEE13626,18,2,Load/3/LongIndirect,24,23,1
M_CONSOLEDRIVER_WRITEQUANTUM_AEE13626,18,5,Load/4/LongIndirect,22,21,1
M_CONSOLEDRIVER_WRITEQUANTUM_AEE13626,18,15,Load/4/LongIndirect,24,23,1
M_CONSOLEDRIVER_WRITEQUANTUM_AEE13626,18,17,Store/4/LongIndirect,22,21,1
M_CONSOLEDRIVER_WRITEQUANTUM_AEE13626,18,19,Load/4/LongIndirect,22,21,1
M_CONSOLEDRIVER_WRITEQUANTUM_AEE13626,18,21,Load/4/LongIndirect,22,21,1
M_CONSOLEDRIVER_READQUANTUM_10EBF725,0,1,Load/3/LongIndirect,24,23,1
M_CONSOLEDRIVER_READQUANTUM_10EBF725,11,2,Load/4/LongIndirect,22,21,1
M_CONSOLEDRIVER_READQUANTUM_10EBF725,13,1,Load/4/LongIndirect,22,21,1
M_CONSOLEDRIVER_READQUANTUM_10EBF725,14,2,Load/3/LongIndirect,24,23,1
M_CONSOLEDRIVER_READQUANTUM_10EBF725,16,3,Store/4/LongIndirect,24,23,1
M_CONSOLEDRIVER_ARRIVAL_EC6B7DA9,5,1,Load/3/LongIndirect,24,23,1
M_CONSOLEDRIVER_INITIALIZE_D6CB2592,0,7,Store/3/LongIndirect,23,22,1
M_CONSOLEDRIVER_INITIALIZE_D6CB2592,0,11,Store/3/LongIndirect,24,23,1
M_CONSOLEDRIVER_INITIALIZE_D6CB2592,0,14,Store/3/LongIndirect,26,25,1
M_CONSOLEDRIVER_INITIALIZE_D6CB2592,0,26,Store/3/LongIndirect,24,23,1
M_CONSOLEDRIVER_INITIALIZE_D6CB2592,8,8,Store/3/LongIndirect,24,23,1
M_CONSOLEDRIVER_INITIALIZE_D6CB2592,8,11,Store/3/LongIndirect,24,23,1
M_CONSOLEDRIVER_INITIALIZE_D6CB2592,8,13,Load/3/LongIndirect,26,25,1
M_CONSOLEDRIVER_INITIALIZE_D6CB2592,10,3,Load/3/LongIndirect,24,23,1
M_CONSOLEDRIVER_INITIALIZE_D6CB2592,13,7,Load/4/LongIndirect,24,23,1
M_CONSOLEDRIVER_FREESTORAGE_02676B4B,0,17,Load/3/LongIndirect,24,23,1
M_CONSOLEDRIVER_FREESTORAGE_02676B4B,1,1,Load/3/LongIndirect,24,23,1
M_CONSOLEDRIVER_FREESTORAGE_02676B4B,1,4,Store/3/LongIndirect,23,22,1
M_CONSOLEDRIVER_FREESTORAGE_02676B4B,1,6,Store/3/LongIndirect,23,22,1
M_CONSOLEDRIVER_FREESTORAGE_02676B4B,4,1,Load/3/LongIndirect,24,23,1
M_CONSOLEDRIVER_FREESTORAGE_02676B4B,5,1,Load/3/LongIndirect,24,23,1
M_CONSOLEDRIVER_FREESTORAGE_02676B4B,5,4,Store/3/LongIndirect,23,22,1
M_CONSOLEDRIVER_WORKER_589B3ABC,8,0,Load/3/LongIndirect,24,23,1
M_CONSOLEDRIVER_WORKER_589B3ABC,8,4,Load/3/LongIndirect,24,23,1
M_CONSOLEDRIVER_WORKER_589B3ABC,8,7,Load/3/LongIndirect,24,23,1
M_PORTCORE_CREATEMSGPORT_A47550A3,4,3,Store/3/LongIndirect,23,22,1
M_PORTCORE_CREATEMSGPORT_A47550A3,4,13,Store/3/LongIndirect,24,23,1
M_SIODRIVER_PAYLOADLENGTH_9F5C9B06,0,1,Load/4/LongIndirect,22,21,1
M_SIODRIVER_PAYLOADLENGTH_9F5C9B06,2,1,Load/4/LongIndirect,22,21,1
M_SIODRIVER_PAYLOADLENGTH_9F5C9B06,4,1,Load/4/LongIndirect,22,21,1
M_SIODRIVER_SIOVALIDATE_7D355271,2,3,Store/4/LongIndirect,21,20,1
M_SIODRIVER_SIOVALIDATE_7D355271,11,1,Load/4/LongIndirect,22,21,1
M_SIODRIVER_SIOVALIDATE_7D355271,13,1,Load/4/LongIndirect,22,21,1
M_SIODRIVER_SIOVALIDATE_7D355271,14,1,Load/4/LongIndirect,22,21,1
M_SIODRIVER_SIOVALIDATE_7D355271,17,1,Load/4/LongIndirect,22,21,1
M_SIODRIVER_SIOVALIDATE_7D355271,19,1,Load/4/LongIndirect,22,21,1
M_SIODRIVER_SIOVALIDATE_7D355271,24,1,Load/4/LongIndirect,22,21,1
M_SIODRIVER_SIOVALIDATE_7D355271,29,1,Load/3/LongIndirect,24,23,1
M_SIODRIVER_SIOVALIDATE_7D355271,29,3,Load/4/LongIndirect,24,23,1
M_SIODRIVER_PREPARE_D10BF723,0,6,Load/4/LongIndirect,22,21,1
M_SIODRIVER_PREPARE_D10BF723,0,11,Load/3/LongIndirect,24,23,1
M_SIODRIVER_PREPARE_D10BF723,0,12,Store/3/LongIndirect,26,25,1
M_SIODRIVER_PREPARE_D10BF723,4,2,Load/4/LongIndirect,22,21,1
M_SIODRIVER_PREPARE_D10BF723,4,8,Load/3/LongIndirect,24,23,1
M_SIODRIVER_RUNREQUEST_4500BA50,1,3,Store/4/LongIndirect,21,20,1
M_SIODRIVER_RUNREQUEST_4500BA50,8,0,Store/3/LongIndirect,31,30,1
M_SIODRIVER_RUNREQUEST_4500BA50,8,1,Store/3/LongIndirect,29,28,1
M_SIODRIVER_RUNREQUEST_4500BA50,8,5,Store/4/LongIndirect,21,20,1
M_IOCORE_CREATEIOREQUEST_DE10015D,6,2,Store/3/LongIndirect,24,23,1
M_FSOPERATION_PREPARE_EA34E162,2,1,Load/3/LongIndirect,24,23,1
M_FSOPERATION_PREPARE_EA34E162,3,3,Load/3/LongIndirect,26,25,1
M_FSOPERATION_PREPARE_EA34E162,9,1,Load/4/LongIndirect,22,21,1
M_FSOPERATION_PREPARE_EA34E162,11,1,Load/4/LongIndirect,22,21,1
M_FSOPERATION_PREPARE_EA34E162,11,3,Store/4/LongIndirect,22,21,1
M_FSOPERATION_PREPARE_EA34E162,11,5,Load/4/LongIndirect,22,21,1
M_FSOPERATION_PREPARE_EA34E162,11,6,Store/4/LongIndirect,22,21,1
M_FSOPERATION_PREPARE_EA34E162,11,10,Store/3/LongIndirect,24,23,1
M_FSOPERATION_PREPARE_EA34E162,11,14,Store/3/LongIndirect,24,23,1
M_FSOPERATION_PREPARE_EA34E162,11,18,Store/3/LongIndirect,24,23,1
M_FSOPERATION_PREPARE_EA34E162,11,26,Store/3/LongIndirect,23,22,1
M_FSOPERATION_AUTHORITY_2081E9D0,2,1,Load/4/LongIndirect,22,21,1
M_FSOPERATION_AUTHORITY_2081E9D0,3,1,Load/4/LongIndirect,22,21,1
M_FSOPERATION_AUTHORITY_2081E9D0,3,3,Load/4/LongIndirect,22,21,1
M_FSOPERATION_AUTHORITY_2081E9D0,4,1,Load/3/LongIndirect,24,23,1
M_FSOPERATION_AUTHORITY_2081E9D0,6,3,Load/3/LongIndirect,26,25,1
M_FSOPERATION_AUTHORITY_2081E9D0,8,1,Load/3/LongIndirect,24,23,1
M_FSOPERATION_AUTHORITY_2081E9D0,9,1,Load/3/LongIndirect,24,23,1
M_FSOPERATION_AUTHORITY_2081E9D0,9,4,Load/3/LongIndirect,24,23,1
M_FSOPERATION_AUTHORITY_2081E9D0,11,1,Load/3/LongIndirect,24,23,1
M_FSOPERATION_AUTHORITY_2081E9D0,11,4,Load/4/LongIndirect,22,21,1
M_FSOPERATION_AUTHORITY_2081E9D0,11,10,Load/3/LongIndirect,26,25,1
M_FSOPERATION_AUTHORITY_2081E9D0,11,16,Load/3/LongIndirect,26,25,1
M_FSOPERATION_AUTHORITY_2081E9D0,11,18,Load/3/LongIndirect,26,25,1
M_FSOPERATION_CLAIM_4C8DDFC1,2,1,Load/3/LongIndirect,24,23,1
M_FSOPERATION_REQUEST_3F73D6DE,9,2,Load/3/LongIndirect,24,23,1
M_FSOPERATION_REQUEST_3F73D6DE,9,3,Store/3/LongIndirect,26,25,1
M_FSOPERATION_REQUEST_3F73D6DE,9,7,Store/3/LongIndirect,24,23,1
M_FSOPERATION_UNLINK_B5280A26,0,1,Load/3/LongIndirect,24,23,1
M_FSOPERATION_UNLINK_B5280A26,7,1,Load/3/LongIndirect,24,23,1
M_FSOPERATION_UNLINK_B5280A26,8,1,Load/3/LongIndirect,24,23,1
M_FSOPERATION_UNLINK_B5280A26,8,2,Store/3/LongIndirect,26,25,1
M_FSOPERATION_UNLINK_B5280A26,9,1,Load/3/LongIndirect,24,23,1
M_FSOPERATION_UNLINK_B5280A26,9,2,Store/3/LongIndirect,26,25,1
M_FSOPERATION_UNLINK_B5280A26,10,0,Store/3/LongIndirect,23,22,1
M_FSOPERATION_REPLYREADY_532E4DE6,2,1,Load/3/LongIndirect,24,23,1
M_FSOPERATION_COLLECT_397028AF,3,3,Store/3/LongIndirect,23,22,1
M_FSOPERATION_COLLECT_397028AF,3,5,Store/3/LongIndirect,23,22,1
M_FSOPERATION_COLLECT_397028AF,3,7,Store/3/LongIndirect,23,22,1
M_FSOPERATION_COLLECT_397028AF,3,11,Store/4/LongIndirect,21,20,1
M_FSOPERATION_PUMP_B18C8A95,1,1,Load/3/LongIndirect,24,23,1
M_FSOPERATION_PUMP_B18C8A95,7,0,Load/3/LongIndirect,24,23,1
M_FSOPERATION_PUMP_B18C8A95,7,1,Store/3/LongIndirect,26,25,1
M_FSOPERATION_PUMP_B18C8A95,7,2,Store/3/LongIndirect,25,24,1
M_FSOPERATION_PUMP_B18C8A95,8,0,Load/3/LongIndirect,24,23,1
M_FSOPERATION_PUMP_B18C8A95,8,4,Store/4/LongIndirect,21,20,1
M_FSOPERATION_PUMP_B18C8A95,8,5,Store/4/LongIndirect,24,23,1
M_FSOPERATION_PUMP_B18C8A95,8,6,Load/4/LongIndirect,22,21,1
M_FSOPERATION_PUMP_B18C8A95,10,0,Store/4/LongIndirect,21,20,1
M_FSOPERATION_PUMP_B18C8A95,11,0,Load/4/LongIndirect,22,21,1
M_DOSCLIENT_IOERR_BF9E8A97,0,1,Load/4/LongIndirect,22,21,1
M_DOSCLIENT_SETERROR_F2B11A26,0,2,Store/4/LongIndirect,22,21,1
M_DOSCLIENT_NEWCLIENT_41735729,1,1,Store/4/LongIndirect,24,23,1
M_DOSCLIENT_NEWCLIENT_41735729,2,2,Load/3/LongIndirect,24,23,1
M_DOSCLIENT_NEWCLIENT_41735729,2,6,Store/3/LongIndirect,24,23,1
M_DOSCLIENT_NEWCLIENT_41735729,2,8,Load/3/LongIndirect,26,25,1
M_DOSCLIENT_NEWCLIENT_41735729,3,4,Store/4/LongIndirect,24,23,1
M_DOSCLIENT_NEWCLIENT_41735729,4,3,Store/3/LongIndirect,26,25,1
M_DOSCLIENT_NEWCLIENT_41735729,4,5,Load/3/LongIndirect,24,23,1
M_DOSCLIENT_NEWCLIENT_41735729,4,6,Store/3/LongIndirect,26,25,1
M_DOSCLIENT_NEWCLIENT_41735729,4,11,Store/3/LongIndirect,26,25,1
M_DOSCLIENT_NEWCLIENT_41735729,4,13,Load/3/LongIndirect,24,23,1
M_DOSCLIENT_NEWCLIENT_41735729,4,14,Store/3/LongIndirect,26,25,1
M_DOSCLIENT_ENSURE_1859B044,1,1,Store/4/LongIndirect,24,23,1
M_DOSCLIENT_ENSURE_1859B044,3,3,Load/3/LongIndirect,26,25,1
M_DOSCLIENT_ENSURE_1859B044,7,1,Store/4/LongIndirect,24,23,1
M_DOSCLIENT_CLEARSELECTIONS_93A1D5D6,0,1,Load/3/LongIndirect,24,23,1
M_DOSCLIENT_CLEARSELECTIONS_93A1D5D6,1,1,Store/3/LongIndirect,23,22,1
M_DOSCLIENT_CLEARSELECTIONS_93A1D5D6,2,1,Load/3/LongIndirect,24,23,1
M_DOSCLIENT_CLEARSELECTIONS_93A1D5D6,3,1,Store/3/LongIndirect,23,22,1
M_DOSCLIENT_RELEASECONTEXT_90CB2A06,1,1,Store/4/LongIndirect,24,23,1
M_DOSCLIENT_RELEASECONTEXT_90CB2A06,4,3,Load/3/LongIndirect,26,25,1
M_DOSCLIENT_RELEASECONTEXT_90CB2A06,6,1,Load/3/LongIndirect,24,23,1
M_DOSCLIENT_RELEASECONTEXT_90CB2A06,7,1,Store/4/LongIndirect,24,23,1
M_DOSCLIENT_RELEASECONTEXT_90CB2A06,10,1,Load/3/LongIndirect,24,23,1
M_DOSCLIENT_RELEASECONTEXT_90CB2A06,11,1,Load/3/LongIndirect,24,23,1
M_DOSCLIENT_RELEASECONTEXT_90CB2A06,12,1,Load/3/LongIndirect,24,23,1
M_DOSCLIENT_RELEASECONTEXT_90CB2A06,13,1,Load/3/LongIndirect,24,23,1
M_DOSCLIENT_RELEASECONTEXT_90CB2A06,14,1,Load/3/LongIndirect,24,23,1
M_DOSCLIENT_RELEASECONTEXT_90CB2A06,15,1,Load/3/LongIndirect,24,23,1
M_DOSCLIENT_RELEASECONTEXT_90CB2A06,15,2,Load/3/LongIndirect,26,25,1
M_DOSCLIENT_RELEASECONTEXT_90CB2A06,16,3,Load/3/LongIndirect,26,25,1
M_DOSCLIENT_RELEASECONTEXT_90CB2A06,17,1,Store/4/LongIndirect,24,23,1
M_DOSCLIENT_RELEASECONTEXT_90CB2A06,18,1,Load/3/LongIndirect,24,23,1
M_DOSCLIENT_RELEASECONTEXT_90CB2A06,18,2,Load/3/LongIndirect,26,25,1
M_DOSCLIENT_RELEASECONTEXT_90CB2A06,20,1,Load/3/LongIndirect,24,23,1
M_DOSCLIENT_RELEASECONTEXT_90CB2A06,21,1,Load/3/LongIndirect,24,23,1
M_DOSCLIENT_CHECKREPLY_4530772C,2,1,Load/3/LongIndirect,24,23,1
M_DOSCLIENT_CHECKREPLY_4530772C,4,1,Load/3/LongIndirect,24,23,1
M_DOSCLIENT_CHECKREPLY_4530772C,4,3,Load/3/LongIndirect,26,25,1
M_DOSCLIENT_CHECKREPLY_4530772C,5,1,Load/3/LongIndirect,24,23,1
M_DOSCLIENT_CHECKREPLY_4530772C,7,1,Load/3/LongIndirect,24,23,1
M_DOSCLIENT_CHECKREPLY_4530772C,7,3,Load/3/LongIndirect,26,25,1
M_DOSCLIENT_CALL_35DB3B22,1,1,Store/4/LongIndirect,24,23,1
M_DOSCLIENT_CALL_35DB3B22,5,3,Load/3/LongIndirect,26,25,1
M_DOSCLIENT_CALL_35DB3B22,7,1,Store/4/LongIndirect,24,23,1
M_DOSCLIENT_CALL_35DB3B22,8,4,Store/4/LongIndirect,22,21,1
M_DOSCLIENT_CALL_35DB3B22,8,6,Store/4/LongIndirect,21,20,1
M_DOSCLIENT_CALL_35DB3B22,8,8,Store/4/LongIndirect,21,20,1
M_DOSCLIENT_CALL_35DB3B22,9,1,Load/3/LongIndirect,24,23,1
M_DOSCLIENT_CALL_35DB3B22,10,1,Load/3/LongIndirect,24,23,1
M_DOSCLIENT_CALL_35DB3B22,13,3,Store/4/LongIndirect,22,21,1
M_DOSCLIENT_CALL_35DB3B22,14,1,Load/4/LongIndirect,24,23,1
M_DOSCLIENT_CALL_35DB3B22,18,1,Load/3/LongIndirect,24,23,1
M_DOSCLIENT_CALL_35DB3B22,28,1,Load/4/LongIndirect,22,21,1
M_DOSCLIENT_CALL_35DB3B22,31,2,Load/4/LongIndirect,22,21,1
M_DOSCLIENT_CALL_35DB3B22,31,3,Store/4/LongIndirect,22,21,1
M_DOSOBJECTS_FIND_2E898C70,0,1,Load/3/LongIndirect,24,23,1
M_DOSOBJECTS_FIND_2E898C70,4,0,Load/3/LongIndirect,24,23,1
M_DOSOBJECTS_LINK_9FA00D0F,2,2,Store/3/LongIndirect,24,23,1
M_DOSOBJECTS_LINK_9FA00D0F,2,5,Load/3/LongIndirect,24,23,1
M_DOSOBJECTS_LINK_9FA00D0F,2,10,Store/3/LongIndirect,24,23,1
M_DOSOBJECTS_UNLINK_C978FCF4,0,2,Load/3/LongIndirect,26,25,1
M_DOSOBJECTS_UNLINK_C978FCF4,7,1,Load/3/LongIndirect,24,23,1
M_DOSOBJECTS_UNLINK_C978FCF4,9,3,Store/3/LongIndirect,26,25,1
M_DOSOBJECTS_UNLINK_C978FCF4,11,7,Store/3/LongIndirect,23,22,1
M_FSACTIVE_CURRENTSCOPE_BF6A95BD,0,2,Load/3/LongIndirect,24,23,1
M_FSACTIVE_CURRENTSCOPE_BF6A95BD,2,1,Load/3/LongIndirect,24,23,1
M_FSACTIVE_CURRENTSCOPE_BF6A95BD,4,1,Load/3/LongIndirect,24,23,1
M_FSACTIVE_CURRENTSCOPE_BF6A95BD,5,1,Load/3/LongIndirect,24,23,1
M_FSACTIVE_CURRENTSCOPE_BF6A95BD,5,2,Load/3/LongIndirect,26,25,1
M_FSACTIVE_CURRENTSCOPE_BF6A95BD,6,1,Load/3/LongIndirect,24,23,1
M_FSACTIVE_CURRENTSCOPE_BF6A95BD,6,3,Load/3/LongIndirect,26,25,1
M_BLOCKWIRE_TRANSFER_0A2F17CC,4,1,Load/3/LongIndirect,24,23,1
M_BLOCKIO_SECTORBYTES_B8369631,4,2,Load/4/LongIndirect,22,21,1
M_BLOCKIO_CREATE_DF5BA086,3,4,Store/3/LongIndirect,24,23,1
M_BLOCKIO_CREATE_DF5BA086,3,6,Load/3/LongIndirect,26,25,1
M_BLOCKIO_CREATE_DF5BA086,5,2,Store/3/LongIndirect,24,23,1
M_BLOCKIO_CREATE_DF5BA086,5,4,Load/3/LongIndirect,26,25,1
M_BLOCKIO_CREATE_DF5BA086,8,1,Load/3/LongIndirect,24,23,1
M_BLOCKIO_DESTROY_0CC5CBD8,5,1,Load/3/LongIndirect,24,23,1
M_BLOCKIO_DESTROY_0CC5CBD8,5,4,Load/3/LongIndirect,24,23,1
M_BLOCKIO_OPENVOLUME_36B90798,1,1,Store/4/LongIndirect,24,23,1
M_BLOCKIO_OPENVOLUME_36B90798,2,3,Load/3/LongIndirect,24,23,1
M_BLOCKIO_OPENVOLUME_36B90798,3,3,Store/4/LongIndirect,24,23,1
M_BLOCKIO_ATTACH_A1159825,0,1,Store/4/LongIndirect,21,20,1
M_BLOCKIO_ATTACH_A1159825,1,1,Store/4/LongIndirect,24,23,1
M_BLOCKIO_ATTACH_A1159825,4,1,Store/4/LongIndirect,24,23,1
M_BLOCKIO_ATTACH_A1159825,6,1,Store/4/LongIndirect,24,23,1
M_BLOCKIO_ATTACH_A1159825,7,3,Store/3/LongIndirect,24,23,1
M_BLOCKIO_ATTACH_A1159825,7,14,Store/4/LongIndirect,22,21,1
M_BLOCKIO_ATTACH_A1159825,7,23,Store/4/LongIndirect,22,21,1
M_BLOCKIO_DETACH_FC4FFB83,2,1,Load/3/LongIndirect,24,23,1
M_BLOCKIO_DETACH_FC4FFB83,7,3,Store/3/LongIndirect,23,22,1
M_BLOCKIO_INVALIDATE_E4DCC90F,0,2,Store/3/LongIndirect,23,22,1
M_BLOCKIO_CACHED_7ABF0DB0,2,1,Load/3/LongIndirect,24,23,1
M_BLOCKIO_CACHED_7ABF0DB0,3,1,Load/4/LongIndirect,22,21,1
M_BLOCKIO_CACHED_7ABF0DB0,3,3,Load/4/LongIndirect,22,21,1
M_BLOCKIO_CACHED_7ABF0DB0,4,1,Load/4/LongIndirect,22,21,1
M_BLOCKIO_CACHED_7ABF0DB0,6,1,Load/4/LongIndirect,22,21,1
M_BLOCKIO_CACHED_7ABF0DB0,6,3,Load/4/LongIndirect,22,21,1
M_BLOCKIO_PUBLISH_42B93901,0,2,Store/3/LongIndirect,24,23,1
M_BLOCKIO_PUBLISH_42B93901,0,3,Load/4/LongIndirect,24,23,1
M_BLOCKIO_PUBLISH_42B93901,0,4,Store/4/LongIndirect,22,21,1
M_BLOCKIO_PUBLISH_42B93901,0,6,Store/4/LongIndirect,22,21,1
M_BLOCKIO_PUBLISH_42B93901,0,7,Load/4/LongIndirect,22,21,1
M_BLOCKIO_PUBLISH_42B93901,0,8,Store/4/LongIndirect,22,21,1
M_BLOCKIO_PREPARE_810BFFA1,0,5,Store/4/LongIndirect,21,20,1
M_BLOCKIO_PREPARE_810BFFA1,0,8,Store/3/LongIndirect,24,23,1
M_BLOCKIO_PREPARE_810BFFA1,0,12,Store/4/LongIndirect,24,23,1
M_BLOCKIO_PREPARE_810BFFA1,0,14,Store/4/LongIndirect,21,20,1
M_BLOCKIO_PREPARE_810BFFA1,0,34,Store/4/LongIndirect,21,20,1
M_BLOCKIO_COMPLETE_80F6A54F,0,1,Load/3/LongIndirect,24,23,1
M_BLOCKIO_COMPLETE_80F6A54F,0,3,Store/3/LongIndirect,23,22,1
M_BLOCKIO_COMPLETE_80F6A54F,0,5,Store/3/LongIndirect,23,22,1
M_BLOCKIO_COMPLETE_80F6A54F,0,7,Store/3/LongIndirect,23,22,1
M_BLOCKIO_COMPLETE_80F6A54F,8,1,Load/4/LongIndirect,22,21,1
M_BLOCKIO_CHECK_A5B41A2A,0,1,Store/4/LongIndirect,21,20,1
M_BLOCKIO_CHECK_A5B41A2A,1,1,Store/4/LongIndirect,24,23,1
M_BLOCKIO_CHECK_A5B41A2A,3,3,Store/4/LongIndirect,24,23,1
M_BLOCKIO_CHECK_A5B41A2A,4,1,Load/3/LongIndirect,24,23,1
M_BLOCKIO_CHECK_A5B41A2A,5,3,Store/4/LongIndirect,24,23,1
M_BLOCKIO_BEGINFETCH_6B9D7F07,4,5,Load/3/LongIndirect,26,25,1
M_BLOCKIO_BEGINFETCH_6B9D7F07,4,8,Load/3/LongIndirect,26,25,1
M_BLOCKIO_BEGINFETCH_6B9D7F07,4,9,Store/3/LongIndirect,26,25,1
M_BLOCKIO_BEGINFETCH_6B9D7F07,4,11,Load/3/LongIndirect,26,25,1
M_BLOCKIO_BEGINFETCH_6B9D7F07,4,14,Load/3/LongIndirect,26,25,1
M_BLOCKIO_BEGINFETCH_6B9D7F07,4,15,Store/3/LongIndirect,26,25,1
M_BLOCKIO_BEGINFETCH_6B9D7F07,4,17,Load/3/LongIndirect,26,25,1
M_BLOCKIO_BEGINFETCH_6B9D7F07,4,22,Load/3/LongIndirect,24,23,1
M_BLOCKIO_FINISHFETCH_D55D2AA5,0,9,Store/4/LongIndirect,22,21,1
M_BLOCKIO_FINISHFETCH_D55D2AA5,0,11,Load/4/LongIndirect,22,21,1
M_BLOCKIO_FINISHFETCH_D55D2AA5,2,3,Load/4/LongIndirect,24,23,1
M_BLOCKIO_FETCH_124BDACE,1,1,Load/4/LongIndirect,22,21,1
M_BLOCKIO_FETCH_124BDACE,2,1,Load/3/LongIndirect,24,23,1
M_BLOCKIO_READSECTOR_D918C668,1,3,Store/4/LongIndirect,24,23,1
M_BLOCKIO_READSECTOR_D918C668,1,5,Load/4/LongIndirect,22,21,1
M_BLOCKIO_READSECTOR_D918C668,4,3,Store/4/LongIndirect,24,23,1
M_BLOCKIO_READSECTOR_D918C668,4,5,Load/4/LongIndirect,22,21,1
M_BLOCKIO_READSECTOR_D918C668,9,2,Load/3/LongIndirect,24,23,1
M_MYDOSNAMES_COMPONENT_FF2F5328,5,1,Load/3/LongIndirect,24,23,1
M_MYDOSNAMES_COMPONENT_FF2F5328,11,1,Store/4/LongIndirect,24,23,1
M_MYDOSNAMES_COMPONENT_FF2F5328,15,1,Store/4/LongIndirect,24,23,1
M_MYDOSNAMES_COMPONENT_FF2F5328,20,1,Store/4/LongIndirect,24,23,1
M_MYDOSNAMES_COMPONENT_FF2F5328,27,1,Store/4/LongIndirect,24,23,1
M_DOSSTREAMS_OPENNIL_7EDE8F17,1,1,Store/4/LongIndirect,24,23,1
M_DOSSTREAMS_OPENNIL_7EDE8F17,2,9,Store/4/LongIndirect,21,20,1
M_DOSRAW_LIVE_14427091,0,1,Load/3/LongIndirect,24,23,1
M_DOSRAW_LIVE_14427091,6,0,Load/3/LongIndirect,24,23,1
M_DOSRAW_LIVE_14427091,6,2,Load/3/LongIndirect,26,25,1
M_DOSRAW_LIVE_14427091,8,1,Load/4/LongIndirect,22,21,1
M_DOSRAW_LIVE_14427091,8,2,Load/4/LongIndirect,22,21,1
M_DOSRAW_LIVE_14427091,9,1,Load/3/LongIndirect,24,23,1
M_DOSRAW_LIVE_14427091,9,4,Load/4/LongIndirect,22,21,1
M_DOSRAW_LIVE_14427091,9,6,Load/4/LongIndirect,22,21,1
M_DOSRAW_INITIALIZE_D871F7B7,0,11,Store/3/LongIndirect,26,25,1
M_DOSRAW_INITIALIZE_D871F7B7,0,18,Store/4/LongIndirect,22,21,1
M_DOSRAW_INITIALIZE_D871F7B7,0,21,Store/4/LongIndirect,22,21,1
M_DOSRAW_ROLLBACK_4A7594F5,0,2,Store/3/LongIndirect,23,22,1
M_DOSRAW_ACQUIRE_CC49A145,1,1,Load/3/LongIndirect,24,23,1
M_DOSRAW_ACQUIRE_CC49A145,1,4,Load/4/LongIndirect,22,21,1
M_DOSRAW_ACQUIRE_CC49A145,8,1,Load/4/LongIndirect,22,21,1
M_DOSRAW_ACQUIRE_CC49A145,9,3,Load/4/LongIndirect,22,21,1
M_DOSRAW_ACQUIRE_CC49A145,9,5,Store/4/LongIndirect,22,21,1
M_DOSRAW_ACQUIRE_CC49A145,9,7,Load/4/LongIndirect,22,21,1
M_DOSRAW_ACQUIRE_CC49A145,13,4,Store/3/LongIndirect,24,23,1
M_DOSRAW_OPENSIZED_F1E27B78,4,8,Store/3/LongIndirect,24,23,1
M_DOSRAW_OPENSIZED_F1E27B78,4,11,Load/4/LongIndirect,22,21,1
M_DOSRAW_OPENSIZED_F1E27B78,4,12,Store/4/LongIndirect,22,21,1
M_DOSRAW_RELEASEOPERATION_C2E80557,3,1,Load/3/LongIndirect,24,23,1
M_DOSRAW_RELEASEOPERATION_C2E80557,6,1,Store/3/LongIndirect,23,22,1
M_DOSRAW_PREPARE_F51F1B68,6,1,Load/3/LongIndirect,24,23,1
M_DOSRAW_PREPARE_F51F1B68,9,1,Load/3/LongIndirect,24,23,1
M_DOSRAW_PREPARE_F51F1B68,11,3,Store/3/LongIndirect,24,23,1
M_DOSRAW_PREPARE_F51F1B68,12,2,Load/3/LongIndirect,24,23,1
M_DOSRAW_PREPARE_F51F1B68,13,1,Load/3/LongIndirect,24,23,1
M_DOSRAW_PREPARE_F51F1B68,14,2,Load/3/LongIndirect,24,23,1
M_DOSRAW_PREPARE_F51F1B68,14,3,Store/3/LongIndirect,26,25,1
M_DOSRAW_PREPARE_F51F1B68,14,6,Load/3/LongIndirect,24,23,1
M_DOSRAW_PREPARE_F51F1B68,14,7,Store/3/LongIndirect,26,25,1
M_DOSRAW_PREPARE_F51F1B68,14,10,Store/3/LongIndirect,24,23,1
M_DOSRAW_PREPARE_F51F1B68,14,14,Store/4/LongIndirect,24,23,1
M_DOSRAW_PREPARE_F51F1B68,14,16,Store/4/LongIndirect,21,20,1
M_DOSRAW_PREPARE_F51F1B68,14,18,Store/4/LongIndirect,21,20,1
M_DOSRAW_PREPARE_F51F1B68,16,2,Store/3/LongIndirect,24,23,1
M_DOSRAW_FINISH_BB47E14C,0,1,Load/3/LongIndirect,24,23,1
M_DOSRAW_FINISH_BB47E14C,2,1,Store/3/LongIndirect,23,22,1
M_DOSRAW_FINISH_BB47E14C,2,3,Store/3/LongIndirect,23,22,1
M_DOSRAW_FINISH_BB47E14C,2,5,Store/3/LongIndirect,23,22,1
M_DOSRAW_FINISH_BB47E14C,2,7,Store/4/LongIndirect,21,20,1
M_DOSRAW_FINISH_BB47E14C,2,9,Store/4/LongIndirect,21,20,1
M_DOSRAW_FINISH_BB47E14C,2,11,Store/4/LongIndirect,21,20,1
M_DOSRAW_FINISH_BB47E14C,2,13,Load/3/LongIndirect,24,23,1
M_DOSRAW_COMPLETE_0FD428DA,0,1,Load/3/LongIndirect,24,23,1
M_DOSRAW_COMPLETE_0FD428DA,0,4,Load/3/LongIndirect,24,23,1
M_DOSRAW_COMPLETE_0FD428DA,2,1,Load/4/LongIndirect,22,21,1
M_DOSRAW_COMPLETE_0FD428DA,2,4,Load/4/LongIndirect,22,21,1
M_DOSRAW_CLOSESIZED_2208AD92,0,1,Load/3/LongIndirect,24,23,1
M_DOSRAW_CLOSESIZED_2208AD92,1,1,Load/3/LongIndirect,24,23,1
M_DOSRAW_CLOSESIZED_2208AD92,6,1,Load/3/LongIndirect,24,23,1
M_DOSRAW_CLOSESIZED_2208AD92,6,4,Load/4/LongIndirect,22,21,1
M_DOSRAW_CLOSESIZED_2208AD92,10,1,Load/3/LongIndirect,24,23,1
M_DOSRAW_CLOSESIZED_2208AD92,14,5,Store/3/LongIndirect,23,22,1
M_COOKEDLINE_INIT_553F5E46,0,5,Store/4/LongIndirect,21,20,1
M_COOKEDLINE_LOSE_A2B86A77,0,6,Store/4/LongIndirect,22,21,1
M_COOKEDLINE_FEED_E5727982,9,5,Store/4/LongIndirect,24,23,1
M_COOKEDLINE_DRAIN_A743CD2C,4,1,Load/4/LongIndirect,22,21,1
M_DOSCANCEL_TRANSFER_DC8DFD88,2,3,Load/3/LongIndirect,24,23,1
M_DOSCANCEL_TRANSFER_DC8DFD88,5,1,Load/4/LongIndirect,22,21,1
M_DOSCOOKED_OPEN_FB0901F4,4,2,Store/3/LongIndirect,24,23,1
M_DOSCOOKED_CLOSE_1355CA48,0,1,Load/3/LongIndirect,24,23,1
M_DOSCOOKED_WIRE_7D812E8B,0,1,Load/3/LongIndirect,24,23,1
M_DOSCOOKED_WIRE_7D812E8B,0,4,Store/3/LongIndirect,24,23,1
M_DOSCOOKED_WIRE_7D812E8B,0,8,Store/4/LongIndirect,24,23,1
M_DOSCOOKED_WIRE_7D812E8B,0,10,Store/4/LongIndirect,21,20,1
M_DOSCOOKED_WIRE_7D812E8B,0,12,Store/4/LongIndirect,21,20,1
M_DOSCOOKED_WIRE_7D812E8B,4,1,Load/3/LongIndirect,24,23,1
M_DOSCOOKED_WIRE_7D812E8B,10,1,Load/4/LongIndirect,22,21,1
M_DOSCOOKED_WIRE_7D812E8B,14,1,Load/4/LongIndirect,22,21,1
M_DOSCOOKED_WIRE_7D812E8B,16,1,Load/4/LongIndirect,22,21,1
M_DOSCOOKED_WIRE_7D812E8B,19,1,Load/4/LongIndirect,22,21,1
M_DOSCOOKED_BEGIN_9BFE5F7B,0,1,Load/3/LongIndirect,24,23,1
M_DOSCOOKED_BEGIN_9BFE5F7B,0,2,Load/3/LongIndirect,26,25,1
M_DOSCOOKED_CANCELLINE_F449849C,2,9,Store/4/LongIndirect,21,20,1
M_DOSCOOKED_CANCELLINE_F449849C,2,13,Load/3/LongIndirect,24,23,1
M_DOSCOOKED_CANCELLINE_F449849C,2,17,Store/3/LongIndirect,23,22,1
M_DOSCOOKED_CANCELLINE_F449849C,2,19,Store/4/LongIndirect,21,20,1
M_DOSCOOKED_CANCELLINE_F449849C,2,21,Store/4/LongIndirect,21,20,1
M_DOSCOOKED_CANCELLINE_F449849C,2,23,Store/4/LongIndirect,21,20,1
M_DOSCOOKED_CANCELLINE_F449849C,2,30,Load/3/LongIndirect,24,23,1
M_DOSCOOKED_READ_AAA4E8F8,0,3,Load/3/LongIndirect,26,25,1
M_DOSCOOKED_READ_AAA4E8F8,15,1,Load/4/LongIndirect,22,21,1
M_DOSCOOKED_READ_AAA4E8F8,15,4,Store/4/LongIndirect,21,20,1
M_DOSBREAK_CURRENT_B838AC0B,2,1,Load/3/LongIndirect,24,23,1
M_DOSBREAK_BEGIN_A70D4CB3,8,1,Load/3/LongIndirect,24,23,1
M_DOSBREAK_BEGIN_A70D4CB3,9,1,Load/3/LongIndirect,24,23,1
M_DOSBREAK_BEGIN_A70D4CB3,13,2,Load/3/LongIndirect,24,23,1
M_DOSBREAK_BEGIN_A70D4CB3,13,7,Load/4/LongIndirect,22,21,1
M_DOSBREAK_BEGIN_A70D4CB3,13,8,Store/4/LongIndirect,22,21,1
M_DOSBREAK_BEGIN_A70D4CB3,17,8,Store/3/LongIndirect,24,23,1
M_DOSBREAK_BEGIN_A70D4CB3,17,11,Store/3/LongIndirect,24,23,1
M_DOSBREAK_BEGIN_A70D4CB3,17,16,Store/4/LongIndirect,24,23,1
M_DOSBREAK_BEGIN_A70D4CB3,18,3,Store/3/LongIndirect,24,23,1
M_DOSBREAK_END_B7800793,4,4,Store/3/LongIndirect,23,22,1
M_DOSBREAK_CLEAR_B7EEEC7D,2,4,Load/4/LongIndirect,24,23,1
M_FSREGISTRY_SERVICE_31663004,0,1,Load/3/LongIndirect,24,23,1
M_FSREGISTRY_LOOKUP_AD8B60C1,3,1,Load/3/LongIndirect,24,23,1
M_FSREGISTRY_FROMHEADER_DCD07C60,4,3,Load/3/LongIndirect,24,23,1
M_FSREGISTRY_FROMHEADER_DCD07C60,6,1,Load/4/LongIndirect,22,21,1
M_FSREGISTRY_FROMHEADER_DCD07C60,6,3,Load/3/LongIndirect,24,23,1
M_FSREGISTRY_FROMHEADER_DCD07C60,6,4,Load/4/LongIndirect,24,23,1
M_FSREGISTRY_STAMP_BE264D84,0,2,Load/4/LongIndirect,22,21,1
M_FSREGISTRY_STAMP_BE264D84,2,1,Load/4/LongIndirect,22,21,1
M_FSREGISTRY_STAMP_BE264D84,2,3,Store/4/LongIndirect,22,21,1
M_FSREGISTRY_STAMP_BE264D84,2,6,Load/4/LongIndirect,22,21,1
M_FSREGISTRY_STAMP_BE264D84,2,7,Store/4/LongIndirect,22,21,1
M_FSLOCKS_ROOT_D04E0C54,1,1,Load/3/LongIndirect,24,23,1
M_FSLOCKS_ROOT_D04E0C54,2,3,Load/3/LongIndirect,26,25,1
M_FSLOCKS_ADD_DEA4C903,1,1,Load/3/LongIndirect,24,23,1
M_FSLOCKS_ADD_DEA4C903,1,2,Store/4/LongIndirect,26,25,1
M_FSLOCKS_APPEND_3EC68462,0,1,Load/3/LongIndirect,24,23,1
M_FSLOCKS_APPEND_3EC68462,8,1,Load/3/LongIndirect,24,23,1
M_FSLOCKS_APPEND_3EC68462,9,1,Load/3/LongIndirect,24,23,1
M_FSLOCKS_APPEND_3EC68462,11,1,Load/3/LongIndirect,24,23,1
M_FSLOCKS_APPEND_3EC68462,19,1,Load/3/LongIndirect,24,23,1
M_FSLOCKS_APPEND_3EC68462,22,1,Load/3/LongIndirect,24,23,1
M_FSLOCKS_ALLOCATE_39B5BEE3,0,2,Load/3/LongIndirect,26,25,1
M_FSLOCKS_ALLOCATE_39B5BEE3,0,3,Load/4/LongIndirect,24,23,1
M_FSLOCKS_ALLOCATE_39B5BEE3,4,3,Load/3/LongIndirect,26,25,1
M_FSLOCKS_ALLOCATE_39B5BEE3,4,4,Load/4/LongIndirect,24,23,1
M_FSPACKET_REPLY_F0943484,0,1,Load/3/LongIndirect,24,23,1
M_FSPACKET_REPLY_F0943484,0,5,Load/3/LongIndirect,24,23,1
M_FSPACKET_REPLY_F0943484,0,6,Load/3/LongIndirect,26,25,1
M_FSPACKET_REPLY_F0943484,0,12,Store/3/LongIndirect,23,22,1
M_FSPACKET_REPLY_F0943484,0,14,Store/3/LongIndirect,23,22,1
M_FSPACKET_REPLY_F0943484,0,18,Load/3/LongIndirect,24,23,1
M_FSPACKET_REPLY_F0943484,0,19,Store/3/LongIndirect,26,25,1
M_FSPACKET_REPLY_F0943484,0,21,Store/3/LongIndirect,23,22,1
M_FSPACKET_REPLY_F0943484,0,23,Store/3/LongIndirect,23,22,1
M_FSPACKET_REPLY_F0943484,0,25,Store/3/LongIndirect,23,22,1
M_FSPACKET_REPLY_F0943484,0,27,Load/3/LongIndirect,26,25,1
M_FSPACKET_REPLY_F0943484,0,28,Store/3/LongIndirect,25,24,1
M_FSPACKET_REPLY_F0943484,0,30,Load/3/LongIndirect,26,25,1
M_FSPACKET_REPLY_F0943484,0,33,Load/3/LongIndirect,26,25,1
M_FSPACKET_REPLY_F0943484,0,34,Store/3/LongIndirect,25,24,1
M_FSPACKET_REPLY_F0943484,0,36,Load/3/LongIndirect,26,25,1
M_FSPACKET_REPLY_F0943484,0,37,Store/3/LongIndirect,25,24,1
M_FSPACKET_REPLY_F0943484,0,39,Store/3/LongIndirect,23,22,1
M_FSPACKET_REPLY_F0943484,0,41,Load/3/LongIndirect,26,25,1
M_FSPACKET_ERROR_61E70414,1,1,Load/3/LongIndirect,24,23,1
M_FSPACKET_ERROR_61E70414,1,2,Load/4/LongIndirect,24,23,1
M_FSPACKET_ERROR_61E70414,2,1,Load/3/LongIndirect,24,23,1
M_FSPACKET_ERROR_61E70414,2,3,Store/4/LongIndirect,22,21,1
M_FSPACKET_ERROR_61E70414,3,1,Load/3/LongIndirect,24,23,1
M_FSPACKET_ERROR_61E70414,3,2,Load/4/LongIndirect,24,23,1
M_FSPACKET_IDENTITY_6B3677B2,0,1,Load/3/LongIndirect,24,23,1
M_FSPACKET_IDENTITY_6B3677B2,0,9,Store/3/LongIndirect,26,25,1
M_FSPACKET_IDENTITY_6B3677B2,0,11,Load/3/LongIndirect,26,25,1
M_FSPACKET_IDENTITY_6B3677B2,0,12,Load/4/LongIndirect,24,23,1
M_FSPACKET_IDENTITY_6B3677B2,2,1,Load/3/LongIndirect,24,23,1
M_FSPACKET_IDENTITY_6B3677B2,2,2,Load/4/LongIndirect,24,23,1
M_FSPACKET_IDENTITY_6B3677B2,2,5,Store/3/LongIndirect,26,25,1
M_FSPACKET_IDENTITY_6B3677B2,2,7,Load/3/LongIndirect,26,25,1
M_FSPACKET_IDENTITY_6B3677B2,2,10,Load/3/LongIndirect,26,25,1
M_FSPACKET_IDENTITY_6B3677B2,4,1,Load/3/LongIndirect,24,23,1
M_FSPACKET_IDENTITY_6B3677B2,4,2,Load/3/LongIndirect,26,25,1
M_FSPACKET_IDENTITY_6B3677B2,4,4,Load/3/LongIndirect,26,25,1
M_FSPACKET_IDENTITY_6B3677B2,5,1,Load/3/LongIndirect,24,23,1
M_FSPACKET_IDENTITY_6B3677B2,6,1,Load/3/LongIndirect,24,23,1
M_FSPACKET_IDENTITY_6B3677B2,6,2,Load/3/LongIndirect,26,25,1
M_FSPACKET_IDENTITY_6B3677B2,6,4,Load/3/LongIndirect,26,25,1
M_FSPACKET_IDENTITY_6B3677B2,6,5,Load/3/LongIndirect,26,25,1
M_FSPACKET_IDENTITY_6B3677B2,8,1,Load/3/LongIndirect,24,23,1
M_FSPACKET_IDENTITY_6B3677B2,8,2,Load/3/LongIndirect,26,25,1
M_FSPACKET_IDENTITY_6B3677B2,8,4,Load/3/LongIndirect,26,25,1
M_FSPACKET_IDENTITY_6B3677B2,8,5,Load/3/LongIndirect,26,25,1
M_FSPACKET_IDENTITY_6B3677B2,9,1,Load/3/LongIndirect,24,23,1
M_FSPACKET_IDENTITY_6B3677B2,9,2,Load/3/LongIndirect,26,25,1
M_FSPACKET_IDENTITY_6B3677B2,9,4,Load/3/LongIndirect,26,25,1
M_FSPACKET_IDENTITY_6B3677B2,11,1,Load/3/LongIndirect,24,23,1
M_FSPACKET_IDENTITY_6B3677B2,11,2,Load/3/LongIndirect,26,25,1
M_FSPACKET_IDENTITY_6B3677B2,11,4,Load/3/LongIndirect,26,25,1
M_FSPACKET_PUBLISHOPENSTEP_55EACFB5,0,3,Load/3/LongIndirect,24,23,1
M_FSPACKET_PUBLISHOPENSTEP_55EACFB5,0,6,Load/3/LongIndirect,24,23,1
M_FSPACKET_PUBLISHOPENSTEP_55EACFB5,0,7,Store/3/LongIndirect,26,25,1
M_FSPACKET_PUBLISHOPENSTEP_55EACFB5,0,10,Load/3/LongIndirect,24,23,1
M_FSPACKET_PUBLISHOPENSTEP_55EACFB5,0,11,Load/4/LongIndirect,24,23,1
M_FSPACKET_PUBLISHOPENSTEP_55EACFB5,0,12,Store/4/LongIndirect,22,21,1
M_FSPACKET_PUBLISHOPENSTEP_55EACFB5,0,18,Load/3/LongIndirect,26,25,1
M_FSPACKET_PUBLISHOPENSTEP_55EACFB5,0,23,Load/3/LongIndirect,24,23,1
M_FSPACKET_PUBLISHOPENSTEP_55EACFB5,0,24,Load/4/LongIndirect,24,23,1
M_FSPACKET_PUBLISHOPENSTEP_55EACFB5,1,3,Load/3/LongIndirect,26,25,1
M_FSPACKET_PUBLISHOPENSTEP_55EACFB5,1,7,Store/4/LongIndirect,24,23,1
M_FSPACKET_PUBLISHOPENSTEP_55EACFB5,2,1,Load/3/LongIndirect,24,23,1
M_FSPACKET_PUBLISHOPENSTEP_55EACFB5,2,2,Load/4/LongIndirect,24,23,1
M_FSPACKET_PUBLISHOPENSTEP_55EACFB5,2,9,Load/3/LongIndirect,26,25,1
M_FSPACKET_PUBLISHOPENSTEP_55EACFB5,2,10,Store/4/LongIndirect,23,22,1
M_FSPACKET_CLOSESTEP_61A48B9C,0,3,Load/3/LongIndirect,24,23,1
M_FSPACKET_CLOSESTEP_61A48B9C,0,6,Load/3/LongIndirect,24,23,1
M_FSPACKET_CLOSESTEP_61A48B9C,2,1,Load/3/LongIndirect,24,23,1
M_FSPACKET_CLOSESTEP_61A48B9C,2,10,Load/3/LongIndirect,24,23,1
M_FSPACKET_CLOSESTEP_61A48B9C,2,11,Store/4/LongIndirect,23,22,1
M_FSPORTS_CREATE_D9675AD2,2,6,Store/3/LongIndirect,24,23,1
M_MYDOS_READPHYSICAL_AF05229A,0,3,Load/3/LongIndirect,26,25,1
M_MYDOS_READPHYSICAL_AF05229A,0,7,Load/4/LongIndirect,22,21,1
M_MYDOS_READPHYSICAL_AF05229A,0,9,Store/4/LongIndirect,22,21,1
M_MYDOS_READPHYSICAL_AF05229A,0,17,Store/4/LongIndirect,22,21,1
M_MYDOS_READPHYSICAL_AF05229A,0,19,Load/4/LongIndirect,22,21,1
M_MYDOS_READPHYSICAL_AF05229A,1,1,Store/4/LongIndirect,24,23,1
M_MYDOS_READPHYSICAL_AF05229A,2,1,Load/3/LongIndirect,24,23,1
M_MYDOS_DATASECTOR_95277D3B,2,3,Load/4/LongIndirect,24,23,1
M_MYDOS_EXTENT_5BCD29B5,3,5,Store/4/LongIndirect,24,23,1
M_MYDOS_EXTENT_5BCD29B5,4,5,Store/4/LongIndirect,22,21,1
M_MYDOS_EXTENT_5BCD29B5,4,7,Load/4/LongIndirect,22,21,1
M_MYDOS_EXTENT_5BCD29B5,10,2,Load/4/LongIndirect,24,23,1
M_MYDOS_EXTENT_5BCD29B5,10,8,Load/4/LongIndirect,22,21,1
M_MYDOS_HEADER_A95A323A,2,20,Load/4/LongIndirect,24,23,1
M_MYDOS_BEGINMOUNT_AA58F6DF,0,1,Store/4/LongIndirect,21,20,1
M_MYDOS_BEGINMOUNT_AA58F6DF,0,3,Store/4/LongIndirect,21,20,1
M_MYDOS_BEGINMOUNT_AA58F6DF,0,12,Load/4/LongIndirect,24,23,1
M_MYDOS_BEGINMOUNT_AA58F6DF,1,1,Store/4/LongIndirect,24,23,1
M_MYDOS_MOUNTBUFFERED_114678B9,0,3,Load/3/LongIndirect,26,25,1
M_MYDOS_MOUNTBUFFERED_114678B9,0,8,Load/3/LongIndirect,24,23,1
M_MYDOS_MOUNTBUFFERED_114678B9,1,1,Store/4/LongIndirect,24,23,1
M_MYDOS_LIVE_1E4E1377,4,1,Store/4/LongIndirect,24,23,1
M_MYDOS_LIVE_1E4E1377,5,1,Store/4/LongIndirect,24,23,1
M_MYDOS_LIVE_1E4E1377,9,1,Store/4/LongIndirect,24,23,1
M_MYDOS_BUFFEREDENTRY_DC465C80,0,3,Load/3/LongIndirect,26,25,1
M_MYDOS_BUFFEREDENTRY_DC465C80,0,13,Load/3/LongIndirect,24,23,1
M_MYDOS_BEGINENTRY_95F170F4,0,1,Store/4/LongIndirect,21,20,1
M_MYDOS_BEGINENTRY_95F170F4,0,3,Store/4/LongIndirect,21,20,1
M_MYDOS_BEGINENTRY_95F170F4,1,1,Store/4/LongIndirect,24,23,1
M_MYDOS_BEGINENTRY_95F170F4,7,1,Store/4/LongIndirect,24,23,1
M_MYDOS_CHOOSE_61B23C5E,1,1,Store/4/LongIndirect,24,23,1
M_MYDOS_CHOOSE_61B23C5E,5,1,Store/4/LongIndirect,24,23,1
M_MYDOS_DESCEND_C497F8DD,1,1,Store/4/LongIndirect,24,23,1
M_MYDOS_DESCEND_C497F8DD,3,1,Store/4/LongIndirect,24,23,1
M_MYDOS_DESCEND_C497F8DD,10,1,Store/4/LongIndirect,24,23,1
M_MYDOS_STARTRESOLVE_24B3B079,0,1,Store/4/LongIndirect,21,20,1
M_MYDOS_STARTRESOLVE_24B3B079,0,3,Store/4/LongIndirect,21,20,1
M_MYDOS_STARTRESOLVE_24B3B079,0,6,Store/3/LongIndirect,24,23,1
M_MYDOS_STARTRESOLVE_24B3B079,1,1,Store/4/LongIndirect,24,23,1
M_MYDOS_STARTRESOLVE_24B3B079,3,1,Store/4/LongIndirect,24,23,1
M_MYDOS_STARTRESOLVE_24B3B079,10,1,Store/4/LongIndirect,24,23,1
M_FSINIT_CONFIG_A7C873FA,0,2,Load/3/LongIndirect,24,23,1
M_FSINIT_CONFIG_A7C873FA,1,1,Store/4/LongIndirect,24,23,1
M_FSINIT_CONFIG_A7C873FA,7,1,Store/4/LongIndirect,24,23,1
M_FSINIT_CONFIG_A7C873FA,9,1,Store/4/LongIndirect,24,23,1
M_FSINIT_CONFIG_A7C873FA,11,1,Store/4/LongIndirect,24,23,1
M_FSINIT_CONFIG_A7C873FA,13,1,Store/4/LongIndirect,24,23,1
M_FSINIT_CONFIG_A7C873FA,18,1,Store/4/LongIndirect,24,23,1
M_FSINIT_WORKSPACE_ED5E2107,0,3,Store/3/LongIndirect,24,23,1
M_FSINIT_WORKSPACE_ED5E2107,0,5,Load/3/LongIndirect,26,25,1
M_FSINIT_WORKSPACE_ED5E2107,2,3,Store/3/LongIndirect,24,23,1
M_FSINIT_WORKSPACE_ED5E2107,2,5,Load/3/LongIndirect,26,25,1
M_FSINIT_WORKSPACE_ED5E2107,4,1,Load/3/LongIndirect,24,23,1
M_FSINIT_WORKSPACE_ED5E2107,4,3,Load/3/LongIndirect,26,25,1
M_FSINIT_ARRIVAL_302FF83F,2,6,Store/4/LongIndirect,24,23,1
M_FSINIT_ARRIVAL_302FF83F,4,3,Store/3/LongIndirect,23,22,1
M_FSINIT_ARRIVAL_302FF83F,4,5,Load/4/LongIndirect,22,21,1
M_FSINIT_ARRIVAL_302FF83F,4,10,Store/4/LongIndirect,22,21,1
M_FSINIT_ARRIVAL_302FF83F,4,14,Store/3/LongIndirect,24,23,1
M_FSINIT_ARRIVAL_302FF83F,4,16,Load/3/LongIndirect,26,25,1
M_FSINIT_ALLOCATEMOUNT_EF481898,0,2,Load/4/LongIndirect,22,21,1
M_FSINIT_ALLOCATEMOUNT_EF481898,1,1,Store/4/LongIndirect,24,23,1
M_FSINIT_ALLOCATEMOUNT_EF481898,4,2,Store/3/LongIndirect,24,23,1
M_FSINIT_ALLOCATEMOUNT_EF481898,4,10,Load/3/LongIndirect,26,25,1
M_FSINIT_ALLOCATEMOUNT_EF481898,7,1,Load/4/LongIndirect,22,21,1
M_FSINIT_ALLOCATEMOUNT_EF481898,7,3,Store/4/LongIndirect,22,21,1
M_FSINIT_ALLOCATEMOUNT_EF481898,7,6,Load/4/LongIndirect,22,21,1
M_FSINIT_ALLOCATEMOUNT_EF481898,7,7,Store/4/LongIndirect,22,21,1
M_FSINIT_ALLOCATEMOUNT_EF481898,7,11,Store/3/LongIndirect,24,23,1
M_FSINIT_ALLOCATEMOUNT_EF481898,7,13,Load/3/LongIndirect,26,25,1
M_FSINIT_ALLOCATEBLOCK_5C0916F0,0,1,Load/3/LongIndirect,24,23,1
M_FSINIT_ALLOCATEBLOCK_5C0916F0,2,2,Store/3/LongIndirect,24,23,1
M_FSINIT_ALLOCATEBLOCK_5C0916F0,2,4,Load/3/LongIndirect,26,25,1
M_FSINIT_ALLOCATEBLOCK_5C0916F0,2,11,Store/3/LongIndirect,26,25,1
M_FSINIT_ALLOCATEBLOCK_5C0916F0,2,24,Load/4/LongIndirect,22,21,1
M_FSINIT_ALLOCATEBLOCK_5C0916F0,2,25,Store/4/LongIndirect,22,21,1
M_FSINIT_ALLOCATEBLOCK_5C0916F0,2,36,Load/4/LongIndirect,22,21,1
M_FSINIT_ALLOCATEBLOCK_5C0916F0,2,37,Store/4/LongIndirect,22,21,1
M_FSINIT_ALLOCATEBLOCK_5C0916F0,2,42,Store/3/LongIndirect,24,23,1
M_FSINIT_ALLOCATEBLOCK_5C0916F0,2,44,Load/3/LongIndirect,26,25,1
M_FSINIT_PUBLISH_12D6516B,3,1,Store/4/LongIndirect,21,20,1
M_FSINIT_PUBLISH_12D6516B,3,7,Load/3/LongIndirect,24,23,1
M_FSINIT_PUBLISH_12D6516B,3,8,Store/3/LongIndirect,26,25,1
M_FSINIT_FIRST_60F42DBA,0,3,Store/4/LongIndirect,24,23,1
M_FSINIT_MOUNTSTEP_D16E7745,0,3,Store/4/LongIndirect,24,23,1
M_FSINIT_OPENEDSTEP_3B4623A1,1,2,Load/4/LongIndirect,24,23,1
M_FSINIT_OPENEDSTEP_3B4623A1,1,3,Store/4/LongIndirect,22,21,1
M_FSINIT_OPENEDSTEP_3B4623A1,2,1,Load/3/LongIndirect,24,23,1
M_FSINIT_OPENEDSTEP_3B4623A1,2,3,Load/3/LongIndirect,26,25,1
M_FSINIT_OPENEDSTEP_3B4623A1,2,4,Load/3/LongIndirect,26,25,1
M_FSINIT_OPENEDSTEP_3B4623A1,2,7,Load/3/LongIndirect,26,25,1
M_FSINIT_OPENEDSTEP_3B4623A1,3,1,Load/3/LongIndirect,24,23,1
M_FSINIT_OPENEDSTEP_3B4623A1,3,2,Load/4/LongIndirect,24,23,1
M_FSINIT_OPENEDSTEP_3B4623A1,3,3,Store/4/LongIndirect,22,21,1
M_FSINIT_MOUNTEDSTEP_D00F6B02,1,1,Load/3/LongIndirect,24,23,1
M_FSINIT_MOUNTEDSTEP_D00F6B02,1,2,Load/4/LongIndirect,24,23,1
M_FSINIT_MOUNTEDSTEP_D00F6B02,1,3,Store/4/LongIndirect,22,21,1
M_FSINIT_MOUNTEDSTEP_D00F6B02,2,1,Load/3/LongIndirect,24,23,1
M_FSINIT_MOUNTEDSTEP_D00F6B02,3,1,Load/3/LongIndirect,24,23,1
M_FSINIT_MOUNTEDSTEP_D00F6B02,3,2,Load/4/LongIndirect,24,23,1
M_FSINIT_MOUNTEDSTEP_D00F6B02,3,3,Store/4/LongIndirect,22,21,1
M_FSINIT_MOUNTEDSTEP_D00F6B02,4,1,Load/3/LongIndirect,24,23,1
M_FSINIT_MOUNTEDSTEP_D00F6B02,5,2,Load/3/LongIndirect,24,23,1
M_FSINIT_MOUNTEDSTEP_D00F6B02,5,6,Load/3/LongIndirect,24,23,1
M_FSINIT_MOUNTEDSTEP_D00F6B02,5,7,Store/4/LongIndirect,23,22,1
M_FSINIT_FAILED_4FB7E0CF,0,1,Load/3/LongIndirect,24,23,1
M_FSINIT_ROLLBACKSTEP_8166A722,0,14,Load/4/LongIndirect,22,21,1
M_FSINIT_DESTROYMOUNT_00D5D10B,4,1,Load/3/LongIndirect,24,23,1
M_FSINIT_DESTROYMOUNT_00D5D10B,5,1,Load/3/LongIndirect,24,23,1
M_FSINIT_DESTROYMOUNT_00D5D10B,6,1,Load/3/LongIndirect,24,23,1
M_FSINIT_DESTROYMOUNT_00D5D10B,9,1,Load/3/LongIndirect,24,23,1
M_FSINIT_DESTROYMOUNT_00D5D10B,10,1,Load/3/LongIndirect,24,23,1
M_FSINIT_DESTROYMOUNT_00D5D10B,10,4,Load/3/LongIndirect,24,23,1
M_FSINIT_DESTROYMOUNT_00D5D10B,11,3,Load/3/LongIndirect,26,25,1
M_FSINIT_DESTROYMOUNT_00D5D10B,12,1,Load/3/LongIndirect,24,23,1
M_FSINIT_DESTROYMOUNT_00D5D10B,16,1,Load/3/LongIndirect,24,23,1
M_FSINIT_CLEANUP_26675F9E,0,2,Load/3/LongIndirect,24,23,1
M_FSINIT_CLEANUP_26675F9E,7,1,Load/3/LongIndirect,24,23,1
M_FSINIT_CLEANUP_26675F9E,9,1,Load/3/LongIndirect,24,23,1
M_FSINIT_CLEANUP_26675F9E,10,1,Load/3/LongIndirect,24,23,1
M_FSINIT_CLEANUP_26675F9E,11,1,Load/3/LongIndirect,24,23,1
M_FSINIT_CLEANUP_26675F9E,12,1,Load/3/LongIndirect,24,23,1
M_FSRELATIVE_VALIDATE_0372B7FC,0,3,Load/3/LongIndirect,26,25,1
M_FSRELATIVE_VALIDATE_0372B7FC,0,5,Load/3/LongIndirect,26,25,1
M_FSRELATIVE_VALIDATE_0372B7FC,20,1,Load/3/LongIndirect,24,23,1
M_FSRELATIVE_SEED_FD9BA1BB,0,1,Load/3/LongIndirect,24,23,1
M_FSRELATIVE_SEED_FD9BA1BB,0,7,Load/3/LongIndirect,24,23,1
M_FSRELATIVE_SEED_FD9BA1BB,0,12,Load/3/LongIndirect,26,25,1
M_FSRELATIVE_SEED_FD9BA1BB,2,1,Load/3/LongIndirect,24,23,1
M_FSRELATIVE_ROOT_94E4441A,0,3,Load/3/LongIndirect,24,23,1
M_FSRELATIVE_ROOT_94E4441A,1,1,Load/3/LongIndirect,24,23,1
M_FSRELATIVE_ROOT_94E4441A,1,2,Load/4/LongIndirect,24,23,1
M_FSRELATIVE_ROOT_94E4441A,2,1,Load/3/LongIndirect,24,23,1
M_FSRELATIVE_ROOT_94E4441A,2,2,Store/3/LongIndirect,26,25,1
M_FSRELATIVE_BEGIN_CB9D8F8D,0,1,Load/3/LongIndirect,24,23,1
M_FSRELATIVE_BEGIN_CB9D8F8D,0,2,Load/4/LongIndirect,24,23,1
M_FSRELATIVE_BEGIN_CB9D8F8D,1,1,Load/3/LongIndirect,24,23,1
M_FSRELATIVE_BEGIN_CB9D8F8D,1,2,Load/4/LongIndirect,24,23,1
M_FSRELATIVE_BEGIN_CB9D8F8D,2,1,Load/3/LongIndirect,24,23,1
M_FSRELATIVE_BEGIN_CB9D8F8D,2,2,Load/4/LongIndirect,24,23,1
M_FSRELATIVE_BEGIN_CB9D8F8D,5,1,Load/3/LongIndirect,24,23,1
M_FSRELATIVE_BEGIN_CB9D8F8D,5,2,Load/3/LongIndirect,26,25,1
M_FSRELATIVE_BEGIN_CB9D8F8D,7,1,Load/3/LongIndirect,24,23,1
M_FSRELATIVE_BEGIN_CB9D8F8D,13,1,Load/3/LongIndirect,24,23,1
M_FSRELATIVE_BEGIN_CB9D8F8D,14,1,Load/3/LongIndirect,24,23,1
M_FSRELATIVE_BEGIN_CB9D8F8D,14,2,Load/4/LongIndirect,24,23,1
M_FSRELATIVE_BEGIN_CB9D8F8D,16,1,Load/3/LongIndirect,24,23,1
M_FSRELATIVE_BEGIN_CB9D8F8D,16,4,Load/3/LongIndirect,24,23,1
M_FSRELATIVE_BEGIN_CB9D8F8D,17,1,Load/3/LongIndirect,24,23,1
M_FSRELATIVE_BEGIN_CB9D8F8D,18,1,Load/3/LongIndirect,24,23,1
M_FSRELATIVE_BEGIN_CB9D8F8D,20,1,Load/3/LongIndirect,24,23,1
M_FSRELATIVE_BEGIN_CB9D8F8D,23,1,Load/3/LongIndirect,24,23,1
M_FSRELATIVE_BEGIN_CB9D8F8D,23,2,Store/3/LongIndirect,26,25,1
M_FSRELATIVE_BEGIN_CB9D8F8D,25,2,Load/3/LongIndirect,24,23,1
M_FSRELATIVE_BEGIN_CB9D8F8D,29,5,Load/3/LongIndirect,24,23,1
M_FSRELATIVE_BEGIN_CB9D8F8D,29,9,Load/3/LongIndirect,26,25,1
M_FSRELATIVE_BEGIN_CB9D8F8D,29,12,Load/3/LongIndirect,26,25,1
M_FSRELATIVE_BEGIN_CB9D8F8D,31,1,Load/3/LongIndirect,24,23,1
M_FSRELATIVE_BEGIN_CB9D8F8D,31,2,Load/4/LongIndirect,24,23,1
M_FSRELATIVE_PARENTRESULT_7CE6B959,1,0,Load/3/LongIndirect,24,23,1
M_FSRELATIVE_PARENTRESULT_7CE6B959,1,1,Load/4/LongIndirect,24,23,1
M_FSRELATIVE_PARENTRESULT_7CE6B959,3,0,Load/3/LongIndirect,24,23,1
M_FSRELATIVE_PARENTRESULT_7CE6B959,4,0,Load/3/LongIndirect,24,23,1
M_FSRELATIVE_PARENTRESULT_7CE6B959,4,1,Load/4/LongIndirect,24,23,1
M_FSRELATIVE_PARENTRESULT_7CE6B959,8,0,Load/3/LongIndirect,24,23,1
M_FSRELATIVE_PARENTRESULT_7CE6B959,9,0,Load/3/LongIndirect,24,23,1
M_FSRELATIVE_PARENTRESULT_7CE6B959,10,0,Load/3/LongIndirect,24,23,1
M_FSRELATIVE_PARENTRESULT_7CE6B959,10,4,Load/3/LongIndirect,26,25,1
M_FSRELATIVE_PARENTRESULT_7CE6B959,11,0,Load/3/LongIndirect,24,23,1
M_FSRELATIVE_PARENTRESULT_7CE6B959,13,0,Load/3/LongIndirect,24,23,1
M_FSRELATIVE_PARENTRESULT_7CE6B959,13,4,Load/3/LongIndirect,26,25,1
M_FSRELATIVE_PARENTRESULT_7CE6B959,13,6,Load/3/LongIndirect,26,25,1
M_FSRELATIVE_PARENTRESULT_7CE6B959,15,0,Load/3/LongIndirect,24,23,1
M_FSRELATIVE_PARENTRESULT_7CE6B959,16,0,Load/3/LongIndirect,24,23,1
M_FSRELATIVE_PARENTRESULT_7CE6B959,16,1,Load/3/LongIndirect,26,25,1
M_FSRELATIVE_PARENTRESULT_7CE6B959,16,3,Load/3/LongIndirect,24,23,1
M_FSRELATIVE_PARENTRESULT_7CE6B959,19,0,Load/3/LongIndirect,24,23,1
M_FSRELATIVE_PARENTRESULT_7CE6B959,19,2,Load/3/LongIndirect,26,25,1
M_FSRELATIVE_PARENTRESULT_7CE6B959,19,5,Load/3/LongIndirect,24,23,1
M_FSRELATIVE_PARENTRESULT_7CE6B959,20,0,Load/3/LongIndirect,24,23,1
M_FSRELATIVE_PARENTRESULT_7CE6B959,20,1,Load/4/LongIndirect,24,23,1
M_FSRELATIVE_PARENTRESULT_7CE6B959,22,0,Load/3/LongIndirect,24,23,1
M_FSRELATIVE_PARENTRESULT_7CE6B959,22,1,Store/3/LongIndirect,26,25,1
M_FSINFO_FILL_CDFFBE8F,0,1,Store/4/LongIndirect,24,23,1
M_FSINFO_FILL_CDFFBE8F,0,4,Store/4/LongIndirect,22,21,1
M_FSINFO_FILL_CDFFBE8F,1,1,Store/4/LongIndirect,24,23,1
M_FSINFO_FILL_CDFFBE8F,1,3,Store/4/LongIndirect,21,20,1
M_FSINFO_FILL_CDFFBE8F,2,1,Load/4/LongIndirect,22,21,1
M_FSINFO_FILL_CDFFBE8F,2,2,Store/4/LongIndirect,22,21,1
M_FSINFO_FILL_CDFFBE8F,2,7,Store/4/LongIndirect,24,23,1
M_FSINFO_FILL_CDFFBE8F,3,1,Store/4/LongIndirect,24,23,1
M_FSINFO_FILL_CDFFBE8F,5,1,Store/4/LongIndirect,24,23,1
M_FSINFO_SAVE_B1E7031F,0,7,Store/3/LongIndirect,24,23,1
M_FSINFO_SAVE_B1E7031F,0,11,Store/3/LongIndirect,24,23,1
M_FSINFO_SAVE_B1E7031F,0,14,Load/4/LongIndirect,22,21,1
M_FSINFO_SAVE_B1E7031F,0,15,Store/4/LongIndirect,22,21,1
M_MYDOSFILE_RESTART_75C66A72,0,7,Store/4/LongIndirect,21,20,1
M_MYDOSFILE_RESTART_75C66A72,0,9,Store/4/LongIndirect,24,23,1
M_MYDOSFILE_RESTART_75C66A72,0,10,Store/4/LongIndirect,21,20,1
M_MYDOSFILE_RESTART_75C66A72,0,11,Store/4/LongIndirect,21,20,1
M_MYDOSFILE_OPEN_0FD3469F,0,1,Store/4/LongIndirect,21,20,1
M_MYDOSFILE_OPEN_0FD3469F,0,3,Store/4/LongIndirect,21,20,1
M_MYDOSFILE_OPEN_0FD3469F,1,1,Store/4/LongIndirect,24,23,1
M_MYDOSFILE_OPEN_0FD3469F,5,1,Store/4/LongIndirect,24,23,1
M_MYDOSFILE_OPEN_0FD3469F,10,1,Store/4/LongIndirect,21,20,1
M_MYDOSFILE_OPEN_0FD3469F,10,3,Store/4/LongIndirect,21,20,1
M_MYDOSFILE_OPEN_0FD3469F,16,1,Store/4/LongIndirect,24,23,1
M_MYDOSFILE_VISIT_2F7F40D0,0,1,Load/4/LongIndirect,22,21,1
M_MYDOSFILE_VISIT_2F7F40D0,0,3,Store/4/LongIndirect,22,21,1
M_MYDOSFILE_VISIT_2F7F40D0,0,5,Load/4/LongIndirect,22,21,1
M_MYDOSFILE_VISIT_2F7F40D0,2,1,Load/4/LongIndirect,22,21,1
M_MYDOSFILE_VISIT_2F7F40D0,4,1,Load/4/LongIndirect,22,21,1
M_MYDOSFILE_VISIT_2F7F40D0,4,3,Store/4/LongIndirect,22,21,1
M_MYDOSFILE_VISIT_2F7F40D0,6,1,Load/4/LongIndirect,22,21,1
M_MYDOSFILE_VISIT_2F7F40D0,6,3,Load/4/LongIndirect,22,21,1
M_MYDOSFILE_VISIT_2F7F40D0,7,4,Load/4/LongIndirect,22,21,1
M_MYDOSFILE_VISIT_2F7F40D0,7,6,Store/4/LongIndirect,22,21,1
M_MYDOSFILE_VISIT_2F7F40D0,7,8,Store/4/LongIndirect,21,20,1
M_MYDOSFILE_TRAILER_58DD2DFC,0,3,Load/3/LongIndirect,26,25,1
M_MYDOSFILE_TRAILER_58DD2DFC,0,5,Load/3/LongIndirect,24,23,1
M_MYDOSFILE_LINK_86A70D17,1,1,Load/4/LongIndirect,22,21,1
M_MYDOSFILE_LINK_86A70D17,2,1,Load/4/LongIndirect,22,21,1
M_MYDOSFILE_LINK_86A70D17,4,1,Load/4/LongIndirect,22,21,1
M_MYDOSFILE_LINK_86A70D17,6,1,Load/4/LongIndirect,22,21,1
M_MYDOSFILE_LINK_86A70D17,6,5,Store/4/LongIndirect,22,21,1
M_MYDOSFILE_VALIDATE_CCD11D35,2,1,Load/4/LongIndirect,22,21,1
M_MYDOSFILE_VALIDATE_CCD11D35,2,5,Load/4/LongIndirect,24,23,1
M_MYDOSFILE_VALIDATE_CCD11D35,3,1,Store/4/LongIndirect,24,23,1
M_MYDOSFILE_VALIDATE_CCD11D35,11,1,Store/4/LongIndirect,24,23,1
M_MYDOSFILE_FAIL_8A60C23B,0,3,Store/4/LongIndirect,22,21,1
M_MYDOSFILE_FAIL_8A60C23B,0,5,Load/3/LongIndirect,24,23,1
M_MYDOSFILE_FAIL_8A60C23B,0,7,Load/4/LongIndirect,24,23,1
M_MYDOSFILE_FAIL_8A60C23B,0,8,Store/4/LongIndirect,22,21,1
M_MYDOSFILE_FAIL_8A60C23B,0,10,Load/3/LongIndirect,24,23,1
M_MYDOSFILE_FAIL_8A60C23B,0,13,Store/4/LongIndirect,21,20,1
M_MYDOSFILE_CANCEL_40161F05,0,2,Store/4/LongIndirect,26,25,1
M_MYDOSFILE_CANCEL_40161F05,0,4,Load/3/LongIndirect,24,23,1
M_MYDOSFILE_CANCEL_40161F05,0,6,Load/4/LongIndirect,24,23,1
M_MYDOSFILE_CANCEL_40161F05,0,7,Store/4/LongIndirect,22,21,1
M_MYDOSFILE_CANCEL_40161F05,0,9,Load/3/LongIndirect,24,23,1
M_MYDOSFILE_CANCEL_40161F05,0,12,Store/4/LongIndirect,21,20,1
M_MYDOSFILE_CANCEL_40161F05,1,1,Load/4/LongIndirect,22,21,1
M_MYDOSFILE_CANCEL_40161F05,3,1,Load/3/LongIndirect,24,23,1
M_MYDOSFILE_CANCEL_40161F05,3,3,Load/4/LongIndirect,24,23,1
M_MYDOSFILE_CANCEL_40161F05,3,5,Load/4/LongIndirect,22,21,1
M_MYDOSFILE_CANCEL_40161F05,3,7,Store/4/LongIndirect,22,21,1
M_MYDOSFILE_CANCEL_40161F05,3,9,Load/4/LongIndirect,22,21,1
M_MYDOSFILE_CANCEL_40161F05,3,10,Store/4/LongIndirect,22,21,1
M_MYDOSFILE_FINISH_E4A712C2,1,1,Load/3/LongIndirect,24,23,1
M_MYDOSFILE_FINISH_E4A712C2,1,3,Load/4/LongIndirect,24,23,1
M_MYDOSFILE_FINISH_E4A712C2,1,5,Load/4/LongIndirect,22,21,1
M_MYDOSFILE_FINISH_E4A712C2,1,7,Store/4/LongIndirect,22,21,1
M_MYDOSFILE_FINISH_E4A712C2,1,9,Load/4/LongIndirect,22,21,1
M_MYDOSFILE_FINISH_E4A712C2,1,10,Store/4/LongIndirect,22,21,1
M_MYDOSFILE_FINISH_E4A712C2,2,1,Load/3/LongIndirect,24,23,1
M_MYDOSFILE_FINISH_E4A712C2,2,3,Load/4/LongIndirect,24,23,1
M_MYDOSFILE_FINISH_E4A712C2,2,4,Store/4/LongIndirect,22,21,1
M_MYDOSFILE_FINISH_E4A712C2,2,6,Load/4/LongIndirect,22,21,1
M_MYDOSFILE_FINISH_E4A712C2,2,7,Store/4/LongIndirect,22,21,1
M_MYDOSFILE_ADVANCE_71346BED,0,3,Load/4/LongIndirect,24,23,1
M_MYDOSFILE_ADVANCE_71346BED,0,5,Store/4/LongIndirect,22,21,1
M_MYDOSFILE_BEGIN_902FB340,0,2,Store/4/LongIndirect,23,22,1
M_MYDOSFILE_BEGIN_902FB340,0,4,Store/4/LongIndirect,23,22,1
M_MYDOSFILE_BEGIN_902FB340,0,5,Load/3/LongIndirect,24,23,1
M_MYDOSFILE_BEGIN_902FB340,0,6,Load/4/LongIndirect,24,23,1
M_MYDOSFILE_BEGIN_902FB340,0,7,Store/4/LongIndirect,22,21,1
M_MYDOSFILE_BEGIN_902FB340,0,8,Store/4/LongIndirect,21,20,1
M_MYDOSFILE_BEGIN_902FB340,0,9,Store/4/LongIndirect,21,20,1
M_MYDOSFILE_BEGINREAD_56DCAA56,0,5,Load/4/LongIndirect,22,21,1
M_MYDOSFILE_BEGINREAD_56DCAA56,0,6,Store/4/LongIndirect,22,21,1
M_MYDOSFILE_BEGINREAD_56DCAA56,0,8,Load/4/LongIndirect,22,21,1
M_MYDOSFILE_BEGINREAD_56DCAA56,0,9,Store/4/LongIndirect,22,21,1
M_MYDOSFILE_BEGINREAD_56DCAA56,0,11,Load/4/LongIndirect,22,21,1
M_MYDOSFILE_BEGINREAD_56DCAA56,2,1,Load/4/LongIndirect,22,21,1
M_MYDOSFILE_BEGINREAD_56DCAA56,4,1,Load/4/LongIndirect,22,21,1
M_MYDOSFILE_BEGINREAD_56DCAA56,4,3,Load/4/LongIndirect,22,21,1
M_MYDOSFILE_BEGINREAD_56DCAA56,6,1,Load/3/LongIndirect,24,23,1
M_MYDOSFILE_BEGINREAD_56DCAA56,6,3,Load/4/LongIndirect,24,23,1
M_MYDOSFILE_BEGINREAD_56DCAA56,8,1,Load/3/LongIndirect,24,23,1
M_MYDOSFILE_BEGINREAD_56DCAA56,9,1,Load/4/LongIndirect,22,21,1
M_MYDOSFILE_BEGINREAD_56DCAA56,9,3,Load/3/LongIndirect,24,23,1
M_MYDOSFILE_BEGINREAD_56DCAA56,9,4,Load/4/LongIndirect,24,23,1
M_MYDOSFILE_BEGINREAD_56DCAA56,10,1,Load/3/LongIndirect,24,23,1
M_MYDOSFILE_BEGINREAD_56DCAA56,12,1,Load/3/LongIndirect,24,23,1
M_MYDOSFILE_TARGET_3D0FAE04,0,1,Load/4/LongIndirect,22,21,1
M_MYDOSFILE_TARGET_3D0FAE04,1,1,Load/4/LongIndirect,22,21,1
M_MYDOSFILE_TARGET_3D0FAE04,2,1,Load/4/LongIndirect,22,21,1
M_MYDOSFILE_TARGET_3D0FAE04,5,2,Load/4/LongIndirect,22,21,1
M_MYDOSFILE_TARGET_3D0FAE04,5,4,Store/4/LongIndirect,22,21,1
M_MYDOSFILE_TARGET_3D0FAE04,5,6,Load/3/LongIndirect,24,23,1
M_MYDOSFILE_TARGET_3D0FAE04,8,1,Load/4/LongIndirect,22,21,1
M_MYDOSFILE_TARGET_3D0FAE04,8,3,Load/3/LongIndirect,24,23,1
M_MYDOSFILE_TARGET_3D0FAE04,8,4,Load/4/LongIndirect,24,23,1
M_MYDOSFILE_TARGET_3D0FAE04,9,1,Load/3/LongIndirect,24,23,1
M_MYDOSFILE_TARGET_3D0FAE04,9,6,Load/4/LongIndirect,24,23,1
M_MYDOSFILE_BEGINSEEK_007E9A86,0,5,Load/4/LongIndirect,24,23,1
M_MYDOSFILE_BEGINSEEK_007E9A86,2,1,Load/4/LongIndirect,22,21,1
M_MYDOSFILE_BEGINSEEK_007E9A86,3,1,Load/4/LongIndirect,22,21,1
M_MYDOSFILE_BEGINSEEK_007E9A86,4,1,Load/4/LongIndirect,22,21,1
M_MYDOSFILE_BEGINSEEK_007E9A86,6,1,Load/3/LongIndirect,24,23,1
M_MYDOSFILE_BEGINSEEK_007E9A86,7,1,Load/3/LongIndirect,24,23,1
M_MYDOSFILE_BEGINSEEK_007E9A86,7,2,Load/4/LongIndirect,24,23,1
M_MYDOSFILE_BEGINSEEK_007E9A86,8,1,Load/3/LongIndirect,24,23,1
M_MYDOSFILE_LOCATE_F172D4F1,0,1,Load/3/LongIndirect,24,23,1
M_MYDOSFILE_LOCATE_F172D4F1,0,2,Load/4/LongIndirect,24,23,1
M_MYDOSFILE_LOCATE_F172D4F1,0,4,Load/3/LongIndirect,24,23,1
M_MYDOSFILE_LOCATE_F172D4F1,0,10,Load/4/LongIndirect,22,21,1
M_MYDOSFILE_LOCATE_F172D4F1,1,1,Load/3/LongIndirect,24,23,1
M_MYDOSFILE_LOCATE_F172D4F1,1,3,Load/4/LongIndirect,24,23,1
M_MYDOSFILE_LOCATE_F172D4F1,1,5,Load/3/LongIndirect,24,23,1
M_MYDOSFILE_LOCATE_F172D4F1,1,6,Load/4/LongIndirect,24,23,1
M_MYDOSFILE_LOCATE_F172D4F1,2,1,Load/3/LongIndirect,24,23,1
M_MYDOSFILE_LOCATE_F172D4F1,6,1,Load/3/LongIndirect,24,23,1
M_MYDOSFILE_COPY_B45932A2,0,4,Load/3/LongIndirect,26,25,1
M_MYDOSFILE_COPY_B45932A2,0,8,Load/3/LongIndirect,24,23,1
M_MYDOSFILE_COPY_B45932A2,0,10,Load/4/LongIndirect,24,23,1
M_MYDOSFILE_COPY_B45932A2,0,15,Load/3/LongIndirect,24,23,1
M_MYDOSFILE_COPY_B45932A2,0,17,Load/3/LongIndirect,26,25,1
M_MYDOSFILE_CONSUME_CDF927EF,0,1,Load/3/LongIndirect,24,23,1
M_MYDOSFILE_CONSUME_CDF927EF,0,4,Load/3/LongIndirect,24,23,1
M_MYDOSFILE_CONSUME_CDF927EF,0,10,Load/4/LongIndirect,24,23,1
M_MYDOSFILE_CONSUME_CDF927EF,1,1,Load/4/LongIndirect,22,21,1
M_MYDOSFILE_CONSUME_CDF927EF,3,4,Load/3/LongIndirect,24,23,1
M_MYDOSFILE_CONSUME_CDF927EF,3,12,Load/4/LongIndirect,24,23,1
M_MYDOSFILE_CONSUME_CDF927EF,3,14,Store/4/LongIndirect,22,21,1
M_MYDOSFILE_CONSUME_CDF927EF,3,18,Load/4/LongIndirect,24,23,1
M_MYDOSFILE_CONSUME_CDF927EF,3,20,Store/4/LongIndirect,22,21,1
M_MYDOSFILE_CONSUME_CDF927EF,4,1,Load/4/LongIndirect,22,21,1
M_MYDOSFILE_CONSUME_CDF927EF,6,1,Load/3/LongIndirect,24,23,1
M_MYDOSFILE_CONSUME_CDF927EF,7,1,Load/3/LongIndirect,24,23,1
M_MYDOSFILE_CONTINUEOPERATION_DDF4199B,0,3,Load/3/LongIndirect,26,25,1
M_MYDOSFILE_CONTINUEOPERATION_DDF4199B,1,2,Load/4/LongIndirect,24,23,1
M_MYDOSFILE_CONTINUEOPERATION_DDF4199B,3,1,Load/3/LongIndirect,24,23,1
M_MYDOSFILE_CONTINUEOPERATION_DDF4199B,5,1,Load/3/LongIndirect,24,23,1
M_MYDOSFILE_CONTINUEOPERATION_DDF4199B,5,2,Load/4/LongIndirect,24,23,1
M_MYDOSFILE_CONTINUEOPERATION_DDF4199B,6,1,Load/3/LongIndirect,24,23,1
M_MYDOSFILE_RUN_01B89F42,2,3,Load/3/LongIndirect,26,25,1
M_MYDOSFILE_RUN_01B89F42,3,1,Load/4/LongIndirect,22,21,1
M_MYDOSFILE_RUN_01B89F42,4,2,Load/4/LongIndirect,24,23,1
M_FSDIRECTORY_LOCKCURSORSTEP_29BACC3E,0,2,Load/3/LongIndirect,24,23,1
M_FSDIRECTORY_LOCKCURSORSTEP_29BACC3E,0,4,Load/3/LongIndirect,26,25,1
M_FSDIRECTORY_LOCKCURSORSTEP_29BACC3E,0,7,Load/3/LongIndirect,24,23,1
M_FSDIRECTORY_LOCKCURSORSTEP_29BACC3E,0,8,Load/3/LongIndirect,26,25,1
M_FSDIRECTORY_LOCKCURSORSTEP_29BACC3E,1,0,Load/3/LongIndirect,24,23,1
M_FSDIRECTORY_LOCKCURSORSTEP_29BACC3E,2,0,Load/3/LongIndirect,24,23,1
M_FSDIRECTORY_LOCKCURSORSTEP_29BACC3E,2,2,Load/3/LongIndirect,26,25,1
M_FSDIRECTORY_SELECTSTEP_815DA095,0,3,Load/3/LongIndirect,24,23,1
M_FSDIRECTORY_SELECTSTEP_815DA095,0,4,Load/4/LongIndirect,24,23,1
M_FSDIRECTORY_SELECTSTEP_815DA095,2,1,Load/3/LongIndirect,24,23,1
M_FSDIRECTORY_SELECTSTEP_815DA095,2,2,Load/3/LongIndirect,26,25,1
M_FSDIRECTORY_SELECTSTEP_815DA095,2,3,Load/4/LongIndirect,24,23,1
M_FSDIRECTORY_SELECTSTEP_815DA095,2,7,Store/3/LongIndirect,24,23,1
M_FSDIRECTORY_SELECTSTEP_815DA095,2,9,Load/3/LongIndirect,26,25,1
M_FSDIRECTORY_SELECTSTEP_815DA095,4,1,Load/3/LongIndirect,24,23,1
M_FSDIRECTORY_SELECTSTEP_815DA095,4,2,Load/3/LongIndirect,26,25,1
M_FSDIRECTORY_SELECTSTEP_815DA095,4,4,Load/3/LongIndirect,26,25,1
M_FSDIRECTORY_SELECTSTEP_815DA095,6,1,Load/3/LongIndirect,24,23,1
M_FSDIRECTORY_SELECTSTEP_815DA095,6,2,Load/4/LongIndirect,24,23,1
M_FSDIRECTORY_INFOSTEP_3CC6E53D,0,3,Load/3/LongIndirect,24,23,1
M_FSDIRECTORY_INFOSTEP_3CC6E53D,0,4,Load/4/LongIndirect,24,23,1
M_FSDIRECTORY_INFOSTEP_3CC6E53D,2,1,Load/3/LongIndirect,24,23,1
M_FSDIRECTORY_INFOSTEP_3CC6E53D,2,2,Load/4/LongIndirect,24,23,1
M_FSDIRECTORY_INFOSTEP_3CC6E53D,2,5,Store/3/LongIndirect,26,25,1
M_FSDIRECTORY_INFOSTEP_3CC6E53D,2,7,Load/3/LongIndirect,26,25,1
M_FSDIRECTORY_RESTORESTEP_8AADA789,0,2,Load/3/LongIndirect,24,23,1
M_FSDIRECTORY_RESTORESTEP_8AADA789,0,3,Load/3/LongIndirect,26,25,1
M_FSDIRECTORY_RESTORESTEP_8AADA789,1,0,Load/3/LongIndirect,24,23,1
M_FSDIRECTORY_RESTORESTEP_8AADA789,2,0,Load/3/LongIndirect,24,23,1
M_FSDIRECTORY_RESTORESTEP_8AADA789,2,2,Load/3/LongIndirect,26,25,1
M_FSDIRECTORY_RESTORESTEP_8AADA789,3,0,Load/3/LongIndirect,24,23,1
M_FSDIRECTORY_RESTORESTEP_8AADA789,3,1,Load/4/LongIndirect,24,23,1
M_FSDIRECTORY_RESTORESTEP_8AADA789,5,0,Load/3/LongIndirect,24,23,1
M_FSDIRECTORY_RESTORESTEP_8AADA789,5,2,Load/3/LongIndirect,26,25,1
M_FSDIRECTORY_RESTORESTEP_8AADA789,6,0,Load/3/LongIndirect,24,23,1
M_FSDIRECTORY_STATESTEP_73ED4FBC,0,3,Load/3/LongIndirect,24,23,1
M_FSDIRECTORY_STATESTEP_73ED4FBC,2,1,Load/3/LongIndirect,24,23,1
M_FSDIRECTORY_STATESTEP_73ED4FBC,2,3,Load/3/LongIndirect,26,25,1
M_FSDIRECTORY_STATESTEP_73ED4FBC,3,1,Load/3/LongIndirect,24,23,1
M_FSDIRECTORY_STATESTEP_73ED4FBC,3,3,Load/3/LongIndirect,26,25,1
M_FSDIRECTORY_STATESTEP_73ED4FBC,4,1,Load/4/LongIndirect,22,21,1
M_FSDIRECTORY_STATESTEP_73ED4FBC,4,3,Load/3/LongIndirect,24,23,1
M_FSDIRECTORY_STATESTEP_73ED4FBC,4,4,Load/4/LongIndirect,24,23,1
M_FSDIRECTORY_END_806A2136,0,1,Load/3/LongIndirect,24,23,1
M_FSDIRECTORY_END_806A2136,0,4,Load/3/LongIndirect,24,23,1
M_FSDIRECTORY_ENTRYSTEP_D4EA4ABB,0,3,Load/3/LongIndirect,24,23,1
M_FSDIRECTORY_ENTRYSTEP_D4EA4ABB,0,5,Load/3/LongIndirect,26,25,1
M_FSDIRECTORY_ENTRYSTEP_D4EA4ABB,1,1,Load/3/LongIndirect,24,23,1
M_FSDIRECTORY_ENTRYSTEP_D4EA4ABB,1,2,Load/4/LongIndirect,24,23,1
M_FSDIRECTORY_ENTRYRESULTSTEP_4C458A60,1,1,Load/3/LongIndirect,24,23,1
M_FSDIRECTORY_ENTRYRESULTSTEP_4C458A60,1,2,Load/4/LongIndirect,24,23,1
M_FSDIRECTORY_ENTRYRESULTSTEP_4C458A60,2,1,Load/3/LongIndirect,24,23,1
M_FSDIRECTORY_ENTRYRESULTSTEP_4C458A60,3,1,Load/3/LongIndirect,24,23,1
M_FSDIRECTORY_ENTRYRESULTSTEP_4C458A60,3,2,Load/4/LongIndirect,24,23,1
M_FSDIRECTORY_SIZESTEP_0C182F8A,0,3,Store/4/LongIndirect,21,20,1
M_FSDIRECTORY_SIZESTEP_0C182F8A,0,5,Load/3/LongIndirect,24,23,1
M_FSDIRECTORY_SIZESTEP_0C182F8A,1,1,Load/3/LongIndirect,24,23,1
M_FSDIRECTORY_SIZESTEP_0C182F8A,1,2,Load/4/LongIndirect,24,23,1
M_FSDIRECTORY_SIZESTEP_0C182F8A,2,1,Load/3/LongIndirect,24,23,1
M_FSDIRECTORY_SIZESTEP_0C182F8A,3,1,Load/3/LongIndirect,24,23,1
M_FSDIRECTORY_SIZESTEP_0C182F8A,5,1,Load/3/LongIndirect,24,23,1
M_FSDIRECTORY_SIZESTEP_0C182F8A,5,2,Load/4/LongIndirect,24,23,1
M_FSDIRECTORY_SIZESTEP_0C182F8A,7,1,Load/3/LongIndirect,24,23,1
M_FSDIRECTORY_SIZESTEP_0C182F8A,7,2,Load/4/LongIndirect,24,23,1
M_FSDIRECTORY_SIZESTARTSTEP_F40FBDAE,2,1,Load/3/LongIndirect,24,23,1
M_FSDIRECTORY_SIZECONTINUESTEP_1EAFA525,1,1,Load/3/LongIndirect,24,23,1
M_FSDIRECTORY_SIZECONTINUESTEP_1EAFA525,1,2,Load/4/LongIndirect,24,23,1
M_FSDIRECTORY_SIZECONTINUESTEP_1EAFA525,2,1,Load/3/LongIndirect,24,23,1
M_FSDIRECTORY_SIZECONTINUESTEP_1EAFA525,3,1,Load/3/LongIndirect,24,23,1
M_FSDIRECTORY_SIZECONTINUESTEP_1EAFA525,3,2,Load/4/LongIndirect,24,23,1
M_FSDIRECTORY_SIZECONTINUESTEP_1EAFA525,6,4,Load/3/LongIndirect,24,23,1
M_FSDIRECTORY_CLEARSTEP_2A4A8FB8,0,5,Load/3/LongIndirect,26,25,1
M_FSDIRECTORY_NAMESTEP_97C5C3EC,0,3,Load/3/LongIndirect,24,23,1
M_FSDIRECTORY_NAMESTEP_97C5C3EC,0,6,Load/3/LongIndirect,24,23,1
M_FSDIRECTORY_NAMESTEP_97C5C3EC,0,9,Load/3/LongIndirect,26,25,1
M_FSDIRECTORY_FILLSTEP_E0581636,0,3,Load/3/LongIndirect,24,23,1
M_FSDIRECTORY_FILLSTEP_E0581636,0,6,Load/3/LongIndirect,24,23,1
M_FSDIRECTORY_FILLSTEP_E0581636,0,9,Load/4/LongIndirect,24,23,1
M_FSDIRECTORY_PUBLISHSTEP_CC8DC0F6,0,3,Load/3/LongIndirect,24,23,1
M_FSDIRECTORY_PUBLISHSTEP_CC8DC0F6,0,6,Load/3/LongIndirect,24,23,1
M_FSDIRECTORY_PUBLISHSTEP_CC8DC0F6,0,11,Load/3/LongIndirect,24,23,1
M_FSDIRECTORY_PUBLISHSTEP_CC8DC0F6,0,12,Store/4/LongIndirect,23,22,1
M_FSIO_BEGIN_68AD59C5,0,1,Load/3/LongIndirect,24,23,1
M_FSIO_BEGIN_68AD59C5,0,2,Load/4/LongIndirect,24,23,1
M_FSIO_BEGIN_68AD59C5,0,4,Store/4/LongIndirect,22,21,1
M_FSIO_BEGIN_68AD59C5,0,8,Load/3/LongIndirect,26,25,1
M_FSIO_BEGIN_68AD59C5,0,12,Load/3/LongIndirect,26,25,1
M_FSIO_BEGIN_68AD59C5,0,18,Load/3/LongIndirect,26,25,1
M_FSIO_BEGIN_68AD59C5,0,21,Load/4/LongIndirect,24,23,1
M_FSIO_BEGIN_68AD59C5,0,22,Store/4/LongIndirect,22,21,1
M_FSIO_BEGIN_68AD59C5,1,1,Load/3/LongIndirect,24,23,1
M_FSIO_BEGIN_68AD59C5,1,2,Store/4/LongIndirect,26,25,1
M_FSIO_COMPLETE_3A967BA3,0,1,Load/3/LongIndirect,24,23,1
M_FSIO_COMPLETE_3A967BA3,0,5,Load/3/LongIndirect,26,25,1
M_FSIO_COMPLETE_3A967BA3,0,9,Load/3/LongIndirect,26,25,1
M_FSIO_COMPLETE_3A967BA3,0,13,Load/4/LongIndirect,24,23,1
M_FSIO_COMPLETE_3A967BA3,0,15,Store/4/LongIndirect,22,21,1
M_FSIO_COMPLETE_3A967BA3,0,17,Load/3/LongIndirect,24,23,1
M_FSIO_COMPLETE_3A967BA3,0,18,Load/4/LongIndirect,24,23,1
M_FSIO_COMPLETE_3A967BA3,1,1,Load/3/LongIndirect,24,23,1
M_FSIO_COMPLETE_3A967BA3,1,2,Store/4/LongIndirect,26,25,1
M_FSIO_COMPLETE_3A967BA3,1,4,Load/3/LongIndirect,24,23,1
M_FSIO_COMPLETE_3A967BA3,1,5,Load/4/LongIndirect,24,23,1
M_FSIO_COMPLETE_3A967BA3,3,1,Load/3/LongIndirect,24,23,1
M_FSIO_COMPLETE_3A967BA3,3,2,Store/4/LongIndirect,26,25,1
M_FSIO_OFFLINE_B7567A31,6,1,Load/3/LongIndirect,24,23,1
M_FSIO_OFFLINE_B7567A31,6,2,Load/4/LongIndirect,24,23,1
M_FSIO_OFFLINE_B7567A31,6,3,Store/4/LongIndirect,22,21,1
M_FSHANDLER_OPENRESULTSTEP_0C25E5DB,0,3,Load/3/LongIndirect,24,23,1
M_FSHANDLER_OPENRESULTSTEP_0C25E5DB,0,4,Load/4/LongIndirect,24,23,1
M_FSHANDLER_OPENRESULTSTEP_0C25E5DB,1,1,Load/3/LongIndirect,24,23,1
M_FSHANDLER_OPENRESULTSTEP_0C25E5DB,2,2,Store/3/LongIndirect,24,23,1
M_FSHANDLER_OPENRESULTSTEP_0C25E5DB,2,4,Load/3/LongIndirect,26,25,1
M_FSHANDLER_OPENRESULTSTEP_0C25E5DB,5,1,Load/3/LongIndirect,24,23,1
M_FSHANDLER_OPENRESULTSTEP_0C25E5DB,6,1,Load/3/LongIndirect,24,23,1
M_FSHANDLER_OPENRESULTSTEP_0C25E5DB,6,4,Load/3/LongIndirect,24,23,1
M_FSHANDLER_OPENRESULTSTEP_0C25E5DB,7,1,Load/3/LongIndirect,24,23,1
M_FSHANDLER_OPENRESULTSTEP_0C25E5DB,7,2,Load/4/LongIndirect,24,23,1
M_FSHANDLER_CURSORSTEP_0CA2CA5E,0,3,Load/3/LongIndirect,24,23,1
M_FSHANDLER_CURSORSTEP_0CA2CA5E,0,5,Load/3/LongIndirect,26,25,1
M_FSHANDLER_CURSORSTEP_0CA2CA5E,1,1,Load/3/LongIndirect,24,23,1
M_FSHANDLER_CURSORSTEP_0CA2CA5E,1,4,Load/3/LongIndirect,24,23,1
M_FSHANDLER_CURSORSTEP_0CA2CA5E,1,9,Load/3/LongIndirect,24,23,1
M_FSHANDLER_CURSORSTEP_0CA2CA5E,1,10,Load/4/LongIndirect,24,23,1
M_FSHANDLER_OPENSTEP_A7675710,0,3,Load/3/LongIndirect,24,23,1
M_FSHANDLER_OPENSTEP_A7675710,0,4,Load/4/LongIndirect,24,23,1
M_FSHANDLER_OPENSTEP_A7675710,2,1,Load/3/LongIndirect,24,23,1
M_FSHANDLER_OPENSTEP_A7675710,2,2,Load/4/LongIndirect,24,23,1
M_FSHANDLER_OPENSTEP_A7675710,3,1,Load/3/LongIndirect,24,23,1
M_FSHANDLER_OPENSTEP_A7675710,3,2,Load/4/LongIndirect,24,23,1
M_FSHANDLER_OPENSTEP_A7675710,5,3,Load/3/LongIndirect,26,25,1
M_FSHANDLER_OPENSTEP_A7675710,5,5,Load/3/LongIndirect,26,25,1
M_FSHANDLER_OPENSTEP_A7675710,5,6,Load/4/LongIndirect,24,23,1
M_FSHANDLER_OPENSTEP_A7675710,5,9,Store/3/LongIndirect,26,25,1
M_FSHANDLER_LOCKSTEP_E0A0D2D5,0,3,Load/3/LongIndirect,24,23,1
M_FSHANDLER_LOCKSTEP_E0A0D2D5,0,4,Load/4/LongIndirect,24,23,1
M_FSHANDLER_LOCKSTEP_E0A0D2D5,2,1,Load/3/LongIndirect,24,23,1
M_FSHANDLER_LOCKSTEP_E0A0D2D5,2,2,Load/4/LongIndirect,24,23,1
M_FSHANDLER_LOCKSTEP_E0A0D2D5,3,1,Load/3/LongIndirect,24,23,1
M_FSHANDLER_LOCKSTEP_E0A0D2D5,3,3,Load/3/LongIndirect,26,25,1
M_FSHANDLER_LOCKSTEP_E0A0D2D5,3,4,Load/4/LongIndirect,24,23,1
M_FSHANDLER_LOCKSTEP_E0A0D2D5,3,7,Store/3/LongIndirect,26,25,1
M_FSHANDLER_RESOLVEREADYSTEP_BDBFDED1,0,3,Load/3/LongIndirect,24,23,1
M_FSHANDLER_RESOLVEREADYSTEP_BDBFDED1,0,6,Load/3/LongIndirect,24,23,1
M_FSHANDLER_OPERATIONRESULT_4184CBFA,1,5,Load/3/LongIndirect,26,25,1
M_FSHANDLER_OPERATIONRESULT_4184CBFA,1,7,Load/3/LongIndirect,26,25,1
M_FSHANDLER_OPERATIONRESULT_4184CBFA,2,1,Load/3/LongIndirect,24,23,1
M_FSHANDLER_OPERATIONRESULT_4184CBFA,2,3,Load/3/LongIndirect,26,25,1
M_FSHANDLER_OPERATIONRESULT_4184CBFA,2,4,Load/4/LongIndirect,24,23,1
M_FSHANDLER_OPERATIONRESULT_4184CBFA,2,5,Store/4/LongIndirect,22,21,1
M_FSHANDLER_OPERATIONRESULT_4184CBFA,2,7,Load/3/LongIndirect,24,23,1
M_FSHANDLER_OPERATIONRESULT_4184CBFA,2,9,Load/3/LongIndirect,26,25,1
M_FSHANDLER_OPERATIONRESULT_4184CBFA,2,10,Load/4/LongIndirect,24,23,1
M_FSHANDLER_OPERATIONRESULT_4184CBFA,2,11,Store/4/LongIndirect,22,21,1
M_FSHANDLER_OPERATIONRESULT_4184CBFA,2,13,Load/3/LongIndirect,24,23,1
M_FSHANDLER_OPERATIONRESULT_4184CBFA,2,14,Load/4/LongIndirect,24,23,1
M_FSHANDLER_OPERATIONRESULT_4184CBFA,3,1,Load/3/LongIndirect,24,23,1
M_FSHANDLER_OPERATIONRESULT_4184CBFA,3,3,Load/3/LongIndirect,26,25,1
M_FSHANDLER_OPERATIONRESULT_4184CBFA,3,4,Load/4/LongIndirect,24,23,1
M_FSHANDLER_OPERATIONRESULT_4184CBFA,3,5,Store/4/LongIndirect,22,21,1
M_FSHANDLER_FILESELECTSTEP_BED2DD8A,0,3,Load/3/LongIndirect,24,23,1
M_FSHANDLER_FILESELECTSTEP_BED2DD8A,0,4,Load/4/LongIndirect,24,23,1
M_FSHANDLER_FILESELECTSTEP_BED2DD8A,2,1,Load/3/LongIndirect,24,23,1
M_FSHANDLER_FILESELECTSTEP_BED2DD8A,2,2,Load/3/LongIndirect,26,25,1
M_FSHANDLER_FILESELECTSTEP_BED2DD8A,2,3,Load/4/LongIndirect,24,23,1
M_FSHANDLER_FILESELECTSTEP_BED2DD8A,2,7,Store/3/LongIndirect,24,23,1
M_FSHANDLER_FILESELECTSTEP_BED2DD8A,2,9,Load/3/LongIndirect,26,25,1
M_FSHANDLER_FILESELECTSTEP_BED2DD8A,4,1,Load/3/LongIndirect,24,23,1
M_FSHANDLER_FILESELECTSTEP_BED2DD8A,4,2,Load/3/LongIndirect,26,25,1
M_FSHANDLER_FILESELECTSTEP_BED2DD8A,4,4,Load/3/LongIndirect,26,25,1
M_FSHANDLER_FILESELECTSTEP_BED2DD8A,6,1,Load/3/LongIndirect,24,23,1
M_FSHANDLER_FILESELECTSTEP_BED2DD8A,6,2,Load/4/LongIndirect,24,23,1
M_FSHANDLER_FILESELECTSTEP_BED2DD8A,8,1,Load/3/LongIndirect,24,23,1
M_FSHANDLER_FILESELECTSTEP_BED2DD8A,8,3,Load/3/LongIndirect,26,25,1
M_FSHANDLER_FILESELECTSTEP_BED2DD8A,8,5,Store/3/LongIndirect,26,25,1
M_FSHANDLER_ARGUMENTSSTEP_DD745A90,0,3,Load/3/LongIndirect,24,23,1
M_FSHANDLER_ARGUMENTSSTEP_DD745A90,0,4,Load/4/LongIndirect,24,23,1
M_FSHANDLER_ARGUMENTSSTEP_DD745A90,1,1,Load/3/LongIndirect,24,23,1
M_FSHANDLER_ARGUMENTSSTEP_DD745A90,1,2,Load/4/LongIndirect,24,23,1
M_FSHANDLER_ARGUMENTSSTEP_DD745A90,2,1,Load/3/LongIndirect,24,23,1
M_FSHANDLER_ARGUMENTSSTEP_DD745A90,2,3,Load/3/LongIndirect,26,25,1
M_FSHANDLER_ARGUMENTSSTEP_DD745A90,2,4,Load/4/LongIndirect,24,23,1
M_FSHANDLER_ARGUMENTSSTEP_DD745A90,2,5,Store/4/LongIndirect,22,21,1
M_FSHANDLER_ARGUMENTSSTEP_DD745A90,2,7,Load/3/LongIndirect,24,23,1
M_FSHANDLER_ARGUMENTSSTEP_DD745A90,2,9,Load/3/LongIndirect,26,25,1
M_FSHANDLER_ARGUMENTSSTEP_DD745A90,2,10,Load/4/LongIndirect,24,23,1
M_FSHANDLER_ARGUMENTSSTEP_DD745A90,2,11,Store/4/LongIndirect,22,21,1
M_FSHANDLER_ARGUMENTSSTEP_DD745A90,4,1,Load/3/LongIndirect,24,23,1
M_FSHANDLER_ARGUMENTSSTEP_DD745A90,4,3,Load/3/LongIndirect,26,25,1
M_FSHANDLER_ARGUMENTSSTEP_DD745A90,4,4,Load/4/LongIndirect,24,23,1
M_FSHANDLER_ARGUMENTSSTEP_DD745A90,4,7,Store/3/LongIndirect,26,25,1
M_FSHANDLER_ARGUMENTSSTEP_DD745A90,4,9,Load/3/LongIndirect,26,25,1
M_FSHANDLER_ARGUMENTSSTEP_DD745A90,4,11,Load/3/LongIndirect,26,25,1
M_FSHANDLER_ARGUMENTSSTEP_DD745A90,4,12,Load/4/LongIndirect,24,23,1
M_FSHANDLER_ARGUMENTSSTEP_DD745A90,4,13,Store/4/LongIndirect,22,21,1
M_FSHANDLER_READSTEP_5B9B1990,0,3,Load/3/LongIndirect,24,23,1
M_FSHANDLER_SEEKSTEP_90261C60,0,3,Load/3/LongIndirect,24,23,1
M_FSHANDLER_DISPATCHSTEP_D149BF3A,0,5,Load/3/LongIndirect,24,23,1
M_FSHANDLER_DISPATCHSTEP_D149BF3A,0,6,Load/4/LongIndirect,24,23,1
M_FSHANDLER_DISPATCHSTEP_D149BF3A,0,9,Load/3/LongIndirect,24,23,1
M_FSHANDLER_DISPATCHSTEP_D149BF3A,0,10,Store/4/LongIndirect,23,22,1
M_FSHANDLER_DISPATCHSTEP_D149BF3A,0,12,Load/3/LongIndirect,24,23,1
M_FSHANDLER_DISPATCHSTEP_D149BF3A,0,13,Store/4/LongIndirect,23,22,1
M_FSHANDLER_DISPATCHSTEP_D149BF3A,1,1,Load/3/LongIndirect,24,23,1
M_FSHANDLER_DISPATCHSTEP_D149BF3A,1,2,Store/4/LongIndirect,23,22,1
M_FSHANDLER_DISPATCHSTEP_D149BF3A,3,1,Load/3/LongIndirect,24,23,1
M_FSHANDLER_DISPATCHSTEP_D149BF3A,3,3,Load/3/LongIndirect,26,25,1
M_FSHANDLER_DISPATCHSTEP_D149BF3A,3,4,Load/3/LongIndirect,26,25,1
M_FSHANDLER_DISPATCHSTEP_D149BF3A,3,7,Load/3/LongIndirect,26,25,1
M_FSHANDLER_DISPATCHSTEP_D149BF3A,3,8,Store/4/LongIndirect,23,22,1
M_FSHANDLER_DISPATCHSTEP_D149BF3A,3,10,Load/3/LongIndirect,24,23,1
M_FSHANDLER_DISPATCHSTEP_D149BF3A,3,11,Store/4/LongIndirect,23,22,1
M_FSHANDLER_MEDIASTEP_8DCF2858,0,3,Load/3/LongIndirect,24,23,1
M_FSHANDLER_MEDIASTEP_8DCF2858,0,4,Load/4/LongIndirect,24,23,1
M_FSHANDLER_MEDIASTEP_8DCF2858,3,1,Load/3/LongIndirect,24,23,1
M_FSHANDLER_MEDIASTEP_8DCF2858,4,1,Load/3/LongIndirect,24,23,1
M_FSHANDLER_MEDIASTEP_8DCF2858,4,2,Load/4/LongIndirect,24,23,1
M_FSHANDLER_MEDIASTEP_8DCF2858,6,1,Load/3/LongIndirect,24,23,1
M_FSHANDLER_MEDIASTEP_8DCF2858,6,2,Store/4/LongIndirect,26,25,1
M_FSHANDLER_MEDIASTEP_8DCF2858,6,6,Load/3/LongIndirect,24,23,1
M_FSHANDLER_MEDIASTEP_8DCF2858,6,7,Load/4/LongIndirect,24,23,1
M_FSHANDLER_ACTIONSTEP_7D527A4E,0,3,Load/3/LongIndirect,24,23,1
M_FSHANDLER_ACTIONSTEP_7D527A4E,0,4,Load/4/LongIndirect,24,23,1
M_FSHANDLER_TAKESTEP_E4E18A11,6,1,Load/3/LongIndirect,24,23,1
M_FSHANDLER_TAKESTEP_E4E18A11,8,0,Store/3/LongIndirect,24,23,1
M_FSHANDLER_TAKESTEP_E4E18A11,8,3,Store/3/LongIndirect,24,23,1
M_FSHANDLER_TAKESTEP_E4E18A11,8,4,Load/3/LongIndirect,26,25,1
M_FSHANDLER_TAKESTEP_E4E18A11,8,5,Store/4/LongIndirect,23,22,1
M_FSHANDLER_TAKESTEP_E4E18A11,8,6,Load/3/LongIndirect,24,23,1
M_FSHANDLER_TAKESTEP_E4E18A11,8,7,Store/4/LongIndirect,23,22,1
M_FSHANDLER_TAKESTEP_E4E18A11,8,8,Load/3/LongIndirect,24,23,1
M_FSHANDLER_TAKESTEP_E4E18A11,8,11,Load/3/LongIndirect,24,23,1
M_FSHANDLER_TAKESTEP_E4E18A11,8,12,Load/3/LongIndirect,26,25,1
M_FSHANDLER_COMPONENTSTEP_389CA8B9,0,3,Load/3/LongIndirect,24,23,1
M_FSHANDLER_COMPONENTSTEP_389CA8B9,1,1,Load/3/LongIndirect,24,23,1
M_FSHANDLER_COMPONENTSTEP_389CA8B9,1,2,Load/4/LongIndirect,24,23,1
M_FSHANDLER_RESOLVESTEP_D6E79D38,1,1,Load/3/LongIndirect,24,23,1
M_FSHANDLER_RESOLVESTEP_D6E79D38,1,2,Load/4/LongIndirect,24,23,1
M_FSHANDLER_RESOLVESTEP_D6E79D38,2,1,Load/3/LongIndirect,24,23,1
M_FSHANDLER_RESOLVESTEP_D6E79D38,6,1,Load/3/LongIndirect,24,23,1
M_FSHANDLER_RESOLVESTEP_D6E79D38,6,2,Load/4/LongIndirect,24,23,1
M_FSHANDLER_RESOLVESTEP_D6E79D38,12,1,Load/3/LongIndirect,24,23,1
M_FSHANDLER_RESOLVESTEP_D6E79D38,12,2,Load/4/LongIndirect,24,23,1
M_FSHANDLER_FILESTEP_A93D50C2,1,1,Load/3/LongIndirect,24,23,1
M_FSHANDLER_FILESTEP_A93D50C2,1,3,Load/3/LongIndirect,26,25,1
M_FSHANDLER_FILESTEP_A93D50C2,1,4,Load/4/LongIndirect,24,23,1
M_FSHANDLER_FILESTEP_A93D50C2,2,1,Load/3/LongIndirect,24,23,1
M_FSABORT_CHECKPOINT_5DD0EDAE,0,1,Load/3/LongIndirect,24,23,1
M_FSABORT_CHECKPOINT_5DD0EDAE,2,1,Load/3/LongIndirect,24,23,1
M_FSABORT_CHECKPOINT_5DD0EDAE,4,1,Load/3/LongIndirect,24,23,1
M_FSABORT_CHECKPOINT_5DD0EDAE,4,2,Load/3/LongIndirect,26,25,1
M_FSABORT_CHECKPOINT_5DD0EDAE,6,1,Load/3/LongIndirect,24,23,1
M_FSABORT_CHECKPOINT_5DD0EDAE,6,2,Load/4/LongIndirect,24,23,1
M_FSABORT_CHECKPOINT_5DD0EDAE,7,1,Load/3/LongIndirect,24,23,1
M_FSABORT_CHECKPOINT_5DD0EDAE,7,2,Load/4/LongIndirect,24,23,1
M_FSABORT_CHECKPOINT_5DD0EDAE,8,1,Load/3/LongIndirect,24,23,1
M_FSABORT_CHECKPOINT_5DD0EDAE,8,2,Load/4/LongIndirect,24,23,1
M_FSABORT_CHECKPOINT_5DD0EDAE,10,1,Load/3/LongIndirect,24,23,1
M_FSABORT_CHECKPOINT_5DD0EDAE,10,2,Load/4/LongIndirect,24,23,1
M_FSABORT_CHECKPOINT_5DD0EDAE,11,1,Load/3/LongIndirect,24,23,1
M_FSABORT_CHECKPOINT_5DD0EDAE,11,2,Load/4/LongIndirect,24,23,1
M_FSABORT_CHECKPOINT_5DD0EDAE,11,5,Load/3/LongIndirect,24,23,1
M_FSABORT_CHECKPOINT_5DD0EDAE,11,6,Store/4/LongIndirect,23,22,1
M_FSABORT_CHECKPOINT_5DD0EDAE,13,1,Load/3/LongIndirect,24,23,1
M_FSABORT_CHECKPOINT_5DD0EDAE,13,2,Store/4/LongIndirect,23,22,1
M_FSABORT_CHECKPOINT_5DD0EDAE,13,4,Load/3/LongIndirect,24,23,1
M_FSABORT_CHECKPOINT_5DD0EDAE,16,1,Load/3/LongIndirect,24,23,1
M_FSABORT_CHECKPOINT_5DD0EDAE,16,2,Load/3/LongIndirect,26,25,1
M_FSABORT_CHECKPOINT_5DD0EDAE,18,1,Load/3/LongIndirect,24,23,1
M_FSABORT_CHECKPOINT_5DD0EDAE,18,4,Load/3/LongIndirect,24,23,1
M_FSABORT_CHECKPOINT_5DD0EDAE,18,6,Load/3/LongIndirect,26,25,1
M_FSABORT_CHECKPOINT_5DD0EDAE,18,7,Load/4/LongIndirect,24,23,1
M_FSABORT_CHECKPOINT_5DD0EDAE,18,8,Store/4/LongIndirect,22,21,1
M_FSABORT_CHECKPOINT_5DD0EDAE,20,1,Load/3/LongIndirect,24,23,1
M_FSABORT_CHECKPOINT_5DD0EDAE,22,1,Load/3/LongIndirect,24,23,1
M_FSABORT_CHECKPOINT_5DD0EDAE,22,4,Load/3/LongIndirect,24,23,1
M_FSABORT_CHECKPOINT_5DD0EDAE,22,9,Store/3/LongIndirect,23,22,1
M_FSWORKER_WORKER_2BB473B0,0,5,Store/3/LongIndirect,26,25,1
M_FSWORKER_WORKER_2BB473B0,0,8,Load/3/LongIndirect,24,23,1
M_FSWORKER_WORKER_2BB473B0,7,0,Load/3/LongIndirect,24,23,1
M_FSWORKER_WORKER_2BB473B0,17,1,Load/3/LongIndirect,26,25,1
M_FSWORKER_WORKER_2BB473B0,17,4,Store/4/LongIndirect,24,23,1
M_FSWORKER_WORKER_2BB473B0,19,1,Load/3/LongIndirect,26,25,1
M_FSWORKER_WORKER_2BB473B0,19,2,Load/3/LongIndirect,26,25,1
M_FSWORKER_WORKER_2BB473B0,21,0,Load/4/LongIndirect,22,21,1
M_FSWORKER_FINISH_EC2E5E2B,0,2,Load/4/LongIndirect,22,21,1
M_FSWORKER_FINISH_EC2E5E2B,0,3,Store/4/LongIndirect,22,21,1
M_FSWORKER_FINISH_EC2E5E2B,0,10,Store/3/LongIndirect,23,22,1
M_FSWORKER_FINISH_EC2E5E2B,0,12,Store/4/LongIndirect,21,20,1
M_FSMOUNT_DISPATCH_FD59F08F,0,5,Load/3/LongIndirect,24,23,1
M_FSMOUNT_DISPATCH_FD59F08F,0,6,Store/4/LongIndirect,23,22,1
M_FSMOUNT_DISPATCH_FD59F08F,0,8,Load/3/LongIndirect,24,23,1
M_FSMOUNT_DISPATCH_FD59F08F,0,9,Store/4/LongIndirect,23,22,1
M_FSMOUNT_DISPATCH_FD59F08F,0,11,Load/3/LongIndirect,24,23,1
M_FSMOUNT_DISPATCH_FD59F08F,0,12,Store/4/LongIndirect,23,22,1
M_FSMOUNT_DISPATCH_FD59F08F,0,14,Load/3/LongIndirect,24,23,1
M_FSMOUNT_DISPATCH_FD59F08F,0,15,Store/4/LongIndirect,23,22,1
M_FSMOUNT_SELECTSTEP_8E807607,0,6,Load/3/LongIndirect,24,23,1
M_FSMOUNT_SELECTSTEP_8E807607,0,7,Load/4/LongIndirect,24,23,1
M_FSMOUNT_SELECTSTEP_8E807607,1,4,Store/4/LongIndirect,24,23,1
M_FSMOUNT_SELECTSTEP_8E807607,1,7,Load/3/LongIndirect,24,23,1
M_FSMOUNT_SELECTSTEP_8E807607,1,8,Store/4/LongIndirect,23,22,1
M_FSMOUNT_SELECTSTEP_8E807607,2,1,Load/3/LongIndirect,24,23,1
M_FSMOUNT_SELECTSTEP_8E807607,2,2,Load/4/LongIndirect,24,23,1
M_FSMOUNT_SELECTSTEP_8E807607,5,8,Store/3/LongIndirect,26,25,1
M_FSMOUNT_COMMANDSTEP_B1883B1A,0,6,Load/3/LongIndirect,24,23,1
M_FSMOUNT_COMMANDSTEP_B1883B1A,0,7,Load/4/LongIndirect,24,23,1
M_FSMOUNT_COMMANDSTEP_B1883B1A,6,1,Load/3/LongIndirect,24,23,1
M_FSMOUNT_REMOVESTEP_BBB2975B,0,3,Load/3/LongIndirect,24,23,1
M_FSMOUNT_REMOVESTEP_BBB2975B,2,3,Load/3/LongIndirect,24,23,1
M_FSMOUNT_REMOVESTEP_BBB2975B,4,1,Load/3/LongIndirect,24,23,1
M_FSMOUNT_DESTROYSTEP_4CF540E7,0,3,Load/3/LongIndirect,24,23,1
M_FSMOUNT_DESTROYSTEP_4CF540E7,0,6,Load/3/LongIndirect,24,23,1
M_FSMOUNT_DESTROYSTEP_4CF540E7,0,7,Store/4/LongIndirect,23,22,1
M_FSMUX_CONTROL_16FCB25F,0,1,Load/3/LongIndirect,24,23,1
M_FSMUX_CONTROL_16FCB25F,2,3,Store/3/LongIndirect,24,23,1
M_FSMUX_CONTROL_16FCB25F,2,5,Store/3/LongIndirect,23,22,1
M_FSBOOT_BEGINSERVICE_BC5D2672,1,1,Store/4/LongIndirect,24,23,1
M_FSBOOT_BEGINSERVICE_BC5D2672,2,9,Store/3/LongIndirect,24,23,1
M_FSBOOT_BEGINSERVICE_BC5D2672,3,4,Store/3/LongIndirect,23,22,1
M_FSBOOT_BEGINSERVICE_BC5D2672,3,6,Store/4/LongIndirect,24,23,1
M_FSBOOT_ENSURE_06ED6F00,1,0,Store/4/LongIndirect,24,23,1
M_FSBOOT_ENSURE_06ED6F00,6,0,Load/3/LongIndirect,24,23,1
M_FSBOOT_ENSURE_06ED6F00,8,0,Store/4/LongIndirect,24,23,1
M_FSBOOT_STOP_AD5246E2,0,2,Load/3/LongIndirect,24,23,1
M_FSBOOT_STOP_AD5246E2,6,0,Load/3/LongIndirect,24,23,1
M_FSBOOT_STOP_AD5246E2,20,3,Load/4/LongIndirect,22,21,1
M_FSBOOT_STOP_AD5246E2,21,0,Load/3/LongIndirect,24,23,1
M_DOSCALLS_ARGUMENTS_D4B63738,0,1,Store/4/LongIndirect,21,20,1
M_DOSCALLS_ARGUMENTS_D4B63738,0,3,Store/4/LongIndirect,21,20,1
M_DOSCALLS_ARGUMENTS_D4B63738,0,5,Store/4/LongIndirect,21,20,1
M_DOSCALLS_ARGUMENTS_D4B63738,0,7,Store/4/LongIndirect,21,20,1
M_DOSCALLS_ARGUMENTS_D4B63738,0,9,Store/4/LongIndirect,21,20,1
M_DOSCALLS_ARGUMENTS_D4B63738,0,11,Store/4/LongIndirect,21,20,1
M_DOSCALLS_ARGUMENTS_D4B63738,0,16,Store/4/LongIndirect,24,23,1
M_DOSCALLS_NAMEARGUMENTS_4FEB00BB,1,1,Store/4/LongIndirect,21,20,1
M_DOSCALLS_NAMEARGUMENTS_4FEB00BB,1,6,Store/4/LongIndirect,24,23,1
M_DOSCALLS_NAMEARGUMENTS_4FEB00BB,1,8,Store/4/LongIndirect,24,23,1
M_DOSCALLS_NAMEARGUMENTS_4FEB00BB,2,4,Store/4/LongIndirect,24,23,1
M_DOSCALLS_NAMEARGUMENTS_4FEB00BB,2,9,Store/4/LongIndirect,24,23,1
M_DOSCALLS_ACQUIRE_C423433E,7,1,Load/3/LongIndirect,24,23,1
M_DOSCALLS_ACQUIRE_C423433E,8,2,Store/4/LongIndirect,22,21,1
M_DOSCALLS_ACQUIRE_C423433E,11,4,Load/4/LongIndirect,22,21,1
M_DOSCALLS_ACQUIRE_C423433E,11,5,Store/4/LongIndirect,22,21,1
M_DOSCALLS_ACQUIRE_C423433E,13,1,Store/4/LongIndirect,24,23,1
M_DOSCALLS_ACQUIRE_C423433E,16,2,Load/3/LongIndirect,24,23,1
M_DOSCALLS_ACQUIRE_C423433E,17,4,Store/4/LongIndirect,24,23,1
M_DOSCALLS_ACQUIRE_C423433E,18,4,Store/4/LongIndirect,24,23,1
M_DOSCALLS_CONFIGURED_B6EDEF76,2,0,Load/3/LongIndirect,24,23,1
M_DOSCALLS_FILE_E8D1DABC,2,1,Load/3/LongIndirect,24,23,1
M_DOSCALLS_FILE_E8D1DABC,4,2,Load/3/LongIndirect,24,23,1
M_DOSCALLS_FILE_E8D1DABC,4,8,Store/4/LongIndirect,24,23,1
M_DOSCALLS_READ_BEE8BE36,12,3,Load/3/LongIndirect,24,23,1
M_DOSCALLS_READ_BEE8BE36,17,1,Load/3/LongIndirect,24,23,1
M_DOSCALLS_READ_BEE8BE36,17,7,Store/4/LongIndirect,24,23,1
M_DOSCALLS_READ_BEE8BE36,17,10,Store/4/LongIndirect,22,21,1
M_DOSCALLS_READ_BEE8BE36,17,13,Load/3/LongIndirect,24,23,1
M_DOSCALLS_WRITE_8E98A1A7,11,3,Load/3/LongIndirect,24,23,1
M_DOSCALLS_SEEK_17FC33E6,13,1,Load/3/LongIndirect,24,23,1
M_DOSCALLS_SEEK_17FC33E6,13,5,Store/4/LongIndirect,22,21,1
M_DOSCALLS_SEEK_17FC33E6,13,8,Store/4/LongIndirect,22,21,1
M_DOSCALLS_SEEK_17FC33E6,13,11,Load/3/LongIndirect,24,23,1
M_DOSCALLS_CLOSE_97169B3A,12,1,Load/3/LongIndirect,24,23,1
M_DOSCALLS_CLOSE_97169B3A,12,8,Load/3/LongIndirect,24,23,1
M_DOSCALLS_UNLOCK_2871018C,6,1,Load/3/LongIndirect,24,23,1
M_DOSCALLS_UNLOCK_2871018C,10,1,Load/3/LongIndirect,24,23,1
M_DOSCALLS_UNLOCK_2871018C,10,5,Load/3/LongIndirect,24,23,1
M_DOSCALLS_INFORMATION_13F25DEC,6,1,Load/3/LongIndirect,24,23,1
M_DOSCALLS_INFORMATION_13F25DEC,6,7,Store/4/LongIndirect,24,23,1
M_DOSCALLS_INFORMATION_13F25DEC,6,10,Load/3/LongIndirect,24,23,1
M_DOSCALLS_SELECTED_604EA3D9,3,1,Load/3/LongIndirect,24,23,1
M_DOSCALLS_SELECTED_604EA3D9,4,1,Load/3/LongIndirect,24,23,1
M_DOSCALLS_SELECTIONREADY_28C831A1,1,1,Store/4/LongIndirect,24,23,1
M_DOSCALLS_SELECTIONREADY_28C831A1,5,1,Store/4/LongIndirect,24,23,1
M_DOSCALLS_SELECT_1EDDE386,8,1,Store/4/LongIndirect,21,20,1
M_DOSCALLS_SELECT_1EDDE386,9,1,Load/3/LongIndirect,24,23,1
M_DOSCALLS_SELECT_1EDDE386,9,5,Store/3/LongIndirect,24,23,1
M_DOSCALLS_SELECT_1EDDE386,10,1,Load/3/LongIndirect,24,23,1
M_DOSCALLS_SELECT_1EDDE386,10,5,Store/3/LongIndirect,24,23,1
M_DOSCALLS_DIRECTORY_C8028D6B,3,1,Store/4/LongIndirect,24,23,1
M_DOSCALLS_DIRECTORY_C8028D6B,4,1,Load/3/LongIndirect,24,23,1
M_DOSCALLS_DIRECTORY_C8028D6B,5,1,Store/4/LongIndirect,24,23,1
M_DOSCALLS_DIRECTORY_C8028D6B,6,2,Load/3/LongIndirect,24,23,1
M_DOSCALLS_DIRECTORY_C8028D6B,7,1,Store/4/LongIndirect,24,23,1
M_DOSCALLS_DIRECTORY_C8028D6B,9,1,Store/4/LongIndirect,24,23,1
M_DOSCALLS_CURRENTDIR_1AA7335E,9,1,Store/4/LongIndirect,24,23,1
M_DOSCALLS_CURRENTDIR_1AA7335E,11,1,Load/3/LongIndirect,24,23,1
M_DOSCALLS_CURRENTDIR_1AA7335E,11,5,Store/3/LongIndirect,24,23,1
M_DOSCALLS_CURRENTDIR_1AA7335E,12,1,Store/4/LongIndirect,21,20,1
M_DOSCALLS_NAMEFROMLOCK_92457C4A,7,1,Store/4/LongIndirect,24,23,1
M_DOSCALLS_NAMEFROMLOCK_92457C4A,9,1,Store/4/LongIndirect,24,23,1
M_DOSCALLS_NAMEFROMLOCK_92457C4A,11,1,Store/4/LongIndirect,24,23,1
M_DOSCALLS_NAMEFROMLOCK_92457C4A,15,1,Store/4/LongIndirect,21,20,1
M_DOSCALLS_ISINTERACTIVE_18CACEEA,4,1,Store/4/LongIndirect,21,20,1
M_TASKINSPECT_SNAPSHOT_72A67CF0,7,12,Load/3/LongIndirect,26,25,1
M_FSINSPECT_SNAPSHOT_873CF8A6,6,1,Load/3/LongIndirect,24,23,1
M_FSINSPECT_SNAPSHOT_873CF8A6,7,1,Load/3/LongIndirect,24,23,1
M_SHELLAPP_SHELLFAIL_9D17A97C,0,1,Load/4/LongIndirect,24,23,1
M_SHELLAPP_SHELLFAIL_9D17A97C,1,2,Store/4/LongIndirect,22,21,1
M_SHELLAPP_SHELLFAIL_9D17A97C,1,5,Store/4/LongIndirect,22,21,1
M_SHELLAPP_SHELLFAIL_9D17A97C,3,1,Store/4/LongIndirect,26,25,1
M_SHELLAPP_SHELLWRITE_F4A8AD7D,0,1,Load/4/LongIndirect,24,23,1
M_SHELLAPP_SHELLWRITE_F4A8AD7D,2,1,Load/4/LongIndirect,24,23,1
M_SHELLAPP_SHELLDIAGNOSTIC_F84A4C35,0,1,Load/4/LongIndirect,24,23,1
M_SHELLAPP_SHELLDIAGNOSTIC_F84A4C35,1,1,Load/4/LongIndirect,24,23,1
M_SHELLAPP_SHELLDIAGNOSTIC_F84A4C35,3,7,Load/4/LongIndirect,24,23,1
M_SHELLAPP_SHELLCHANGE_E2B81D98,2,2,Store/3/LongIndirect,24,23,1
M_SHELLAPP_SHELLCHANGE_E2B81D98,5,3,Load/3/LongIndirect,26,25,1
M_SHELLAPP_SHELLCHANGE_E2B81D98,6,2,Store/3/LongIndirect,24,23,1
M_SHELLAPP_SHELLCHANGE_E2B81D98,6,5,Store/3/LongIndirect,24,23,1
M_SHELLAPP_SHELLCHANGE_E2B81D98,9,1,Load/3/LongIndirect,26,25,1
M_SHELLAPP_SHELLCHANGE_E2B81D98,11,1,Store/3/LongIndirect,25,24,1
M_SHELLAPP_SHELLRELEASELOCK_7049A622,0,1,Load/3/LongIndirect,26,25,1
M_SHELLAPP_SHELLRELEASELOCK_7049A622,2,1,Load/3/LongIndirect,26,25,1
M_SHELLAPP_SHELLRELEASELOCK_7049A622,4,1,Store/3/LongIndirect,25,24,1
M_SHELLAPP_SHELLDIR_EB67AED9,1,2,Load/3/LongIndexed,26,25,1
M_SHELLAPP_SHELLDIR_EB67AED9,2,3,Store/3/LongIndirect,24,23,1
M_SHELLAPP_SHELLDIR_EB67AED9,2,5,Load/3/LongIndirect,26,25,1
M_SHELLAPP_SHELLDIR_EB67AED9,4,3,Load/3/LongIndirect,26,25,1
M_SHELLAPP_SHELLDIR_EB67AED9,6,0,Load/4/LongIndirect,22,21,1
M_SHELLAPP_SHELLDIR_EB67AED9,12,1,Load/3/LongIndirect,26,25,1
M_SHELLAPP_SHELLDIR_EB67AED9,15,3,Load/4/LongIndirect,22,21,1
M_SHELLAPP_SHELLDIR_EB67AED9,19,3,Load/4/LongIndirect,22,21,1
M_SHELLAPP_SHELLDIR_EB67AED9,20,3,Load/4/LongIndirect,24,23,1
M_SHELLAPP_SHELLCLOSECOMMANDINPUT_5DFC114D,0,1,Load/3/LongIndirect,26,25,1
M_SHELLAPP_SHELLCLOSECOMMANDINPUT_5DFC114D,1,1,Load/3/LongIndirect,26,25,1
M_SHELLAPP_SHELLCLOSECOMMANDINPUT_5DFC114D,4,1,Store/3/LongIndirect,25,24,1
M_SHELLAPP_SHELLTYPE_D64CE23C,1,2,Load/3/LongIndexed,26,25,1
M_SHELLAPP_SHELLTYPE_D64CE23C,1,4,Store/3/LongIndirect,24,23,1
M_SHELLAPP_SHELLTYPE_D64CE23C,1,6,Load/3/LongIndirect,26,25,1
M_SHELLAPP_SHELLTYPE_D64CE23C,24,8,Load/4/LongIndirect,24,23,1
M_SHELLAPP_SHELLTASKS_1B8DD8E2,10,3,Load/4/LongIndirect,24,23,1
M_SHELLAPP_SHELLDEVICES_E5FACF4D,11,6,Load/4/LongIndirect,24,23,1
M_SHELLAPP_SHELLMOUNTS_13BE84C6,11,3,Load/4/LongIndirect,24,23,1
M_SHELLAPP_SHELLUNREDIRECT_630E066D,3,1,Load/3/LongIndirect,26,25,1
M_SHELLAPP_SHELLUNREDIRECT_630E066D,4,1,Load/3/LongIndirect,26,25,1
M_SHELLAPP_SHELLUNREDIRECT_630E066D,6,1,Load/3/LongIndirect,26,25,1
M_SHELLAPP_SHELLUNREDIRECT_630E066D,11,1,Load/3/LongIndirect,26,25,1
M_SHELLAPP_SHELLUNREDIRECT_630E066D,12,1,Load/3/LongIndirect,26,25,1
M_SHELLAPP_SHELLUNREDIRECT_630E066D,14,1,Store/3/LongIndirect,25,24,1
M_SHELLAPP_SHELLUNREDIRECT_630E066D,16,1,Load/3/LongIndirect,26,25,1
M_SHELLAPP_SHELLUNREDIRECT_630E066D,17,1,Load/3/LongIndirect,26,25,1
M_SHELLAPP_SHELLUNREDIRECT_630E066D,19,1,Store/3/LongIndirect,25,24,1
M_SHELLAPP_SHELLUNREDIRECT_630E066D,21,1,Load/3/LongIndirect,26,25,1
M_SHELLAPP_SHELLUNREDIRECT_630E066D,23,3,Store/3/LongIndirect,25,24,1
M_SHELLAPP_SHELLUNREDIRECT_630E066D,23,5,Store/3/LongIndirect,25,24,1
M_SHELLAPP_SHELLREDIRECT_BB31A89E,2,4,Store/3/LongIndirect,24,23,1
M_SHELLAPP_SHELLREDIRECT_BB31A89E,2,7,Store/3/LongIndirect,24,23,1
M_SHELLAPP_SHELLREDIRECT_BB31A89E,4,6,Store/3/LongIndirect,24,23,1
M_SHELLAPP_SHELLREDIRECT_BB31A89E,4,8,Load/3/LongIndirect,26,25,1
M_SHELLAPP_SHELLREDIRECT_BB31A89E,8,6,Store/3/LongIndirect,24,23,1
M_SHELLAPP_SHELLREDIRECT_BB31A89E,8,8,Load/3/LongIndirect,26,25,1
M_SHELLAPP_SHELLREDIRECT_BB31A89E,9,3,Load/3/LongIndirect,26,25,1
M_SHELLAPP_SHELLREDIRECT_BB31A89E,12,1,Load/3/LongIndirect,26,25,1
M_SHELLAPP_SHELLREDIRECT_BB31A89E,13,1,Load/3/LongIndirect,26,25,1
M_SHELLAPP_SHELLREDIRECT_BB31A89E,16,1,Load/3/LongIndirect,26,25,1
M_SHELLAPP_SHELLDISPATCH_02D6964A,16,2,Load/3/LongIndexed,26,25,1
M_SHELLAPP_SHELLDISPATCH_02D6964A,17,1,Load/3/LongIndirect,26,25,1
M_SHELLAPP_SHELLCOMMAND_01DF848F,2,1,Store/4/LongIndirect,23,22,1
M_SHELLAPP_SHELLCOMMAND_01DF848F,2,3,Store/4/LongIndirect,23,22,1
M_SHELLAPP_SHELLCOMMAND_01DF848F,16,1,Load/4/LongIndirect,24,23,1
M_SHELLAPP_SHELLCOMMAND_01DF848F,16,2,Store/4/LongIndirect,22,21,1
M_SHELLAPP_SHELLCOMMAND_01DF848F,16,4,Load/4/LongIndirect,24,23,1
M_SHELLAPP_SHELLCOMMAND_01DF848F,16,5,Store/4/LongIndirect,22,21,1
M_SHELLAPP_SHELLREADSTEP_5848FDA6,16,2,Store/4/LongIndirect,23,22,1
M_SHELLAPP_SHELLREADSTEP_5848FDA6,16,4,Store/4/LongIndirect,23,22,1
M_SHELLAPP_SHELLREADSTEP_5848FDA6,22,1,Store/4/LongIndirect,26,25,1
M_SHELLAPP_SHELLREADSTEP_5848FDA6,22,4,Store/4/LongIndirect,22,21,1
M_SHELLAPP_SHELLREADSTEP_5848FDA6,23,1,Load/4/LongIndirect,24,23,1
M_SHELLAPP_SHELLREADSTEP_5848FDA6,23,2,Store/4/LongIndirect,22,21,1
M_SHELLAPP_SHELLREADSTEP_5848FDA6,23,4,Load/4/LongIndirect,24,23,1
M_SHELLAPP_SHELLREADSTEP_5848FDA6,23,5,Store/4/LongIndirect,22,21,1
M_SHELLAPP_SHELLOPEN_DC32811A,4,3,Store/3/LongIndirect,24,23,1
M_SHELLAPP_SHELLOPEN_DC32811A,6,5,Store/3/LongIndirect,24,23,1
M_SHELLAPP_SHELLINITIALPROMPT_9A2AE0BA,0,1,Load/4/LongIndirect,24,23,1
M_SHELLAPP_SHELLINITIALPROMPT_9A2AE0BA,0,2,Store/4/LongIndirect,22,21,1
M_SHELLAPP_SHELLINITIALPROMPT_9A2AE0BA,0,4,Load/4/LongIndirect,24,23,1
M_SHELLAPP_SHELLINITIALPROMPT_9A2AE0BA,0,5,Store/4/LongIndirect,22,21,1
M_SHELLAPP_SHELLFINISH_77CE18A3,5,1,Load/3/LongIndirect,26,25,1
M_SHELLAPP_SHELLFINISH_77CE18A3,9,1,Load/3/LongIndirect,26,25,1
M_SHELLAPP_SHELLFINISH_77CE18A3,16,1,Store/3/LongIndirect,25,24,1
M_SHELLAPP_SHELLFINISH_77CE18A3,16,3,Load/3/LongIndirect,26,25,1
M_SHELLAPP_SHELLFINISH_77CE18A3,18,1,Store/3/LongIndirect,25,24,1
M_SHELLAPP_SHELLFINISH_77CE18A3,18,4,Load/3/LongIndirect,26,25,1
M_SHELLAPP_SHELLFINISH_77CE18A3,28,1,Load/4/LongIndirect,24,23,1
M_SHELLAPP_SHELLBOOTSTART_6A4872BE,2,5,Store/3/LongIndirect,26,25,1
M_SHELLAPP_SHELLBOOTSTART_6A4872BE,2,27,Load/4/LongIndirect,24,23,1
M_SHELLAPP_SHELLBOOTSTART_6A4872BE,6,1,Load/4/LongIndirect,24,23,1
M_SHELLAPP_SHELLBOOTSTART_6A4872BE,10,5,Load/4/LongIndirect,24,23,1
M_SHELLAPP_SHELLBOOTSTART_6A4872BE,12,3,Load/4/LongIndirect,24,23,1
