profile,name,module,bytes,fixed_frame,spill_bytes,local_stack_peak,calls,blocks
optimized-release,M_DEMO_SHELLPARSE_A0346EB9,DEMO,3935,34,26,42,7,126
optimized-release,M_PIPELINE_RUN_E96AA47C,PIPELINE,3061,42,12,56,43,70
optimized-release,M_DOSARGS_DECODE_CCDE93B6,DOSARGS,3039,42,32,60,5,83
optimized-release,M_O65RELOCATIONS_WALK_0850572F,O65RELOCATIONS,2998,70,60,86,20,84
optimized-release,M_CONSOLEDRIVER_WORKER_589B3ABC,CONSOLEDRIVER,2722,50,42,64,64,64
optimized-release,M_DOSPIPE_TRANSFER_59D539F6,DOSPIPE,2337,56,40,68,25,57
optimized-release,M_DEMO_SHELLBOOTSTART_83789768,DEMO,2337,16,12,28,39,23
optimized-release,M_O65WIRE_HEADER_58EA710F,O65WIRE,2236,44,38,60,24,54
optimized-release,M_FSHANDLER_OPENRESULTSTEP_0C25E5DB,FSHANDLER,2153,26,12,38,26,43
optimized-release,M_DOSCALLS_ASSIGNPATH_80851264,DOSCALLS,2098,42,20,56,23,54
optimized-release,M_FSDIRECTORY_SELECT_4CD1EDE7,FSDIRECTORY,2058,22,18,34,19,30
optimized-release,M_SDFSWRITE_CREATE_5E5E06BC,SDFSWRITE,2049,34,22,48,19,41
optimized-release,M_FSHANDLER_FILE_3A9A315C,FSHANDLER,1998,26,18,38,15,24
optimized-release,M_DOSFAULT_MESSAGE_9D326B2A,DOSFAULT,1938,6,6,6,0,79
optimized-release,M_PROGRAMPROVIDERS_RESOLVE_0AD38ACF,PROGRAMPROVIDERS,1934,60,26,76,15,44
optimized-release,M_CONSOLEDISPLAY_CELLS_40A0DF53,CONSOLEDISPLAY,1904,42,34,60,8,33
optimized-release,M_DEMO_SHELLDISPATCH_61C1EC5C,DEMO,1809,16,16,30,44,48
optimized-release,M_MYDOSWRITE_WRITE_992B7BC3,MYDOSWRITE,1769,42,32,54,18,39
optimized-release,M_INPUT_POINTERREAD_16C85D8C,INPUT,1761,70,20,86,7,36
optimized-release,M_FSRELATIVE_BEGIN_CB9D8F8D,FSRELATIVE,1748,28,18,40,13,31
optimized-release,M_PROGRAMFILE_LOAD_6B2BC763,PROGRAMFILE,1741,46,38,62,18,44
optimized-release,M_CONSOLEDRIVER_WRITEQUANTUM_3CD4DB9C,CONSOLEDRIVER,1726,30,14,44,18,50
optimized-release,M_SDFSFILE_MEASURE_B257955B,SDFSFILE,1723,26,20,38,11,31
optimized-release,M_COOKEDLINE_RENDER_D6B4258E,COOKEDLINE,1655,26,22,26,0,44
optimized-release,M_COOKEDLINE_FEED_E5727982,COOKEDLINE,1649,16,14,28,9,70
optimized-release,M_TASKPOLICY_PRODUCERCONTROL_52F9499B,TASKPOLICY,1648,32,14,42,20,55
optimized-release,M_DEMO_SHELLFINISH_96C56219,DEMO,1644,16,8,28,33,31
optimized-release,M_DOSCALLS_NAMESPACE_643E89B3,DOSCALLS,1623,60,16,78,21,31
optimized-release,M_SDFSWRITE_VALIDATE_3C808422,SDFSWRITE,1589,52,52,64,21,45
optimized-release,M_FSHANDLER_DISPATCHSTEP_D149BF3A,FSHANDLER,1579,20,12,32,14,38
optimized-release,M_FSNAMESPACE_RESOLVED_0E070C27,FSNAMESPACE,1576,22,18,34,18,23
optimized-release,M_DEMO_SHELLREADSTEP_67245C10,DEMO,1520,32,16,46,18,29
optimized-release,M_SDFSFILE_DRIVE_59FB4F1B,SDFSFILE,1502,36,18,48,13,21
optimized-release,M_TASKPOLICY_CREATE_EE96600A,TASKPOLICY,1472,34,16,50,10,24
optimized-release,M_DOSFAULT_FORMAT_76BA9D40,DOSFAULT,1449,46,20,60,9,34
optimized-release,M_FSWORKER_WORKER_2BB473B0,FSWORKER,1443,34,24,46,25,37
optimized-release,M_FSALLOC_FIND_C860CAEC,FSALLOC,1438,40,32,52,9,38
optimized-release,M_DEMO_SHELLPATHUPDATE_51351508,DEMO,1437,22,14,36,28,31
optimized-release,M_CONSOLE_CREATE_AA57C2F6,CONSOLE,1424,36,20,54,26,36
optimized-release,M_FSABORT_CHECKPOINT_5DD0EDAE,FSABORT,1406,18,12,30,5,32
optimized-release,M_DEMO_DEMOSTART_FC398735,DEMO,1394,16,10,28,21,28
optimized-release,M_PROCESS_STARTINTERNAL_08C34541,PROCESS,1353,30,12,42,18,37
optimized-release,M_FSINSPECT_SNAPSHOT_873CF8A6,FSINSPECT,1338,22,18,26,3,26
optimized-release,M_DEMO_SHELLALIASCOMMAND_96FDFCD5,DEMO,1337,18,14,30,14,45
optimized-release,M_DOSCLIENT_CALL_35DB3B22,DOSCLIENT,1318,34,22,50,12,35
optimized-release,M_DEMO_SHELLREDIRECT_189A437C,DEMO,1315,16,12,28,17,20
optimized-release,M_CONSOLETILING_SHOW_26065EE8,CONSOLETILING,1309,38,22,50,16,28
optimized-release,M_DOSCALLS_EXPAND_EA5329A2,DOSCALLS,1301,30,18,42,9,41
optimized-release,M_TASKPOLICY_PROCESSCHANGE_3BBD0041,TASKPOLICY,1298,18,8,30,12,59
optimized-release,M_MYDOSWRITE_CREATE_CDAAF016,MYDOSWRITE,1293,28,22,40,9,23
optimized-release,M_DEMO_SHELLDIAGNOSTIC_90251983,DEMO,1293,36,16,52,11,15
optimized-release,M_CONSOLEDISPLAY_ADVANCE_74F2C1A4,CONSOLEDISPLAY,1285,18,12,32,10,31
optimized-release,M_SDFS_HEADER_D37EFF70,SDFS,1283,36,14,48,8,31
optimized-release,M_DOSARGS_DESCRIBE_D600A84B,DOSARGS,1279,20,20,38,5,58
optimized-release,M_INPUT_ACQUIRE_69C538CF,INPUT,1269,28,16,42,17,29
optimized-release,M_SDFSWRITE_WRITE_40A16F7D,SDFSWRITE,1245,38,20,52,14,23
optimized-release,M_DEMO_SHELLALIASREPLACE_D1C41638,DEMO,1215,32,26,44,10,28
optimized-release,M_DEMO_SHELLMOUNTS_AF3EE75C,DEMO,1215,18,18,28,19,23
optimized-release,M_SDFSWRITE_LOCATE_55E19A5E,SDFSWRITE,1213,36,24,48,14,27
optimized-release,M_DEMO_SHELLPIPELINE_3089A788,DEMO,1210,68,18,90,12,13
optimized-release,M_CONSOLEDISPLAY_EDIT_379C99EA,CONSOLEDISPLAY,1207,24,22,36,14,29
optimized-release,M_DEMO_SHELLDIR_42E4EEF3,DEMO,1192,36,16,48,23,23
optimized-release,M_FSWRITE_WRITESTEP_AD20D8EE,FSWRITE,1191,30,16,48,4,16
optimized-release,M_CONSOLEDRIVER_INITIALIZE_D6CB2592,CONSOLEDRIVER,1179,34,12,52,19,24
optimized-release,M_FSWRITE_BEGIN_06B2C6FE,FSWRITE,1174,26,18,38,6,13
optimized-release,M_DEMO_DEMOCOMPUTE_108F568E,DEMO,1173,24,20,38,13,36
optimized-release,M_TASKPOLICY_PROCESSRESERVE_23A33DDB,TASKPOLICY,1166,24,14,30,10,22
optimized-release,M_SDFSDIR_DECODE_445A4286,SDFSDIR,1165,20,18,32,12,27
optimized-release,M_MYDOSWRITE_READPAYLOAD_AC32DCA4,MYDOSWRITE,1161,22,14,34,12,26
optimized-release,M_FSINIT_CONFIG_A7C873FA,FSINIT,1153,26,20,46,9,31
optimized-release,M_CONSOLEDISPLAY_BITMAPCOMPLETE_8FE2FF3C,CONSOLEDISPLAY,1138,24,12,36,6,25
optimized-release,M_DEMO_SHELLTASKS_EC8AA98C,DEMO,1122,18,18,30,14,14
optimized-release,M_TASKPOLICY_INIT_57A5FAC8,TASKPOLICY,1099,20,10,30,19,8
optimized-release,M_PROGRAMPLACE_ALLOCATE_8CF1E5BF,PROGRAMPLACE,1095,22,16,38,5,19
optimized-release,M_FSALLOC_CHANGE_B0E87AF9,FSALLOC,1092,26,14,38,10,22
optimized-release,M_DOSCLIENT_RELEASECONTEXT_90CB2A06,DOSCLIENT,1089,14,8,26,7,28
optimized-release,M_DOSCOOKED_ACQUIRELINE_772F100E,DOSCOOKED,1089,14,12,28,21,31
optimized-release,M_CONSOLEFOREGROUND_HANDOFF_CB9B2D39,CONSOLEFOREGROUND,1088,26,18,38,7,19
optimized-release,M_TASKPOLICY_REQUESTVALID_195CAC51,TASKPOLICY,1084,6,6,14,21,49
optimized-release,M_INPUT_CHECKCONFIG_58BFFC0D,INPUT,1084,8,8,18,3,45
optimized-release,M_TASKPOLICY_PROCESSLAUNCH_8314A6C0,TASKPOLICY,1064,20,14,36,6,20
optimized-release,M_DEMO_SHELLUNREDIRECT_A96C796F,DEMO,1063,10,8,22,10,22
optimized-release,M_CONSOLEDISPLAY_CLAIM_0FF5CDD8,CONSOLEDISPLAY,1050,14,10,26,10,18
optimized-release,M_DOSCALLS_WRITE_8E98A1A7,DOSCALLS,1045,36,10,54,16,25
optimized-release,M_PROGRAM_LOAD_3AF1DE19,PROGRAM,1044,28,16,42,15,15
optimized-release,M_FSWRITEIO_READ_66641E67,FSWRITEIO,1041,26,20,44,13,12
optimized-release,M_DOSPROCESS_CLEANUP_CE292B9A,DOSPROCESS,1034,32,26,42,11,40
optimized-release,M_SDFSWRITE_ROWIO_EF8D2430,SDFSWRITE,1033,34,28,48,10,21
optimized-release,M_DOSRAW_ACQUIRE_CC49A145,DOSRAW,1027,26,12,46,22,18
optimized-release,M_TASKINSPECT_SNAPSHOT_72A67CF0,TASKINSPECT,1026,26,16,30,2,19
optimized-release,M_CONSOLECORE_FEEDINTO_F0C48569,CONSOLECORE,1021,22,16,36,6,35
optimized-release,M_FSPACKET_IDENTITY_6B3677B2,FSPACKET,1009,16,12,24,5,13
optimized-release,M_DOSPROCESS_SNAPSHOT_8415B6DE,DOSPROCESS,1005,12,12,22,4,22
optimized-release,M_DEMO_SHELLLOADCOMMAND_919DB943,DEMO,997,20,20,32,19,25
optimized-release,M_DEMO_SHELLTYPE_1AFF6CB6,DEMO,985,34,18,48,19,27
optimized-release,M_DOSRAW_PREPARE_F51F1B68,DOSRAW,974,16,10,28,11,20
optimized-release,M_SDFSDATE_DECODE_E4AFE2B3,SDFSDATE,971,28,26,40,5,21
optimized-release,M_CONSOLEDRIVER_ADMITWORKER_8B81C455,CONSOLEDRIVER,955,20,14,32,13,15
optimized-release,M_COOKEDLINE_RECALL_089A5861,COOKEDLINE,943,24,20,36,4,22
optimized-release,M_DOSCALLS_ACQUIRE_C423433E,DOSCALLS,931,36,12,54,9,23
optimized-release,M_DOSCALLS_READ_BEE8BE36,DOSCALLS,929,36,10,54,13,20
optimized-release,M_TASKPOLICY_ROUTE_3006B749,TASKPOLICY,925,12,12,22,19,37
optimized-release,M_FSHANDLER_RESOLVEFAILURE_E91D28D8,FSHANDLER,922,20,14,32,3,14
optimized-release,M_FSWRITE_DELETE_68B67BAA,FSWRITE,913,12,12,24,13,30
optimized-release,M_DEMO_SHELLPATH_505E8FAB,DEMO,909,18,14,30,15,18
optimized-release,M_TASKPOLICY_DISPATCH_2D7B283C,TASKPOLICY,899,22,12,34,17,21
optimized-release,M_SDFSWRITE_GROW_073A6F69,SDFSWRITE,889,24,10,36,14,15
optimized-release,M_SIODRIVER_ADMITWORKER_05019805,SIODRIVER,887,20,14,32,7,15
optimized-release,M_DOSBREAK_BEGIN_A70D4CB3,DOSBREAK,874,22,8,32,17,26
optimized-release,M_INPUT_TAKE_28320780,INPUT,872,28,16,40,12,21
optimized-release,M_FSRELATIVE_PARENTRESULT_7CE6B959,FSRELATIVE,858,16,12,28,7,17
optimized-release,M_SDFS_VALIDATEMAP_D7214A91,SDFS,849,24,24,36,8,25
optimized-release,M_CSTRING_IMPL_U32TOA_D9A955C5,CSTRING,847,30,16,30,0,20
optimized-release,M_BLOCKCACHE_STOREPART_C61D91FE,BLOCKCACHE,845,20,14,36,4,11
optimized-release,M_COOKEDLINE_REMEMBER_E39B9025,COOKEDLINE,841,28,16,40,3,31
optimized-release,M_DOSINHERIT_DISCARD_44133C6A,DOSINHERIT,840,28,8,40,12,28
optimized-release,M_DEMO_SHELLMEM_AF895CA1,DEMO,829,12,12,24,28,1
optimized-release,M_DEMO_DEMOFINISH_E4DD1D06,DEMO,827,30,12,42,8,33
optimized-release,M_HEAPCORE_LARGEST_AA9886E8,HEAPCORE,818,38,38,50,4,19
optimized-release,M_CONSOLE_DESTROY_8B3B48E8,CONSOLE,817,18,8,26,24,17
optimized-release,M_DOSCALLS_OPEN_390423B6,DOSCALLS,816,40,20,60,14,22
optimized-release,M_DOSPROCESS_ADOPT_5B5DBE18,DOSPROCESS,812,14,8,26,9,10
optimized-release,M_BLOCKIO_BEGINSTORE_D38E59E4,BLOCKIO,808,16,16,34,5,11
optimized-release,M_SIODRIVER_PREPARE_D10BF723,SIODRIVER,804,18,14,28,1,10
optimized-release,M_DOSPIPE_CREATE_3311B233,DOSPIPE,803,24,8,36,13,15
optimized-release,M_TASKPOLICY_REMOVETASK_35F29A21,TASKPOLICY,800,18,8,28,14,20
optimized-release,M_DEMO_SHELLOPEN_309B1844,DEMO,796,12,12,24,14,9
optimized-release,M_CONSOLEINPUT_DECODE_A428056C,CONSOLEINPUT,789,22,10,22,0,39
optimized-release,M_SDFSFILE_CONSUME_19CF3939,SDFSFILE,788,24,18,30,1,12
optimized-release,M_DOSCOOKED_READLOCKED_B41BFB52,DOSCOOKED,787,22,8,40,12,17
optimized-release,M_O65PROFILE_IMPORTS_FC0170BC,O65PROFILE,785,24,24,38,9,18
optimized-release,M_FSNAMES_STREAM_12DD2A4A,FSNAMES,782,2,2,6,16,25
optimized-release,M_FSLEASES_BUSY_31143750,FSLEASES,781,30,22,42,4,24
optimized-release,M_CSTRING_IMPL_STRLCAT_C4908C8C,CSTRING,780,22,8,22,0,19
optimized-release,M_O65WIRE_EXPORTS_13C8B799,O65WIRE,777,30,22,42,10,21
optimized-release,M_TASKPOLICY_ADD_A5E7C92B,TASKPOLICY,776,28,8,44,18,17
optimized-release,M_CONSOLEFOREGROUND_RECLAIM_59B58C70,CONSOLEFOREGROUND,775,20,18,32,3,16
optimized-release,M_BLOCKWIRE_EXCHANGE_9F443072,BLOCKWIRE,773,32,18,40,7,21
optimized-release,M_MYDOS_VALIDATEBASE_0A85139C,MYDOS,771,28,18,38,1,26
optimized-release,M_CONSOLEDISPLAY_BITMAPEDIT_EF95A6DB,CONSOLEDISPLAY,767,16,10,26,7,23
optimized-release,M_CONSOLEDISPLAY_CURSOR_3EC7579C,CONSOLEDISPLAY,764,18,14,32,5,14
optimized-release,M_FSLOCKS_APPEND_3EC68462,FSLOCKS,763,10,10,18,4,25
optimized-release,M_FSINIT_ALLOCATEMOUNT_EF481898,FSINIT,761,22,12,34,6,7
optimized-release,M_FSINIT_CLEANUP_26675F9E,FSINIT,760,14,10,26,12,18
optimized-release,M_TASKPOLICY_MEMORYCALL_E7816C43,TASKPOLICY,759,32,16,44,12,18
optimized-release,M_HEAPPOLICY_AVAIL_22774B2C,HEAPPOLICY,758,36,30,48,6,19
optimized-release,M_SDFSWRITE_SLOT_E3DFD014,SDFSWRITE,758,26,24,40,8,17
optimized-release,M_CONSOLEDISPLAY_PRESENT_E192ED9F,CONSOLEDISPLAY,744,10,10,20,13,28
optimized-release,M_DOSPROCESS_PREPARE_AF74B007,DOSPROCESS,744,24,8,40,10,24
optimized-release,M_FSINFO_NAME_B42C963D,FSINFO,743,12,12,12,0,20
optimized-release,M_DEMO_SHELLCLASSIFY_4EDF64CA,DEMO,740,2,2,12,14,29
optimized-release,M_SDFSDIR_BEGINENTRY_4CCF1AF9,SDFSDIR,737,20,12,32,6,14
optimized-release,M_DOSUTILITY_READBYTE_60ED3FBB,DOSUTILITY,735,22,12,36,8,16
optimized-release,M_DISPLAY_ACQUIRE_D4F205A1,DISPLAY,733,10,10,20,8,21
optimized-release,M_FS83_COMPONENT_3DA5FCEA,FS83,733,10,10,16,2,29
optimized-release,M_FSBOOT_STOP_AD5246E2,FSBOOT,732,28,18,40,9,24
optimized-release,M_DEMO_SHELLCHANGE_9A7AB49E,DEMO,732,24,8,36,16,13
optimized-release,M_CONSOLETILING_LOCK_D1C61C32,CONSOLETILING,730,20,14,30,10,23
optimized-release,M_INPUT_REFERENCED_138D8154,INPUT,727,20,16,26,1,22
optimized-release,M_FSALLOC_ALLOWED_1FF175A3,FSALLOC,723,20,16,32,2,20
optimized-release,M_FSALLOC_BITMAP_55D4E3AC,FSALLOC,723,30,16,42,6,7
optimized-release,M_MYDOSFILE_BEGINREAD_56DCAA56,MYDOSFILE,721,14,14,26,10,14
optimized-release,M_MYDOSFILE_OPEN_0FD3469F,MYDOSFILE,716,12,12,24,3,18
optimized-release,M_INPUT_RELEASE_78D4EBB0,INPUT,714,20,10,34,13,15
optimized-release,M_FSNAMES_PATH_CFBF830F,FSNAMES,714,34,24,42,2,30
optimized-release,M_FSINIT_WORKSPACE_ED5E2107,FSINIT,710,18,14,30,5,15
optimized-release,M_SIODRIVER_START_4928F5B4,SIODRIVER,708,38,12,48,11,18
optimized-release,M_DOSCALLS_CLOSE_97169B3A,DOSCALLS,708,34,8,52,11,17
optimized-release,M_SDFSFILE_OPEN_2046DF25,SDFSFILE,702,12,12,24,3,18
optimized-release,M_SDFSFILE_BEGINREAD_A4D537D8,SDFSFILE,699,18,18,30,6,14
optimized-release,M_CONSOLEDRIVER_BATCHWRITE_60F6B557,CONSOLEDRIVER,694,26,14,38,5,16
optimized-release,M_SIODRIVER_SIOVALIDATE_7D355271,SIODRIVER,689,12,8,24,2,32
optimized-release,M_SDFSNAME_VALIDATEBASE_03C615D3,SDFSNAME,688,12,12,22,1,22
optimized-release,M_FSWRITEIO_WRITE_4F85FADC,FSWRITEIO,688,26,20,44,9,7
optimized-release,M_EXECMEMORY_RELEASE_A6E307FC,EXECMEMORY,686,10,10,16,2,15
optimized-release,M_SDFSDIR_MEASURE_2E677570,SDFSDIR,686,14,10,26,7,15
optimized-release,M_TASKPOLICY_LIFETIMECALL_A2B2E727,TASKPOLICY,684,22,10,34,8,20
optimized-release,M_FSHANDLER_TAKESTEP_E4E18A11,FSHANDLER,680,22,18,32,6,11
optimized-release,M_HEAPCORE_RETURNRANGE_11C95A83,HEAPCORE,678,28,24,50,5,19
optimized-release,M_DEMO_SHELLARGUMENT_06FF7069,DEMO,676,22,14,26,1,16
optimized-release,M_HEAPPOLICY_START_1455FA91,HEAPPOLICY,675,28,20,38,9,36
optimized-release,M_CONSOLEDRIVER_START_3E6AAC44,CONSOLEDRIVER,675,38,12,48,11,18
optimized-release,M_SDFSWRITE_RECLAIM_B35C64A9,SDFSWRITE,671,34,26,46,7,24
optimized-release,M_FSWRITE_OPEN_799F737F,FSWRITE,670,16,12,28,8,23
optimized-release,M_DEMO_SHELLCOMMAND_F85F9F19,DEMO,670,8,8,20,14,21
optimized-release,M_O65_DESCRIPTOR_41119D04,O65,666,24,16,34,8,11
optimized-release,M_CONSOLEDRIVER_OPEN_434F52B0,CONSOLEDRIVER,665,18,8,28,7,20
optimized-release,M_FSINIT_MOUNTEDSTEP_D00F6B02,FSINIT,661,12,8,18,7,9
optimized-release,M_INPUT_VALID_32EBD3E5,INPUT,658,16,12,22,1,16
optimized-release,M_DOSCOMMAND_SHOWTEMPLATE_03EA47A3,DOSCOMMAND,655,24,16,38,13,20
optimized-release,M_BLOCKIO_BEGINFETCH_6B9D7F07,BLOCKIO,654,20,16,38,6,7
optimized-release,M_FSINIT_ARRIVAL_302FF83F,FSINIT,653,18,14,22,4,5
optimized-release,M_BLOCKCACHE_CREATE_BA82E51A,BLOCKCACHE,650,20,12,32,6,8
optimized-release,M_MYDOS_EXTENT_5BCD29B5,MYDOS,648,24,10,24,0,13
optimized-release,M_DOSCALLS_NAMEFROMLOCK_92457C4A,DOSCALLS,646,24,12,36,8,17
optimized-release,M_DEMO_SHELLDEVICES_F77A45DF,DEMO,645,22,18,32,8,25
optimized-release,M_DOSARGS_WORD_271132B0,DOSARGS,644,8,8,8,0,33
optimized-release,M_FSOPERATION_AUTHORITY_2081E9D0,FSOPERATION,643,18,12,18,0,12
optimized-release,M_BLOCKCACHE_READ_6E9EB2D8,BLOCKCACHE,643,22,16,38,8,14
optimized-release,M_DOSINHERIT_FINALIZEDETACHED_E855A6F0,DOSINHERIT,640,18,8,36,10,10
optimized-release,M_TASKPOLICY_STACKSLOT_2A322EEA,TASKPOLICY,639,14,14,18,2,14
optimized-release,M_CONSOLECORE_PRESENTED_91E62DC9,CONSOLECORE,633,12,12,12,0,12
optimized-release,M_CONSOLEFOREGROUND_END_65D34F46,CONSOLEFOREGROUND,631,20,14,32,6,12
optimized-release,M_DEMO_SHELLEXTERNAL_6FFCDB1B,DEMO,630,42,12,54,11,7
optimized-release,M_MYDOSWRITE_VALIDATE_B3BA3338,MYDOSWRITE,628,38,38,50,4,11
optimized-release,M_TASKPOLICY_MASKS_49833CE1,TASKPOLICY,627,34,14,50,7,15
optimized-release,M_TASKPOLICY_IOREQUESTCALL_7ACD78BD,TASKPOLICY,625,14,8,28,9,26
optimized-release,M_CONSOLEDRIVER_ARRIVAL_EC6B7DA9,CONSOLEDRIVER,625,18,8,28,10,21
optimized-release,M_CONSOLEDRIVER_FREESTORAGE_02676B4B,CONSOLEDRIVER,625,22,12,34,11,7
optimized-release,M_CONSOLECONTROL_SUBMIT_2C979A45,CONSOLECONTROL,623,18,8,30,10,14
optimized-release,M_DOSINHERIT_STREAM_24BB16AC,DOSINHERIT,621,14,8,26,11,15
optimized-release,M_HEAPPOLICY_VALIDATEREGIONS_C3A52ACE,HEAPPOLICY,619,36,32,46,7,17
optimized-release,M_SIODRIVER_STOP_B26AF28A,SIODRIVER,617,42,12,54,12,14
optimized-release,M_DOSCOMMAND_READARGSORHELP_AC23446B,DOSCOMMAND,617,14,8,36,8,20
optimized-release,M_FSOPERATION_PUMP_B18C8A95,FSOPERATION,616,14,12,20,8,18
optimized-release,M_TASKPOLICY_IOCALL_78031962,TASKPOLICY,615,24,12,38,9,20
optimized-release,M_SIODRIVER_WORKER_374ADF8C,SIODRIVER,615,24,16,38,20,13
optimized-release,M_CONSOLETILING_HIDELOCKED_54ED13CF,CONSOLETILING,611,20,14,28,5,14
optimized-release,M_FSPACKET_PUBLISHOPENSTEP_55EACFB5,FSPACKET,611,18,12,28,3,5
optimized-release,M_CONSOLEWINDOWS_RUNNABLE_B9919222,CONSOLEWINDOWS,607,20,10,26,4,23
optimized-release,M_CONSOLEFOREGROUND_ALLOCATE_F1C749CC,CONSOLEFOREGROUND,604,22,18,34,4,10
optimized-release,M_FSRELATIVE_SEED_FD9BA1BB,FSRELATIVE,604,16,12,26,3,9
optimized-release,M_TASKPOLICY_IOENQUEUE_EC975914,TASKPOLICY,598,20,14,32,5,10
optimized-release,M_EXECMEMORY_RESERVEEXACT_88D3D2C8,EXECMEMORY,597,10,10,16,2,13
optimized-release,M_SIODRIVER_RUNREQUEST_4500BA50,SIODRIVER,596,12,8,20,14,16
optimized-release,M_FSWRITE_NORMALIZE_5C686BA8,FSWRITE,595,18,10,30,5,15
optimized-release,M_BLOCKIO_CREATE_DF5BA086,BLOCKIO,593,16,12,28,9,9
optimized-release,M_MYDOSFILE_TARGET_3D0FAE04,MYDOSFILE,593,14,14,26,6,12
optimized-release,M_CONSOLEDISPLAY_DISCARDBATCH_161CED78,CONSOLEDISPLAY,592,26,12,38,5,9
optimized-release,M_CONSOLEDISPLAY_BEGINBATCH_E8453865,CONSOLEDISPLAY,588,10,10,26,6,17
optimized-release,M_CONSOLEINPUT_PUMP_600356CC,CONSOLEINPUT,584,30,20,42,8,20
optimized-release,M_CONSOLEDISPLAY_REMOVECURSOR_56933EEC,CONSOLEDISPLAY,583,26,18,40,6,8
optimized-release,M_CONSOLEDISPLAY_PRESENTBATCH_DC8CCBC5,CONSOLEDISPLAY,583,20,12,30,6,12
optimized-release,M_DOSCALLS_SEEK_17FC33E6,DOSCALLS,582,28,8,46,9,14
optimized-release,M_CONSOLEFOREGROUND_BEGIN_4DD9FFD0,CONSOLEFOREGROUND,580,18,10,30,6,12
optimized-release,M_FSIO_COMPLETE_3A967BA3,FSIO,580,24,24,42,4,7
optimized-release,M_MYDOSWRITE_ENTRYIO_ACBE3032,MYDOSWRITE,579,24,16,36,5,5
optimized-release,M_SDFSWRITE_SPACE_ED9B8102,SDFSWRITE,579,30,14,44,6,9
optimized-release,M_FSREGISTRY_LOOKUP_AD8B60C1,FSREGISTRY,578,22,18,36,4,15
optimized-release,M_HEAPPOLICY_FREEVECTOR_698EC5DE,HEAPPOLICY,575,34,18,48,8,15
optimized-release,M_DOSCOOKED_WIRE_7D812E8B,DOSCOOKED,573,22,10,32,2,19
optimized-release,M_CSTRING_IMPL_STRLCPY_C7039D62,CSTRING,573,14,4,14,0,14
optimized-release,M_CONSOLEDISPLAY_ERASE_7308FAA4,CONSOLEDISPLAY,572,18,18,32,6,18
optimized-release,M_O65_VALIDATE_31EC2383,O65,571,20,14,28,11,18
optimized-release,M_DOSPROCESS_DISCARD_B47D4E40,DOSPROCESS,571,8,8,14,4,14
optimized-release,M_FSINIT_ALLOCATEBLOCK_5C0916F0,FSINIT,570,14,8,26,2,3
optimized-release,M_DOSUTILITY_WRITEALL_BCEF29C3,DOSUTILITY,570,26,26,40,7,14
optimized-release,M_DOSARGS_NUMERIC_B3350961,DOSARGS,570,22,22,34,1,16
optimized-release,M_SDFSFILE_BEGINSEEK_80AE6CDC,SDFSFILE,569,24,18,36,4,11
optimized-release,M_SDFSDIR_HEADER_A6C13D37,SDFSDIR,566,20,12,32,7,6
optimized-release,M_DEMO_SHELLWRITE_F024753B,DEMO,566,22,12,36,5,17
optimized-release,M_SDFSWRITE_EMPTY_E038B2BB,SDFSWRITE,565,22,22,36,7,14
optimized-release,M_CONSOLEDRIVER_READQUANTUM_10EBF725,CONSOLEDRIVER,562,18,10,30,4,20
optimized-release,M_FSPACKET_REPLY_F0943484,FSPACKET,558,12,8,22,4,1
optimized-release,M_TASKPOLICY_LEASESTORAGE_C3092E33,TASKPOLICY,557,20,12,30,4,11
optimized-release,M_CONSOLEDRIVER_BEGINIO_76358745,CONSOLEDRIVER,556,18,8,28,7,13
optimized-release,M_TASKPOLICY_PROCESSSTORAGEEMPTY_D996E6A7,TASKPOLICY,555,8,8,8,0,1
optimized-release,M_FSMOUNT_SELECTSTEP_8E807607,FSMOUNT,555,22,10,34,5,6
optimized-release,M_DOSCALLS_DESTINATION_E6EBC832,DOSCALLS,548,10,8,20,8,19
optimized-release,M_SIODRIVER_OPEN_9AA3F320,SIODRIVER,547,18,10,18,0,17
optimized-release,M_SDFSWRITE_RENAME_68E1123E,SDFSWRITE,547,10,10,24,5,15
optimized-release,M_DOSCALLS_FLUSH_D2ADBAEC,DOSCALLS,546,28,8,46,7,14
optimized-release,M_HEAPCORE_INSERTFREE_129E41BB,HEAPCORE,545,18,14,32,2,12
optimized-release,M_TASKPOLICY_AVAILABLERECORD_80983EA0,TASKPOLICY,541,20,10,30,3,15
optimized-release,M_DOSCALLS_CONSOLEINFO_6FF559CD,DOSCALLS,537,32,14,44,8,12
optimized-release,M_EXECMEMORY_ADOPT_494D3B99,EXECMEMORY,535,8,8,8,0,25
optimized-release,M_FSINIT_DESTROYMOUNT_00D5D10B,FSINIT,533,8,8,20,10,13
optimized-release,M_MYDOSFILE_CONTINUEOPERATION_DDF4199B,MYDOSFILE,532,12,8,24,8,11
optimized-release,M_IOCORE_SUBMIT_5D7CB97A,IOCORE,531,22,10,30,8,20
optimized-release,M_SDFSDIR_BUFFEREDENTRY_374F4FF7,SDFSDIR,531,20,10,32,7,15
optimized-release,M_INPUT_CREATEROUTE_F78B5B60,INPUT,530,22,22,28,6,12
optimized-release,M_CONSOLEDISPLAY_RELEASE_C2AC22C5,CONSOLEDISPLAY,530,10,10,22,8,9
optimized-release,M_DOSRAW_COMPLETE_0FD428DA,DOSRAW,530,26,10,36,3,21
optimized-release,M_MYDOSFILE_CONSUME_CDF927EF,MYDOSFILE,530,20,14,30,5,8
optimized-release,M_TASKMEMORY_WRITABLE_FBC2061D,TASKMEMORY,528,20,16,20,0,12
optimized-release,M_CONSOLEDRIVER_VALIDATE_72D30322,CONSOLEDRIVER,528,14,14,26,2,17
optimized-release,M_MYDOSFILE_VALIDATE_CCD11D35,MYDOSFILE,528,16,12,28,6,13
optimized-release,M_DOSINHERIT_CLONELOCK_889C592A,DOSINHERIT,527,16,12,28,13,7
optimized-release,M_MYDOSFILE_TRAILER_58DD2DFC,MYDOSFILE,526,24,12,30,1,7
optimized-release,M_DOSPROCESS_PREPAREGROUP_5B2830CC,DOSPROCESS,525,24,8,40,12,12
optimized-release,M_CONSOLECORE_MARKROW_74F1B9FE,CONSOLECORE,522,12,12,12,0,7
optimized-release,M_DOSGROUP_JOIN_A4542070,DOSGROUP,521,10,6,20,6,16
optimized-release,M_DEVICEINSPECT_SNAPSHOT_EBB6295F,DEVICEINSPECT,519,14,8,18,4,11
optimized-release,M_DOSCLIENT_NEWCLIENT_41735729,DOSCLIENT,512,12,8,24,3,5
optimized-release,M_CONSOLETILING_SELECT_D724C265,CONSOLETILING,510,16,10,24,7,8
optimized-release,M_FSLEASES_LIVE_C7D42DE5,FSLEASES,509,30,28,42,4,11
optimized-release,M_MYDOS_DECODE_69B6DF25,MYDOS,509,14,14,14,0,4
optimized-release,M_SDFSNAME_DESCEND_5D259778,SDFSNAME,509,10,10,10,0,13
optimized-release,M_CONSOLEFOREGROUND_DELIVER_8D52BBDC,CONSOLEFOREGROUND,508,22,12,30,9,11
optimized-release,M_BLOCKIO_OPENVOLUME_36B90798,BLOCKIO,508,18,12,38,5,5
optimized-release,M_DOSCALLS_GETASSIGN_704BF595,DOSCALLS,508,30,16,42,5,16
optimized-release,M_FSHANDLER_OPEN_99490956,FSHANDLER,507,16,12,28,6,6
optimized-release,M_CONSOLEBATCH_BEGIN_A348F06D,CONSOLEBATCH,506,10,10,10,0,12
optimized-release,M_MYDOS_BUFFEREDENTRY_DC465C80,MYDOS,506,20,12,32,4,11
optimized-release,M_HEAPPOLICY_RESERVE_42F2499D,HEAPPOLICY,505,30,16,42,6,14
optimized-release,M_TASKPOLICY_PORTCALL_70989793,TASKPOLICY,503,20,12,34,6,14
optimized-release,M_HEAPCORE_RESERVE_2192E9C0,HEAPCORE,501,32,28,54,4,15
optimized-release,M_MYDOS_DESCEND_C497F8DD,MYDOS,501,26,16,26,0,12
optimized-release,M_FSOPERATION_PREPARE_EA34E162,FSOPERATION,499,12,12,18,2,12
optimized-release,M_TASKPOLICY_IOSETTLEDCALL_042AE5B9,TASKPOLICY,495,16,12,28,4,15
optimized-release,M_CONSOLECORE_BATCHDAMAGE_51FD9990,CONSOLECORE,494,14,14,28,1,9
optimized-release,M_FSHANDLER_RESOLVESTEP_D6E79D38,FSHANDLER,493,12,8,24,5,15
optimized-release,M_FSWRITE_FINALIZE_1B960C91,FSWRITE,492,8,8,18,1,10
optimized-release,M_PROCESS_RUN_4C2ABD87,PROCESS,491,18,12,28,9,7
optimized-release,M_CONSOLEDRIVER_ABORTIO_EFA380E8,CONSOLEDRIVER,490,14,8,26,4,13
optimized-release,M_DOSRAW_RELEASEENDPOINT_3E946265,DOSRAW,489,14,8,26,12,8
optimized-release,M_FSOPERATION_REQUEST_3F73D6DE,FSOPERATION,486,14,10,26,7,10
optimized-release,M_DOSCOOKED_CANCELLINE_F449849C,DOSCOOKED,486,12,8,26,5,5
optimized-release,M_FSALLOC_COUNTROOM_E5C7D397,FSALLOC,486,24,14,36,5,10
optimized-release,M_PROCESS_RELEASESTORAGE_F7C3DB6E,PROCESS,486,12,12,24,7,9
optimized-release,M_CONSOLEDRIVER_IMMEDIATE_01EBE21F,CONSOLEDRIVER,483,14,14,18,1,22
optimized-release,M_CONSOLECONTROL_PROCESS_46BB287E,CONSOLECONTROL,482,22,12,30,10,9
optimized-release,M_MYDOS_RESOLVESTEP_4ADA26D9,MYDOS,482,12,12,18,5,21
optimized-release,M_O65READ_STRING_E289F21C,O65READ,482,18,12,30,6,12
optimized-release,M_DOSCALLS_LOCK_DE185F87,DOSCALLS,481,34,16,54,8,9
optimized-release,M_COOKEDLINE_DRAIN_A743CD2C,COOKEDLINE,479,16,12,28,3,14
optimized-release,M_FSDIRECTORY_ENTRYRESULTSTEP_4C458A60,FSDIRECTORY,478,14,10,26,5,12
optimized-release,M_DOSCANCEL_TRANSFER_DC8DFD88,DOSCANCEL,472,22,18,30,6,16
optimized-release,M_DOSRAW_OPENSIZED_F1E27B78,DOSRAW,471,14,8,26,7,5
optimized-release,M_SIODRIVER_HARDWAREINIT_3568BDA6,SIODRIVER,469,8,4,22,16,16
optimized-release,M_FSIO_BEGIN_68AD59C5,FSIO,464,18,16,32,2,3
optimized-release,M_SDFS_CACHE_55DBD7B1,SDFS,463,20,16,26,1,5
optimized-release,M_BOOTCONFIG_INIT_610CE665,BOOTCONFIG,462,22,4,28,1,13
optimized-release,M_MYDOSFILE_VISIT_2F7F40D0,MYDOSFILE,462,18,14,24,1,9
optimized-release,M_FSWRITEIO_FAILED_0CF5DEA4,FSWRITEIO,462,8,8,14,4,7
optimized-release,M_DEMO_SHELLPATHASSIGNED_B6DA4F91,DEMO,462,18,16,26,2,26
optimized-release,M_CONSOLEDRIVER_CLOSE_60C60326,CONSOLEDRIVER,460,14,8,26,8,7
optimized-release,M_MYDOSWRITE_MARK_0E6D7B2D,MYDOSWRITE,460,16,12,28,5,5
optimized-release,M_DOSGROUP_END_0E9A4197,DOSGROUP,459,14,10,26,9,11
optimized-release,M_CONSOLEWINDOWS_TAKE_9FD09734,CONSOLEWINDOWS,457,14,14,20,3,16
optimized-release,M_FSOPERATION_CANCELLABLE_CAA34525,FSOPERATION,456,8,8,8,0,1
optimized-release,M_DOSINHERIT_CLONE_1DB40F0B,DOSINHERIT,456,10,4,20,10,18
optimized-release,M_DEMO_SHELLPIPEBOUNDARY_12E051D2,DEMO,455,12,12,16,1,7
optimized-release,M_DOSINHERIT_CLONEFILE_B3A0D025,DOSINHERIT,453,10,6,20,10,7
optimized-release,M_DOSRAW_INITIALIZE_D871F7B7,DOSRAW,452,10,6,16,1,1
optimized-release,M_DOSPIPE_CLONE_F42CC55A,DOSPIPE,451,16,8,28,6,12
optimized-release,M_FSBOOT_ENSURE_06ED6F00,FSBOOT,451,10,8,16,5,18
optimized-release,M_HEAPCORE_BOUNDS_2387CB05,HEAPCORE,450,24,18,30,5,13
optimized-release,M_CONSOLEWINDOWS_RESERVE_27D75673,CONSOLEWINDOWS,450,18,14,28,2,10
optimized-release,M_DOSPROCESS_RELEASEPARENT_43E07877,DOSPROCESS,449,14,8,20,4,11
optimized-release,M_FSWRITE_CREATE_47C6C0B3,FSWRITE,448,14,14,26,5,11
optimized-release,M_FSINSPECT_CACHESTATUS_E621CC2A,FSINSPECT,448,16,8,20,3,7
optimized-release,M_DOSRAW_LIVE_14427091,DOSRAW,445,18,14,26,1,10
optimized-release,M_SDFSWRITE_MARK_BAD71DEB,SDFSWRITE,445,12,8,26,5,6
optimized-release,M_CONSOLETILING_UNLOCK_9D80F64D,CONSOLETILING,444,14,10,26,8,10
optimized-release,M_MYDOSFILE_BEGINSEEK_007E9A86,MYDOSFILE,442,8,8,20,7,10
optimized-release,M_TASKPOLICY_DOSADMIT_DEA63DC3,TASKPOLICY,441,20,10,36,4,12
optimized-release,M_TASKPOLICY_ADMIT_CF1671AB,TASKPOLICY,440,14,10,24,4,1
optimized-release,M_MYDOSFILE_LOCATE_F172D4F1,MYDOSFILE,440,22,14,34,5,7
optimized-release,M_O65READ_NAME_0A34D852,O65READ,440,12,12,22,5,13
optimized-release,M_DOSOBJECTS_UNLINK_C978FCF4,DOSOBJECTS,439,18,12,24,1,12
optimized-release,M_FSALLOC_TAKE_9AD436E4,FSALLOC,439,14,8,26,3,7
optimized-release,M_DOSGROUP_LEAVE_AF8BE2F5,DOSGROUP,439,12,8,18,3,15
optimized-release,M_TASKPOLICY_DOSINIT_97B41A44,TASKPOLICY,437,20,14,20,0,7
optimized-release,M_CONSOLEDISPLAY_LISTVALID_C50FC922,CONSOLEDISPLAY,434,12,12,12,0,22
optimized-release,M_MYDOSFILE_COPY_B45932A2,MYDOSFILE,434,24,12,30,1,5
optimized-release,M_HEAPCORE_SPLIT_B6117102,HEAPCORE,433,30,14,44,2,6
optimized-release,M_DOSCALLS_CREATEDIR_E8A266C7,DOSCALLS,433,34,16,54,6,7
optimized-release,M_CONSOLEDRIVER_STOP_093D3500,CONSOLEDRIVER,431,38,10,48,10,10
optimized-release,M_DOSPIPE_DISCARD_EA487971,DOSPIPE,430,8,4,20,8,13
optimized-release,M_DEMO_SHELLBOOTSIO_CB000C63,DEMO,430,22,12,42,11,9
optimized-release,M_BLOCKIO_FINISHFETCH_D55D2AA5,BLOCKIO,428,20,16,36,6,4
optimized-release,M_DOSRAW_CLOSESIZED_2208AD92,DOSRAW,428,16,8,28,8,9
optimized-release,M_FSINFO_FILL_CDFFBE8F,FSINFO,428,6,6,6,0,7
optimized-release,M_DOSCALLS_INFORMATION_13F25DEC,DOSCALLS,428,32,12,50,6,7
optimized-release,M_TASKPOLICY_REGISTRYCALL_6B5FFB7F,TASKPOLICY,427,14,8,24,7,14
optimized-release,M_SDFSNAME_RESOLVESTEP_B2924B88,SDFSNAME,427,16,12,30,7,13
optimized-release,M_FS83_STARTRESOLVE_ED05839D,FS83,426,12,12,12,0,10
optimized-release,M_SDFSDIR_SEED_AE4E45A1,SDFSDIR,426,20,16,26,2,5
optimized-release,M_DEMO_SHELLNUMBER_CB70AEA1,DEMO,426,26,16,40,3,4
optimized-release,M_FSRELATIVE_PARENTDONE_9C191F46,FSRELATIVE,425,12,12,24,5,6
optimized-release,M_TASKPOLICY_PROCESSCANREMOVE_140447A5,TASKPOLICY,424,14,14,18,2,9
optimized-release,M_DOSCALLS_CURRENTDIR_1AA7335E,DOSCALLS,424,24,8,34,5,13
optimized-release,M_DEMO_DEMONUMBER_B404F7D0,DEMO,424,24,16,24,0,11
optimized-release,M_MYDOS_HEADER_A95A323A,MYDOS,423,30,14,36,1,7
optimized-release,M_SIODRIVER_BOUND_DC2366E0,SIODRIVER,421,22,10,22,0,8
optimized-release,M_EXECMEMORY_ACQUIRE_EAA019EB,EXECMEMORY,420,10,10,16,1,10
optimized-release,M_CONSOLEBITMAP_RUN_859D3E7A,CONSOLEBITMAP,419,22,12,28,5,13
optimized-release,M_FSHANDLER_OPERATIONRESULT_4184CBFA,FSHANDLER,419,12,12,18,1,6
optimized-release,M_DOSCALLS_UNLOCK_2871018C,DOSCALLS,419,24,8,42,7,11
optimized-release,M_DOSBREAK_ALLOCATE_10964711,DOSBREAK,418,14,10,26,5,5
optimized-release,M_FSINIT_OPENEDSTEP_3B4623A1,FSINIT,418,16,12,22,3,5
optimized-release,M_FSDIRECTORY_PUBLISHSTEP_CC8DC0F6,FSDIRECTORY,414,16,12,30,5,1
optimized-release,M_DISPLAY_VALID_AD4A9CEB,DISPLAY,412,10,10,16,1,4
optimized-release,M_DOSGROUP_BEGIN_073142E7,DOSGROUP,410,12,4,22,9,13
optimized-release,M_CONSOLEDRIVER_PREPAREWAITER_2678D1F7,CONSOLEDRIVER,406,12,10,22,4,5
optimized-release,M_SIODRIVER_PREPAREWAITER_A5456107,SIODRIVER,406,12,10,22,4,5
optimized-release,M_MYDOSFILE_LINK_86A70D17,MYDOSFILE,405,18,14,24,1,9
optimized-release,M_DOSARGS_PARSE_ACA8C265,DOSARGS,404,66,12,90,4,19
optimized-release,M_MYDOSFILE_CANCEL_40161F05,MYDOSFILE,403,20,16,26,1,4
optimized-release,M_SIODRIVER_FINISH_D94C5F1F,SIODRIVER,401,20,8,26,5,9
optimized-release,M_FSREGISTRY_FROMHEADER_DCD07C60,FSREGISTRY,399,18,12,18,0,18
optimized-release,M_TASKPOLICY_SENDMESSAGE_7332557D,TASKPOLICY,396,16,8,28,5,13
optimized-release,M_MYDOSWRITE_DELETE_256A83D3,MYDOSWRITE,396,12,8,24,5,13
optimized-release,M_DOSFAULT_PRINTFAULT_CDC48706,DOSFAULT,395,26,12,42,4,6
optimized-release,M_HEAPPOLICY_REGION_F42DC07D,HEAPPOLICY,394,16,10,22,1,1
optimized-release,M_DOSPROCESS_ENTERFOREGROUND_ADB53B83,DOSPROCESS,394,18,10,30,7,7
optimized-release,M_CONSOLEDRIVER_IDLE_F6EAB10E,CONSOLEDRIVER,393,16,16,22,1,13
optimized-release,M_MYDOSWRITE_TRUNCATE_A6EAB42C,MYDOSWRITE,393,10,4,22,7,7
optimized-release,M_DOSRAW_UNIT_B2527969,DOSRAW,392,14,14,14,0,16
optimized-release,M_SDFSWRITE_TRUNCATE_031B9696,SDFSWRITE,392,12,8,24,6,9
optimized-release,M_DEMO_DEMONAME_3669E60C,DEMO,391,14,14,14,0,7
optimized-release,M_FSLEASES_UNLINK_039AB2C8,FSLEASES,390,12,8,18,3,11
optimized-release,M_DOSCOOKED_BEGIN_9BFE5F7B,DOSCOOKED,389,16,8,30,4,9
optimized-release,M_SDFSDIR_BEGINHEADER_0CDE2CA0,SDFSDIR,386,16,12,30,3,7
optimized-release,M_MYDOSWRITE_SLOT_AA2228B6,MYDOSWRITE,386,16,16,28,3,12
optimized-release,M_FSDIRECTORY_INITLOCKSTATE_606A2BB5,FSDIRECTORY,386,18,18,28,1,5
optimized-release,M_FSMOUNT_REMOVESTEP_BBB2975B,FSMOUNT,386,12,8,24,4,8
optimized-release,M_TASKPOLICY_PORTDELETE_CF47DFE6,TASKPOLICY,385,22,14,30,4,12
optimized-release,M_MYDOSFILE_MEASURE_660762A9,MYDOSFILE,385,8,4,18,5,13
optimized-release,M_CONSOLECORE_INIT_F63331F9,CONSOLECORE,384,10,10,26,3,14
optimized-release,M_SDFSDIR_VALIDATEPARENT_CC71085A,SDFSDIR,382,16,10,28,3,9
optimized-release,M_DEMO_SHELLTEXT_3AA6BB8B,DEMO,382,16,16,28,4,16
optimized-release,M_PROGRAMIMAGE_FREE_CFEA1DF0,PROGRAMIMAGE,381,8,8,20,4,7
optimized-release,M_MYDOS_LIVE_1E4E1377,MYDOS,380,12,10,22,2,12
optimized-release,M_DOSUTILITY_READLINE_B96FCD33,DOSUTILITY,380,12,12,20,2,18
optimized-release,M_FS83_SELECTMATCH_2C823C16,FS83,379,10,8,20,3,11
optimized-release,M_DEMO_DEMOPRIME_7F18EBC0,DEMO,379,10,10,18,1,10
optimized-release,M_TASKPOLICY_DOSPREPARE_61B1CC0D,TASKPOLICY,378,16,10,22,1,4
optimized-release,M_FSOPERATION_UNLINK_B5280A26,FSOPERATION,378,16,12,22,2,13
optimized-release,M_BLOCKIO_DETACH_FC4FFB83,BLOCKIO,378,8,8,20,5,10
optimized-release,M_FSDIRECTORY_MEASUREENTRY_E6EE6D03,FSDIRECTORY,378,10,8,22,4,6
optimized-release,M_HEAPCORE_CHUNKEND_0E0C27CE,HEAPCORE,377,28,18,42,4,6
optimized-release,M_COOKEDLINE_SETHISTORY_7BFEF58A,COOKEDLINE,375,12,12,24,5,12
optimized-release,M_DOSCALLS_DIRECTORY_C8028D6B,DOSCALLS,375,14,8,24,2,11
optimized-release,M_TASKPOLICY_RELEASE_25BFE7A9,TASKPOLICY,372,14,10,20,2,11
optimized-release,M_TASKPOLICY_SLEEPTASK_6A909BCC,TASKPOLICY,369,14,10,24,9,7
optimized-release,M_CONSOLEDISPLAY_GEOMETRY_B00D0334,CONSOLEDISPLAY,368,10,10,14,4,12
optimized-release,M_BLOCKIO_MAPPED_A9EEA713,BLOCKIO,367,24,14,32,1,16
optimized-release,M_SDFSWRITE_VALIDSECTOR_67FAADEC,SDFSWRITE,367,12,12,22,1,13
optimized-release,M_DOSCALLS_PATHMOUNT_48952362,DOSCALLS,367,20,8,30,4,10
optimized-release,M_SIODRIVER_STOPPING_28442DD8,SIODRIVER,366,16,14,28,4,5
optimized-release,M_TASKPOLICY_ALLOCATEBIT_A349E154,TASKPOLICY,365,16,14,32,3,13
optimized-release,M_TASKPOLICY_QUEUECALL_62B0545B,TASKPOLICY,364,16,10,32,4,9
optimized-release,M_INPUT_RETIREROUTE_2881C61B,INPUT,364,18,12,32,9,7
optimized-release,M_CONSOLE_FREEINSTANCE_35A7F9E7,CONSOLE,364,16,12,28,4,9
optimized-release,M_BLOCKIO_COMPLETE_80F6A54F,BLOCKIO,364,14,10,14,0,10
optimized-release,M_DOSCALLS_ASSIGNINDEX_01EA43CB,DOSCALLS,363,14,12,18,1,15
optimized-release,M_MYDOSWRITE_TRAILER_BFA640A1,MYDOSWRITE,361,14,8,20,2,3
optimized-release,M_TASKPOLICY_PREPARESTACK_1A1C583B,TASKPOLICY,360,16,10,16,0,5
optimized-release,M_PROCESS_COLLECT_3A4F29C8,PROCESS,359,16,8,24,5,7
optimized-release,M_FSRELATIVE_PARENTBEGIN_7E4CAA55,FSRELATIVE,358,20,16,34,3,5
optimized-release,M_INPUT_POINTERCOORDINATE_C979CE22,INPUT,356,20,14,20,0,7
optimized-release,M_TASKPOLICY_IOTESTBEGIN_2E780855,TASKPOLICY,355,8,8,20,2,13
optimized-release,M_EXECMEMORY_QUERY_D2E34F9F,EXECMEMORY,354,10,10,16,1,5
optimized-release,M_TASKPOLICY_IOOPEN_15F8E966,TASKPOLICY,354,12,8,22,6,8
optimized-release,M_BLOCKCACHE_INVALIDATE_4E66AC31,BLOCKCACHE,354,12,12,12,0,10
optimized-release,M_TASKPOLICY_RETAIN_6B38DA95,TASKPOLICY,353,10,6,16,2,11
optimized-release,M_CONSOLEDRIVER_MAPPED_DAA6A481,CONSOLEDRIVER,352,24,14,32,1,14
optimized-release,M_SIODRIVER_SIOMAPPED_D1D9A9D6,SIODRIVER,352,24,14,32,1,14
optimized-release,M_FSWORKER_DRAINED_7E6EAAA5,FSWORKER,352,12,10,16,2,12
optimized-release,M_DOSCALLS_SETCONSOLEHISTORY_3DCB4BFF,DOSCALLS,352,22,12,32,4,9
optimized-release,M_TASKPOLICY_PREPAREDOMAIN_45DA3401,TASKPOLICY,351,12,8,12,0,4
optimized-release,M_HEAPPOLICY_LOCATE_7B91FF59,HEAPPOLICY,350,30,24,36,3,7
optimized-release,M_PORTCORE_CREATEMSGPORT_A47550A3,PORTCORE,350,12,8,24,5,5
optimized-release,M_EXECLISTS_FINDNAME_2659CDBB,EXECLISTS,349,26,26,26,0,11
optimized-release,M_INPUT_PENDING_94D4AB06,INPUT,348,14,4,20,6,13
optimized-release,M_TASKPOLICY_IOWORKERCONTROL_3D43EE5B,TASKPOLICY,346,10,10,20,2,12
optimized-release,M_CONSOLECORE_DIRTY_4A63B073,CONSOLECORE,346,16,8,30,2,13
optimized-release,M_CONSOLEDRIVER_ALLIDLE_23B19503,CONSOLEDRIVER,346,18,14,28,2,13
optimized-release,M_FSPACKET_CLOSE_01E28282,FSPACKET,345,12,8,22,5,5
optimized-release,M_FSSYSTEM_MATCHES_6FF2F0E4,FSSYSTEM,343,6,6,16,6,9
optimized-release,M_FSMOUNT_COMMANDSTEP_B1883B1A,FSMOUNT,343,20,8,32,3,8
optimized-release,M_DEMO_SHELLRELEASELOCK_B96B0C1C,DEMO,343,8,8,20,8,6
optimized-release,M_HEAPPOLICY_FREE_3EA2E1EF,HEAPPOLICY,342,30,18,44,6,11
optimized-release,M_DOSCLIENT_CHECKREPLY_4530772C,DOSCLIENT,342,12,12,18,3,9
optimized-release,M_FSDIRECTORY_ENTRYSTEP_D4EA4ABB,FSDIRECTORY,341,20,12,34,3,5
optimized-release,M_FSBOOT_BEGINSERVICE_BC5D2672,FSBOOT,341,12,8,24,3,5
optimized-release,M_TASKPOLICY_PORTHEAD_A12A0751,TASKPOLICY,340,12,8,20,4,11
optimized-release,M_CONSOLECORE_EDITRETAINED_2E59361D,CONSOLECORE,340,18,12,28,2,8
optimized-release,M_CONSOLEBITMAP_SCROLL_377D53B8,CONSOLEBITMAP,339,10,6,16,2,7
optimized-release,M_BLOCKCACHE_FIND_1946044D,BLOCKCACHE,339,20,16,20,0,10
optimized-release,M_DEMO_SHELLCLOSETEMPORARY_12B1A0C5,DEMO,339,14,8,26,5,7
optimized-release,M_TASKPOLICY_LOOKUP_41F6D1E4,TASKPOLICY,338,16,8,16,0,11
optimized-release,M_SDFSNAME_STARTRESOLVE_EBBD5226,SDFSNAME,338,8,8,18,1,8
optimized-release,M_TASKPOLICY_DOSCONTROL_C7F82CE3,TASKPOLICY,337,16,12,28,5,8
optimized-release,M_CONSOLEDRIVER_RUNNABLE_F91A82EB,CONSOLEDRIVER,336,14,14,20,4,12
optimized-release,M_SDFSFILE_CONTINUEOPERATION_077FC395,SDFSFILE,334,12,12,24,5,7
optimized-release,M_DOSPROCESS_RESTOREFOREGROUND_D0EE9507,DOSPROCESS,333,16,8,26,4,11
optimized-release,M_TASKPOLICY_SELECT_1A709B3E,TASKPOLICY,332,14,8,22,6,12
optimized-release,M_BLOCKCACHE_DESTROY_EB1A5F0C,BLOCKCACHE,332,12,12,24,3,3
optimized-release,M_MYDOS_BEGINENTRY_95F170F4,MYDOS,332,12,12,22,1,8
optimized-release,M_MYDOSWRITE_RECLAIM_F1DD6F57,MYDOSWRITE,330,24,12,36,4,10
optimized-release,M_TASKPOLICY_INPUTINIT_B07DD496,TASKPOLICY,328,10,10,10,0,16
optimized-release,M_SDFS_CACHED_B7AA1E89,SDFS,328,16,12,22,1,1
optimized-release,M_TASKPOLICY_IOCOLLECT_D169FE6C,TASKPOLICY,327,12,12,22,4,9
optimized-release,M_DOSCALLS_SELECT_1EDDE386,DOSCALLS,327,18,8,28,3,12
optimized-release,M_BLOCKCACHE_FORGET_8D9AE1E1,BLOCKCACHE,326,20,16,36,2,8
optimized-release,M_SIODRIVER_PAYLOADLENGTH_9F5C9B06,SIODRIVER,325,6,6,6,0,10
optimized-release,M_DEMO_SHELLHISTORY_253D1EFE,DEMO,325,16,10,28,6,9
optimized-release,M_HEAPCORE_VALIDATE_B397AD34,HEAPCORE,323,26,26,36,3,6
optimized-release,M_SIODRIVER_DEADLINETICKS_83CDA5CA,SIODRIVER,323,32,26,32,0,12
optimized-release,M_DEMO_SHELLRETIREBREAK_55533B4C,DEMO,323,24,14,38,6,10
optimized-release,M_CONSOLEWINDOWS_BOUND_2C2AAE27,CONSOLEWINDOWS,321,14,14,20,2,7
optimized-release,M_IOCORE_OPENDEVICE_A2787528,IOCORE,320,22,14,44,6,6
optimized-release,M_DOSCALLS_FILE_E8D1DABC,DOSCALLS,319,12,8,22,5,5
optimized-release,M_FSPACKET_ERROR_61E70414,FSPACKET,318,14,8,26,2,6
optimized-release,M_INPUT_EXTENT_FA4C9281,INPUT,317,16,12,26,4,5
optimized-release,M_FSHANDLER_LOCK_913FD727,FSHANDLER,317,12,12,24,3,4
optimized-release,M_FSINIT_FIRST_60F42DBA,FSINIT,314,12,8,18,4,8
optimized-release,M_TASKPOLICY_IOBEGIN_A0C610B5,TASKPOLICY,313,6,6,18,5,10
optimized-release,M_TASKPOLICY_IOABORT_1EC95CFC,TASKPOLICY,312,12,8,24,3,9
optimized-release,M_SIODRIVER_CLAIM_64B130D4,SIODRIVER,312,18,8,24,4,7
optimized-release,M_DOSBREAK_END_B7800793,DOSBREAK,311,10,4,18,8,9
optimized-release,M_CONSOLECAPTURE_CLEARUNIT_43522FE3,CONSOLECAPTURE,307,18,18,30,1,7
optimized-release,M_TASKPOLICY_FIND_0D9A09D7,TASKPOLICY,306,16,10,26,3,10
optimized-release,M_CONSOLEBITMAP_BIND_37A88456,CONSOLEBITMAP,305,14,10,18,1,9
optimized-release,M_TASKPOLICY_PREPAREFRAME_D5FF2FA0,TASKPOLICY,304,16,8,16,0,7
optimized-release,M_FSIO_OFFLINE_B7567A31,FSIO,304,14,14,20,1,9
optimized-release,M_CONSOLEDISPLAY_FLUSHBATCH_36B2DD3C,CONSOLEDISPLAY,303,10,6,18,2,3
optimized-release,M_SIODRIVER_TRYCANCEL_BDB03575,SIODRIVER,303,8,4,14,5,10
optimized-release,M_FSWRITEIO_ERROR_9F481FB3,FSWRITEIO,303,8,8,14,2,3
optimized-release,M_SIODRIVER_BEGINIO_E1378755,SIODRIVER,302,10,4,20,2,9
optimized-release,M_DOSCLIENT_ENSURESLOT_00C71048,DOSCLIENT,302,12,8,18,2,10
optimized-release,M_BLOCKIO_CHECK_A5B41A2A,BLOCKIO,300,12,8,24,3,8
optimized-release,M_CONSOLECORE_EXTENT_83D9960B,CONSOLECORE,299,28,14,28,0,13
optimized-release,M_CONSOLECORE_CONTROL_7E220524,CONSOLECORE,298,10,6,16,2,17
optimized-release,M_PROCESS_FINISH_AE17E2ED,PROCESS,298,8,4,16,9,9
optimized-release,M_DEMO_SHELLUNALIASCOMMAND_0E212A24,DEMO,298,10,8,22,2,3
optimized-release,M_PROCESS_EXECUTEIMAGE_8428E44E,PROCESS,297,14,8,21,5,8
optimized-release,M_TASKPOLICY_IOTESTFINISH_35E02F77,TASKPOLICY,292,12,6,24,2,6
optimized-release,M_INPUT_PUBLISHROUTE_D1782DE9,INPUT,292,10,6,22,9,9
optimized-release,M_SDFS_SECTORALLOWED_D0C4D1BB,SDFS,292,10,10,20,1,13
optimized-release,M_MYDOS_VALIDDIRECTORY_1CF8F62E,MYDOS,291,20,12,32,2,7
optimized-release,M_DEMO_SHELLALIASNAME_AB73FBF9,DEMO,291,10,8,10,0,13
optimized-release,M_TASKPOLICY_INITIONAMES_D8642B1E,TASKPOLICY,290,8,4,8,0,1
optimized-release,M_DOSPIPE_UNWAIT_23BF06C3,DOSPIPE,290,16,12,22,1,9
optimized-release,M_FSINIT_PUBLISH_12D6516B,FSINIT,290,14,10,18,1,5
optimized-release,M_MYDOSWRITE_EMPTY_B06BE841,MYDOSWRITE,289,14,14,26,3,14
optimized-release,M_DEMO_SHELLALIASSHOW_53099C95,DEMO,289,16,12,26,5,1
optimized-release,M_FSNAMES_VALIDALIAS_36EB4E14,FSNAMES,288,8,6,18,3,8
optimized-release,M_DOSCALLS_LIVESELECTION_2BE04852,DOSCALLS,288,8,4,18,5,12
optimized-release,M_PROGRAMIMAGE_DROPOWNER_EE15CDE2,PROGRAMIMAGE,288,12,10,18,4,11
optimized-release,M_FSLEASES_SAME_B25DFB61,FSLEASES,287,22,12,22,0,3
optimized-release,M_DOSCALLS_CONFIGURED_B6EDEF76,DOSCALLS,286,18,14,32,2,9
optimized-release,M_FSINIT_FAILED_4FB7E0CF,FSINIT,284,14,8,26,2,3
optimized-release,M_DEMO_SHELLCONVERT_E2CF79D9,DEMO,284,14,14,18,1,16
optimized-release,M_PROCESS_STARTPREPARED_C79EF329,PROCESS,281,16,8,24,4,5
optimized-release,M_CONSOLEINPUT_READ_9E7D5EC6,CONSOLEINPUT,280,14,10,20,1,11
optimized-release,M_SDFS_ADVANCE_66AE3A9F,SDFS,278,20,14,26,1,3
optimized-release,M_FSRELATIVE_TRIM_C4B2DBD8,FSRELATIVE,278,10,10,10,0,8
optimized-release,M_MYDOSFILE_SECTORALLOWED_E72DFCC7,MYDOSFILE,277,14,14,26,1,10
optimized-release,M_PROGRAMIMAGE_DETACH_807AC96B,PROGRAMIMAGE,277,12,10,18,4,9
optimized-release,M_HEAPCORE_DEALLOCATE_60F97CF2,HEAPCORE,276,28,14,44,4,6
optimized-release,M_BLOCKIO_DESTROY_0CC5CBD8,BLOCKIO,275,8,8,20,5,6
optimized-release,M_FSWRITE_RENAME_4C9B6B85,FSWRITE,275,12,8,24,3,3
optimized-release,M_FSINFO_SAVE_B1E7031F,FSINFO,275,14,10,20,1,1
optimized-release,M_DEMO_SHELLALIASINDEX_3346373C,DEMO,275,10,10,20,1,9
optimized-release,M_CONSOLEINPUT_DELIVER_8B43A137,CONSOLEINPUT,274,14,10,26,2,8
optimized-release,M_CONSOLEDISPLAY_VALIDATE_33E36106,CONSOLEDISPLAY,274,8,8,16,1,17
optimized-release,M_FSCORE_FINISHOPERATION_46633DF1,FSCORE,274,16,16,16,0,4
optimized-release,M_DOSCOMMAND_HELP_D3856E13,DOSCOMMAND,274,6,6,6,0,19
optimized-release,M_TASKPOLICY_SIGNALTASK_806F80F5,TASKPOLICY,273,20,8,32,4,7
optimized-release,M_FS83_STORED_D2BF7200,FS83,273,6,4,10,1,16
optimized-release,M_FSLOCKS_ROOT_D04E0C54,FSLOCKS,273,16,16,16,0,4
optimized-release,M_TASKPOLICY_INITIO_35D5D1E4,TASKPOLICY,271,14,8,20,2,4
optimized-release,M_DOSSTREAMS_OPENNIL_7EDE8F17,DOSSTREAMS,271,14,8,26,3,3
optimized-release,M_PROCESS_WAIT_BEBC9E91,PROCESS,271,16,10,26,4,8
optimized-release,M_DOSCOOKED_OPEN_FB0901F4,DOSCOOKED,270,14,8,28,4,5
optimized-release,M_CSTRING_IMPL_STRNCMP_6395B42E,CSTRING,268,10,6,10,0,10
optimized-release,M_EXECLISTS_ENQUEUE_763E1E61,EXECLISTS,267,12,12,24,2,6
optimized-release,M_CONSOLECAPTURE_RELEASE_DD04AD8D,CONSOLECAPTURE,267,10,10,16,4,6
optimized-release,M_FSMOUNT_DISPATCH_FD59F08F,FSMOUNT,266,12,8,18,1,1
optimized-release,M_CONSOLEBATCH_FEED_F2D299EE,CONSOLEBATCH,264,16,10,30,2,6
optimized-release,M_TASKPOLICY_EMPTYSIGNALS_EA2224E4,TASKPOLICY,261,8,8,8,0,1
optimized-release,M_INPUT_DISCARD_ACB1BF45,INPUT,261,10,6,22,9,8
optimized-release,M_FSACTIVE_CURRENTSCOPE_BF6A95BD,FSACTIVE,260,16,12,16,0,10
optimized-release,M_O65READ_COUNT_2EF12376,O65READ,259,24,18,36,4,5
optimized-release,M_CONSOLEFOREGROUND_RETIREUNBOUNDBREAKS_24224B11,CONSOLEFOREGROUND,258,18,18,18,0,6
optimized-release,M_SIODRIVER_CLOSE_01A37B96,SIODRIVER,258,16,12,28,1,4
optimized-release,M_EXECLISTS_INSERT_468B11BA,EXECLISTS,257,12,8,22,2,6
optimized-release,M_TASKPOLICY_DOSCANREMOVE_DB41E74E,TASKPOLICY,257,12,8,18,1,3
optimized-release,M_MYDOSWRITE_RENAME_E308DCF0,MYDOSWRITE,257,12,8,22,3,6
optimized-release,M_IOCORE_WAITIO_8CA35F61,IOCORE,256,14,14,22,3,4
optimized-release,M_DOSGROUP_SEAL_B243143B,DOSGROUP,256,12,8,20,4,8
optimized-release,M_FSNAMESPACE_DONE_F475AF73,FSNAMESPACE,253,12,12,24,2,3
optimized-release,M_DOSRAW_FINISH_BB47E14C,DOSRAW,252,12,8,22,2,3
optimized-release,M_TASKPOLICY_BOUNDPRODUCER_6D7B4E54,TASKPOLICY,251,12,12,18,2,12
optimized-release,M_FSINSPECT_SYSTEMWRITABLE_448881D5,FSINSPECT,251,16,8,20,3,7
optimized-release,M_O65READ_TAKE_D99B2660,O65READ,251,18,18,28,1,6
optimized-release,M_FS83_MATCH_C3E96F9C,FS83,249,8,6,12,2,10
optimized-release,M_DOSRAW_VALIDEXTENT_84EF7CCB,DOSRAW,249,8,8,20,3,8
optimized-release,M_DOSCALLS_OPENCONSOLE_77C02991,DOSCALLS,249,14,8,26,5,7
optimized-release,M_INPUT_POINTERDELTAVALID_367584F0,INPUT,247,14,14,14,0,3
optimized-release,M_DOSBREAK_CLEAR_B7EEEC7D,DOSBREAK,247,14,10,26,5,6
optimized-release,M_CONSOLEFOREGROUND_UNREGISTER_54DD2BA5,CONSOLEFOREGROUND,245,16,10,24,3,5
optimized-release,M_CONSOLETILING_FOCUS_1EF2C0A5,CONSOLETILING,245,12,8,20,7,7
optimized-release,M_FSOPERATION_REPLYREADY_532E4DE6,FSOPERATION,245,4,4,14,4,9
optimized-release,M_BLOCKIO_PREPARE_810BFFA1,BLOCKIO,245,10,10,10,0,1
optimized-release,M_FSDIRECTORY_SIZECONTINUESTEP_1EAFA525,FSDIRECTORY,245,12,8,24,3,3
optimized-release,M_FSHANDLER_FILESTEP_A93D50C2,FSHANDLER,245,16,12,28,3,4
optimized-release,M_DOSCALLS_ISINTERACTIVE_18CACEEA,DOSCALLS,243,14,8,24,3,8
optimized-release,M_TASKPOLICY_IOWAITOWNER_63A51E9E,TASKPOLICY,242,12,8,18,1,3
optimized-release,M_CONSOLEFOREGROUND_RESOLVE_9B8D664B,CONSOLEFOREGROUND,242,16,12,24,2,6
optimized-release,M_FSLOCKS_CREATE_34BC7CB2,FSLOCKS,241,14,8,20,2,7
optimized-release,M_DOSCALLS_OBJECT_E89E37D3,DOSCALLS,241,8,4,18,2,9
optimized-release,M_SDFSNAME_RESOLVECOMPONENT_CCDFB63B,SDFSNAME,240,6,4,20,4,5
optimized-release,M_DOSCOOKED_CLOSE_1355CA48,DOSCOOKED,238,16,8,28,3,6
optimized-release,M_FSPORTS_CREATE_D9675AD2,FSPORTS,238,12,8,24,3,3
optimized-release,M_TASKPOLICY_PRIORITY_7FE7EE8A,TASKPOLICY,237,14,10,22,4,3
optimized-release,M_TASKPOLICY_PROCESSFIND_A9822214,TASKPOLICY,236,18,18,22,1,9
optimized-release,M_BLOCKCACHE_STORE_364610B1,BLOCKCACHE,236,8,8,24,3,6
optimized-release,M_COOKEDLINE_RELEASE_68B6E005,COOKEDLINE,236,6,4,18,5,7
optimized-release,M_FSMUX_TAKE_F08F7501,FSMUX,236,12,8,18,3,9
optimized-release,M_SDFSFILE_CANCEL_B60AB817,SDFSFILE,235,16,16,28,1,4
optimized-release,M_SDFSWRITE_DELETE_04723F49,SDFSWRITE,235,8,4,18,4,5
optimized-release,M_TASKPOLICY_WAITTASK_AD94C4A2,TASKPOLICY,234,20,10,32,5,5
optimized-release,M_FSCORE_BEGINOPERATION_525CBD4F,FSCORE,234,12,12,12,0,1
optimized-release,M_FSREGISTRY_RELEASE_E0E99364,FSREGISTRY,234,10,6,22,4,5
optimized-release,M_SDFS_MOUNTBUFFERED_7F8C68E7,SDFS,234,12,8,22,1,3
optimized-release,M_MYDOS_MOUNTBUFFERED_114678B9,MYDOS,234,12,8,22,1,3
optimized-release,M_TASKPOLICY_NOTIFYRESIDENTS_D29836FE,TASKPOLICY,233,10,10,22,3,9
optimized-release,M_FS83_CHOOSE_D3525E62,FS83,233,8,8,18,1,7
optimized-release,M_FSREGISTRY_RETAINBASE_94E5BA0B,FSREGISTRY,233,14,6,18,3,7
optimized-release,M_FSRELATIVE_ROOT_94E4441A,FSRELATIVE,232,8,8,20,3,3
optimized-release,M_TASKPOLICY_SWITCH_98522C9E,TASKPOLICY,231,4,4,14,4,8
optimized-release,M_CONSOLEBITMAP_OPEN_C85D6197,CONSOLEBITMAP,231,12,8,18,4,5
optimized-release,M_DOSOBJECTS_FIND_2E898C70,DOSOBJECTS,231,12,12,12,0,9
optimized-release,M_FSFILES_DROPSHARED_A840009F,FSFILES,230,10,8,16,3,5
optimized-release,M_TASKPOLICY_EMPTYMEMORY_C893BDB0,TASKPOLICY,229,16,12,16,0,1
optimized-release,M_FSFILES_RELEASE_91585E60,FSFILES,229,8,4,20,4,7
optimized-release,M_FSLOCKS_ADD_DEA4C903,FSLOCKS,228,8,8,8,0,3
optimized-release,M_PROGRAMIMAGE_ATTACH_B33B47DB,PROGRAMIMAGE,228,8,6,12,2,8
optimized-release,M_BLOCKIO_DEVICENAME_55BC3EC3,BLOCKIO,227,4,4,4,0,1
optimized-release,M_MYDOSFILE_FAIL_8A60C23B,MYDOSFILE,227,12,8,18,1,1
optimized-release,M_FSWRITE_VALIDATE_5FCFD495,FSWRITE,227,8,6,20,3,6
optimized-release,M_PROCESS_DISCARDPREPARED_9F7D5787,PROCESS,227,16,8,24,4,5
optimized-release,M_DISPLAY_RELEASE_49E3CB4A,DISPLAY,224,2,2,8,6,6
optimized-release,M_IOCORE_CREATEIOREQUEST_DE10015D,IOCORE,224,12,8,24,2,7
optimized-release,M_DEMO_SHELLFAIL_8B3FAF62,DEMO,224,8,8,8,0,5
optimized-release,M_HEAPCORE_CHUNKADDRESS_A551D41B,HEAPCORE,222,20,14,26,2,6
optimized-release,M_HEAPPOLICY_DESCRIPTOR_8971C45E,HEAPPOLICY,222,20,14,26,2,6
optimized-release,M_TASKPOLICY_SAMENAME_968CD62D,TASKPOLICY,222,14,8,14,0,8
optimized-release,M_MYDOS_DATASECTOR_95277D3B,MYDOS,222,16,12,16,0,8
optimized-release,M_MYDOS_ROOTENTRY_E3F00029,MYDOS,222,6,6,6,0,4
optimized-release,M_SDFSFILE_FAIL_23FC14B5,SDFSFILE,222,8,8,14,2,1
optimized-release,M_TASKPOLICY_PROCESSRESIDENT_478DA1B5,TASKPOLICY,221,18,14,18,0,1
optimized-release,M_DOSCOOKED_READ_AAA4E8F8,DOSCOOKED,221,16,10,34,4,3
optimized-release,M_FSALLOC_ALLOCATED_A8A57AF0,FSALLOC,221,12,8,24,3,5
optimized-release,M_TASKPOLICY_PROCESSREMOVED_46C99271,TASKPOLICY,220,14,8,26,3,3
optimized-release,M_CONSOLECORE_CLEAN_3E747584,CONSOLECORE,220,10,10,10,0,4
optimized-release,M_O65READ_EQUAL_AD4D340B,O65READ,220,14,14,14,0,6
optimized-release,M_TASKPOLICY_DRAINONE_68E56764,TASKPOLICY,219,12,8,18,4,9
optimized-release,M_TASKPOLICY_MEMORYPACKET_B36B55BB,TASKPOLICY,219,16,10,24,1,9
optimized-release,M_TASKPOLICY_PROCESSRECORDAVAILABLE_0E5B31EF,TASKPOLICY,219,20,8,24,1,1
optimized-release,M_FSREGISTRY_STAMP_BE264D84,FSREGISTRY,218,14,10,18,4,3
optimized-release,M_TASKPOLICY_VALIDPROCESSENTRY_D56EBBFD,TASKPOLICY,217,10,8,18,2,8
optimized-release,M_TASKPOLICY_PROCESSOWNED_DDA89718,TASKPOLICY,217,18,18,22,1,8
optimized-release,M_DEMO_SHELLCACHESTATUS_0F6F58DA,DEMO,217,26,8,36,3,6
optimized-release,M_TASKPOLICY_REGISTER_6BEAF001,TASKPOLICY,216,18,14,22,1,8
optimized-release,M_O65_RELEASE_DA7FFCCE,O65,216,12,12,24,3,5
optimized-release,M_TASKPOLICY_APPLICATIONCOUNT_B3468565,TASKPOLICY,215,14,10,18,1,7
optimized-release,M_CONSOLEWINDOWS_RETIRED_09D5DC06,CONSOLEWINDOWS,215,4,4,10,2,5
optimized-release,M_DOSPIPE_CLOSE_E3C2D505,DOSPIPE,215,4,4,14,6,3
optimized-release,M_DEMO_SHELLPATHEQUAL_1BAC498B,DEMO,215,6,6,6,0,12
optimized-release,M_CONSOLEDRIVER_BOUND_DEB813D0,CONSOLEDRIVER,214,16,12,22,2,5
optimized-release,M_DOSSTREAMS_CLOSENIL_3520E24B,DOSSTREAMS,214,8,4,20,5,3
optimized-release,M_DEMO_SHELLALIASTEXT_A6FBD7BD,DEMO,214,8,6,8,0,16
optimized-release,M_TASKPOLICY_SLOTFREE_73C36B44,TASKPOLICY,213,14,8,18,2,1
optimized-release,M_SIODRIVER_NOTIFY_7F90C49D,SIODRIVER,213,20,16,32,1,4
optimized-release,M_DOSOBJECTS_LINK_9FA00D0F,DOSOBJECTS,213,12,8,18,1,3
optimized-release,M_FSLEASES_LINK_92921FD5,FSLEASES,213,8,8,14,3,3
optimized-release,M_CONSOLEDRIVER_FINISHWRITE_E8555190,CONSOLEDRIVER,212,4,4,10,4,6
optimized-release,M_TASKPOLICY_IOCLAIM_E59988BA,TASKPOLICY,210,16,12,26,2,5
optimized-release,M_FSWRITE_ACCESS_0C7E9E15,FSWRITE,210,8,8,20,3,5
optimized-release,M_DEMO_SHELLEQUAL_87D888CC,DEMO,210,10,6,16,1,9
optimized-release,M_TASKPOLICY_WAKE_9E9C7518,TASKPOLICY,208,16,12,22,3,7
optimized-release,M_HEAPPOLICY_SHUTDOWN_9E341637,HEAPPOLICY,207,14,10,22,3,6
optimized-release,M_CONSOLEBITMAP_TEXTCARET_18ADBDA7,CONSOLEBITMAP,207,12,8,18,2,1
optimized-release,M_O65RELOCATIONS_BASE_44BA7C79,O65RELOCATIONS,207,8,8,8,0,7
optimized-release,M_CONSOLEWINDOWS_FIND_07AFDE1C,CONSOLEWINDOWS,206,16,12,22,2,4
optimized-release,M_PROGRAMPLACE_COPY_75B5AA8B,PROGRAMPLACE,206,14,14,14,0,4
optimized-release,M_DOSRAW_RELEASEOPERATION_C2E80557,DOSRAW,205,4,4,10,4,7
optimized-release,M_FSSYSTEM_SAMENAME_3086AACE,FSSYSTEM,205,8,6,16,4,8
optimized-release,M_DEMO_SHELLPROMPT_49927678,DEMO,205,12,8,24,3,3
optimized-release,M_COOKEDLINE_ERASE_F76E1DAE,COOKEDLINE,204,14,14,14,0,4
optimized-release,M_DOSRAW_RETAIN_4DF2DE08,DOSRAW,203,12,8,18,5,5
optimized-release,M_MYDOS_BEGINMOUNT_AA58F6DF,MYDOS,203,8,8,8,0,3
optimized-release,M_IOCORE_CLOSEDEVICE_667F761E,IOCORE,202,16,10,24,6,5
optimized-release,M_IOCORE_ABORTIO_125E3726,IOCORE,202,16,10,24,6,5
optimized-release,M_SDFSNAME_CHOOSE_8F0B0401,SDFSNAME,202,4,4,14,4,5
optimized-release,M_TASKPOLICY_INITRESIDENTSTORAGE_FCEF7175,TASKPOLICY,201,12,6,12,0,4
optimized-release,M_CONSOLEDRIVER_NOTIFY_2C61AA6D,CONSOLEDRIVER,201,20,16,32,1,4
optimized-release,M_CSTRING_IMPL_STRCMP_87478B58,CSTRING,200,10,6,10,0,8
optimized-release,M_FSRELATIVE_VALIDATE_0372B7FC,FSRELATIVE,199,12,12,22,1,5
optimized-release,M_FSDIRECTORY_SIZERESULT_7E5452EF,FSDIRECTORY,199,8,8,20,1,5
optimized-release,M_SIODRIVER_ACTIVATE_5F9BFB05,SIODRIVER,198,8,4,14,4,7
optimized-release,M_TASKPOLICY_VALIDENTRY_58BA8A58,TASKPOLICY,197,8,8,8,0,7
optimized-release,M_FSNAMES_SYSTEM_7AF4AE7D,FSNAMES,197,4,4,8,3,3
optimized-release,M_CONSOLEDRIVER_FINISHREAD_49C55BD3,CONSOLEDRIVER,196,4,4,10,4,5
optimized-release,M_BLOCKIO_CACHED_7ABF0DB0,BLOCKIO,196,10,10,10,0,5
optimized-release,M_FSNAMES_MAPPED_324F42A3,FSNAMES,196,20,14,32,1,6
optimized-release,M_FSFILES_RETAIN_1627AB28,FSFILES,196,8,4,12,3,6
optimized-release,M_TASKPOLICY_IOEXTENT_9818C08A,TASKPOLICY,192,18,14,24,1,5
optimized-release,M_HEAPPOLICY_RUNS_07A33D25,HEAPPOLICY,191,18,12,26,1,11
optimized-release,M_FSWORKER_FINISH_EC2E5E2B,FSWORKER,191,6,6,18,2,4
optimized-release,M_SIODRIVER_ABORTIO_689758F8,SIODRIVER,190,12,8,18,3,5
optimized-release,M_SDFS_ALLOWED_D687D449,SDFS,190,16,12,16,0,7
optimized-release,M_CSTRING_IMPL_STRNLEN_AC461397,CSTRING,190,8,4,8,0,6
optimized-release,M_IORESIDENT_OPEN_6086F993,IORESIDENT,189,12,12,32,3,5
optimized-release,M_FSLOCKS_ALLOCATE_39B5BEE3,FSLOCKS,189,12,8,24,2,3
optimized-release,M_FSALLOC_FREE_BE46C827,FSALLOC,189,12,12,22,1,3
optimized-release,M_FSDIRECTORY_END_806A2136,FSDIRECTORY,189,16,16,30,3,1
optimized-release,M_FSSYSTEM_APPLY_F77568D5,FSSYSTEM,188,8,8,12,3,3
optimized-release,M_TASKPOLICY_DOSCURRENT_4399DFDB,TASKPOLICY,186,12,8,20,2,5
optimized-release,M_CONSOLEDRIVER_REQUESTSTOP_763F8D8B,CONSOLEDRIVER,186,4,4,16,2,7
optimized-release,M_HEAPPOLICY_FLAGSVALID_4BF22F96,HEAPPOLICY,185,20,14,20,0,11
optimized-release,M_DOSCALLS_NAMEARGUMENTS_4FEB00BB,DOSCALLS,185,8,8,8,0,4
optimized-release,M_DEMO_SHELLTASKSTATE_696E6DB8,DEMO,185,6,2,16,1,10
optimized-release,M_DOSCALLS_SELECTIONREADY_28C831A1,DOSCALLS,184,12,8,12,0,8
optimized-release,M_TASKPOLICY_PROCESSCURRENT_78571A20,TASKPOLICY,183,12,8,16,1,6
optimized-release,M_HEAPCORE_NEXTADDRESS_E32592FF,HEAPCORE,182,20,14,26,1,7
optimized-release,M_FSINIT_MOUNTSTEP_D16E7745,FSINIT,181,12,8,18,3,4
optimized-release,M_DEMO_MAIN_C5B18743,DEMO,181,6,6,10,3,9
optimized-release,M_MYDOSFILE_RESTART_75C66A72,MYDOSFILE,180,8,4,14,1,1
optimized-release,M_CONSOLETILING_HIDE_B9E54D0B,CONSOLETILING,179,12,8,20,6,5
optimized-release,M_FSWRITEIO_CHECKPOINT_86192BF5,FSWRITEIO,179,4,4,16,5,4
optimized-release,M_SDFSNAME_DONE_34A5B326,SDFSNAME,178,6,6,12,1,9
optimized-release,M_TASKPOLICY_PRODUCERSIGNALBOUND_5677CF48,TASKPOLICY,177,16,16,22,1,9
optimized-release,M_TASKPOLICY_FINISHDISPATCH_46CD5A79,TASKPOLICY,177,8,6,18,2,9
optimized-release,M_BLOCKIO_GEOMETRY_4529DFEE,BLOCKIO,177,6,6,6,0,18
optimized-release,M_DOSSTREAMS_TRANSFERNIL_E7EA5C2C,DOSSTREAMS,176,6,6,18,2,5
optimized-release,M_PROGRAMAPI_READARGS_BFA789E0,PROGRAMAPI,175,16,12,38,3,3
optimized-release,M_CONSOLEDRIVER_SCREENWIDTH_857AD658,CONSOLEDRIVER,174,10,4,14,5,5
optimized-release,M_CONSOLEDRIVER_SCREENHEIGHT_C12F3455,CONSOLEDRIVER,174,10,4,14,5,5
optimized-release,M_DOSSTREAMS_VALIDBUFFER_D67D80FE,DOSSTREAMS,174,10,10,22,3,7
optimized-release,M_O65READ_U8_A5F42EC2,O65READ,174,12,12,24,1,3
optimized-release,M_CONSOLEINPUT_CLEAR_3DEF4D2B,CONSOLEINPUT,172,10,6,18,4,3
optimized-release,M_COOKEDLINE_RESETHISTORY_27C90F73,COOKEDLINE,172,4,4,4,0,3
optimized-release,M_DEMO_SHELLCLOSECOMMANDINPUT_4078E4EF,DEMO,172,8,8,14,1,5
optimized-release,M_CONSOLEDISPLAY_CURSORPOSITION_6D01F173,CONSOLEDISPLAY,171,10,10,18,2,3
optimized-release,M_CONSOLEDRIVER_RETIREWORKER_09E7B3B9,CONSOLEDRIVER,171,4,4,10,5,3
optimized-release,M_DOSARGS_SAME_51AE7922,DOSARGS,171,8,8,12,2,7
optimized-release,M_TASKPOLICY_IOCOMPLETE_88BA0BF3,TASKPOLICY,170,10,10,26,2,3
optimized-release,M_TASKPOLICY_DOSWORKERBOUND_DB9BCF66,TASKPOLICY,169,12,8,12,0,1
optimized-release,M_COOKEDLINE_INIT_553F5E46,COOKEDLINE,169,4,4,4,0,1
optimized-release,M_BLOCKCACHE_SETINDEX_5318FF18,BLOCKCACHE,168,14,10,14,0,3
optimized-release,M_TASKPOLICY_INITSIGNALS_5C831CB9,TASKPOLICY,167,0,0,10,1,1
optimized-release,M_DOSCALLS_SELECTED_604EA3D9,DOSCALLS,167,12,8,16,1,5
optimized-release,M_TASKPOLICY_DRAINWAKES_15F017CB,TASKPOLICY,165,4,4,8,3,7
optimized-release,M_TASKPOLICY_CONSOLENAMES_B9E6EA95,TASKPOLICY,165,8,4,8,0,1
optimized-release,M_CONSOLEBITMAP_TEXT_D480A0BE,CONSOLEBITMAP,165,12,8,18,2,1
optimized-release,M_FSOPERATION_CLAIM_4C8DDFC1,FSOPERATION,165,4,4,10,2,8
optimized-release,M_DOSPIPE_WAKE_206F5695,DOSPIPE,165,12,12,24,1,4
optimized-release,M_HEAPPOLICY_INIT_69D6AA0D,HEAPPOLICY,163,12,6,20,3,4
optimized-release,M_FSHANDLER_RESOLVEREADYSTEP_BDBFDED1,FSHANDLER,163,16,12,22,2,3
optimized-release,M_CONSOLEDRIVER_RETAINOPENER_B80DF9C6,CONSOLEDRIVER,162,12,8,22,2,5
optimized-release,M_SIODRIVER_MATCHES_AEE1C237,SIODRIVER,162,10,6,10,0,8
optimized-release,M_CONSOLETILING_OWNED_E442B6FE,CONSOLETILING,162,12,12,18,1,3
optimized-release,M_FSBACKEND_FAIL_FA955312,FSBACKEND,162,8,8,20,2,3
optimized-release,__a816_mod_i32_v2,<runtime>,162,0,0,0,0,0
optimized-release,__a816_div_i32_v2,<runtime>,162,0,0,0,0,0
optimized-release,M_FSOPERATION_COLLECT_397028AF,FSOPERATION,160,2,2,8,1,4
optimized-release,M_FSMUX_CONTROL_16FCB25F,FSMUX,159,12,8,18,1,3
optimized-release,M_O65READ_NAMEBYTE_937CC326,O65READ,159,4,4,4,0,7
optimized-release,M_FSOPERATION_CANCELED_56B92A04,FSOPERATION,158,2,2,8,2,9
optimized-release,M_CONSOLECORE_FEEDBATCH_FBB9A7C1,CONSOLECORE,157,10,6,24,3,3
optimized-release,M_FSOBJECTS_FREE_154D29BE,FSOBJECTS,157,2,2,14,5,6
optimized-release,M_DEMO_DEMOTEXT_C012A5A2,DEMO,157,14,10,14,0,5
optimized-release,M_INPUT_SHARED_40B1C6BE,INPUT,156,16,12,22,1,8
optimized-release,M_MYDOSFILE_ADVANCE_71346BED,MYDOSFILE,156,20,16,26,1,1
optimized-release,M_TASKPOLICY_POSTSIGNAL_10773240,TASKPOLICY,155,12,12,28,3,3
optimized-release,M_SIODRIVER_REAP_531B42EA,SIODRIVER,155,4,4,4,0,6
optimized-release,M_SIODRIVER_STATE_C8F9434F,SIODRIVER,155,8,4,14,3,4
optimized-release,M_BLOCKCACHE_COPY_EC1E9165,BLOCKCACHE,155,12,6,12,0,4
optimized-release,M_CONSOLEINPUT_SERVICE_4560B6F3,CONSOLEINPUT,154,14,10,20,3,5
optimized-release,M_DEMO_SHELLSTART_EB23C688,DEMO,154,4,4,10,3,5
optimized-release,M_FSBACKEND_BEGINENTRY_D3F74E4F,FSBACKEND,153,8,8,22,2,3
optimized-release,M_FSSYSTEM_NAMEBYTE_29131912,FSSYSTEM,152,2,2,6,2,7
optimized-release,M_CONSOLECORE_CHANGED_16194333,CONSOLECORE,151,10,10,10,0,5
optimized-release,M_CONSOLEBATCH_DUE_DFFF17C0,CONSOLEBATCH,151,8,8,8,0,9
optimized-release,M_SIODRIVER_RETIREWORKER_47CA3A29,SIODRIVER,151,4,4,10,5,3
optimized-release,M_FSMOUNT_DESTROYSTEP_4CF540E7,FSMOUNT,151,12,8,22,2,1
optimized-release,M_HEAPCORE_CANDIDATE_07CF3557,HEAPCORE,150,20,14,20,0,5
optimized-release,M_CONSOLECAPTURE_ACQUIRE_39D4E6A8,CONSOLECAPTURE,150,12,12,22,1,1
optimized-release,M_FSHANDLER_COMPONENTSTEP_389CA8B9,FSHANDLER,150,12,8,18,2,3
optimized-release,M_CONSOLEFOREGROUND_NOTIFYONE_981F2C18,CONSOLEFOREGROUND,149,8,8,20,1,6
optimized-release,M_CONSOLEDISPLAY_POLL_204D6C85,CONSOLEDISPLAY,149,2,2,6,4,10
optimized-release,M_SDFSWRITE_ENTRYIO_D3D74C00,SDFSWRITE,149,20,20,34,2,1
optimized-release,M_INPUT_SHAPE_12014EFC,INPUT,148,14,14,14,0,8
optimized-release,M_TASKPOLICY_PROCESSINIT_C857F965,TASKPOLICY,147,6,6,12,3,4
optimized-release,M_DOSCLIENT_CLEARSELECTIONS_93A1D5D6,DOSCLIENT,147,4,4,4,0,5
optimized-release,M_MYDOS_CREATEVOLUME_8FA50CD3,MYDOS,146,8,8,20,1,1
optimized-release,M_DOSGROUP_VALID_7D621B56,DOSGROUP,146,8,8,12,1,4
optimized-release,M_DOSFAULT_FAULT_7DB91D83,DOSFAULT,145,22,12,38,3,1
optimized-release,M_O65READ_SECTIONSIZE_0E90CADD,O65READ,145,6,6,6,0,7
optimized-release,M_DOSGROUP_READY_271F659D,DOSGROUP,145,12,8,18,1,3
optimized-release,M_INPUT_ROUTEVALID_38FC4B26,INPUT,144,12,12,12,0,1
optimized-release,M_BLOCKIO_SECTORBYTES_B8369631,BLOCKIO,144,10,10,10,0,9
optimized-release,M_DEMO_SHELLSCOPE_835D7600,DEMO,144,8,8,20,3,3
optimized-release,M_DOSARGS_CLEAR_67E19159,DOSARGS,143,8,8,8,0,7
optimized-release,M_COOKEDLINE_DESTROY_77CB15F8,COOKEDLINE,141,4,4,16,2,6
optimized-release,M_DEMO_SHELLINITIALPROMPT_533D0DC4,DEMO,141,8,8,12,2,1
optimized-release,M_SDFS_LENGTH_0EB65DB7,SDFS,140,14,14,24,1,1
optimized-release,M_SDFS_CREATEWORK_894591E8,SDFS,138,8,8,20,1,1
optimized-release,M_SDFS_CREATEVOLUME_B12DE8AD,SDFS,138,8,8,20,1,1
optimized-release,M_TASKPOLICY_DOSRESET_224DFB33,TASKPOLICY,137,8,4,14,1,1
optimized-release,M_CONSOLEDRIVER_WAITCHANGE_4E83E195,CONSOLEDRIVER,137,10,10,18,1,1
optimized-release,M_SIODRIVER_WAITCHANGE_D2A1FD05,SIODRIVER,137,10,10,18,1,1
optimized-release,M_SDFS_RESTART_887C29F6,SDFS,137,12,8,18,1,1
optimized-release,M_TASKPOLICY_COMPLETEWAIT_31FB45E4,TASKPOLICY,136,14,8,24,2,5
optimized-release,M_TASKPOLICY_ARGUMENTPOINTER_A19325C6,TASKPOLICY,135,12,12,20,2,1
optimized-release,M_TASKPOLICY_VALIDMESSAGE_C0DE7739,TASKPOLICY,135,10,10,10,0,4
optimized-release,M_CONSOLECORE_NEWLINE_97A73E23,CONSOLECORE,134,6,6,6,0,4
optimized-release,M_SDFSDATE_MONTHDAYS_18463582,SDFSDATE,134,4,4,10,1,8
optimized-release,M_CSTRING_IMPL_STRCHR_2037DF45,CSTRING,134,14,12,14,0,6
optimized-release,M_FSWRITE_MARK_8F6D7604,FSWRITE,133,4,4,14,2,3
optimized-release,M_DEMO_SHELLBYTE_63E82DA4,DEMO,133,12,8,24,2,1
optimized-release,M_EXECLISTS_ADDTAIL_A1C0F364,EXECLISTS,132,4,0,4,0,1
optimized-release,M_CONSOLEDRIVER_CLAIMWRITE_0313F299,CONSOLEDRIVER,132,12,8,18,3,1
optimized-release,M_FSBACKEND_STARTRESOLVE_75FDEFE2,FSBACKEND,131,4,4,14,2,3
optimized-release,M_FSBACKEND_OPEN_70C2A6B2,FSBACKEND,131,4,4,14,2,3
optimized-release,M_FSBACKEND_MEASURE_AD470D66,FSBACKEND,131,4,4,14,2,3
optimized-release,M_FSBACKEND_VALIDATEBASE_C7106A97,FSBACKEND,131,6,6,16,2,3
optimized-release,M_FSWRITEIO_LENGTH_F339C741,FSWRITEIO,131,12,12,24,1,1
optimized-release,M_CONSOLEBITMAP_FILL_0D7F3514,CONSOLEBITMAP,130,8,4,14,2,1
optimized-release,M_CONSOLEFOREGROUND_REGISTER_0F2DE106,CONSOLEFOREGROUND,130,16,10,28,1,3
optimized-release,M_MYDOSFILE_NEEDSECTOR_4EE2E2C1,MYDOSFILE,130,12,8,18,1,1
optimized-release,M_DOSCALLS_ARGUMENTS_D4B63738,DOSCALLS,130,8,8,8,0,1
optimized-release,M_TASKPOLICY_VALIDPORT_7710F985,TASKPOLICY,129,2,2,8,1,8
optimized-release,M_BLOCKCACHE_PAYLOAD_A5530E46,BLOCKCACHE,129,12,12,12,0,1
optimized-release,M_BOOTCONFIG_VALIDBLOCKS_EA50F717,BOOTCONFIG,128,6,6,6,0,1
optimized-release,M_CONSOLEBITMAP_POLL_6E3B6F9E,CONSOLEBITMAP,128,8,8,14,2,8
optimized-release,M_COOKEDLINE_RETAIN_F54817A1,COOKEDLINE,128,4,4,8,3,4
optimized-release,M_DOSBREAK_FREE_76D15FA8,DOSBREAK,128,10,10,22,3,1
optimized-release,M_FSBACKEND_BEGINREAD_9B747D7D,FSBACKEND,128,8,8,14,2,3
optimized-release,M_FSBACKEND_BEGINSEEK_65568135,FSBACKEND,128,8,8,14,2,3
optimized-release,M_FSBACKEND_CONTINUEOPERATION_B2B07804,FSBACKEND,128,8,8,14,2,3
optimized-release,M_FSBACKEND_CANCEL_CF93E684,FSBACKEND,128,8,8,14,2,3
optimized-release,M_TASKPOLICY_PROTECTED_FCDCE808,TASKPOLICY,126,4,4,10,1,1
optimized-release,M_FSBACKEND_CREATEVOLUME_26C12EFC,FSBACKEND,126,2,2,8,3,5
optimized-release,M_DOSARGS_LETTER_897462C0,DOSARGS,126,4,4,4,0,1
optimized-release,M_TASKPOLICY_PROCESSCONTROL_6911FE90,TASKPOLICY,125,12,8,22,2,1
optimized-release,M_PROCESS_PREPARELOADED_143E0750,PROCESS,125,8,8,26,2,4
optimized-release,M_COOKEDLINE_FREEHISTORY_E31E705E,COOKEDLINE,124,8,8,20,1,3
optimized-release,M_SDFS_DESTROYWORK_D1F8FE6A,SDFS,124,4,4,16,1,3
optimized-release,M_SDFS_DESTROYVOLUME_8A02EFB7,SDFS,124,4,4,16,1,3
optimized-release,M_MYDOS_DESTROYVOLUME_8DF1D5D5,MYDOS,124,4,4,16,1,3
optimized-release,M_DOSINHERIT_ADOPT_35538564,DOSINHERIT,123,12,8,22,2,5
optimized-release,M_TASKPOLICY_READY_679992F5,TASKPOLICY,122,8,4,18,3,1
optimized-release,M_IOCORE_DOIO_173DC4A1,IOCORE,122,16,10,22,2,3
optimized-release,M_TASKPOLICY_SIGNALBIT_7E52F9EF,TASKPOLICY,121,10,10,10,0,1
optimized-release,M_COOKEDLINE_ENTER_AF5023D0,COOKEDLINE,121,4,4,8,3,4
optimized-release,M_DOSBREAK_CURRENT_B838AC0B,DOSBREAK,121,12,8,16,1,3
optimized-release,M_FSLEASES_OBJECTENTRY_FCD8C666,FSLEASES,119,8,8,8,0,3
optimized-release,M_SDFS_BEGINMOUNT_68830325,SDFS,119,4,4,10,1,1
optimized-release,M_DEMO_SHELLPATHRESET_72A30C98,DEMO,119,8,8,20,2,1
optimized-release,M_BLOCKIO_PUBLISH_42B93901,BLOCKIO,118,12,12,12,0,1
optimized-release,M_PROCESS_STARTLOADED_CDAA1C3D,PROCESS,118,8,8,26,2,3
optimized-release,M_DEMO_SHELLALIASEXPAND_1DD100F8,DEMO,118,4,4,8,2,6
optimized-release,M_EXECLISTS_REMTAIL_292EAA27,EXECLISTS,117,12,8,18,1,3
optimized-release,M_TASKPOLICY_POINTERRESULT_E8D88610,TASKPOLICY,117,12,12,20,1,1
optimized-release,M_COOKEDLINE_HISTORYSLOT_205258CE,COOKEDLINE,117,12,12,12,0,1
optimized-release,M_FSFILES_CREATE_5EA85CDB,FSFILES,117,12,8,24,1,3
optimized-release,M_DOSSTREAMS_VALIDMODE_6A43AE29,DOSSTREAMS,116,8,8,8,0,1
optimized-release,M_FSREGISTRY_RETAIN_218C5FAC,FSREGISTRY,116,6,4,10,2,3
optimized-release,M_CSTRING_IMPL_STRLEN_EB4E5981,CSTRING,116,8,4,8,0,4
optimized-release,M_O65READ_LITERAL_8D1D12D6,O65READ,116,8,8,22,1,3
optimized-release,M_O65READ_EXTENT_816E81E1,O65READ,115,18,18,18,0,1
optimized-release,M_MYDOS_STARTRESOLVE_24B3B079,MYDOS,114,4,4,14,2,5
optimized-release,M_EXECLISTS_REMHEAD_F8063CE7,EXECLISTS,113,12,8,18,1,3
optimized-release,M_TASKPOLICY_MASKRESULT_220A6FAB,TASKPOLICY,113,12,12,20,1,1
optimized-release,M_FS83_LEGAL_57119700,FS83,113,2,2,2,0,10
optimized-release,M_CONSOLEFOREGROUND_NOTIFY_A30EB7D0,CONSOLEFOREGROUND,112,8,8,14,3,1
optimized-release,M_HEAPPOLICY_MATCHES_ACC95206,HEAPPOLICY,111,14,10,14,0,3
optimized-release,M_DOSCLIENT_SETIOERR_93E1A287,DOSCLIENT,111,16,8,20,1,1
optimized-release,M_HEAPPOLICY_RESERVEVECTOR_C09ED6F4,HEAPPOLICY,110,18,12,30,2,3
optimized-release,M_PROGRAMAPI_READARGSORHELP_0AAF8D06,PROGRAMAPI,110,14,14,36,2,1
optimized-release,M_TASKPOLICY_PRODUCERBINDING_1B8E711F,TASKPOLICY,109,4,4,8,2,9
optimized-release,M_MYDOS_RESOLVECOMPONENT_8F2130C4,MYDOS,109,4,4,10,1,3
optimized-release,M_CONSOLEDRIVER_FREEWAITER_5FC08D72,CONSOLEDRIVER,108,4,4,10,3,3
optimized-release,M_SIODRIVER_FREEWAITER_3A54C422,SIODRIVER,108,4,4,10,3,3
optimized-release,M_FSLEASES_WRITABLE_932CF683,FSLEASES,108,12,8,12,0,3
optimized-release,M_SDFS_INVALIDATE_8CE6E30A,SDFS,108,8,4,14,1,1
optimized-release,M_TASKPOLICY_ADJUSTTIMED_DDC1BE1E,TASKPOLICY,107,2,2,2,0,4
optimized-release,M_DISPLAY_BEGINRELEASE_D060B9F5,DISPLAY,107,2,2,8,1,5
optimized-release,M_O65READ_U32_BA2CF799,O65READ,107,14,14,20,2,1
optimized-release,M_CONSOLECORE_EDITQUANTUM_E6CDEC54,CONSOLECORE,105,4,4,16,2,3
optimized-release,M_CONSOLEBATCH_PUBLISH_28F83695,CONSOLEBATCH,105,4,4,14,1,5
optimized-release,M_FSBACKEND_BEGINMOUNT_3F96891C,FSBACKEND,105,4,4,10,2,3
optimized-release,M_FSBACKEND_MOUNTBUFFERED_E1BCDBDC,FSBACKEND,105,4,4,10,2,3
optimized-release,M_FSBACKEND_BUFFEREDENTRY_A53297ED,FSBACKEND,105,4,4,10,2,3
optimized-release,M_FSBACKEND_RESOLVECOMPONENT_25BBEDCF,FSBACKEND,105,4,4,10,2,3
optimized-release,M_FSBACKEND_RESOLVESTEP_71F5161C,FSBACKEND,105,4,4,10,2,3
optimized-release,M_FSBACKEND_DESCEND_696B876C,FSBACKEND,105,4,4,10,2,3
optimized-release,M_FSWRITEIO_WORD_326DCDF9,FSWRITEIO,105,8,8,8,0,1
optimized-release,M_DEMO_SHELLPATHENTRY_DB7471EF,DEMO,105,12,12,12,0,1
optimized-release,M_TASKPOLICY_DOSSLOTFOR_362EB215,TASKPOLICY,104,8,8,8,0,1
optimized-release,M_TASKPOLICY_DOSREMOVED_D36757B2,TASKPOLICY,104,12,8,12,0,3
optimized-release,M_CONSOLECONTROL_APPLY_DCB506BB,CONSOLECONTROL,104,2,2,8,3,5
optimized-release,M_HEAPPOLICY_VECTORBYTES_E6541B8F,HEAPPOLICY,103,16,10,24,1,4
optimized-release,M_COOKEDLINE_LOSE_A2B86A77,COOKEDLINE,101,6,6,12,2,1
optimized-release,M_TASKPOLICY_SETSTATE_52D88FAF,TASKPOLICY,100,8,4,8,0,3
optimized-release,M_TASKPOLICY_PORTSTORAGE_D3468DA2,TASKPOLICY,100,10,10,10,0,3
optimized-release,M_INPUT_CAPTURE_307447C1,INPUT,99,4,4,10,1,3
optimized-release,M_COOKEDLINE_CREATE_35929826,COOKEDLINE,99,12,8,24,2,3
optimized-release,M_DOSBREAK_PENDING_1B1DF51D,DOSBREAK,99,8,4,12,1,5
optimized-release,M_FSFILES_ALLOCATE_3EE5B3A2,FSFILES,99,12,8,24,1,3
optimized-release,M_FSLOCKS_FREE_701F260A,FSLOCKS,99,12,12,24,2,1
optimized-release,M_TASKPOLICY_MEMORYSERVICE_7FAD083C,TASKPOLICY,98,4,4,4,0,1
optimized-release,M_TASKPOLICY_CONSOLEINIT_02CC0011,TASKPOLICY,98,10,6,14,1,4
optimized-release,M_PROCESS_GETARGSTR_37000207,PROCESS,98,12,8,16,1,3
optimized-release,M_IORESIDENT_BOUND_C1F0BA89,IORESIDENT,97,2,2,8,3,5
optimized-release,M_BLOCKCACHE_METADATABYTES_EA4C1D98,BLOCKCACHE,97,8,8,18,1,1
optimized-release,M_DOSRAW_UNITREGISTRY_DD0D5704,DOSRAW,97,10,10,10,0,1
optimized-release,M_O65READ_U16_9E5A6B5F,O65READ,97,8,8,14,2,1
optimized-release,__a816_div_u32_v2,<runtime>,97,0,0,0,0,0
optimized-release,__a816_mod_u32_v2,<runtime>,97,0,0,0,0,0
optimized-release,M_EXECLISTS_ADDHEAD_3AE3E6E4,EXECLISTS,96,0,0,0,0,1
optimized-release,M_O65RELOCATIONS_PATCHES_74DD4940,O65RELOCATIONS,96,4,4,14,1,1
optimized-release,M_CONSOLEINPUT_INIT_5076ECFA,CONSOLEINPUT,95,4,4,4,0,1
optimized-release,M_CONSOLEDISPLAY_GLYPH_DCC4F92E,CONSOLEDISPLAY,95,8,4,8,0,3
optimized-release,M_IOCORE_DELETEIOREQUEST_93A87E78,IOCORE,95,10,6,22,2,3
optimized-release,M_FSCORE_COPYENTRY_48DFB26E,FSCORE,95,12,6,12,0,4
optimized-release,M_DEMO_SHELLCLEAR_C99F4545,DEMO,94,8,4,12,1,1
optimized-release,M_DISPLAY_ACTIVATE_FA0B49D8,DISPLAY,93,2,2,8,1,4
optimized-release,M_CONSOLEDRIVER_STATE_C6409A7F,CONSOLEDRIVER,93,6,4,10,3,1
optimized-release,M_TASKPOLICY_PROCESSFOR_0276CBEE,TASKPOLICY,92,8,8,12,1,1
optimized-release,M_CONSOLECORE_CELLOFFSET_711520EE,CONSOLECORE,92,12,8,12,0,3
optimized-release,M_SDFS_WORD_9040534F,SDFS,92,8,8,8,0,1
optimized-release,M_EXECLISTS_ISLISTEMPTY_6EEB0796,EXECLISTS,91,12,12,12,0,1
optimized-release,M_TASKPOLICY_IOERROR_9413450C,TASKPOLICY,91,12,8,22,1,3
optimized-release,M_DOSGROUP_CANCEL_B8897A90,DOSGROUP,91,2,2,8,4,3
optimized-release,M_CONSOLECAPTURE_PUBLISH_C5573D67,CONSOLECAPTURE,90,12,12,24,2,3
optimized-release,M_DOSUTILITY_READERINIT_DF037B30,DOSUTILITY,90,8,8,8,0,1
optimized-release,M_HEAPPOLICY_MEMORYTYPE_D394B206,HEAPPOLICY,89,8,4,14,1,3
optimized-release,M_TASKPOLICY_RECORDFOR_833E2B66,TASKPOLICY,89,8,8,8,0,1
optimized-release,M_PORTCORE_DELETEMSGPORT_9136F7C6,PORTCORE,89,2,2,14,3,3
optimized-release,M_DOSWIRE_ISPOINTER_E1AC855F,DOSWIRE,89,10,10,10,0,1
optimized-release,M_FSLOCKS_ALLOCATION_5B5A6C20,FSLOCKS,89,8,8,14,1,1
optimized-release,M_TASKPOLICY_IOOPENTEST_C4ABA6E6,TASKPOLICY,88,10,6,16,1,2
optimized-release,M_IORESIDENT_CLOSE_FE2B0633,IORESIDENT,88,2,2,8,3,5
optimized-release,M_IORESIDENT_BEGINIO_914C855C,IORESIDENT,88,2,2,8,3,5
optimized-release,M_IORESIDENT_ABORTIO_0DA61711,IORESIDENT,88,2,2,8,3,5
optimized-release,M_HEAPPOLICY_HEADER_A992FDFC,HEAPPOLICY,87,8,8,8,0,1
optimized-release,M_TASKPOLICY_CONSOLEDEVICE_34497CA3,TASKPOLICY,87,8,8,8,0,1
optimized-release,M_CONSOLEDISPLAY_QUANTUM_5F98A18D,CONSOLEDISPLAY,87,2,2,12,2,3
optimized-release,M_CONSOLEWINDOWS_LIVE_CF72384F,CONSOLEWINDOWS,84,4,4,4,0,1
optimized-release,M_CONSOLEDRIVER_COLLECT_102291BE,CONSOLEDRIVER,84,14,14,26,1,1
optimized-release,M_FSSYSTEM_UNIT_D8E8C927,FSSYSTEM,84,4,4,8,2,3
optimized-release,M_O65MEMORY_RESERVE_67ABB944,O65MEMORY,84,14,14,26,1,1
optimized-release,M_DEMO_SHELLPOLL_FD68673B,DEMO,83,6,6,18,2,3
optimized-release,M_TASKPOLICY_INITPORTS_2CB7E92A,TASKPOLICY,82,8,4,14,1,1
optimized-release,M_FSBACKEND_DESTROYVOLUME_B6078DE8,FSBACKEND,82,2,2,8,2,6
optimized-release,M_DEMO_SHELLPATHMISS_F697D8DD,DEMO,82,6,6,6,0,1
optimized-release,M_HEAPCORE_ROUNDED_9D79FA03,HEAPCORE,79,10,10,10,0,4
optimized-release,M_FSREGISTRY_FINDOBJECT_780CC443,FSREGISTRY,79,8,8,18,2,1
optimized-release,M_DISPLAY_FAULT_17A2F7BD,DISPLAY,77,2,2,8,1,3
optimized-release,M_INPUT_SOURCESTATE_ED5DBA81,INPUT,76,4,4,4,0,3
optimized-release,M_CONSOLEDRIVER_COMPLETE_39781A87,CONSOLEDRIVER,76,2,2,8,1,4
optimized-release,M_BLOCKIO_INVALIDATE_E4DCC90F,BLOCKIO,76,4,4,14,2,1
optimized-release,__a816_mul_u24_v2,<runtime>,76,0,0,0,0,0
optimized-release,M_FSBACKEND_INVALIDATE_9F423887,FSBACKEND,75,4,4,10,1,5
optimized-release,M_CONSOLEBITMAP_GETPACKET_5A801E1D,CONSOLEBITMAP,74,8,8,12,1,1
optimized-release,M_INPUT_FILTERVALID_D26629FB,INPUT,74,4,4,4,0,1
optimized-release,M_INPUT_SOURCEOF_A387FC4D,INPUT,74,4,4,4,0,4
optimized-release,M_FSREGISTRY_SERVICE_31663004,FSREGISTRY,74,8,8,12,1,1
optimized-release,M_EXECLISTS_REMOVE_2E26C2C1,EXECLISTS,73,0,0,0,0,1
optimized-release,M_DOSRAW_OPEN_5F7F2547,DOSRAW,73,8,8,22,1,1
optimized-release,M_COOKEDLINE_EMPTY_73E023F3,COOKEDLINE,72,4,4,4,0,1
optimized-release,M_DISPLAY_CHECK_D0D668F5,DISPLAY,71,2,2,8,1,5
optimized-release,M_DOSRAW_CLOSE_4F38859D,DOSRAW,69,6,6,18,1,1
optimized-release,M_DOSCALLS_BADOBJECT_51D88018,DOSCALLS,69,2,2,2,0,4
optimized-release,M_DOSARGS_BOUNDEDLENGTH_E004A013,DOSARGS,69,6,6,6,0,6
optimized-release,M_TASKPOLICY_PROCESSCLEAR_BCDB987A,TASKPOLICY,68,10,6,10,0,4
optimized-release,M_FSINFO_CLEAR_E168B3AB,FSINFO,68,10,6,10,0,4
optimized-release,M_FSHANDLER_BEGINRESOLVE_DD06EE7B,FSHANDLER,68,2,2,8,1,1
optimized-release,M_PROCESS_CONTROL_D28A63F1,PROCESS,68,8,8,16,1,1
optimized-release,M_HEAPCORE_LINK_9B47F952,HEAPCORE,67,2,2,2,0,4
optimized-release,M_DOSCLIENT_IOERR_BF9E8A97,DOSCLIENT,66,8,8,12,1,1
optimized-release,M_MYDOSWRITE_LIMIT_E01793D7,MYDOSWRITE,66,10,10,10,0,3
optimized-release,M_HEAPCORE_WRITECHUNK_D768FC26,HEAPCORE,64,8,8,8,0,1
optimized-release,M_CONSOLEBITMAP_ENABLED_B5633DC6,CONSOLEBITMAP,64,4,4,8,1,1
optimized-release,M_CONSOLEBITMAP_FAILED_26B87568,CONSOLEBITMAP,64,4,4,8,1,1
optimized-release,M_CONSOLEINPUT_LOSE_42C88EE3,CONSOLEINPUT,64,4,4,4,0,1
optimized-release,__a816_div_u16_v2,<runtime>,64,0,0,0,0,0
optimized-release,__a816_mod_u16_v2,<runtime>,64,0,0,0,0,0
optimized-release,M_EXECLISTS_NEWLIST_B3502541,EXECLISTS,63,0,0,0,0,1
optimized-release,M_TASKPOLICY_PORTSERVICE_8D598BCC,TASKPOLICY,62,4,4,4,0,1
optimized-release,M_TASKPOLICY_IOSERVICE_1E6CF653,TASKPOLICY,62,4,4,4,0,1
optimized-release,M_FS83_FOLD_0A64C6B8,FS83,62,2,2,2,0,4
optimized-release,M_PROCESS_START_10858ECA,PROCESS,62,8,8,26,1,1
optimized-release,M_PROCESS_STARTFOREGROUND_F931F4E9,PROCESS,62,8,8,26,1,1
optimized-release,M_DOSARGS_UPPER_7F315E6C,DOSARGS,62,2,2,2,0,4
optimized-release,M_TASKPOLICY_CONSOLENAME_0C46F590,TASKPOLICY,61,4,4,14,1,1
optimized-release,M_DOSCLIENT_ENSURE_1859B044,DOSCLIENT,61,8,8,14,2,1
optimized-release,M_TASKSTACKS_STACKLOWER_64542B4C,TASKSTACKS,60,8,8,8,0,1
optimized-release,M_TASKSTACKS_STACKUPPER_7AF4EA13,TASKSTACKS,60,8,8,8,0,1
optimized-release,M_FSWRITEIO_ZERO_F685105B,FSWRITEIO,60,6,6,6,0,4
optimized-release,M_DOSCLIENT_SETERROR_F2B11A26,DOSCLIENT,59,8,8,12,1,1
optimized-release,__a816_mul_u32_v2,<runtime>,59,0,0,0,0,0
optimized-release,M_TASKPOLICY_IONAME_8B922013,TASKPOLICY,58,2,2,12,1,3
optimized-release,M_SDFSDIR_ERROR_F11B3DDA,SDFSDIR,58,6,6,12,1,1
optimized-release,M_FSBACKEND_AVAILABLE_56F19E57,FSBACKEND,58,4,4,4,0,1
optimized-release,M_DOS_SELECTINPUT_FF0F4771,DOS,58,8,8,16,1,1
optimized-release,M_DOS_SELECTOUTPUT_3A928904,DOS,58,8,8,16,1,1
optimized-release,M_DEMO_SHELLLINE_05385AFA,DEMO,58,8,8,8,0,1
optimized-release,M_DEMO_SHELLDRAWBUFFER_40A1F650,DEMO,58,8,8,8,0,1
optimized-release,M_DEMO_SHELLSCRATCH_4CC9A4C2,DEMO,58,8,8,8,0,1
optimized-release,M_DEMO_SHELLTRANSFER_5E61BE6D,DEMO,58,8,8,8,0,1
optimized-release,M_DEMO_SHELLLENGTH_41312048,DEMO,58,8,8,18,1,1
optimized-release,M_CONSOLECORE_FEED_287D49E7,CONSOLECORE,56,6,6,20,1,1
optimized-release,M_BLOCKWIRE_TRANSFER_0A2F17CC,BLOCKWIRE,56,4,4,18,1,1
optimized-release,M_BLOCKWIRE_TRANSFERCOMMITTED_FEB13FCA,BLOCKWIRE,56,4,4,18,1,1
optimized-release,M_CONSOLEDISPLAY_POSITION_5668E3AD,CONSOLEDISPLAY,55,8,8,8,0,1
optimized-release,M_DOSCALLS_RENAME_EEAD93B4,DOSCALLS,55,6,6,20,1,1
optimized-release,M_DOS_EXAMINE_1F15C1B0,DOS,55,6,6,20,1,1
optimized-release,M_DOS_EXNEXT_623C7B53,DOS,55,6,6,20,1,1
optimized-release,M_PROGRAMAPI_EXAMINE_6478E83C,PROGRAMAPI,55,6,6,20,1,1
optimized-release,M_PROGRAMAPI_EXNEXT_3BA57C27,PROGRAMAPI,55,6,6,20,1,1
optimized-release,M_HEAPCORE_ALLOCATE_E39F1AF5,HEAPCORE,53,8,8,20,1,1
optimized-release,M_CONSOLEBITMAP_CLOSE_9D29479F,CONSOLEBITMAP,53,2,2,8,1,1
optimized-release,M_BLOCKIO_DISCARDBUFFER_3EED9C90,BLOCKIO,53,4,4,4,0,1
optimized-release,M_DOSRAW_ROLLBACK_4A7594F5,DOSRAW,53,0,0,4,2,1
optimized-release,M_BOOTCONFIG_STATUS_B93FBCBB,BOOTCONFIG,52,4,4,4,0,1
optimized-release,M_BOOTCONFIG_SYSTEMDRIVE_62E82846,BOOTCONFIG,52,4,4,4,0,1
optimized-release,M_TASKPOLICY_SAVEDWORD_D1C8E663,TASKPOLICY,52,8,8,8,0,1
optimized-release,M_TASKPOLICY_FLAGS_56B3B4FF,TASKPOLICY,52,8,8,8,0,1
optimized-release,M_FSSYSTEM_SYSTEMUNIT_F93F9C60,FSSYSTEM,51,4,4,8,1,2
optimized-release,M_O65READ_FAIL_6B141CC7,O65READ,51,4,4,4,0,3
optimized-release,M_SDFS_MAP_D6A7DDA3,SDFS,50,8,8,8,0,1
optimized-release,M_MYDOSFILE_CHAIN_94A5D226,MYDOSFILE,50,8,8,8,0,1
optimized-release,M_TASKPOLICY_CANCELWAKE_8ADC984A,TASKPOLICY,49,2,2,8,1,3
optimized-release,M_SDFS_GETSTATE_E428DC88,SDFS,49,8,8,8,0,1
optimized-release,M_FSWRITEIO_STATE_A0FFD18A,FSWRITEIO,49,8,8,8,0,1
optimized-release,M_DOSCALLS_DELETEFILE_59D38A29,DOSCALLS,49,6,6,20,1,1
optimized-release,M_DOS_INPUT_41B1DDE9,DOS,49,8,8,12,1,1
optimized-release,M_DOS_OUTPUT_DF7018DC,DOS,49,8,8,12,1,1
optimized-release,M_FSBACKEND_ENUMLIMIT_D60FC50E,FSBACKEND,48,2,2,2,0,3
optimized-release,M_CONSOLEDISPLAY_WIDTH_10C212F0,CONSOLEDISPLAY,47,2,2,6,1,3
optimized-release,M_CONSOLEDISPLAY_HEIGHT_F3C514AD,CONSOLEDISPLAY,47,2,2,6,1,3
optimized-release,M_FSPORTS_DELETE_FC342961,FSPORTS,46,2,2,14,1,3
optimized-release,M_O65MEMORY_ALLOCATE_1084F809,O65MEMORY,46,4,4,16,1,1
optimized-release,M_O65MEMORY_STORAGE_289ABF3F,O65MEMORY,46,4,4,16,1,1
optimized-release,M_BOOTCONFIG_CACHEBLOCKS_B221B0CF,BOOTCONFIG,45,8,8,8,0,1
optimized-release,M_PROGRAMPLACE_PATCHES_2338CDC0,PROGRAMPLACE,45,2,2,12,1,1
optimized-release,M_COOKEDLINE_LEAVE_C362F351,COOKEDLINE,44,0,0,4,2,1
optimized-release,M_TASKPOLICY_RESULT_DA2077E3,TASKPOLICY,43,8,8,8,0,1
optimized-release,M_IOCORE_BEGINIO_FAB52593,IOCORE,43,6,6,14,1,1
optimized-release,M_IOCORE_SENDIO_CA4E16BA,IOCORE,43,6,6,14,1,1
optimized-release,M_FSLOCKS_TRAILER_B3BA463B,FSLOCKS,42,8,8,8,0,1
optimized-release,M_FSLOCKS_TEXT_C72F70F3,FSLOCKS,42,8,8,8,0,1
optimized-release,M_MYDOSWRITE_BAD_ECEFF42B,MYDOSWRITE,42,2,2,14,1,1
optimized-release,M_SDFSWRITE_BAD_5E3D66D1,SDFSWRITE,42,2,2,14,1,1
optimized-release,M_FSINFO_ENUMERATIONSTATE_A9C412AA,FSINFO,42,8,8,8,0,1
optimized-release,M_HEAPPOLICY_GETSTATE_9B9EAF7C,HEAPPOLICY,40,4,4,4,0,1
optimized-release,M_PROCESSSTATE_REGISTRY_559AFD20,PROCESSSTATE,40,4,4,4,0,1
optimized-release,M_TASKPOLICY_KEYBOARDBINDING_7A2395A8,TASKPOLICY,40,4,4,4,0,1
optimized-release,M_TASKPOLICY_POINTERBINDING_D35CECAC,TASKPOLICY,40,4,4,4,0,1
optimized-release,M_CONSOLEBATCH_GET_1DDD9652,CONSOLEBATCH,40,4,4,4,0,1
optimized-release,M_CONSOLEBITMAP_GETBINDING_4C301254,CONSOLEBITMAP,40,4,4,4,0,1
optimized-release,M_CONSOLEWINDOWS_REGISTRY_F9AAFFE0,CONSOLEWINDOWS,40,4,4,4,0,1
optimized-release,M_CONSOLECAPTURE_GETLEASE_6E44FE9A,CONSOLECAPTURE,40,4,4,4,0,1
optimized-release,M_CONSOLEFOREGROUND_REGISTRY_ABF9F388,CONSOLEFOREGROUND,40,4,4,4,0,1
optimized-release,M_CONSOLEDRIVER_GETSERVICE_BEE5E55D,CONSOLEDRIVER,40,4,4,4,0,1
optimized-release,M_CONSOLEDRIVER_GETINSTANCE_7919D405,CONSOLEDRIVER,40,4,4,4,0,1
optimized-release,M_IOCORE_START_4033F51A,IOCORE,40,6,6,14,1,1
optimized-release,M_DOSCORE_GETREGISTRY_D528A1F7,DOSCORE,40,4,4,4,0,1
optimized-release,M_DOSRAW_GETREGISTRY_976423CC,DOSRAW,40,4,4,4,0,1
optimized-release,M_PROCESS_CURRENT_07EFB7F5,PROCESS,40,4,4,12,1,1
optimized-release,M_EXECMEMORY_VALIDOWNER_462B929A,EXECMEMORY,39,2,2,2,0,4
optimized-release,M_FSBACKEND_DESTROYWORK_CA11D009,FSBACKEND,38,2,2,8,1,3
optimized-release,M_O65RELOCATIONS_READ_4B7C0B1C,O65RELOCATIONS,38,2,2,12,1,1
optimized-release,M_SDFSDATE_LEAP_5FE3C9CD,SDFSDATE,37,2,2,2,0,1
optimized-release,M_TASKPOLICY_TIMEDCOUNT_C3B59E74,TASKPOLICY,36,2,2,2,0,1
optimized-release,M_SIODRIVER_UNAVAILABLE_B7013E26,SIODRIVER,36,2,2,2,0,1
optimized-release,__a816_mul_u16_v2,<runtime>,36,0,0,0,0,0
optimized-release,M_CONSOLEBITMAP_MASK_8BB047A7,CONSOLEBITMAP,32,6,6,6,0,1
optimized-release,M_FSSYSTEM_SELECTED_9418F47A,FSSYSTEM,32,2,2,2,0,1
optimized-release,M_PROGRAMAPI_INPUT_CF30B53D,PROGRAMAPI,31,4,4,8,1,1
optimized-release,M_PROGRAMAPI_OUTPUT_24288338,PROGRAMAPI,31,4,4,8,1,1
optimized-release,M_EXECMEMORY_VALIDBANK_E9E0A79B,EXECMEMORY,28,2,2,2,0,3
optimized-release,M_TASKPOLICY_KEYBOARDCLAIM_2C621EDB,TASKPOLICY,27,2,2,6,1,1
optimized-release,M_TASKPOLICY_POINTERCLAIM_44D64EBF,TASKPOLICY,27,2,2,6,1,1
optimized-release,M_TASKPOLICY_KEYBOARDRELEASE_69338836,TASKPOLICY,15,0,0,4,1,1
optimized-release,M_TASKPOLICY_POINTERRELEASE_E1BB47AA,TASKPOLICY,15,0,0,4,1,1
optimized-release,M_PROGRAMAPI_YIELD_8B32D3B0,PROGRAMAPI,15,0,0,4,1,1
optimized-release,M_DISPLAY_STATE_1869A6F2,DISPLAY,12,0,0,0,0,1
optimized-release,M_DISPLAY_KIND_52F443B1,DISPLAY,12,0,0,0,0,1
optimized-release,M_CONSOLEBITMAP_PENDING_D6383590,CONSOLEBITMAP,12,0,0,0,0,1
optimized-release,M_CONSOLEDISPLAY_COMPLETIONREADY_755EF473,CONSOLEDISPLAY,12,0,0,0,0,1
optimized-release,M_CONSOLEBATCH_RESET_8C5BFDE1,CONSOLEBATCH,11,0,0,0,0,1
optimized-release,M_EXECMEMORY_INIT_F4EA07E3,EXECMEMORY,4,0,0,0,0,1
optimized-release,M_EXECLISTS_NEWMINLIST_A2695943,EXECLISTS,4,0,0,0,0,1
optimized-release,M_EXECLISTS_ISMINLISTEMPTY_6D517164,EXECLISTS,4,0,0,0,0,1
optimized-release,M_TASKPOLICY_WRITABLE_0565D862,TASKPOLICY,4,0,0,0,0,1
optimized-release,M_TASKPOLICY_IOBOUND_33A4879E,TASKPOLICY,4,0,0,0,0,1
optimized-release,M_TASKPOLICY_IOTEST_D46D842E,TASKPOLICY,4,0,0,0,0,1
optimized-release,M_CONSOLE_SCREENWIDTH_02A0531A,CONSOLE,4,0,0,0,0,1
optimized-release,M_CONSOLE_SCREENHEIGHT_21CB6DFB,CONSOLE,4,0,0,0,0,1
optimized-release,M_CONSOLE_SHOW_21D86251,CONSOLE,4,0,0,0,0,1
optimized-release,M_CONSOLE_HIDE_EC93B70A,CONSOLE,4,0,0,0,0,1
optimized-release,M_CONSOLE_FOCUS_1C4A8DCE,CONSOLE,4,0,0,0,0,1
optimized-release,M_BLOCKIO_FINISHSTORE_0115A3DE,BLOCKIO,4,0,0,0,0,1
optimized-release,M_FSBACKEND_CREATEWORK_8A6F92A5,FSBACKEND,4,0,0,0,0,1
optimized-release,M_DOSCALLS_PIPE_54310E12,DOSCALLS,4,0,0,0,0,1
optimized-release,M_DOSCALLS_BEGINFOREGROUND_8F2474EA,DOSCALLS,4,0,0,0,0,1
optimized-release,M_DOSCALLS_ENDFOREGROUND_13E30672,DOSCALLS,4,0,0,0,0,1
optimized-release,M_DOSCALLS_BREAKPENDING_369675D8,DOSCALLS,4,0,0,0,0,1
optimized-release,M_DOSCALLS_CLEARBREAK_3FA5821C,DOSCALLS,4,0,0,0,0,1
optimized-release,M_DOS_ASSIGNPATH_070E31B9,DOS,4,0,0,0,0,1
optimized-release,M_DOS_GETASSIGN_06EFA68A,DOS,4,0,0,0,0,1
optimized-release,M_DOS_SETCONSOLEHISTORY_1C523BD8,DOS,4,0,0,0,0,1
optimized-release,M_DOS_FLUSH_47C61517,DOS,4,0,0,0,0,1
optimized-release,M_DOS_CREATEDIR_239F3D94,DOS,4,0,0,0,0,1
optimized-release,M_DOS_DELETEFILE_4D32A614,DOS,4,0,0,0,0,1
optimized-release,M_DOS_RENAME_F915C271,DOS,4,0,0,0,0,1
optimized-release,M_DOS_OPEN_87DAE823,DOS,4,0,0,0,0,1
optimized-release,M_DOS_READ_BCD2228F,DOS,4,0,0,0,0,1
optimized-release,M_DOS_WRITE_BE4FDE64,DOS,4,0,0,0,0,1
optimized-release,M_DOS_SEEK_DE9F46FB,DOS,4,0,0,0,0,1
optimized-release,M_DOS_CLOSE_4C224801,DOS,4,0,0,0,0,1
optimized-release,M_DOS_SETIOERR_7AEF42E2,DOS,4,0,0,0,0,1
optimized-release,M_DOS_IOERR_E649FF90,DOS,4,0,0,0,0,1
optimized-release,M_DOS_RELEASECONTEXT_9DB9F883,DOS,4,0,0,0,0,1
optimized-release,M_DOS_LOCK_4DEC517E,DOS,4,0,0,0,0,1
optimized-release,M_DOS_UNLOCK_74209499,DOS,4,0,0,0,0,1
optimized-release,M_DOS_ISINTERACTIVE_FD05AE49,DOS,4,0,0,0,0,1
optimized-release,M_DOS_CURRENTDIR_764577CB,DOS,4,0,0,0,0,1
optimized-release,M_DOS_NAMEFROMLOCK_8794AD67,DOS,4,0,0,0,0,1
optimized-release,M_DOS_BEGINFOREGROUND_987C8D99,DOS,4,0,0,0,0,1
optimized-release,M_DOS_ENDFOREGROUND_8BF477E5,DOS,4,0,0,0,0,1
optimized-release,M_DOS_BREAKPENDING_07C42681,DOS,4,0,0,0,0,1
optimized-release,M_DOS_CLEARBREAK_6F85C46D,DOS,4,0,0,0,0,1
optimized-release,M_DOS_PIPE_1D28B7D3,DOS,4,0,0,0,0,1
optimized-release,M_DOS_OPENCONSOLE_2100231A,DOS,4,0,0,0,0,1
optimized-release,M_DOS_CONSOLEINFO_BA8927CE,DOS,4,0,0,0,0,1
optimized-release,M_DOS_FAULT_8C83808D,DOS,4,0,0,0,0,1
optimized-release,M_DOS_PRINTFAULT_C841DC04,DOS,4,0,0,0,0,1
optimized-release,M_PROGRAMAPI_ASSIGNPATH_70177325,PROGRAMAPI,4,0,0,0,0,1
optimized-release,M_PROGRAMAPI_GETASSIGN_8DA1FFAE,PROGRAMAPI,4,0,0,0,0,1
optimized-release,M_PROGRAMAPI_OPEN_8638DB5F,PROGRAMAPI,4,0,0,0,0,1
optimized-release,M_PROGRAMAPI_READ_3155DB03,PROGRAMAPI,4,0,0,0,0,1
optimized-release,M_PROGRAMAPI_WRITE_84FB7088,PROGRAMAPI,4,0,0,0,0,1
optimized-release,M_PROGRAMAPI_SEEK_31854D3F,PROGRAMAPI,4,0,0,0,0,1
optimized-release,M_PROGRAMAPI_CLOSE_24FF6A65,PROGRAMAPI,4,0,0,0,0,1
optimized-release,M_PROGRAMAPI_FLUSH_DB8CCFBB,PROGRAMAPI,4,0,0,0,0,1
optimized-release,M_PROGRAMAPI_CREATEDIR_28E82C70,PROGRAMAPI,4,0,0,0,0,1
optimized-release,M_PROGRAMAPI_DELETEFILE_1B5DE7B0,PROGRAMAPI,4,0,0,0,0,1
optimized-release,M_PROGRAMAPI_RENAME_C087BEE5,PROGRAMAPI,4,0,0,0,0,1
optimized-release,M_PROGRAMAPI_IOERR_5170B12C,PROGRAMAPI,4,0,0,0,0,1
optimized-release,M_PROGRAMAPI_GETARGSTR_01F4859C,PROGRAMAPI,4,0,0,0,0,1
optimized-release,M_PROGRAMAPI_SETIOERR_D3F44706,PROGRAMAPI,4,0,0,0,0,1
optimized-release,M_PROGRAMAPI_BREAKPENDING_F12A3675,PROGRAMAPI,4,0,0,0,0,1
optimized-release,M_PROGRAMAPI_WRITEALL_2F9D9EC1,PROGRAMAPI,4,0,0,0,0,1
optimized-release,M_PROGRAMAPI_READERINIT_0B3A5F6A,PROGRAMAPI,4,0,0,0,0,1
optimized-release,M_PROGRAMAPI_READBYTE_268CDC31,PROGRAMAPI,4,0,0,0,0,1
optimized-release,M_PROGRAMAPI_READLINE_D25FAB11,PROGRAMAPI,4,0,0,0,0,1
optimized-release,M_PROGRAMAPI_LOCK_D0030F12,PROGRAMAPI,4,0,0,0,0,1
optimized-release,M_PROGRAMAPI_UNLOCK_3CF9C02D,PROGRAMAPI,4,0,0,0,0,1
optimized-release,M_PROGRAMAPI_ISINTERACTIVE_056AF905,PROGRAMAPI,4,0,0,0,0,1
optimized-release,M_PROGRAMAPI_OPENCONSOLE_E4ECC506,PROGRAMAPI,4,0,0,0,0,1
optimized-release,M_PROGRAMAPI_CONSOLEINFO_2608391A,PROGRAMAPI,4,0,0,0,0,1
optimized-release,M_PROGRAMAPI_FAULT_DA8736E9,PROGRAMAPI,4,0,0,0,0,1
optimized-release,M_PROGRAMAPI_PRINTFAULT_2BBE94D8,PROGRAMAPI,4,0,0,0,0,1
optimized-release,M_PROGRAM_UNLOAD_C8BC2432,PROGRAM,4,0,0,0,0,1
optimized-guarded,M_CONSOLEDRIVER_WORKER_589B3ABC,CONSOLEDRIVER,4635,50,42,64,64,64
optimized-guarded,M_PIPELINE_RUN_E96AA47C,PIPELINE,4314,42,12,56,43,70
optimized-guarded,M_DEMO_SHELLPARSE_A0346EB9,DEMO,4164,34,26,42,7,126
optimized-guarded,M_O65RELOCATIONS_WALK_0850572F,O65RELOCATIONS,3584,70,60,86,20,84
optimized-guarded,M_DEMO_SHELLBOOTSTART_83789768,DEMO,3523,16,12,28,39,23
optimized-guarded,M_DOSARGS_DECODE_CCDE93B6,DOSARGS,3211,42,32,60,5,83
optimized-guarded,M_DOSPIPE_TRANSFER_59D539F6,DOSPIPE,3099,56,40,68,25,57
optimized-guarded,M_DEMO_SHELLDISPATCH_61C1EC5C,DEMO,3089,16,16,30,44,48
optimized-guarded,M_FSHANDLER_OPENRESULTSTEP_0C25E5DB,FSHANDLER,2929,26,12,38,26,43
optimized-guarded,M_O65WIRE_HEADER_58EA710F,O65WIRE,2918,44,38,60,24,54
optimized-guarded,M_DOSCALLS_ASSIGNPATH_80851264,DOSCALLS,2781,42,20,56,23,54
optimized-guarded,M_DEMO_SHELLFINISH_96C56219,DEMO,2634,16,8,28,33,31
optimized-guarded,M_SDFSWRITE_CREATE_5E5E06BC,SDFSWRITE,2616,34,22,48,19,41
optimized-guarded,M_FSDIRECTORY_SELECT_4CD1EDE7,FSDIRECTORY,2607,22,18,34,19,30
optimized-guarded,M_FSHANDLER_FILE_3A9A315C,FSHANDLER,2440,26,18,38,15,24
optimized-guarded,M_PROGRAMPROVIDERS_RESOLVE_0AD38ACF,PROGRAMPROVIDERS,2412,60,26,76,15,44
optimized-guarded,M_MYDOSWRITE_WRITE_992B7BC3,MYDOSWRITE,2288,42,32,54,18,39
optimized-guarded,M_PROGRAMFILE_LOAD_6B2BC763,PROGRAMFILE,2287,46,38,62,18,44
optimized-guarded,M_DEMO_SHELLPATHUPDATE_51351508,DEMO,2274,22,14,36,28,31
optimized-guarded,M_CONSOLEDRIVER_WRITEQUANTUM_3CD4DB9C,CONSOLEDRIVER,2268,30,14,44,18,50
optimized-guarded,M_TASKPOLICY_PRODUCERCONTROL_52F9499B,TASKPOLICY,2245,32,14,42,20,55
optimized-guarded,M_DOSCALLS_NAMESPACE_643E89B3,DOSCALLS,2233,60,16,78,21,31
optimized-guarded,M_CONSOLE_CREATE_AA57C2F6,CONSOLE,2205,36,20,54,26,36
optimized-guarded,M_FSWORKER_WORKER_2BB473B0,FSWORKER,2194,34,24,46,25,37
optimized-guarded,M_SDFSWRITE_VALIDATE_3C808422,SDFSWRITE,2192,52,52,64,21,45
optimized-guarded,M_CONSOLEDISPLAY_CELLS_40A0DF53,CONSOLEDISPLAY,2147,42,34,60,8,33
optimized-guarded,M_FSRELATIVE_BEGIN_CB9D8F8D,FSRELATIVE,2138,28,18,40,13,31
optimized-guarded,M_FSNAMESPACE_RESOLVED_0E070C27,FSNAMESPACE,2112,22,18,34,18,23
optimized-guarded,M_DEMO_SHELLREADSTEP_67245C10,DEMO,2063,32,16,46,18,29
optimized-guarded,M_SDFSFILE_MEASURE_B257955B,SDFSFILE,2052,26,20,38,11,31
optimized-guarded,M_DEMO_DEMOSTART_FC398735,DEMO,2016,16,10,28,21,28
optimized-guarded,M_FSHANDLER_DISPATCHSTEP_D149BF3A,FSHANDLER,1990,20,12,32,14,38
optimized-guarded,M_INPUT_POINTERREAD_16C85D8C,INPUT,1977,70,20,86,7,36
optimized-guarded,M_DOSFAULT_MESSAGE_9D326B2A,DOSFAULT,1960,6,6,6,0,79
optimized-guarded,M_COOKEDLINE_FEED_E5727982,COOKEDLINE,1921,16,14,28,9,70
optimized-guarded,M_SDFSFILE_DRIVE_59FB4F1B,SDFSFILE,1909,36,18,48,13,21
optimized-guarded,M_PROCESS_STARTINTERNAL_08C34541,PROCESS,1886,30,12,42,18,37
optimized-guarded,M_DEMO_SHELLDIR_42E4EEF3,DEMO,1870,36,16,48,23,23
optimized-guarded,M_DEMO_SHELLREDIRECT_189A437C,DEMO,1841,16,12,28,17,20
optimized-guarded,M_CONSOLETILING_SHOW_26065EE8,CONSOLETILING,1795,38,22,50,16,28
optimized-guarded,M_TASKPOLICY_CREATE_EE96600A,TASKPOLICY,1782,34,16,50,10,24
optimized-guarded,M_INPUT_ACQUIRE_69C538CF,INPUT,1767,28,16,42,17,29
optimized-guarded,M_DEMO_SHELLMOUNTS_AF3EE75C,DEMO,1758,18,18,28,19,23
optimized-guarded,M_DEMO_SHELLALIASCOMMAND_96FDFCD5,DEMO,1756,18,14,30,14,45
optimized-guarded,M_CONSOLEDRIVER_INITIALIZE_D6CB2592,CONSOLEDRIVER,1745,34,12,52,19,24
optimized-guarded,M_DOSFAULT_FORMAT_76BA9D40,DOSFAULT,1731,46,20,60,9,34
optimized-guarded,M_DOSCOOKED_ACQUIRELINE_772F100E,DOSCOOKED,1720,14,12,28,21,31
optimized-guarded,M_FSALLOC_FIND_C860CAEC,FSALLOC,1712,40,32,52,9,38
optimized-guarded,M_TASKPOLICY_REQUESTVALID_195CAC51,TASKPOLICY,1692,6,6,14,21,49
optimized-guarded,M_DOSCLIENT_CALL_35DB3B22,DOSCLIENT,1692,34,22,50,12,35
optimized-guarded,M_TASKPOLICY_INIT_57A5FAC8,TASKPOLICY,1678,20,10,30,19,8
optimized-guarded,M_DOSRAW_ACQUIRE_CC49A145,DOSRAW,1678,26,12,46,22,18
optimized-guarded,M_COOKEDLINE_RENDER_D6B4258E,COOKEDLINE,1677,26,22,26,0,44
optimized-guarded,M_SDFSWRITE_WRITE_40A16F7D,SDFSWRITE,1655,38,20,52,14,23
optimized-guarded,M_TASKPOLICY_PROCESSCHANGE_3BBD0041,TASKPOLICY,1651,18,8,30,12,59
optimized-guarded,M_DEMO_SHELLMEM_AF895CA1,DEMO,1643,12,12,24,28,1
optimized-guarded,M_DEMO_SHELLDIAGNOSTIC_90251983,DEMO,1641,36,16,52,11,15
optimized-guarded,M_CONSOLEDISPLAY_EDIT_379C99EA,CONSOLEDISPLAY,1623,24,22,36,14,29
optimized-guarded,M_SDFSWRITE_LOCATE_55E19A5E,SDFSWRITE,1622,36,24,48,14,27
optimized-guarded,M_CONSOLEDISPLAY_ADVANCE_74F2C1A4,CONSOLEDISPLAY,1592,18,12,32,10,31
optimized-guarded,M_DOSCALLS_EXPAND_EA5329A2,DOSCALLS,1591,30,18,42,9,41
optimized-guarded,M_FSABORT_CHECKPOINT_5DD0EDAE,FSABORT,1584,18,12,30,5,32
optimized-guarded,M_MYDOSWRITE_CREATE_CDAAF016,MYDOSWRITE,1579,28,22,40,9,23
optimized-guarded,M_DEMO_SHELLPIPELINE_3089A788,DEMO,1579,68,18,90,12,13
optimized-guarded,M_DEMO_DEMOCOMPUTE_108F568E,DEMO,1571,24,20,38,13,36
optimized-guarded,M_DEMO_SHELLLOADCOMMAND_919DB943,DEMO,1558,20,20,32,19,25
optimized-guarded,M_DEMO_SHELLTYPE_1AFF6CB6,DEMO,1551,34,18,48,19,27
optimized-guarded,M_DEMO_SHELLTASKS_EC8AA98C,DEMO,1542,18,18,30,14,14
optimized-guarded,M_CONSOLE_DESTROY_8B3B48E8,CONSOLE,1535,18,8,26,24,17
optimized-guarded,M_DEMO_SHELLALIASREPLACE_D1C41638,DEMO,1527,32,26,44,10,28
optimized-guarded,M_SDFS_HEADER_D37EFF70,SDFS,1525,36,14,48,8,31
optimized-guarded,M_SDFSDIR_DECODE_445A4286,SDFSDIR,1525,20,18,32,12,27
optimized-guarded,M_MYDOSWRITE_READPAYLOAD_AC32DCA4,MYDOSWRITE,1514,22,14,34,12,26
optimized-guarded,M_DOSCALLS_WRITE_8E98A1A7,DOSCALLS,1508,36,10,54,16,25
optimized-guarded,M_TASKPOLICY_PROCESSRESERVE_23A33DDB,TASKPOLICY,1498,24,14,30,10,22
optimized-guarded,M_PROGRAM_LOAD_3AF1DE19,PROGRAM,1478,28,16,42,15,15
optimized-guarded,M_TASKPOLICY_ROUTE_3006B749,TASKPOLICY,1468,12,12,22,19,37
optimized-guarded,M_DOSARGS_DESCRIBE_D600A84B,DOSARGS,1454,20,20,38,5,58
optimized-guarded,M_FSINIT_CONFIG_A7C873FA,FSINIT,1448,26,20,46,9,31
optimized-guarded,M_FSINSPECT_SNAPSHOT_873CF8A6,FSINSPECT,1447,22,18,26,3,26
optimized-guarded,M_FSWRITEIO_READ_66641E67,FSWRITEIO,1435,26,20,44,13,12
optimized-guarded,M_TASKPOLICY_DISPATCH_2D7B283C,TASKPOLICY,1417,22,12,34,17,21
optimized-guarded,M_FSALLOC_CHANGE_B0E87AF9,FSALLOC,1401,26,14,38,10,22
optimized-guarded,M_DEMO_SHELLUNREDIRECT_A96C796F,DEMO,1388,10,8,22,10,22
optimized-guarded,M_DOSPROCESS_CLEANUP_CE292B9A,DOSPROCESS,1375,32,26,42,11,40
optimized-guarded,M_DOSBREAK_BEGIN_A70D4CB3,DOSBREAK,1370,22,8,32,17,26
optimized-guarded,M_CONSOLEDRIVER_ADMITWORKER_8B81C455,CONSOLEDRIVER,1365,20,14,32,13,15
optimized-guarded,M_FSWRITE_BEGIN_06B2C6FE,FSWRITE,1363,26,18,38,6,13
optimized-guarded,M_FSNAMES_STREAM_12DD2A4A,FSNAMES,1360,2,2,6,16,25
optimized-guarded,M_CONSOLEDISPLAY_CLAIM_0FF5CDD8,CONSOLEDISPLAY,1353,14,10,26,10,18
optimized-guarded,M_DEMO_SHELLPATH_505E8FAB,DEMO,1348,18,14,30,15,18
optimized-guarded,M_SDFSWRITE_ROWIO_EF8D2430,SDFSWRITE,1336,34,28,48,10,21
optimized-guarded,M_CONSOLEDISPLAY_BITMAPCOMPLETE_8FE2FF3C,CONSOLEDISPLAY,1332,24,12,36,6,25
optimized-guarded,M_SDFSWRITE_GROW_073A6F69,SDFSWRITE,1330,24,10,36,14,15
optimized-guarded,M_DOSRAW_PREPARE_F51F1B68,DOSRAW,1321,16,10,28,11,20
optimized-guarded,M_FSWRITE_WRITESTEP_AD20D8EE,FSWRITE,1321,30,16,48,4,16
optimized-guarded,M_DOSCLIENT_RELEASECONTEXT_90CB2A06,DOSCLIENT,1314,14,8,26,7,28
optimized-guarded,M_TASKPOLICY_ADD_A5E7C92B,TASKPOLICY,1310,28,8,44,18,17
optimized-guarded,M_DOSCALLS_READ_BEE8BE36,DOSCALLS,1310,36,10,54,13,20
optimized-guarded,M_CONSOLEFOREGROUND_HANDOFF_CB9B2D39,CONSOLEFOREGROUND,1309,26,18,38,7,19
optimized-guarded,M_FSWRITE_DELETE_68B67BAA,FSWRITE,1298,12,12,24,13,30
optimized-guarded,M_TASKPOLICY_PROCESSLAUNCH_8314A6C0,TASKPOLICY,1275,20,14,36,6,20
optimized-guarded,M_PROGRAMPLACE_ALLOCATE_8CF1E5BF,PROGRAMPLACE,1253,22,16,38,5,19
optimized-guarded,M_DEMO_SHELLOPEN_309B1844,DEMO,1240,12,12,24,14,9
optimized-guarded,M_INPUT_TAKE_28320780,INPUT,1234,28,16,40,12,21
optimized-guarded,M_DOSCALLS_OPEN_390423B6,DOSCALLS,1226,40,20,60,14,22
optimized-guarded,M_DEMO_SHELLCHANGE_9A7AB49E,DEMO,1223,24,8,36,16,13
optimized-guarded,M_TASKPOLICY_REMOVETASK_35F29A21,TASKPOLICY,1221,18,8,28,14,20
optimized-guarded,M_SIODRIVER_WORKER_374ADF8C,SIODRIVER,1221,24,16,38,20,13
optimized-guarded,M_DOSCALLS_ACQUIRE_C423433E,DOSCALLS,1210,36,12,54,9,23
optimized-guarded,M_CONSOLECORE_FEEDINTO_F0C48569,CONSOLECORE,1207,22,16,36,6,35
optimized-guarded,M_DOSINHERIT_DISCARD_44133C6A,DOSINHERIT,1207,28,8,40,12,28
optimized-guarded,M_DOSPIPE_CREATE_3311B233,DOSPIPE,1202,24,8,36,13,15
optimized-guarded,M_INPUT_CHECKCONFIG_58BFFC0D,INPUT,1200,8,8,18,3,45
optimized-guarded,M_FSPACKET_IDENTITY_6B3677B2,FSPACKET,1169,16,12,24,5,13
optimized-guarded,M_DOSCOOKED_READLOCKED_B41BFB52,DOSCOOKED,1153,22,8,40,12,17
optimized-guarded,M_DOSPROCESS_SNAPSHOT_8415B6DE,DOSPROCESS,1153,12,12,22,4,22
optimized-guarded,M_FSINIT_CLEANUP_26675F9E,FSINIT,1145,14,10,26,12,18
optimized-guarded,M_DEMO_SHELLCLASSIFY_4EDF64CA,DEMO,1143,2,2,12,14,29
optimized-guarded,M_SDFSDATE_DECODE_E4AFE2B3,SDFSDATE,1141,28,26,40,5,21
optimized-guarded,M_CONSOLEDISPLAY_PRESENT_E192ED9F,CONSOLEDISPLAY,1140,10,10,20,13,28
optimized-guarded,M_TASKPOLICY_MEMORYCALL_E7816C43,TASKPOLICY,1128,32,16,44,12,18
optimized-guarded,M_SIODRIVER_ADMITWORKER_05019805,SIODRIVER,1118,20,14,32,7,15
optimized-guarded,M_DEMO_SHELLCOMMAND_F85F9F19,DEMO,1113,8,8,20,14,21
optimized-guarded,M_DOSPROCESS_ADOPT_5B5DBE18,DOSPROCESS,1110,14,8,26,9,10
optimized-guarded,M_TASKINSPECT_SNAPSHOT_72A67CF0,TASKINSPECT,1105,26,16,30,2,19
optimized-guarded,M_INPUT_RELEASE_78D4EBB0,INPUT,1101,20,10,34,13,15
optimized-guarded,M_SDFS_VALIDATEMAP_D7214A91,SDFS,1098,24,24,36,8,25
optimized-guarded,M_O65WIRE_EXPORTS_13C8B799,O65WIRE,1088,30,22,42,10,21
optimized-guarded,M_COOKEDLINE_RECALL_089A5861,COOKEDLINE,1085,24,20,36,4,22
optimized-guarded,M_DEMO_DEMOFINISH_E4DD1D06,DEMO,1084,30,12,42,8,33
optimized-guarded,M_FSRELATIVE_PARENTRESULT_7CE6B959,FSRELATIVE,1078,16,12,28,7,17
optimized-guarded,M_O65PROFILE_IMPORTS_FC0170BC,O65PROFILE,1076,24,24,38,9,18
optimized-guarded,M_DOSCOMMAND_SHOWTEMPLATE_03EA47A3,DOSCOMMAND,1066,24,16,38,13,20
optimized-guarded,M_DOSPROCESS_PREPARE_AF74B007,DOSPROCESS,1057,24,8,40,10,24
optimized-guarded,M_SIODRIVER_START_4928F5B4,SIODRIVER,1052,38,12,48,11,18
optimized-guarded,M_CONSOLETILING_LOCK_D1C61C32,CONSOLETILING,1044,20,14,30,10,23
optimized-guarded,M_DOSCALLS_CLOSE_97169B3A,DOSCALLS,1035,34,8,52,11,17
optimized-guarded,M_MYDOSFILE_BEGINREAD_56DCAA56,MYDOSFILE,1030,14,14,26,10,14
optimized-guarded,M_CONSOLEDRIVER_START_3E6AAC44,CONSOLEDRIVER,1029,38,12,48,11,18
optimized-guarded,M_FSHANDLER_RESOLVEFAILURE_E91D28D8,FSHANDLER,1026,20,14,32,3,14
optimized-guarded,M_SIODRIVER_RUNREQUEST_4500BA50,SIODRIVER,1024,12,8,20,14,16
optimized-guarded,M_FSBOOT_STOP_AD5246E2,FSBOOT,1014,28,18,40,9,24
optimized-guarded,M_SDFSWRITE_SLOT_E3DFD014,SDFSWRITE,1003,26,24,40,8,17
optimized-guarded,M_BLOCKWIRE_EXCHANGE_9F443072,BLOCKWIRE,1000,32,18,40,7,21
optimized-guarded,M_SIODRIVER_STOP_B26AF28A,SIODRIVER,994,42,12,54,12,14
optimized-guarded,M_CONSOLEDISPLAY_BITMAPEDIT_EF95A6DB,CONSOLEDISPLAY,989,16,10,26,7,23
optimized-guarded,M_DOSUTILITY_READBYTE_60ED3FBB,DOSUTILITY,985,22,12,36,8,16
optimized-guarded,M_DISPLAY_ACQUIRE_D4F205A1,DISPLAY,980,10,10,20,8,21
optimized-guarded,M_BLOCKCACHE_STOREPART_C61D91FE,BLOCKCACHE,975,20,14,36,4,11
optimized-guarded,M_BLOCKIO_BEGINSTORE_D38E59E4,BLOCKIO,969,16,16,34,5,11
optimized-guarded,M_DEMO_SHELLEXTERNAL_6FFCDB1B,DEMO,968,42,12,54,11,7
optimized-guarded,M_FSWRITEIO_WRITE_4F85FADC,FSWRITEIO,967,26,20,44,9,7
optimized-guarded,M_COOKEDLINE_REMEMBER_E39B9025,COOKEDLINE,965,28,16,40,3,31
optimized-guarded,M_SIODRIVER_HARDWAREINIT_3568BDA6,SIODRIVER,963,8,4,22,16,16
optimized-guarded,M_DOSINHERIT_STREAM_24BB16AC,DOSINHERIT,962,14,8,26,11,15
optimized-guarded,M_CONSOLEDRIVER_FREESTORAGE_02676B4B,CONSOLEDRIVER,961,22,12,34,11,7
optimized-guarded,M_FSINIT_ALLOCATEMOUNT_EF481898,FSINIT,960,22,12,34,6,7
optimized-guarded,M_HEAPPOLICY_START_1455FA91,HEAPPOLICY,955,28,20,38,9,36
optimized-guarded,M_HEAPPOLICY_AVAIL_22774B2C,HEAPPOLICY,950,36,30,48,6,19
optimized-guarded,M_CONSOLEDRIVER_ARRIVAL_EC6B7DA9,CONSOLEDRIVER,950,18,8,28,10,21
optimized-guarded,M_HEAPCORE_LARGEST_AA9886E8,HEAPCORE,949,38,38,50,4,19
optimized-guarded,M_DOSINHERIT_FINALIZEDETACHED_E855A6F0,DOSINHERIT,946,18,8,36,10,10
optimized-guarded,M_CONSOLECONTROL_SUBMIT_2C979A45,CONSOLECONTROL,943,18,8,30,10,14
optimized-guarded,M_TASKPOLICY_LIFETIMECALL_A2B2E727,TASKPOLICY,940,22,10,34,8,20
optimized-guarded,M_SDFSDIR_BEGINENTRY_4CCF1AF9,SDFSDIR,930,20,12,32,6,14
optimized-guarded,M_CONSOLEDISPLAY_CURSOR_3EC7579C,CONSOLEDISPLAY,925,18,14,32,5,14
optimized-guarded,M_DOSINHERIT_CLONELOCK_889C592A,DOSINHERIT,920,16,12,28,13,7
optimized-guarded,M_FSLEASES_BUSY_31143750,FSLEASES,915,30,22,42,4,24
optimized-guarded,M_FSALLOC_BITMAP_55D4E3AC,FSALLOC,915,30,16,42,6,7
optimized-guarded,M_FSWRITE_OPEN_799F737F,FSWRITE,909,16,12,28,8,23
optimized-guarded,M_O65_DESCRIPTOR_41119D04,O65,908,24,16,34,8,11
optimized-guarded,M_DOSPROCESS_PREPAREGROUP_5B2830CC,DOSPROCESS,904,24,8,40,12,12
optimized-guarded,M_TASKPOLICY_IOCALL_78031962,TASKPOLICY,903,24,12,38,9,20
optimized-guarded,M_FSLOCKS_APPEND_3EC68462,FSLOCKS,902,10,10,18,4,25
optimized-guarded,M_TASKPOLICY_IOREQUESTCALL_7ACD78BD,TASKPOLICY,900,14,8,28,9,26
optimized-guarded,M_SDFSDIR_MEASURE_2E677570,SDFSDIR,900,14,10,26,7,15
optimized-guarded,M_O65_VALIDATE_31EC2383,O65,895,20,14,28,11,18
optimized-guarded,M_DOSCALLS_NAMEFROMLOCK_92457C4A,DOSCALLS,894,24,12,36,8,17
optimized-guarded,M_CONSOLEDRIVER_OPEN_434F52B0,CONSOLEDRIVER,893,18,8,28,7,20
optimized-guarded,M_BLOCKCACHE_READ_6E9EB2D8,BLOCKCACHE,891,22,16,38,8,14
optimized-guarded,M_SDFSWRITE_RECLAIM_B35C64A9,SDFSWRITE,890,34,26,46,7,24
optimized-guarded,M_DEMO_SHELLDEVICES_F77A45DF,DEMO,889,22,18,32,8,25
optimized-guarded,M_SDFSFILE_BEGINREAD_A4D537D8,SDFSFILE,888,18,18,30,6,14
optimized-guarded,M_FSINIT_MOUNTEDSTEP_D00F6B02,FSINIT,887,12,8,18,7,9
optimized-guarded,M_FSHANDLER_TAKESTEP_E4E18A11,FSHANDLER,885,22,18,32,6,11
optimized-guarded,M_BLOCKIO_CREATE_DF5BA086,BLOCKIO,879,16,12,28,9,9
optimized-guarded,M_CONSOLEFOREGROUND_RECLAIM_59B58C70,CONSOLEFOREGROUND,878,20,18,32,3,16
optimized-guarded,M_FSINIT_WORKSPACE_ED5E2107,FSINIT,874,18,14,30,5,15
optimized-guarded,M_DOSRAW_RELEASEENDPOINT_3E946265,DOSRAW,870,14,8,26,12,8
optimized-guarded,M_CSTRING_IMPL_U32TOA_D9A955C5,CSTRING,869,30,16,30,0,20
optimized-guarded,M_FSOPERATION_PUMP_B18C8A95,FSOPERATION,865,14,12,20,8,18
optimized-guarded,M_DOSCOMMAND_READARGSORHELP_AC23446B,DOSCOMMAND,859,14,8,36,8,20
optimized-guarded,M_TASKPOLICY_MASKS_49833CE1,TASKPOLICY,854,34,14,50,7,15
optimized-guarded,M_CONSOLEDRIVER_BATCHWRITE_60F6B557,CONSOLEDRIVER,853,26,14,38,5,16
optimized-guarded,M_SIODRIVER_PREPARE_D10BF723,SIODRIVER,853,18,14,28,1,10
optimized-guarded,M_FSINIT_DESTROYMOUNT_00D5D10B,FSINIT,853,8,8,20,10,13
optimized-guarded,M_DOSCALLS_SEEK_17FC33E6,DOSCALLS,852,28,8,46,9,14
optimized-guarded,M_BLOCKCACHE_CREATE_BA82E51A,BLOCKCACHE,849,20,12,32,6,8
optimized-guarded,M_BLOCKIO_BEGINFETCH_6B9D7F07,BLOCKIO,846,20,16,38,6,7
optimized-guarded,M_CONSOLEINPUT_PUMP_600356CC,CONSOLEINPUT,840,30,20,42,8,20
optimized-guarded,M_HEAPCORE_RETURNRANGE_11C95A83,HEAPCORE,838,28,24,50,5,19
optimized-guarded,M_SDFSFILE_CONSUME_19CF3939,SDFSFILE,837,24,18,30,1,12
optimized-guarded,M_HEAPPOLICY_VALIDATEREGIONS_C3A52ACE,HEAPPOLICY,835,36,32,46,7,17
optimized-guarded,M_MYDOSFILE_OPEN_0FD3469F,MYDOSFILE,828,12,12,24,3,18
optimized-guarded,M_CONSOLEFOREGROUND_END_65D34F46,CONSOLEFOREGROUND,821,20,14,32,6,12
optimized-guarded,M_MYDOS_VALIDATEBASE_0A85139C,MYDOS,820,28,18,38,1,26
optimized-guarded,M_HEAPPOLICY_FREEVECTOR_698EC5DE,HEAPPOLICY,816,34,18,48,8,15
optimized-guarded,M_FS83_COMPONENT_3DA5FCEA,FS83,814,10,10,16,2,29
optimized-guarded,M_CONSOLEINPUT_DECODE_A428056C,CONSOLEINPUT,811,22,10,22,0,39
optimized-guarded,M_SDFSFILE_OPEN_2046DF25,SDFSFILE,810,12,12,24,3,18
optimized-guarded,M_CONSOLECONTROL_PROCESS_46BB287E,CONSOLECONTROL,808,22,12,30,10,9
optimized-guarded,M_CSTRING_IMPL_STRLCAT_C4908C8C,CSTRING,802,22,8,22,0,19
optimized-guarded,M_FSNAMES_PATH_CFBF830F,FSNAMES,801,34,24,42,2,30
optimized-guarded,M_FSALLOC_ALLOWED_1FF175A3,FSALLOC,799,20,16,32,2,20
optimized-guarded,M_FSINIT_ARRIVAL_302FF83F,FSINIT,796,18,14,22,4,5
optimized-guarded,M_DOSCALLS_DESTINATION_E6EBC832,DOSCALLS,793,10,8,20,8,19
optimized-guarded,M_CONSOLEDISPLAY_RELEASE_C2AC22C5,CONSOLEDISPLAY,789,10,10,22,8,9
optimized-guarded,M_DOSCALLS_CONSOLEINFO_6FF559CD,DOSCALLS,788,32,14,44,8,12
optimized-guarded,M_MYDOSFILE_CONTINUEOPERATION_DDF4199B,MYDOSFILE,785,12,8,24,8,11
optimized-guarded,M_DOSUTILITY_WRITEALL_BCEF29C3,DOSUTILITY,785,26,26,40,7,14
optimized-guarded,M_CONSOLEDRIVER_BEGINIO_76358745,CONSOLEDRIVER,784,18,8,28,7,13
optimized-guarded,M_MYDOSFILE_TARGET_3D0FAE04,MYDOSFILE,783,14,14,26,6,12
optimized-guarded,M_SDFSWRITE_EMPTY_E038B2BB,SDFSWRITE,783,22,22,36,7,14
optimized-guarded,M_CONSOLEDISPLAY_BEGINBATCH_E8453865,CONSOLEDISPLAY,782,10,10,26,6,17
optimized-guarded,M_SDFSDIR_HEADER_A6C13D37,SDFSDIR,782,20,12,32,7,6
optimized-guarded,M_CONSOLEFOREGROUND_DELIVER_8D52BBDC,CONSOLEFOREGROUND,781,22,12,30,9,11
optimized-guarded,M_IOCORE_SUBMIT_5D7CB97A,IOCORE,777,22,10,30,8,20
optimized-guarded,M_INPUT_REFERENCED_138D8154,INPUT,776,20,16,26,1,22
optimized-guarded,M_CONSOLETILING_HIDELOCKED_54ED13CF,CONSOLETILING,775,20,14,28,5,14
optimized-guarded,M_CONSOLEDISPLAY_REMOVECURSOR_56933EEC,CONSOLEDISPLAY,773,26,18,40,6,8
optimized-guarded,M_CONSOLEFOREGROUND_BEGIN_4DD9FFD0,CONSOLEFOREGROUND,772,18,10,30,6,12
optimized-guarded,M_CONSOLEDISPLAY_PRESENTBATCH_DC8CCBC5,CONSOLEDISPLAY,771,20,12,30,6,12
optimized-guarded,M_DEMO_SHELLBOOTSIO_CB000C63,DEMO,768,22,12,42,11,9
optimized-guarded,M_PROCESS_RUN_4C2ABD87,PROCESS,767,18,12,28,9,7
optimized-guarded,M_SIODRIVER_SIOVALIDATE_7D355271,SIODRIVER,766,12,8,24,2,32
optimized-guarded,M_FSINFO_NAME_B42C963D,FSINFO,765,12,12,12,0,20
optimized-guarded,M_EXECMEMORY_RELEASE_A6E307FC,EXECMEMORY,764,10,10,16,2,15
optimized-guarded,M_SDFSWRITE_SPACE_ED9B8102,SDFSWRITE,764,30,14,44,6,9
optimized-guarded,M_DOSCALLS_FLUSH_D2ADBAEC,DOSCALLS,761,28,8,46,7,14
optimized-guarded,M_DOSINHERIT_CLONEFILE_B3A0D025,DOSINHERIT,761,10,6,20,10,7
optimized-guarded,M_CONSOLEDISPLAY_ERASE_7308FAA4,CONSOLEDISPLAY,760,18,18,32,6,18
optimized-guarded,M_MYDOSWRITE_VALIDATE_B3BA3338,MYDOSWRITE,759,38,38,50,4,11
optimized-guarded,M_CONSOLEDISPLAY_DISCARDBATCH_161CED78,CONSOLEDISPLAY,758,26,12,38,5,9
optimized-guarded,M_TASKPOLICY_IOENQUEUE_EC975914,TASKPOLICY,756,20,14,32,5,10
optimized-guarded,M_FSWRITE_NORMALIZE_5C686BA8,FSWRITE,755,18,10,30,5,15
optimized-guarded,M_CONSOLEDRIVER_STOP_093D3500,CONSOLEDRIVER,752,38,10,48,10,10
optimized-guarded,M_MYDOSWRITE_ENTRYIO_ACBE3032,MYDOSWRITE,752,24,16,36,5,5
optimized-guarded,M_SDFSDIR_BUFFEREDENTRY_374F4FF7,SDFSDIR,751,20,10,32,7,15
optimized-guarded,M_DOSINHERIT_CLONE_1DB40F0B,DOSINHERIT,750,10,4,20,10,18
optimized-guarded,M_CONSOLEWINDOWS_RUNNABLE_B9919222,CONSOLEWINDOWS,747,20,10,26,4,23
optimized-guarded,M_CONSOLEFOREGROUND_ALLOCATE_F1C749CC,CONSOLEFOREGROUND,741,22,18,34,4,10
optimized-guarded,M_SDFSNAME_VALIDATEBASE_03C615D3,SDFSNAME,737,12,12,22,1,22
optimized-guarded,M_DOSGROUP_END_0E9A4197,DOSGROUP,734,14,10,26,9,11
optimized-guarded,M_DEMO_SHELLWRITE_F024753B,DEMO,733,22,12,36,5,17
optimized-guarded,M_CONSOLETILING_SELECT_D724C265,CONSOLETILING,728,16,10,24,7,8
optimized-guarded,M_DOSCALLS_LOCK_DE185F87,DOSCALLS,727,34,16,54,8,9
optimized-guarded,M_DEMO_SHELLARGUMENT_06FF7069,DEMO,725,22,14,26,1,16
optimized-guarded,M_FSPACKET_PUBLISHOPENSTEP_55EACFB5,FSPACKET,723,18,12,28,3,5
optimized-guarded,M_FSMOUNT_SELECTSTEP_8E807607,FSMOUNT,721,22,10,34,5,6
optimized-guarded,M_DOSPROCESS_DISCARD_B47D4E40,DOSPROCESS,720,8,8,14,4,14
optimized-guarded,M_INPUT_CREATEROUTE_F78B5B60,INPUT,719,22,22,28,6,12
optimized-guarded,M_TASKPOLICY_STACKSLOT_2A322EEA,TASKPOLICY,718,14,14,18,2,14
optimized-guarded,M_FSIO_COMPLETE_3A967BA3,FSIO,718,24,24,42,4,7
optimized-guarded,M_MYDOSFILE_VALIDATE_CCD11D35,MYDOSFILE,717,16,12,28,6,13
optimized-guarded,M_DOSGROUP_JOIN_A4542070,DOSGROUP,717,10,6,20,6,16
optimized-guarded,M_PROCESS_RELEASESTORAGE_F7C3DB6E,PROCESS,716,12,12,24,7,9
optimized-guarded,M_FSREGISTRY_LOOKUP_AD8B60C1,FSREGISTRY,714,22,18,36,4,15
optimized-guarded,M_INPUT_VALID_32EBD3E5,INPUT,713,16,12,22,1,16
optimized-guarded,M_CONSOLEDRIVER_CLOSE_60C60326,CONSOLEDRIVER,713,14,8,26,8,7
optimized-guarded,M_FSRELATIVE_SEED_FD9BA1BB,FSRELATIVE,712,16,12,26,3,9
optimized-guarded,M_FSOPERATION_REQUEST_3F73D6DE,FSOPERATION,710,14,10,26,7,10
optimized-guarded,M_SDFSWRITE_RENAME_68E1123E,SDFSWRITE,705,10,10,24,5,15
optimized-guarded,M_TASKPOLICY_PORTCALL_70989793,TASKPOLICY,704,20,12,34,6,14
optimized-guarded,M_FSPACKET_REPLY_F0943484,FSPACKET,704,12,8,22,4,1
optimized-guarded,M_CONSOLEDRIVER_READQUANTUM_10EBF725,CONSOLEDRIVER,700,18,10,30,4,20
optimized-guarded,M_SDFSFILE_BEGINSEEK_80AE6CDC,SDFSFILE,699,24,18,36,4,11
optimized-guarded,M_TASKPOLICY_LEASESTORAGE_C3092E33,TASKPOLICY,698,20,12,30,4,11
optimized-guarded,M_MYDOSFILE_CONSUME_CDF927EF,MYDOSFILE,697,20,14,30,5,8
optimized-guarded,M_CONSOLETILING_UNLOCK_9D80F64D,CONSOLETILING,696,14,10,26,8,10
optimized-guarded,M_FSHANDLER_OPEN_99490956,FSHANDLER,695,16,12,28,6,6
optimized-guarded,M_HEAPPOLICY_RESERVE_42F2499D,HEAPPOLICY,692,30,16,42,6,14
optimized-guarded,M_DOSRAW_OPENSIZED_F1E27B78,DOSRAW,689,14,8,26,7,5
optimized-guarded,M_DOSGROUP_BEGIN_073142E7,DOSGROUP,688,12,4,22,9,13
optimized-guarded,M_DOSPIPE_DISCARD_EA487971,DOSPIPE,686,8,4,20,8,13
optimized-guarded,M_DOSRAW_CLOSESIZED_2208AD92,DOSRAW,680,16,8,28,8,9
optimized-guarded,M_EXECMEMORY_RESERVEEXACT_88D3D2C8,EXECMEMORY,675,10,10,16,2,13
optimized-guarded,M_DOSCALLS_GETASSIGN_704BF595,DOSCALLS,675,30,16,42,5,16
optimized-guarded,M_BLOCKIO_OPENVOLUME_36B90798,BLOCKIO,672,18,12,38,5,5
optimized-guarded,M_O65READ_STRING_E289F21C,O65READ,672,18,12,30,6,12
optimized-guarded,M_MYDOS_EXTENT_5BCD29B5,MYDOS,670,24,10,24,0,13
optimized-guarded,M_DOSARGS_WORD_271132B0,DOSARGS,666,8,8,8,0,33
optimized-guarded,M_FSOPERATION_AUTHORITY_2081E9D0,FSOPERATION,665,18,12,18,0,12
optimized-guarded,M_MYDOSFILE_BEGINSEEK_007E9A86,MYDOSFILE,662,8,8,20,7,10
optimized-guarded,M_DOSCANCEL_TRANSFER_DC8DFD88,DOSCANCEL,660,22,18,30,6,16
optimized-guarded,M_FSHANDLER_RESOLVESTEP_D6E79D38,FSHANDLER,656,12,8,24,5,15
optimized-guarded,M_DEVICEINSPECT_SNAPSHOT_EBB6295F,DEVICEINSPECT,656,14,8,18,4,11
optimized-guarded,M_CONSOLECORE_PRESENTED_91E62DC9,CONSOLECORE,655,12,12,12,0,12
optimized-guarded,M_DOSCOOKED_CANCELLINE_F449849C,DOSCOOKED,654,12,8,26,5,5
optimized-guarded,M_FSINIT_ALLOCATEBLOCK_5C0916F0,FSINIT,654,14,8,26,2,3
optimized-guarded,M_FSALLOC_COUNTROOM_E5C7D397,FSALLOC,652,24,14,36,5,10
optimized-guarded,M_DOSPIPE_CLONE_F42CC55A,DOSPIPE,651,16,8,28,6,12
optimized-guarded,M_FSLEASES_LIVE_C7D42DE5,FSLEASES,651,30,28,42,4,11
optimized-guarded,M_TASKPOLICY_REGISTRYCALL_6B5FFB7F,TASKPOLICY,650,14,8,24,7,14
optimized-guarded,M_DOSCOOKED_WIRE_7D812E8B,DOSCOOKED,649,22,10,32,2,19
optimized-guarded,M_TASKPOLICY_AVAILABLERECORD_80983EA0,TASKPOLICY,646,20,10,30,3,15
optimized-guarded,M_MYDOS_BUFFEREDENTRY_DC465C80,MYDOS,645,20,12,32,4,11
optimized-guarded,M_SDFSNAME_RESOLVESTEP_B2924B88,SDFSNAME,645,16,12,30,7,13
optimized-guarded,M_MYDOS_RESOLVESTEP_4ADA26D9,MYDOS,641,12,12,18,5,21
optimized-guarded,M_FSDIRECTORY_ENTRYRESULTSTEP_4C458A60,FSDIRECTORY,640,14,10,26,5,12
optimized-guarded,M_TASKPOLICY_SLEEPTASK_6A909BCC,TASKPOLICY,639,14,10,24,9,7
optimized-guarded,M_INPUT_RETIREROUTE_2881C61B,INPUT,635,18,12,32,9,7
optimized-guarded,M_DOSCALLS_UNLOCK_2871018C,DOSCALLS,635,24,8,42,7,11
optimized-guarded,M_HEAPCORE_RESERVE_2192E9C0,HEAPCORE,634,32,28,54,4,15
optimized-guarded,M_DOSRAW_COMPLETE_0FD428DA,DOSRAW,634,26,10,36,3,21
optimized-guarded,M_CONSOLEDRIVER_ABORTIO_EFA380E8,CONSOLEDRIVER,629,14,8,26,4,13
optimized-guarded,M_TASKPOLICY_IOSETTLEDCALL_042AE5B9,TASKPOLICY,625,16,12,28,4,15
optimized-guarded,M_DOSCALLS_CREATEDIR_E8A266C7,DOSCALLS,625,34,16,54,6,7
optimized-guarded,M_FSBOOT_ENSURE_06ED6F00,FSBOOT,624,10,8,16,5,18
optimized-guarded,M_HEAPCORE_INSERTFREE_129E41BB,HEAPCORE,622,18,14,32,2,12
optimized-guarded,M_DOSCLIENT_NEWCLIENT_41735729,DOSCLIENT,622,12,8,24,3,5
optimized-guarded,M_MYDOSWRITE_MARK_0E6D7B2D,MYDOSWRITE,622,16,12,28,5,5
optimized-guarded,M_BLOCKIO_FINISHFETCH_D55D2AA5,BLOCKIO,620,20,16,36,6,4
optimized-guarded,M_DOSCALLS_INFORMATION_13F25DEC,DOSCALLS,620,32,12,50,6,7
optimized-guarded,M_DOSARGS_NUMERIC_B3350961,DOSARGS,619,22,22,34,1,16
optimized-guarded,M_DOSPROCESS_ENTERFOREGROUND_ADB53B83,DOSPROCESS,612,18,10,30,7,7
optimized-guarded,M_HEAPCORE_BOUNDS_2387CB05,HEAPCORE,610,24,18,30,5,13
optimized-guarded,M_FSWRITE_CREATE_47C6C0B3,FSWRITE,610,14,14,26,5,11
optimized-guarded,M_MYDOSFILE_LOCATE_F172D4F1,MYDOSFILE,606,22,14,34,5,7
optimized-guarded,M_MYDOSWRITE_TRUNCATE_A6EAB42C,MYDOSWRITE,606,10,4,22,7,7
optimized-guarded,M_CONSOLEDRIVER_VALIDATE_72D30322,CONSOLEDRIVER,605,14,14,26,2,17
optimized-guarded,M_FSWRITEIO_FAILED_0CF5DEA4,FSWRITEIO,605,8,8,14,4,7
optimized-guarded,M_SDFSWRITE_MARK_BAD71DEB,SDFSWRITE,603,12,8,26,5,6
optimized-guarded,M_DEMO_SHELLRELEASELOCK_B96B0C1C,DEMO,603,8,8,20,8,6
optimized-guarded,M_O65READ_NAME_0A34D852,O65READ,598,12,12,22,5,13
optimized-guarded,M_CSTRING_IMPL_STRLCPY_C7039D62,CSTRING,595,14,4,14,0,14
optimized-guarded,M_CONSOLEBITMAP_RUN_859D3E7A,CONSOLEBITMAP,592,22,12,28,5,13
optimized-guarded,M_FSRELATIVE_PARENTDONE_9C191F46,FSRELATIVE,592,12,12,24,5,6
optimized-guarded,M_COOKEDLINE_DRAIN_A743CD2C,COOKEDLINE,590,16,12,28,3,14
optimized-guarded,M_DOSPROCESS_RELEASEPARENT_43E07877,DOSPROCESS,587,14,8,20,4,11
optimized-guarded,M_DOSCALLS_CURRENTDIR_1AA7335E,DOSCALLS,586,24,8,34,5,13
optimized-guarded,M_FSDIRECTORY_PUBLISHSTEP_CC8DC0F6,FSDIRECTORY,583,16,12,30,5,1
optimized-guarded,M_DOSBREAK_ALLOCATE_10964711,DOSBREAK,582,14,10,26,5,5
optimized-guarded,M_SDFSWRITE_TRUNCATE_031B9696,SDFSWRITE,582,12,8,24,6,9
optimized-guarded,M_TASKPOLICY_DOSADMIT_DEA63DC3,TASKPOLICY,579,20,10,36,4,12
optimized-guarded,M_TASKPOLICY_PROCESSSTORAGEEMPTY_D996E6A7,TASKPOLICY,577,8,8,8,0,1
optimized-guarded,M_TASKPOLICY_ADMIT_CF1671AB,TASKPOLICY,576,14,10,24,4,1
optimized-guarded,M_FSOPERATION_PREPARE_EA34E162,FSOPERATION,576,12,12,18,2,12
optimized-guarded,M_MYDOSFILE_TRAILER_58DD2DFC,MYDOSFILE,575,24,12,30,1,7
optimized-guarded,M_PROCESS_FINISH_AE17E2ED,PROCESS,571,8,4,16,9,9
optimized-guarded,M_SIODRIVER_OPEN_9AA3F320,SIODRIVER,569,18,10,18,0,17
optimized-guarded,M_SIODRIVER_FINISH_D94C5F1F,SIODRIVER,568,20,8,26,5,9
optimized-guarded,M_TASKPOLICY_SENDMESSAGE_7332557D,TASKPOLICY,567,16,8,28,5,13
optimized-guarded,M_DOSBREAK_END_B7800793,DOSBREAK,567,10,4,18,8,9
optimized-guarded,M_INPUT_PUBLISHROUTE_D1782DE9,INPUT,563,10,6,22,9,9
optimized-guarded,M_MYDOSWRITE_DELETE_256A83D3,MYDOSWRITE,562,12,8,24,5,13
optimized-guarded,M_FSINSPECT_CACHESTATUS_E621CC2A,FSINSPECT,561,16,8,20,3,7
optimized-guarded,M_CONSOLEWINDOWS_TAKE_9FD09734,CONSOLEWINDOWS,560,14,14,20,3,16
optimized-guarded,M_EXECMEMORY_ADOPT_494D3B99,EXECMEMORY,557,8,8,8,0,25
optimized-guarded,M_DOSGROUP_LEAVE_AF8BE2F5,DOSGROUP,552,12,8,18,3,15
optimized-guarded,M_TASKMEMORY_WRITABLE_FBC2061D,TASKMEMORY,550,20,16,20,0,12
optimized-guarded,M_BLOCKIO_DETACH_FC4FFB83,BLOCKIO,550,8,8,20,5,10
optimized-guarded,M_MYDOSFILE_MEASURE_660762A9,MYDOSFILE,548,8,4,18,5,13
optimized-guarded,M_TASKPOLICY_IOOPEN_15F8E966,TASKPOLICY,547,12,8,22,6,8
optimized-guarded,M_CONSOLECORE_BATCHDAMAGE_51FD9990,CONSOLECORE,546,14,14,28,1,9
optimized-guarded,M_FSWRITE_FINALIZE_1B960C91,FSWRITE,545,8,8,18,1,10
optimized-guarded,M_CONSOLECORE_MARKROW_74F1B9FE,CONSOLECORE,544,12,12,12,0,7
optimized-guarded,M_FSIO_BEGIN_68AD59C5,FSIO,544,18,16,32,2,3
optimized-guarded,M_FSALLOC_TAKE_9AD436E4,FSALLOC,544,14,8,26,3,7
optimized-guarded,M_CONSOLEDRIVER_PREPAREWAITER_2678D1F7,CONSOLEDRIVER,543,12,10,22,4,5
optimized-guarded,M_SIODRIVER_PREPAREWAITER_A5456107,SIODRIVER,543,12,10,22,4,5
optimized-guarded,M_DOSARGS_PARSE_ACA8C265,DOSARGS,542,66,12,90,4,19
optimized-guarded,M_INPUT_PENDING_94D4AB06,INPUT,541,14,4,20,6,13
optimized-guarded,M_FSSYSTEM_MATCHES_6FF2F0E4,FSSYSTEM,541,6,6,16,6,9
optimized-guarded,M_DEMO_SHELLPATHASSIGNED_B6DA4F91,DEMO,541,18,16,26,2,26
optimized-guarded,M_COOKEDLINE_SETHISTORY_7BFEF58A,COOKEDLINE,534,12,12,24,5,12
optimized-guarded,M_DEMO_SHELLNUMBER_CB70AEA1,DEMO,533,26,16,40,3,4
optimized-guarded,M_INPUT_DISCARD_ACB1BF45,INPUT,532,10,6,22,9,8
optimized-guarded,M_CONSOLEDRIVER_IMMEDIATE_01EBE21F,CONSOLEDRIVER,532,14,14,18,1,22
optimized-guarded,M_MYDOS_DECODE_69B6DF25,MYDOS,531,14,14,14,0,4
optimized-guarded,M_SDFSNAME_DESCEND_5D259778,SDFSNAME,531,10,10,10,0,13
optimized-guarded,M_CONSOLEWINDOWS_RESERVE_27D75673,CONSOLEWINDOWS,530,18,14,28,2,10
optimized-guarded,M_DOSCOOKED_BEGIN_9BFE5F7B,DOSCOOKED,530,16,8,30,4,9
optimized-guarded,M_HEAPPOLICY_FREE_3EA2E1EF,HEAPPOLICY,529,30,18,44,6,11
optimized-guarded,M_TASKPOLICY_SELECT_1A709B3E,TASKPOLICY,529,14,8,22,6,12
optimized-guarded,M_TASKPOLICY_PORTDELETE_CF47DFE6,TASKPOLICY,529,22,14,30,4,12
optimized-guarded,M_CONSOLEBATCH_BEGIN_A348F06D,CONSOLEBATCH,528,10,10,10,0,12
optimized-guarded,M_DOSFAULT_PRINTFAULT_CDC48706,DOSFAULT,528,26,12,42,4,6
optimized-guarded,M_FSINIT_OPENEDSTEP_3B4623A1,FSINIT,526,16,12,22,3,5
optimized-guarded,M_FSMOUNT_REMOVESTEP_BBB2975B,FSMOUNT,526,12,8,24,4,8
optimized-guarded,M_MYDOS_DESCEND_C497F8DD,MYDOS,523,26,16,26,0,12
optimized-guarded,M_FSDIRECTORY_MEASUREENTRY_E6EE6D03,FSDIRECTORY,522,10,8,22,4,6
optimized-guarded,M_PROCESS_COLLECT_3A4F29C8,PROCESS,522,16,8,24,5,7
optimized-guarded,M_DEMO_SHELLHISTORY_253D1EFE,DEMO,522,16,10,28,6,9
optimized-guarded,M_DEMO_SHELLRETIREBREAK_55533B4C,DEMO,520,24,14,38,6,10
optimized-guarded,M_PORTCORE_CREATEMSGPORT_A47550A3,PORTCORE,515,12,8,24,5,5
optimized-guarded,M_HEAPCORE_SPLIT_B6117102,HEAPCORE,513,30,14,44,2,6
optimized-guarded,M_FSPACKET_CLOSE_01E28282,FSPACKET,513,12,8,22,5,5
optimized-guarded,M_DEMO_SHELLTEXT_3AA6BB8B,DEMO,513,16,16,28,4,16
optimized-guarded,M_SDFS_CACHE_55DBD7B1,SDFS,512,20,16,26,1,5
optimized-guarded,M_HEAPCORE_CHUNKEND_0E0C27CE,HEAPCORE,511,28,18,42,4,6
optimized-guarded,M_BOOTCONFIG_INIT_610CE665,BOOTCONFIG,511,22,4,28,1,13
optimized-guarded,M_TASKPOLICY_DOSCONTROL_C7F82CE3,TASKPOLICY,511,16,12,28,5,8
optimized-guarded,M_IOCORE_OPENDEVICE_A2787528,IOCORE,511,22,14,44,6,6
optimized-guarded,M_MYDOSFILE_VISIT_2F7F40D0,MYDOSFILE,511,18,14,24,1,9
optimized-guarded,M_PROGRAMIMAGE_FREE_CFEA1DF0,PROGRAMIMAGE,511,8,8,20,4,7
optimized-guarded,M_CONSOLEDISPLAY_GEOMETRY_B00D0334,CONSOLEDISPLAY,506,10,10,14,4,12
optimized-guarded,M_DOSRAW_INITIALIZE_D871F7B7,DOSRAW,505,10,6,16,1,1
optimized-guarded,M_TASKPOLICY_PROCESSCANREMOVE_140447A5,TASKPOLICY,504,14,14,18,2,9
optimized-guarded,M_SIODRIVER_STOPPING_28442DD8,SIODRIVER,504,16,14,28,4,5
optimized-guarded,M_DOSCALLS_PATHMOUNT_48952362,DOSCALLS,504,20,8,30,4,10
optimized-guarded,M_DEMO_SHELLPIPEBOUNDARY_12E051D2,DEMO,504,12,12,16,1,7
optimized-guarded,M_DEMO_SHELLCLOSETEMPORARY_12B1A0C5,DEMO,503,14,8,26,5,7
optimized-guarded,M_SDFSDIR_SEED_AE4E45A1,SDFSDIR,502,20,16,26,2,5
optimized-guarded,M_DOSRAW_LIVE_14427091,DOSRAW,501,18,14,26,1,10
optimized-guarded,M_TASKPOLICY_QUEUECALL_62B0545B,TASKPOLICY,500,16,10,32,4,9
optimized-guarded,M_FSLEASES_UNLINK_039AB2C8,FSLEASES,497,12,8,18,3,11
optimized-guarded,M_SDFSFILE_CONTINUEOPERATION_077FC395,SDFSFILE,496,12,12,24,5,7
optimized-guarded,M_CONSOLE_FREEINSTANCE_35A7F9E7,CONSOLE,494,16,12,28,4,9
optimized-guarded,M_FS83_SELECTMATCH_2C823C16,FS83,494,10,8,20,3,11
optimized-guarded,M_MYDOSWRITE_SLOT_AA2228B6,MYDOSWRITE,494,16,16,28,3,12
optimized-guarded,M_SDFSDIR_BEGINHEADER_0CDE2CA0,SDFSDIR,491,16,12,30,3,7
optimized-guarded,M_DOSCALLS_FILE_E8D1DABC,DOSCALLS,491,12,8,22,5,5
optimized-guarded,M_DOSCALLS_SETCONSOLEHISTORY_3DCB4BFF,DOSCALLS,490,22,12,32,4,9
optimized-guarded,M_CONSOLECORE_INIT_F63331F9,CONSOLECORE,488,10,10,26,3,14
optimized-guarded,M_DOSOBJECTS_UNLINK_C978FCF4,DOSOBJECTS,488,18,12,24,1,12
optimized-guarded,M_SDFSDIR_VALIDATEPARENT_CC71085A,SDFSDIR,488,16,10,28,3,9
optimized-guarded,M_MYDOSFILE_COPY_B45932A2,MYDOSFILE,487,24,12,30,1,5
optimized-guarded,M_TASKPOLICY_IOBEGIN_A0C610B5,TASKPOLICY,482,6,6,18,5,10
optimized-guarded,M_FSOPERATION_CANCELLABLE_CAA34525,FSOPERATION,478,8,8,8,0,1
optimized-guarded,M_TASKPOLICY_ALLOCATEBIT_A349E154,TASKPOLICY,476,16,14,32,3,13
optimized-guarded,M_TASKPOLICY_PORTHEAD_A12A0751,TASKPOLICY,476,12,8,20,4,11
optimized-guarded,M_CONSOLEDRIVER_RUNNABLE_F91A82EB,CONSOLEDRIVER,476,14,14,20,4,12
optimized-guarded,M_MYDOS_HEADER_A95A323A,MYDOS,476,30,14,36,1,7
optimized-guarded,M_SIODRIVER_TRYCANCEL_BDB03575,SIODRIVER,472,8,4,14,5,10
optimized-guarded,M_EXECMEMORY_ACQUIRE_EAA019EB,EXECMEMORY,469,10,10,16,1,10
optimized-guarded,M_DOSPROCESS_RESTOREFOREGROUND_D0EE9507,DOSPROCESS,469,16,8,26,4,11
optimized-guarded,M_FSHANDLER_OPERATIONRESULT_4184CBFA,FSHANDLER,468,12,12,18,1,6
optimized-guarded,M_DISPLAY_VALID_AD4A9CEB,DISPLAY,465,10,10,16,1,4
optimized-guarded,M_TASKPOLICY_IOCOLLECT_D169FE6C,TASKPOLICY,463,12,12,22,4,9
optimized-guarded,M_CONSOLETILING_FOCUS_1EF2C0A5,CONSOLETILING,462,12,8,20,7,7
optimized-guarded,M_MYDOS_LIVE_1E4E1377,MYDOS,461,12,10,22,2,12
optimized-guarded,M_MYDOSWRITE_RECLAIM_F1DD6F57,MYDOSWRITE,461,24,12,36,4,10
optimized-guarded,M_FSRELATIVE_PARENTBEGIN_7E4CAA55,FSRELATIVE,461,20,16,34,3,5
optimized-guarded,M_PROCESS_EXECUTEIMAGE_8428E44E,PROCESS,460,14,8,21,5,8
optimized-guarded,M_TASKPOLICY_DOSINIT_97B41A44,TASKPOLICY,459,20,14,20,0,7
optimized-guarded,M_HEAPPOLICY_LOCATE_7B91FF59,HEAPPOLICY,457,30,24,36,3,7
optimized-guarded,M_DOSUTILITY_READLINE_B96FCD33,DOSUTILITY,457,12,12,20,2,18
optimized-guarded,M_CONSOLEDISPLAY_LISTVALID_C50FC922,CONSOLEDISPLAY,456,12,12,12,0,22
optimized-guarded,M_MYDOSFILE_CANCEL_40161F05,MYDOSFILE,456,20,16,26,1,4
optimized-guarded,M_DOSCALLS_DIRECTORY_C8028D6B,DOSCALLS,456,14,8,24,2,11
optimized-guarded,M_FSOPERATION_UNLINK_B5280A26,FSOPERATION,455,16,12,22,2,13
optimized-guarded,M_MYDOSFILE_LINK_86A70D17,MYDOSFILE,454,18,14,24,1,9
optimized-guarded,M_TASKPOLICY_RELEASE_25BFE7A9,TASKPOLICY,453,14,10,20,2,11
optimized-guarded,M_SIODRIVER_CLAIM_64B130D4,SIODRIVER,453,18,8,24,4,7
optimized-guarded,M_INPUT_EXTENT_FA4C9281,INPUT,451,16,12,26,4,5
optimized-guarded,M_FSINIT_FIRST_60F42DBA,FSINIT,450,12,8,18,4,8
optimized-guarded,M_FSINFO_FILL_CDFFBE8F,FSINFO,450,6,6,6,0,7
optimized-guarded,M_FSMOUNT_COMMANDSTEP_B1883B1A,FSMOUNT,450,20,8,32,3,8
optimized-guarded,M_DOSCALLS_LIVESELECTION_2BE04852,DOSCALLS,449,8,4,18,5,12
optimized-guarded,M_FS83_STARTRESOLVE_ED05839D,FS83,448,12,12,12,0,10
optimized-guarded,M_FSBOOT_BEGINSERVICE_BC5D2672,FSBOOT,448,12,8,24,3,5
optimized-guarded,M_BLOCKIO_DESTROY_0CC5CBD8,BLOCKIO,447,8,8,20,5,6
optimized-guarded,M_CONSOLEDRIVER_IDLE_F6EAB10E,CONSOLEDRIVER,446,16,16,22,1,13
optimized-guarded,M_DOSCLIENT_CHECKREPLY_4530772C,DOSCLIENT,446,12,12,18,3,9
optimized-guarded,M_DEMO_SHELLALIASSHOW_53099C95,DEMO,446,16,12,26,5,1
optimized-guarded,M_DEMO_DEMONUMBER_B404F7D0,DEMO,446,24,16,24,0,11
optimized-guarded,M_BLOCKCACHE_DESTROY_EB1A5F0C,BLOCKCACHE,444,12,12,24,3,3
optimized-guarded,M_FSDIRECTORY_ENTRYSTEP_D4EA4ABB,FSDIRECTORY,444,20,12,34,3,5
optimized-guarded,M_HEAPPOLICY_REGION_F42DC07D,HEAPPOLICY,443,16,10,22,1,1
optimized-guarded,M_SIODRIVER_BOUND_DC2366E0,SIODRIVER,443,22,10,22,0,8
optimized-guarded,M_MYDOSWRITE_TRAILER_BFA640A1,MYDOSWRITE,441,14,8,20,2,3
optimized-guarded,M_FSDIRECTORY_INITLOCKSTATE_606A2BB5,FSDIRECTORY,439,18,18,28,1,5
optimized-guarded,M_DOSCALLS_SELECT_1EDDE386,DOSCALLS,434,18,8,28,3,12
optimized-guarded,M_TASKPOLICY_IOTESTBEGIN_2E780855,TASKPOLICY,432,8,8,20,2,13
optimized-guarded,M_FSWORKER_DRAINED_7E6EAAA5,FSWORKER,432,12,10,16,2,12
optimized-guarded,M_TASKPOLICY_DOSPREPARE_61B1CC0D,TASKPOLICY,431,16,10,22,1,4
optimized-guarded,M_TASKPOLICY_RETAIN_6B38DA95,TASKPOLICY,430,10,6,16,2,11
optimized-guarded,M_PROGRAMIMAGE_DROPOWNER_EE15CDE2,PROGRAMIMAGE,428,12,10,18,4,11
optimized-guarded,M_DEMO_DEMOPRIME_7F18EBC0,DEMO,428,10,10,18,1,10
optimized-guarded,M_HEAPCORE_VALIDATE_B397AD34,HEAPCORE,427,26,26,36,3,6
optimized-guarded,M_FSHANDLER_LOCK_913FD727,FSHANDLER,424,12,12,24,3,4
optimized-guarded,M_TASKPOLICY_IOWORKERCONTROL_3D43EE5B,TASKPOLICY,423,10,10,20,2,12
optimized-guarded,M_CONSOLECORE_DIRTY_4A63B073,CONSOLECORE,423,16,8,30,2,13
optimized-guarded,M_CONSOLEDRIVER_ALLIDLE_23B19503,CONSOLEDRIVER,422,18,14,28,2,13
optimized-guarded,M_BLOCKIO_MAPPED_A9EEA713,BLOCKIO,422,24,14,32,1,16
optimized-guarded,M_TASKPOLICY_FIND_0D9A09D7,TASKPOLICY,421,16,10,26,3,10
optimized-guarded,M_FSREGISTRY_FROMHEADER_DCD07C60,FSREGISTRY,421,18,12,18,0,18
optimized-guarded,M_PROCESS_STARTPREPARED_C79EF329,PROCESS,421,16,8,24,4,5
optimized-guarded,M_DISPLAY_RELEASE_49E3CB4A,DISPLAY,420,2,2,8,6,6
optimized-guarded,M_SDFSWRITE_VALIDSECTOR_67FAADEC,SDFSWRITE,420,12,12,22,1,13
optimized-guarded,M_TASKPOLICY_IOABORT_1EC95CFC,TASKPOLICY,417,12,8,24,3,9
optimized-guarded,M_PROGRAMIMAGE_DETACH_807AC96B,PROGRAMIMAGE,417,12,10,18,4,9
optimized-guarded,M_CONSOLECORE_EDITRETAINED_2E59361D,CONSOLECORE,416,18,12,28,2,8
optimized-guarded,M_DOSCALLS_ASSIGNINDEX_01EA43CB,DOSCALLS,416,14,12,18,1,15
optimized-guarded,M_CONSOLEBITMAP_SCROLL_377D53B8,CONSOLEBITMAP,415,10,6,16,2,7
optimized-guarded,M_DOSRAW_UNIT_B2527969,DOSRAW,414,14,14,14,0,16
optimized-guarded,M_TASKPOLICY_SIGNALTASK_806F80F5,TASKPOLICY,413,20,8,32,4,7
optimized-guarded,M_DOSCALLS_OPENCONSOLE_77C02991,DOSCALLS,413,14,8,26,5,7
optimized-guarded,M_DEMO_DEMONAME_3669E60C,DEMO,413,14,14,14,0,7
optimized-guarded,M_DOSPIPE_CLOSE_E3C2D505,DOSPIPE,412,4,4,14,6,3
optimized-guarded,M_DOSCOOKED_OPEN_FB0901F4,DOSCOOKED,412,14,8,28,4,5
optimized-guarded,M_COOKEDLINE_RELEASE_68B6E005,COOKEDLINE,410,6,4,18,5,7
optimized-guarded,M_DOSBREAK_CLEAR_B7EEEC7D,DOSBREAK,410,14,10,26,5,6
optimized-guarded,M_HEAPCORE_DEALLOCATE_60F97CF2,HEAPCORE,407,28,14,44,4,6
optimized-guarded,M_CONSOLEDRIVER_MAPPED_DAA6A481,CONSOLEDRIVER,407,24,14,32,1,14
optimized-guarded,M_SIODRIVER_SIOMAPPED_D1D9A9D6,SIODRIVER,407,24,14,32,1,14
optimized-guarded,M_CONSOLECAPTURE_RELEASE_DD04AD8D,CONSOLECAPTURE,406,10,10,16,4,6
optimized-guarded,M_PROCESS_WAIT_BEBC9E91,PROCESS,405,16,10,26,4,8
optimized-guarded,M_BLOCKIO_CHECK_A5B41A2A,BLOCKIO,404,12,8,24,3,8
optimized-guarded,M_EXECMEMORY_QUERY_D2E34F9F,EXECMEMORY,403,10,10,16,1,5
optimized-guarded,M_BLOCKCACHE_FORGET_8D9AE1E1,BLOCKCACHE,402,20,16,36,2,8
optimized-guarded,M_CONSOLEWINDOWS_BOUND_2C2AAE27,CONSOLEWINDOWS,401,14,14,20,2,7
optimized-guarded,M_FSNAMES_VALIDALIAS_36EB4E14,FSNAMES,399,8,6,18,3,8
optimized-guarded,M_MYDOSWRITE_EMPTY_B06BE841,MYDOSWRITE,395,14,14,26,3,14
optimized-guarded,M_FSPACKET_ERROR_61E70414,FSPACKET,394,14,8,26,2,6
optimized-guarded,M_TASKPOLICY_WAITTASK_AD94C4A2,TASKPOLICY,393,20,10,32,5,5
optimized-guarded,M_IOCORE_CLOSEDEVICE_667F761E,IOCORE,392,16,10,24,6,5
optimized-guarded,M_IOCORE_ABORTIO_125E3726,IOCORE,392,16,10,24,6,5
optimized-guarded,M_O65READ_COUNT_2EF12376,O65READ,390,24,18,36,4,5
optimized-guarded,M_FSWRITEIO_ERROR_9F481FB3,FSWRITEIO,388,8,8,14,2,3
optimized-guarded,M_DOSGROUP_SEAL_B243143B,DOSGROUP,388,12,8,20,4,8
optimized-guarded,M_SDFSNAME_STARTRESOLVE_EBBD5226,SDFSNAME,387,8,8,18,1,8
optimized-guarded,M_BLOCKIO_COMPLETE_80F6A54F,BLOCKIO,386,14,10,14,0,10
optimized-guarded,M_DOSSTREAMS_OPENNIL_7EDE8F17,DOSSTREAMS,386,14,8,26,3,3
optimized-guarded,M_FSWRITE_RENAME_4C9B6B85,FSWRITE,386,12,8,24,3,3
optimized-guarded,M_MYDOS_BEGINENTRY_95F170F4,MYDOS,385,12,12,22,1,8
optimized-guarded,M_SIODRIVER_BEGINIO_E1378755,SIODRIVER,383,10,4,20,2,9
optimized-guarded,M_TASKPOLICY_PREPARESTACK_1A1C583B,TASKPOLICY,382,16,10,16,0,5
optimized-guarded,M_CONSOLEDISPLAY_FLUSHBATCH_36B2DD3C,CONSOLEDISPLAY,382,10,6,18,2,3
optimized-guarded,M_FSOPERATION_REPLYREADY_532E4DE6,FSOPERATION,380,4,4,14,4,9
optimized-guarded,M_DOSSTREAMS_CLOSENIL_3520E24B,DOSSTREAMS,379,8,4,20,5,3
optimized-guarded,M_DEMO_SHELLUNALIASCOMMAND_0E212A24,DEMO,379,10,8,22,2,3
optimized-guarded,M_INPUT_POINTERCOORDINATE_C979CE22,INPUT,378,20,14,20,0,7
optimized-guarded,M_DOSCLIENT_ENSURESLOT_00C71048,DOSCLIENT,378,12,8,18,2,10
optimized-guarded,M_SDFS_CACHED_B7AA1E89,SDFS,377,16,12,22,1,1
optimized-guarded,M_CONSOLEBITMAP_OPEN_C85D6197,CONSOLEBITMAP,376,12,8,18,4,5
optimized-guarded,M_BLOCKCACHE_INVALIDATE_4E66AC31,BLOCKCACHE,376,12,12,12,0,10
optimized-guarded,M_CONSOLECORE_CONTROL_7E220524,CONSOLECORE,375,10,6,16,2,17
optimized-guarded,M_TASKPOLICY_PREPAREDOMAIN_45DA3401,TASKPOLICY,373,12,8,12,0,4
optimized-guarded,M_TASKPOLICY_PRIORITY_7FE7EE8A,TASKPOLICY,373,14,10,22,4,3
optimized-guarded,M_SDFSWRITE_DELETE_04723F49,SDFSWRITE,373,8,4,18,4,5
optimized-guarded,M_TASKPOLICY_IOTESTFINISH_35E02F77,TASKPOLICY,372,12,6,24,2,6
optimized-guarded,M_FSFILES_RELEASE_91585E60,FSFILES,372,8,4,20,4,7
optimized-guarded,M_SDFSNAME_RESOLVECOMPONENT_CCDFB63B,SDFSNAME,372,6,4,20,4,5
optimized-guarded,M_EXECLISTS_FINDNAME_2659CDBB,EXECLISTS,371,26,26,26,0,11
optimized-guarded,M_TASKPOLICY_SWITCH_98522C9E,TASKPOLICY,371,4,4,14,4,8
optimized-guarded,M_CONSOLETILING_HIDE_B9E54D0B,CONSOLETILING,369,12,8,20,6,5
optimized-guarded,M_FSREGISTRY_RELEASE_E0E99364,FSREGISTRY,368,10,6,22,4,5
optimized-guarded,M_FSINIT_FAILED_4FB7E0CF,FSINIT,368,14,8,26,2,3
optimized-guarded,M_MYDOS_VALIDDIRECTORY_1CF8F62E,MYDOS,367,20,12,32,2,7
optimized-guarded,M_DOSCALLS_CONFIGURED_B6EDEF76,DOSCALLS,366,18,14,32,2,9
optimized-guarded,M_IOCORE_WAITIO_8CA35F61,IOCORE,365,14,14,22,3,4
optimized-guarded,M_DOSRAW_RETAIN_4DF2DE08,DOSRAW,364,12,8,18,5,5
optimized-guarded,M_FSINSPECT_SYSTEMWRITABLE_448881D5,FSINSPECT,364,16,8,20,3,7
optimized-guarded,M_PROCESS_DISCARDPREPARED_9F7D5787,PROCESS,364,16,8,24,4,5
optimized-guarded,M_BLOCKCACHE_FIND_1946044D,BLOCKCACHE,361,20,16,20,0,10
optimized-guarded,M_MYDOSWRITE_RENAME_E308DCF0,MYDOSWRITE,361,12,8,22,3,6
optimized-guarded,M_TASKPOLICY_LOOKUP_41F6D1E4,TASKPOLICY,360,16,8,16,0,11
optimized-guarded,M_DOSCOOKED_READ_AAA4E8F8,DOSCOOKED,360,16,10,34,4,3
optimized-guarded,M_TASKPOLICY_DRAINONE_68E56764,TASKPOLICY,359,12,8,18,4,9
optimized-guarded,M_CONSOLECAPTURE_CLEARUNIT_43522FE3,CONSOLECAPTURE,357,18,18,30,1,7
optimized-guarded,M_FSIO_OFFLINE_B7567A31,FSIO,357,14,14,20,1,9
optimized-guarded,M_FSDIRECTORY_SIZECONTINUESTEP_1EAFA525,FSDIRECTORY,357,12,8,24,3,3
optimized-guarded,M_FSREGISTRY_STAMP_BE264D84,FSREGISTRY,355,14,10,18,4,3
optimized-guarded,M_CONSOLEBITMAP_BIND_37A88456,CONSOLEBITMAP,354,14,10,18,1,9
optimized-guarded,M_CONSOLEFOREGROUND_UNREGISTER_54DD2BA5,CONSOLEFOREGROUND,354,16,10,24,3,5
optimized-guarded,M_FSHANDLER_FILESTEP_A93D50C2,FSHANDLER,354,16,12,28,3,4
optimized-guarded,M_DOSRAW_VALIDEXTENT_84EF7CCB,DOSRAW,353,8,8,20,3,8
optimized-guarded,M_CONSOLEINPUT_DELIVER_8B43A137,CONSOLEINPUT,351,14,10,26,2,8
optimized-guarded,M_CONSOLEDRIVER_FINISHWRITE_E8555190,CONSOLEDRIVER,351,4,4,10,4,6
optimized-guarded,M_TASKPOLICY_INPUTINIT_B07DD496,TASKPOLICY,350,10,10,10,0,16
optimized-guarded,M_DOSCALLS_ISINTERACTIVE_18CACEEA,DOSCALLS,350,14,8,24,3,8
optimized-guarded,M_TASKPOLICY_INITIO_35D5D1E4,TASKPOLICY,348,14,8,20,2,4
optimized-guarded,M_EXECLISTS_ENQUEUE_763E1E61,EXECLISTS,347,12,12,24,2,6
optimized-guarded,M_CONSOLEDRIVER_SCREENWIDTH_857AD658,CONSOLEDRIVER,347,10,4,14,5,5
optimized-guarded,M_CONSOLEDRIVER_SCREENHEIGHT_C12F3455,CONSOLEDRIVER,347,10,4,14,5,5
optimized-guarded,M_SIODRIVER_PAYLOADLENGTH_9F5C9B06,SIODRIVER,347,6,6,6,0,10
optimized-guarded,M_SIODRIVER_DEADLINETICKS_83CDA5CA,SIODRIVER,345,32,26,32,0,12
optimized-guarded,M_DOSCOOKED_CLOSE_1355CA48,DOSCOOKED,345,16,8,28,3,6
optimized-guarded,M_SDFS_SECTORALLOWED_D0C4D1BB,SDFS,345,10,10,20,1,13
optimized-guarded,M_FSPORTS_CREATE_D9675AD2,FSPORTS,345,12,8,24,3,3
optimized-guarded,M_FSMUX_TAKE_F08F7501,FSMUX,345,12,8,18,3,9
optimized-guarded,M_CONSOLEBATCH_FEED_F2D299EE,CONSOLEBATCH,344,16,10,30,2,6
optimized-guarded,M_BLOCKCACHE_STORE_364610B1,BLOCKCACHE,343,8,8,24,3,6
optimized-guarded,M_FSFILES_DROPSHARED_A840009F,FSFILES,343,10,8,16,3,5
optimized-guarded,M_FSWRITEIO_CHECKPOINT_86192BF5,FSWRITEIO,343,4,4,16,5,4
optimized-guarded,M_TASKPOLICY_NOTIFYRESIDENTS_D29836FE,TASKPOLICY,342,10,10,22,3,9
optimized-guarded,M_FSSYSTEM_SAMENAME_3086AACE,FSSYSTEM,342,8,6,16,4,8
optimized-guarded,M_FSREGISTRY_RETAINBASE_94E5BA0B,FSREGISTRY,342,14,6,18,3,7
optimized-guarded,M_FSRELATIVE_ROOT_94E4441A,FSRELATIVE,340,8,8,20,3,3
optimized-guarded,M_CONSOLEDRIVER_RETIREWORKER_09E7B3B9,CONSOLEDRIVER,339,4,4,10,5,3
optimized-guarded,M_SIODRIVER_ACTIVATE_5F9BFB05,SIODRIVER,339,8,4,14,4,7
optimized-guarded,M_DOSPIPE_UNWAIT_23BF06C3,DOSPIPE,339,16,12,22,1,9
optimized-guarded,M_DOSRAW_RELEASEOPERATION_C2E80557,DOSRAW,339,4,4,10,4,7
optimized-guarded,M_FSINIT_PUBLISH_12D6516B,FSINIT,339,14,10,18,1,5
optimized-guarded,M_FS83_MATCH_C3E96F9C,FS83,336,8,6,12,2,10
optimized-guarded,M_TASKPOLICY_PROCESSREMOVED_46C99271,TASKPOLICY,335,14,8,26,3,3
optimized-guarded,M_CONSOLEDRIVER_FINISHREAD_49C55BD3,CONSOLEDRIVER,335,4,4,10,4,5
optimized-guarded,M_SDFSNAME_CHOOSE_8F0B0401,SDFSNAME,334,4,4,14,4,5
optimized-guarded,M_EXECLISTS_INSERT_468B11BA,EXECLISTS,333,12,8,22,2,6
optimized-guarded,M_DOSRAW_FINISH_BB47E14C,DOSRAW,333,12,8,22,2,3
optimized-guarded,M_DEMO_SHELLCONVERT_E2CF79D9,DEMO,333,14,14,18,1,16
optimized-guarded,M_MYDOSFILE_SECTORALLOWED_E72DFCC7,MYDOSFILE,330,14,14,26,1,10
optimized-guarded,M_FSWRITE_VALIDATE_5FCFD495,FSWRITE,330,8,6,20,3,6
optimized-guarded,M_CONSOLEINPUT_READ_9E7D5EC6,CONSOLEINPUT,329,14,10,20,1,11
optimized-guarded,M_FSNAMESPACE_DONE_F475AF73,FSNAMESPACE,329,12,12,24,2,3
optimized-guarded,M_DEMO_SHELLCACHESTATUS_0F6F58DA,DEMO,329,26,8,36,3,6
optimized-guarded,M_TASKPOLICY_BOUNDPRODUCER_6D7B4E54,TASKPOLICY,328,12,12,18,2,12
optimized-guarded,M_DEMO_SHELLALIASINDEX_3346373C,DEMO,328,10,10,20,1,9
optimized-guarded,M_SDFS_ADVANCE_66AE3A9F,SDFS,327,20,14,26,1,3
optimized-guarded,M_TASKPOLICY_PREPAREFRAME_D5FF2FA0,TASKPOLICY,326,16,8,16,0,7
optimized-guarded,M_FS83_STORED_D2BF7200,FS83,326,6,4,10,1,16
optimized-guarded,M_FSLEASES_LINK_92921FD5,FSLEASES,324,8,8,14,3,3
optimized-guarded,M_FSALLOC_ALLOCATED_A8A57AF0,FSALLOC,324,12,8,24,3,5
optimized-guarded,M_FSINFO_SAVE_B1E7031F,FSINFO,324,14,10,20,1,1
optimized-guarded,M_CONSOLEDISPLAY_VALIDATE_33E36106,CONSOLEDISPLAY,323,8,8,16,1,17
optimized-guarded,M_O65_RELEASE_DA7FFCCE,O65,323,12,12,24,3,5
optimized-guarded,M_CONSOLECORE_EXTENT_83D9960B,CONSOLECORE,321,28,14,28,0,13
optimized-guarded,M_FSNAMES_SYSTEM_7AF4AE7D,FSNAMES,321,4,4,8,3,3
optimized-guarded,M_TASKPOLICY_WAKE_9E9C7518,TASKPOLICY,319,16,12,22,3,7
optimized-guarded,M_SIODRIVER_RETIREWORKER_47CA3A29,SIODRIVER,319,4,4,10,5,3
optimized-guarded,M_CONSOLEFOREGROUND_RESOLVE_9B8D664B,CONSOLEFOREGROUND,318,16,12,24,2,6
optimized-guarded,M_FSLOCKS_CREATE_34BC7CB2,FSLOCKS,318,14,8,20,2,7
optimized-guarded,M_FSOBJECTS_FREE_154D29BE,FSOBJECTS,318,2,2,14,5,6
optimized-guarded,M_DEMO_SHELLPROMPT_49927678,DEMO,318,12,8,24,3,3
optimized-guarded,M_DOSCALLS_OBJECT_E89E37D3,DOSCALLS,317,8,4,18,2,9
optimized-guarded,M_FSWRITE_ACCESS_0C7E9E15,FSWRITE,315,8,8,20,3,5
optimized-guarded,M_FSMOUNT_DISPATCH_FD59F08F,FSMOUNT,315,12,8,18,1,1
optimized-guarded,M_HEAPPOLICY_SHUTDOWN_9E341637,HEAPPOLICY,313,14,10,22,3,6
optimized-guarded,M_FSFILES_RETAIN_1627AB28,FSFILES,313,8,4,12,3,6
optimized-guarded,M_DEMO_SHELLALIASNAME_AB73FBF9,DEMO,313,10,8,10,0,13
optimized-guarded,M_TASKPOLICY_INITIONAMES_D8642B1E,TASKPOLICY,312,8,4,8,0,1
optimized-guarded,M_PROGRAMIMAGE_ATTACH_B33B47DB,PROGRAMIMAGE,311,8,6,12,2,8
optimized-guarded,M_FSLEASES_SAME_B25DFB61,FSLEASES,309,22,12,22,0,3
optimized-guarded,M_SIODRIVER_CLOSE_01A37B96,SIODRIVER,307,16,12,28,1,4
optimized-guarded,M_SDFSFILE_FAIL_23FC14B5,SDFSFILE,307,8,8,14,2,1
optimized-guarded,M_TASKPOLICY_DOSCANREMOVE_DB41E74E,TASKPOLICY,306,12,8,18,1,3
optimized-guarded,M_CONSOLEINPUT_CLEAR_3DEF4D2B,CONSOLEINPUT,306,10,6,18,4,3
optimized-guarded,M_SIODRIVER_ABORTIO_689758F8,SIODRIVER,303,12,8,18,3,5
optimized-guarded,M_TASKPOLICY_VALIDPROCESSENTRY_D56EBBFD,TASKPOLICY,302,10,8,18,2,8
optimized-guarded,M_CONSOLEDRIVER_BOUND_DEB813D0,CONSOLEDRIVER,301,16,12,22,2,5
optimized-guarded,M_IOCORE_CREATEIOREQUEST_DE10015D,IOCORE,301,12,8,24,2,7
optimized-guarded,M_FSSYSTEM_APPLY_F77568D5,FSSYSTEM,300,8,8,12,3,3
optimized-guarded,M_FSRELATIVE_TRIM_C4B2DBD8,FSRELATIVE,300,10,10,10,0,8
optimized-guarded,M_O65READ_TAKE_D99B2660,O65READ,300,18,18,28,1,6
optimized-guarded,M_HEAPCORE_CHUNKADDRESS_A551D41B,HEAPCORE,298,20,14,26,2,6
optimized-guarded,M_HEAPPOLICY_DESCRIPTOR_8971C45E,HEAPPOLICY,298,20,14,26,2,6
optimized-guarded,M_FSDIRECTORY_END_806A2136,FSDIRECTORY,297,16,16,30,3,1
optimized-guarded,M_CONSOLEWINDOWS_RETIRED_09D5DC06,CONSOLEWINDOWS,296,4,4,10,2,5
optimized-guarded,M_FSCORE_FINISHOPERATION_46633DF1,FSCORE,296,16,16,16,0,4
optimized-guarded,M_DOSCOMMAND_HELP_D3856E13,DOSCOMMAND,296,6,6,6,0,19
optimized-guarded,M_FSLOCKS_ROOT_D04E0C54,FSLOCKS,295,16,16,16,0,4
optimized-guarded,M_IORESIDENT_OPEN_6086F993,IORESIDENT,293,12,12,32,3,5
optimized-guarded,M_TASKPOLICY_SLOTFREE_73C36B44,TASKPOLICY,292,14,8,18,2,1
optimized-guarded,M_TASKPOLICY_IOWAITOWNER_63A51E9E,TASKPOLICY,291,12,8,18,1,3
optimized-guarded,M_TASKPOLICY_IOCLAIM_E59988BA,TASKPOLICY,291,16,12,26,2,5
optimized-guarded,M_CONSOLEDISPLAY_POLL_204D6C85,CONSOLEDISPLAY,291,2,2,6,4,10
optimized-guarded,M_CSTRING_IMPL_STRNCMP_6395B42E,CSTRING,290,10,6,10,0,10
optimized-guarded,M_DEMO_MAIN_C5B18743,DEMO,290,6,6,10,3,9
optimized-guarded,M_FS83_CHOOSE_D3525E62,FS83,287,8,8,18,1,7
optimized-guarded,M_SDFS_MOUNTBUFFERED_7F8C68E7,SDFS,287,12,8,22,1,3
optimized-guarded,M_MYDOS_MOUNTBUFFERED_114678B9,MYDOS,287,12,8,22,1,3
optimized-guarded,M_CONSOLEBITMAP_TEXTCARET_18ADBDA7,CONSOLEBITMAP,286,12,8,18,2,1
optimized-guarded,M_FSINIT_MOUNTSTEP_D16E7745,FSINIT,286,12,8,18,3,4
optimized-guarded,M_TASKPOLICY_PROCESSFIND_A9822214,TASKPOLICY,285,18,18,22,1,9
optimized-guarded,M_SDFSFILE_CANCEL_B60AB817,SDFSFILE,284,16,16,28,1,4
optimized-guarded,M_TASKPOLICY_EMPTYSIGNALS_EA2224E4,TASKPOLICY,283,8,8,8,0,1
optimized-guarded,M_CONSOLEWINDOWS_FIND_07AFDE1C,CONSOLEWINDOWS,282,16,12,22,2,4
optimized-guarded,M_DOSSTREAMS_VALIDBUFFER_D67D80FE,DOSSTREAMS,282,10,10,22,3,7
optimized-guarded,M_FSACTIVE_CURRENTSCOPE_BF6A95BD,FSACTIVE,282,16,12,16,0,10
optimized-guarded,M_PROGRAMAPI_READARGS_BFA789E0,PROGRAMAPI,281,16,12,38,3,3
optimized-guarded,M_TASKPOLICY_DRAINWAKES_15F017CB,TASKPOLICY,280,4,4,8,3,7
optimized-guarded,M_CONSOLEFOREGROUND_RETIREUNBOUNDBREAKS_24224B11,CONSOLEFOREGROUND,280,18,18,18,0,6
optimized-guarded,M_MYDOSFILE_FAIL_8A60C23B,MYDOSFILE,280,12,8,18,1,1
optimized-guarded,M_FSLOCKS_ALLOCATE_39B5BEE3,FSLOCKS,273,12,8,24,2,3
optimized-guarded,M_HEAPPOLICY_INIT_69D6AA0D,HEAPPOLICY,270,12,6,20,3,4
optimized-guarded,M_INPUT_POINTERDELTAVALID_367584F0,INPUT,269,14,14,14,0,3
optimized-guarded,M_CONSOLEDRIVER_REQUESTSTOP_763F8D8B,CONSOLEDRIVER,269,4,4,16,2,7
optimized-guarded,M_TASKPOLICY_MEMORYPACKET_B36B55BB,TASKPOLICY,268,16,10,24,1,9
optimized-guarded,M_TASKPOLICY_PROCESSRECORDAVAILABLE_0E5B31EF,TASKPOLICY,268,20,8,24,1,1
optimized-guarded,M_FSWORKER_FINISH_EC2E5E2B,FSWORKER,268,6,6,18,2,4
optimized-guarded,M_BLOCKIO_PREPARE_810BFFA1,BLOCKIO,267,10,10,10,0,1
optimized-guarded,M_TASKPOLICY_PROCESSOWNED_DDA89718,TASKPOLICY,266,18,18,22,1,8
optimized-guarded,M_TASKPOLICY_REGISTER_6BEAF001,TASKPOLICY,265,18,14,22,1,8
optimized-guarded,M_TASKPOLICY_APPLICATIONCOUNT_B3468565,TASKPOLICY,264,14,10,18,1,7
optimized-guarded,M_TASKPOLICY_DOSCURRENT_4399DFDB,TASKPOLICY,264,12,8,20,2,5
optimized-guarded,M_DEMO_SHELLSTART_EB23C688,DEMO,264,4,4,10,3,5
optimized-guarded,M_CONSOLEINPUT_SERVICE_4560B6F3,CONSOLEINPUT,262,14,10,20,3,5
optimized-guarded,M_SIODRIVER_STATE_C8F9434F,SIODRIVER,262,8,4,14,3,4
optimized-guarded,M_SIODRIVER_NOTIFY_7F90C49D,SIODRIVER,262,20,16,32,1,4
optimized-guarded,M_DOSOBJECTS_LINK_9FA00D0F,DOSOBJECTS,262,12,8,18,1,3
optimized-guarded,M_CONSOLECORE_FEEDBATCH_FBB9A7C1,CONSOLECORE,261,10,6,24,3,3
optimized-guarded,M_TASKPOLICY_POSTSIGNAL_10773240,TASKPOLICY,259,12,12,28,3,3
optimized-guarded,M_DEMO_SHELLEQUAL_87D888CC,DEMO,259,10,6,16,1,9
optimized-guarded,M_TASKPOLICY_PROCESSINIT_C857F965,TASKPOLICY,257,6,6,12,3,4
optimized-guarded,M_TASKPOLICY_FINISHDISPATCH_46CD5A79,TASKPOLICY,257,8,6,18,2,9
optimized-guarded,M_FSCORE_BEGINOPERATION_525CBD4F,FSCORE,256,12,12,12,0,1
optimized-guarded,M_DOSSTREAMS_TRANSFERNIL_E7EA5C2C,DOSSTREAMS,256,6,6,18,2,5
optimized-guarded,M_DOSARGS_SAME_51AE7922,DOSARGS,255,8,8,12,2,7
optimized-guarded,M_DEMO_SHELLSCOPE_835D7600,DEMO,255,8,8,20,3,3
optimized-guarded,M_TASKPOLICY_IOCOMPLETE_88BA0BF3,TASKPOLICY,254,10,10,26,2,3
optimized-guarded,M_DOSOBJECTS_FIND_2E898C70,DOSOBJECTS,253,12,12,12,0,9
optimized-guarded,M_FSRELATIVE_VALIDATE_0372B7FC,FSRELATIVE,253,12,12,22,1,5
optimized-guarded,M_TASKPOLICY_EMPTYMEMORY_C893BDB0,TASKPOLICY,251,16,12,16,0,1
optimized-guarded,M_DOSFAULT_FAULT_7DB91D83,DOSFAULT,251,22,12,38,3,1
optimized-guarded,M_CONSOLEDRIVER_NOTIFY_2C61AA6D,CONSOLEDRIVER,250,20,16,32,1,4
optimized-guarded,M_FSLOCKS_ADD_DEA4C903,FSLOCKS,250,8,8,8,0,3
optimized-guarded,M_BLOCKIO_DEVICENAME_55BC3EC3,BLOCKIO,249,4,4,4,0,1
optimized-guarded,M_CONSOLEDISPLAY_CURSORPOSITION_6D01F173,CONSOLEDISPLAY,248,10,10,18,2,3
optimized-guarded,M_FSDIRECTORY_SIZERESULT_7E5452EF,FSDIRECTORY,248,8,8,20,1,5
optimized-guarded,M_FSNAMES_MAPPED_324F42A3,FSNAMES,246,20,14,32,1,6
optimized-guarded,M_DEMO_SHELLFAIL_8B3FAF62,DEMO,246,8,8,8,0,5
optimized-guarded,M_HEAPPOLICY_RUNS_07A33D25,HEAPPOLICY,244,18,12,26,1,11
optimized-guarded,M_TASKPOLICY_SAMENAME_968CD62D,TASKPOLICY,244,14,8,14,0,8
optimized-guarded,M_CONSOLEBITMAP_TEXT_D480A0BE,CONSOLEBITMAP,244,12,8,18,2,1
optimized-guarded,M_CONSOLEDRIVER_CLAIMWRITE_0313F299,CONSOLEDRIVER,244,12,8,18,3,1
optimized-guarded,M_MYDOS_DATASECTOR_95277D3B,MYDOS,244,16,12,16,0,8
optimized-guarded,M_MYDOS_ROOTENTRY_E3F00029,MYDOS,244,6,6,6,0,4
optimized-guarded,M_TASKPOLICY_PROCESSRESIDENT_478DA1B5,TASKPOLICY,243,18,14,18,0,1
optimized-guarded,M_CONSOLEDRIVER_RETAINOPENER_B80DF9C6,CONSOLEDRIVER,243,12,8,22,2,5
optimized-guarded,M_COOKEDLINE_RETAIN_F54817A1,COOKEDLINE,243,4,4,8,3,4
optimized-guarded,M_CONSOLECORE_CLEAN_3E747584,CONSOLECORE,242,10,10,10,0,4
optimized-guarded,M_FSOPERATION_CLAIM_4C8DDFC1,FSOPERATION,242,4,4,10,2,8
optimized-guarded,M_O65READ_EQUAL_AD4D340B,O65READ,242,14,14,14,0,6
optimized-guarded,M_TASKPOLICY_IOEXTENT_9818C08A,TASKPOLICY,241,18,14,24,1,5
optimized-guarded,M_FSBACKEND_CREATEVOLUME_26C12EFC,FSBACKEND,239,2,2,8,3,5
optimized-guarded,M_FSHANDLER_RESOLVEREADYSTEP_BDBFDED1,FSHANDLER,239,16,12,22,2,3
optimized-guarded,M_DOSBREAK_FREE_76D15FA8,DOSBREAK,238,10,10,22,3,1
optimized-guarded,M_FSBACKEND_FAIL_FA955312,FSBACKEND,238,8,8,20,2,3
optimized-guarded,M_FSALLOC_FREE_BE46C827,FSALLOC,238,12,12,22,1,3
optimized-guarded,M_FSOPERATION_CANCELED_56B92A04,FSOPERATION,237,2,2,8,2,9
optimized-guarded,M_DEMO_SHELLPATHEQUAL_1BAC498B,DEMO,237,6,6,6,0,12
optimized-guarded,M_TASKPOLICY_PROCESSCURRENT_78571A20,TASKPOLICY,236,12,8,16,1,6
optimized-guarded,M_DEMO_SHELLALIASTEXT_A6FBD7BD,DEMO,236,8,6,8,0,16
optimized-guarded,M_COOKEDLINE_ENTER_AF5023D0,COOKEDLINE,234,4,4,8,3,4
optimized-guarded,M_DEMO_SHELLTASKSTATE_696E6DB8,DEMO,234,6,2,16,1,10
optimized-guarded,M_FSSYSTEM_NAMEBYTE_29131912,FSSYSTEM,233,2,2,6,2,7
optimized-guarded,M_HEAPCORE_NEXTADDRESS_E32592FF,HEAPCORE,232,20,14,26,1,7
optimized-guarded,M_FSHANDLER_COMPONENTSTEP_389CA8B9,FSHANDLER,231,12,8,18,2,3
optimized-guarded,M_FSMOUNT_DESTROYSTEP_4CF540E7,FSMOUNT,231,12,8,22,2,1
optimized-guarded,M_TASKPOLICY_READY_679992F5,TASKPOLICY,230,8,4,18,3,1
optimized-guarded,M_MYDOSFILE_RESTART_75C66A72,MYDOSFILE,229,8,4,14,1,1
optimized-guarded,M_FSBACKEND_BEGINENTRY_D3F74E4F,FSBACKEND,229,8,8,22,2,3
optimized-guarded,M_O65RELOCATIONS_BASE_44BA7C79,O65RELOCATIONS,229,8,8,8,0,7
optimized-guarded,M_DOSGROUP_CANCEL_B8897A90,DOSGROUP,229,2,2,8,4,3
optimized-guarded,M_PROGRAMPLACE_COPY_75B5AA8B,PROGRAMPLACE,228,14,14,14,0,4
optimized-guarded,M_SDFSNAME_DONE_34A5B326,SDFSNAME,227,6,6,12,1,9
optimized-guarded,M_TASKPOLICY_PRODUCERSIGNALBOUND_5677CF48,TASKPOLICY,226,16,16,22,1,9
optimized-guarded,M_COOKEDLINE_ERASE_F76E1DAE,COOKEDLINE,226,14,14,14,0,4
optimized-guarded,M_DEMO_SHELLCLOSECOMMANDINPUT_4078E4EF,DEMO,226,8,8,14,1,5
optimized-guarded,M_CONSOLEFOREGROUND_NOTIFY_A30EB7D0,CONSOLEFOREGROUND,225,8,8,14,3,1
optimized-guarded,M_MYDOS_BEGINMOUNT_AA58F6DF,MYDOS,225,8,8,8,0,3
optimized-guarded,M_SDFSWRITE_ENTRYIO_D3D74C00,SDFSWRITE,225,20,20,34,2,1
optimized-guarded,M_TASKPOLICY_INITRESIDENTSTORAGE_FCEF7175,TASKPOLICY,223,12,6,12,0,4
optimized-guarded,M_O65READ_U8_A5F42EC2,O65READ,223,12,12,24,1,3
optimized-guarded,M_COOKEDLINE_DESTROY_77CB15F8,COOKEDLINE,222,4,4,16,2,6
optimized-guarded,M_CSTRING_IMPL_STRCMP_87478B58,CSTRING,222,10,6,10,0,8
optimized-guarded,M_CONSOLEDRIVER_FREEWAITER_5FC08D72,CONSOLEDRIVER,220,4,4,10,3,3
optimized-guarded,M_SIODRIVER_FREEWAITER_3A54C422,SIODRIVER,220,4,4,10,3,3
optimized-guarded,M_DEMO_SHELLINITIALPROMPT_533D0DC4,DEMO,220,8,8,12,2,1
optimized-guarded,M_TASKPOLICY_VALIDENTRY_58BA8A58,TASKPOLICY,219,8,8,8,0,7
optimized-guarded,M_BLOCKIO_CACHED_7ABF0DB0,BLOCKIO,218,10,10,10,0,5
optimized-guarded,M_DOSPIPE_WAKE_206F5695,DOSPIPE,216,12,12,24,1,4
optimized-guarded,M_DOSCALLS_SELECTED_604EA3D9,DOSCALLS,216,12,8,16,1,5
optimized-guarded,M_DEMO_SHELLBYTE_63E82DA4,DEMO,216,12,8,24,2,1
optimized-guarded,M_TASKPOLICY_ARGUMENTPOINTER_A19325C6,TASKPOLICY,215,12,12,20,2,1
optimized-guarded,M_CONSOLETILING_OWNED_E442B6FE,CONSOLETILING,215,12,12,18,1,3
optimized-guarded,M_TASKPOLICY_COMPLETEWAIT_31FB45E4,TASKPOLICY,214,14,8,24,2,5
optimized-guarded,M_CONSOLECONTROL_APPLY_DCB506BB,CONSOLECONTROL,212,2,2,8,3,5
optimized-guarded,M_SDFS_ALLOWED_D687D449,SDFS,212,16,12,16,0,7
optimized-guarded,M_FSMUX_CONTROL_16FCB25F,FSMUX,212,12,8,18,1,3
optimized-guarded,M_CSTRING_IMPL_STRNLEN_AC461397,CSTRING,212,8,4,8,0,6
optimized-guarded,M_FSOPERATION_COLLECT_397028AF,FSOPERATION,211,2,2,8,1,4
optimized-guarded,M_CONSOLEBITMAP_FILL_0D7F3514,CONSOLEBITMAP,209,8,4,14,2,1
optimized-guarded,M_CONSOLEDRIVER_STATE_C6409A7F,CONSOLEDRIVER,209,6,4,10,3,1
optimized-guarded,M_FSWRITE_MARK_8F6D7604,FSWRITE,209,4,4,14,2,3
optimized-guarded,M_INPUT_SHARED_40B1C6BE,INPUT,208,16,12,22,1,8
optimized-guarded,M_HEAPPOLICY_FLAGSVALID_4BF22F96,HEAPPOLICY,207,20,14,20,0,11
optimized-guarded,M_FSBACKEND_STARTRESOLVE_75FDEFE2,FSBACKEND,207,4,4,14,2,3
optimized-guarded,M_FSBACKEND_OPEN_70C2A6B2,FSBACKEND,207,4,4,14,2,3
optimized-guarded,M_FSBACKEND_MEASURE_AD470D66,FSBACKEND,207,4,4,14,2,3
optimized-guarded,M_FSBACKEND_VALIDATEBASE_C7106A97,FSBACKEND,207,6,6,16,2,3
optimized-guarded,M_DOSCALLS_NAMEARGUMENTS_4FEB00BB,DOSCALLS,207,8,8,8,0,4
optimized-guarded,M_CONSOLEBITMAP_POLL_6E3B6F9E,CONSOLEBITMAP,206,8,8,14,2,8
optimized-guarded,M_DOSCALLS_SELECTIONREADY_28C831A1,DOSCALLS,206,12,8,12,0,8
optimized-guarded,M_MYDOSFILE_ADVANCE_71346BED,MYDOSFILE,205,20,16,26,1,1
optimized-guarded,M_FSBACKEND_BEGINREAD_9B747D7D,FSBACKEND,204,8,8,14,2,3
optimized-guarded,M_FSBACKEND_BEGINSEEK_65568135,FSBACKEND,204,8,8,14,2,3
optimized-guarded,M_FSBACKEND_CONTINUEOPERATION_B2B07804,FSBACKEND,204,8,8,14,2,3
optimized-guarded,M_FSBACKEND_CANCEL_CF93E684,FSBACKEND,204,8,8,14,2,3
optimized-guarded,M_CONSOLECAPTURE_ACQUIRE_39D4E6A8,CONSOLECAPTURE,203,12,12,22,1,1
optimized-guarded,M_IORESIDENT_BOUND_C1F0BA89,IORESIDENT,202,2,2,8,3,5
optimized-guarded,M_TASKPOLICY_PROCESSCONTROL_6911FE90,TASKPOLICY,201,12,8,22,2,1
optimized-guarded,M_DOSINHERIT_ADOPT_35538564,DOSINHERIT,201,12,8,22,2,5
optimized-guarded,M_PROCESS_PREPARELOADED_143E0750,PROCESS,201,8,8,26,2,4
optimized-guarded,M_CONSOLEFOREGROUND_NOTIFYONE_981F2C18,CONSOLEFOREGROUND,199,8,8,20,1,6
optimized-guarded,M_PORTCORE_DELETEMSGPORT_9136F7C6,PORTCORE,199,2,2,14,3,3
optimized-guarded,M_IOCORE_DOIO_173DC4A1,IOCORE,199,16,10,22,2,3
optimized-guarded,M_BLOCKIO_GEOMETRY_4529DFEE,BLOCKIO,199,6,6,6,0,18
optimized-guarded,M_FSREGISTRY_RETAIN_218C5FAC,FSREGISTRY,199,6,4,10,2,3
optimized-guarded,M_PROCESS_STARTLOADED_CDAA1C3D,PROCESS,198,8,8,26,2,3
optimized-guarded,M_DEMO_SHELLALIASEXPAND_1DD100F8,DEMO,198,4,4,8,2,6
optimized-guarded,M_DEMO_SHELLPATHRESET_72A30C98,DEMO,198,8,8,20,2,1
optimized-guarded,M_MYDOS_CREATEVOLUME_8FA50CD3,MYDOS,195,8,8,20,1,1
optimized-guarded,M_DOSGROUP_VALID_7D621B56,DOSGROUP,195,8,8,12,1,4
optimized-guarded,M_TASKPOLICY_INITSIGNALS_5C831CB9,TASKPOLICY,194,0,0,10,1,1
optimized-guarded,M_COOKEDLINE_RESETHISTORY_27C90F73,COOKEDLINE,194,4,4,4,0,3
optimized-guarded,M_DOSGROUP_READY_271F659D,DOSGROUP,194,12,8,18,1,3
optimized-guarded,M_IORESIDENT_CLOSE_FE2B0633,IORESIDENT,193,2,2,8,3,5
optimized-guarded,M_IORESIDENT_BEGINIO_914C855C,IORESIDENT,193,2,2,8,3,5
optimized-guarded,M_IORESIDENT_ABORTIO_0DA61711,IORESIDENT,193,2,2,8,3,5
optimized-guarded,M_TASKPOLICY_DOSWORKERBOUND_DB9BCF66,TASKPOLICY,191,12,8,12,0,1
optimized-guarded,M_COOKEDLINE_INIT_553F5E46,COOKEDLINE,191,4,4,4,0,1
optimized-guarded,M_BLOCKCACHE_SETINDEX_5318FF18,BLOCKCACHE,190,14,10,14,0,3
optimized-guarded,M_MYDOS_STARTRESOLVE_24B3B079,MYDOS,190,4,4,14,2,5
optimized-guarded,M_SDFS_LENGTH_0EB65DB7,SDFS,189,14,14,24,1,1
optimized-guarded,M_PROGRAMAPI_READARGSORHELP_0AAF8D06,PROGRAMAPI,189,14,14,36,2,1
optimized-guarded,M_TASKPOLICY_PRODUCERBINDING_1B8E711F,TASKPOLICY,187,4,4,8,2,9
optimized-guarded,M_TASKPOLICY_CONSOLENAMES_B9E6EA95,TASKPOLICY,187,8,4,8,0,1
optimized-guarded,M_SDFS_CREATEWORK_894591E8,SDFS,187,8,8,20,1,1
optimized-guarded,M_SDFS_CREATEVOLUME_B12DE8AD,SDFS,187,8,8,20,1,1
optimized-guarded,M_HEAPPOLICY_RESERVEVECTOR_C09ED6F4,HEAPPOLICY,186,18,12,30,2,3
optimized-guarded,M_TASKPOLICY_DOSRESET_224DFB33,TASKPOLICY,186,8,4,14,1,1
optimized-guarded,M_CONSOLEDRIVER_WAITCHANGE_4E83E195,CONSOLEDRIVER,186,10,10,18,1,1
optimized-guarded,M_SIODRIVER_WAITCHANGE_D2A1FD05,SIODRIVER,186,10,10,18,1,1
optimized-guarded,M_SDFS_RESTART_887C29F6,SDFS,186,12,8,18,1,1
optimized-guarded,M_SIODRIVER_MATCHES_AEE1C237,SIODRIVER,184,10,6,10,0,8
optimized-guarded,M_FSWRITEIO_LENGTH_F339C741,FSWRITEIO,184,12,12,24,1,1
optimized-guarded,M_O65READ_U32_BA2CF799,O65READ,184,14,14,20,2,1
optimized-guarded,M_CONSOLECORE_EDITQUANTUM_E6CDEC54,CONSOLECORE,183,4,4,16,2,3
optimized-guarded,M_MYDOSFILE_NEEDSECTOR_4EE2E2C1,MYDOSFILE,183,12,8,18,1,1
optimized-guarded,M_SDFSDATE_MONTHDAYS_18463582,SDFSDATE,183,4,4,10,1,8
optimized-guarded,M_FSBACKEND_BEGINMOUNT_3F96891C,FSBACKEND,181,4,4,10,2,3
optimized-guarded,M_FSBACKEND_MOUNTBUFFERED_E1BCDBDC,FSBACKEND,181,4,4,10,2,3
optimized-guarded,M_FSBACKEND_BUFFEREDENTRY_A53297ED,FSBACKEND,181,4,4,10,2,3
optimized-guarded,M_FSBACKEND_RESOLVECOMPONENT_25BBEDCF,FSBACKEND,181,4,4,10,2,3
optimized-guarded,M_FSBACKEND_RESOLVESTEP_71F5161C,FSBACKEND,181,4,4,10,2,3
optimized-guarded,M_FSBACKEND_DESCEND_696B876C,FSBACKEND,181,4,4,10,2,3
optimized-guarded,M_O65READ_NAMEBYTE_937CC326,O65READ,181,4,4,4,0,7
optimized-guarded,M_TASKPOLICY_VALIDPORT_7710F985,TASKPOLICY,180,2,2,8,1,8
optimized-guarded,M_FSLOCKS_FREE_701F260A,FSLOCKS,180,12,12,24,2,1
optimized-guarded,M_CONSOLEFOREGROUND_REGISTER_0F2DE106,CONSOLEFOREGROUND,179,16,10,28,1,3
optimized-guarded,M_DEMO_DEMOTEXT_C012A5A2,DEMO,179,14,10,14,0,5
optimized-guarded,M_COOKEDLINE_LOSE_A2B86A77,COOKEDLINE,178,6,6,12,2,1
optimized-guarded,M_O65READ_U16_9E5A6B5F,O65READ,178,8,8,14,2,1
optimized-guarded,M_SIODRIVER_REAP_531B42EA,SIODRIVER,177,4,4,4,0,6
optimized-guarded,M_BLOCKCACHE_COPY_EC1E9165,BLOCKCACHE,177,12,6,12,0,4
optimized-guarded,M_TASKPOLICY_PROTECTED_FCDCE808,TASKPOLICY,175,4,4,10,1,1
optimized-guarded,M_COOKEDLINE_CREATE_35929826,COOKEDLINE,175,12,8,24,2,3
optimized-guarded,M_CONSOLECORE_CHANGED_16194333,CONSOLECORE,173,10,10,10,0,5
optimized-guarded,M_CONSOLEBATCH_DUE_DFFF17C0,CONSOLEBATCH,173,8,8,8,0,9
optimized-guarded,M_IOCORE_DELETEIOREQUEST_93A87E78,IOCORE,173,10,6,22,2,3
optimized-guarded,M_COOKEDLINE_FREEHISTORY_E31E705E,COOKEDLINE,173,8,8,20,1,3
optimized-guarded,M_SDFS_DESTROYWORK_D1F8FE6A,SDFS,173,4,4,16,1,3
optimized-guarded,M_SDFS_DESTROYVOLUME_8A02EFB7,SDFS,173,4,4,16,1,3
optimized-guarded,M_MYDOS_DESTROYVOLUME_8DF1D5D5,MYDOS,173,4,4,16,1,3
optimized-guarded,M_HEAPCORE_CANDIDATE_07CF3557,HEAPCORE,172,20,14,20,0,5
optimized-guarded,M_INPUT_SHAPE_12014EFC,INPUT,170,14,14,14,0,8
optimized-guarded,M_CONSOLECAPTURE_PUBLISH_C5573D67,CONSOLECAPTURE,170,12,12,24,2,3
optimized-guarded,M_DOSBREAK_CURRENT_B838AC0B,DOSBREAK,170,12,8,16,1,3
optimized-guarded,M_DOSCLIENT_CLEARSELECTIONS_93A1D5D6,DOSCLIENT,169,4,4,4,0,5
optimized-guarded,M_SDFS_BEGINMOUNT_68830325,SDFS,168,4,4,10,1,1
optimized-guarded,M_O65READ_SECTIONSIZE_0E90CADD,O65READ,167,6,6,6,0,7
optimized-guarded,M_EXECLISTS_REMTAIL_292EAA27,EXECLISTS,166,12,8,18,1,3
optimized-guarded,M_TASKPOLICY_POINTERRESULT_E8D88610,TASKPOLICY,166,12,12,20,1,1
optimized-guarded,M_INPUT_ROUTEVALID_38FC4B26,INPUT,166,12,12,12,0,1
optimized-guarded,M_BLOCKIO_SECTORBYTES_B8369631,BLOCKIO,166,10,10,10,0,9
optimized-guarded,M_FSFILES_CREATE_5EA85CDB,FSFILES,166,12,8,24,1,3
optimized-guarded,M_CONSOLEDISPLAY_QUANTUM_5F98A18D,CONSOLEDISPLAY,165,2,2,12,2,3
optimized-guarded,M_O65READ_LITERAL_8D1D12D6,O65READ,165,8,8,22,1,3
optimized-guarded,M_DOSARGS_CLEAR_67E19159,DOSARGS,165,8,8,8,0,7
optimized-guarded,M_FSSYSTEM_UNIT_D8E8C927,FSSYSTEM,163,4,4,8,2,3
optimized-guarded,M_EXECLISTS_REMHEAD_F8063CE7,EXECLISTS,162,12,8,18,1,3
optimized-guarded,M_TASKPOLICY_MASKRESULT_220A6FAB,TASKPOLICY,162,12,12,20,1,1
optimized-guarded,M_DEMO_SHELLPOLL_FD68673B,DEMO,162,6,6,18,2,3
optimized-guarded,__a816_mod_i32_v2,<runtime>,162,0,0,0,0,0
optimized-guarded,__a816_div_i32_v2,<runtime>,162,0,0,0,0,0
optimized-guarded,M_DOSCLIENT_SETIOERR_93E1A287,DOSCLIENT,160,16,8,20,1,1
optimized-guarded,M_FSBACKEND_DESTROYVOLUME_B6078DE8,FSBACKEND,160,2,2,8,2,6
optimized-guarded,M_CONSOLEBATCH_PUBLISH_28F83695,CONSOLEBATCH,158,4,4,14,1,5
optimized-guarded,M_DISPLAY_BEGINRELEASE_D060B9F5,DISPLAY,158,2,2,8,1,5
optimized-guarded,M_MYDOS_RESOLVECOMPONENT_8F2130C4,MYDOS,158,4,4,10,1,3
optimized-guarded,M_TASKPOLICY_VALIDMESSAGE_C0DE7739,TASKPOLICY,157,10,10,10,0,4
optimized-guarded,M_SDFS_INVALIDATE_8CE6E30A,SDFS,157,8,4,14,1,1
optimized-guarded,M_CONSOLECORE_NEWLINE_97A73E23,CONSOLECORE,156,6,6,6,0,4
optimized-guarded,M_CSTRING_IMPL_STRCHR_2037DF45,CSTRING,156,14,12,14,0,6
optimized-guarded,M_FSREGISTRY_FINDOBJECT_780CC443,FSREGISTRY,155,8,8,18,2,1
optimized-guarded,M_EXECLISTS_ADDTAIL_A1C0F364,EXECLISTS,154,4,0,4,0,1
optimized-guarded,M_HEAPPOLICY_VECTORBYTES_E6541B8F,HEAPPOLICY,152,16,10,24,1,4
optimized-guarded,M_BLOCKIO_INVALIDATE_E4DCC90F,BLOCKIO,152,4,4,14,2,1
optimized-guarded,M_DOSCALLS_ARGUMENTS_D4B63738,DOSCALLS,152,8,8,8,0,1
optimized-guarded,M_BLOCKCACHE_PAYLOAD_A5530E46,BLOCKCACHE,151,12,12,12,0,1
optimized-guarded,M_BOOTCONFIG_VALIDBLOCKS_EA50F717,BOOTCONFIG,150,6,6,6,0,1
optimized-guarded,M_O65RELOCATIONS_PATCHES_74DD4940,O65RELOCATIONS,149,4,4,14,1,1
optimized-guarded,M_INPUT_CAPTURE_307447C1,INPUT,148,4,4,10,1,3
optimized-guarded,M_DOSBREAK_PENDING_1B1DF51D,DOSBREAK,148,8,4,12,1,5
optimized-guarded,M_FSFILES_ALLOCATE_3EE5B3A2,FSFILES,148,12,8,24,1,3
optimized-guarded,M_DOSARGS_LETTER_897462C0,DOSARGS,148,4,4,4,0,1
optimized-guarded,M_TASKPOLICY_CONSOLEINIT_02CC0011,TASKPOLICY,147,10,6,14,1,4
optimized-guarded,M_PROCESS_GETARGSTR_37000207,PROCESS,147,12,8,16,1,3
optimized-guarded,M_BLOCKCACHE_METADATABYTES_EA4C1D98,BLOCKCACHE,146,8,8,18,1,1
optimized-guarded,M_DISPLAY_ACTIVATE_FA0B49D8,DISPLAY,144,2,2,8,1,4
optimized-guarded,M_TASKPOLICY_SIGNALBIT_7E52F9EF,TASKPOLICY,143,10,10,10,0,1
optimized-guarded,M_DEMO_SHELLCLEAR_C99F4545,DEMO,143,8,4,12,1,1
optimized-guarded,M_TASKPOLICY_PROCESSFOR_0276CBEE,TASKPOLICY,141,8,8,12,1,1
optimized-guarded,M_FSLEASES_OBJECTENTRY_FCD8C666,FSLEASES,141,8,8,8,0,3
optimized-guarded,M_TASKPOLICY_IOERROR_9413450C,TASKPOLICY,140,12,8,22,1,3
optimized-guarded,M_DOSCLIENT_ENSURE_1859B044,DOSCLIENT,140,8,8,14,2,1
optimized-guarded,M_BLOCKIO_PUBLISH_42B93901,BLOCKIO,140,12,12,12,0,1
optimized-guarded,M_COOKEDLINE_HISTORYSLOT_205258CE,COOKEDLINE,139,12,12,12,0,1
optimized-guarded,M_HEAPPOLICY_MEMORYTYPE_D394B206,HEAPPOLICY,138,8,4,14,1,3
optimized-guarded,M_DOSSTREAMS_VALIDMODE_6A43AE29,DOSSTREAMS,138,8,8,8,0,1
optimized-guarded,M_FSLOCKS_ALLOCATION_5B5A6C20,FSLOCKS,138,8,8,14,1,1
optimized-guarded,M_CSTRING_IMPL_STRLEN_EB4E5981,CSTRING,138,8,4,8,0,4
optimized-guarded,M_TASKPOLICY_IOOPENTEST_C4ABA6E6,TASKPOLICY,137,10,6,16,1,2
optimized-guarded,M_FS83_LEGAL_57119700,FS83,137,2,2,2,0,10
optimized-guarded,M_O65READ_EXTENT_816E81E1,O65READ,137,18,18,18,0,1
optimized-guarded,M_HEAPPOLICY_MATCHES_ACC95206,HEAPPOLICY,133,14,10,14,0,3
optimized-guarded,M_CONSOLEDRIVER_COLLECT_102291BE,CONSOLEDRIVER,133,14,14,26,1,1
optimized-guarded,M_O65MEMORY_RESERVE_67ABB944,O65MEMORY,133,14,14,26,1,1
optimized-guarded,M_TASKPOLICY_ADJUSTTIMED_DDC1BE1E,TASKPOLICY,131,2,2,2,0,4
optimized-guarded,M_TASKPOLICY_INITPORTS_2CB7E92A,TASKPOLICY,131,8,4,14,1,1
optimized-guarded,M_FSLEASES_WRITABLE_932CF683,FSLEASES,130,12,8,12,0,3
optimized-guarded,M_DISPLAY_FAULT_17A2F7BD,DISPLAY,128,2,2,8,1,3
optimized-guarded,M_CONSOLEDRIVER_COMPLETE_39781A87,CONSOLEDRIVER,127,2,2,8,1,4
optimized-guarded,M_FSWRITEIO_WORD_326DCDF9,FSWRITEIO,127,8,8,8,0,1
optimized-guarded,M_DEMO_SHELLPATHENTRY_DB7471EF,DEMO,127,12,12,12,0,1
optimized-guarded,M_TASKPOLICY_DOSSLOTFOR_362EB215,TASKPOLICY,126,8,8,8,0,1
optimized-guarded,M_TASKPOLICY_DOSREMOVED_D36757B2,TASKPOLICY,126,12,8,12,0,3
optimized-guarded,M_FSBACKEND_INVALIDATE_9F423887,FSBACKEND,124,4,4,10,1,5
optimized-guarded,M_CONSOLEBITMAP_GETPACKET_5A801E1D,CONSOLEBITMAP,123,8,8,12,1,1
optimized-guarded,M_FSREGISTRY_SERVICE_31663004,FSREGISTRY,123,8,8,12,1,1
optimized-guarded,M_FSHANDLER_BEGINRESOLVE_DD06EE7B,FSHANDLER,123,2,2,8,1,1
optimized-guarded,M_TASKPOLICY_SETSTATE_52D88FAF,TASKPOLICY,122,8,4,8,0,3
optimized-guarded,M_TASKPOLICY_PORTSTORAGE_D3468DA2,TASKPOLICY,122,10,10,10,0,3
optimized-guarded,M_DISPLAY_CHECK_D0D668F5,DISPLAY,122,2,2,8,1,5
optimized-guarded,M_DOSRAW_OPEN_5F7F2547,DOSRAW,122,8,8,22,1,1
optimized-guarded,M_PROCESS_CONTROL_D28A63F1,PROCESS,121,8,8,16,1,1
optimized-guarded,M_TASKPOLICY_MEMORYSERVICE_7FAD083C,TASKPOLICY,120,4,4,4,0,1
optimized-guarded,M_DOSRAW_UNITREGISTRY_DD0D5704,DOSRAW,119,10,10,10,0,1
optimized-guarded,M_DOSRAW_CLOSE_4F38859D,DOSRAW,118,6,6,18,1,1
optimized-guarded,M_CONSOLEINPUT_INIT_5076ECFA,CONSOLEINPUT,117,4,4,4,0,1
optimized-guarded,M_CONSOLEDISPLAY_GLYPH_DCC4F92E,CONSOLEDISPLAY,117,8,4,8,0,3
optimized-guarded,M_FSCORE_COPYENTRY_48DFB26E,FSCORE,117,12,6,12,0,4
optimized-guarded,M_DOSRAW_ROLLBACK_4A7594F5,DOSRAW,117,0,0,4,2,1
optimized-guarded,M_DOSCLIENT_IOERR_BF9E8A97,DOSCLIENT,115,8,8,12,1,1
optimized-guarded,M_TASKPOLICY_CONSOLENAME_0C46F590,TASKPOLICY,114,4,4,14,1,1
optimized-guarded,M_CONSOLECORE_CELLOFFSET_711520EE,CONSOLECORE,114,12,8,12,0,3
optimized-guarded,M_SDFS_WORD_9040534F,SDFS,114,8,8,8,0,1
optimized-guarded,M_EXECLISTS_ISLISTEMPTY_6EEB0796,EXECLISTS,113,12,12,12,0,1
optimized-guarded,M_CONSOLEBITMAP_ENABLED_B5633DC6,CONSOLEBITMAP,113,4,4,8,1,1
optimized-guarded,M_CONSOLEBITMAP_FAILED_26B87568,CONSOLEBITMAP,113,4,4,8,1,1
optimized-guarded,M_DOSUTILITY_READERINIT_DF037B30,DOSUTILITY,112,8,8,8,0,1
optimized-guarded,M_TASKPOLICY_RECORDFOR_833E2B66,TASKPOLICY,111,8,8,8,0,1
optimized-guarded,M_DOSWIRE_ISPOINTER_E1AC855F,DOSWIRE,111,10,10,10,0,1
optimized-guarded,M_PROCESS_START_10858ECA,PROCESS,111,8,8,26,1,1
optimized-guarded,M_PROCESS_STARTFOREGROUND_F931F4E9,PROCESS,111,8,8,26,1,1
optimized-guarded,M_HEAPPOLICY_HEADER_A992FDFC,HEAPPOLICY,109,8,8,8,0,1
optimized-guarded,M_TASKPOLICY_IONAME_8B922013,TASKPOLICY,109,2,2,12,1,3
optimized-guarded,M_TASKPOLICY_CONSOLEDEVICE_34497CA3,TASKPOLICY,109,8,8,8,0,1
optimized-guarded,M_DOSCLIENT_SETERROR_F2B11A26,DOSCLIENT,108,8,8,12,1,1
optimized-guarded,M_SDFSDIR_ERROR_F11B3DDA,SDFSDIR,107,6,6,12,1,1
optimized-guarded,M_DOS_SELECTINPUT_FF0F4771,DOS,107,8,8,16,1,1
optimized-guarded,M_DOS_SELECTOUTPUT_3A928904,DOS,107,8,8,16,1,1
optimized-guarded,M_DEMO_SHELLLENGTH_41312048,DEMO,107,8,8,18,1,1
optimized-guarded,M_CONSOLEWINDOWS_LIVE_CF72384F,CONSOLEWINDOWS,106,4,4,4,0,1
optimized-guarded,M_CONSOLECORE_FEED_287D49E7,CONSOLECORE,105,6,6,20,1,1
optimized-guarded,M_COOKEDLINE_LEAVE_C362F351,COOKEDLINE,105,0,0,4,2,1
optimized-guarded,M_BLOCKWIRE_TRANSFER_0A2F17CC,BLOCKWIRE,105,4,4,18,1,1
optimized-guarded,M_BLOCKWIRE_TRANSFERCOMMITTED_FEB13FCA,BLOCKWIRE,105,4,4,18,1,1
optimized-guarded,M_CONSOLEBITMAP_CLOSE_9D29479F,CONSOLEBITMAP,104,2,2,8,1,1
optimized-guarded,M_DOSCALLS_RENAME_EEAD93B4,DOSCALLS,104,6,6,20,1,1
optimized-guarded,M_DOS_EXAMINE_1F15C1B0,DOS,104,6,6,20,1,1
optimized-guarded,M_DOS_EXNEXT_623C7B53,DOS,104,6,6,20,1,1
optimized-guarded,M_PROGRAMAPI_EXAMINE_6478E83C,PROGRAMAPI,104,6,6,20,1,1
optimized-guarded,M_PROGRAMAPI_EXNEXT_3BA57C27,PROGRAMAPI,104,6,6,20,1,1
optimized-guarded,M_DEMO_SHELLPATHMISS_F697D8DD,DEMO,104,6,6,6,0,1
optimized-guarded,M_HEAPCORE_ALLOCATE_E39F1AF5,HEAPCORE,102,8,8,20,1,1
optimized-guarded,M_HEAPCORE_ROUNDED_9D79FA03,HEAPCORE,101,10,10,10,0,4
optimized-guarded,M_TASKPOLICY_CANCELWAKE_8ADC984A,TASKPOLICY,100,2,2,8,1,3
optimized-guarded,M_FSSYSTEM_SYSTEMUNIT_F93F9C60,FSSYSTEM,100,4,4,8,1,2
optimized-guarded,M_INPUT_SOURCESTATE_ED5DBA81,INPUT,98,4,4,4,0,3
optimized-guarded,M_CONSOLEDISPLAY_WIDTH_10C212F0,CONSOLEDISPLAY,98,2,2,6,1,3
optimized-guarded,M_CONSOLEDISPLAY_HEIGHT_F3C514AD,CONSOLEDISPLAY,98,2,2,6,1,3
optimized-guarded,M_DOSCALLS_DELETEFILE_59D38A29,DOSCALLS,98,6,6,20,1,1
optimized-guarded,M_DOS_INPUT_41B1DDE9,DOS,98,8,8,12,1,1
optimized-guarded,M_DOS_OUTPUT_DF7018DC,DOS,98,8,8,12,1,1
optimized-guarded,M_FSPORTS_DELETE_FC342961,FSPORTS,97,2,2,14,1,3
optimized-guarded,__a816_div_u32_v2,<runtime>,97,0,0,0,0,0
optimized-guarded,__a816_mod_u32_v2,<runtime>,97,0,0,0,0,0
optimized-guarded,M_EXECLISTS_ADDHEAD_3AE3E6E4,EXECLISTS,96,0,0,0,0,1
optimized-guarded,M_INPUT_FILTERVALID_D26629FB,INPUT,96,4,4,4,0,1
optimized-guarded,M_INPUT_SOURCEOF_A387FC4D,INPUT,96,4,4,4,0,4
optimized-guarded,M_PROGRAMPLACE_PATCHES_2338CDC0,PROGRAMPLACE,96,2,2,12,1,1
optimized-guarded,M_O65MEMORY_ALLOCATE_1084F809,O65MEMORY,95,4,4,16,1,1
optimized-guarded,M_O65MEMORY_STORAGE_289ABF3F,O65MEMORY,95,4,4,16,1,1
optimized-guarded,M_COOKEDLINE_EMPTY_73E023F3,COOKEDLINE,94,4,4,4,0,1
optimized-guarded,M_MYDOSWRITE_BAD_ECEFF42B,MYDOSWRITE,93,2,2,14,1,1
optimized-guarded,M_SDFSWRITE_BAD_5E3D66D1,SDFSWRITE,93,2,2,14,1,1
optimized-guarded,M_DOSCALLS_BADOBJECT_51D88018,DOSCALLS,93,2,2,2,0,4
optimized-guarded,M_IOCORE_BEGINIO_FAB52593,IOCORE,92,6,6,14,1,1
optimized-guarded,M_IOCORE_SENDIO_CA4E16BA,IOCORE,92,6,6,14,1,1
optimized-guarded,M_HEAPCORE_LINK_9B47F952,HEAPCORE,91,2,2,2,0,4
optimized-guarded,M_DOSARGS_BOUNDEDLENGTH_E004A013,DOSARGS,91,6,6,6,0,6
optimized-guarded,M_TASKPOLICY_PROCESSCLEAR_BCDB987A,TASKPOLICY,90,10,6,10,0,4
optimized-guarded,M_FSINFO_CLEAR_E168B3AB,FSINFO,90,10,6,10,0,4
optimized-guarded,M_IOCORE_START_4033F51A,IOCORE,89,6,6,14,1,1
optimized-guarded,M_FSBACKEND_DESTROYWORK_CA11D009,FSBACKEND,89,2,2,8,1,3
optimized-guarded,M_O65RELOCATIONS_READ_4B7C0B1C,O65RELOCATIONS,89,2,2,12,1,1
optimized-guarded,M_PROCESS_CURRENT_07EFB7F5,PROCESS,89,4,4,12,1,1
optimized-guarded,M_MYDOSWRITE_LIMIT_E01793D7,MYDOSWRITE,88,10,10,10,0,3
optimized-guarded,M_HEAPCORE_WRITECHUNK_D768FC26,HEAPCORE,86,8,8,8,0,1
optimized-guarded,M_CONSOLEINPUT_LOSE_42C88EE3,CONSOLEINPUT,86,4,4,4,0,1
optimized-guarded,M_FS83_FOLD_0A64C6B8,FS83,86,2,2,2,0,4
optimized-guarded,M_DOSARGS_UPPER_7F315E6C,DOSARGS,86,2,2,2,0,4
optimized-guarded,M_TASKPOLICY_PORTSERVICE_8D598BCC,TASKPOLICY,84,4,4,4,0,1
optimized-guarded,M_TASKPOLICY_IOSERVICE_1E6CF653,TASKPOLICY,84,4,4,4,0,1
optimized-guarded,M_TASKSTACKS_STACKLOWER_64542B4C,TASKSTACKS,82,8,8,8,0,1
optimized-guarded,M_TASKSTACKS_STACKUPPER_7AF4EA13,TASKSTACKS,82,8,8,8,0,1
optimized-guarded,M_FSWRITEIO_ZERO_F685105B,FSWRITEIO,82,6,6,6,0,4
optimized-guarded,M_FSBACKEND_AVAILABLE_56F19E57,FSBACKEND,80,4,4,4,0,1
optimized-guarded,M_PROGRAMAPI_INPUT_CF30B53D,PROGRAMAPI,80,4,4,8,1,1
optimized-guarded,M_PROGRAMAPI_OUTPUT_24288338,PROGRAMAPI,80,4,4,8,1,1
optimized-guarded,M_DEMO_SHELLLINE_05385AFA,DEMO,80,8,8,8,0,1
optimized-guarded,M_DEMO_SHELLDRAWBUFFER_40A1F650,DEMO,80,8,8,8,0,1
optimized-guarded,M_DEMO_SHELLSCRATCH_4CC9A4C2,DEMO,80,8,8,8,0,1
optimized-guarded,M_DEMO_SHELLTRANSFER_5E61BE6D,DEMO,80,8,8,8,0,1
optimized-guarded,M_TASKPOLICY_KEYBOARDCLAIM_2C621EDB,TASKPOLICY,78,2,2,6,1,1
optimized-guarded,M_TASKPOLICY_POINTERCLAIM_44D64EBF,TASKPOLICY,78,2,2,6,1,1
optimized-guarded,M_CONSOLEDISPLAY_POSITION_5668E3AD,CONSOLEDISPLAY,77,8,8,8,0,1
optimized-guarded,__a816_mul_u24_v2,<runtime>,76,0,0,0,0,0
optimized-guarded,M_BLOCKIO_DISCARDBUFFER_3EED9C90,BLOCKIO,75,4,4,4,0,1
optimized-guarded,M_BOOTCONFIG_STATUS_B93FBCBB,BOOTCONFIG,74,4,4,4,0,1
optimized-guarded,M_BOOTCONFIG_SYSTEMDRIVE_62E82846,BOOTCONFIG,74,4,4,4,0,1
optimized-guarded,M_TASKPOLICY_SAVEDWORD_D1C8E663,TASKPOLICY,74,8,8,8,0,1
optimized-guarded,M_TASKPOLICY_FLAGS_56B3B4FF,TASKPOLICY,74,8,8,8,0,1
optimized-guarded,M_EXECLISTS_REMOVE_2E26C2C1,EXECLISTS,73,0,0,0,0,1
optimized-guarded,M_O65READ_FAIL_6B141CC7,O65READ,73,4,4,4,0,3
optimized-guarded,M_SDFS_MAP_D6A7DDA3,SDFS,72,8,8,8,0,1
optimized-guarded,M_MYDOSFILE_CHAIN_94A5D226,MYDOSFILE,72,8,8,8,0,1
optimized-guarded,M_FSBACKEND_ENUMLIMIT_D60FC50E,FSBACKEND,72,2,2,2,0,3
optimized-guarded,M_SDFS_GETSTATE_E428DC88,SDFS,71,8,8,8,0,1
optimized-guarded,M_FSWRITEIO_STATE_A0FFD18A,FSWRITEIO,71,8,8,8,0,1
optimized-guarded,M_BOOTCONFIG_CACHEBLOCKS_B221B0CF,BOOTCONFIG,67,8,8,8,0,1
optimized-guarded,M_TASKPOLICY_RESULT_DA2077E3,TASKPOLICY,65,8,8,8,0,1
optimized-guarded,M_FSLOCKS_TRAILER_B3BA463B,FSLOCKS,64,8,8,8,0,1
optimized-guarded,M_FSLOCKS_TEXT_C72F70F3,FSLOCKS,64,8,8,8,0,1
optimized-guarded,M_FSINFO_ENUMERATIONSTATE_A9C412AA,FSINFO,64,8,8,8,0,1
optimized-guarded,__a816_div_u16_v2,<runtime>,64,0,0,0,0,0
optimized-guarded,__a816_mod_u16_v2,<runtime>,64,0,0,0,0,0
optimized-guarded,M_EXECMEMORY_VALIDOWNER_462B929A,EXECMEMORY,63,2,2,2,0,4
optimized-guarded,M_EXECLISTS_NEWLIST_B3502541,EXECLISTS,63,0,0,0,0,1
optimized-guarded,M_HEAPPOLICY_GETSTATE_9B9EAF7C,HEAPPOLICY,62,4,4,4,0,1
optimized-guarded,M_PROCESSSTATE_REGISTRY_559AFD20,PROCESSSTATE,62,4,4,4,0,1
optimized-guarded,M_TASKPOLICY_KEYBOARDBINDING_7A2395A8,TASKPOLICY,62,4,4,4,0,1
optimized-guarded,M_TASKPOLICY_POINTERBINDING_D35CECAC,TASKPOLICY,62,4,4,4,0,1
optimized-guarded,M_CONSOLEBATCH_GET_1DDD9652,CONSOLEBATCH,62,4,4,4,0,1
optimized-guarded,M_CONSOLEBITMAP_GETBINDING_4C301254,CONSOLEBITMAP,62,4,4,4,0,1
optimized-guarded,M_CONSOLEWINDOWS_REGISTRY_F9AAFFE0,CONSOLEWINDOWS,62,4,4,4,0,1
optimized-guarded,M_CONSOLECAPTURE_GETLEASE_6E44FE9A,CONSOLECAPTURE,62,4,4,4,0,1
optimized-guarded,M_CONSOLEFOREGROUND_REGISTRY_ABF9F388,CONSOLEFOREGROUND,62,4,4,4,0,1
optimized-guarded,M_CONSOLEDRIVER_GETSERVICE_BEE5E55D,CONSOLEDRIVER,62,4,4,4,0,1
optimized-guarded,M_CONSOLEDRIVER_GETINSTANCE_7919D405,CONSOLEDRIVER,62,4,4,4,0,1
optimized-guarded,M_DOSCORE_GETREGISTRY_D528A1F7,DOSCORE,62,4,4,4,0,1
optimized-guarded,M_DOSRAW_GETREGISTRY_976423CC,DOSRAW,62,4,4,4,0,1
optimized-guarded,M_SDFSDATE_LEAP_5FE3C9CD,SDFSDATE,61,2,2,2,0,1
optimized-guarded,M_TASKPOLICY_TIMEDCOUNT_C3B59E74,TASKPOLICY,60,2,2,2,0,1
optimized-guarded,M_SIODRIVER_UNAVAILABLE_B7013E26,SIODRIVER,60,2,2,2,0,1
optimized-guarded,__a816_mul_u32_v2,<runtime>,59,0,0,0,0,0
optimized-guarded,M_FSSYSTEM_SELECTED_9418F47A,FSSYSTEM,56,2,2,2,0,1
optimized-guarded,M_CONSOLEBITMAP_MASK_8BB047A7,CONSOLEBITMAP,54,6,6,6,0,1
optimized-guarded,M_EXECMEMORY_VALIDBANK_E9E0A79B,EXECMEMORY,52,2,2,2,0,3
optimized-guarded,M_TASKPOLICY_KEYBOARDRELEASE_69338836,TASKPOLICY,42,0,0,4,1,1
optimized-guarded,M_TASKPOLICY_POINTERRELEASE_E1BB47AA,TASKPOLICY,42,0,0,4,1,1
optimized-guarded,M_PROGRAMAPI_YIELD_8B32D3B0,PROGRAMAPI,42,0,0,4,1,1
optimized-guarded,__a816_mul_u16_v2,<runtime>,36,0,0,0,0,0
optimized-guarded,M_DISPLAY_STATE_1869A6F2,DISPLAY,12,0,0,0,0,1
optimized-guarded,M_DISPLAY_KIND_52F443B1,DISPLAY,12,0,0,0,0,1
optimized-guarded,M_CONSOLEBITMAP_PENDING_D6383590,CONSOLEBITMAP,12,0,0,0,0,1
optimized-guarded,M_CONSOLEDISPLAY_COMPLETIONREADY_755EF473,CONSOLEDISPLAY,12,0,0,0,0,1
optimized-guarded,M_CONSOLEBATCH_RESET_8C5BFDE1,CONSOLEBATCH,11,0,0,0,0,1
optimized-guarded,M_EXECMEMORY_INIT_F4EA07E3,EXECMEMORY,4,0,0,0,0,1
optimized-guarded,M_EXECLISTS_NEWMINLIST_A2695943,EXECLISTS,4,0,0,0,0,1
optimized-guarded,M_EXECLISTS_ISMINLISTEMPTY_6D517164,EXECLISTS,4,0,0,0,0,1
optimized-guarded,M_TASKPOLICY_WRITABLE_0565D862,TASKPOLICY,4,0,0,0,0,1
optimized-guarded,M_TASKPOLICY_IOBOUND_33A4879E,TASKPOLICY,4,0,0,0,0,1
optimized-guarded,M_TASKPOLICY_IOTEST_D46D842E,TASKPOLICY,4,0,0,0,0,1
optimized-guarded,M_CONSOLE_SCREENWIDTH_02A0531A,CONSOLE,4,0,0,0,0,1
optimized-guarded,M_CONSOLE_SCREENHEIGHT_21CB6DFB,CONSOLE,4,0,0,0,0,1
optimized-guarded,M_CONSOLE_SHOW_21D86251,CONSOLE,4,0,0,0,0,1
optimized-guarded,M_CONSOLE_HIDE_EC93B70A,CONSOLE,4,0,0,0,0,1
optimized-guarded,M_CONSOLE_FOCUS_1C4A8DCE,CONSOLE,4,0,0,0,0,1
optimized-guarded,M_BLOCKIO_FINISHSTORE_0115A3DE,BLOCKIO,4,0,0,0,0,1
optimized-guarded,M_FSBACKEND_CREATEWORK_8A6F92A5,FSBACKEND,4,0,0,0,0,1
optimized-guarded,M_DOSCALLS_PIPE_54310E12,DOSCALLS,4,0,0,0,0,1
optimized-guarded,M_DOSCALLS_BEGINFOREGROUND_8F2474EA,DOSCALLS,4,0,0,0,0,1
optimized-guarded,M_DOSCALLS_ENDFOREGROUND_13E30672,DOSCALLS,4,0,0,0,0,1
optimized-guarded,M_DOSCALLS_BREAKPENDING_369675D8,DOSCALLS,4,0,0,0,0,1
optimized-guarded,M_DOSCALLS_CLEARBREAK_3FA5821C,DOSCALLS,4,0,0,0,0,1
optimized-guarded,M_DOS_ASSIGNPATH_070E31B9,DOS,4,0,0,0,0,1
optimized-guarded,M_DOS_GETASSIGN_06EFA68A,DOS,4,0,0,0,0,1
optimized-guarded,M_DOS_SETCONSOLEHISTORY_1C523BD8,DOS,4,0,0,0,0,1
optimized-guarded,M_DOS_FLUSH_47C61517,DOS,4,0,0,0,0,1
optimized-guarded,M_DOS_CREATEDIR_239F3D94,DOS,4,0,0,0,0,1
optimized-guarded,M_DOS_DELETEFILE_4D32A614,DOS,4,0,0,0,0,1
optimized-guarded,M_DOS_RENAME_F915C271,DOS,4,0,0,0,0,1
optimized-guarded,M_DOS_OPEN_87DAE823,DOS,4,0,0,0,0,1
optimized-guarded,M_DOS_READ_BCD2228F,DOS,4,0,0,0,0,1
optimized-guarded,M_DOS_WRITE_BE4FDE64,DOS,4,0,0,0,0,1
optimized-guarded,M_DOS_SEEK_DE9F46FB,DOS,4,0,0,0,0,1
optimized-guarded,M_DOS_CLOSE_4C224801,DOS,4,0,0,0,0,1
optimized-guarded,M_DOS_SETIOERR_7AEF42E2,DOS,4,0,0,0,0,1
optimized-guarded,M_DOS_IOERR_E649FF90,DOS,4,0,0,0,0,1
optimized-guarded,M_DOS_RELEASECONTEXT_9DB9F883,DOS,4,0,0,0,0,1
optimized-guarded,M_DOS_LOCK_4DEC517E,DOS,4,0,0,0,0,1
optimized-guarded,M_DOS_UNLOCK_74209499,DOS,4,0,0,0,0,1
optimized-guarded,M_DOS_ISINTERACTIVE_FD05AE49,DOS,4,0,0,0,0,1
optimized-guarded,M_DOS_CURRENTDIR_764577CB,DOS,4,0,0,0,0,1
optimized-guarded,M_DOS_NAMEFROMLOCK_8794AD67,DOS,4,0,0,0,0,1
optimized-guarded,M_DOS_BEGINFOREGROUND_987C8D99,DOS,4,0,0,0,0,1
optimized-guarded,M_DOS_ENDFOREGROUND_8BF477E5,DOS,4,0,0,0,0,1
optimized-guarded,M_DOS_BREAKPENDING_07C42681,DOS,4,0,0,0,0,1
optimized-guarded,M_DOS_CLEARBREAK_6F85C46D,DOS,4,0,0,0,0,1
optimized-guarded,M_DOS_PIPE_1D28B7D3,DOS,4,0,0,0,0,1
optimized-guarded,M_DOS_OPENCONSOLE_2100231A,DOS,4,0,0,0,0,1
optimized-guarded,M_DOS_CONSOLEINFO_BA8927CE,DOS,4,0,0,0,0,1
optimized-guarded,M_DOS_FAULT_8C83808D,DOS,4,0,0,0,0,1
optimized-guarded,M_DOS_PRINTFAULT_C841DC04,DOS,4,0,0,0,0,1
optimized-guarded,M_PROGRAMAPI_ASSIGNPATH_70177325,PROGRAMAPI,4,0,0,0,0,1
optimized-guarded,M_PROGRAMAPI_GETASSIGN_8DA1FFAE,PROGRAMAPI,4,0,0,0,0,1
optimized-guarded,M_PROGRAMAPI_OPEN_8638DB5F,PROGRAMAPI,4,0,0,0,0,1
optimized-guarded,M_PROGRAMAPI_READ_3155DB03,PROGRAMAPI,4,0,0,0,0,1
optimized-guarded,M_PROGRAMAPI_WRITE_84FB7088,PROGRAMAPI,4,0,0,0,0,1
optimized-guarded,M_PROGRAMAPI_SEEK_31854D3F,PROGRAMAPI,4,0,0,0,0,1
optimized-guarded,M_PROGRAMAPI_CLOSE_24FF6A65,PROGRAMAPI,4,0,0,0,0,1
optimized-guarded,M_PROGRAMAPI_FLUSH_DB8CCFBB,PROGRAMAPI,4,0,0,0,0,1
optimized-guarded,M_PROGRAMAPI_CREATEDIR_28E82C70,PROGRAMAPI,4,0,0,0,0,1
optimized-guarded,M_PROGRAMAPI_DELETEFILE_1B5DE7B0,PROGRAMAPI,4,0,0,0,0,1
optimized-guarded,M_PROGRAMAPI_RENAME_C087BEE5,PROGRAMAPI,4,0,0,0,0,1
optimized-guarded,M_PROGRAMAPI_IOERR_5170B12C,PROGRAMAPI,4,0,0,0,0,1
optimized-guarded,M_PROGRAMAPI_GETARGSTR_01F4859C,PROGRAMAPI,4,0,0,0,0,1
optimized-guarded,M_PROGRAMAPI_SETIOERR_D3F44706,PROGRAMAPI,4,0,0,0,0,1
optimized-guarded,M_PROGRAMAPI_BREAKPENDING_F12A3675,PROGRAMAPI,4,0,0,0,0,1
optimized-guarded,M_PROGRAMAPI_WRITEALL_2F9D9EC1,PROGRAMAPI,4,0,0,0,0,1
optimized-guarded,M_PROGRAMAPI_READERINIT_0B3A5F6A,PROGRAMAPI,4,0,0,0,0,1
optimized-guarded,M_PROGRAMAPI_READBYTE_268CDC31,PROGRAMAPI,4,0,0,0,0,1
optimized-guarded,M_PROGRAMAPI_READLINE_D25FAB11,PROGRAMAPI,4,0,0,0,0,1
optimized-guarded,M_PROGRAMAPI_LOCK_D0030F12,PROGRAMAPI,4,0,0,0,0,1
optimized-guarded,M_PROGRAMAPI_UNLOCK_3CF9C02D,PROGRAMAPI,4,0,0,0,0,1
optimized-guarded,M_PROGRAMAPI_ISINTERACTIVE_056AF905,PROGRAMAPI,4,0,0,0,0,1
optimized-guarded,M_PROGRAMAPI_OPENCONSOLE_E4ECC506,PROGRAMAPI,4,0,0,0,0,1
optimized-guarded,M_PROGRAMAPI_CONSOLEINFO_2608391A,PROGRAMAPI,4,0,0,0,0,1
optimized-guarded,M_PROGRAMAPI_FAULT_DA8736E9,PROGRAMAPI,4,0,0,0,0,1
optimized-guarded,M_PROGRAMAPI_PRINTFAULT_2BBE94D8,PROGRAMAPI,4,0,0,0,0,1
optimized-guarded,M_PROGRAM_UNLOAD_C8BC2432,PROGRAM,4,0,0,0,0,1
raw-guarded,M_PIPELINE_RUN_E96AA47C,PIPELINE,5287,46,12,60,43,71
raw-guarded,M_CONSOLEDRIVER_WORKER_589B3ABC,CONSOLEDRIVER,4601,54,14,68,64,64
raw-guarded,M_O65RELOCATIONS_WALK_0850572F,O65RELOCATIONS,4462,72,20,88,20,84
raw-guarded,M_DEMO_SHELLPARSE_A0346EB9,DEMO,4398,38,12,46,7,127
raw-guarded,M_DOSPIPE_TRANSFER_59D539F6,DOSPIPE,3699,62,18,74,25,57
raw-guarded,M_DEMO_SHELLBOOTSTART_83789768,DEMO,3653,16,12,28,39,23
raw-guarded,M_DOSARGS_DECODE_CCDE93B6,DOSARGS,3613,46,16,64,7,83
raw-guarded,M_DOSCALLS_ASSIGNPATH_80851264,DOSCALLS,3533,46,14,60,23,54
raw-guarded,M_O65WIRE_HEADER_58EA710F,O65WIRE,3444,42,20,58,24,56
raw-guarded,M_FSHANDLER_OPENRESULTSTEP_0C25E5DB,FSHANDLER,3365,30,16,42,26,43
raw-guarded,M_DEMO_SHELLDISPATCH_61C1EC5C,DEMO,3182,20,16,34,44,48
raw-guarded,M_DEMO_SHELLFINISH_96C56219,DEMO,3063,24,12,36,34,31
raw-guarded,M_PROGRAMPROVIDERS_RESOLVE_0AD38ACF,PROGRAMPROVIDERS,2949,68,18,84,15,44
raw-guarded,M_FSDIRECTORY_SELECT_4CD1EDE7,FSDIRECTORY,2922,24,16,36,19,30
raw-guarded,M_SDFSWRITE_CREATE_5E5E06BC,SDFSWRITE,2845,32,14,46,19,41
raw-guarded,M_FSHANDLER_FILE_3A9A315C,FSHANDLER,2659,28,16,40,15,24
raw-guarded,M_DEMO_SHELLPATHUPDATE_51351508,DEMO,2617,26,16,40,28,31
raw-guarded,M_PROGRAMFILE_LOAD_6B2BC763,PROGRAMFILE,2582,48,18,64,18,44
raw-guarded,M_TASKPOLICY_PRODUCERCONTROL_52F9499B,TASKPOLICY,2516,32,14,42,20,55
raw-guarded,M_CONSOLE_CREATE_AA57C2F6,CONSOLE,2455,44,16,62,26,36
raw-guarded,M_FSWORKER_WORKER_2BB473B0,FSWORKER,2432,44,20,56,25,37
raw-guarded,M_DEMO_DEMOSTART_FC398735,DEMO,2431,24,14,36,21,28
raw-guarded,M_MYDOSWRITE_WRITE_992B7BC3,MYDOSWRITE,2406,42,14,54,18,39
raw-guarded,M_DEMO_SHELLREADSTEP_67245C10,DEMO,2399,32,16,46,18,29
raw-guarded,M_SDFSWRITE_VALIDATE_3C808422,SDFSWRITE,2393,46,14,58,21,45
raw-guarded,M_DOSCALLS_NAMESPACE_643E89B3,DOSCALLS,2382,60,16,78,21,31
raw-guarded,M_CONSOLEDISPLAY_CELLS_40A0DF53,CONSOLEDISPLAY,2364,42,16,60,8,33
raw-guarded,M_FSNAMESPACE_RESOLVED_0E070C27,FSNAMESPACE,2347,24,16,36,18,23
raw-guarded,M_CONSOLEDRIVER_WRITEQUANTUM_3CD4DB9C,CONSOLEDRIVER,2320,34,14,48,18,50
raw-guarded,M_DOSCOOKED_ACQUIRELINE_772F100E,DOSCOOKED,2312,20,12,34,21,31
raw-guarded,M_FSRELATIVE_BEGIN_CB9D8F8D,FSRELATIVE,2287,30,12,42,13,31
raw-guarded,M_FSHANDLER_DISPATCHSTEP_D149BF3A,FSHANDLER,2281,20,12,32,14,38
raw-guarded,M_SDFSFILE_MEASURE_B257955B,SDFSFILE,2277,38,16,50,11,31
raw-guarded,M_INPUT_POINTERREAD_16C85D8C,INPUT,2211,72,20,88,7,36
raw-guarded,M_DOSFAULT_FORMAT_76BA9D40,DOSFAULT,2203,44,16,58,9,34
raw-guarded,M_SDFSFILE_DRIVE_59FB4F1B,SDFSFILE,2156,36,18,48,13,21
raw-guarded,M_PROCESS_STARTINTERNAL_08C34541,PROCESS,2112,42,16,54,18,37
raw-guarded,M_DEMO_SHELLDIR_42E4EEF3,DEMO,2110,36,12,48,23,23
raw-guarded,M_DEMO_SHELLALIASCOMMAND_96FDFCD5,DEMO,2100,26,14,38,15,45
raw-guarded,M_COOKEDLINE_FEED_E5727982,COOKEDLINE,2087,22,16,34,9,70
raw-guarded,M_FSABORT_CHECKPOINT_5DD0EDAE,FSABORT,2077,20,12,32,5,32
raw-guarded,M_DEMO_SHELLREDIRECT_189A437C,DEMO,2049,22,16,34,17,20
raw-guarded,M_TASKPOLICY_CREATE_EE96600A,TASKPOLICY,2011,38,14,54,10,24
raw-guarded,M_DOSCLIENT_CALL_35DB3B22,DOSCLIENT,1979,38,14,54,12,35
raw-guarded,M_DEMO_SHELLTYPE_1AFF6CB6,DEMO,1962,42,16,56,19,27
raw-guarded,M_DOSFAULT_MESSAGE_9D326B2A,DOSFAULT,1960,6,6,6,0,80
raw-guarded,M_DOSCALLS_WRITE_8E98A1A7,DOSCALLS,1945,38,12,56,16,25
raw-guarded,M_INPUT_ACQUIRE_69C538CF,INPUT,1932,36,14,50,17,29
raw-guarded,M_CONSOLEDRIVER_INITIALIZE_D6CB2592,CONSOLEDRIVER,1894,38,16,56,19,24
raw-guarded,M_DOSRAW_ACQUIRE_CC49A145,DOSRAW,1891,30,16,50,22,19
raw-guarded,M_DEMO_SHELLMOUNTS_AF3EE75C,DEMO,1872,22,10,32,19,23
raw-guarded,M_TASKPOLICY_REQUESTVALID_195CAC51,TASKPOLICY,1864,8,8,16,21,49
raw-guarded,M_CONSOLETILING_SHOW_26065EE8,CONSOLETILING,1864,36,10,48,16,28
raw-guarded,M_DOSARGS_DESCRIBE_D600A84B,DOSARGS,1858,24,10,42,5,58
raw-guarded,M_FSALLOC_FIND_C860CAEC,FSALLOC,1842,42,18,54,9,38
raw-guarded,M_DEMO_DEMOCOMPUTE_108F568E,DEMO,1840,34,16,48,13,36
raw-guarded,M_COOKEDLINE_RENDER_D6B4258E,COOKEDLINE,1819,30,14,30,0,44
raw-guarded,M_TASKPOLICY_INIT_57A5FAC8,TASKPOLICY,1809,24,10,34,19,8
raw-guarded,M_SDFSWRITE_LOCATE_55E19A5E,SDFSWRITE,1809,38,14,50,14,29
raw-guarded,M_DEMO_SHELLLOADCOMMAND_919DB943,DEMO,1796,36,12,48,19,25
raw-guarded,M_DEMO_SHELLDIAGNOSTIC_90251983,DEMO,1789,40,20,56,11,15
raw-guarded,M_CONSOLEDISPLAY_EDIT_379C99EA,CONSOLEDISPLAY,1748,26,16,38,14,29
raw-guarded,M_SDFS_HEADER_D37EFF70,SDFS,1741,36,14,48,8,31
raw-guarded,M_DOSCALLS_EXPAND_EA5329A2,DOSCALLS,1735,38,14,50,9,41
raw-guarded,M_DEMO_SHELLALIASREPLACE_D1C41638,DEMO,1734,36,12,48,10,28
raw-guarded,M_CONSOLEDISPLAY_ADVANCE_74F2C1A4,CONSOLEDISPLAY,1728,20,12,34,10,31
raw-guarded,M_SDFSDIR_DECODE_445A4286,SDFSDIR,1728,22,16,34,12,27
raw-guarded,M_DEMO_SHELLPIPELINE_3089A788,DEMO,1716,68,18,90,12,13
raw-guarded,M_MYDOSWRITE_CREATE_CDAAF016,MYDOSWRITE,1713,28,14,40,9,23
raw-guarded,M_SDFSWRITE_WRITE_40A16F7D,SDFSWRITE,1713,40,20,54,14,23
raw-guarded,M_TASKPOLICY_PROCESSCHANGE_3BBD0041,TASKPOLICY,1707,18,8,30,12,59
raw-guarded,M_DEMO_SHELLMEM_AF895CA1,DEMO,1671,12,12,24,28,1
raw-guarded,M_DEMO_SHELLTASKS_EC8AA98C,DEMO,1647,20,10,32,14,14
raw-guarded,M_INPUT_TAKE_28320780,INPUT,1642,32,14,44,12,21
raw-guarded,M_TASKPOLICY_PROCESSRESERVE_23A33DDB,TASKPOLICY,1616,22,12,28,10,22
raw-guarded,M_DOSCALLS_READ_BEE8BE36,DOSCALLS,1595,38,12,56,13,20
raw-guarded,M_PROGRAM_LOAD_3AF1DE19,PROGRAM,1588,30,16,44,15,15
raw-guarded,M_DOSCOOKED_READLOCKED_B41BFB52,DOSCOOKED,1587,30,12,48,12,17
raw-guarded,M_FSINIT_CONFIG_A7C873FA,FSINIT,1579,30,16,50,9,31
raw-guarded,M_CONSOLEDISPLAY_CLAIM_0FF5CDD8,CONSOLEDISPLAY,1578,14,10,26,10,18
raw-guarded,M_CONSOLE_DESTROY_8B3B48E8,CONSOLE,1571,22,10,30,24,17
raw-guarded,M_FSALLOC_CHANGE_B0E87AF9,FSALLOC,1566,28,14,40,10,24
raw-guarded,M_MYDOSWRITE_READPAYLOAD_AC32DCA4,MYDOSWRITE,1565,30,18,42,12,26
raw-guarded,M_DOSBREAK_BEGIN_A70D4CB3,DOSBREAK,1561,26,8,36,17,26
raw-guarded,M_DOSCLIENT_RELEASECONTEXT_90CB2A06,DOSCLIENT,1555,14,8,26,7,28
raw-guarded,M_DOSPIPE_CREATE_3311B233,DOSPIPE,1544,30,14,42,13,15
raw-guarded,M_FSWRITE_BEGIN_06B2C6FE,FSWRITE,1507,26,18,38,6,13
raw-guarded,M_FSWRITE_WRITESTEP_AD20D8EE,FSWRITE,1503,30,16,48,4,16
raw-guarded,M_DOSPROCESS_CLEANUP_CE292B9A,DOSPROCESS,1483,28,10,38,11,40
raw-guarded,M_DEMO_SHELLUNREDIRECT_A96C796F,DEMO,1478,14,10,26,10,22
raw-guarded,M_TASKPOLICY_ROUTE_3006B749,TASKPOLICY,1470,12,12,22,19,37
raw-guarded,M_DOSRAW_PREPARE_F51F1B68,DOSRAW,1469,18,12,30,11,20
raw-guarded,M_CONSOLEDRIVER_ADMITWORKER_8B81C455,CONSOLEDRIVER,1464,22,12,34,13,15
raw-guarded,M_FSWRITEIO_READ_66641E67,FSWRITEIO,1463,26,20,44,13,12
raw-guarded,M_DEMO_SHELLOPEN_309B1844,DEMO,1460,14,14,26,14,9
raw-guarded,M_DOSINHERIT_DISCARD_44133C6A,DOSINHERIT,1454,30,10,42,12,28
raw-guarded,M_INPUT_CHECKCONFIG_58BFFC0D,INPUT,1444,10,10,20,3,45
raw-guarded,M_FSINSPECT_SNAPSHOT_873CF8A6,FSINSPECT,1444,22,8,26,3,26
raw-guarded,M_FSWRITE_DELETE_68B67BAA,FSWRITE,1418,14,8,26,13,30
raw-guarded,M_TASKPOLICY_DISPATCH_2D7B283C,TASKPOLICY,1417,22,12,34,17,21
raw-guarded,M_DOSUTILITY_READBYTE_60ED3FBB,DOSUTILITY,1410,26,16,40,8,17
raw-guarded,M_SDFSWRITE_ROWIO_EF8D2430,SDFSWRITE,1406,38,20,52,10,21
raw-guarded,M_DOSCALLS_OPEN_390423B6,DOSCALLS,1404,40,20,60,14,23
raw-guarded,M_CONSOLEFOREGROUND_HANDOFF_CB9B2D39,CONSOLEFOREGROUND,1402,34,14,46,7,19
raw-guarded,M_SDFSWRITE_GROW_073A6F69,SDFSWRITE,1400,24,10,36,14,15
raw-guarded,M_DEMO_SHELLCHANGE_9A7AB49E,DEMO,1396,26,10,38,16,13
raw-guarded,M_DEMO_SHELLPATH_505E8FAB,DEMO,1384,16,12,28,15,18
raw-guarded,M_FSNAMES_STREAM_12DD2A4A,FSNAMES,1383,6,6,10,16,25
raw-guarded,M_CONSOLEDISPLAY_BITMAPCOMPLETE_8FE2FF3C,CONSOLEDISPLAY,1372,32,16,44,6,25
raw-guarded,M_DEMO_DEMOFINISH_E4DD1D06,DEMO,1363,30,12,42,8,33
raw-guarded,M_DOSCALLS_ACQUIRE_C423433E,DOSCALLS,1357,36,12,54,9,23
raw-guarded,M_TASKPOLICY_PROCESSLAUNCH_8314A6C0,TASKPOLICY,1344,20,14,36,6,20
raw-guarded,M_SIODRIVER_WORKER_374ADF8C,SIODRIVER,1339,26,10,40,20,13
raw-guarded,M_TASKPOLICY_ADD_A5E7C92B,TASKPOLICY,1334,28,8,44,18,17
raw-guarded,M_PROGRAMPLACE_ALLOCATE_8CF1E5BF,PROGRAMPLACE,1325,22,16,38,5,19
raw-guarded,M_DOSCOMMAND_SHOWTEMPLATE_03EA47A3,DOSCOMMAND,1321,24,16,38,13,20
raw-guarded,M_TASKPOLICY_REMOVETASK_35F29A21,TASKPOLICY,1305,18,8,28,14,20
raw-guarded,M_DEMO_SHELLCOMMAND_F85F9F19,DEMO,1273,12,12,24,14,21
raw-guarded,M_CONSOLECORE_FEEDINTO_F0C48569,CONSOLECORE,1263,26,12,40,6,35
raw-guarded,M_SDFSDATE_DECODE_E4AFE2B3,SDFSDATE,1252,28,16,40,5,21
raw-guarded,M_SIODRIVER_ADMITWORKER_05019805,SIODRIVER,1248,24,12,36,7,15
raw-guarded,M_O65PROFILE_IMPORTS_FC0170BC,O65PROFILE,1243,22,12,36,9,18
raw-guarded,M_SDFS_VALIDATEMAP_D7214A91,SDFS,1234,26,12,38,8,25
raw-guarded,M_FSINIT_CLEANUP_26675F9E,FSINIT,1210,12,8,24,12,18
raw-guarded,M_FSPACKET_IDENTITY_6B3677B2,FSPACKET,1194,16,12,24,5,13
raw-guarded,M_INPUT_RELEASE_78D4EBB0,INPUT,1190,22,8,36,13,15
raw-guarded,M_DOSCALLS_SEEK_17FC33E6,DOSCALLS,1187,32,12,50,9,14
raw-guarded,M_O65WIRE_EXPORTS_13C8B799,O65WIRE,1178,28,12,40,10,21
raw-guarded,M_HEAPPOLICY_START_1455FA91,HEAPPOLICY,1174,30,12,40,9,36
raw-guarded,M_FSHANDLER_RESOLVEFAILURE_E91D28D8,FSHANDLER,1169,18,12,30,3,14
raw-guarded,M_SDFSWRITE_SLOT_E3DFD014,SDFSWRITE,1163,30,16,44,8,17
raw-guarded,M_CONSOLEDISPLAY_PRESENT_E192ED9F,CONSOLEDISPLAY,1152,14,10,24,13,28
raw-guarded,M_MYDOSFILE_BEGINREAD_56DCAA56,MYDOSFILE,1151,18,14,30,10,14
raw-guarded,M_DOSPROCESS_SNAPSHOT_8415B6DE,DOSPROCESS,1147,12,12,22,4,22
raw-guarded,M_DEMO_SHELLCLASSIFY_4EDF64CA,DEMO,1143,2,2,12,14,29
raw-guarded,M_TASKINSPECT_SNAPSHOT_72A67CF0,TASKINSPECT,1142,32,12,36,2,19
raw-guarded,M_MYDOS_EXTENT_5BCD29B5,MYDOS,1139,32,18,32,0,13
raw-guarded,M_FSRELATIVE_PARENTRESULT_7CE6B959,FSRELATIVE,1137,16,12,28,7,17
raw-guarded,M_DOSINHERIT_FINALIZEDETACHED_E855A6F0,DOSINHERIT,1137,22,12,40,10,10
raw-guarded,M_DISPLAY_ACQUIRE_D4F205A1,DISPLAY,1136,10,10,20,8,21
raw-guarded,M_TASKPOLICY_IOREQUESTCALL_7ACD78BD,TASKPOLICY,1134,18,12,32,9,28
raw-guarded,M_DOSPROCESS_PREPARE_AF74B007,DOSPROCESS,1121,24,8,40,10,24
raw-guarded,M_TASKPOLICY_MEMORYCALL_E7816C43,TASKPOLICY,1120,32,16,44,12,18
raw-guarded,M_DOSPROCESS_ADOPT_5B5DBE18,DOSPROCESS,1110,14,8,26,9,10
raw-guarded,M_DOSCALLS_CLOSE_97169B3A,DOSCALLS,1092,38,12,56,11,17
raw-guarded,M_SIODRIVER_START_4928F5B4,SIODRIVER,1088,42,10,52,11,18
raw-guarded,M_FSBOOT_STOP_AD5246E2,FSBOOT,1086,30,8,42,9,24
raw-guarded,M_FSINIT_ALLOCATEMOUNT_EF481898,FSINIT,1085,26,16,38,6,7
raw-guarded,M_DEMO_SHELLEXTERNAL_6FFCDB1B,DEMO,1084,42,12,54,11,7
raw-guarded,M_SIODRIVER_STOP_B26AF28A,SIODRIVER,1083,42,10,54,12,14
raw-guarded,M_SIODRIVER_RUNREQUEST_4500BA50,SIODRIVER,1083,30,10,38,14,16
raw-guarded,M_DOSINHERIT_STREAM_24BB16AC,DOSINHERIT,1080,30,14,42,11,15
raw-guarded,M_DOSCOMMAND_READARGSORHELP_AC23446B,DOSCOMMAND,1078,16,10,38,8,20
raw-guarded,M_CONSOLETILING_LOCK_D1C61C32,CONSOLETILING,1069,22,8,32,10,23
raw-guarded,M_SIODRIVER_HARDWAREINIT_3568BDA6,SIODRIVER,1065,16,12,30,16,17
raw-guarded,M_BLOCKWIRE_EXCHANGE_9F443072,BLOCKWIRE,1064,36,14,44,7,21
raw-guarded,M_COOKEDLINE_RECALL_089A5861,COOKEDLINE,1060,26,16,38,4,22
raw-guarded,M_DOSCALLS_NAMEFROMLOCK_92457C4A,DOSCALLS,1060,28,10,40,8,17
raw-guarded,M_O65_DESCRIPTOR_41119D04,O65,1057,26,18,36,8,11
raw-guarded,M_SIODRIVER_SIOVALIDATE_7D355271,SIODRIVER,1052,14,10,26,2,32
raw-guarded,M_TASKPOLICY_LIFETIMECALL_A2B2E727,TASKPOLICY,1051,26,10,38,8,20
raw-guarded,M_SDFSDIR_BEGINENTRY_4CCF1AF9,SDFSDIR,1051,22,14,34,6,14
raw-guarded,M_CONSOLEDRIVER_START_3E6AAC44,CONSOLEDRIVER,1049,38,6,48,11,18
raw-guarded,M_O65_VALIDATE_31EC2383,O65,1047,20,14,28,11,18
raw-guarded,M_BLOCKIO_BEGINSTORE_D38E59E4,BLOCKIO,1044,22,16,40,5,11
raw-guarded,M_MYDOSFILE_OPEN_0FD3469F,MYDOSFILE,1041,16,14,28,3,18
raw-guarded,M_CONSOLEINPUT_PUMP_600356CC,CONSOLEINPUT,1038,34,18,46,8,20
raw-guarded,M_BLOCKCACHE_STOREPART_C61D91FE,BLOCKCACHE,1026,24,14,40,4,11
raw-guarded,M_FSOPERATION_PUMP_B18C8A95,FSOPERATION,1018,18,10,24,8,18
raw-guarded,M_SDFSFILE_BEGINREAD_A4D537D8,SDFSFILE,1016,18,18,30,6,14
raw-guarded,M_CONSOLEINPUT_DECODE_A428056C,CONSOLEINPUT,1011,26,14,26,0,39
raw-guarded,M_SDFSFILE_OPEN_2046DF25,SDFSFILE,1010,14,12,26,3,18
raw-guarded,M_CONSOLEDRIVER_FREESTORAGE_02676B4B,CONSOLEDRIVER,1009,22,12,34,11,7
raw-guarded,M_BLOCKIO_CREATE_DF5BA086,BLOCKIO,1009,20,16,32,9,9
raw-guarded,M_COOKEDLINE_REMEMBER_E39B9025,COOKEDLINE,1007,28,12,40,3,31
raw-guarded,M_FSALLOC_BITMAP_55D4E3AC,FSALLOC,1005,32,16,44,6,7
raw-guarded,M_CONSOLEDRIVER_OPEN_434F52B0,CONSOLEDRIVER,1004,20,10,30,7,20
raw-guarded,M_FSINIT_WORKSPACE_ED5E2107,FSINIT,1002,24,16,36,5,15
raw-guarded,M_MYDOS_VALIDATEBASE_0A85139C,MYDOS,1001,34,18,44,1,27
raw-guarded,M_CONSOLEDISPLAY_BITMAPEDIT_EF95A6DB,CONSOLEDISPLAY,1000,16,10,26,7,23
raw-guarded,M_FSWRITEIO_WRITE_4F85FADC,FSWRITEIO,995,26,20,44,9,7
raw-guarded,M_DOSUTILITY_WRITEALL_BCEF29C3,DOSUTILITY,994,32,18,46,7,14
raw-guarded,M_CONSOLEDRIVER_ARRIVAL_EC6B7DA9,CONSOLEDRIVER,983,20,10,30,10,21
raw-guarded,M_DEMO_SHELLDEVICES_F77A45DF,DEMO,982,22,10,32,8,25
raw-guarded,M_BLOCKCACHE_READ_6E9EB2D8,BLOCKCACHE,979,22,16,38,8,14
raw-guarded,M_DOSINHERIT_CLONELOCK_889C592A,DOSINHERIT,976,18,12,30,13,7
raw-guarded,M_TASKPOLICY_IOCALL_78031962,TASKPOLICY,970,24,12,38,9,20
raw-guarded,M_SDFSWRITE_RECLAIM_B35C64A9,SDFSWRITE,962,32,12,44,7,24
raw-guarded,M_CONSOLEDISPLAY_CURSOR_3EC7579C,CONSOLEDISPLAY,957,18,14,32,5,14
raw-guarded,M_FSWRITE_OPEN_799F737F,FSWRITE,956,16,12,28,8,23
raw-guarded,M_CONSOLECONTROL_SUBMIT_2C979A45,CONSOLECONTROL,951,22,8,34,10,14
raw-guarded,M_CSTRING_IMPL_U32TOA_D9A955C5,CSTRING,951,34,16,34,0,20
raw-guarded,M_DOSRAW_COMPLETE_0FD428DA,DOSRAW,950,30,10,40,3,22
raw-guarded,M_CONSOLEFOREGROUND_RECLAIM_59B58C70,CONSOLEFOREGROUND,948,18,12,30,3,16
raw-guarded,M_SDFSDIR_MEASURE_2E677570,SDFSDIR,938,14,10,26,7,15
raw-guarded,M_HEAPPOLICY_FREEVECTOR_698EC5DE,HEAPPOLICY,933,34,18,48,8,15
raw-guarded,M_DOSCALLS_CONSOLEINFO_6FF559CD,DOSCALLS,932,34,14,46,8,12
raw-guarded,M_DOSPROCESS_PREPAREGROUP_5B2830CC,DOSPROCESS,928,22,6,38,12,12
raw-guarded,M_DEMO_SHELLBOOTSIO_CB000C63,DEMO,927,28,16,48,11,9
raw-guarded,M_FSINIT_MOUNTEDSTEP_D00F6B02,FSINIT,924,16,12,22,7,10
raw-guarded,M_DOSRAW_RELEASEENDPOINT_3E946265,DOSRAW,922,14,8,26,12,8
raw-guarded,M_BLOCKCACHE_CREATE_BA82E51A,BLOCKCACHE,919,24,16,36,6,8
raw-guarded,M_SDFSFILE_CONSUME_19CF3939,SDFSFILE,919,30,14,36,1,12
raw-guarded,M_FSHANDLER_TAKESTEP_E4E18A11,FSHANDLER,919,18,8,28,6,11
raw-guarded,M_FSINIT_DESTROYMOUNT_00D5D10B,FSINIT,917,8,8,20,10,13
raw-guarded,M_FSLOCKS_APPEND_3EC68462,FSLOCKS,907,12,10,20,4,25
raw-guarded,M_DOSCOOKED_WIRE_7D812E8B,DOSCOOKED,906,22,10,32,2,20
raw-guarded,M_SDFSWRITE_EMPTY_E038B2BB,SDFSWRITE,906,26,14,40,7,14
raw-guarded,M_HEAPPOLICY_AVAIL_22774B2C,HEAPPOLICY,904,34,14,46,6,19
raw-guarded,M_HEAPCORE_LARGEST_AA9886E8,HEAPCORE,901,42,18,54,4,19
raw-guarded,M_MYDOSFILE_TARGET_3D0FAE04,MYDOSFILE,898,14,14,26,6,12
raw-guarded,M_DOSUTILITY_READLINE_B96FCD33,DOSUTILITY,898,20,12,28,2,20
raw-guarded,M_CONSOLEDISPLAY_RELEASE_C2AC22C5,CONSOLEDISPLAY,896,12,12,24,8,9
raw-guarded,M_FSINIT_ARRIVAL_302FF83F,FSINIT,895,22,18,26,4,5
raw-guarded,M_TASKPOLICY_MASKS_49833CE1,TASKPOLICY,894,34,14,50,7,15
raw-guarded,M_SDFSDIR_HEADER_A6C13D37,SDFSDIR,891,22,14,34,7,6
raw-guarded,M_DOSCALLS_GETASSIGN_704BF595,DOSCALLS,882,30,12,42,5,16
raw-guarded,M_MYDOSWRITE_ENTRYIO_ACBE3032,MYDOSWRITE,880,24,16,36,5,5
raw-guarded,M_CONSOLEDRIVER_BATCHWRITE_60F6B557,CONSOLEDRIVER,879,26,14,38,5,16
raw-guarded,M_DOSCOOKED_CANCELLINE_F449849C,DOSCOOKED,878,28,12,42,5,5
raw-guarded,M_FSMOUNT_SELECTSTEP_8E807607,FSMOUNT,875,28,12,40,5,6
raw-guarded,M_DOSCALLS_DESTINATION_E6EBC832,DOSCALLS,875,10,8,20,8,19
raw-guarded,M_FSWRITE_NORMALIZE_5C686BA8,FSWRITE,874,22,14,34,5,15
raw-guarded,M_CONSOLEFOREGROUND_END_65D34F46,CONSOLEFOREGROUND,867,28,14,40,6,12
raw-guarded,M_DOSCALLS_FLUSH_D2ADBAEC,DOSCALLS,865,32,12,50,7,14
raw-guarded,M_CONSOLEFOREGROUND_ALLOCATE_F1C749CC,CONSOLEFOREGROUND,863,24,16,36,4,10
raw-guarded,M_BLOCKIO_BEGINFETCH_6B9D7F07,BLOCKIO,862,20,16,38,6,7
raw-guarded,M_IOCORE_SUBMIT_5D7CB97A,IOCORE,858,26,14,34,8,20
raw-guarded,M_DEMO_SHELLWRITE_F024753B,DEMO,857,22,12,36,5,17
raw-guarded,M_INPUT_REFERENCED_138D8154,INPUT,855,24,16,30,1,22
raw-guarded,M_TASKPOLICY_LEASESTORAGE_C3092E33,TASKPOLICY,850,24,16,34,4,11
raw-guarded,M_SDFSDIR_BUFFEREDENTRY_374F4FF7,SDFSDIR,850,24,14,36,7,15
raw-guarded,M_TASKPOLICY_IOOPEN_15F8E966,TASKPOLICY,848,16,12,26,8,11
raw-guarded,M_INPUT_CREATEROUTE_F78B5B60,INPUT,846,20,16,26,6,12
raw-guarded,M_CONSOLEDRIVER_BEGINIO_76358745,CONSOLEDRIVER,842,20,10,30,7,13
raw-guarded,M_TASKPOLICY_IOENQUEUE_EC975914,TASKPOLICY,841,24,18,36,5,10
raw-guarded,M_FS83_COMPONENT_3DA5FCEA,FS83,841,12,8,18,2,29
raw-guarded,M_CSTRING_IMPL_STRLCAT_C4908C8C,CSTRING,839,22,8,22,0,19
raw-guarded,M_CONSOLEFOREGROUND_BEGIN_4DD9FFD0,CONSOLEFOREGROUND,836,30,14,42,6,12
raw-guarded,M_CONSOLEDISPLAY_ERASE_7308FAA4,CONSOLEDISPLAY,835,20,16,34,6,18
raw-guarded,M_CONSOLETILING_HIDELOCKED_54ED13CF,CONSOLETILING,834,24,14,32,5,14
raw-guarded,M_FSNAMES_PATH_CFBF830F,FSNAMES,833,30,10,38,2,30
raw-guarded,M_SDFSWRITE_SPACE_ED9B8102,SDFSWRITE,832,30,14,44,6,9
raw-guarded,M_DOSCALLS_LOCK_DE185F87,DOSCALLS,822,38,20,58,8,9
raw-guarded,M_CONSOLECONTROL_PROCESS_46BB287E,CONSOLECONTROL,820,22,12,30,10,9
raw-guarded,M_SDFSFILE_BEGINSEEK_80AE6CDC,SDFSFILE,820,24,18,36,4,11
raw-guarded,M_DEMO_SHELLARGUMENT_06FF7069,DEMO,820,28,14,32,1,17
raw-guarded,M_EXECMEMORY_RELEASE_A6E307FC,EXECMEMORY,816,10,10,16,2,15
raw-guarded,M_FSALLOC_ALLOWED_1FF175A3,FSALLOC,815,22,18,34,2,21
raw-guarded,M_DOSINHERIT_CLONE_1DB40F0B,DOSINHERIT,814,12,6,22,10,19
raw-guarded,M_CONSOLEFOREGROUND_DELIVER_8D52BBDC,CONSOLEFOREGROUND,811,30,16,38,9,11
raw-guarded,M_PROCESS_RUN_4C2ABD87,PROCESS,811,18,12,28,9,7
raw-guarded,M_DOSINHERIT_CLONEFILE_B3A0D025,DOSINHERIT,809,10,6,20,10,7
raw-guarded,M_FSOPERATION_CANCELLABLE_CAA34525,FSOPERATION,804,12,12,12,0,1
raw-guarded,M_FSLEASES_BUSY_31143750,FSLEASES,804,26,8,38,4,24
raw-guarded,M_DOSGROUP_END_0E9A4197,DOSGROUP,803,24,14,36,9,11
raw-guarded,M_HEAPCORE_RETURNRANGE_11C95A83,HEAPCORE,802,26,20,48,5,19
raw-guarded,M_DOSPROCESS_DISCARD_B47D4E40,DOSPROCESS,801,10,10,16,4,14
raw-guarded,M_MYDOSFILE_CONTINUEOPERATION_DDF4199B,MYDOSFILE,799,12,8,24,8,11
raw-guarded,M_HEAPPOLICY_VALIDATEREGIONS_C3A52ACE,HEAPPOLICY,798,22,8,32,7,17
raw-guarded,M_CONSOLEDISPLAY_DISCARDBATCH_161CED78,CONSOLEDISPLAY,798,32,16,44,5,9
raw-guarded,M_DOSPIPE_DISCARD_EA487971,DOSPIPE,796,10,6,22,8,13
raw-guarded,M_CONSOLEDISPLAY_BEGINBATCH_E8453865,CONSOLEDISPLAY,793,10,10,26,6,17
raw-guarded,M_CONSOLEDISPLAY_PRESENTBATCH_DC8CCBC5,CONSOLEDISPLAY,793,26,16,36,6,12
raw-guarded,M_CONSOLEDISPLAY_REMOVECURSOR_56933EEC,CONSOLEDISPLAY,791,28,18,42,6,8
raw-guarded,M_TASKPOLICY_STACKSLOT_2A322EEA,TASKPOLICY,790,20,14,24,2,14
raw-guarded,M_FSIO_COMPLETE_3A967BA3,FSIO,787,24,24,42,4,7
raw-guarded,M_FSPACKET_PUBLISHOPENSTEP_55EACFB5,FSPACKET,787,22,12,32,3,5
raw-guarded,M_CONSOLEDRIVER_CLOSE_60C60326,CONSOLEDRIVER,786,18,8,30,8,7
raw-guarded,M_FSALLOC_COUNTROOM_E5C7D397,FSALLOC,780,24,14,36,5,10
raw-guarded,M_PROCESS_RELEASESTORAGE_F7C3DB6E,PROCESS,777,20,14,32,7,9
raw-guarded,M_DOSRAW_CLOSESIZED_2208AD92,DOSRAW,774,18,10,30,8,9
raw-guarded,M_MYDOS_RESOLVESTEP_4ADA26D9,MYDOS,772,18,16,24,5,21
raw-guarded,M_O65READ_STRING_E289F21C,O65READ,769,20,12,32,6,12
raw-guarded,M_FSHANDLER_OPEN_99490956,FSHANDLER,764,16,12,28,6,6
raw-guarded,M_CONSOLETILING_SELECT_D724C265,CONSOLETILING,762,20,14,28,7,8
raw-guarded,M_CONSOLEDRIVER_VALIDATE_72D30322,CONSOLEDRIVER,760,18,18,30,2,17
raw-guarded,M_CONSOLEDRIVER_STOP_093D3500,CONSOLEDRIVER,760,38,6,48,10,10
raw-guarded,M_MYDOSFILE_VALIDATE_CCD11D35,MYDOSFILE,760,16,12,28,6,13
raw-guarded,M_TASKPOLICY_AVAILABLERECORD_80983EA0,TASKPOLICY,759,22,12,32,3,15
raw-guarded,M_SDFSNAME_VALIDATEBASE_03C615D3,SDFSNAME,759,14,12,24,1,22
raw-guarded,M_INPUT_VALID_32EBD3E5,INPUT,758,16,12,22,1,16
raw-guarded,M_DOSPIPE_CLONE_F42CC55A,DOSPIPE,757,22,14,34,6,12
raw-guarded,M_CONSOLEWINDOWS_RUNNABLE_B9919222,CONSOLEWINDOWS,756,20,10,26,4,23
raw-guarded,M_CONSOLEDRIVER_READQUANTUM_10EBF725,CONSOLEDRIVER,755,22,10,34,4,20
raw-guarded,M_FSINFO_NAME_B42C963D,FSINFO,753,12,10,12,0,20
raw-guarded,M_SIODRIVER_OPEN_9AA3F320,SIODRIVER,752,26,16,26,0,17
raw-guarded,M_DEVICEINSPECT_SNAPSHOT_EBB6295F,DEVICEINSPECT,752,14,8,18,4,11
raw-guarded,M_DOSGROUP_BEGIN_073142E7,DOSGROUP,752,14,6,24,9,13
raw-guarded,M_FSRELATIVE_SEED_FD9BA1BB,FSRELATIVE,751,22,12,32,3,9
raw-guarded,M_SIODRIVER_PREPARE_D10BF723,SIODRIVER,750,26,14,36,1,10
raw-guarded,M_DOSRAW_OPENSIZED_F1E27B78,DOSRAW,747,20,14,32,7,5
raw-guarded,M_SDFSWRITE_RENAME_68E1123E,SDFSWRITE,747,12,8,26,5,15
raw-guarded,M_TASKPOLICY_PORTCALL_70989793,TASKPOLICY,742,20,12,34,6,14
raw-guarded,M_MYDOSFILE_CONSUME_CDF927EF,MYDOSFILE,741,20,14,30,5,8
raw-guarded,M_CONSOLETILING_UNLOCK_9D80F64D,CONSOLETILING,735,14,6,26,8,10
raw-guarded,M_FSOPERATION_REQUEST_3F73D6DE,FSOPERATION,734,20,14,32,7,10
raw-guarded,M_DOSGROUP_JOIN_A4542070,DOSGROUP,733,10,6,20,6,16
raw-guarded,M_HEAPCORE_RESERVE_2192E9C0,HEAPCORE,732,38,18,60,4,15
raw-guarded,M_BLOCKIO_OPENVOLUME_36B90798,BLOCKIO,732,22,16,42,5,5
raw-guarded,M_MYDOSWRITE_VALIDATE_B3BA3338,MYDOSWRITE,731,28,14,40,4,11
raw-guarded,M_HEAPCORE_BOUNDS_2387CB05,HEAPCORE,730,24,18,30,5,13
raw-guarded,M_CONSOLEDRIVER_IMMEDIATE_01EBE21F,CONSOLEDRIVER,727,18,18,22,1,22
raw-guarded,M_TASKPOLICY_DOSINIT_97B41A44,TASKPOLICY,719,28,18,28,0,7
raw-guarded,M_DOSCLIENT_NEWCLIENT_41735729,DOSCLIENT,719,18,14,30,3,5
raw-guarded,M_HEAPPOLICY_REGION_F42DC07D,HEAPPOLICY,717,20,14,26,1,1
raw-guarded,M_EXECMEMORY_RESERVEEXACT_88D3D2C8,EXECMEMORY,716,10,10,16,2,13
raw-guarded,M_HEAPPOLICY_RESERVE_42F2499D,HEAPPOLICY,714,26,10,38,6,14
raw-guarded,M_DOSCANCEL_TRANSFER_DC8DFD88,DOSCANCEL,713,26,14,34,6,17
raw-guarded,M_MYDOSWRITE_MARK_0E6D7B2D,MYDOSWRITE,713,20,16,32,5,5
raw-guarded,M_MYDOSFILE_BEGINSEEK_007E9A86,MYDOSFILE,708,8,8,20,7,10
raw-guarded,M_DOSBREAK_END_B7800793,DOSBREAK,707,14,8,22,8,9
raw-guarded,M_FSPACKET_REPLY_F0943484,FSPACKET,704,12,8,22,4,1
raw-guarded,M_O65READ_NAME_0A34D852,O65READ,700,14,12,24,5,13
raw-guarded,M_COOKEDLINE_DRAIN_A743CD2C,COOKEDLINE,697,16,12,28,3,14
raw-guarded,M_SIODRIVER_BOUND_DC2366E0,SIODRIVER,696,26,14,26,0,8
raw-guarded,M_FSINIT_ALLOCATEBLOCK_5C0916F0,FSINIT,696,20,14,32,2,3
raw-guarded,M_DOSFAULT_PRINTFAULT_CDC48706,DOSFAULT,695,28,14,44,4,6
raw-guarded,M_FSOPERATION_AUTHORITY_2081E9D0,FSOPERATION,694,22,16,22,0,12
raw-guarded,M_EXECMEMORY_ADOPT_494D3B99,EXECMEMORY,691,12,8,12,0,25
raw-guarded,M_TASKPOLICY_SLEEPTASK_6A909BCC,TASKPOLICY,691,14,10,24,9,7
raw-guarded,M_MYDOS_DESCEND_C497F8DD,MYDOS,687,32,18,32,0,12
raw-guarded,M_DOSARGS_NUMERIC_B3350961,DOSARGS,687,26,14,38,1,16
raw-guarded,M_DEMO_SHELLRELEASELOCK_B96B0C1C,DEMO,684,14,10,26,8,6
raw-guarded,M_CONSOLECORE_PRESENTED_91E62DC9,CONSOLECORE,680,12,12,12,0,12
raw-guarded,M_FSBOOT_ENSURE_06ED6F00,FSBOOT,680,14,6,20,5,18
raw-guarded,M_DOSCALLS_UNLOCK_2871018C,DOSCALLS,678,32,12,50,7,11
raw-guarded,M_CONSOLEBITMAP_RUN_859D3E7A,CONSOLEBITMAP,677,22,12,28,5,13
raw-guarded,M_MYDOS_DECODE_69B6DF25,MYDOS,677,16,14,16,0,4
raw-guarded,M_MYDOS_BUFFEREDENTRY_DC465C80,MYDOS,673,22,14,34,4,11
raw-guarded,M_DOSCALLS_CREATEDIR_E8A266C7,DOSCALLS,670,38,20,58,6,7
raw-guarded,M_DOSBREAK_ALLOCATE_10964711,DOSBREAK,669,18,14,30,5,5
raw-guarded,M_CONSOLECORE_INIT_F63331F9,CONSOLECORE,663,14,8,30,3,14
raw-guarded,M_FSWRITEIO_FAILED_0CF5DEA4,FSWRITEIO,662,10,10,16,4,7
raw-guarded,M_DOSARGS_WORD_271132B0,DOSARGS,662,8,6,8,0,33
raw-guarded,M_DEMO_SHELLRETIREBREAK_55533B4C,DEMO,660,26,16,40,6,10
raw-guarded,M_SDFSNAME_RESOLVESTEP_B2924B88,SDFSNAME,659,20,16,34,7,13
raw-guarded,M_HEAPPOLICY_FREE_3EA2E1EF,HEAPPOLICY,658,30,18,44,6,11
raw-guarded,M_INPUT_RETIREROUTE_2881C61B,INPUT,657,22,16,36,9,7
raw-guarded,M_DEMO_SHELLPATHASSIGNED_B6DA4F91,DEMO,655,22,10,30,2,26
raw-guarded,M_DOSPROCESS_ENTERFOREGROUND_ADB53B83,DOSPROCESS,652,26,14,38,7,7
raw-guarded,M_TASKPOLICY_REGISTRYCALL_6B5FFB7F,TASKPOLICY,650,14,8,24,7,14
raw-guarded,M_MYDOSWRITE_TRUNCATE_A6EAB42C,MYDOSWRITE,650,12,6,24,7,7
raw-guarded,M_FSHANDLER_RESOLVESTEP_D6E79D38,FSHANDLER,648,12,8,24,5,15
raw-guarded,M_CSTRING_IMPL_STRLCPY_C7039D62,CSTRING,641,14,4,14,0,14
raw-guarded,M_BLOCKIO_FINISHFETCH_D55D2AA5,BLOCKIO,640,20,16,36,6,4
raw-guarded,M_CONSOLEDRIVER_ABORTIO_EFA380E8,CONSOLEDRIVER,637,14,8,26,4,13
raw-guarded,M_MYDOSFILE_LOCATE_F172D4F1,MYDOSFILE,636,22,14,34,5,7
raw-guarded,M_FSLEASES_LIVE_C7D42DE5,FSLEASES,635,22,12,34,4,11
raw-guarded,M_MYDOSFILE_TRAILER_58DD2DFC,MYDOSFILE,634,32,16,38,1,7
raw-guarded,M_FSWRITE_CREATE_47C6C0B3,FSWRITE,634,14,12,26,5,11
raw-guarded,M_DEMO_SHELLTEXT_3AA6BB8B,DEMO,633,22,10,34,4,16
raw-guarded,M_CONSOLEWINDOWS_RESERVE_27D75673,CONSOLEWINDOWS,632,22,14,32,2,10
raw-guarded,M_FSDIRECTORY_ENTRYRESULTSTEP_4C458A60,FSDIRECTORY,632,14,10,26,5,12
raw-guarded,M_FSRELATIVE_PARENTDONE_9C191F46,FSRELATIVE,626,12,12,24,5,6
raw-guarded,M_TASKPOLICY_IOSETTLEDCALL_042AE5B9,TASKPOLICY,625,18,12,30,4,15
raw-guarded,M_DOSARGS_PARSE_ACA8C265,DOSARGS,624,66,12,90,4,19
raw-guarded,M_TASKPOLICY_DOSADMIT_DEA63DC3,TASKPOLICY,623,18,8,34,4,12
raw-guarded,M_HEAPCORE_INSERTFREE_129E41BB,HEAPCORE,622,18,14,32,2,12
raw-guarded,M_BOOTCONFIG_INIT_610CE665,BOOTCONFIG,621,28,10,34,1,14
raw-guarded,M_SIODRIVER_FINISH_D94C5F1F,SIODRIVER,621,22,10,28,5,9
raw-guarded,M_CONSOLEDRIVER_PREPAREWAITER_2678D1F7,CONSOLEDRIVER,620,16,14,26,4,5
raw-guarded,M_SIODRIVER_PREPAREWAITER_A5456107,SIODRIVER,620,16,14,26,4,5
raw-guarded,M_FSREGISTRY_LOOKUP_AD8B60C1,FSREGISTRY,620,18,8,32,4,15
raw-guarded,M_SDFSWRITE_MARK_BAD71DEB,SDFSWRITE,620,16,12,30,5,6
raw-guarded,M_DOSCALLS_INFORMATION_13F25DEC,DOSCALLS,620,32,12,50,6,7
raw-guarded,M_FSDIRECTORY_PUBLISHSTEP_CC8DC0F6,FSDIRECTORY,619,16,12,30,5,1
raw-guarded,M_TASKPOLICY_ADMIT_CF1671AB,TASKPOLICY,618,14,10,24,4,1
raw-guarded,M_MYDOSFILE_VISIT_2F7F40D0,MYDOSFILE,618,18,14,24,1,9
raw-guarded,M_DOSCOOKED_BEGIN_9BFE5F7B,DOSCOOKED,617,20,12,34,4,9
raw-guarded,M_DOSCALLS_CURRENTDIR_1AA7335E,DOSCALLS,617,24,8,34,5,13
raw-guarded,M_SDFSWRITE_TRUNCATE_031B9696,SDFSWRITE,613,12,8,24,6,9
raw-guarded,M_DEMO_SHELLNUMBER_CB70AEA1,DEMO,612,26,16,40,3,4
raw-guarded,M_CONSOLEBATCH_BEGIN_A348F06D,CONSOLEBATCH,609,14,10,14,0,12
raw-guarded,M_SIODRIVER_DEADLINETICKS_83CDA5CA,SIODRIVER,606,28,14,28,0,12
raw-guarded,M_BLOCKIO_MAPPED_A9EEA713,BLOCKIO,604,30,18,38,1,16
raw-guarded,M_TASKPOLICY_IOOPENTEST_C4ABA6E6,TASKPOLICY,602,20,12,30,2,14
raw-guarded,M_INPUT_PUBLISHROUTE_D1782DE9,INPUT,602,14,10,26,9,9
raw-guarded,M_DEMO_SHELLPIPEBOUNDARY_12E051D2,DEMO,598,16,12,20,1,7
raw-guarded,M_TASKPOLICY_PROCESSSTORAGEEMPTY_D996E6A7,TASKPOLICY,597,10,10,10,0,1
raw-guarded,M_FSPACKET_CLOSE_01E28282,FSPACKET,597,16,12,26,5,5
raw-guarded,M_SIODRIVER_STOPPING_28442DD8,SIODRIVER,596,20,14,32,4,5
raw-guarded,M_FSOPERATION_PREPARE_EA34E162,FSOPERATION,594,12,12,18,2,12
raw-guarded,M_TASKPOLICY_IOTEST_D46D842E,TASKPOLICY,593,14,10,28,4,18
raw-guarded,M_BLOCKIO_DETACH_FC4FFB83,BLOCKIO,592,8,8,20,5,10
raw-guarded,M_CONSOLEWINDOWS_TAKE_9FD09734,CONSOLEWINDOWS,591,16,8,22,3,16
raw-guarded,M_SDFSNAME_DESCEND_5D259778,SDFSNAME,591,12,10,12,0,13
raw-guarded,M_PROCESS_COLLECT_3A4F29C8,PROCESS,591,20,8,28,5,7
raw-guarded,M_INPUT_PENDING_94D4AB06,INPUT,589,20,8,26,6,13
raw-guarded,M_DOSPROCESS_RELEASEPARENT_43E07877,DOSPROCESS,587,14,8,20,4,11
raw-guarded,M_PROCESS_FINISH_AE17E2ED,PROCESS,587,10,4,18,9,9
raw-guarded,M_COOKEDLINE_SETHISTORY_7BFEF58A,COOKEDLINE,586,16,16,28,5,12
raw-guarded,M_MYDOSWRITE_SLOT_AA2228B6,MYDOSWRITE,586,18,10,30,3,12
raw-guarded,M_DOSCALLS_SETCONSOLEHISTORY_3DCB4BFF,DOSCALLS,583,28,18,38,4,10
raw-guarded,M_MYDOS_LIVE_1E4E1377,MYDOS,581,16,14,26,2,12
raw-guarded,M_TASKMEMORY_WRITABLE_FBC2061D,TASKMEMORY,580,28,12,28,0,12
raw-guarded,M_TASKPOLICY_SENDMESSAGE_7332557D,TASKPOLICY,580,16,8,28,5,13
raw-guarded,M_PORTCORE_CREATEMSGPORT_A47550A3,PORTCORE,580,18,14,30,5,5
raw-guarded,M_MYDOSFILE_MEASURE_660762A9,MYDOSFILE,580,10,6,20,5,13
raw-guarded,M_FSMOUNT_REMOVESTEP_BBB2975B,FSMOUNT,578,12,8,24,4,8
raw-guarded,M_FSWRITE_FINALIZE_1B960C91,FSWRITE,576,10,10,20,1,10
raw-guarded,M_CONSOLECORE_BATCHDAMAGE_51FD9990,CONSOLECORE,575,20,14,34,1,9
raw-guarded,M_DEMO_SHELLHISTORY_253D1EFE,DEMO,572,16,10,28,6,9
raw-guarded,M_HEAPCORE_SPLIT_B6117102,HEAPCORE,569,30,14,44,2,6
raw-guarded,M_FSINSPECT_CACHESTATUS_E621CC2A,FSINSPECT,569,18,8,22,3,7
raw-guarded,M_HEAPCORE_CHUNKEND_0E0C27CE,HEAPCORE,568,28,18,42,4,6
raw-guarded,M_MYDOSWRITE_DELETE_256A83D3,MYDOSWRITE,568,14,8,26,5,13
raw-guarded,M_SDFSDIR_BEGINHEADER_0CDE2CA0,SDFSDIR,564,16,12,30,3,7
raw-guarded,M_DOSCALLS_PATHMOUNT_48952362,DOSCALLS,564,22,10,32,4,10
raw-guarded,M_TASKPOLICY_ALLOCATEBIT_A349E154,TASKPOLICY,563,26,14,42,3,13
raw-guarded,M_MYDOS_BEGINENTRY_95F170F4,MYDOS,563,16,16,26,1,8
raw-guarded,M_CONSOLEBITMAP_SCROLL_377D53B8,CONSOLEBITMAP,562,10,6,16,2,7
raw-guarded,M_FSALLOC_TAKE_9AD436E4,FSALLOC,562,14,8,26,3,7
raw-guarded,M_CONSOLEDRIVER_MAPPED_DAA6A481,CONSOLEDRIVER,561,30,18,38,1,14
raw-guarded,M_SIODRIVER_SIOMAPPED_D1D9A9D6,SIODRIVER,561,30,18,38,1,14
raw-guarded,M_IOCORE_OPENDEVICE_A2787528,IOCORE,561,22,14,44,6,6
raw-guarded,M_TASKPOLICY_IOTESTBEGIN_2E780855,TASKPOLICY,560,16,12,28,2,13
raw-guarded,M_FSMOUNT_COMMANDSTEP_B1883B1A,FSMOUNT,560,22,10,34,3,8
raw-guarded,M_CONSOLECORE_MARKROW_74F1B9FE,CONSOLECORE,558,12,12,12,0,7
raw-guarded,M_DEMO_SHELLCLOSETEMPORARY_12B1A0C5,DEMO,557,16,10,28,5,7
raw-guarded,M_TASKPOLICY_INITIO_35D5D1E4,TASKPOLICY,556,16,10,22,3,7
raw-guarded,M_CONSOLE_FREEINSTANCE_35A7F9E7,CONSOLE,555,16,12,28,4,9
raw-guarded,M_FSIO_BEGIN_68AD59C5,FSIO,555,18,16,32,2,3
raw-guarded,M_PROGRAMIMAGE_FREE_CFEA1DF0,PROGRAMIMAGE,555,8,8,20,4,7
raw-guarded,M_FS83_STARTRESOLVE_ED05839D,FS83,554,12,12,12,0,10
raw-guarded,M_SDFSDIR_SEED_AE4E45A1,SDFSDIR,554,20,12,26,2,5
raw-guarded,M_FSINFO_FILL_CDFFBE8F,FSINFO,554,6,6,6,0,7
raw-guarded,M_FSBOOT_BEGINSERVICE_BC5D2672,FSBOOT,554,20,14,32,3,5
raw-guarded,M_FSSYSTEM_MATCHES_6FF2F0E4,FSSYSTEM,553,6,4,16,6,9
raw-guarded,M_DOSGROUP_LEAVE_AF8BE2F5,DOSGROUP,552,12,8,18,3,15
raw-guarded,M_TASKPOLICY_PORTDELETE_CF47DFE6,TASKPOLICY,549,22,14,30,4,12
raw-guarded,M_MYDOSFILE_CANCEL_40161F05,MYDOSFILE,548,20,16,26,1,4
raw-guarded,M_DEMO_DEMOPRIME_7F18EBC0,DEMO,548,20,16,28,1,10
raw-guarded,M_SDFSDIR_VALIDATEPARENT_CC71085A,SDFSDIR,545,16,10,28,3,9
raw-guarded,M_INPUT_DISCARD_ACB1BF45,INPUT,543,10,6,22,9,8
raw-guarded,M_SDFS_CACHE_55DBD7B1,SDFS,543,24,14,30,1,5
raw-guarded,M_EXECMEMORY_ACQUIRE_EAA019EB,EXECMEMORY,536,14,10,20,1,10
raw-guarded,M_TASKPOLICY_DOSCONTROL_C7F82CE3,TASKPOLICY,536,16,12,28,5,8
raw-guarded,M_FSDIRECTORY_MEASUREENTRY_E6EE6D03,FSDIRECTORY,536,12,10,24,4,6
raw-guarded,M_CONSOLEDISPLAY_GEOMETRY_B00D0334,CONSOLEDISPLAY,534,10,10,14,4,12
raw-guarded,M_TASKPOLICY_SELECT_1A709B3E,TASKPOLICY,529,14,8,22,6,12
raw-guarded,M_INPUT_EXTENT_FA4C9281,INPUT,527,18,14,28,4,5
raw-guarded,M_TASKPOLICY_IOWORKERCONTROL_3D43EE5B,TASKPOLICY,526,14,14,24,2,12
raw-guarded,M_DOSRAW_INITIALIZE_D871F7B7,DOSRAW,523,10,6,16,1,1
raw-guarded,M_DOSRAW_LIVE_14427091,DOSRAW,522,18,10,26,1,10
raw-guarded,M_SIODRIVER_TRYCANCEL_BDB03575,SIODRIVER,519,20,10,26,5,10
raw-guarded,M_SDFSFILE_CONTINUEOPERATION_077FC395,SDFSFILE,519,12,12,24,5,7
raw-guarded,M_FSINIT_OPENEDSTEP_3B4623A1,FSINIT,518,16,12,22,3,5
raw-guarded,M_TASKPOLICY_PROCESSCANREMOVE_140447A5,TASKPOLICY,517,16,12,20,2,9
raw-guarded,M_BLOCKIO_DESTROY_0CC5CBD8,BLOCKIO,517,8,8,20,5,6
raw-guarded,M_DOSCALLS_DIRECTORY_C8028D6B,DOSCALLS,512,14,8,24,2,11
raw-guarded,M_MYDOSFILE_COPY_B45932A2,MYDOSFILE,510,28,12,34,1,5
raw-guarded,M_DOSCALLS_FILE_E8D1DABC,DOSCALLS,507,12,8,22,5,5
raw-guarded,M_TASKPOLICY_IOBEGIN_A0C610B5,TASKPOLICY,506,8,8,20,5,10
raw-guarded,M_FS83_SELECTMATCH_2C823C16,FS83,505,10,8,20,3,11
raw-guarded,M_MYDOSWRITE_RECLAIM_F1DD6F57,MYDOSWRITE,504,24,12,36,4,10
raw-guarded,M_SDFSNAME_STARTRESOLVE_EBBD5226,SDFSNAME,502,10,8,20,1,8
raw-guarded,M_TASKPOLICY_INPUTINIT_B07DD496,TASKPOLICY,500,14,8,14,0,16
raw-guarded,M_MYDOS_HEADER_A95A323A,MYDOS,500,30,14,36,1,7
raw-guarded,M_BLOCKIO_CHECK_A5B41A2A,BLOCKIO,499,12,8,24,3,8
raw-guarded,M_SIODRIVER_CLAIM_64B130D4,SIODRIVER,497,22,10,28,4,7
raw-guarded,M_TASKPOLICY_RELEASE_25BFE7A9,TASKPOLICY,495,14,10,20,2,11
raw-guarded,M_DOSRAW_UNIT_B2527969,DOSRAW,493,16,14,16,0,16
raw-guarded,M_CONSOLEDRIVER_RUNNABLE_F91A82EB,CONSOLEDRIVER,491,12,8,18,4,12
raw-guarded,M_CONSOLEDISPLAY_LISTVALID_C50FC922,CONSOLEDISPLAY,490,14,8,14,0,22
raw-guarded,M_FSHANDLER_OPERATIONRESULT_4184CBFA,FSHANDLER,488,12,12,18,1,6
raw-guarded,M_SIODRIVER_ACTIVATE_5F9BFB05,SIODRIVER,486,20,10,26,4,10
raw-guarded,M_DOSOBJECTS_UNLINK_C978FCF4,DOSOBJECTS,486,18,8,24,1,12
raw-guarded,M_FSLEASES_UNLINK_039AB2C8,FSLEASES,485,14,8,20,3,11
raw-guarded,M_TASKPOLICY_QUEUECALL_62B0545B,TASKPOLICY,484,16,10,32,4,9
raw-guarded,M_HEAPCORE_DEALLOCATE_60F97CF2,HEAPCORE,481,32,18,48,4,6
raw-guarded,M_TASKPOLICY_IOCOLLECT_D169FE6C,TASKPOLICY,481,16,16,26,4,9
raw-guarded,M_DISPLAY_VALID_AD4A9CEB,DISPLAY,479,10,10,16,1,4
raw-guarded,M_DOSPIPE_CLOSE_E3C2D505,DOSPIPE,478,8,8,18,6,3
raw-guarded,M_DEMO_DEMONUMBER_B404F7D0,DEMO,478,28,16,28,0,11
raw-guarded,M_COOKEDLINE_RELEASE_68B6E005,COOKEDLINE,477,8,6,20,5,7
raw-guarded,M_TASKPOLICY_PORTHEAD_A12A0751,TASKPOLICY,476,12,8,20,4,11
raw-guarded,M_TASKPOLICY_RETAIN_6B38DA95,TASKPOLICY,471,14,10,20,2,11
raw-guarded,M_FSHANDLER_LOCK_913FD727,FSHANDLER,471,12,12,24,3,4
raw-guarded,M_TASKPOLICY_IOABORT_1EC95CFC,TASKPOLICY,470,16,12,28,3,9
raw-guarded,M_CONSOLETILING_FOCUS_1EF2C0A5,CONSOLETILING,470,14,8,22,7,7
raw-guarded,M_DOSPROCESS_RESTOREFOREGROUND_D0EE9507,DOSPROCESS,469,16,8,26,4,11
raw-guarded,M_FSWORKER_DRAINED_7E6EAAA5,FSWORKER,468,10,8,14,2,12
raw-guarded,M_PROGRAMIMAGE_DROPOWNER_EE15CDE2,PROGRAMIMAGE,468,12,10,18,4,11
raw-guarded,M_BLOCKCACHE_DESTROY_EB1A5F0C,BLOCKCACHE,465,12,12,24,3,3
raw-guarded,M_TASKPOLICY_LOOKUP_41F6D1E4,TASKPOLICY,464,20,12,20,0,11
raw-guarded,M_MYDOSFILE_LINK_86A70D17,MYDOSFILE,464,18,14,24,1,9
raw-guarded,M_BLOCKIO_COMPLETE_80F6A54F,BLOCKIO,463,18,14,18,0,10
raw-guarded,M_CONSOLEBITMAP_BIND_37A88456,CONSOLEBITMAP,460,24,18,28,1,9
raw-guarded,M_PROCESS_EXECUTEIMAGE_8428E44E,PROCESS,460,14,8,21,5,8
raw-guarded,M_DOSSTREAMS_OPENNIL_7EDE8F17,DOSSTREAMS,459,20,14,32,3,3
raw-guarded,M_PROGRAMIMAGE_DETACH_807AC96B,PROGRAMIMAGE,457,12,10,18,4,9
raw-guarded,M_DOSSTREAMS_CLOSENIL_3520E24B,DOSSTREAMS,456,12,8,24,5,3
raw-guarded,M_FSINIT_FIRST_60F42DBA,FSINIT,456,12,8,18,4,8
raw-guarded,M_CONSOLECORE_EXTENT_83D9960B,CONSOLECORE,455,32,18,32,0,13
raw-guarded,M_IOCORE_WAITIO_8CA35F61,IOCORE,455,24,14,32,3,4
raw-guarded,M_DOSBREAK_CLEAR_B7EEEC7D,DOSBREAK,455,26,14,38,5,6
raw-guarded,M_FSDIRECTORY_INITLOCKSTATE_606A2BB5,FSDIRECTORY,455,16,12,26,1,5
raw-guarded,M_PROCESS_WAIT_BEBC9E91,PROCESS,455,24,10,34,4,9
raw-guarded,M_MYDOS_ROOTENTRY_E3F00029,MYDOS,454,16,14,16,0,4
raw-guarded,M_MYDOSWRITE_TRAILER_BFA640A1,MYDOSWRITE,452,14,8,20,2,3
raw-guarded,M_DISPLAY_RELEASE_49E3CB4A,DISPLAY,451,6,6,12,6,6
raw-guarded,M_DOSCALLS_SELECT_1EDDE386,DOSCALLS,451,18,8,28,3,12
raw-guarded,M_IOCORE_CLOSEDEVICE_667F761E,IOCORE,450,20,14,28,6,5
raw-guarded,M_IOCORE_ABORTIO_125E3726,IOCORE,450,20,14,28,6,5
raw-guarded,M_MYDOSWRITE_EMPTY_B06BE841,MYDOSWRITE,449,16,8,28,3,14
raw-guarded,M_DOSCLIENT_CHECKREPLY_4530772C,DOSCLIENT,446,12,12,18,3,9
raw-guarded,M_DEMO_SHELLALIASSHOW_53099C95,DEMO,446,12,8,22,5,1
raw-guarded,M_HEAPPOLICY_LOCATE_7B91FF59,HEAPPOLICY,445,30,12,36,3,7
raw-guarded,M_FSRELATIVE_PARENTBEGIN_7E4CAA55,FSRELATIVE,445,20,16,34,3,5
raw-guarded,M_DOSCALLS_OPENCONSOLE_77C02991,DOSCALLS,445,14,8,26,5,7
raw-guarded,M_PROCESS_STARTPREPARED_C79EF329,PROCESS,445,20,8,28,4,5
raw-guarded,M_HEAPPOLICY_DESCRIPTOR_8971C45E,HEAPPOLICY,443,24,18,30,2,6
raw-guarded,M_DOSCALLS_LIVESELECTION_2BE04852,DOSCALLS,442,8,4,18,5,12
raw-guarded,M_TASKPOLICY_SIGNALTASK_806F80F5,TASKPOLICY,441,24,10,36,4,7
raw-guarded,M_CONSOLEBITMAP_OPEN_C85D6197,CONSOLEBITMAP,440,18,10,24,4,5
raw-guarded,M_CONSOLECORE_DIRTY_4A63B073,CONSOLECORE,439,18,8,32,2,13
raw-guarded,M_CONSOLECORE_EDITRETAINED_2E59361D,CONSOLECORE,438,18,12,28,2,8
raw-guarded,M_CONSOLEDRIVER_ALLIDLE_23B19503,CONSOLEDRIVER,437,16,8,26,2,13
raw-guarded,M_DOSGROUP_SEAL_B243143B,DOSGROUP,436,12,8,20,4,8
raw-guarded,M_FSOPERATION_UNLINK_B5280A26,FSOPERATION,435,16,8,22,2,13
raw-guarded,M_TASKPOLICY_PREPAREDOMAIN_45DA3401,TASKPOLICY,434,20,8,20,0,4
raw-guarded,M_O65READ_COUNT_2EF12376,O65READ,434,24,18,36,4,5
raw-guarded,M_TASKPOLICY_PROCESSRESIDENT_478DA1B5,TASKPOLICY,432,22,18,22,0,1
raw-guarded,M_CONSOLECORE_CONTROL_7E220524,CONSOLECORE,432,10,6,16,2,17
raw-guarded,M_CONSOLECAPTURE_RELEASE_DD04AD8D,CONSOLECAPTURE,432,12,8,18,4,6
raw-guarded,M_HEAPPOLICY_FLAGSVALID_4BF22F96,HEAPPOLICY,431,20,14,20,0,11
raw-guarded,M_DOSCOOKED_READ_AAA4E8F8,DOSCOOKED,431,16,10,34,4,3
raw-guarded,M_EXECMEMORY_QUERY_D2E34F9F,EXECMEMORY,430,10,10,16,1,5
raw-guarded,M_TASKPOLICY_WAITTASK_AD94C4A2,TASKPOLICY,429,22,10,34,5,5
raw-guarded,M_CONSOLEFOREGROUND_UNREGISTER_54DD2BA5,CONSOLEFOREGROUND,429,20,14,28,3,5
raw-guarded,M_CONSOLEDRIVER_IDLE_F6EAB10E,CONSOLEDRIVER,429,14,8,20,1,13
raw-guarded,M_FSPACKET_ERROR_61E70414,FSPACKET,429,16,10,28,2,6
raw-guarded,M_SIODRIVER_PAYLOADLENGTH_9F5C9B06,SIODRIVER,428,10,10,10,0,10
raw-guarded,M_DOSCOOKED_OPEN_FB0901F4,DOSCOOKED,428,16,8,30,4,5
raw-guarded,M_FSDIRECTORY_ENTRYSTEP_D4EA4ABB,FSDIRECTORY,428,20,12,34,3,5
raw-guarded,M_TASKPOLICY_FIND_0D9A09D7,TASKPOLICY,426,12,4,22,3,10
raw-guarded,M_SDFSWRITE_VALIDSECTOR_67FAADEC,SDFSWRITE,424,14,12,24,1,13
raw-guarded,M_TASKPOLICY_DOSPREPARE_61B1CC0D,TASKPOLICY,422,16,8,22,1,4
raw-guarded,M_SDFSNAME_RESOLVECOMPONENT_CCDFB63B,SDFSNAME,421,12,8,26,4,5
raw-guarded,M_CONSOLEWINDOWS_BOUND_2C2AAE27,CONSOLEWINDOWS,420,12,8,18,2,7
raw-guarded,M_BLOCKCACHE_FORGET_8D9AE1E1,BLOCKCACHE,420,20,16,36,2,8
raw-guarded,M_FSREGISTRY_FROMHEADER_DCD07C60,FSREGISTRY,419,18,12,18,0,18
raw-guarded,M_FSFILES_RELEASE_91585E60,FSFILES,419,10,6,22,4,7
raw-guarded,M_BLOCKIO_GEOMETRY_4529DFEE,BLOCKIO,418,10,10,10,0,18
raw-guarded,M_DOSCALLS_ASSIGNINDEX_01EA43CB,DOSCALLS,415,14,8,18,1,15
raw-guarded,M_DEMO_SHELLUNALIASCOMMAND_0E212A24,DEMO,415,14,10,26,2,3
raw-guarded,M_DEMO_DEMONAME_3669E60C,DEMO,415,16,14,16,0,7
raw-guarded,M_SIODRIVER_BEGINIO_E1378755,SIODRIVER,414,16,10,26,2,9
raw-guarded,M_TASKPOLICY_PREPAREFRAME_D5FF2FA0,TASKPOLICY,413,24,8,24,0,7
raw-guarded,M_BLOCKCACHE_INVALIDATE_4E66AC31,BLOCKCACHE,413,16,12,16,0,10
raw-guarded,M_DOSCALLS_ISINTERACTIVE_18CACEEA,DOSCALLS,413,14,8,24,3,8
raw-guarded,M_TASKPOLICY_IOTESTFINISH_35E02F77,TASKPOLICY,410,14,8,26,2,6
raw-guarded,M_MYDOS_VALIDDIRECTORY_1CF8F62E,MYDOS,410,22,14,34,2,7
raw-guarded,M_IOCORE_CREATEIOREQUEST_DE10015D,IOCORE,406,20,14,32,2,7
raw-guarded,M_DOSCLIENT_ENSURESLOT_00C71048,DOSCLIENT,406,12,8,18,2,10
raw-guarded,M_BLOCKIO_PREPARE_810BFFA1,BLOCKIO,406,14,14,14,0,1
raw-guarded,M_DOSRAW_VALIDEXTENT_84EF7CCB,DOSRAW,403,10,10,22,3,8
raw-guarded,M_TASKPOLICY_PREPARESTACK_1A1C583B,TASKPOLICY,401,18,10,18,0,5
raw-guarded,M_FSNAMES_VALIDALIAS_36EB4E14,FSNAMES,399,6,4,16,3,8
raw-guarded,M_CONSOLEINPUT_READ_9E7D5EC6,CONSOLEINPUT,398,16,10,22,1,11
raw-guarded,M_CONSOLECAPTURE_CLEARUNIT_43522FE3,CONSOLECAPTURE,397,18,12,30,1,7
raw-guarded,M_CONSOLEDISPLAY_FLUSHBATCH_36B2DD3C,CONSOLEDISPLAY,396,10,6,18,2,3
raw-guarded,M_DOSCOOKED_CLOSE_1355CA48,DOSCOOKED,396,18,10,30,3,6
raw-guarded,M_INPUT_POINTERCOORDINATE_C979CE22,INPUT,394,20,14,20,0,7
raw-guarded,M_FSWRITE_RENAME_4C9B6B85,FSWRITE,394,14,8,26,3,3
raw-guarded,M_FSREGISTRY_RELEASE_E0E99364,FSREGISTRY,390,12,6,24,4,5
raw-guarded,M_DEMO_SHELLALIASNAME_AB73FBF9,DEMO,390,12,6,12,0,13
raw-guarded,M_TASKPOLICY_PRIORITY_7FE7EE8A,TASKPOLICY,389,16,12,24,4,3
raw-guarded,M_FSREGISTRY_RETAINBASE_94E5BA0B,FSREGISTRY,388,14,6,18,3,7
raw-guarded,M_MYDOSFILE_SECTORALLOWED_E72DFCC7,MYDOSFILE,388,28,18,40,1,10
raw-guarded,M_FSPORTS_CREATE_D9675AD2,FSPORTS,387,18,14,30,3,3
raw-guarded,M_TASKPOLICY_EMPTYSIGNALS_EA2224E4,TASKPOLICY,383,12,12,12,0,1
raw-guarded,M_FSWRITEIO_ERROR_9F481FB3,FSWRITEIO,383,8,8,14,2,3
raw-guarded,M_BLOCKCACHE_STORE_364610B1,BLOCKCACHE,382,12,12,28,3,6
raw-guarded,M_DOSCALLS_CONFIGURED_B6EDEF76,DOSCALLS,382,16,8,30,2,9
raw-guarded,M_FSINSPECT_SYSTEMWRITABLE_448881D5,FSINSPECT,382,18,8,22,3,7
raw-guarded,M_BLOCKCACHE_FIND_1946044D,BLOCKCACHE,381,20,12,20,0,10
raw-guarded,M_FSNAMESPACE_DONE_F475AF73,FSNAMESPACE,381,12,12,24,2,3
raw-guarded,M_FSOPERATION_REPLYREADY_532E4DE6,FSOPERATION,380,4,4,14,4,9
raw-guarded,M_FSWRITE_ACCESS_0C7E9E15,FSWRITE,379,10,10,22,3,5
raw-guarded,M_TASKPOLICY_NOTIFYRESIDENTS_D29836FE,TASKPOLICY,377,16,10,28,3,9
raw-guarded,M_SDFS_CACHED_B7AA1E89,SDFS,377,16,12,22,1,1
raw-guarded,M_HEAPPOLICY_SHUTDOWN_9E341637,HEAPPOLICY,376,20,8,28,3,6
raw-guarded,M_CONSOLEFOREGROUND_RESOLVE_9B8D664B,CONSOLEFOREGROUND,376,22,16,30,2,6
raw-guarded,M_FSWRITEIO_CHECKPOINT_86192BF5,FSWRITEIO,376,6,6,18,5,4
raw-guarded,M_DOSSTREAMS_VALIDBUFFER_D67D80FE,DOSSTREAMS,374,10,10,22,3,7
raw-guarded,M_FSREGISTRY_STAMP_BE264D84,FSREGISTRY,373,14,10,18,4,3
raw-guarded,M_SDFSWRITE_DELETE_04723F49,SDFSWRITE,373,8,4,18,4,5
raw-guarded,M_DOSRAW_FINISH_BB47E14C,DOSRAW,372,12,8,22,2,3
raw-guarded,M_TASKPOLICY_SWITCH_98522C9E,TASKPOLICY,371,4,4,14,4,8
raw-guarded,M_CONSOLEDRIVER_FINISHWRITE_E8555190,CONSOLEDRIVER,371,4,4,10,4,6
raw-guarded,M_CONSOLETILING_HIDE_B9E54D0B,CONSOLETILING,369,12,8,20,6,5
raw-guarded,M_FSIO_OFFLINE_B7567A31,FSIO,369,12,8,18,1,9
raw-guarded,M_FSINIT_FAILED_4FB7E0CF,FSINIT,368,14,8,26,2,3
raw-guarded,M_PROCESS_DISCARDPREPARED_9F7D5787,PROCESS,366,20,8,28,4,5
raw-guarded,M_DEMO_SHELLCONVERT_E2CF79D9,DEMO,366,18,8,22,1,16
raw-guarded,M_HEAPCORE_CHUNKADDRESS_A551D41B,HEAPCORE,365,24,18,30,2,6
raw-guarded,M_DEMO_SHELLCACHESTATUS_0F6F58DA,DEMO,365,26,8,36,3,6
raw-guarded,M_DOSRAW_RETAIN_4DF2DE08,DOSRAW,364,12,8,18,5,5
raw-guarded,M_HEAPCORE_VALIDATE_B397AD34,HEAPCORE,363,26,14,36,3,6
raw-guarded,M_CONSOLEDRIVER_RETIREWORKER_09E7B3B9,CONSOLEDRIVER,363,4,4,10,5,3
raw-guarded,M_SDFSFILE_FAIL_23FC14B5,SDFSFILE,363,8,8,14,2,1
raw-guarded,M_CONSOLEINPUT_DELIVER_8B43A137,CONSOLEINPUT,362,14,10,26,2,8
raw-guarded,M_SIODRIVER_CLOSE_01A37B96,SIODRIVER,361,18,12,30,1,4
raw-guarded,M_MYDOSWRITE_RENAME_E308DCF0,MYDOSWRITE,361,10,6,20,3,6
raw-guarded,M_TASKPOLICY_BOUNDPRODUCER_6D7B4E54,TASKPOLICY,360,12,6,18,2,12
raw-guarded,M_FSINIT_PUBLISH_12D6516B,FSINIT,360,12,8,16,1,5
raw-guarded,M_FS83_MATCH_C3E96F9C,FS83,359,6,4,10,2,10
raw-guarded,M_FSMOUNT_DISPATCH_FD59F08F,FSMOUNT,359,24,8,30,1,1
raw-guarded,M_DOSCOMMAND_HELP_D3856E13,DOSCOMMAND,359,10,6,10,0,19
raw-guarded,M_CONSOLEDRIVER_SCREENWIDTH_857AD658,CONSOLEDRIVER,358,10,4,14,5,5
raw-guarded,M_CONSOLEDRIVER_SCREENHEIGHT_C12F3455,CONSOLEDRIVER,358,10,4,14,5,5
raw-guarded,M_CSTRING_IMPL_STRNCMP_6395B42E,CSTRING,357,12,6,12,0,10
raw-guarded,M_CONSOLEDRIVER_FINISHREAD_49C55BD3,CONSOLEDRIVER,355,4,4,10,4,5
raw-guarded,M_FSCORE_BEGINOPERATION_525CBD4F,FSCORE,355,8,8,8,0,1
raw-guarded,M_SDFS_ADVANCE_66AE3A9F,SDFS,355,20,14,26,1,3
raw-guarded,M_PROGRAMAPI_READARGS_BFA789E0,PROGRAMAPI,355,16,12,38,3,3
raw-guarded,M_FSFILES_DROPSHARED_A840009F,FSFILES,354,10,8,16,3,5
raw-guarded,M_TASKPOLICY_DRAINONE_68E56764,TASKPOLICY,353,10,4,16,4,9
raw-guarded,M_DOSRAW_RELEASEOPERATION_C2E80557,DOSRAW,353,6,6,12,4,7
raw-guarded,M_FSLEASES_SAME_B25DFB61,FSLEASES,353,24,14,24,0,3
raw-guarded,M_TASKPOLICY_WAKE_9E9C7518,TASKPOLICY,351,16,8,22,3,7
raw-guarded,M_O65_RELEASE_DA7FFCCE,O65,350,12,12,24,3,5
raw-guarded,M_SDFS_SECTORALLOWED_D0C4D1BB,SDFS,349,12,10,22,1,13
raw-guarded,M_FSDIRECTORY_SIZECONTINUESTEP_1EAFA525,FSDIRECTORY,349,12,8,24,3,3
raw-guarded,M_FSSYSTEM_SAMENAME_3086AACE,FSSYSTEM,348,6,4,14,4,8
raw-guarded,M_FSOBJECTS_FREE_154D29BE,FSOBJECTS,348,6,6,18,5,6
raw-guarded,M_SIODRIVER_RETIREWORKER_47CA3A29,SIODRIVER,347,6,4,12,5,3
raw-guarded,M_FSALLOC_ALLOCATED_A8A57AF0,FSALLOC,347,12,8,24,3,5
raw-guarded,M_TASKPOLICY_INITIONAMES_D8642B1E,TASKPOLICY,346,14,10,14,0,1
raw-guarded,M_CONSOLEBATCH_FEED_F2D299EE,CONSOLEBATCH,346,16,10,30,2,6
raw-guarded,M_FSHANDLER_FILESTEP_A93D50C2,FSHANDLER,346,16,12,28,3,4
raw-guarded,M_CONSOLEBITMAP_TEXTCARET_18ADBDA7,CONSOLEBITMAP,345,12,8,18,2,1
raw-guarded,M_SDFSNAME_CHOOSE_8F0B0401,SDFSNAME,342,8,4,18,4,5
raw-guarded,M_FS83_STORED_D2BF7200,FS83,341,6,4,10,1,16
raw-guarded,M_FSLOCKS_CREATE_34BC7CB2,FSLOCKS,341,20,10,26,2,7
raw-guarded,M_FS83_CHOOSE_D3525E62,FS83,340,8,8,18,1,7
raw-guarded,M_FSRELATIVE_ROOT_94E4441A,FSRELATIVE,340,8,8,20,3,3
raw-guarded,M_TASKPOLICY_PROCESSREMOVED_46C99271,TASKPOLICY,339,16,8,28,3,3
raw-guarded,M_CONSOLEWINDOWS_RETIRED_09D5DC06,CONSOLEWINDOWS,339,6,6,12,2,5
raw-guarded,M_MYDOSFILE_RESTART_75C66A72,MYDOSFILE,338,10,6,16,1,1
raw-guarded,M_FSNAMES_MAPPED_324F42A3,FSNAMES,337,24,18,36,1,6
raw-guarded,M_FSMUX_TAKE_F08F7501,FSMUX,337,6,2,12,3,9
raw-guarded,M_FSNAMES_SYSTEM_7AF4AE7D,FSNAMES,336,6,6,10,3,3
raw-guarded,M_PROGRAMIMAGE_ATTACH_B33B47DB,PROGRAMIMAGE,336,12,10,16,2,8
raw-guarded,M_TASKPOLICY_VALIDPROCESSENTRY_D56EBBFD,TASKPOLICY,335,16,10,24,2,8
raw-guarded,M_CONSOLEINPUT_CLEAR_3DEF4D2B,CONSOLEINPUT,335,10,6,18,4,3
raw-guarded,M_IORESIDENT_OPEN_6086F993,IORESIDENT,335,12,12,32,3,5
raw-guarded,M_SDFSFILE_CANCEL_B60AB817,SDFSFILE,335,18,16,30,1,4
raw-guarded,M_DEMO_SHELLALIASINDEX_3346373C,DEMO,335,10,8,20,1,9
raw-guarded,M_SIODRIVER_ABORTIO_689758F8,SIODRIVER,334,14,10,20,3,5
raw-guarded,M_FSLOCKS_ALLOCATE_39B5BEE3,FSLOCKS,334,20,14,32,2,3
raw-guarded,M_FSINFO_SAVE_B1E7031F,FSINFO,334,14,10,20,1,1
raw-guarded,M_EXECLISTS_INSERT_468B11BA,EXECLISTS,333,12,8,22,2,6
raw-guarded,M_MYDOSFILE_FAIL_8A60C23B,MYDOSFILE,332,12,8,18,1,1
raw-guarded,M_O65READ_TAKE_D99B2660,O65READ,332,18,18,28,1,6
raw-guarded,M_FSWRITE_VALIDATE_5FCFD495,FSWRITE,330,8,6,20,3,6
raw-guarded,M_TASKPOLICY_PROCESSFIND_A9822214,TASKPOLICY,327,16,12,20,1,9
raw-guarded,M_DEMO_SHELLPROMPT_49927678,DEMO,327,12,8,24,3,3
raw-guarded,M_DEMO_MAIN_C5B18743,DEMO,326,10,10,14,3,9
raw-guarded,M_FSLEASES_LINK_92921FD5,FSLEASES,324,8,8,14,3,3
raw-guarded,M_FSLOCKS_ROOT_D04E0C54,FSLOCKS,324,20,16,20,0,4
raw-guarded,M_EXECLISTS_ENQUEUE_763E1E61,EXECLISTS,323,8,4,20,2,6
raw-guarded,M_TASKPOLICY_PROCESSRECORDAVAILABLE_0E5B31EF,TASKPOLICY,323,20,8,24,1,1
raw-guarded,M_CONSOLEDISPLAY_VALIDATE_33E36106,CONSOLEDISPLAY,323,8,8,16,1,17
raw-guarded,M_DOSPIPE_UNWAIT_23BF06C3,DOSPIPE,323,14,8,20,1,9
raw-guarded,M_DOSSTREAMS_TRANSFERNIL_E7EA5C2C,DOSSTREAMS,322,8,8,20,2,5
raw-guarded,M_MYDOS_DATASECTOR_95277D3B,MYDOS,322,16,12,16,0,8
raw-guarded,M_HEAPCORE_NEXTADDRESS_E32592FF,HEAPCORE,320,24,18,30,1,7
raw-guarded,M_FSDIRECTORY_END_806A2136,FSDIRECTORY,320,16,16,30,3,1
raw-guarded,M_FSFILES_RETAIN_1627AB28,FSFILES,319,10,6,14,3,6
raw-guarded,M_TASKPOLICY_MEMORYPACKET_B36B55BB,TASKPOLICY,317,16,10,24,1,9
raw-guarded,M_DOSCALLS_OBJECT_E89E37D3,DOSCALLS,317,8,4,18,2,9
raw-guarded,M_FSRELATIVE_TRIM_C4B2DBD8,FSRELATIVE,314,10,10,10,0,8
raw-guarded,M_TASKPOLICY_REGISTER_6BEAF001,TASKPOLICY,313,18,14,22,1,8
raw-guarded,M_EXECLISTS_FINDNAME_2659CDBB,EXECLISTS,312,18,8,18,0,11
raw-guarded,M_CONSOLEWINDOWS_FIND_07AFDE1C,CONSOLEWINDOWS,312,22,16,28,2,4
raw-guarded,M_TASKPOLICY_SLOTFREE_73C36B44,TASKPOLICY,310,16,10,20,2,1
raw-guarded,M_CONSOLEDRIVER_BOUND_DEB813D0,CONSOLEDRIVER,309,18,12,24,2,5
raw-guarded,M_FSWORKER_FINISH_EC2E5E2B,FSWORKER,308,6,6,18,2,4
raw-guarded,M_TASKPOLICY_INITRESIDENTSTORAGE_FCEF7175,TASKPOLICY,306,20,10,20,0,4
raw-guarded,M_TASKPOLICY_DOSCANREMOVE_DB41E74E,TASKPOLICY,306,12,8,18,1,3
raw-guarded,M_MYDOS_BEGINMOUNT_AA58F6DF,MYDOS,304,10,10,10,0,3
raw-guarded,M_CSTRING_IMPL_STRCMP_87478B58,CSTRING,303,12,6,12,0,9
raw-guarded,M_SDFS_MOUNTBUFFERED_7F8C68E7,SDFS,301,12,8,22,1,3
raw-guarded,M_MYDOS_MOUNTBUFFERED_114678B9,MYDOS,301,12,8,22,1,3
raw-guarded,M_HEAPPOLICY_INIT_69D6AA0D,HEAPPOLICY,300,18,8,26,3,4
raw-guarded,M_FSSYSTEM_APPLY_F77568D5,FSSYSTEM,300,8,8,12,3,3
raw-guarded,M_DEMO_SHELLFAIL_8B3FAF62,DEMO,298,10,10,10,0,5
raw-guarded,M_CONSOLEFOREGROUND_RETIREUNBOUNDBREAKS_24224B11,CONSOLEFOREGROUND,297,18,8,18,0,6
raw-guarded,M_CONSOLEINPUT_SERVICE_4560B6F3,CONSOLEINPUT,297,14,10,20,3,5
raw-guarded,M_FSCORE_FINISHOPERATION_46633DF1,FSCORE,296,16,16,16,0,4
raw-guarded,M_FSINIT_MOUNTSTEP_D16E7745,FSINIT,292,10,6,16,3,4
raw-guarded,M_DEMO_SHELLSCOPE_835D7600,DEMO,292,10,10,22,3,3
raw-guarded,M_TASKPOLICY_INITSIGNALS_5C831CB9,TASKPOLICY,291,6,6,16,1,1
raw-guarded,M_TASKPOLICY_IOCLAIM_E59988BA,TASKPOLICY,291,16,12,26,2,5
raw-guarded,M_CONSOLEDISPLAY_POLL_204D6C85,CONSOLEDISPLAY,291,2,2,6,4,10
raw-guarded,M_DOSBREAK_FREE_76D15FA8,DOSBREAK,285,20,14,32,3,1
raw-guarded,M_TASKPOLICY_PROCESSINIT_C857F965,TASKPOLICY,284,10,6,16,3,4
raw-guarded,M_O65READ_U32_BA2CF799,O65READ,284,24,18,30,2,1
raw-guarded,M_TASKPOLICY_IOWAITOWNER_63A51E9E,TASKPOLICY,283,12,8,18,1,3
raw-guarded,M_SIODRIVER_STATE_C8F9434F,SIODRIVER,282,14,10,20,3,4
raw-guarded,M_FSACTIVE_CURRENTSCOPE_BF6A95BD,FSACTIVE,282,16,12,16,0,10
raw-guarded,M_DOSARGS_SAME_51AE7922,DOSARGS,282,12,8,16,2,7
raw-guarded,M_TASKPOLICY_PRODUCERSIGNALBOUND_5677CF48,TASKPOLICY,278,20,14,26,1,9
raw-guarded,M_DOSCALLS_NAMEARGUMENTS_4FEB00BB,DOSCALLS,278,10,10,10,0,4
raw-guarded,M_TASKPOLICY_IOBOUND_33A4879E,TASKPOLICY,277,16,12,16,0,7
raw-guarded,M_COOKEDLINE_DESTROY_77CB15F8,COOKEDLINE,277,6,6,18,2,6
raw-guarded,M_TASKPOLICY_FINISHDISPATCH_46CD5A79,TASKPOLICY,275,8,6,18,2,9
raw-guarded,M_FSMOUNT_DESTROYSTEP_4CF540E7,FSMOUNT,275,16,12,26,2,1
raw-guarded,M_HEAPPOLICY_RUNS_07A33D25,HEAPPOLICY,274,24,10,32,1,11
raw-guarded,M_CONSOLECORE_CLEAN_3E747584,CONSOLECORE,274,14,10,14,0,4
raw-guarded,M_INPUT_SHAPE_12014EFC,INPUT,272,22,22,22,0,8
raw-guarded,M_DEMO_SHELLEQUAL_87D888CC,DEMO,272,14,6,20,1,9
raw-guarded,M_TASKPOLICY_SAMENAME_968CD62D,TASKPOLICY,271,18,12,18,0,8
raw-guarded,M_TASKPOLICY_PROCESSOWNED_DDA89718,TASKPOLICY,271,16,12,20,1,8
raw-guarded,M_FSLOCKS_ADD_DEA4C903,FSLOCKS,271,8,8,8,0,3
raw-guarded,M_CONSOLEBITMAP_TEXT_D480A0BE,CONSOLEBITMAP,270,12,8,18,2,1
raw-guarded,M_INPUT_POINTERDELTAVALID_367584F0,INPUT,269,14,14,14,0,3
raw-guarded,M_SDFS_LENGTH_0EB65DB7,SDFS,269,18,18,28,1,1
raw-guarded,M_DEMO_SHELLINITIALPROMPT_533D0DC4,DEMO,268,12,12,16,2,1
raw-guarded,M_TASKPOLICY_POSTSIGNAL_10773240,TASKPOLICY,267,22,16,38,3,3
raw-guarded,M_TASKPOLICY_DOSCURRENT_4399DFDB,TASKPOLICY,264,12,8,20,2,5
raw-guarded,M_FSWRITEIO_LENGTH_F339C741,FSWRITEIO,264,16,16,28,1,1
raw-guarded,M_DEMO_SHELLSTART_EB23C688,DEMO,264,4,4,10,3,5
raw-guarded,M_CONSOLEDRIVER_REQUESTSTOP_763F8D8B,CONSOLEDRIVER,262,4,4,16,2,7
raw-guarded,M_DOSOBJECTS_LINK_9FA00D0F,DOSOBJECTS,262,12,8,18,1,3
raw-guarded,M_CONSOLECORE_FEEDBATCH_FBB9A7C1,CONSOLECORE,261,10,6,24,3,3
raw-guarded,M_O65READ_U8_A5F42EC2,O65READ,261,16,16,28,1,3
raw-guarded,M_DEMO_SHELLALIASTEXT_A6FBD7BD,DEMO,261,12,6,12,0,16
raw-guarded,M_DEMO_SHELLBYTE_63E82DA4,DEMO,258,16,12,28,2,1
raw-guarded,M_HEAPCORE_CANDIDATE_07CF3557,HEAPCORE,257,20,14,20,0,5
raw-guarded,M_COOKEDLINE_RETAIN_F54817A1,COOKEDLINE,257,6,6,10,3,4
raw-guarded,M_SDFSWRITE_ENTRYIO_D3D74C00,SDFSWRITE,255,20,20,34,2,1
raw-guarded,M_TASKPOLICY_MASKRESULT_220A6FAB,TASKPOLICY,254,18,14,26,1,1
raw-guarded,M_TASKPOLICY_IOCOMPLETE_88BA0BF3,TASKPOLICY,254,10,10,26,2,3
raw-guarded,M_DOSCALLS_ARGUMENTS_D4B63738,DOSCALLS,254,8,8,8,0,1
raw-guarded,M_FSRELATIVE_VALIDATE_0372B7FC,FSRELATIVE,253,12,12,22,1,5
raw-guarded,M_TASKPOLICY_EMPTYMEMORY_C893BDB0,TASKPOLICY,251,16,12,16,0,1
raw-guarded,M_TASKPOLICY_IOEXTENT_9818C08A,TASKPOLICY,251,18,14,24,1,5
raw-guarded,M_DOSFAULT_FAULT_7DB91D83,DOSFAULT,251,22,12,38,3,1
raw-guarded,M_TASKPOLICY_PRODUCERBINDING_1B8E711F,TASKPOLICY,248,6,6,10,2,9
raw-guarded,M_CONSOLEDISPLAY_CURSORPOSITION_6D01F173,CONSOLEDISPLAY,248,10,10,18,2,3
raw-guarded,M_COOKEDLINE_ENTER_AF5023D0,COOKEDLINE,248,6,6,10,3,4
raw-guarded,M_MYDOS_CREATEVOLUME_8FA50CD3,MYDOS,248,16,16,28,1,1
raw-guarded,M_FSDIRECTORY_SIZERESULT_7E5452EF,FSDIRECTORY,248,8,8,20,1,5
raw-guarded,M_O65READ_EQUAL_AD4D340B,O65READ,248,16,10,16,0,6
raw-guarded,M_TASKPOLICY_ARGUMENTPOINTER_A19325C6,TASKPOLICY,247,12,12,20,2,1
raw-guarded,M_IORESIDENT_BOUND_C1F0BA89,IORESIDENT,247,6,6,12,3,5
raw-guarded,M_COOKEDLINE_INIT_553F5E46,COOKEDLINE,247,6,6,6,0,1
raw-guarded,M_TASKPOLICY_DRAINWAKES_15F017CB,TASKPOLICY,246,4,2,8,3,7
raw-guarded,M_TASKPOLICY_APPLICATIONCOUNT_B3468565,TASKPOLICY,245,16,10,20,1,7
raw-guarded,M_IOCORE_DOIO_173DC4A1,IOCORE,245,20,14,26,2,3
raw-guarded,M_CONSOLEDRIVER_CLAIMWRITE_0313F299,CONSOLEDRIVER,244,12,8,18,3,1
raw-guarded,M_TASKPOLICY_VALIDENTRY_58BA8A58,TASKPOLICY,243,18,8,18,0,7
raw-guarded,M_BLOCKIO_SECTORBYTES_B8369631,BLOCKIO,243,10,10,10,0,9
raw-guarded,M_TASKPOLICY_COMPLETEWAIT_31FB45E4,TASKPOLICY,242,16,10,26,2,5
raw-guarded,M_FSOPERATION_CLAIM_4C8DDFC1,FSOPERATION,242,4,4,10,2,8
raw-guarded,M_SDFSNAME_DONE_34A5B326,SDFSNAME,241,6,6,12,1,9
raw-guarded,M_CONSOLEBITMAP_POLL_6E3B6F9E,CONSOLEBITMAP,240,10,6,16,2,8
raw-guarded,M_DEMO_SHELLPATHEQUAL_1BAC498B,DEMO,240,10,4,10,0,13
raw-guarded,M_CONSOLECAPTURE_ACQUIRE_39D4E6A8,CONSOLECAPTURE,239,12,12,22,1,1
raw-guarded,M_FSBACKEND_CREATEVOLUME_26C12EFC,FSBACKEND,239,2,2,8,3,5
raw-guarded,M_IORESIDENT_CLOSE_FE2B0633,IORESIDENT,238,6,6,12,3,5
raw-guarded,M_IORESIDENT_BEGINIO_914C855C,IORESIDENT,238,6,6,12,3,5
raw-guarded,M_IORESIDENT_ABORTIO_0DA61711,IORESIDENT,238,6,6,12,3,5
raw-guarded,M_FSBACKEND_FAIL_FA955312,FSBACKEND,238,8,8,20,2,3
raw-guarded,M_FSALLOC_FREE_BE46C827,FSALLOC,238,12,12,22,1,3
raw-guarded,M_TASKPOLICY_PROCESSCURRENT_78571A20,TASKPOLICY,236,12,8,16,1,6
raw-guarded,M_SIODRIVER_FREEWAITER_3A54C422,SIODRIVER,236,6,4,12,3,3
raw-guarded,M_CONSOLEDRIVER_RETAINOPENER_B80DF9C6,CONSOLEDRIVER,235,12,8,22,2,5
raw-guarded,M_CONSOLETILING_OWNED_E442B6FE,CONSOLETILING,235,12,12,18,1,3
raw-guarded,M_CONSOLEDRIVER_NOTIFY_2C61AA6D,CONSOLEDRIVER,234,14,8,26,1,4
raw-guarded,M_DOSSTREAMS_VALIDMODE_6A43AE29,DOSSTREAMS,234,12,12,12,0,1
raw-guarded,M_COOKEDLINE_ERASE_F76E1DAE,COOKEDLINE,234,18,14,18,0,4
raw-guarded,M_SDFS_RESTART_887C29F6,SDFS,234,10,6,16,1,1
raw-guarded,M_DEMO_SHELLTASKSTATE_696E6DB8,DEMO,234,6,2,16,1,10
raw-guarded,M_FSSYSTEM_NAMEBYTE_29131912,FSSYSTEM,233,2,2,6,2,8
raw-guarded,M_SDFS_CREATEWORK_894591E8,SDFS,233,16,16,28,1,1
raw-guarded,M_SDFS_CREATEVOLUME_B12DE8AD,SDFS,233,16,16,28,1,1
raw-guarded,M_INPUT_SHARED_40B1C6BE,INPUT,232,12,6,18,1,8
raw-guarded,M_CONSOLEDRIVER_FREEWAITER_5FC08D72,CONSOLEDRIVER,232,4,4,10,3,3
raw-guarded,M_BLOCKIO_CACHED_7ABF0DB0,BLOCKIO,232,10,10,10,0,5
raw-guarded,M_FSOPERATION_CANCELED_56B92A04,FSOPERATION,231,2,2,8,2,9
raw-guarded,M_FSHANDLER_RESOLVEREADYSTEP_BDBFDED1,FSHANDLER,231,14,10,20,2,3
raw-guarded,M_TASKPOLICY_READY_679992F5,TASKPOLICY,230,8,4,18,3,1
raw-guarded,M_PORTCORE_DELETEMSGPORT_9136F7C6,PORTCORE,230,8,6,20,3,3
raw-guarded,M_DOSCALLS_SELECTIONREADY_28C831A1,DOSCALLS,230,12,8,12,0,8
raw-guarded,M_PROGRAMPLACE_COPY_75B5AA8B,PROGRAMPLACE,230,18,12,18,0,4
raw-guarded,M_DOSOBJECTS_FIND_2E898C70,DOSOBJECTS,229,12,8,12,0,9
raw-guarded,M_FSBACKEND_BEGINENTRY_D3F74E4F,FSBACKEND,229,8,8,22,2,3
raw-guarded,M_O65RELOCATIONS_BASE_44BA7C79,O65RELOCATIONS,229,8,8,8,0,8
raw-guarded,M_DOSGROUP_CANCEL_B8897A90,DOSGROUP,229,2,2,8,4,3
raw-guarded,M_COOKEDLINE_CREATE_35929826,COOKEDLINE,227,18,14,30,2,3
raw-guarded,M_SDFS_ALLOWED_D687D449,SDFS,227,16,12,16,0,7
raw-guarded,M_SIODRIVER_NOTIFY_7F90C49D,SIODRIVER,226,14,8,26,1,4
raw-guarded,M_FSOPERATION_COLLECT_397028AF,FSOPERATION,226,6,6,12,1,4
raw-guarded,M_DEMO_SHELLCLOSECOMMANDINPUT_4078E4EF,DEMO,226,8,8,14,1,5
raw-guarded,M_CONSOLEFOREGROUND_NOTIFY_A30EB7D0,CONSOLEFOREGROUND,225,8,8,14,3,1
raw-guarded,M_DOSCALLS_SELECTED_604EA3D9,DOSCALLS,224,14,8,18,1,5
raw-guarded,M_FSFILES_CREATE_5EA85CDB,FSFILES,223,18,14,30,1,3
raw-guarded,M_FSHANDLER_COMPONENTSTEP_389CA8B9,FSHANDLER,223,8,4,14,2,3
raw-guarded,M_CSTRING_IMPL_STRNLEN_AC461397,CSTRING,223,8,4,8,0,6
raw-guarded,M_DEMO_SHELLPOLL_FD68673B,DEMO,220,10,10,22,2,3
raw-guarded,M_DOSARGS_CLEAR_67E19159,DOSARGS,219,12,8,12,0,7
raw-guarded,M_TASKPOLICY_VALIDMESSAGE_C0DE7739,TASKPOLICY,218,14,14,14,0,4
raw-guarded,M_TASKPOLICY_CONSOLENAMES_B9E6EA95,TASKPOLICY,218,16,10,16,0,1
raw-guarded,M_DEMO_SHELLPATHRESET_72A30C98,DEMO,218,12,12,24,2,1
raw-guarded,M_CONSOLEDRIVER_STATE_C6409A7F,CONSOLEDRIVER,217,8,4,12,3,1
raw-guarded,M_PROCESS_PREPARELOADED_143E0750,PROCESS,217,8,8,26,2,4
raw-guarded,M_INPUT_ROUTEVALID_38FC4B26,INPUT,216,16,16,16,0,1
raw-guarded,M_HEAPPOLICY_RESERVEVECTOR_C09ED6F4,HEAPPOLICY,214,18,12,30,2,3
raw-guarded,M_PROCESS_STARTLOADED_CDAA1C3D,PROCESS,214,8,8,26,2,3
raw-guarded,M_CONSOLEBITMAP_FILL_0D7F3514,CONSOLEBITMAP,213,8,4,14,2,1
raw-guarded,M_SIODRIVER_MATCHES_AEE1C237,SIODRIVER,212,14,10,14,0,8
raw-guarded,M_DOSPIPE_WAKE_206F5695,DOSPIPE,212,12,8,24,1,4
raw-guarded,M_FSMUX_CONTROL_16FCB25F,FSMUX,212,12,8,18,1,3
raw-guarded,M_CONSOLECONTROL_APPLY_DCB506BB,CONSOLECONTROL,211,2,2,8,3,6
raw-guarded,M_COOKEDLINE_RESETHISTORY_27C90F73,COOKEDLINE,209,8,8,8,0,3
raw-guarded,M_SDFS_BEGINMOUNT_68830325,SDFS,209,6,6,12,1,1
raw-guarded,M_FSWRITE_MARK_8F6D7604,FSWRITE,209,4,4,14,2,3
raw-guarded,M_MYDOSFILE_ADVANCE_71346BED,MYDOSFILE,208,18,14,24,1,1
raw-guarded,M_CONSOLECORE_CHANGED_16194333,CONSOLECORE,207,10,10,10,0,5
raw-guarded,M_CONSOLEFOREGROUND_REGISTER_0F2DE106,CONSOLEFOREGROUND,207,16,10,28,1,3
raw-guarded,M_BLOCKIO_DEVICENAME_55BC3EC3,BLOCKIO,207,0,0,0,0,1
raw-guarded,M_FSBACKEND_STARTRESOLVE_75FDEFE2,FSBACKEND,207,4,4,14,2,3
raw-guarded,M_FSBACKEND_OPEN_70C2A6B2,FSBACKEND,207,4,4,14,2,3
raw-guarded,M_FSBACKEND_MEASURE_AD470D66,FSBACKEND,207,4,4,14,2,3
raw-guarded,M_FSBACKEND_VALIDATEBASE_C7106A97,FSBACKEND,207,6,6,16,2,3
raw-guarded,M_DOSWIRE_ISPOINTER_E1AC855F,DOSWIRE,205,14,14,14,0,1
raw-guarded,M_MYDOS_STARTRESOLVE_24B3B079,MYDOS,204,6,6,16,2,5
raw-guarded,M_FSBACKEND_BEGINREAD_9B747D7D,FSBACKEND,204,8,8,14,2,3
raw-guarded,M_FSBACKEND_BEGINSEEK_65568135,FSBACKEND,204,8,8,14,2,3
raw-guarded,M_FSBACKEND_CONTINUEOPERATION_B2B07804,FSBACKEND,204,8,8,14,2,3
raw-guarded,M_FSBACKEND_CANCEL_CF93E684,FSBACKEND,204,8,8,14,2,3
raw-guarded,M_BOOTCONFIG_VALIDBLOCKS_EA50F717,BOOTCONFIG,203,8,8,8,0,1
raw-guarded,M_BLOCKCACHE_COPY_EC1E9165,BLOCKCACHE,203,18,8,18,0,4
raw-guarded,M_COOKEDLINE_FREEHISTORY_E31E705E,COOKEDLINE,203,8,8,20,1,3
raw-guarded,M_HEAPPOLICY_VECTORBYTES_E6541B8F,HEAPPOLICY,202,16,10,24,1,4
raw-guarded,M_CONSOLEBATCH_DUE_DFFF17C0,CONSOLEBATCH,202,8,8,8,0,9
raw-guarded,M_DOSBREAK_PENDING_1B1DF51D,DOSBREAK,202,12,8,16,1,5
raw-guarded,M_TASKPOLICY_PROCESSCONTROL_6911FE90,TASKPOLICY,201,12,8,22,2,1
raw-guarded,M_CONSOLEFOREGROUND_NOTIFYONE_981F2C18,CONSOLEFOREGROUND,199,8,8,20,1,6
raw-guarded,M_FSREGISTRY_RETAIN_218C5FAC,FSREGISTRY,199,6,4,10,2,3
raw-guarded,M_O65READ_NAMEBYTE_937CC326,O65READ,199,6,6,6,0,7
raw-guarded,M_DEMO_DEMOTEXT_C012A5A2,DEMO,199,16,10,16,0,5
raw-guarded,M_DEMO_SHELLALIASEXPAND_1DD100F8,DEMO,198,4,4,8,2,6
raw-guarded,M_SDFS_DESTROYWORK_D1F8FE6A,SDFS,197,8,8,20,1,3
raw-guarded,M_SDFS_DESTROYVOLUME_8A02EFB7,SDFS,197,8,8,20,1,3
raw-guarded,M_MYDOS_DESTROYVOLUME_8DF1D5D5,MYDOS,197,8,8,20,1,3
raw-guarded,M_CONSOLECORE_EDITQUANTUM_E6CDEC54,CONSOLECORE,196,6,6,18,2,3
raw-guarded,M_DOSGROUP_VALID_7D621B56,DOSGROUP,195,8,8,12,1,4
raw-guarded,M_CONSOLEDRIVER_WAITCHANGE_4E83E195,CONSOLEDRIVER,194,16,10,24,1,1
raw-guarded,M_SIODRIVER_WAITCHANGE_D2A1FD05,SIODRIVER,194,16,10,24,1,1
raw-guarded,M_BLOCKCACHE_SETINDEX_5318FF18,BLOCKCACHE,194,14,10,14,0,3
raw-guarded,M_FSFILES_ALLOCATE_3EE5B3A2,FSFILES,194,18,14,30,1,3
raw-guarded,M_DOSGROUP_READY_271F659D,DOSGROUP,194,12,8,18,1,3
raw-guarded,M_DOSINHERIT_ADOPT_35538564,DOSINHERIT,193,8,4,18,2,5
raw-guarded,M_TASKPOLICY_DOSRESET_224DFB33,TASKPOLICY,191,10,6,16,1,1
raw-guarded,M_TASKPOLICY_DOSWORKERBOUND_DB9BCF66,TASKPOLICY,191,12,8,12,0,1
raw-guarded,M_TASKPOLICY_PROTECTED_FCDCE808,TASKPOLICY,189,6,6,12,1,1
raw-guarded,M_PROGRAMAPI_READARGSORHELP_0AAF8D06,PROGRAMAPI,189,14,14,36,2,1
raw-guarded,M_MYDOS_RESOLVECOMPONENT_8F2130C4,MYDOS,186,6,6,12,1,3
raw-guarded,M_CONSOLECAPTURE_PUBLISH_C5573D67,CONSOLECAPTURE,184,12,12,24,2,3
raw-guarded,M_O65READ_U16_9E5A6B5F,O65READ,184,12,8,18,2,1
raw-guarded,M_MYDOSFILE_NEEDSECTOR_4EE2E2C1,MYDOSFILE,183,12,8,18,1,1
raw-guarded,M_SDFSDATE_MONTHDAYS_18463582,SDFSDATE,183,4,4,10,1,8
raw-guarded,M_FSBACKEND_BEGINMOUNT_3F96891C,FSBACKEND,181,4,4,10,2,3
raw-guarded,M_FSBACKEND_MOUNTBUFFERED_E1BCDBDC,FSBACKEND,181,4,4,10,2,3
raw-guarded,M_FSBACKEND_BUFFEREDENTRY_A53297ED,FSBACKEND,181,4,4,10,2,3
raw-guarded,M_FSBACKEND_RESOLVECOMPONENT_25BBEDCF,FSBACKEND,181,4,4,10,2,3
raw-guarded,M_FSBACKEND_RESOLVESTEP_71F5161C,FSBACKEND,181,4,4,10,2,3
raw-guarded,M_FSBACKEND_DESCEND_696B876C,FSBACKEND,181,4,4,10,2,3
raw-guarded,M_TASKPOLICY_VALIDPORT_7710F985,TASKPOLICY,180,2,2,8,1,8
raw-guarded,M_FSLOCKS_FREE_701F260A,FSLOCKS,180,12,12,24,2,1
raw-guarded,M_COOKEDLINE_LOSE_A2B86A77,COOKEDLINE,178,6,6,12,2,1
raw-guarded,M_DOSBREAK_CURRENT_B838AC0B,DOSBREAK,178,14,8,18,1,3
raw-guarded,M_SIODRIVER_REAP_531B42EA,SIODRIVER,177,4,4,4,0,6
raw-guarded,M_TASKPOLICY_POINTERRESULT_E8D88610,TASKPOLICY,174,16,12,24,1,1
raw-guarded,M_HEAPPOLICY_MATCHES_ACC95206,HEAPPOLICY,173,18,14,18,0,3
raw-guarded,M_IOCORE_DELETEIOREQUEST_93A87E78,IOCORE,173,10,6,22,2,3
raw-guarded,M_FSLOCKS_ALLOCATION_5B5A6C20,FSLOCKS,173,12,8,18,1,1
raw-guarded,M_DOSCLIENT_CLEARSELECTIONS_93A1D5D6,DOSCLIENT,169,4,4,4,0,5
raw-guarded,M_TASKPOLICY_CONSOLEINIT_02CC0011,TASKPOLICY,168,14,8,18,1,4
raw-guarded,M_CONSOLECORE_NEWLINE_97A73E23,CONSOLECORE,167,6,6,6,0,4
raw-guarded,M_O65READ_SECTIONSIZE_0E90CADD,O65READ,167,6,6,6,0,8
raw-guarded,M_DEMO_SHELLPATHENTRY_DB7471EF,DEMO,166,12,12,12,0,1
raw-guarded,M_CONSOLEDISPLAY_QUANTUM_5F98A18D,CONSOLEDISPLAY,165,2,2,12,2,3
raw-guarded,M_O65READ_LITERAL_8D1D12D6,O65READ,165,8,8,22,1,3
raw-guarded,M_EXECLISTS_REMOVE_2E26C2C1,EXECLISTS,163,6,0,6,0,1
raw-guarded,M_CONSOLEDRIVER_COLLECT_102291BE,CONSOLEDRIVER,163,22,22,34,1,1
raw-guarded,M_FSSYSTEM_UNIT_D8E8C927,FSSYSTEM,163,4,4,8,2,3
raw-guarded,M_FSREGISTRY_FINDOBJECT_780CC443,FSREGISTRY,163,8,4,18,2,1
raw-guarded,M_O65RELOCATIONS_PATCHES_74DD4940,O65RELOCATIONS,163,6,6,16,1,1
raw-guarded,M_FSCORE_COPYENTRY_48DFB26E,FSCORE,162,20,10,20,0,4
raw-guarded,__a816_mod_i32_v2,<runtime>,162,0,0,0,0,0
raw-guarded,__a816_div_i32_v2,<runtime>,162,0,0,0,0,0
raw-guarded,M_FSBACKEND_DESTROYVOLUME_B6078DE8,FSBACKEND,160,2,2,8,2,6
raw-guarded,M_INPUT_CAPTURE_307447C1,INPUT,159,8,8,14,1,3
raw-guarded,M_EXECLISTS_REMTAIL_292EAA27,EXECLISTS,158,8,4,14,1,3
raw-guarded,M_CONSOLEBATCH_PUBLISH_28F83695,CONSOLEBATCH,158,4,4,14,1,5
raw-guarded,M_DISPLAY_BEGINRELEASE_D060B9F5,DISPLAY,158,2,2,8,1,5
raw-guarded,M_FSLEASES_OBJECTENTRY_FCD8C666,FSLEASES,157,14,8,14,0,3
raw-guarded,M_O65MEMORY_RESERVE_67ABB944,O65MEMORY,157,18,18,30,1,1
raw-guarded,M_DOSRAW_UNITREGISTRY_DD0D5704,DOSRAW,156,16,16,16,0,1
raw-guarded,M_TASKPOLICY_SIGNALBIT_7E52F9EF,TASKPOLICY,155,14,14,14,0,1
raw-guarded,M_EXECLISTS_ADDTAIL_A1C0F364,EXECLISTS,154,4,0,4,0,1
raw-guarded,M_EXECLISTS_REMHEAD_F8063CE7,EXECLISTS,154,8,4,14,1,3
raw-guarded,M_HEAPCORE_ROUNDED_9D79FA03,HEAPCORE,154,14,14,14,0,4
raw-guarded,M_DOSCLIENT_SETIOERR_93E1A287,DOSCLIENT,152,14,6,18,1,1
raw-guarded,M_BLOCKIO_INVALIDATE_E4DCC90F,BLOCKIO,152,4,4,14,2,1
raw-guarded,M_BLOCKCACHE_PAYLOAD_A5530E46,BLOCKCACHE,151,12,12,12,0,1
raw-guarded,M_TASKPOLICY_PORTSTORAGE_D3468DA2,TASKPOLICY,150,14,14,14,0,3
raw-guarded,M_DEMO_SHELLCLEAR_C99F4545,DEMO,150,12,8,16,1,1
raw-guarded,M_SDFS_INVALIDATE_8CE6E30A,SDFS,149,8,4,14,1,1
raw-guarded,M_CSTRING_IMPL_STRLEN_EB4E5981,CSTRING,149,8,4,8,0,4
raw-guarded,M_CSTRING_IMPL_STRCHR_2037DF45,CSTRING,149,8,4,8,0,7
raw-guarded,M_DOSARGS_LETTER_897462C0,DOSARGS,148,4,4,4,0,1
raw-guarded,M_DEMO_SHELLPATHMISS_F697D8DD,DEMO,148,10,10,10,0,1
raw-guarded,M_DOSUTILITY_READERINIT_DF037B30,DOSUTILITY,147,10,6,10,0,1
raw-guarded,M_PROCESS_GETARGSTR_37000207,PROCESS,147,12,8,16,1,3
raw-guarded,M_EXECLISTS_ADDHEAD_3AE3E6E4,EXECLISTS,146,4,0,4,0,1
raw-guarded,M_BLOCKCACHE_METADATABYTES_EA4C1D98,BLOCKCACHE,146,8,8,18,1,1
raw-guarded,M_DISPLAY_ACTIVATE_FA0B49D8,DISPLAY,144,2,2,8,1,4
raw-guarded,M_TASKPOLICY_DOSSLOTFOR_362EB215,TASKPOLICY,141,12,12,12,0,1
raw-guarded,M_TASKPOLICY_PROCESSFOR_0276CBEE,TASKPOLICY,141,8,4,12,1,1
raw-guarded,M_TASKPOLICY_IOERROR_9413450C,TASKPOLICY,140,12,8,22,1,3
raw-guarded,M_DOSCLIENT_ENSURE_1859B044,DOSCLIENT,140,8,8,14,2,1
raw-guarded,M_COOKEDLINE_HISTORYSLOT_205258CE,COOKEDLINE,139,12,12,12,0,1
raw-guarded,M_HEAPPOLICY_MEMORYTYPE_D394B206,HEAPPOLICY,138,8,4,14,1,3
raw-guarded,M_CONSOLEINPUT_INIT_5076ECFA,CONSOLEINPUT,138,4,4,4,0,1
raw-guarded,M_TASKPOLICY_CONSOLENAME_0C46F590,TASKPOLICY,137,10,10,20,1,1
raw-guarded,M_FS83_LEGAL_57119700,FS83,137,2,2,2,0,10
raw-guarded,M_O65READ_EXTENT_816E81E1,O65READ,137,18,18,18,0,1
raw-guarded,M_CONSOLEBITMAP_CLOSE_9D29479F,CONSOLEBITMAP,135,8,6,14,1,1
raw-guarded,M_DEMO_SHELLLENGTH_41312048,DEMO,134,8,8,18,1,1
raw-guarded,M_TASKPOLICY_INITPORTS_2CB7E92A,TASKPOLICY,131,12,8,18,1,1
raw-guarded,M_CONSOLEBITMAP_GETPACKET_5A801E1D,CONSOLEBITMAP,131,12,8,16,1,1
raw-guarded,M_FSREGISTRY_SERVICE_31663004,FSREGISTRY,131,12,8,16,1,1
raw-guarded,M_COOKEDLINE_EMPTY_73E023F3,COOKEDLINE,130,4,4,4,0,1
raw-guarded,M_FSLEASES_WRITABLE_932CF683,FSLEASES,130,12,8,12,0,3
raw-guarded,M_DISPLAY_FAULT_17A2F7BD,DISPLAY,128,2,2,8,1,3
raw-guarded,M_CONSOLEDRIVER_COMPLETE_39781A87,CONSOLEDRIVER,127,2,2,8,1,4
raw-guarded,M_FSWRITEIO_WORD_326DCDF9,FSWRITEIO,127,8,8,8,0,1
raw-guarded,M_TASKPOLICY_DOSREMOVED_D36757B2,TASKPOLICY,126,12,8,12,0,3
raw-guarded,M_FSINFO_CLEAR_E168B3AB,FSINFO,125,14,8,14,0,4
raw-guarded,M_HEAPPOLICY_HEADER_A992FDFC,HEAPPOLICY,124,12,12,12,0,1
raw-guarded,M_BLOCKIO_PUBLISH_42B93901,BLOCKIO,124,6,6,6,0,1
raw-guarded,M_FSBACKEND_INVALIDATE_9F423887,FSBACKEND,124,4,4,10,1,5
raw-guarded,M_MYDOSWRITE_LIMIT_E01793D7,MYDOSWRITE,124,14,14,14,0,3
raw-guarded,M_DOSCLIENT_IOERR_BF9E8A97,DOSCLIENT,123,10,6,14,1,1
raw-guarded,M_FSHANDLER_BEGINRESOLVE_DD06EE7B,FSHANDLER,123,2,2,8,1,1
raw-guarded,M_DOSCALLS_BADOBJECT_51D88018,DOSCALLS,123,6,6,6,0,4
raw-guarded,M_TASKPOLICY_RECORDFOR_833E2B66,TASKPOLICY,122,12,12,12,0,1
raw-guarded,M_DISPLAY_CHECK_D0D668F5,DISPLAY,122,2,2,8,1,5
raw-guarded,M_DOSRAW_OPEN_5F7F2547,DOSRAW,122,8,8,22,1,1
raw-guarded,M_FSPORTS_DELETE_FC342961,FSPORTS,122,6,6,18,1,3
raw-guarded,M_CONSOLEBITMAP_ENABLED_B5633DC6,CONSOLEBITMAP,121,8,4,12,1,1
raw-guarded,M_CONSOLEBITMAP_FAILED_26B87568,CONSOLEBITMAP,121,8,4,12,1,1
raw-guarded,M_DOSCALLS_DELETEFILE_59D38A29,DOSCALLS,121,10,10,24,1,1
raw-guarded,M_DOSCALLS_RENAME_EEAD93B4,DOSCALLS,121,10,10,24,1,1
raw-guarded,M_DOS_EXAMINE_1F15C1B0,DOS,121,10,10,24,1,1
raw-guarded,M_DOS_EXNEXT_623C7B53,DOS,121,10,10,24,1,1
raw-guarded,M_PROCESS_CONTROL_D28A63F1,PROCESS,121,8,8,16,1,1
raw-guarded,M_PROGRAMAPI_EXAMINE_6478E83C,PROGRAMAPI,121,10,10,24,1,1
raw-guarded,M_PROGRAMAPI_EXNEXT_3BA57C27,PROGRAMAPI,121,10,10,24,1,1
raw-guarded,M_TASKPOLICY_ADJUSTTIMED_DDC1BE1E,TASKPOLICY,120,6,2,6,0,4
raw-guarded,M_TASKPOLICY_MEMORYSERVICE_7FAD083C,TASKPOLICY,120,4,4,4,0,1
raw-guarded,M_DOSRAW_CLOSE_4F38859D,DOSRAW,118,6,6,18,1,1
raw-guarded,M_MYDOSWRITE_BAD_ECEFF42B,MYDOSWRITE,118,6,6,18,1,1
raw-guarded,M_SDFSWRITE_BAD_5E3D66D1,SDFSWRITE,118,6,6,18,1,1
raw-guarded,M_O65MEMORY_STORAGE_289ABF3F,O65MEMORY,118,8,8,20,1,1
raw-guarded,M_CONSOLEDISPLAY_GLYPH_DCC4F92E,CONSOLEDISPLAY,117,12,8,12,0,3
raw-guarded,M_DOSRAW_ROLLBACK_4A7594F5,DOSRAW,117,0,0,4,2,1
raw-guarded,M_DOSCLIENT_SETERROR_F2B11A26,DOSCLIENT,116,10,6,14,1,1
raw-guarded,M_FSSYSTEM_SYSTEMUNIT_F93F9C60,FSSYSTEM,115,4,4,8,1,3
raw-guarded,M_TASKPOLICY_SETSTATE_52D88FAF,TASKPOLICY,114,6,2,6,0,3
raw-guarded,M_SDFS_WORD_9040534F,SDFS,114,8,8,8,0,1
raw-guarded,M_EXECLISTS_ISLISTEMPTY_6EEB0796,EXECLISTS,113,12,12,12,0,1
raw-guarded,M_INPUT_SOURCESTATE_ED5DBA81,INPUT,113,8,8,8,0,3
raw-guarded,M_CONSOLECORE_CELLOFFSET_711520EE,CONSOLECORE,112,10,6,10,0,3
raw-guarded,M_TASKPOLICY_PROCESSCLEAR_BCDB987A,TASKPOLICY,111,12,6,12,0,4
raw-guarded,M_INPUT_SOURCEOF_A387FC4D,INPUT,111,6,6,6,0,4
raw-guarded,M_PROCESS_START_10858ECA,PROCESS,111,8,8,26,1,1
raw-guarded,M_PROCESS_STARTFOREGROUND_F931F4E9,PROCESS,111,8,8,26,1,1
raw-guarded,M_TASKPOLICY_IONAME_8B922013,TASKPOLICY,109,2,2,12,1,3
raw-guarded,M_TASKPOLICY_CONSOLEDEVICE_34497CA3,TASKPOLICY,109,12,12,12,0,1
raw-guarded,M_DOSARGS_UPPER_7F315E6C,DOSARGS,109,4,4,4,0,5
raw-guarded,M_FSWRITEIO_ZERO_F685105B,FSWRITEIO,108,10,6,10,0,4
raw-guarded,M_CONSOLEINPUT_LOSE_42C88EE3,CONSOLEINPUT,107,4,4,4,0,1
raw-guarded,M_SDFSDIR_ERROR_F11B3DDA,SDFSDIR,107,6,6,12,1,1
raw-guarded,M_DOS_SELECTINPUT_FF0F4771,DOS,107,8,8,16,1,1
raw-guarded,M_DOS_SELECTOUTPUT_3A928904,DOS,107,8,8,16,1,1
raw-guarded,M_CONSOLEWINDOWS_LIVE_CF72384F,CONSOLEWINDOWS,106,4,4,4,0,1
raw-guarded,M_DOSARGS_BOUNDEDLENGTH_E004A013,DOSARGS,106,10,6,10,0,6
raw-guarded,M_BOOTCONFIG_STATUS_B93FBCBB,BOOTCONFIG,105,14,10,14,0,1
raw-guarded,M_BOOTCONFIG_SYSTEMDRIVE_62E82846,BOOTCONFIG,105,14,10,14,0,1
raw-guarded,M_CONSOLECORE_FEED_287D49E7,CONSOLECORE,105,6,6,20,1,1
raw-guarded,M_COOKEDLINE_LEAVE_C362F351,COOKEDLINE,105,0,0,4,2,1
raw-guarded,M_BLOCKWIRE_TRANSFER_0A2F17CC,BLOCKWIRE,105,4,4,18,1,1
raw-guarded,M_BLOCKWIRE_TRANSFERCOMMITTED_FEB13FCA,BLOCKWIRE,105,4,4,18,1,1
raw-guarded,M_HEAPCORE_ALLOCATE_E39F1AF5,HEAPCORE,102,8,8,20,1,1
raw-guarded,M_TASKPOLICY_CANCELWAKE_8ADC984A,TASKPOLICY,100,2,2,8,1,3
raw-guarded,M_IOCORE_BEGINIO_FAB52593,IOCORE,100,12,6,20,1,1
raw-guarded,M_IOCORE_SENDIO_CA4E16BA,IOCORE,100,12,6,20,1,1
raw-guarded,M_DEMO_SHELLDRAWBUFFER_40A1F650,DEMO,99,12,12,12,0,1
raw-guarded,M_DEMO_SHELLSCRATCH_4CC9A4C2,DEMO,99,12,12,12,0,1
raw-guarded,M_DEMO_SHELLTRANSFER_5E61BE6D,DEMO,99,12,12,12,0,1
raw-guarded,M_CONSOLEDISPLAY_WIDTH_10C212F0,CONSOLEDISPLAY,98,2,2,6,1,3
raw-guarded,M_CONSOLEDISPLAY_HEIGHT_F3C514AD,CONSOLEDISPLAY,98,2,2,6,1,3
raw-guarded,M_DOS_INPUT_41B1DDE9,DOS,98,8,8,12,1,1
raw-guarded,M_DOS_OUTPUT_DF7018DC,DOS,98,8,8,12,1,1
raw-guarded,__a816_div_u32_v2,<runtime>,97,0,0,0,0,0
raw-guarded,__a816_mod_u32_v2,<runtime>,97,0,0,0,0,0
raw-guarded,M_INPUT_FILTERVALID_D26629FB,INPUT,96,4,4,4,0,1
raw-guarded,M_PROGRAMPLACE_PATCHES_2338CDC0,PROGRAMPLACE,96,2,2,12,1,1
raw-guarded,M_EXECMEMORY_VALIDOWNER_462B929A,EXECMEMORY,95,6,6,6,0,4
raw-guarded,M_O65MEMORY_ALLOCATE_1084F809,O65MEMORY,95,4,4,16,1,1
raw-guarded,M_HEAPCORE_LINK_9B47F952,HEAPCORE,91,2,2,2,0,4
raw-guarded,M_FSLOCKS_TEXT_C72F70F3,FSLOCKS,91,12,12,12,0,1
raw-guarded,M_IOCORE_START_4033F51A,IOCORE,89,6,6,14,1,1
raw-guarded,M_FSBACKEND_DESTROYWORK_CA11D009,FSBACKEND,89,2,2,8,1,3
raw-guarded,M_O65RELOCATIONS_READ_4B7C0B1C,O65RELOCATIONS,89,2,2,12,1,1
raw-guarded,M_PROCESS_CURRENT_07EFB7F5,PROCESS,89,4,4,12,1,1
raw-guarded,M_DEMO_SHELLLINE_05385AFA,DEMO,89,12,12,12,0,1
raw-guarded,M_O65READ_FAIL_6B141CC7,O65READ,87,6,6,6,0,3
raw-guarded,M_FS83_FOLD_0A64C6B8,FS83,86,2,2,2,0,4
raw-guarded,M_TASKPOLICY_KEYBOARDBINDING_7A2395A8,TASKPOLICY,85,10,10,10,0,1
raw-guarded,M_TASKPOLICY_POINTERBINDING_D35CECAC,TASKPOLICY,85,10,10,10,0,1
raw-guarded,M_TASKPOLICY_PORTSERVICE_8D598BCC,TASKPOLICY,84,4,4,4,0,1
raw-guarded,M_TASKPOLICY_IOSERVICE_1E6CF653,TASKPOLICY,84,4,4,4,0,1
raw-guarded,M_SDFSDATE_LEAP_5FE3C9CD,SDFSDATE,83,6,6,6,0,1
raw-guarded,M_TASKPOLICY_SAVEDWORD_D1C8E663,TASKPOLICY,82,12,8,12,0,1
raw-guarded,M_TASKPOLICY_FLAGS_56B3B4FF,TASKPOLICY,82,12,8,12,0,1
raw-guarded,M_TASKSTACKS_STACKLOWER_64542B4C,TASKSTACKS,82,8,8,8,0,1
raw-guarded,M_TASKSTACKS_STACKUPPER_7AF4EA13,TASKSTACKS,82,8,8,8,0,1
raw-guarded,M_FSBACKEND_AVAILABLE_56F19E57,FSBACKEND,80,4,4,4,0,1
raw-guarded,M_PROGRAMAPI_INPUT_CF30B53D,PROGRAMAPI,80,4,4,8,1,1
raw-guarded,M_PROGRAMAPI_OUTPUT_24288338,PROGRAMAPI,80,4,4,8,1,1
raw-guarded,M_HEAPCORE_WRITECHUNK_D768FC26,HEAPCORE,78,6,6,6,0,1
raw-guarded,M_TASKPOLICY_KEYBOARDCLAIM_2C621EDB,TASKPOLICY,78,2,2,6,1,1
raw-guarded,M_TASKPOLICY_POINTERCLAIM_44D64EBF,TASKPOLICY,78,2,2,6,1,1
raw-guarded,M_BLOCKIO_DISCARDBUFFER_3EED9C90,BLOCKIO,78,4,4,4,0,1
raw-guarded,M_CONSOLEDISPLAY_POSITION_5668E3AD,CONSOLEDISPLAY,77,8,8,8,0,1
raw-guarded,__a816_mul_u24_v2,<runtime>,76,0,0,0,0,0
raw-guarded,M_BOOTCONFIG_CACHEBLOCKS_B221B0CF,BOOTCONFIG,75,12,8,12,0,1
raw-guarded,M_TASKPOLICY_RESULT_DA2077E3,TASKPOLICY,73,12,8,12,0,1
raw-guarded,M_SDFS_MAP_D6A7DDA3,SDFS,72,8,8,8,0,1
raw-guarded,M_MYDOSFILE_CHAIN_94A5D226,MYDOSFILE,72,8,8,8,0,1
raw-guarded,M_FSBACKEND_ENUMLIMIT_D60FC50E,FSBACKEND,72,2,2,2,0,3
raw-guarded,M_FSINFO_ENUMERATIONSTATE_A9C412AA,FSINFO,72,8,4,8,0,1
raw-guarded,M_TASKPOLICY_TIMEDCOUNT_C3B59E74,TASKPOLICY,71,6,2,6,0,1
raw-guarded,M_SIODRIVER_UNAVAILABLE_B7013E26,SIODRIVER,71,6,2,6,0,1
raw-guarded,M_SDFS_GETSTATE_E428DC88,SDFS,71,8,8,8,0,1
raw-guarded,M_FSWRITEIO_STATE_A0FFD18A,FSWRITEIO,71,8,8,8,0,1
raw-guarded,M_EXECMEMORY_VALIDBANK_E9E0A79B,EXECMEMORY,69,6,6,6,0,3
raw-guarded,M_FSLOCKS_TRAILER_B3BA463B,FSLOCKS,64,8,8,8,0,1
raw-guarded,__a816_div_u16_v2,<runtime>,64,0,0,0,0,0
raw-guarded,__a816_mod_u16_v2,<runtime>,64,0,0,0,0,0
raw-guarded,M_EXECLISTS_NEWLIST_B3502541,EXECLISTS,63,0,0,0,0,1
raw-guarded,M_HEAPPOLICY_GETSTATE_9B9EAF7C,HEAPPOLICY,62,8,8,8,0,1
raw-guarded,M_PROCESSSTATE_REGISTRY_559AFD20,PROCESSSTATE,62,8,8,8,0,1
raw-guarded,M_CONSOLEBATCH_GET_1DDD9652,CONSOLEBATCH,62,4,4,4,0,1
raw-guarded,M_CONSOLEBITMAP_GETBINDING_4C301254,CONSOLEBITMAP,62,8,8,8,0,1
raw-guarded,M_CONSOLEWINDOWS_REGISTRY_F9AAFFE0,CONSOLEWINDOWS,62,8,8,8,0,1
raw-guarded,M_CONSOLECAPTURE_GETLEASE_6E44FE9A,CONSOLECAPTURE,62,4,4,4,0,1
raw-guarded,M_CONSOLEFOREGROUND_REGISTRY_ABF9F388,CONSOLEFOREGROUND,62,8,8,8,0,1
raw-guarded,M_CONSOLEDRIVER_GETSERVICE_BEE5E55D,CONSOLEDRIVER,62,8,8,8,0,1
raw-guarded,M_CONSOLEDRIVER_GETINSTANCE_7919D405,CONSOLEDRIVER,62,8,8,8,0,1
raw-guarded,M_DOSCORE_GETREGISTRY_D528A1F7,DOSCORE,62,8,8,8,0,1
raw-guarded,M_DOSRAW_GETREGISTRY_976423CC,DOSRAW,62,8,8,8,0,1
raw-guarded,__a816_mul_u32_v2,<runtime>,59,0,0,0,0,0
raw-guarded,M_FSSYSTEM_SELECTED_9418F47A,FSSYSTEM,56,2,2,2,0,1
raw-guarded,M_CONSOLEBITMAP_MASK_8BB047A7,CONSOLEBITMAP,54,6,6,6,0,1
raw-guarded,M_TASKPOLICY_KEYBOARDRELEASE_69338836,TASKPOLICY,42,0,0,4,1,1
raw-guarded,M_TASKPOLICY_POINTERRELEASE_E1BB47AA,TASKPOLICY,42,0,0,4,1,1
raw-guarded,M_PROGRAMAPI_YIELD_8B32D3B0,PROGRAMAPI,42,0,0,4,1,1
raw-guarded,__a816_mul_u16_v2,<runtime>,36,0,0,0,0,0
raw-guarded,M_DISPLAY_STATE_1869A6F2,DISPLAY,12,0,0,0,0,1
raw-guarded,M_DISPLAY_KIND_52F443B1,DISPLAY,12,0,0,0,0,1
raw-guarded,M_CONSOLEBITMAP_PENDING_D6383590,CONSOLEBITMAP,12,0,0,0,0,1
raw-guarded,M_CONSOLEDISPLAY_COMPLETIONREADY_755EF473,CONSOLEDISPLAY,12,0,0,0,0,1
raw-guarded,M_CONSOLEBATCH_RESET_8C5BFDE1,CONSOLEBATCH,11,0,0,0,0,1
raw-guarded,M_EXECMEMORY_INIT_F4EA07E3,EXECMEMORY,4,0,0,0,0,1
raw-guarded,M_EXECLISTS_NEWMINLIST_A2695943,EXECLISTS,4,0,0,0,0,1
raw-guarded,M_EXECLISTS_ISMINLISTEMPTY_6D517164,EXECLISTS,4,0,0,0,0,1
raw-guarded,M_TASKPOLICY_WRITABLE_0565D862,TASKPOLICY,4,0,0,0,0,1
raw-guarded,M_CONSOLE_SCREENWIDTH_02A0531A,CONSOLE,4,0,0,0,0,1
raw-guarded,M_CONSOLE_SCREENHEIGHT_21CB6DFB,CONSOLE,4,0,0,0,0,1
raw-guarded,M_CONSOLE_SHOW_21D86251,CONSOLE,4,0,0,0,0,1
raw-guarded,M_CONSOLE_HIDE_EC93B70A,CONSOLE,4,0,0,0,0,1
raw-guarded,M_CONSOLE_FOCUS_1C4A8DCE,CONSOLE,4,0,0,0,0,1
raw-guarded,M_BLOCKIO_FINISHSTORE_0115A3DE,BLOCKIO,4,0,0,0,0,1
raw-guarded,M_FSBACKEND_CREATEWORK_8A6F92A5,FSBACKEND,4,0,0,0,0,1
raw-guarded,M_DOSCALLS_PIPE_54310E12,DOSCALLS,4,0,0,0,0,1
raw-guarded,M_DOSCALLS_BEGINFOREGROUND_8F2474EA,DOSCALLS,4,0,0,0,0,1
raw-guarded,M_DOSCALLS_ENDFOREGROUND_13E30672,DOSCALLS,4,0,0,0,0,1
raw-guarded,M_DOSCALLS_BREAKPENDING_369675D8,DOSCALLS,4,0,0,0,0,1
raw-guarded,M_DOSCALLS_CLEARBREAK_3FA5821C,DOSCALLS,4,0,0,0,0,1
raw-guarded,M_DOS_ASSIGNPATH_070E31B9,DOS,4,0,0,0,0,1
raw-guarded,M_DOS_GETASSIGN_06EFA68A,DOS,4,0,0,0,0,1
raw-guarded,M_DOS_SETCONSOLEHISTORY_1C523BD8,DOS,4,0,0,0,0,1
raw-guarded,M_DOS_FLUSH_47C61517,DOS,4,0,0,0,0,1
raw-guarded,M_DOS_CREATEDIR_239F3D94,DOS,4,0,0,0,0,1
raw-guarded,M_DOS_DELETEFILE_4D32A614,DOS,4,0,0,0,0,1
raw-guarded,M_DOS_RENAME_F915C271,DOS,4,0,0,0,0,1
raw-guarded,M_DOS_OPEN_87DAE823,DOS,4,0,0,0,0,1
raw-guarded,M_DOS_READ_BCD2228F,DOS,4,0,0,0,0,1
raw-guarded,M_DOS_WRITE_BE4FDE64,DOS,4,0,0,0,0,1
raw-guarded,M_DOS_SEEK_DE9F46FB,DOS,4,0,0,0,0,1
raw-guarded,M_DOS_CLOSE_4C224801,DOS,4,0,0,0,0,1
raw-guarded,M_DOS_SETIOERR_7AEF42E2,DOS,4,0,0,0,0,1
raw-guarded,M_DOS_IOERR_E649FF90,DOS,4,0,0,0,0,1
raw-guarded,M_DOS_RELEASECONTEXT_9DB9F883,DOS,4,0,0,0,0,1
raw-guarded,M_DOS_LOCK_4DEC517E,DOS,4,0,0,0,0,1
raw-guarded,M_DOS_UNLOCK_74209499,DOS,4,0,0,0,0,1
raw-guarded,M_DOS_ISINTERACTIVE_FD05AE49,DOS,4,0,0,0,0,1
raw-guarded,M_DOS_CURRENTDIR_764577CB,DOS,4,0,0,0,0,1
raw-guarded,M_DOS_NAMEFROMLOCK_8794AD67,DOS,4,0,0,0,0,1
raw-guarded,M_DOS_BEGINFOREGROUND_987C8D99,DOS,4,0,0,0,0,1
raw-guarded,M_DOS_ENDFOREGROUND_8BF477E5,DOS,4,0,0,0,0,1
raw-guarded,M_DOS_BREAKPENDING_07C42681,DOS,4,0,0,0,0,1
raw-guarded,M_DOS_CLEARBREAK_6F85C46D,DOS,4,0,0,0,0,1
raw-guarded,M_DOS_PIPE_1D28B7D3,DOS,4,0,0,0,0,1
raw-guarded,M_DOS_OPENCONSOLE_2100231A,DOS,4,0,0,0,0,1
raw-guarded,M_DOS_CONSOLEINFO_BA8927CE,DOS,4,0,0,0,0,1
raw-guarded,M_DOS_FAULT_8C83808D,DOS,4,0,0,0,0,1
raw-guarded,M_DOS_PRINTFAULT_C841DC04,DOS,4,0,0,0,0,1
raw-guarded,M_PROGRAMAPI_ASSIGNPATH_70177325,PROGRAMAPI,4,0,0,0,0,1
raw-guarded,M_PROGRAMAPI_GETASSIGN_8DA1FFAE,PROGRAMAPI,4,0,0,0,0,1
raw-guarded,M_PROGRAMAPI_OPEN_8638DB5F,PROGRAMAPI,4,0,0,0,0,1
raw-guarded,M_PROGRAMAPI_READ_3155DB03,PROGRAMAPI,4,0,0,0,0,1
raw-guarded,M_PROGRAMAPI_WRITE_84FB7088,PROGRAMAPI,4,0,0,0,0,1
raw-guarded,M_PROGRAMAPI_SEEK_31854D3F,PROGRAMAPI,4,0,0,0,0,1
raw-guarded,M_PROGRAMAPI_CLOSE_24FF6A65,PROGRAMAPI,4,0,0,0,0,1
raw-guarded,M_PROGRAMAPI_FLUSH_DB8CCFBB,PROGRAMAPI,4,0,0,0,0,1
raw-guarded,M_PROGRAMAPI_CREATEDIR_28E82C70,PROGRAMAPI,4,0,0,0,0,1
raw-guarded,M_PROGRAMAPI_DELETEFILE_1B5DE7B0,PROGRAMAPI,4,0,0,0,0,1
raw-guarded,M_PROGRAMAPI_RENAME_C087BEE5,PROGRAMAPI,4,0,0,0,0,1
raw-guarded,M_PROGRAMAPI_IOERR_5170B12C,PROGRAMAPI,4,0,0,0,0,1
raw-guarded,M_PROGRAMAPI_GETARGSTR_01F4859C,PROGRAMAPI,4,0,0,0,0,1
raw-guarded,M_PROGRAMAPI_SETIOERR_D3F44706,PROGRAMAPI,4,0,0,0,0,1
raw-guarded,M_PROGRAMAPI_BREAKPENDING_F12A3675,PROGRAMAPI,4,0,0,0,0,1
raw-guarded,M_PROGRAMAPI_WRITEALL_2F9D9EC1,PROGRAMAPI,4,0,0,0,0,1
raw-guarded,M_PROGRAMAPI_READERINIT_0B3A5F6A,PROGRAMAPI,4,0,0,0,0,1
raw-guarded,M_PROGRAMAPI_READBYTE_268CDC31,PROGRAMAPI,4,0,0,0,0,1
raw-guarded,M_PROGRAMAPI_READLINE_D25FAB11,PROGRAMAPI,4,0,0,0,0,1
raw-guarded,M_PROGRAMAPI_LOCK_D0030F12,PROGRAMAPI,4,0,0,0,0,1
raw-guarded,M_PROGRAMAPI_UNLOCK_3CF9C02D,PROGRAMAPI,4,0,0,0,0,1
raw-guarded,M_PROGRAMAPI_ISINTERACTIVE_056AF905,PROGRAMAPI,4,0,0,0,0,1
raw-guarded,M_PROGRAMAPI_OPENCONSOLE_E4ECC506,PROGRAMAPI,4,0,0,0,0,1
raw-guarded,M_PROGRAMAPI_CONSOLEINFO_2608391A,PROGRAMAPI,4,0,0,0,0,1
raw-guarded,M_PROGRAMAPI_FAULT_DA8736E9,PROGRAMAPI,4,0,0,0,0,1
raw-guarded,M_PROGRAMAPI_PRINTFAULT_2BBE94D8,PROGRAMAPI,4,0,0,0,0,1
raw-guarded,M_PROGRAM_UNLOAD_C8BC2432,PROGRAM,4,0,0,0,0,1
