candidate,routine,routine_id,block,index,source,width,consumer_index,footprint_bytes,modeled_saving_bytes
pointer_terminal_store,M_EXECMEMORY_QUERY_D2E34F9F,3,4,0,Parameter,,4,8,8
pointer_terminal_store,M_EXECMEMORY_QUERY_D2E34F9F,3,4,5,Parameter,,9,10,8
pointer_terminal_store,M_EXECMEMORY_QUERY_D2E34F9F,3,4,10,Parameter,,14,10,8
pointer_terminal_store,M_EXECMEMORY_ACQUIRE_EAA019EB,5,8,7,Parameter,,8,10,8
pointer_terminal_store,M_EXECLISTS_NEWLIST_B3502541,8,0,0,Parameter,,3,8,8
pointer_terminal_store,M_EXECLISTS_NEWLIST_B3502541,8,0,4,Parameter,,5,10,8
pointer_terminal_store,M_EXECLISTS_NEWLIST_B3502541,8,0,6,Parameter,,9,10,8
pointer_terminal_store,M_EXECLISTS_ADDHEAD_3AE3E6E4,12,0,3,Parameter,,7,8,8
pointer_terminal_store,M_EXECLISTS_ADDHEAD_3AE3E6E4,12,0,8,Parameter,,10,10,8
pointer_terminal_store,M_EXECLISTS_ADDHEAD_3AE3E6E4,12,0,9,AutomaticFrame,,10,8,8
pointer_terminal_store,M_EXECLISTS_ADDHEAD_3AE3E6E4,12,0,11,AutomaticFrame,,13,10,8
pointer_terminal_store,M_EXECLISTS_ADDHEAD_3AE3E6E4,12,0,12,Parameter,,13,8,8
pointer_terminal_store,M_EXECLISTS_ADDHEAD_3AE3E6E4,12,0,14,Parameter,,16,10,8
pointer_terminal_store,M_EXECLISTS_ADDHEAD_3AE3E6E4,12,0,15,Parameter,,16,8,8
pointer_terminal_store,M_EXECLISTS_ADDTAIL_A1C0F364,13,0,3,Parameter,,7,8,8
pointer_terminal_store,M_EXECLISTS_ADDTAIL_A1C0F364,13,0,8,Parameter,,10,10,8
pointer_terminal_store,M_EXECLISTS_ADDTAIL_A1C0F364,13,0,9,AutomaticFrame,,10,8,8
pointer_terminal_store,M_EXECLISTS_ADDTAIL_A1C0F364,13,0,11,AutomaticFrame,,13,10,8
pointer_terminal_store,M_EXECLISTS_ADDTAIL_A1C0F364,13,0,12,Parameter,,13,8,8
pointer_terminal_store,M_EXECLISTS_ADDTAIL_A1C0F364,13,0,14,Parameter,,16,10,8
pointer_terminal_store,M_EXECLISTS_ADDTAIL_A1C0F364,13,0,15,Parameter,,16,8,8
pointer_terminal_store,M_EXECLISTS_INSERT_468B11BA,14,5,3,Parameter,,5,8,8
pointer_terminal_store,M_EXECLISTS_INSERT_468B11BA,14,5,4,Parameter,,5,8,8
pointer_terminal_store,M_EXECLISTS_INSERT_468B11BA,14,5,6,Parameter,,8,10,8
pointer_terminal_store,M_EXECLISTS_INSERT_468B11BA,14,5,7,AutomaticFrame,,8,8,8
pointer_terminal_store,M_EXECLISTS_INSERT_468B11BA,14,5,9,AutomaticFrame,,11,10,8
pointer_terminal_store,M_EXECLISTS_INSERT_468B11BA,14,5,10,Parameter,,11,8,8
pointer_terminal_store,M_EXECLISTS_INSERT_468B11BA,14,5,12,Parameter,,14,10,8
pointer_terminal_store,M_EXECLISTS_INSERT_468B11BA,14,5,13,Parameter,,14,8,8
pointer_terminal_store,M_HEAPCORE_LINK_9B47F952,31,1,0,Parameter,,2,8,8
pointer_terminal_store,M_HEAPCORE_LINK_9B47F952,31,1,1,Parameter,,2,8,8
pointer_terminal_store,M_HEAPCORE_LINK_9B47F952,31,2,0,Parameter,,2,8,8
pointer_terminal_store,M_HEAPCORE_LINK_9B47F952,31,2,1,Parameter,,2,8,8
pointer_terminal_store,M_HEAPCORE_WRITECHUNK_D768FC26,32,0,0,Parameter,,2,8,8
pointer_terminal_store,M_HEAPCORE_SPLIT_B6117102,33,3,0,Parameter,,2,8,8
pointer_terminal_store,M_HEAPCORE_SPLIT_B6117102,33,3,3,Parameter,,5,8,8
pointer_terminal_store,M_HEAPCORE_SPLIT_B6117102,33,3,4,AutomaticFrame,,5,8,8
pointer_terminal_store,M_HEAPCORE_SPLIT_B6117102,33,5,0,Parameter,,4,8,8
pointer_terminal_store,M_HEAPCORE_INSERTFREE_129E41BB,38,3,0,Parameter,,1,8,8
pointer_terminal_store,M_HEAPCORE_INSERTFREE_129E41BB,38,5,0,AutomaticFrame,,6,8,8
pointer_terminal_store,M_HEAPCORE_INSERTFREE_129E41BB,38,5,7,AutomaticFrame,,9,8,8
pointer_terminal_store,M_HEAPCORE_INSERTFREE_129E41BB,38,5,8,Parameter,,9,8,8
pointer_terminal_store,M_HEAPCORE_INSERTFREE_129E41BB,38,10,0,AutomaticFrame,,5,8,8
pointer_terminal_store,M_HEAPCORE_INSERTFREE_129E41BB,38,10,6,AutomaticFrame,,9,8,8
pointer_terminal_store,M_HEAPCORE_INSERTFREE_129E41BB,38,9,0,Parameter,,6,8,8
pointer_terminal_store,M_HEAPPOLICY_SHUTDOWN_9E341637,43,3,0,AutomaticFrame,,1,8,8
pointer_terminal_store,M_HEAPPOLICY_REGION_F42DC07D,45,0,4,AutomaticFrame,,5,10,8
pointer_terminal_store,M_HEAPPOLICY_REGION_F42DC07D,45,0,6,AutomaticFrame,,7,10,8
pointer_terminal_store,M_HEAPPOLICY_REGION_F42DC07D,45,0,8,AutomaticFrame,,9,10,8
pointer_terminal_store,M_HEAPPOLICY_REGION_F42DC07D,45,0,10,AutomaticFrame,,11,10,8
pointer_terminal_store,M_HEAPPOLICY_REGION_F42DC07D,45,0,12,AutomaticFrame,,13,10,8
pointer_terminal_store,M_HEAPPOLICY_REGION_F42DC07D,45,0,14,AutomaticFrame,,20,8,8
pointer_terminal_store,M_HEAPPOLICY_REGION_F42DC07D,45,0,21,AutomaticFrame,,25,10,8
pointer_terminal_store,M_HEAPPOLICY_REGION_F42DC07D,45,0,26,AutomaticFrame,,32,8,8
pointer_terminal_store,M_HEAPPOLICY_REGION_F42DC07D,45,0,37,AutomaticFrame,,39,8,8
pointer_terminal_store,M_HEAPPOLICY_REGION_F42DC07D,45,0,38,AutomaticFrame,,39,8,8
pointer_terminal_store,M_HEAPPOLICY_REGION_F42DC07D,45,0,40,AutomaticFrame,,41,10,8
pointer_terminal_store,M_HEAPPOLICY_REGION_F42DC07D,45,0,42,AutomaticFrame,,43,10,8
pointer_terminal_store,M_HEAPPOLICY_REGION_F42DC07D,45,0,44,AutomaticFrame,,47,10,8
pointer_terminal_store,M_HEAPPOLICY_INIT_69D6AA0D,47,2,0,AutomaticFrame,,1,8,8
pointer_terminal_store,M_TASKPOLICY_PREPARESTACK_1A1C583B,79,2,0,AutomaticFrame,,1,8,8
pointer_terminal_store,M_TASKPOLICY_PREPARESTACK_1A1C583B,79,3,0,Parameter,,3,8,8
pointer_terminal_store,M_TASKPOLICY_PREPARESTACK_1A1C583B,79,3,4,Parameter,,11,8,8
pointer_terminal_store,M_TASKPOLICY_PREPAREDOMAIN_45DA3401,80,0,0,Parameter,,4,8,8
pointer_terminal_store,M_TASKPOLICY_PREPAREFRAME_D5FF2FA0,81,2,0,AutomaticFrame,,1,8,8
pointer_terminal_store,M_TASKPOLICY_PREPAREFRAME_D5FF2FA0,81,4,0,AutomaticFrame,,1,8,8
pointer_terminal_store,M_TASKPOLICY_PREPAREFRAME_D5FF2FA0,81,5,0,AutomaticFrame,,1,8,8
pointer_terminal_store,M_TASKPOLICY_PREPAREFRAME_D5FF2FA0,81,6,5,Parameter,,7,10,8
pointer_terminal_store,M_TASKPOLICY_SETSTATE_52D88FAF,82,0,0,Parameter,,2,8,8
pointer_terminal_store,M_TASKPOLICY_SETSTATE_52D88FAF,82,1,0,AutomaticFrame,,2,8,8
pointer_terminal_store,M_TASKPOLICY_INITSIGNALS_5C831CB9,84,0,3,Parameter,,4,8,8
pointer_terminal_store,M_TASKPOLICY_INITSIGNALS_5C831CB9,84,0,5,Parameter,,6,10,8
pointer_terminal_store,M_TASKPOLICY_INITSIGNALS_5C831CB9,84,0,7,Parameter,,8,10,8
pointer_terminal_store,M_TASKPOLICY_INITSIGNALS_5C831CB9,84,0,9,Parameter,,10,10,8
pointer_terminal_store,M_TASKPOLICY_INITSIGNALS_5C831CB9,84,0,11,Parameter,,12,10,8
pointer_terminal_store,M_TASKPOLICY_INITSIGNALS_5C831CB9,84,0,13,Parameter,,14,8,8
pointer_terminal_store,M_TASKPOLICY_INITSIGNALS_5C831CB9,84,0,15,Parameter,,16,8,8
pointer_terminal_store,M_TASKPOLICY_INITSIGNALS_5C831CB9,84,0,17,Parameter,,18,8,8
pointer_terminal_store,M_TASKPOLICY_INITSIGNALS_5C831CB9,84,0,19,Parameter,,22,8,8
pointer_terminal_store,M_TASKPOLICY_ADMIT_CF1671AB,85,0,1,Parameter,,5,10,8
pointer_terminal_store,M_TASKPOLICY_ADMIT_CF1671AB,85,0,6,Parameter,,8,8,8
pointer_terminal_store,M_TASKPOLICY_ADMIT_CF1671AB,85,0,7,Parameter,,8,8,8
pointer_terminal_store,M_TASKPOLICY_ADMIT_CF1671AB,85,0,9,Parameter,,11,10,8
pointer_terminal_store,M_TASKPOLICY_ADMIT_CF1671AB,85,0,10,Parameter,,11,8,8
pointer_terminal_store,M_TASKPOLICY_ADMIT_CF1671AB,85,0,12,Parameter,,13,10,8
pointer_terminal_store,M_TASKPOLICY_ADMIT_CF1671AB,85,0,14,Parameter,,15,8,8
pointer_terminal_store,M_TASKPOLICY_ADMIT_CF1671AB,85,0,16,Parameter,,17,10,8
pointer_terminal_store,M_TASKPOLICY_ADMIT_CF1671AB,85,0,22,Parameter,,23,8,8
pointer_terminal_store,M_TASKPOLICY_ADMIT_CF1671AB,85,0,24,Parameter,,25,10,8
pointer_terminal_store,M_TASKPOLICY_ADMIT_CF1671AB,85,0,26,Parameter,,30,10,8
pointer_terminal_store,M_TASKPOLICY_ADMIT_CF1671AB,85,0,31,Parameter,,33,10,8
pointer_terminal_store,M_TASKPOLICY_ADMIT_CF1671AB,85,0,32,Parameter,,33,8,8
pointer_terminal_store,M_TASKPOLICY_ADMIT_CF1671AB,85,0,39,AutomaticFrame,,42,8,8
pointer_terminal_store,M_TASKPOLICY_ADMIT_CF1671AB,85,0,43,AutomaticFrame,,46,10,8
pointer_terminal_store,M_TASKPOLICY_INIT_57A5FAC8,86,4,6,AutomaticFrame,,7,10,8
pointer_terminal_store,M_TASKPOLICY_INIT_57A5FAC8,86,4,8,AutomaticFrame,,9,8,8
pointer_terminal_store,M_TASKPOLICY_INIT_57A5FAC8,86,4,10,AutomaticFrame,,11,8,8
pointer_terminal_store,M_TASKPOLICY_INIT_57A5FAC8,86,7,0,AutomaticFrame,,1,8,8
pointer_terminal_store,M_TASKPOLICY_INIT_57A5FAC8,86,7,2,AutomaticFrame,,3,10,8
pointer_terminal_store,M_TASKPOLICY_INIT_57A5FAC8,86,7,4,AutomaticFrame,,5,10,8
pointer_terminal_store,M_TASKPOLICY_INIT_57A5FAC8,86,7,6,AutomaticFrame,,10,10,8
pointer_terminal_store,M_TASKPOLICY_INIT_57A5FAC8,86,7,11,AutomaticFrame,,18,10,8
pointer_terminal_store,M_TASKPOLICY_INIT_57A5FAC8,86,7,19,AutomaticFrame,,27,10,8
pointer_terminal_store,M_TASKPOLICY_INIT_57A5FAC8,86,7,32,AutomaticFrame,,33,8,8
pointer_terminal_store,M_TASKPOLICY_SWITCH_98522C9E,91,2,0,Parameter,,1,8,8
pointer_terminal_store,M_TASKPOLICY_SWITCH_98522C9E,91,6,0,Parameter,,1,8,8
pointer_terminal_store,M_TASKPOLICY_REMOVETASK_35F29A21,94,16,0,AutomaticFrame,,1,8,8
pointer_terminal_store,M_TASKPOLICY_REMOVETASK_35F29A21,94,16,2,AutomaticFrame,,3,10,8
pointer_terminal_store,M_TASKPOLICY_REMOVETASK_35F29A21,94,16,4,AutomaticFrame,,5,10,8
pointer_terminal_store,M_TASKPOLICY_REMOVETASK_35F29A21,94,16,6,AutomaticFrame,,7,10,8
pointer_terminal_store,M_TASKPOLICY_REMOVETASK_35F29A21,94,16,8,AutomaticFrame,,9,8,8
pointer_terminal_store,M_TASKPOLICY_REMOVETASK_35F29A21,94,16,10,AutomaticFrame,,11,10,8
pointer_terminal_store,M_TASKPOLICY_REMOVETASK_35F29A21,94,16,12,AutomaticFrame,,13,10,8
pointer_terminal_store,M_TASKPOLICY_REMOVETASK_35F29A21,94,16,14,AutomaticFrame,,15,10,8
pointer_terminal_store,M_TASKPOLICY_REMOVETASK_35F29A21,94,16,16,AutomaticFrame,,17,10,8
pointer_terminal_store,M_TASKPOLICY_REMOVETASK_35F29A21,94,16,18,AutomaticFrame,,19,8,8
pointer_terminal_store,M_TASKPOLICY_REMOVETASK_35F29A21,94,16,20,AutomaticFrame,,21,10,8
pointer_terminal_store,M_TASKPOLICY_REMOVETASK_35F29A21,94,16,22,AutomaticFrame,,23,8,8
pointer_terminal_store,M_TASKPOLICY_REMOVETASK_35F29A21,94,16,24,AutomaticFrame,,27,10,8
pointer_terminal_store,M_TASKPOLICY_EXCLUSION_DFE541A6,98,4,0,Parameter,,3,8,8
pointer_terminal_store,M_TASKPOLICY_EXCLUSION_DFE541A6,98,7,0,Parameter,,3,8,8
pointer_terminal_store,M_TASKPOLICY_EXCLUSION_DFE541A6,98,5,0,AutomaticFrame,,5,8,8
pointer_terminal_store,M_TASKPOLICY_SLEEPTASK_6A909BCC,99,5,0,Parameter,,1,8,8
pointer_terminal_store,M_TASKPOLICY_SLEEPTASK_6A909BCC,99,6,6,Parameter,,7,8,8
pointer_terminal_store,M_TASKPOLICY_SLEEPTASK_6A909BCC,99,6,8,Parameter,,9,10,8
pointer_terminal_store,M_TASKPOLICY_ALLOCATEBIT_A349E154,102,12,0,Parameter,,3,8,8
pointer_terminal_store,M_TASKPOLICY_MASKS_49833CE1,103,11,0,AutomaticFrame,,5,8,8
pointer_terminal_store,M_TASKPOLICY_SIGNALTASK_806F80F5,107,5,0,Parameter,,1,8,8
pointer_terminal_store,M_TASKPOLICY_PRODUCERCONTROL_52F9499B,115,4,1,AutomaticFrame,,2,8,8
pointer_terminal_store,M_TASKPOLICY_PRODUCERCONTROL_52F9499B,115,4,3,AutomaticFrame,,4,10,8
pointer_terminal_store,M_TASKPOLICY_PRODUCERCONTROL_52F9499B,115,4,5,AutomaticFrame,,6,10,8
pointer_terminal_store,M_TASKPOLICY_PRODUCERCONTROL_52F9499B,115,9,0,Parameter,,1,8,8
pointer_terminal_store,M_TASKPOLICY_PRODUCERCONTROL_52F9499B,115,14,0,AutomaticFrame,,3,8,8
pointer_terminal_store,M_TASKPOLICY_PRODUCERCONTROL_52F9499B,115,14,4,AutomaticFrame,,6,10,8
pointer_terminal_store,M_TASKPOLICY_PRODUCERCONTROL_52F9499B,115,14,5,AutomaticFrame,,6,8,8
pointer_terminal_store,M_TASKPOLICY_PRODUCERCONTROL_52F9499B,115,14,7,AutomaticFrame,,10,10,8
pointer_terminal_store,M_TASKPOLICY_INITPORTS_2CB7E92A,120,0,3,AutomaticFrame,,4,8,8
pointer_terminal_store,M_TASKPOLICY_INITPORTS_2CB7E92A,120,0,5,AutomaticFrame,,6,10,8
pointer_terminal_store,M_TASKPOLICY_SENDMESSAGE_7332557D,124,4,0,Parameter,,2,8,8
pointer_terminal_store,M_TASKPOLICY_SENDMESSAGE_7332557D,124,11,0,Parameter,,1,8,8
pointer_terminal_store,M_TASKPOLICY_REGISTRYCALL_6B5FFB7F,127,12,0,AutomaticFrame,,1,8,8
pointer_terminal_store,M_TASKPOLICY_REGISTRYCALL_6B5FFB7F,127,12,5,AutomaticFrame,,6,8,8
pointer_terminal_store,M_TASKPOLICY_REGISTRYCALL_6B5FFB7F,127,12,7,AutomaticFrame,,8,10,8
pointer_terminal_store,M_TASKPOLICY_QUEUECALL_62B0545B,128,11,0,AutomaticFrame,,1,8,8
pointer_terminal_store,M_TASKPOLICY_INITIONAMES_D8642B1E,131,0,3,AutomaticFrame,,4,8,8
pointer_terminal_store,M_TASKPOLICY_INITIONAMES_D8642B1E,131,0,5,AutomaticFrame,,6,8,8
pointer_terminal_store,M_TASKPOLICY_INITIONAMES_D8642B1E,131,0,7,AutomaticFrame,,8,8,8
pointer_terminal_store,M_TASKPOLICY_INITIONAMES_D8642B1E,131,0,9,AutomaticFrame,,10,8,8
pointer_terminal_store,M_TASKPOLICY_INITIONAMES_D8642B1E,131,0,11,AutomaticFrame,,12,8,8
pointer_terminal_store,M_TASKPOLICY_INITIONAMES_D8642B1E,131,0,13,AutomaticFrame,,14,8,8
pointer_terminal_store,M_TASKPOLICY_INITIONAMES_D8642B1E,131,0,15,AutomaticFrame,,16,8,8
pointer_terminal_store,M_TASKPOLICY_INITIONAMES_D8642B1E,131,0,17,AutomaticFrame,,18,8,8
pointer_terminal_store,M_TASKPOLICY_INITIONAMES_D8642B1E,131,0,19,AutomaticFrame,,20,8,8
pointer_terminal_store,M_TASKPOLICY_INITIONAMES_D8642B1E,131,0,21,AutomaticFrame,,22,8,8
pointer_terminal_store,M_TASKPOLICY_INITIONAMES_D8642B1E,131,0,23,AutomaticFrame,,24,8,8
pointer_terminal_store,M_TASKPOLICY_INITIONAMES_D8642B1E,131,0,25,AutomaticFrame,,26,8,8
pointer_terminal_store,M_TASKPOLICY_INITIONAMES_D8642B1E,131,0,27,AutomaticFrame,,28,8,8
pointer_terminal_store,M_TASKPOLICY_INITIONAMES_D8642B1E,131,0,29,AutomaticFrame,,30,8,8
pointer_terminal_store,M_TASKPOLICY_INITIONAMES_D8642B1E,131,0,31,AutomaticFrame,,32,8,8
pointer_terminal_store,M_TASKPOLICY_INITIO_35D5D1E4,132,4,3,AutomaticFrame,,4,8,8
pointer_terminal_store,M_TASKPOLICY_INITIO_35D5D1E4,132,4,8,AutomaticFrame,,9,8,8
pointer_terminal_store,M_TASKPOLICY_INITIO_35D5D1E4,132,4,14,AutomaticFrame,,15,8,8
pointer_terminal_store,M_TASKPOLICY_INITIO_35D5D1E4,132,4,16,AutomaticFrame,,17,10,8
pointer_terminal_store,M_TASKPOLICY_INITIO_35D5D1E4,132,4,18,AutomaticFrame,,19,10,8
pointer_terminal_store,M_TASKPOLICY_INITIO_35D5D1E4,132,4,20,AutomaticFrame,,21,10,8
pointer_terminal_store,M_TASKPOLICY_INITIO_35D5D1E4,132,4,22,AutomaticFrame,,23,10,8
pointer_terminal_store,M_TASKPOLICY_INITIO_35D5D1E4,132,4,24,AutomaticFrame,,25,10,8
pointer_terminal_store,M_TASKPOLICY_INITIO_35D5D1E4,132,4,26,AutomaticFrame,,27,10,8
pointer_terminal_store,M_TASKPOLICY_IOOPEN_15F8E966,137,2,0,AutomaticFrame,,1,8,8
pointer_terminal_store,M_TASKPOLICY_IOOPEN_15F8E966,137,2,2,AutomaticFrame,,3,10,8
pointer_terminal_store,M_TASKPOLICY_IOOPENTEST_C4ABA6E6,138,2,0,AutomaticFrame,,1,8,8
pointer_terminal_store,M_TASKPOLICY_IOCOMPLETE_88BA0BF3,139,1,0,Parameter,,1,8,8
pointer_terminal_store,M_TASKPOLICY_IOCOLLECT_D169FE6C,141,5,3,Parameter,,4,8,8
pointer_terminal_store,M_TASKPOLICY_IOENQUEUE_EC975914,142,0,5,Parameter,,8,8,8
pointer_terminal_store,M_TASKPOLICY_IOENQUEUE_EC975914,142,1,0,Parameter,,1,8,8
pointer_terminal_store,M_TASKPOLICY_IOENQUEUE_EC975914,142,3,0,Parameter,,1,8,8
pointer_terminal_store,M_TASKPOLICY_IOENQUEUE_EC975914,142,5,0,Parameter,,1,8,8
pointer_terminal_store,M_TASKPOLICY_IOENQUEUE_EC975914,142,8,0,Parameter,,1,8,8
pointer_terminal_store,M_TASKPOLICY_IOBEGIN_A0C610B5,143,4,0,Parameter,,1,8,8
pointer_terminal_store,M_TASKPOLICY_IOBEGIN_A0C610B5,143,9,0,Parameter,,1,8,8
pointer_terminal_store,M_TASKPOLICY_IOBEGIN_A0C610B5,143,7,0,Parameter,,1,8,8
pointer_terminal_store,M_TASKPOLICY_IOBEGIN_A0C610B5,143,7,2,Parameter,,3,10,8
pointer_terminal_store,M_TASKPOLICY_IOTESTBEGIN_2E780855,144,4,0,Parameter,,1,8,8
pointer_terminal_store,M_TASKPOLICY_IOTESTBEGIN_2E780855,144,7,0,Parameter,,1,8,8
pointer_terminal_store,M_TASKPOLICY_IOTESTBEGIN_2E780855,144,12,0,Parameter,,1,8,8
pointer_terminal_store,M_TASKPOLICY_IOABORT_1EC95CFC,145,11,0,AutomaticFrame,,1,8,8
pointer_terminal_store,M_TASKPOLICY_IOABORT_1EC95CFC,145,12,3,Parameter,,4,8,8
pointer_terminal_store,M_TASKPOLICY_IOWORKERCONTROL_3D43EE5B,146,5,0,Parameter,,2,8,8
pointer_terminal_store,M_TASKPOLICY_IOWORKERCONTROL_3D43EE5B,146,5,1,Parameter,,2,8,8
pointer_terminal_store,M_TASKPOLICY_IOWORKERCONTROL_3D43EE5B,146,5,3,Parameter,,4,10,8
pointer_terminal_store,M_TASKPOLICY_IOWORKERCONTROL_3D43EE5B,146,11,0,Parameter,,1,8,8
pointer_terminal_store,M_TASKPOLICY_IOWORKERCONTROL_3D43EE5B,146,11,2,Parameter,,3,10,8
pointer_terminal_store,M_TASKPOLICY_IOCLAIM_E59988BA,147,2,5,Parameter,,7,8,8
pointer_terminal_store,M_TASKPOLICY_IOCLAIM_E59988BA,147,2,6,AutomaticFrame,,7,8,8
pointer_terminal_store,M_TASKPOLICY_IOCLAIM_E59988BA,147,2,8,Parameter,,9,10,8
pointer_terminal_store,M_TASKPOLICY_IOCLAIM_E59988BA,147,2,10,Parameter,,11,10,8
pointer_terminal_store,M_TASKPOLICY_IOCLAIM_E59988BA,147,3,0,Parameter,,1,8,8
pointer_terminal_store,M_TASKPOLICY_IOTESTFINISH_35E02F77,149,3,0,AutomaticFrame,,1,8,8
pointer_terminal_store,M_TASKPOLICY_IOTESTFINISH_35E02F77,149,4,3,AutomaticFrame,,4,10,8
pointer_terminal_store,M_TASKPOLICY_IOTESTFINISH_35E02F77,149,4,5,AutomaticFrame,,6,8,8
pointer_terminal_store,M_TASKPOLICY_IOTESTFINISH_35E02F77,149,5,0,Parameter,,1,8,8
pointer_terminal_store,M_TASKPOLICY_IOTESTFINISH_35E02F77,149,5,2,Parameter,,3,10,8
pointer_terminal_store,M_TASKPOLICY_IOTESTFINISH_35E02F77,149,5,4,Parameter,,5,10,8
pointer_terminal_store,M_TASKPOLICY_INITSIOSTATE_10B63F2C,153,2,0,AutomaticFrame,,1,8,8
pointer_terminal_store,M_TASKPOLICY_INITSIOSTATE_10B63F2C,153,3,3,AutomaticFrame,,4,8,8
pointer_terminal_store,M_TASKPOLICY_INITSIOSTATE_10B63F2C,153,3,5,AutomaticFrame,,6,8,8
pointer_terminal_store,M_TASKPOLICY_INITSIOSTATE_10B63F2C,153,3,7,AutomaticFrame,,8,8,8
pointer_terminal_store,M_TASKPOLICY_INITSIOSTATE_10B63F2C,153,3,9,AutomaticFrame,,10,8,8
pointer_terminal_store,M_TASKPOLICY_INITSIOSTATE_10B63F2C,153,3,11,AutomaticFrame,,12,8,8
pointer_terminal_store,M_TASKPOLICY_SIOOPEN_38E97F75,155,1,0,AutomaticFrame,,1,8,8
pointer_terminal_store,M_TASKPOLICY_SIOOPEN_38E97F75,155,3,0,AutomaticFrame,,1,8,8
pointer_terminal_store,M_TASKPOLICY_SIOOPEN_38E97F75,155,13,8,AutomaticFrame,,11,8,8
pointer_terminal_store,M_TASKPOLICY_SIOOPEN_38E97F75,155,13,12,AutomaticFrame,,15,8,8
pointer_terminal_store,M_TASKPOLICY_SIOOPEN_38E97F75,155,13,16,AutomaticFrame,,20,8,8
pointer_terminal_store,M_TASKPOLICY_SIOOPEN_38E97F75,155,13,21,AutomaticFrame,,24,10,8
pointer_terminal_store,M_TASKPOLICY_SIOOPEN_38E97F75,155,13,25,AutomaticFrame,,28,10,8
pointer_terminal_store,M_TASKPOLICY_SIOOPEN_38E97F75,155,6,0,AutomaticFrame,,2,8,8
pointer_terminal_store,M_TASKPOLICY_SIOENQUEUE_F49C65E1,157,0,2,Parameter,,5,8,8
pointer_terminal_store,M_TASKPOLICY_SIOENQUEUE_F49C65E1,157,1,0,Parameter,,1,8,8
pointer_terminal_store,M_TASKPOLICY_SIOENQUEUE_F49C65E1,157,3,0,Parameter,,1,8,8
pointer_terminal_store,M_TASKPOLICY_SIOABORT_410D8B25,158,1,0,AutomaticFrame,,1,8,8
pointer_terminal_store,M_TASKPOLICY_SIOABORT_410D8B25,158,2,3,Parameter,,4,8,8
pointer_terminal_store,M_TASKPOLICY_SIOPREPAREWORKER_A27B8738,159,2,0,AutomaticFrame,,1,8,8
pointer_terminal_store,M_TASKPOLICY_SIOPREPAREWORKER_A27B8738,159,3,0,AutomaticFrame,,1,8,8
pointer_terminal_store,M_TASKPOLICY_SIOPREPAREWORKER_A27B8738,159,3,2,AutomaticFrame,,4,10,8
pointer_terminal_store,M_TASKPOLICY_SIOPREPAREWORKER_A27B8738,159,3,5,AutomaticFrame,,11,10,8
pointer_terminal_store,M_TASKPOLICY_SIOPREPAREWORKER_A27B8738,159,3,12,AutomaticFrame,,17,10,8
pointer_terminal_store,M_TASKPOLICY_SIOPREPAREWORKER_A27B8738,159,3,18,AutomaticFrame,,22,10,8
pointer_terminal_store,M_TASKPOLICY_SIOPREPAREBUS_A2AD2C52,160,0,3,AutomaticFrame,,4,10,8
pointer_terminal_store,M_TASKPOLICY_SIOPREPAREBUS_A2AD2C52,160,0,5,AutomaticFrame,,7,10,8
pointer_terminal_store,M_TASKPOLICY_SIOPREPAREBUS_A2AD2C52,160,0,6,Parameter,,7,8,8
pointer_terminal_store,M_TASKPOLICY_SIOPREPAREBUS_A2AD2C52,160,0,8,AutomaticFrame,,9,10,8
pointer_terminal_store,M_TASKPOLICY_SIOPREPAREBUS_A2AD2C52,160,0,10,AutomaticFrame,,11,10,8
pointer_terminal_store,M_TASKPOLICY_SIOPREPAREBUS_A2AD2C52,160,0,12,AutomaticFrame,,13,10,8
pointer_terminal_store,M_TASKPOLICY_SIOPREPAREBUS_A2AD2C52,160,0,17,AutomaticFrame,,18,8,8
pointer_terminal_store,M_TASKPOLICY_SIOPREPAREBUS_A2AD2C52,160,0,19,AutomaticFrame,,20,10,8
pointer_terminal_store,M_TASKPOLICY_SIOPREPAREBUS_A2AD2C52,160,0,21,AutomaticFrame,,22,10,8
pointer_terminal_store,M_TASKPOLICY_SIOPREPAREBUS_A2AD2C52,160,0,23,AutomaticFrame,,25,10,8
pointer_terminal_store,M_TASKPOLICY_SIOPREPAREBUS_A2AD2C52,160,0,24,Parameter,,25,8,8
pointer_terminal_store,M_TASKPOLICY_SIOTAKE_23947030,162,1,0,Parameter,,1,8,8
pointer_terminal_store,M_TASKPOLICY_SIOTAKE_23947030,162,4,5,Parameter,,6,10,8
pointer_terminal_store,M_TASKPOLICY_SIOTAKE_23947030,162,4,7,Parameter,,8,10,8
pointer_terminal_store,M_TASKPOLICY_SIOTAKE_23947030,162,5,0,Parameter,,1,8,8
pointer_terminal_store,M_TASKPOLICY_SIOFINISH_B1C2A78C,163,3,0,AutomaticFrame,,2,8,8
pointer_terminal_store,M_TASKPOLICY_SIOFINISH_B1C2A78C,163,3,3,AutomaticFrame,,7,10,8
pointer_terminal_store,M_TASKPOLICY_SIOFINISH_B1C2A78C,163,6,0,AutomaticFrame,,1,8,8
pointer_terminal_store,M_TASKPOLICY_SIOFINISH_B1C2A78C,163,6,2,AutomaticFrame,,3,10,8
pointer_terminal_store,M_TASKPOLICY_SIOFINISH_B1C2A78C,163,5,0,Parameter,,1,8,8
pointer_terminal_store,M_TASKPOLICY_SIOFINISH_B1C2A78C,163,5,2,Parameter,,3,10,8
pointer_terminal_store,M_TASKPOLICY_SIOFINISH_B1C2A78C,163,5,4,Parameter,,5,10,8
pointer_terminal_store,M_TASKPOLICY_SIOSTOP_31FA5BA1,164,6,0,Parameter,,1,8,8
pointer_terminal_store,M_TASKPOLICY_SIOSTOP_31FA5BA1,164,6,2,Parameter,,3,10,8
pointer_terminal_store,M_TASKPOLICY_SIOSTOP_31FA5BA1,164,7,0,Parameter,,1,8,8
pointer_terminal_store,M_TASKPOLICY_SIOWORKERCONTROL_ABEF18A6,165,3,0,Parameter,,1,8,8
pointer_terminal_store,M_TASKPOLICY_SIOWORKERCONTROL_ABEF18A6,165,11,0,Parameter,,1,8,8
pointer_terminal_store,M_TASKPOLICY_SIOWORKERCONTROL_ABEF18A6,165,18,0,Parameter,,1,8,8
pointer_terminal_store,M_TASKPOLICY_SIOWORKERCONTROL_ABEF18A6,165,20,0,Parameter,,1,8,8
pointer_terminal_store,M_TASKPOLICY_SIOPAUSE_4B7D62A1,166,0,7,Parameter,,8,8,8
pointer_terminal_store,M_TASKPOLICY_SIOPAUSE_4B7D62A1,166,0,9,Parameter,,10,10,8
pointer_terminal_store,M_TASKPOLICY_SIOCONTROL_0EC256A4,168,5,7,Parameter,,8,8,8
pointer_terminal_store,M_TASKPOLICY_SIOREMOVED_B08060ED,171,1,0,AutomaticFrame,,1,8,8
pointer_terminal_store,M_TASKPOLICY_SIOREMOVED_B08060ED,171,1,2,AutomaticFrame,,3,10,8
pointer_terminal_store,M_TASKPOLICY_SIOREMOVED_B08060ED,171,9,0,AutomaticFrame,,1,8,8
pointer_terminal_store,M_TASKPOLICY_DOSRESET_224DFB33,173,0,4,AutomaticFrame,,6,10,8
pointer_terminal_store,M_TASKPOLICY_DOSRESET_224DFB33,173,0,5,Parameter,,6,8,8
pointer_terminal_store,M_TASKPOLICY_DOSRESET_224DFB33,173,0,7,AutomaticFrame,,8,10,8
pointer_terminal_store,M_TASKPOLICY_DOSRESET_224DFB33,173,0,9,AutomaticFrame,,10,8,8
pointer_terminal_store,M_TASKPOLICY_DOSRESET_224DFB33,173,0,11,AutomaticFrame,,12,10,8
pointer_terminal_store,M_TASKPOLICY_DOSINIT_97B41A44,176,6,2,AutomaticFrame,,17,8,8
pointer_terminal_store,M_TASKPOLICY_DOSINIT_97B41A44,176,6,18,AutomaticFrame,,21,10,8
pointer_terminal_store,M_TASKPOLICY_DOSINIT_97B41A44,176,6,22,AutomaticFrame,,23,10,8
pointer_terminal_store,M_TASKPOLICY_DOSREMOVED_D36757B2,179,1,0,AutomaticFrame,,1,8,8
pointer_terminal_store,M_TASKPOLICY_DOSREMOVED_D36757B2,179,10,0,AutomaticFrame,,1,8,8
pointer_terminal_store,M_TASKPOLICY_DOSREMOVED_D36757B2,179,10,2,AutomaticFrame,,3,10,8
pointer_terminal_store,M_TASKPOLICY_DOSPREPARE_61B1CC0D,180,2,0,AutomaticFrame,,1,8,8
pointer_terminal_store,M_TASKPOLICY_DOSPREPARE_61B1CC0D,180,3,0,AutomaticFrame,,1,8,8
pointer_terminal_store,M_TASKPOLICY_DOSPREPARE_61B1CC0D,180,3,2,AutomaticFrame,,8,10,8
pointer_terminal_store,M_TASKPOLICY_DOSPREPARE_61B1CC0D,180,3,9,AutomaticFrame,,14,10,8
pointer_terminal_store,M_TASKPOLICY_DOSPREPARE_61B1CC0D,180,3,15,AutomaticFrame,,19,10,8
pointer_terminal_store,M_TASKPOLICY_DOSADMIT_DEA63DC3,181,11,4,AutomaticFrame,,7,8,8
pointer_terminal_store,M_TASKPOLICY_DOSADMIT_DEA63DC3,181,11,8,AutomaticFrame,,9,10,8
pointer_terminal_store,M_TASKPOLICY_DOSADMIT_DEA63DC3,181,11,10,AutomaticFrame,,11,10,8
pointer_terminal_store,M_TASKPOLICY_DOSCONTROL_C7F82CE3,182,3,6,Parameter,,7,8,8
pointer_terminal_store,M_TASKPOLICY_CONSOLEFORGETBINDING_5044609F,188,0,3,AutomaticFrame,,4,10,8
pointer_terminal_store,M_TASKPOLICY_CONSOLEFORGETBINDING_5044609F,188,0,5,AutomaticFrame,,6,10,8
pointer_terminal_store,M_TASKPOLICY_CONSOLEBINDCONTROL_DC86D25B,192,14,0,AutomaticFrame,,3,8,8
pointer_terminal_store,M_TASKPOLICY_CONSOLEBINDCONTROL_DC86D25B,192,14,4,AutomaticFrame,,6,10,8
pointer_terminal_store,M_TASKPOLICY_CONSOLEBINDCONTROL_DC86D25B,192,14,5,Parameter,,6,8,8
pointer_terminal_store,M_TASKPOLICY_CONSOLEBINDCONTROL_DC86D25B,192,14,7,AutomaticFrame,,10,10,8
pointer_terminal_store,M_TASKPOLICY_CONSOLENAMES_B9E6EA95,199,0,3,AutomaticFrame,,4,8,8
pointer_terminal_store,M_TASKPOLICY_CONSOLENAMES_B9E6EA95,199,0,5,AutomaticFrame,,6,8,8
pointer_terminal_store,M_TASKPOLICY_CONSOLENAMES_B9E6EA95,199,0,7,AutomaticFrame,,8,8,8
pointer_terminal_store,M_TASKPOLICY_CONSOLENAMES_B9E6EA95,199,0,9,AutomaticFrame,,10,8,8
pointer_terminal_store,M_TASKPOLICY_CONSOLENAMES_B9E6EA95,199,0,11,AutomaticFrame,,12,8,8
pointer_terminal_store,M_TASKPOLICY_CONSOLENAMES_B9E6EA95,199,0,13,AutomaticFrame,,14,8,8
pointer_terminal_store,M_TASKPOLICY_CONSOLEOPEN_4090447D,203,10,3,AutomaticFrame,,4,8,8
pointer_terminal_store,M_TASKPOLICY_CONSOLEOPEN_4090447D,203,10,5,AutomaticFrame,,6,8,8
pointer_terminal_store,M_TASKPOLICY_CONSOLEOPEN_4090447D,203,10,7,AutomaticFrame,,8,8,8
pointer_terminal_store,M_TASKPOLICY_CONSOLEOPEN_4090447D,203,10,9,AutomaticFrame,,10,8,8
pointer_terminal_store,M_TASKPOLICY_CONSOLEOPEN_4090447D,203,10,11,AutomaticFrame,,12,10,8
pointer_terminal_store,M_TASKPOLICY_CONSOLEOPEN_4090447D,203,10,13,AutomaticFrame,,14,10,8
pointer_terminal_store,M_TASKPOLICY_CONSOLEOPEN_4090447D,203,10,15,AutomaticFrame,,16,10,8
pointer_terminal_store,M_TASKPOLICY_CONSOLEOPEN_4090447D,203,10,18,AutomaticFrame,,21,10,8
pointer_terminal_store,M_TASKPOLICY_CONSOLEOPEN_4090447D,203,10,22,AutomaticFrame,,25,10,8
pointer_terminal_store,M_TASKPOLICY_CONSOLEOPEN_4090447D,203,2,0,AutomaticFrame,,2,8,8
pointer_terminal_store,M_TASKPOLICY_CONSOLECLOSE_04E65EB3,205,2,0,AutomaticFrame,,1,8,8
pointer_terminal_store,M_TASKPOLICY_CONSOLECLOSE_04E65EB3,205,2,2,AutomaticFrame,,3,10,8
pointer_terminal_store,M_TASKPOLICY_CONSOLECLOSE_04E65EB3,205,2,4,AutomaticFrame,,5,8,8
pointer_terminal_store,M_TASKPOLICY_CONSOLECLOSE_04E65EB3,205,2,6,AutomaticFrame,,7,8,8
pointer_terminal_store,M_TASKPOLICY_CONSOLECLOSE_04E65EB3,205,2,8,AutomaticFrame,,9,8,8
pointer_terminal_store,M_TASKPOLICY_CONSOLECLOSE_04E65EB3,205,2,10,AutomaticFrame,,11,8,8
pointer_terminal_store,M_TASKPOLICY_CONSOLECLOSE_04E65EB3,205,2,17,Parameter,,18,8,8
pointer_terminal_store,M_TASKPOLICY_CONSOLECLOSE_04E65EB3,205,2,19,Parameter,,20,10,8
pointer_terminal_store,M_TASKPOLICY_CONSOLEIMMEDIATE_DAE617FC,206,2,0,Parameter,,1,8,8
pointer_terminal_store,M_TASKPOLICY_CONSOLEENQUEUE_BE188809,207,3,0,Parameter,,1,8,8
pointer_terminal_store,M_TASKPOLICY_CONSOLEENQUEUE_BE188809,207,11,0,Parameter,,1,8,8
pointer_terminal_store,M_TASKPOLICY_CONSOLEENQUEUE_BE188809,207,12,0,AutomaticFrame,,3,8,8
pointer_terminal_store,M_TASKPOLICY_CONSOLEENQUEUE_BE188809,207,12,4,AutomaticFrame,,5,10,8
pointer_terminal_store,M_TASKPOLICY_CONSOLEENQUEUE_BE188809,207,12,6,AutomaticFrame,,7,10,8
pointer_terminal_store,M_TASKPOLICY_CONSOLEENQUEUE_BE188809,207,10,0,Parameter,,3,8,8
pointer_terminal_store,M_TASKPOLICY_CONSOLEWAKE_FE0543B3,208,1,0,Parameter,,1,8,8
pointer_terminal_store,M_TASKPOLICY_CONSOLEABORT_CCCE9F0D,209,1,0,AutomaticFrame,,1,8,8
pointer_terminal_store,M_TASKPOLICY_CONSOLEABORT_CCCE9F0D,209,3,0,AutomaticFrame,,1,8,8
pointer_terminal_store,M_TASKPOLICY_CONSOLEABORT_CCCE9F0D,209,7,0,AutomaticFrame,,1,8,8
pointer_terminal_store,M_TASKPOLICY_CONSOLEABORT_CCCE9F0D,209,8,0,AutomaticFrame,,1,8,8
pointer_terminal_store,M_TASKPOLICY_CONSOLEABORT_CCCE9F0D,209,6,3,Parameter,,4,8,8
pointer_terminal_store,M_TASKPOLICY_CONSOLEPREPARE_8098E872,210,2,0,AutomaticFrame,,1,8,8
pointer_terminal_store,M_TASKPOLICY_CONSOLEPREPARE_8098E872,210,3,0,AutomaticFrame,,1,8,8
pointer_terminal_store,M_TASKPOLICY_CONSOLEPREPARE_8098E872,210,3,2,AutomaticFrame,,4,10,8
pointer_terminal_store,M_TASKPOLICY_CONSOLEPREPARE_8098E872,210,3,5,AutomaticFrame,,11,10,8
pointer_terminal_store,M_TASKPOLICY_CONSOLEPREPARE_8098E872,210,3,12,AutomaticFrame,,17,10,8
pointer_terminal_store,M_TASKPOLICY_CONSOLEPREPARE_8098E872,210,3,18,AutomaticFrame,,22,10,8
pointer_terminal_store,M_TASKPOLICY_CONSOLEADMIT_A01C3E0C,211,12,4,AutomaticFrame,,7,8,8
pointer_terminal_store,M_TASKPOLICY_CONSOLEADMIT_A01C3E0C,211,12,8,AutomaticFrame,,9,10,8
pointer_terminal_store,M_TASKPOLICY_CONSOLEADMIT_A01C3E0C,211,12,10,AutomaticFrame,,11,10,8
pointer_terminal_store,M_TASKPOLICY_CONSOLEADMIT_A01C3E0C,211,12,12,AutomaticFrame,,13,10,8
pointer_terminal_store,M_TASKPOLICY_CONSOLEADMIT_A01C3E0C,211,12,14,AutomaticFrame,,17,8,8
pointer_terminal_store,M_TASKPOLICY_CONSOLEADMIT_A01C3E0C,211,12,18,AutomaticFrame,,21,10,8
pointer_terminal_store,M_TASKPOLICY_CONSOLEADMIT_A01C3E0C,211,12,25,AutomaticFrame,,26,8,8
pointer_terminal_store,M_TASKPOLICY_CONSOLEADMIT_A01C3E0C,211,12,27,AutomaticFrame,,28,10,8
pointer_terminal_store,M_TASKPOLICY_CONSOLEADMIT_A01C3E0C,211,12,29,AutomaticFrame,,30,10,8
pointer_terminal_store,M_TASKPOLICY_CONSOLEADMIT_A01C3E0C,211,12,31,AutomaticFrame,,34,10,8
pointer_terminal_store,M_TASKPOLICY_CONSOLETAKEARRIVAL_2A1E971F,212,8,0,Parameter,,3,8,8
pointer_terminal_store,M_TASKPOLICY_CONSOLETAKEARRIVAL_2A1E971F,212,8,4,Parameter,,5,10,8
pointer_terminal_store,M_TASKPOLICY_CONSOLETAKEWRITE_96FEA12D,213,2,6,Parameter,,7,10,8
pointer_terminal_store,M_TASKPOLICY_CONSOLEFINISH_F43924B4,214,10,0,AutomaticFrame,,1,8,8
pointer_terminal_store,M_TASKPOLICY_CONSOLEFINISH_F43924B4,214,11,0,AutomaticFrame,,1,8,8
pointer_terminal_store,M_TASKPOLICY_CONSOLEFINISH_F43924B4,214,11,2,AutomaticFrame,,3,10,8
pointer_terminal_store,M_TASKPOLICY_CONSOLEFINISH_F43924B4,214,18,0,AutomaticFrame,,1,8,8
pointer_terminal_store,M_TASKPOLICY_CONSOLEFINISH_F43924B4,214,19,0,AutomaticFrame,,1,8,8
pointer_terminal_store,M_TASKPOLICY_CONSOLEFINISH_F43924B4,214,19,2,AutomaticFrame,,3,10,8
pointer_terminal_store,M_TASKPOLICY_CONSOLEFINISH_F43924B4,214,19,4,AutomaticFrame,,5,10,8
pointer_terminal_store,M_TASKPOLICY_CONSOLEFINISH_F43924B4,214,23,0,AutomaticFrame,,1,8,8
pointer_terminal_store,M_TASKPOLICY_CONSOLEFINISH_F43924B4,214,24,0,Parameter,,1,8,8
pointer_terminal_store,M_TASKPOLICY_CONSOLEFINISH_F43924B4,214,24,2,Parameter,,3,10,8
pointer_terminal_store,M_TASKPOLICY_CONSOLESTOP_DAEB4759,218,3,0,Parameter,,1,8,8
pointer_terminal_store,M_TASKPOLICY_CONSOLESTOP_DAEB4759,218,3,2,Parameter,,3,10,8
pointer_terminal_store,M_TASKPOLICY_CONSOLEWORKERCONTROL_3CA89D3E,219,3,0,AutomaticFrame,,1,8,8
pointer_terminal_store,M_TASKPOLICY_CONSOLEWORKERCONTROL_3CA89D3E,219,15,0,AutomaticFrame,,1,8,8
pointer_terminal_store,M_TASKPOLICY_CONSOLECONTROL_F218511C,221,3,7,Parameter,,8,8,8
pointer_terminal_store,M_TASKPOLICY_CONSOLEREMOVED_E0E10625,225,1,0,AutomaticFrame,,1,8,8
pointer_terminal_store,M_TASKPOLICY_CONSOLEREMOVED_E0E10625,225,1,2,AutomaticFrame,,3,10,8
pointer_terminal_store,M_TASKPOLICY_CONSOLEREMOVED_E0E10625,225,1,4,AutomaticFrame,,5,10,8
pointer_terminal_store,M_TASKPOLICY_CONSOLEREMOVED_E0E10625,225,8,0,AutomaticFrame,,1,8,8
pointer_terminal_store,M_TASKPOLICY_CONSOLEREMOVED_E0E10625,225,8,2,AutomaticFrame,,3,10,8
pointer_terminal_store,M_TASKPOLICY_ROUTE_3006B749,227,19,0,Parameter,,1,8,8
pointer_terminal_store,M_TASKPOLICY_FINISHDISPATCH_46CD5A79,228,7,0,Parameter,,1,8,8
pointer_terminal_store,M_TASKPOLICY_DISPATCH_2D7B283C,229,3,0,AutomaticFrame,,3,8,8
pointer_terminal_store,M_TASKPOLICY_DISPATCH_2D7B283C,229,5,0,AutomaticFrame,,1,8,8
pointer_terminal_store,M_TASKPOLICY_DISPATCH_2D7B283C,229,9,0,AutomaticFrame,,3,8,8
pointer_terminal_store,M_TASKPOLICY_DISPATCH_2D7B283C,229,11,0,AutomaticFrame,,1,8,8
pointer_terminal_store,M_TASKPOLICY_DISPATCH_2D7B283C,229,12,0,AutomaticFrame,,1,8,8
pointer_terminal_store,M_CONSOLECORE_INIT_F63331F9,257,13,0,Parameter,,2,8,8
pointer_terminal_store,M_CONSOLECORE_INIT_F63331F9,257,13,1,Parameter,,2,8,8
pointer_terminal_store,M_CONSOLECORE_INIT_F63331F9,257,13,3,Parameter,,5,10,8
pointer_terminal_store,M_CONSOLECORE_INIT_F63331F9,257,13,6,Parameter,,8,8,8
pointer_terminal_store,M_CONSOLECORE_INIT_F63331F9,257,13,9,Parameter,,10,8,8
pointer_terminal_store,M_CONSOLECORE_INIT_F63331F9,257,13,11,Parameter,,12,8,8
pointer_terminal_store,M_CONSOLECORE_INIT_F63331F9,257,13,13,Parameter,,14,8,8
pointer_terminal_store,M_CONSOLECORE_INIT_F63331F9,257,13,15,Parameter,,16,8,8
pointer_terminal_store,M_CONSOLECORE_INIT_F63331F9,257,13,17,Parameter,,18,8,8
pointer_terminal_store,M_CONSOLECORE_INIT_F63331F9,257,13,19,Parameter,,20,8,8
pointer_terminal_store,M_CONSOLECORE_INIT_F63331F9,257,13,21,Parameter,,22,8,8
pointer_terminal_store,M_CONSOLECORE_INIT_F63331F9,257,13,23,Parameter,,24,8,8
pointer_terminal_store,M_CONSOLECORE_DIRTY_4A63B073,258,1,0,Parameter,,2,8,8
pointer_terminal_store,M_CONSOLECORE_DIRTY_4A63B073,258,3,0,Parameter,,2,8,8
pointer_terminal_store,M_CONSOLECORE_EDITQUANTUM_E6CDEC54,259,14,3,Parameter,,4,8,8
pointer_terminal_store,M_CONSOLECORE_EDITQUANTUM_E6CDEC54,259,15,0,Parameter,,1,8,8
pointer_terminal_store,M_CONSOLECORE_NEWLINE_97A73E23,260,0,0,Parameter,,1,8,8
pointer_terminal_store,M_CONSOLECORE_NEWLINE_97A73E23,260,1,0,Parameter,,3,8,8
pointer_terminal_store,M_CONSOLECORE_NEWLINE_97A73E23,260,1,4,Parameter,,8,8,8
pointer_terminal_store,M_CONSOLECORE_NEWLINE_97A73E23,260,2,0,Parameter,,1,8,8
pointer_terminal_store,M_CONSOLECORE_NEWLINE_97A73E23,260,2,2,Parameter,,3,10,8
pointer_terminal_store,M_CONSOLECORE_CHARACTER_94A5011A,261,5,15,Parameter,,18,8,8
pointer_terminal_store,M_CONSOLECORE_CHARACTER_94A5011A,261,11,0,Parameter,,3,8,8
pointer_terminal_store,M_CONSOLECORE_CHARACTER_94A5011A,261,16,0,Parameter,,2,8,8
pointer_terminal_store,M_CONSOLECORE_CHARACTER_94A5011A,261,20,0,Parameter,,1,8,8
pointer_terminal_store,M_CONSOLECORE_CHARACTER_94A5011A,261,20,2,Parameter,,3,8,8
pointer_terminal_store,M_CONSOLECORE_CHARACTER_94A5011A,261,20,4,Parameter,,5,8,8
pointer_terminal_store,M_CONSOLECORE_CHARACTER_94A5011A,261,20,6,Parameter,,7,8,8
pointer_terminal_store,M_CONSOLECORE_CHARACTER_94A5011A,261,20,8,Parameter,,9,8,8
pointer_terminal_store,M_CONSOLECORE_CHARACTER_94A5011A,261,22,0,Parameter,,1,8,8
pointer_terminal_store,M_CONSOLEWINDOWS_RESERVE_27D75673,267,6,3,AutomaticFrame,,8,8,8
pointer_terminal_store,M_CONSOLEWINDOWS_RESERVE_27D75673,267,6,9,AutomaticFrame,,11,8,8
pointer_terminal_store,M_CONSOLEWINDOWS_RESERVE_27D75673,267,6,10,Parameter,,11,8,8
pointer_terminal_store,M_CONSOLEWINDOWS_RESERVE_27D75673,267,6,12,AutomaticFrame,,13,10,8
pointer_terminal_store,M_CONSOLEFOREGROUND_ALLOCATE_F1C749CC,273,9,11,AutomaticFrame,,13,8,8
pointer_terminal_store,M_CONSOLEFOREGROUND_ALLOCATE_F1C749CC,273,9,12,Parameter,,13,8,8
pointer_terminal_store,M_CONSOLEFOREGROUND_ALLOCATE_F1C749CC,273,9,14,AutomaticFrame,,16,10,8
pointer_terminal_store,M_CONSOLEFOREGROUND_ALLOCATE_F1C749CC,273,9,17,AutomaticFrame,,19,8,8
pointer_terminal_store,M_CONSOLEFOREGROUND_REGISTER_0F2DE106,274,2,0,Parameter,,2,8,8
pointer_terminal_store,M_CONSOLEFOREGROUND_REGISTER_0F2DE106,274,2,3,Parameter,,5,8,8
pointer_terminal_store,M_CONSOLEFOREGROUND_UNREGISTER_54DD2BA5,275,1,0,AutomaticFrame,,1,8,8
pointer_terminal_store,M_CONSOLEFOREGROUND_UNREGISTER_54DD2BA5,275,2,0,Parameter,,1,8,8
pointer_terminal_store,M_CONSOLEFOREGROUND_UNREGISTER_54DD2BA5,275,2,2,Parameter,,3,8,8
pointer_terminal_store,M_CONSOLEFOREGROUND_RETIREUNBOUNDBREAKS_24224B11,276,3,0,Parameter,,1,8,8
pointer_terminal_store,M_CONSOLEFOREGROUND_RETIREUNBOUNDBREAKS_24224B11,276,3,2,Parameter,,3,8,8
pointer_terminal_store,M_CONSOLEFOREGROUND_BEGIN_4DD9FFD0,277,9,0,Parameter,,2,8,8
pointer_terminal_store,M_CONSOLEFOREGROUND_BEGIN_4DD9FFD0,277,9,3,Parameter,,4,8,8
pointer_terminal_store,M_CONSOLEFOREGROUND_BEGIN_4DD9FFD0,277,9,5,Parameter,,6,10,8
pointer_terminal_store,M_CONSOLEFOREGROUND_BEGIN_4DD9FFD0,277,9,10,AutomaticFrame,,13,8,8
pointer_terminal_store,M_CONSOLEFOREGROUND_BEGIN_4DD9FFD0,277,9,14,AutomaticFrame,,16,10,8
pointer_terminal_store,M_CONSOLEFOREGROUND_END_65D34F46,278,3,0,AutomaticFrame,,1,8,8
pointer_terminal_store,M_CONSOLEFOREGROUND_END_65D34F46,278,3,2,AutomaticFrame,,4,10,8
pointer_terminal_store,M_CONSOLEFOREGROUND_END_65D34F46,278,2,0,Parameter,,1,8,8
pointer_terminal_store,M_CONSOLEFOREGROUND_END_65D34F46,278,2,2,Parameter,,3,10,8
pointer_terminal_store,M_CONSOLEFOREGROUND_DELIVER_8D52BBDC,280,11,0,AutomaticFrame,,1,8,8
pointer_terminal_store,M_CONSOLEINPUT_INIT_5076ECFA,283,0,0,Parameter,,2,8,8
pointer_terminal_store,M_CONSOLEINPUT_CLEAR_3DEF4D2B,285,2,0,Parameter,,1,8,8
pointer_terminal_store,M_CONSOLEINPUT_CLEAR_3DEF4D2B,285,2,2,Parameter,,3,10,8
pointer_terminal_store,M_CONSOLEINPUT_CLEAR_3DEF4D2B,285,2,4,Parameter,,5,8,8
pointer_terminal_store,M_CONSOLEINPUT_CLEAR_3DEF4D2B,285,2,6,Parameter,,7,8,8
pointer_terminal_store,M_CONSOLEINPUT_DECODE_A428056C,286,2,0,Parameter,,1,8,8
pointer_terminal_store,M_CONSOLEINPUT_DECODE_A428056C,286,2,2,Parameter,,4,10,8
pointer_terminal_store,M_CONSOLEINPUT_DECODE_A428056C,286,2,5,Parameter,,7,8,8
pointer_terminal_store,M_CONSOLEINPUT_DECODE_A428056C,286,9,0,Parameter,,3,8,8
pointer_terminal_store,M_CONSOLEINPUT_DELIVER_8B43A137,287,7,7,Parameter,,11,10,8
pointer_terminal_store,M_CONSOLEINPUT_DELIVER_8B43A137,287,7,12,Parameter,,15,8,8
pointer_terminal_store,M_CONSOLEINPUT_READ_9E7D5EC6,289,10,0,Parameter,,6,8,8
pointer_terminal_store,M_CONSOLEINPUT_READ_9E7D5EC6,289,10,7,Parameter,,11,10,8
pointer_terminal_store,M_CONSOLEINPUT_READ_9E7D5EC6,289,10,12,Parameter,,15,8,8
pointer_terminal_store,M_CONSOLEDISPLAY_COPYSCREEN_6781A699,296,5,0,Parameter,,3,8,8
pointer_terminal_store,M_CONSOLEDISPLAY_CLAIM_0FF5CDD8,297,6,4,Parameter,,7,8,8
pointer_terminal_store,M_CONSOLEDISPLAY_CLAIM_0FF5CDD8,297,6,8,Parameter,,10,10,8
pointer_terminal_store,M_CONSOLEDISPLAY_CLAIM_0FF5CDD8,297,6,9,AutomaticFrame,,10,8,8
pointer_terminal_store,M_CONSOLEDISPLAY_CLAIM_0FF5CDD8,297,6,11,Parameter,,13,10,8
pointer_terminal_store,M_CONSOLEDISPLAY_CLAIM_0FF5CDD8,297,6,12,Parameter,,13,8,8
pointer_terminal_store,M_CONSOLEDISPLAY_CLAIM_0FF5CDD8,297,6,14,Parameter,,15,10,8
pointer_terminal_store,M_CONSOLEDISPLAY_CLAIM_0FF5CDD8,297,6,16,Parameter,,17,8,8
pointer_terminal_store,M_CONSOLEDISPLAY_CLAIM_0FF5CDD8,297,6,18,Parameter,,19,8,8
pointer_terminal_store,M_CONSOLEDISPLAY_CLAIM_0FF5CDD8,297,6,20,Parameter,,21,8,8
pointer_terminal_store,M_CONSOLEDISPLAY_CLAIM_0FF5CDD8,297,8,3,Parameter,,5,8,8
pointer_terminal_store,M_CONSOLEDISPLAY_CLAIM_0FF5CDD8,297,8,6,Parameter,,8,10,8
pointer_terminal_store,M_CONSOLEDISPLAY_CLAIM_0FF5CDD8,297,8,10,Parameter,,11,10,8
pointer_terminal_store,M_CONSOLEDISPLAY_CLAIM_0FF5CDD8,297,8,13,AutomaticFrame,,18,10,8
pointer_terminal_store,M_CONSOLEDISPLAY_CLAIM_0FF5CDD8,297,8,19,Parameter,,20,10,8
pointer_terminal_store,M_CONSOLEDISPLAY_CLAIM_0FF5CDD8,297,8,21,Parameter,,22,8,8
pointer_terminal_store,M_CONSOLEDISPLAY_CLAIM_0FF5CDD8,297,8,23,Parameter,,24,8,8
pointer_terminal_store,M_CONSOLEDISPLAY_CLAIM_0FF5CDD8,297,8,25,Parameter,,26,10,8
pointer_terminal_store,M_CONSOLEDISPLAY_CLAIM_0FF5CDD8,297,8,27,Parameter,,28,10,8
pointer_terminal_store,M_CONSOLEDISPLAY_CLAIM_0FF5CDD8,297,8,29,Parameter,,30,10,8
pointer_terminal_store,M_CONSOLEDISPLAY_CLAIM_0FF5CDD8,297,8,31,Parameter,,33,8,8
pointer_terminal_store,M_CONSOLEDISPLAY_RELEASE_C2AC22C5,298,2,0,Parameter,,1,8,8
pointer_terminal_store,M_CONSOLEDISPLAY_RELEASE_C2AC22C5,298,2,10,Parameter,,11,10,8
pointer_terminal_store,M_CONSOLEDISPLAY_RELEASE_C2AC22C5,298,2,15,Parameter,,16,10,8
pointer_terminal_store,M_CONSOLEDISPLAY_RELEASE_C2AC22C5,298,2,17,Parameter,,18,10,8
pointer_terminal_store,M_CONSOLEDISPLAY_CURSOR_3EC7579C,300,0,0,Parameter,,6,8,8
pointer_terminal_store,M_CONSOLEDISPLAY_CURSOR_3EC7579C,300,6,20,Parameter,,22,8,8
pointer_terminal_store,M_CONSOLEDISPLAY_CURSOR_3EC7579C,300,6,23,Parameter,,24,8,8
pointer_terminal_store,M_CONSOLEDISPLAY_CELLS_58FB51DD,301,23,0,AutomaticFrame,,1,8,8
pointer_terminal_store,M_CONSOLEDISPLAY_CELLS_58FB51DD,301,10,0,Parameter,,1,8,8
pointer_terminal_store,M_CONSOLEDISPLAY_CELLS_58FB51DD,301,24,0,Parameter,,2,8,8
pointer_terminal_store,M_CONSOLEDISPLAY_CELLS_58FB51DD,301,24,3,Parameter,,4,8,8
pointer_terminal_store,M_CONSOLEDISPLAY_REMOVECURSOR_56933EEC,302,1,8,Parameter,,9,10,8
pointer_terminal_store,M_CONSOLEDRIVER_FINISHWRITE_E8555190,310,1,0,Parameter,,1,8,8
pointer_terminal_store,M_CONSOLEDRIVER_WRITEQUANTUM_AEE13626,311,5,0,AutomaticFrame,,2,8,8
pointer_terminal_store,M_CONSOLEDRIVER_WRITEQUANTUM_AEE13626,311,18,12,AutomaticFrame,,17,8,8
pointer_terminal_store,M_CONSOLEDRIVER_READQUANTUM_10EBF725,312,4,3,Parameter,,4,10,8
pointer_terminal_store,M_CONSOLEDRIVER_READQUANTUM_10EBF725,312,6,0,AutomaticFrame,,1,8,8
pointer_terminal_store,M_CONSOLEDRIVER_READQUANTUM_10EBF725,312,15,0,AutomaticFrame,,1,8,8
pointer_terminal_store,M_CONSOLEDRIVER_READQUANTUM_10EBF725,312,16,0,AutomaticFrame,,3,8,8
pointer_terminal_store,M_CONSOLEDRIVER_INITIALIZE_D6CB2592,314,0,6,AutomaticFrame,,7,8,8
pointer_terminal_store,M_CONSOLEDRIVER_INITIALIZE_D6CB2592,314,0,8,AutomaticFrame,,11,10,8
pointer_terminal_store,M_CONSOLEDRIVER_INITIALIZE_D6CB2592,314,0,12,AutomaticFrame,,14,10,8
pointer_terminal_store,M_CONSOLEDRIVER_INITIALIZE_D6CB2592,314,0,15,AutomaticFrame,,16,10,8
pointer_terminal_store,M_CONSOLEDRIVER_INITIALIZE_D6CB2592,314,0,21,Parameter,,23,8,8
pointer_terminal_store,M_CONSOLEDRIVER_INITIALIZE_D6CB2592,314,0,22,AutomaticFrame,,23,8,8
pointer_terminal_store,M_CONSOLEDRIVER_INITIALIZE_D6CB2592,314,0,24,Parameter,,26,10,8
pointer_terminal_store,M_CONSOLEDRIVER_INITIALIZE_D6CB2592,314,0,25,AutomaticFrame,,26,8,8
pointer_terminal_store,M_CONSOLEDRIVER_INITIALIZE_D6CB2592,314,8,5,Parameter,,8,8,8
pointer_terminal_store,M_CONSOLEDRIVER_INITIALIZE_D6CB2592,314,13,0,AutomaticFrame,,1,8,8
pointer_terminal_store,M_CONSOLEDRIVER_INITIALIZE_D6CB2592,314,13,2,AutomaticFrame,,3,10,8
pointer_terminal_store,M_CONSOLEDRIVER_INITIALIZE_D6CB2592,314,13,4,AutomaticFrame,,5,10,8
pointer_terminal_store,M_CONSOLEDRIVER_FREESTORAGE_02676B4B,315,0,6,AutomaticFrame,,7,8,8
pointer_terminal_store,M_CONSOLEDRIVER_FREESTORAGE_02676B4B,315,0,8,AutomaticFrame,,9,10,8
pointer_terminal_store,M_CONSOLEDRIVER_FREESTORAGE_02676B4B,315,1,3,Parameter,,4,8,8
pointer_terminal_store,M_CONSOLEDRIVER_FREESTORAGE_02676B4B,315,1,5,AutomaticFrame,,6,10,8
pointer_terminal_store,M_CONSOLEDRIVER_FREESTORAGE_02676B4B,315,3,3,Parameter,,4,8,8
pointer_terminal_store,M_CONSOLEDRIVER_FREESTORAGE_02676B4B,315,5,3,Parameter,,4,8,8
pointer_terminal_store,M_PORTCORE_CREATEMSGPORT_A47550A3,320,4,0,AutomaticFrame,,1,8,8
pointer_terminal_store,M_PORTCORE_CREATEMSGPORT_A47550A3,320,4,2,AutomaticFrame,,3,10,8
pointer_terminal_store,M_PORTCORE_CREATEMSGPORT_A47550A3,320,4,4,AutomaticFrame,,5,10,8
pointer_terminal_store,M_PORTCORE_CREATEMSGPORT_A47550A3,320,4,6,AutomaticFrame,,7,10,8
pointer_terminal_store,M_PORTCORE_CREATEMSGPORT_A47550A3,320,4,8,AutomaticFrame,,10,10,8
pointer_terminal_store,M_PORTCORE_CREATEMSGPORT_A47550A3,320,4,17,AutomaticFrame,,18,8,8
pointer_terminal_store,M_PORTCORE_CREATEMSGPORT_A47550A3,320,4,19,AutomaticFrame,,20,10,8
pointer_terminal_store,M_SIODRIVER_PREPARE_D10BF723,336,0,4,AutomaticFrame,,8,10,8
pointer_terminal_store,M_SIODRIVER_PREPARE_D10BF723,336,0,9,AutomaticFrame,,12,8,8
pointer_terminal_store,M_SIODRIVER_PREPARE_D10BF723,336,0,13,AutomaticFrame,,14,10,8
pointer_terminal_store,M_SIODRIVER_PREPARE_D10BF723,336,1,0,AutomaticFrame,,1,8,8
pointer_terminal_store,M_SIODRIVER_PREPARE_D10BF723,336,3,0,AutomaticFrame,,1,8,8
pointer_terminal_store,M_SIODRIVER_RUNREQUEST_4500BA50,338,1,0,Parameter,,1,8,8
pointer_terminal_store,M_SIODRIVER_RUNREQUEST_4500BA50,338,1,2,Parameter,,3,10,8
pointer_terminal_store,M_SIODRIVER_RUNREQUEST_4500BA50,338,8,2,Parameter,,3,10,8
pointer_terminal_store,M_SIODRIVER_RUNREQUEST_4500BA50,338,8,4,Parameter,,5,10,8
pointer_terminal_store,M_IOCORE_CREATEIOREQUEST_DE10015D,348,6,0,AutomaticFrame,,2,8,8
pointer_terminal_store,M_IOCORE_CREATEIOREQUEST_DE10015D,348,6,1,Parameter,,2,8,8
pointer_terminal_store,M_IOCORE_CREATEIOREQUEST_DE10015D,348,6,3,AutomaticFrame,,6,10,8
pointer_terminal_store,M_IOCORE_CREATEIOREQUEST_DE10015D,348,6,7,AutomaticFrame,,8,8,8
pointer_terminal_store,M_FSOPERATION_PREPARE_EA34E162,358,11,0,Parameter,,3,8,8
pointer_terminal_store,M_FSOPERATION_PREPARE_EA34E162,358,11,4,Parameter,,6,8,8
pointer_terminal_store,M_FSOPERATION_PREPARE_EA34E162,358,11,7,Parameter,,10,8,8
pointer_terminal_store,M_FSOPERATION_PREPARE_EA34E162,358,11,11,Parameter,,14,10,8
pointer_terminal_store,M_FSOPERATION_PREPARE_EA34E162,358,11,15,Parameter,,18,10,8
pointer_terminal_store,M_FSOPERATION_PREPARE_EA34E162,358,11,19,Parameter,,20,10,8
pointer_terminal_store,M_FSOPERATION_PREPARE_EA34E162,358,11,21,Parameter,,22,10,8
pointer_terminal_store,M_FSOPERATION_PREPARE_EA34E162,358,11,23,Parameter,,24,10,8
pointer_terminal_store,M_FSOPERATION_PREPARE_EA34E162,358,11,25,Parameter,,26,10,8
pointer_terminal_store,M_FSOPERATION_CLAIM_4C8DDFC1,361,7,0,Parameter,,1,8,8
pointer_terminal_store,M_FSOPERATION_REQUEST_3F73D6DE,362,5,0,Parameter,,1,8,8
pointer_terminal_store,M_FSOPERATION_REQUEST_3F73D6DE,362,9,0,Parameter,,3,8,8
pointer_terminal_store,M_FSOPERATION_REQUEST_3F73D6DE,362,9,4,AutomaticFrame,,7,10,8
pointer_terminal_store,M_FSOPERATION_REQUEST_3F73D6DE,362,9,8,Parameter,,9,10,8
pointer_terminal_store,M_FSOPERATION_UNLINK_B5280A26,363,8,0,Parameter,,2,8,8
pointer_terminal_store,M_FSOPERATION_UNLINK_B5280A26,363,9,0,AutomaticFrame,,2,8,8
pointer_terminal_store,M_FSOPERATION_REPLYREADY_532E4DE6,364,8,3,Parameter,,4,8,8
pointer_terminal_store,M_FSOPERATION_COLLECT_397028AF,365,3,0,Parameter,,1,8,8
pointer_terminal_store,M_FSOPERATION_COLLECT_397028AF,365,3,2,Parameter,,3,10,8
pointer_terminal_store,M_FSOPERATION_COLLECT_397028AF,365,3,4,Parameter,,5,10,8
pointer_terminal_store,M_FSOPERATION_COLLECT_397028AF,365,3,6,Parameter,,7,10,8
pointer_terminal_store,M_FSOPERATION_COLLECT_397028AF,365,3,8,Parameter,,9,10,8
pointer_terminal_store,M_FSOPERATION_COLLECT_397028AF,365,3,10,Parameter,,11,10,8
pointer_terminal_store,M_DOSCLIENT_NEWCLIENT_41735729,370,0,0,Parameter,,1,8,8
pointer_terminal_store,M_DOSCLIENT_NEWCLIENT_41735729,370,1,0,Parameter,,1,8,8
pointer_terminal_store,M_DOSCLIENT_NEWCLIENT_41735729,370,1,2,Parameter,,3,8,8
pointer_terminal_store,M_DOSCLIENT_NEWCLIENT_41735729,370,2,0,AutomaticFrame,,3,8,8
pointer_terminal_store,M_DOSCLIENT_NEWCLIENT_41735729,370,3,3,Parameter,,4,8,8
pointer_terminal_store,M_DOSCLIENT_NEWCLIENT_41735729,370,3,5,Parameter,,6,8,8
pointer_terminal_store,M_DOSCLIENT_NEWCLIENT_41735729,370,4,0,AutomaticFrame,,3,8,8
pointer_terminal_store,M_DOSCLIENT_NEWCLIENT_41735729,370,4,4,AutomaticFrame,,6,10,8
pointer_terminal_store,M_DOSCLIENT_NEWCLIENT_41735729,370,4,7,AutomaticFrame,,8,10,8
pointer_terminal_store,M_DOSCLIENT_NEWCLIENT_41735729,370,4,9,AutomaticFrame,,11,8,8
pointer_terminal_store,M_DOSCLIENT_NEWCLIENT_41735729,370,4,12,AutomaticFrame,,14,10,8
pointer_terminal_store,M_DOSCLIENT_NEWCLIENT_41735729,370,4,15,Parameter,,18,10,8
pointer_terminal_store,M_DOSCLIENT_NEWCLIENT_41735729,370,4,19,Parameter,,20,10,8
pointer_terminal_store,M_DOSCLIENT_ENSURE_1859B044,371,1,0,AutomaticFrame,,1,8,8
pointer_terminal_store,M_DOSCLIENT_ENSURE_1859B044,371,7,0,AutomaticFrame,,1,8,8
pointer_terminal_store,M_DOSCLIENT_CLEARSELECTIONS_93A1D5D6,372,1,0,Parameter,,1,8,8
pointer_terminal_store,M_DOSCLIENT_CLEARSELECTIONS_93A1D5D6,372,3,0,Parameter,,1,8,8
pointer_terminal_store,M_DOSCLIENT_RELEASECONTEXT_90CB2A06,373,1,0,AutomaticFrame,,1,8,8
pointer_terminal_store,M_DOSCLIENT_RELEASECONTEXT_90CB2A06,373,7,0,AutomaticFrame,,1,8,8
pointer_terminal_store,M_DOSCLIENT_RELEASECONTEXT_90CB2A06,373,17,0,AutomaticFrame,,1,8,8
pointer_terminal_store,M_DOSCLIENT_RELEASECONTEXT_90CB2A06,373,16,0,AutomaticFrame,,1,8,8
pointer_terminal_store,M_DOSCLIENT_RELEASECONTEXT_90CB2A06,373,21,6,AutomaticFrame,,7,8,8
pointer_terminal_store,M_DOSCLIENT_RELEASECONTEXT_90CB2A06,373,21,8,AutomaticFrame,,9,10,8
pointer_terminal_store,M_DOSCLIENT_CALL_35DB3B22,375,1,0,AutomaticFrame,,1,8,8
pointer_terminal_store,M_DOSCLIENT_CALL_35DB3B22,375,7,0,AutomaticFrame,,1,8,8
pointer_terminal_store,M_DOSCLIENT_CALL_35DB3B22,375,8,0,Parameter,,1,8,8
pointer_terminal_store,M_DOSCLIENT_CALL_35DB3B22,375,8,2,Parameter,,4,10,8
pointer_terminal_store,M_DOSCLIENT_CALL_35DB3B22,375,8,5,Parameter,,6,8,8
pointer_terminal_store,M_DOSCLIENT_CALL_35DB3B22,375,8,7,Parameter,,8,8,8
pointer_terminal_store,M_DOSCLIENT_CALL_35DB3B22,375,13,1,AutomaticFrame,,3,8,8
pointer_terminal_store,M_DOSCLIENT_CALL_35DB3B22,375,13,4,Parameter,,5,8,8
pointer_terminal_store,M_DOSCLIENT_CALL_35DB3B22,375,31,0,AutomaticFrame,,3,8,8
pointer_terminal_store,M_DOSCLIENT_CALL_35DB3B22,375,32,0,Parameter,,1,8,8
pointer_terminal_store,M_DOSOBJECTS_LINK_9FA00D0F,377,2,0,Parameter,,2,8,8
pointer_terminal_store,M_DOSOBJECTS_LINK_9FA00D0F,377,2,1,Parameter,,2,8,8
pointer_terminal_store,M_DOSOBJECTS_LINK_9FA00D0F,377,2,3,Parameter,,6,10,8
pointer_terminal_store,M_DOSOBJECTS_LINK_9FA00D0F,377,2,7,Parameter,,10,10,8
pointer_terminal_store,M_DOSOBJECTS_LINK_9FA00D0F,377,2,11,AutomaticFrame,,14,10,8
pointer_terminal_store,M_DOSOBJECTS_UNLINK_C978FCF4,378,9,0,Parameter,,3,8,8
pointer_terminal_store,M_DOSOBJECTS_UNLINK_C978FCF4,378,10,0,AutomaticFrame,,3,8,8
pointer_terminal_store,M_DOSOBJECTS_UNLINK_C978FCF4,378,11,0,AutomaticFrame,,3,8,8
pointer_terminal_store,M_DOSOBJECTS_UNLINK_C978FCF4,378,11,4,Parameter,,5,8,8
pointer_terminal_store,M_DOSOBJECTS_UNLINK_C978FCF4,378,11,6,Parameter,,7,10,8
pointer_terminal_store,M_BLOCKIO_OPENVOLUME_36B90798,387,1,0,Parameter,,1,8,8
pointer_terminal_store,M_BLOCKIO_OPENVOLUME_36B90798,387,3,0,Parameter,,3,8,8
pointer_terminal_store,M_BLOCKIO_OPENVOLUME_36B90798,387,3,8,Parameter,,9,8,8
pointer_terminal_store,M_BLOCKIO_OPENVOLUME_36B90798,387,4,0,Parameter,,3,8,8
pointer_terminal_store,M_BLOCKIO_ATTACH_A1159825,388,0,0,Parameter,,1,8,8
pointer_terminal_store,M_BLOCKIO_ATTACH_A1159825,388,1,0,Parameter,,1,8,8
pointer_terminal_store,M_BLOCKIO_ATTACH_A1159825,388,4,0,Parameter,,1,8,8
pointer_terminal_store,M_BLOCKIO_ATTACH_A1159825,388,6,0,Parameter,,1,8,8
pointer_terminal_store,M_BLOCKIO_ATTACH_A1159825,388,7,0,AutomaticFrame,,3,8,8
pointer_terminal_store,M_BLOCKIO_ATTACH_A1159825,388,7,4,AutomaticFrame,,7,10,8
pointer_terminal_store,M_BLOCKIO_ATTACH_A1159825,388,7,8,AutomaticFrame,,11,10,8
pointer_terminal_store,M_BLOCKIO_ATTACH_A1159825,388,7,12,AutomaticFrame,,14,10,8
pointer_terminal_store,M_BLOCKIO_ATTACH_A1159825,388,7,15,AutomaticFrame,,17,8,8
pointer_terminal_store,M_BLOCKIO_ATTACH_A1159825,388,7,18,AutomaticFrame,,20,8,8
pointer_terminal_store,M_BLOCKIO_ATTACH_A1159825,388,7,21,AutomaticFrame,,23,10,8
pointer_terminal_store,M_BLOCKIO_DETACH_FC4FFB83,389,7,0,Parameter,,1,8,8
pointer_terminal_store,M_BLOCKIO_DETACH_FC4FFB83,389,7,2,Parameter,,3,8,8
pointer_terminal_store,M_BLOCKIO_DETACH_FC4FFB83,389,7,15,Parameter,,18,8,8
pointer_terminal_store,M_BLOCKIO_PREPARE_810BFFA1,393,0,0,Parameter,,1,8,8
pointer_terminal_store,M_BLOCKIO_PREPARE_810BFFA1,393,0,2,Parameter,,3,8,8
pointer_terminal_store,M_BLOCKIO_PREPARE_810BFFA1,393,0,4,Parameter,,5,10,8
pointer_terminal_store,M_BLOCKIO_PREPARE_810BFFA1,393,0,6,Parameter,,8,8,8
pointer_terminal_store,M_BLOCKIO_PREPARE_810BFFA1,393,0,7,Parameter,,8,8,8
pointer_terminal_store,M_BLOCKIO_PREPARE_810BFFA1,393,0,9,Parameter,,12,10,8
pointer_terminal_store,M_BLOCKIO_PREPARE_810BFFA1,393,0,13,Parameter,,14,8,8
pointer_terminal_store,M_BLOCKIO_PREPARE_810BFFA1,393,0,15,Parameter,,16,8,8
pointer_terminal_store,M_BLOCKIO_PREPARE_810BFFA1,393,0,17,Parameter,,18,10,8
pointer_terminal_store,M_BLOCKIO_PREPARE_810BFFA1,393,0,19,Parameter,,23,10,8
pointer_terminal_store,M_BLOCKIO_PREPARE_810BFFA1,393,0,24,Parameter,,27,8,8
pointer_terminal_store,M_BLOCKIO_PREPARE_810BFFA1,393,0,28,Parameter,,32,10,8
pointer_terminal_store,M_BLOCKIO_PREPARE_810BFFA1,393,0,33,Parameter,,34,10,8
pointer_terminal_store,M_BLOCKIO_COMPLETE_80F6A54F,394,0,4,AutomaticFrame,,5,10,8
pointer_terminal_store,M_BLOCKIO_COMPLETE_80F6A54F,394,0,6,AutomaticFrame,,7,10,8
pointer_terminal_store,M_BLOCKIO_COMPLETE_80F6A54F,394,0,8,Parameter,,9,10,8
pointer_terminal_store,M_BLOCKIO_CHECK_A5B41A2A,395,0,0,Parameter,,1,8,8
pointer_terminal_store,M_BLOCKIO_CHECK_A5B41A2A,395,1,0,Parameter,,1,8,8
pointer_terminal_store,M_BLOCKIO_CHECK_A5B41A2A,395,3,2,Parameter,,3,8,8
pointer_terminal_store,M_BLOCKIO_CHECK_A5B41A2A,395,5,2,Parameter,,3,8,8
pointer_terminal_store,M_BLOCKIO_BEGINFETCH_6B9D7F07,396,4,0,Parameter,,1,8,8
pointer_terminal_store,M_BLOCKIO_BEGINFETCH_6B9D7F07,396,4,2,Parameter,,3,10,8
pointer_terminal_store,M_BLOCKIO_FINISHFETCH_D55D2AA5,397,2,0,Parameter,,1,8,8
pointer_terminal_store,M_BLOCKIO_READSECTOR_D918C668,399,1,2,Parameter,,3,8,8
pointer_terminal_store,M_BLOCKIO_READSECTOR_D918C668,399,4,2,Parameter,,3,8,8
pointer_terminal_store,M_BLOCKIO_READSECTOR_D918C668,399,9,0,Parameter,,4,8,8
pointer_terminal_store,M_MYDOSNAMES_COMPONENT_FF2F5328,404,11,0,Parameter,,1,8,8
pointer_terminal_store,M_MYDOSNAMES_COMPONENT_FF2F5328,404,15,0,Parameter,,1,8,8
pointer_terminal_store,M_MYDOSNAMES_COMPONENT_FF2F5328,404,14,0,Parameter,,3,8,8
pointer_terminal_store,M_MYDOSNAMES_COMPONENT_FF2F5328,404,20,0,Parameter,,1,8,8
pointer_terminal_store,M_MYDOSNAMES_COMPONENT_FF2F5328,404,25,0,Parameter,,3,8,8
pointer_terminal_store,M_MYDOSNAMES_COMPONENT_FF2F5328,404,27,0,Parameter,,1,8,8
pointer_terminal_store,M_DOSSTREAMS_OPENNIL_7EDE8F17,413,0,2,Parameter,,3,8,8
pointer_terminal_store,M_DOSSTREAMS_OPENNIL_7EDE8F17,413,1,0,AutomaticFrame,,1,8,8
pointer_terminal_store,M_DOSSTREAMS_OPENNIL_7EDE8F17,413,1,2,Parameter,,3,8,8
pointer_terminal_store,M_DOSSTREAMS_OPENNIL_7EDE8F17,413,2,0,AutomaticFrame,,1,8,8
pointer_terminal_store,M_DOSSTREAMS_OPENNIL_7EDE8F17,413,2,2,AutomaticFrame,,3,10,8
pointer_terminal_store,M_DOSSTREAMS_OPENNIL_7EDE8F17,413,2,8,AutomaticFrame,,9,8,8
pointer_terminal_store,M_DOSSTREAMS_OPENNIL_7EDE8F17,413,2,10,Parameter,,11,8,8
pointer_terminal_store,M_DOSSTREAMS_TRANSFERNIL_E7EA5C2C,414,0,0,Parameter,,1,8,8
pointer_terminal_store,M_DOSSTREAMS_TRANSFERNIL_E7EA5C2C,414,1,0,Parameter,,1,8,8
pointer_terminal_store,M_DOSSTREAMS_TRANSFERNIL_E7EA5C2C,414,2,1,Parameter,,2,8,8
pointer_terminal_store,M_DOSSTREAMS_CLOSENIL_3520E24B,415,0,2,Parameter,,3,8,8
pointer_terminal_store,M_DOSSTREAMS_CLOSENIL_3520E24B,415,2,3,Parameter,,4,8,8
pointer_terminal_store,M_DOSRAW_UNIT_B2527969,418,0,0,Parameter,,1,8,8
pointer_terminal_store,M_DOSRAW_UNIT_B2527969,418,9,0,Parameter,,5,8,8
pointer_terminal_store,M_DOSRAW_INITIALIZE_D871F7B7,420,0,3,Parameter,,4,8,8
pointer_terminal_store,M_DOSRAW_INITIALIZE_D871F7B7,420,0,5,Parameter,,6,10,8
pointer_terminal_store,M_DOSRAW_INITIALIZE_D871F7B7,420,0,7,Parameter,,8,10,8
pointer_terminal_store,M_DOSRAW_INITIALIZE_D871F7B7,420,0,9,Parameter,,11,10,8
pointer_terminal_store,M_DOSRAW_INITIALIZE_D871F7B7,420,0,12,Parameter,,13,10,8
pointer_terminal_store,M_DOSRAW_INITIALIZE_D871F7B7,420,0,14,Parameter,,15,8,8
pointer_terminal_store,M_DOSRAW_INITIALIZE_D871F7B7,420,0,16,Parameter,,18,8,8
pointer_terminal_store,M_DOSRAW_INITIALIZE_D871F7B7,420,0,19,Parameter,,21,8,8
pointer_terminal_store,M_DOSRAW_INITIALIZE_D871F7B7,420,0,26,AutomaticFrame,,27,10,8
pointer_terminal_store,M_DOSRAW_INITIALIZE_D871F7B7,420,0,28,AutomaticFrame,,29,10,8
pointer_terminal_store,M_DOSRAW_INITIALIZE_D871F7B7,420,0,30,AutomaticFrame,,31,10,8
pointer_terminal_store,M_DOSRAW_INITIALIZE_D871F7B7,420,0,32,AutomaticFrame,,33,10,8
pointer_terminal_store,M_DOSRAW_INITIALIZE_D871F7B7,420,0,34,AutomaticFrame,,35,10,8
pointer_terminal_store,M_DOSRAW_INITIALIZE_D871F7B7,420,0,36,AutomaticFrame,,37,10,8
pointer_terminal_store,M_DOSRAW_INITIALIZE_D871F7B7,420,0,38,AutomaticFrame,,39,10,8
pointer_terminal_store,M_DOSRAW_INITIALIZE_D871F7B7,420,0,40,AutomaticFrame,,41,10,8
pointer_terminal_store,M_DOSRAW_INITIALIZE_D871F7B7,420,0,42,AutomaticFrame,,43,10,8
pointer_terminal_store,M_DOSRAW_INITIALIZE_D871F7B7,420,0,44,AutomaticFrame,,45,10,8
pointer_terminal_store,M_DOSRAW_INITIALIZE_D871F7B7,420,0,46,AutomaticFrame,,47,10,8
pointer_terminal_store,M_DOSRAW_INITIALIZE_D871F7B7,420,0,48,AutomaticFrame,,49,10,8
pointer_terminal_store,M_DOSRAW_INITIALIZE_D871F7B7,420,0,50,AutomaticFrame,,51,10,8
pointer_terminal_store,M_DOSRAW_INITIALIZE_D871F7B7,420,0,52,AutomaticFrame,,53,10,8
pointer_terminal_store,M_DOSRAW_ROLLBACK_4A7594F5,421,0,1,Parameter,,2,8,8
pointer_terminal_store,M_DOSRAW_ROLLBACK_4A7594F5,421,0,3,Parameter,,4,10,8
pointer_terminal_store,M_DOSRAW_ACQUIRE_CC49A145,422,6,0,AutomaticFrame,,3,8,8
pointer_terminal_store,M_DOSRAW_ACQUIRE_CC49A145,422,9,0,AutomaticFrame,,1,8,8
pointer_terminal_store,M_DOSRAW_ACQUIRE_CC49A145,422,9,2,AutomaticFrame,,5,10,8
pointer_terminal_store,M_DOSRAW_ACQUIRE_CC49A145,422,13,1,AutomaticFrame,,4,8,8
pointer_terminal_store,M_DOSRAW_ACQUIRE_CC49A145,422,13,5,AutomaticFrame,,6,10,8
pointer_terminal_store,M_DOSRAW_OPENSIZED_F1E27B78,423,0,0,Parameter,,1,8,8
pointer_terminal_store,M_DOSRAW_OPENSIZED_F1E27B78,423,1,0,Parameter,,1,8,8
pointer_terminal_store,M_DOSRAW_OPENSIZED_F1E27B78,423,3,5,Parameter,,6,8,8
pointer_terminal_store,M_DOSRAW_OPENSIZED_F1E27B78,423,4,0,AutomaticFrame,,1,8,8
pointer_terminal_store,M_DOSRAW_OPENSIZED_F1E27B78,423,4,2,AutomaticFrame,,4,10,8
pointer_terminal_store,M_DOSRAW_OPENSIZED_F1E27B78,423,4,5,AutomaticFrame,,8,10,8
pointer_terminal_store,M_DOSRAW_OPENSIZED_F1E27B78,423,4,9,AutomaticFrame,,12,10,8
pointer_terminal_store,M_DOSRAW_OPENSIZED_F1E27B78,423,4,18,Parameter,,19,8,8
pointer_terminal_store,M_DOSRAW_VALIDEXTENT_84EF7CCB,425,5,0,Parameter,,1,8,8
pointer_terminal_store,M_DOSRAW_RELEASEOPERATION_C2E80557,426,6,0,Parameter,,1,8,8
pointer_terminal_store,M_DOSRAW_RELEASEOPERATION_C2E80557,426,4,0,Parameter,,3,8,8
pointer_terminal_store,M_DOSRAW_PREPARE_F51F1B68,427,0,0,Parameter,,1,8,8
pointer_terminal_store,M_DOSRAW_PREPARE_F51F1B68,427,1,0,Parameter,,1,8,8
pointer_terminal_store,M_DOSRAW_PREPARE_F51F1B68,427,3,0,Parameter,,1,8,8
pointer_terminal_store,M_DOSRAW_PREPARE_F51F1B68,427,5,1,Parameter,,2,8,8
pointer_terminal_store,M_DOSRAW_PREPARE_F51F1B68,427,7,1,Parameter,,2,8,8
pointer_terminal_store,M_DOSRAW_PREPARE_F51F1B68,427,10,0,AutomaticFrame,,3,8,8
pointer_terminal_store,M_DOSRAW_PREPARE_F51F1B68,427,11,0,AutomaticFrame,,3,8,8
pointer_terminal_store,M_DOSRAW_PREPARE_F51F1B68,427,15,4,Parameter,,5,8,8
pointer_terminal_store,M_DOSRAW_PREPARE_F51F1B68,427,16,0,Parameter,,2,8,8
pointer_terminal_store,M_DOSRAW_PREPARE_F51F1B68,427,16,1,AutomaticFrame,,2,8,8
pointer_terminal_store,M_DOSRAW_PREPARE_F51F1B68,427,14,0,AutomaticFrame,,3,8,8
pointer_terminal_store,M_DOSRAW_PREPARE_F51F1B68,427,14,4,AutomaticFrame,,7,10,8
pointer_terminal_store,M_DOSRAW_PREPARE_F51F1B68,427,14,8,AutomaticFrame,,10,10,8
pointer_terminal_store,M_DOSRAW_PREPARE_F51F1B68,427,14,9,Parameter,,10,8,8
pointer_terminal_store,M_DOSRAW_PREPARE_F51F1B68,427,14,11,AutomaticFrame,,14,10,8
pointer_terminal_store,M_DOSRAW_PREPARE_F51F1B68,427,14,15,AutomaticFrame,,16,8,8
pointer_terminal_store,M_DOSRAW_PREPARE_F51F1B68,427,14,17,AutomaticFrame,,18,8,8
pointer_terminal_store,M_DOSRAW_PREPARE_F51F1B68,427,14,19,AutomaticFrame,,20,8,8
pointer_terminal_store,M_DOSRAW_PREPARE_F51F1B68,427,17,0,AutomaticFrame,,1,8,8
pointer_terminal_store,M_DOSRAW_PREPARE_F51F1B68,427,18,0,AutomaticFrame,,1,8,8
pointer_terminal_store,M_DOSRAW_FINISH_BB47E14C,428,2,0,AutomaticFrame,,1,8,8
pointer_terminal_store,M_DOSRAW_FINISH_BB47E14C,428,2,2,AutomaticFrame,,3,10,8
pointer_terminal_store,M_DOSRAW_FINISH_BB47E14C,428,2,4,AutomaticFrame,,5,10,8
pointer_terminal_store,M_DOSRAW_FINISH_BB47E14C,428,2,6,AutomaticFrame,,7,10,8
pointer_terminal_store,M_DOSRAW_FINISH_BB47E14C,428,2,8,AutomaticFrame,,9,8,8
pointer_terminal_store,M_DOSRAW_FINISH_BB47E14C,428,2,10,AutomaticFrame,,11,8,8
pointer_terminal_store,M_DOSRAW_FINISH_BB47E14C,428,2,18,Parameter,,19,8,8
pointer_terminal_store,M_DOSRAW_CLOSESIZED_2208AD92,431,6,8,Parameter,,9,10,8
pointer_terminal_store,M_DOSRAW_CLOSESIZED_2208AD92,431,9,1,Parameter,,2,8,8
pointer_terminal_store,M_DOSRAW_CLOSESIZED_2208AD92,431,11,0,AutomaticFrame,,1,8,8
pointer_terminal_store,M_DOSRAW_CLOSESIZED_2208AD92,431,8,0,AutomaticFrame,,3,8,8
pointer_terminal_store,M_DOSRAW_CLOSESIZED_2208AD92,431,14,4,AutomaticFrame,,5,8,8
pointer_terminal_store,M_DOSRAW_CLOSESIZED_2208AD92,431,14,11,AutomaticFrame,,12,8,8
pointer_terminal_store,M_DOSRAW_CLOSESIZED_2208AD92,431,15,0,Parameter,,1,8,8
pointer_terminal_store,M_COOKEDLINE_DESTROY_77CB15F8,435,4,0,Parameter,,1,8,8
pointer_terminal_store,M_COOKEDLINE_FEED_E5727982,437,6,0,Parameter,,1,8,8
pointer_terminal_store,M_COOKEDLINE_FEED_E5727982,437,6,2,Parameter,,3,10,8
pointer_terminal_store,M_COOKEDLINE_FEED_E5727982,437,9,0,Parameter,,1,8,8
pointer_terminal_store,M_COOKEDLINE_FEED_E5727982,437,9,2,Parameter,,3,8,8
pointer_terminal_store,M_COOKEDLINE_FEED_E5727982,437,9,4,Parameter,,5,8,8
pointer_terminal_store,M_COOKEDLINE_FEED_E5727982,437,9,6,Parameter,,7,8,8
pointer_terminal_store,M_COOKEDLINE_FEED_E5727982,437,11,0,Parameter,,1,8,8
pointer_terminal_store,M_COOKEDLINE_FEED_E5727982,437,11,2,Parameter,,3,10,8
pointer_terminal_store,M_COOKEDLINE_FEED_E5727982,437,13,5,Parameter,,8,10,8
pointer_terminal_store,M_COOKEDLINE_FEED_E5727982,437,13,9,Parameter,,10,8,8
pointer_terminal_store,M_COOKEDLINE_FEED_E5727982,437,18,0,Parameter,,3,8,8
pointer_terminal_store,M_COOKEDLINE_FEED_E5727982,437,26,6,Parameter,,9,10,8
pointer_terminal_store,M_COOKEDLINE_DRAIN_A743CD2C,438,6,0,Parameter,,1,8,8
pointer_terminal_store,M_COOKEDLINE_DRAIN_A743CD2C,438,13,0,Parameter,,7,8,8
pointer_terminal_store,M_COOKEDLINE_DRAIN_A743CD2C,438,14,0,Parameter,,3,8,8
pointer_terminal_store,M_COOKEDLINE_DRAIN_A743CD2C,438,16,0,Parameter,,1,8,8
pointer_terminal_store,M_COOKEDLINE_DRAIN_A743CD2C,438,16,2,Parameter,,3,8,8
pointer_terminal_store,M_COOKEDLINE_DRAIN_A743CD2C,438,16,4,Parameter,,5,8,8
pointer_terminal_store,M_COOKEDLINE_DRAIN_A743CD2C,438,11,0,Parameter,,1,8,8
pointer_terminal_store,M_COOKEDLINE_DRAIN_A743CD2C,438,11,2,Parameter,,3,10,8
pointer_terminal_store,M_COOKEDLINE_DRAIN_A743CD2C,438,11,4,Parameter,,5,10,8
pointer_terminal_store,M_COOKEDLINE_DRAIN_A743CD2C,438,11,6,Parameter,,7,8,8
pointer_terminal_store,M_COOKEDLINE_RENDER_D6B4258E,439,22,0,Parameter,,3,8,8
pointer_terminal_store,M_DOSCOOKED_OPEN_FB0901F4,441,0,0,Parameter,,1,8,8
pointer_terminal_store,M_DOSCOOKED_OPEN_FB0901F4,441,1,0,Parameter,,1,8,8
pointer_terminal_store,M_DOSCOOKED_OPEN_FB0901F4,441,4,0,AutomaticFrame,,2,8,8
pointer_terminal_store,M_DOSCOOKED_OPEN_FB0901F4,441,4,1,AutomaticFrame,,2,8,8
pointer_terminal_store,M_DOSCOOKED_WIRE_7D812E8B,443,0,3,Parameter,,4,8,8
pointer_terminal_store,M_DOSCOOKED_WIRE_7D812E8B,443,0,5,AutomaticFrame,,8,10,8
pointer_terminal_store,M_DOSCOOKED_WIRE_7D812E8B,443,0,9,AutomaticFrame,,10,8,8
pointer_terminal_store,M_DOSCOOKED_WIRE_7D812E8B,443,0,11,AutomaticFrame,,12,8,8
pointer_terminal_store,M_DOSCOOKED_WIRE_7D812E8B,443,0,13,AutomaticFrame,,14,8,8
pointer_terminal_store,M_DOSCOOKED_WIRE_7D812E8B,443,1,0,AutomaticFrame,,1,8,8
pointer_terminal_store,M_DOSCOOKED_WIRE_7D812E8B,443,2,0,AutomaticFrame,,1,8,8
pointer_terminal_store,M_DOSCOOKED_BEGIN_9BFE5F7B,444,2,0,Parameter,,1,8,8
pointer_terminal_store,M_DOSCOOKED_BEGIN_9BFE5F7B,444,2,2,Parameter,,3,10,8
pointer_terminal_store,M_DOSCOOKED_BEGIN_9BFE5F7B,444,7,0,Parameter,,4,8,8
pointer_terminal_store,M_DOSCOOKED_CANCELLINE_F449849C,445,2,0,Parameter,,1,8,8
pointer_terminal_store,M_DOSCOOKED_CANCELLINE_F449849C,445,2,2,Parameter,,3,8,8
pointer_terminal_store,M_DOSCOOKED_CANCELLINE_F449849C,445,2,4,Parameter,,5,8,8
pointer_terminal_store,M_DOSCOOKED_CANCELLINE_F449849C,445,2,6,Parameter,,7,10,8
pointer_terminal_store,M_DOSCOOKED_CANCELLINE_F449849C,445,2,8,Parameter,,9,10,8
pointer_terminal_store,M_DOSCOOKED_CANCELLINE_F449849C,445,2,16,AutomaticFrame,,17,8,8
pointer_terminal_store,M_DOSCOOKED_CANCELLINE_F449849C,445,2,18,AutomaticFrame,,19,10,8
pointer_terminal_store,M_DOSCOOKED_CANCELLINE_F449849C,445,2,20,AutomaticFrame,,21,8,8
pointer_terminal_store,M_DOSCOOKED_CANCELLINE_F449849C,445,2,22,AutomaticFrame,,23,8,8
pointer_terminal_store,M_DOSCOOKED_CANCELLINE_F449849C,445,2,24,AutomaticFrame,,25,8,8
pointer_terminal_store,M_DOSCOOKED_CANCELLINE_F449849C,445,4,0,Parameter,,1,8,8
pointer_terminal_store,M_DOSCOOKED_ACQUIRELINE_772F100E,446,28,0,Parameter,,1,8,8
pointer_terminal_store,M_DOSCOOKED_READ_AAA4E8F8,447,0,0,Parameter,,1,8,8
pointer_terminal_store,M_DOSCOOKED_READ_AAA4E8F8,447,1,0,Parameter,,1,8,8
pointer_terminal_store,M_DOSCOOKED_READ_AAA4E8F8,447,3,0,Parameter,,1,8,8
pointer_terminal_store,M_DOSCOOKED_READ_AAA4E8F8,447,5,0,Parameter,,1,8,8
pointer_terminal_store,M_DOSCOOKED_READ_AAA4E8F8,447,15,3,AutomaticFrame,,4,8,8
pointer_terminal_store,M_DOSCOOKED_READ_AAA4E8F8,447,16,0,Parameter,,1,8,8
pointer_terminal_store,M_DOSBREAK_BEGIN_A70D4CB3,449,17,0,AutomaticFrame,,4,8,8
pointer_terminal_store,M_DOSBREAK_BEGIN_A70D4CB3,449,17,5,AutomaticFrame,,8,10,8
pointer_terminal_store,M_DOSBREAK_BEGIN_A70D4CB3,449,17,9,AutomaticFrame,,11,10,8
pointer_terminal_store,M_DOSBREAK_BEGIN_A70D4CB3,449,17,10,Parameter,,11,8,8
pointer_terminal_store,M_DOSBREAK_BEGIN_A70D4CB3,449,17,12,AutomaticFrame,,16,10,8
pointer_terminal_store,M_DOSBREAK_BEGIN_A70D4CB3,449,17,17,AutomaticFrame,,20,8,8
pointer_terminal_store,M_DOSBREAK_BEGIN_A70D4CB3,449,13,5,AutomaticFrame,,8,8,8
pointer_terminal_store,M_DOSBREAK_BEGIN_A70D4CB3,449,18,0,AutomaticFrame,,3,8,8
pointer_terminal_store,M_DOSBREAK_END_B7800793,450,4,3,AutomaticFrame,,4,8,8
pointer_terminal_store,M_DOSBREAK_CLEAR_B7EEEC7D,452,2,1,AutomaticFrame,,2,8,8
pointer_terminal_store,M_FSREGISTRY_RETAIN_218C5FAC,455,1,0,Parameter,,3,8,8
pointer_terminal_store,M_FSREGISTRY_RETAINBASE_94E5BA0B,456,5,0,Parameter,,3,8,8
pointer_terminal_store,M_FSREGISTRY_RELEASE_E0E99364,457,0,1,Parameter,,4,8,8
pointer_terminal_store,M_FSREGISTRY_STAMP_BE264D84,461,2,0,AutomaticFrame,,3,8,8
pointer_terminal_store,M_FSREGISTRY_STAMP_BE264D84,461,2,4,Parameter,,7,8,8
pointer_terminal_store,M_FSLOCKS_ROOT_D04E0C54,466,3,7,Parameter,,8,10,8
pointer_terminal_store,M_FSLOCKS_ADD_DEA4C903,467,2,6,Parameter,,9,10,8
pointer_terminal_store,M_FSLOCKS_ALLOCATE_39B5BEE3,469,4,0,AutomaticFrame,,1,8,8
pointer_terminal_store,M_FSLOCKS_ALLOCATE_39B5BEE3,469,5,0,AutomaticFrame,,1,8,8
pointer_terminal_store,M_FSLOCKS_ALLOCATE_39B5BEE3,469,8,0,AutomaticFrame,,4,8,8
pointer_terminal_store,M_FSPACKET_REPLY_F0943484,470,0,11,Parameter,,12,8,8
pointer_terminal_store,M_FSPACKET_REPLY_F0943484,470,0,13,Parameter,,14,10,8
pointer_terminal_store,M_FSPACKET_REPLY_F0943484,470,0,15,Parameter,,16,10,8
pointer_terminal_store,M_FSPACKET_REPLY_F0943484,470,0,17,Parameter,,19,10,8
pointer_terminal_store,M_FSPACKET_REPLY_F0943484,470,0,20,Parameter,,21,10,8
pointer_terminal_store,M_FSPACKET_REPLY_F0943484,470,0,22,Parameter,,23,10,8
pointer_terminal_store,M_FSPACKET_REPLY_F0943484,470,0,24,Parameter,,25,10,8
pointer_terminal_store,M_FSPACKET_REPLY_F0943484,470,0,38,Parameter,,39,10,8
pointer_terminal_store,M_FSPACKET_IDENTITY_6B3677B2,472,0,4,Parameter,,9,8,8
pointer_terminal_store,M_FSPACKET_IDENTITY_6B3677B2,472,2,0,Parameter,,5,8,8
pointer_terminal_store,M_FSPACKET_PUBLISHOPENSTEP_55EACFB5,473,0,8,AutomaticFrame,,12,10,8
pointer_terminal_store,M_FSPACKET_PUBLISHOPENSTEP_55EACFB5,473,0,13,AutomaticFrame,,14,8,8
pointer_terminal_store,M_FSPACKET_PUBLISHOPENSTEP_55EACFB5,473,0,15,AutomaticFrame,,16,10,8
pointer_terminal_store,M_FSPACKET_PUBLISHOPENSTEP_55EACFB5,473,1,0,AutomaticFrame,,1,8,8
pointer_terminal_store,M_FSPORTS_CREATE_D9675AD2,475,2,0,AutomaticFrame,,1,8,8
pointer_terminal_store,M_FSPORTS_CREATE_D9675AD2,475,2,2,AutomaticFrame,,3,10,8
pointer_terminal_store,M_FSPORTS_CREATE_D9675AD2,475,2,7,AutomaticFrame,,9,10,8
pointer_terminal_store,M_MYDOS_READPHYSICAL_AF05229A,477,0,6,Parameter,,9,8,8
pointer_terminal_store,M_MYDOS_READPHYSICAL_AF05229A,477,1,0,Parameter,,1,8,8
pointer_terminal_store,M_MYDOS_EXTENT_5BCD29B5,480,3,1,Parameter,,5,8,8
pointer_terminal_store,M_MYDOS_EXTENT_5BCD29B5,480,4,0,Parameter,,5,8,8
pointer_terminal_store,M_MYDOS_EXTENT_5BCD29B5,480,12,0,Parameter,,3,8,8
pointer_terminal_store,M_MYDOS_EXTENT_5BCD29B5,480,12,4,Parameter,,8,8,8
pointer_terminal_store,M_MYDOS_BEGINMOUNT_AA58F6DF,482,0,0,Parameter,,1,8,8
pointer_terminal_store,M_MYDOS_BEGINMOUNT_AA58F6DF,482,0,2,Parameter,,3,8,8
pointer_terminal_store,M_MYDOS_BEGINMOUNT_AA58F6DF,482,0,7,Parameter,,8,10,8
pointer_terminal_store,M_MYDOS_BEGINMOUNT_AA58F6DF,482,1,0,Parameter,,1,8,8
pointer_terminal_store,M_MYDOS_MOUNTBUFFERED_114678B9,483,1,0,Parameter,,1,8,8
pointer_terminal_store,M_MYDOS_COPYENTRY_C5D8D89C,485,2,0,AutomaticFrame,,3,8,8
pointer_terminal_store,M_MYDOS_DECODE_69B6DF25,486,0,0,Parameter,,3,8,8
pointer_terminal_store,M_MYDOS_DECODE_69B6DF25,486,0,4,Parameter,,6,10,8
pointer_terminal_store,M_MYDOS_DECODE_69B6DF25,486,0,7,Parameter,,9,10,8
pointer_terminal_store,M_MYDOS_DECODE_69B6DF25,486,0,10,Parameter,,11,8,8
pointer_terminal_store,M_MYDOS_DECODE_69B6DF25,486,0,12,Parameter,,21,10,8
pointer_terminal_store,M_MYDOS_DECODE_69B6DF25,486,0,22,Parameter,,31,8,8
pointer_terminal_store,M_MYDOS_LIVE_1E4E1377,487,4,0,Parameter,,1,8,8
pointer_terminal_store,M_MYDOS_LIVE_1E4E1377,487,5,0,Parameter,,1,8,8
pointer_terminal_store,M_MYDOS_LIVE_1E4E1377,487,9,0,Parameter,,1,8,8
pointer_terminal_store,M_MYDOS_BUFFEREDENTRY_DC465C80,488,0,17,Parameter,,18,8,8
pointer_terminal_store,M_MYDOS_BUFFEREDENTRY_DC465C80,488,1,0,Parameter,,1,8,8
pointer_terminal_store,M_MYDOS_BEGINENTRY_95F170F4,489,0,0,Parameter,,1,8,8
pointer_terminal_store,M_MYDOS_BEGINENTRY_95F170F4,489,0,2,Parameter,,3,8,8
pointer_terminal_store,M_MYDOS_BEGINENTRY_95F170F4,489,0,4,Parameter,,5,8,8
pointer_terminal_store,M_MYDOS_BEGINENTRY_95F170F4,489,1,0,Parameter,,1,8,8
pointer_terminal_store,M_MYDOS_BEGINENTRY_95F170F4,489,3,0,Parameter,,1,8,8
pointer_terminal_store,M_MYDOS_BEGINENTRY_95F170F4,489,7,0,Parameter,,1,8,8
pointer_terminal_store,M_MYDOS_BEGINENTRY_95F170F4,489,6,0,Parameter,,2,8,8
pointer_terminal_store,M_MYDOS_BEGINENTRY_95F170F4,489,6,3,Parameter,,5,8,8
pointer_terminal_store,M_MYDOS_BEGINENTRY_95F170F4,489,6,6,Parameter,,12,10,8
pointer_terminal_store,M_MYDOS_SELECTMATCH_8984C9A2,491,1,0,Parameter,,3,8,8
pointer_terminal_store,M_MYDOS_SELECTMATCH_8984C9A2,491,3,0,Parameter,,3,8,8
pointer_terminal_store,M_MYDOS_CHOOSE_61B23C5E,492,1,0,Parameter,,1,8,8
pointer_terminal_store,M_MYDOS_CHOOSE_61B23C5E,492,5,0,Parameter,,1,8,8
pointer_terminal_store,M_MYDOS_DESCEND_C497F8DD,494,1,0,Parameter,,1,8,8
pointer_terminal_store,M_MYDOS_DESCEND_C497F8DD,494,3,0,Parameter,,1,8,8
pointer_terminal_store,M_MYDOS_DESCEND_C497F8DD,494,10,0,Parameter,,1,8,8
pointer_terminal_store,M_MYDOS_DESCEND_C497F8DD,494,7,0,Parameter,,3,8,8
pointer_terminal_store,M_MYDOS_DESCEND_C497F8DD,494,7,11,Parameter,,13,8,8
pointer_terminal_store,M_MYDOS_ROOTENTRY_E3F00029,495,0,0,Parameter,,1,8,8
pointer_terminal_store,M_MYDOS_ROOTENTRY_E3F00029,495,0,2,Parameter,,3,10,8
pointer_terminal_store,M_MYDOS_ROOTENTRY_E3F00029,495,0,4,Parameter,,5,10,8
pointer_terminal_store,M_MYDOS_ROOTENTRY_E3F00029,495,0,6,Parameter,,7,8,8
pointer_terminal_store,M_MYDOS_ROOTENTRY_E3F00029,495,0,8,Parameter,,9,8,8
pointer_terminal_store,M_MYDOS_ROOTENTRY_E3F00029,495,0,10,Parameter,,11,8,8
pointer_terminal_store,M_MYDOS_STARTRESOLVE_24B3B079,496,0,0,Parameter,,1,8,8
pointer_terminal_store,M_MYDOS_STARTRESOLVE_24B3B079,496,0,2,Parameter,,3,8,8
pointer_terminal_store,M_MYDOS_STARTRESOLVE_24B3B079,496,0,4,Parameter,,6,8,8
pointer_terminal_store,M_MYDOS_STARTRESOLVE_24B3B079,496,0,5,Parameter,,6,8,8
pointer_terminal_store,M_MYDOS_STARTRESOLVE_24B3B079,496,0,7,Parameter,,8,10,8
pointer_terminal_store,M_MYDOS_STARTRESOLVE_24B3B079,496,0,9,Parameter,,10,8,8
pointer_terminal_store,M_MYDOS_STARTRESOLVE_24B3B079,496,0,11,Parameter,,12,8,8
pointer_terminal_store,M_MYDOS_STARTRESOLVE_24B3B079,496,0,16,Parameter,,17,8,8
pointer_terminal_store,M_MYDOS_STARTRESOLVE_24B3B079,496,1,0,Parameter,,1,8,8
pointer_terminal_store,M_MYDOS_STARTRESOLVE_24B3B079,496,3,0,Parameter,,1,8,8
pointer_terminal_store,M_MYDOS_STARTRESOLVE_24B3B079,496,9,0,Parameter,,3,8,8
pointer_terminal_store,M_MYDOS_STARTRESOLVE_24B3B079,496,10,0,Parameter,,1,8,8
pointer_terminal_store,M_MYDOS_RESOLVESTEP_4ADA26D9,499,8,0,Parameter,,3,8,8
pointer_terminal_store,M_MYDOS_RESOLVESTEP_4ADA26D9,499,11,0,Parameter,,6,8,8
pointer_terminal_store,M_FSINIT_CONFIG_A7C873FA,501,1,0,Parameter,,1,8,8
pointer_terminal_store,M_FSINIT_CONFIG_A7C873FA,501,3,0,Parameter,,3,8,8
pointer_terminal_store,M_FSINIT_CONFIG_A7C873FA,501,7,0,Parameter,,1,8,8
pointer_terminal_store,M_FSINIT_CONFIG_A7C873FA,501,9,0,Parameter,,1,8,8
pointer_terminal_store,M_FSINIT_CONFIG_A7C873FA,501,11,0,Parameter,,1,8,8
pointer_terminal_store,M_FSINIT_CONFIG_A7C873FA,501,13,0,Parameter,,1,8,8
pointer_terminal_store,M_FSINIT_CONFIG_A7C873FA,501,18,0,Parameter,,1,8,8
pointer_terminal_store,M_FSINIT_ARRIVAL_302FF83F,503,4,0,AutomaticFrame,,1,8,8
pointer_terminal_store,M_FSINIT_ARRIVAL_302FF83F,503,4,2,AutomaticFrame,,3,10,8
pointer_terminal_store,M_FSINIT_ARRIVAL_302FF83F,503,4,4,AutomaticFrame,,10,10,8
pointer_terminal_store,M_FSINIT_ALLOCATEMOUNT_EF481898,504,1,0,Parameter,,1,8,8
pointer_terminal_store,M_FSINIT_ALLOCATEMOUNT_EF481898,504,4,0,Parameter,,2,8,8
pointer_terminal_store,M_FSINIT_ALLOCATEMOUNT_EF481898,504,4,1,AutomaticFrame,,2,8,8
pointer_terminal_store,M_FSINIT_ALLOCATEMOUNT_EF481898,504,4,7,AutomaticFrame,,8,10,8
pointer_terminal_store,M_FSINIT_ALLOCATEMOUNT_EF481898,504,6,0,AutomaticFrame,,3,8,8
pointer_terminal_store,M_FSINIT_ALLOCATEMOUNT_EF481898,504,7,0,AutomaticFrame,,3,8,8
pointer_terminal_store,M_FSINIT_ALLOCATEMOUNT_EF481898,504,7,4,AutomaticFrame,,7,8,8
pointer_terminal_store,M_FSINIT_ALLOCATEBLOCK_5C0916F0,505,2,0,AutomaticFrame,,2,8,8
pointer_terminal_store,M_FSINIT_ALLOCATEBLOCK_5C0916F0,505,2,1,AutomaticFrame,,2,8,8
pointer_terminal_store,M_FSINIT_ALLOCATEBLOCK_5C0916F0,505,2,5,AutomaticFrame,,6,10,8
pointer_terminal_store,M_FSINIT_ALLOCATEBLOCK_5C0916F0,505,2,7,AutomaticFrame,,11,10,8
pointer_terminal_store,M_FSINIT_ALLOCATEBLOCK_5C0916F0,505,2,12,AutomaticFrame,,16,10,8
pointer_terminal_store,M_FSINIT_ALLOCATEBLOCK_5C0916F0,505,2,17,AutomaticFrame,,21,10,8
pointer_terminal_store,M_FSINIT_ALLOCATEBLOCK_5C0916F0,505,2,22,AutomaticFrame,,25,10,8
pointer_terminal_store,M_FSINIT_ALLOCATEBLOCK_5C0916F0,505,2,26,AutomaticFrame,,29,8,8
pointer_terminal_store,M_FSINIT_ALLOCATEBLOCK_5C0916F0,505,2,30,AutomaticFrame,,33,8,8
pointer_terminal_store,M_FSINIT_ALLOCATEBLOCK_5C0916F0,505,2,34,AutomaticFrame,,37,10,8
pointer_terminal_store,M_FSINIT_PUBLISH_12D6516B,506,3,0,Parameter,,1,8,8
pointer_terminal_store,M_FSINIT_PUBLISH_12D6516B,506,3,2,Parameter,,3,8,8
pointer_terminal_store,M_FSINIT_PUBLISH_12D6516B,506,3,4,Parameter,,5,10,8
pointer_terminal_store,M_FSINIT_PUBLISH_12D6516B,506,3,6,Parameter,,8,10,8
pointer_terminal_store,M_FSINIT_PUBLISH_12D6516B,506,3,9,AutomaticFrame,,10,10,8
pointer_terminal_store,M_FSINIT_FIRST_60F42DBA,507,2,0,AutomaticFrame,,1,8,8
pointer_terminal_store,M_FSINIT_FIRST_60F42DBA,507,2,2,AutomaticFrame,,3,10,8
pointer_terminal_store,M_FSINIT_ADAPTERSTEP_4F860EAF,508,2,0,AutomaticFrame,,1,8,8
pointer_terminal_store,M_FSINIT_WORKSPACESTEP_AC19D935,509,3,0,AutomaticFrame,,1,8,8
pointer_terminal_store,M_FSINIT_MOUNTSTEP_D16E7745,510,2,0,AutomaticFrame,,1,8,8
pointer_terminal_store,M_FSINIT_BLOCKSTEP_FC8F9559,511,2,0,AutomaticFrame,,1,8,8
pointer_terminal_store,M_FSINIT_OPENEDSTEP_3B4623A1,512,1,0,AutomaticFrame,,3,8,8
pointer_terminal_store,M_FSINIT_OPENEDSTEP_3B4623A1,512,3,0,AutomaticFrame,,3,8,8
pointer_terminal_store,M_FSINIT_OPENEDSTEP_3B4623A1,512,4,0,AutomaticFrame,,1,8,8
pointer_terminal_store,M_FSINIT_MOUNTEDSTEP_D00F6B02,513,1,0,AutomaticFrame,,3,8,8
pointer_terminal_store,M_FSINIT_MOUNTEDSTEP_D00F6B02,513,3,0,AutomaticFrame,,3,8,8
pointer_terminal_store,M_FSINIT_MOUNTEDSTEP_D00F6B02,513,6,0,AutomaticFrame,,3,8,8
pointer_terminal_store,M_FSINIT_MOUNTEDSTEP_D00F6B02,513,7,0,AutomaticFrame,,1,8,8
pointer_terminal_store,M_FSINIT_FAILED_4FB7E0CF,514,2,0,Parameter,,1,8,8
pointer_terminal_store,M_FSINIT_CLEANUP_26675F9E,517,3,3,AutomaticFrame,,4,8,8
pointer_terminal_store,M_FSRELATIVE_SEED_FD9BA1BB,519,3,5,Parameter,,7,8,8
pointer_terminal_store,M_FSRELATIVE_TRIM_C4B2DBD8,520,6,0,Parameter,,3,8,8
pointer_terminal_store,M_FSRELATIVE_TRIM_C4B2DBD8,520,7,0,Parameter,,3,8,8
pointer_terminal_store,M_FSRELATIVE_ROOT_94E4441A,521,2,0,Parameter,,2,8,8
pointer_terminal_store,M_FSRELATIVE_BEGIN_CB9D8F8D,522,23,0,Parameter,,2,8,8
pointer_terminal_store,M_FSRELATIVE_BEGIN_CB9D8F8D,522,29,0,Parameter,,3,8,8
pointer_terminal_store,M_FSRELATIVE_BEGIN_CB9D8F8D,522,32,0,Parameter,,1,8,8
pointer_terminal_store,M_FSINFO_CLEAR_E168B3AB,525,2,0,AutomaticFrame,,1,8,8
pointer_terminal_store,M_FSINFO_FILL_CDFFBE8F,527,0,0,Parameter,,1,8,8
pointer_terminal_store,M_FSINFO_FILL_CDFFBE8F,527,0,2,Parameter,,4,8,8
pointer_terminal_store,M_FSINFO_FILL_CDFFBE8F,527,1,0,Parameter,,1,8,8
pointer_terminal_store,M_FSINFO_FILL_CDFFBE8F,527,1,2,Parameter,,3,8,8
pointer_terminal_store,M_FSINFO_FILL_CDFFBE8F,527,3,0,Parameter,,1,8,8
pointer_terminal_store,M_FSINFO_FILL_CDFFBE8F,527,2,0,Parameter,,2,8,8
pointer_terminal_store,M_FSINFO_FILL_CDFFBE8F,527,2,3,Parameter,,7,8,8
pointer_terminal_store,M_FSINFO_FILL_CDFFBE8F,527,5,0,Parameter,,1,8,8
pointer_terminal_store,M_FSINFO_SAVE_B1E7031F,528,0,4,AutomaticFrame,,7,8,8
pointer_terminal_store,M_FSINFO_SAVE_B1E7031F,528,0,8,AutomaticFrame,,11,10,8
pointer_terminal_store,M_FSINFO_SAVE_B1E7031F,528,0,12,AutomaticFrame,,15,10,8
pointer_terminal_store,M_FSINFO_SAVE_B1E7031F,528,0,16,AutomaticFrame,,18,8,8
pointer_terminal_store,M_FSINFO_SAVE_B1E7031F,528,0,19,Parameter,,22,10,8
pointer_terminal_store,M_MYDOSFILE_OPEN_0FD3469F,530,0,0,Parameter,,1,8,8
pointer_terminal_store,M_MYDOSFILE_OPEN_0FD3469F,530,0,2,Parameter,,3,8,8
pointer_terminal_store,M_MYDOSFILE_OPEN_0FD3469F,530,1,0,Parameter,,1,8,8
pointer_terminal_store,M_MYDOSFILE_OPEN_0FD3469F,530,5,0,Parameter,,1,8,8
pointer_terminal_store,M_MYDOSFILE_OPEN_0FD3469F,530,7,5,Parameter,,8,8,8
pointer_terminal_store,M_MYDOSFILE_OPEN_0FD3469F,530,10,0,Parameter,,1,8,8
pointer_terminal_store,M_MYDOSFILE_OPEN_0FD3469F,530,10,2,Parameter,,3,8,8
pointer_terminal_store,M_MYDOSFILE_OPEN_0FD3469F,530,10,4,Parameter,,5,8,8
pointer_terminal_store,M_MYDOSFILE_OPEN_0FD3469F,530,12,0,Parameter,,1,8,8
pointer_terminal_store,M_MYDOSFILE_OPEN_0FD3469F,530,16,0,Parameter,,1,8,8
pointer_terminal_store,M_MYDOSFILE_VISIT_2F7F40D0,532,0,0,Parameter,,3,8,8
pointer_terminal_store,M_MYDOSFILE_VISIT_2F7F40D0,532,3,0,Parameter,,2,8,8
pointer_terminal_store,M_MYDOSFILE_VISIT_2F7F40D0,532,4,0,Parameter,,3,8,8
pointer_terminal_store,M_MYDOSFILE_VISIT_2F7F40D0,532,7,0,Parameter,,2,8,8
pointer_terminal_store,M_MYDOSFILE_VISIT_2F7F40D0,532,7,3,Parameter,,6,8,8
pointer_terminal_store,M_MYDOSFILE_VISIT_2F7F40D0,532,7,7,Parameter,,8,8,8
pointer_terminal_store,M_MYDOSFILE_TRAILER_58DD2DFC,533,0,13,Parameter,,19,8,8
pointer_terminal_store,M_MYDOSFILE_TRAILER_58DD2DFC,533,4,0,Parameter,,9,8,8
pointer_terminal_store,M_MYDOSFILE_LINK_86A70D17,534,6,0,Parameter,,5,8,8
pointer_terminal_store,M_MYDOSFILE_LINK_86A70D17,534,6,6,Parameter,,7,8,8
pointer_terminal_store,M_MYDOSFILE_VALIDATE_CCD11D35,535,3,0,Parameter,,1,8,8
pointer_terminal_store,M_MYDOSFILE_VALIDATE_CCD11D35,535,11,0,Parameter,,1,8,8
pointer_terminal_store,M_MYDOSFILE_VALIDATE_CCD11D35,535,10,0,Parameter,,1,8,8
pointer_terminal_store,M_MYDOSFILE_FAIL_8A60C23B,536,0,12,Parameter,,13,10,8
pointer_terminal_store,M_MYDOSFILE_FAIL_8A60C23B,536,0,14,Parameter,,15,8,8
pointer_terminal_store,M_MYDOSFILE_CANCEL_40161F05,537,0,11,Parameter,,12,10,8
pointer_terminal_store,M_MYDOSFILE_CANCEL_40161F05,537,3,8,Parameter,,10,8,8
pointer_terminal_store,M_MYDOSFILE_CANCEL_40161F05,537,2,0,Parameter,,1,8,8
pointer_terminal_store,M_MYDOSFILE_FINISH_E4A712C2,538,1,8,Parameter,,10,8,8
pointer_terminal_store,M_MYDOSFILE_FINISH_E4A712C2,538,2,5,Parameter,,7,8,8
pointer_terminal_store,M_MYDOSFILE_FINISH_E4A712C2,538,3,0,Parameter,,1,8,8
pointer_terminal_store,M_MYDOSFILE_ADVANCE_71346BED,539,0,0,Parameter,,5,8,8
pointer_terminal_store,M_MYDOSFILE_ADVANCE_71346BED,539,0,6,Parameter,,8,8,8
pointer_terminal_store,M_MYDOSFILE_ADVANCE_71346BED,539,0,9,Parameter,,10,8,8
pointer_terminal_store,M_MYDOSFILE_ADVANCE_71346BED,539,0,11,Parameter,,12,8,8
pointer_terminal_store,M_MYDOSFILE_BEGINREAD_56DCAA56,541,0,2,Parameter,,3,8,8
pointer_terminal_store,M_MYDOSFILE_BEGINREAD_56DCAA56,541,0,4,Parameter,,6,10,8
pointer_terminal_store,M_MYDOSFILE_BEGINREAD_56DCAA56,541,0,7,Parameter,,9,8,8
pointer_terminal_store,M_MYDOSFILE_TARGET_3D0FAE04,542,5,0,Parameter,,4,8,8
pointer_terminal_store,M_MYDOSFILE_TARGET_3D0FAE04,542,9,3,Parameter,,4,8,8
pointer_terminal_store,M_MYDOSFILE_BEGINSEEK_007E9A86,543,0,2,Parameter,,3,8,8
pointer_terminal_store,M_MYDOSFILE_BEGINSEEK_007E9A86,543,8,3,Parameter,,4,8,8
pointer_terminal_store,M_MYDOSFILE_LOCATE_F172D4F1,544,4,0,Parameter,,1,8,8
pointer_terminal_store,M_MYDOSFILE_COPY_B45932A2,545,2,0,AutomaticFrame,,3,8,8
pointer_terminal_store,M_MYDOSFILE_CONSUME_CDF927EF,546,3,9,Parameter,,14,8,8
pointer_terminal_store,M_MYDOSFILE_CONSUME_CDF927EF,546,3,15,Parameter,,20,8,8
pointer_terminal_store,M_FSDIRECTORY_SELECTSTEP_815DA095,550,7,0,AutomaticFrame,,1,8,8
pointer_terminal_store,M_FSDIRECTORY_SELECTSTEP_815DA095,550,8,0,AutomaticFrame,,1,8,8
pointer_terminal_store,M_FSDIRECTORY_INFOSTEP_3CC6E53D,551,2,0,AutomaticFrame,,5,8,8
pointer_terminal_store,M_FSDIRECTORY_INFOSTEP_3CC6E53D,551,4,0,AutomaticFrame,,1,8,8
pointer_terminal_store,M_FSDIRECTORY_STATESTEP_73ED4FBC,553,7,0,AutomaticFrame,,3,8,8
pointer_terminal_store,M_FSDIRECTORY_STATESTEP_73ED4FBC,553,7,4,AutomaticFrame,,5,10,8
pointer_terminal_store,M_FSDIRECTORY_ENTRYSTEP_D4EA4ABB,555,4,0,AutomaticFrame,,1,8,8
pointer_terminal_store,M_FSDIRECTORY_ENTRYRESULTSTEP_4C458A60,556,6,0,AutomaticFrame,,3,8,8
pointer_terminal_store,M_FSDIRECTORY_ENTRYRESULTSTEP_4C458A60,556,7,0,AutomaticFrame,,1,8,8
pointer_terminal_store,M_FSDIRECTORY_ENTRYRESULTSTEP_4C458A60,556,8,0,AutomaticFrame,,1,8,8
pointer_terminal_store,M_FSDIRECTORY_SIZESTEP_0C182F8A,557,4,0,AutomaticFrame,,1,8,8
pointer_terminal_store,M_FSDIRECTORY_SIZESTEP_0C182F8A,557,8,0,AutomaticFrame,,1,8,8
pointer_terminal_store,M_FSDIRECTORY_SIZESTARTSTEP_F40FBDAE,558,1,0,AutomaticFrame,,1,8,8
pointer_terminal_store,M_FSDIRECTORY_SIZESTARTSTEP_F40FBDAE,558,2,5,AutomaticFrame,,6,8,8
pointer_terminal_store,M_FSDIRECTORY_SIZECONTINUESTEP_1EAFA525,559,5,0,AutomaticFrame,,1,8,8
pointer_terminal_store,M_FSDIRECTORY_CLEARSTEP_2A4A8FB8,560,0,8,AutomaticFrame,,9,8,8
pointer_terminal_store,M_FSDIRECTORY_NAMESTEP_97C5C3EC,561,0,11,AutomaticFrame,,12,8,8
pointer_terminal_store,M_FSDIRECTORY_FILLSTEP_E0581636,562,0,11,AutomaticFrame,,12,8,8
pointer_terminal_store,M_FSHANDLER_OPENRESULTSTEP_0C25E5DB,567,8,0,AutomaticFrame,,1,8,8
pointer_terminal_store,M_FSHANDLER_OPENRESULTSTEP_0C25E5DB,567,9,0,AutomaticFrame,,1,8,8
pointer_terminal_store,M_FSHANDLER_CURSORSTEP_0CA2CA5E,568,2,0,AutomaticFrame,,1,8,8
pointer_terminal_store,M_FSHANDLER_OPENSTEP_A7675710,569,5,0,AutomaticFrame,,1,8,8
pointer_terminal_store,M_FSHANDLER_OPENSTEP_A7675710,569,5,10,AutomaticFrame,,11,10,8
pointer_terminal_store,M_FSHANDLER_LOCKSTEP_E0A0D2D5,570,3,8,AutomaticFrame,,9,10,8
pointer_terminal_store,M_FSHANDLER_RESOLVESTARTSTEP_40B69900,571,0,4,AutomaticFrame,,5,10,8
pointer_terminal_store,M_FSHANDLER_RESOLVEREADYSTEP_BDBFDED1,572,1,0,AutomaticFrame,,1,8,8
pointer_terminal_store,M_FSHANDLER_RESOLVEREADYSTEP_BDBFDED1,572,2,0,AutomaticFrame,,1,8,8
pointer_terminal_store,M_FSHANDLER_OPERATIONRESULT_4184CBFA,573,1,0,Parameter,,1,8,8
pointer_terminal_store,M_FSHANDLER_OPERATIONRESULT_4184CBFA,573,1,2,Parameter,,3,10,8
pointer_terminal_store,M_FSHANDLER_FILESELECTSTEP_BED2DD8A,574,7,0,AutomaticFrame,,1,8,8
pointer_terminal_store,M_FSHANDLER_FILESELECTSTEP_BED2DD8A,574,8,6,AutomaticFrame,,7,10,8
pointer_terminal_store,M_FSHANDLER_ARGUMENTSSTEP_DD745A90,575,4,14,AutomaticFrame,,15,8,8
pointer_terminal_store,M_FSHANDLER_ARGUMENTSSTEP_DD745A90,575,2,12,AutomaticFrame,,13,8,8
pointer_terminal_store,M_FSHANDLER_DISPATCHSTEP_D149BF3A,578,3,12,AutomaticFrame,,13,8,8
pointer_terminal_store,M_FSHANDLER_MEDIASTEP_8DCF2858,579,2,0,AutomaticFrame,,1,8,8
pointer_terminal_store,M_FSHANDLER_ACTIONSTEP_7D527A4E,580,1,0,AutomaticFrame,,1,8,8
pointer_terminal_store,M_FSHANDLER_ACTIONSTEP_7D527A4E,580,3,0,AutomaticFrame,,1,8,8
pointer_terminal_store,M_FSHANDLER_ACTIONSTEP_7D527A4E,580,5,0,AutomaticFrame,,1,8,8
pointer_terminal_store,M_FSHANDLER_ACTIONSTEP_7D527A4E,580,9,0,AutomaticFrame,,1,8,8
pointer_terminal_store,M_FSHANDLER_COMPONENTSTEP_389CA8B9,582,2,0,AutomaticFrame,,1,8,8
pointer_terminal_store,M_FSHANDLER_RESOLVESTEP_D6E79D38,583,8,0,AutomaticFrame,,1,8,8
pointer_terminal_store,M_FSHANDLER_RESOLVESTEP_D6E79D38,583,13,0,AutomaticFrame,,1,8,8
pointer_terminal_store,M_FSABORT_CHECKPOINT_5DD0EDAE,585,22,8,Parameter,,9,8,8
pointer_terminal_store,M_FSWORKER_WORKER_2BB473B0,586,0,3,AutomaticFrame,,5,8,8
pointer_terminal_store,M_FSWORKER_FINISH_EC2E5E2B,587,0,0,Parameter,,3,8,8
pointer_terminal_store,M_FSWORKER_FINISH_EC2E5E2B,587,0,9,Parameter,,10,8,8
pointer_terminal_store,M_FSWORKER_FINISH_EC2E5E2B,587,0,11,Parameter,,12,10,8
pointer_terminal_store,M_FSWORKER_FINISH_EC2E5E2B,587,1,0,Parameter,,1,8,8
pointer_terminal_store,M_FSWORKER_FINISH_EC2E5E2B,587,2,0,Parameter,,1,8,8
pointer_terminal_store,M_FSMOUNT_DISPATCH_FD59F08F,588,0,16,AutomaticFrame,,17,8,8
pointer_terminal_store,M_FSMOUNT_SELECTSTEP_8E807607,589,1,1,AutomaticFrame,,2,8,8
pointer_terminal_store,M_FSMOUNT_SELECTSTEP_8E807607,589,1,3,AutomaticFrame,,4,10,8
pointer_terminal_store,M_FSMOUNT_SELECTSTEP_8E807607,589,5,0,AutomaticFrame,,3,8,8
pointer_terminal_store,M_FSMOUNT_SELECTSTEP_8E807607,589,5,4,AutomaticFrame,,8,10,8
pointer_terminal_store,M_FSMOUNT_SELECTSTEP_8E807607,589,5,9,AutomaticFrame,,10,10,8
pointer_terminal_store,M_FSMOUNT_COMMANDSTEP_B1883B1A,590,1,0,AutomaticFrame,,1,8,8
pointer_terminal_store,M_FSMOUNT_COMMANDSTEP_B1883B1A,590,7,0,AutomaticFrame,,1,8,8
pointer_terminal_store,M_FSMOUNT_REMOVESTEP_BBB2975B,591,7,0,AutomaticFrame,,1,8,8
pointer_terminal_store,M_FSMUX_CONTROL_16FCB25F,593,2,0,Parameter,,3,8,8
pointer_terminal_store,M_FSMUX_CONTROL_16FCB25F,593,2,4,Parameter,,5,10,8
pointer_terminal_store,M_FSMUX_CONTROL_16FCB25F,593,2,6,Parameter,,7,10,8
pointer_terminal_store,M_FSMUX_CONTROL_16FCB25F,593,2,8,Parameter,,9,10,8
pointer_terminal_store,M_FSMUX_TAKE_F08F7501,594,1,0,AutomaticFrame,,1,8,8
pointer_terminal_store,M_FSMUX_TAKE_F08F7501,594,2,3,AutomaticFrame,,4,10,8
pointer_terminal_store,M_FSMUX_TAKE_F08F7501,594,7,0,AutomaticFrame,,1,8,8
pointer_terminal_store,M_FSBOOT_BEGINSERVICE_BC5D2672,595,1,0,Parameter,,1,8,8
pointer_terminal_store,M_FSBOOT_BEGINSERVICE_BC5D2672,595,1,2,Parameter,,3,8,8
pointer_terminal_store,M_FSBOOT_BEGINSERVICE_BC5D2672,595,2,0,AutomaticFrame,,1,8,8
pointer_terminal_store,M_FSBOOT_BEGINSERVICE_BC5D2672,595,2,2,AutomaticFrame,,3,10,8
pointer_terminal_store,M_FSBOOT_BEGINSERVICE_BC5D2672,595,2,4,AutomaticFrame,,5,10,8
pointer_terminal_store,M_FSBOOT_BEGINSERVICE_BC5D2672,595,2,6,Parameter,,9,10,8
pointer_terminal_store,M_FSBOOT_BEGINSERVICE_BC5D2672,595,3,3,Parameter,,4,8,8
pointer_terminal_store,M_FSBOOT_BEGINSERVICE_BC5D2672,595,3,5,Parameter,,6,10,8
pointer_terminal_store,M_FSBOOT_BEGINSERVICE_BC5D2672,595,3,7,Parameter,,8,8,8
pointer_terminal_store,M_DOSCALLS_ARGUMENTS_D4B63738,598,0,0,Parameter,,1,8,8
pointer_terminal_store,M_DOSCALLS_ARGUMENTS_D4B63738,598,0,2,Parameter,,3,8,8
pointer_terminal_store,M_DOSCALLS_ARGUMENTS_D4B63738,598,0,4,Parameter,,5,8,8
pointer_terminal_store,M_DOSCALLS_ARGUMENTS_D4B63738,598,0,6,Parameter,,7,8,8
pointer_terminal_store,M_DOSCALLS_ARGUMENTS_D4B63738,598,0,8,Parameter,,9,8,8
pointer_terminal_store,M_DOSCALLS_ARGUMENTS_D4B63738,598,0,10,Parameter,,11,8,8
pointer_terminal_store,M_DOSCALLS_ARGUMENTS_D4B63738,598,0,12,Parameter,,16,8,8
pointer_terminal_store,M_DOSCALLS_NAMEARGUMENTS_4FEB00BB,599,1,0,Parameter,,1,8,8
pointer_terminal_store,M_DOSCALLS_NAMEARGUMENTS_4FEB00BB,599,1,2,Parameter,,6,8,8
pointer_terminal_store,M_DOSCALLS_NAMEARGUMENTS_4FEB00BB,599,1,7,Parameter,,8,8,8
pointer_terminal_store,M_DOSCALLS_NAMEARGUMENTS_4FEB00BB,599,2,0,Parameter,,4,8,8
pointer_terminal_store,M_DOSCALLS_NAMEARGUMENTS_4FEB00BB,599,2,5,Parameter,,9,8,8
pointer_terminal_store,M_DOSCALLS_ACQUIRE_C423433E,600,0,2,Parameter,,3,10,8
pointer_terminal_store,M_DOSCALLS_ACQUIRE_C423433E,600,8,0,AutomaticFrame,,2,8,8
pointer_terminal_store,M_DOSCALLS_ACQUIRE_C423433E,600,11,2,AutomaticFrame,,5,8,8
pointer_terminal_store,M_DOSCALLS_ACQUIRE_C423433E,600,13,0,AutomaticFrame,,1,8,8
pointer_terminal_store,M_DOSCALLS_ACQUIRE_C423433E,600,17,0,AutomaticFrame,,4,8,8
pointer_terminal_store,M_DOSCALLS_ACQUIRE_C423433E,600,18,0,AutomaticFrame,,4,8,8
pointer_terminal_store,M_DOSCALLS_FILE_E8D1DABC,607,4,4,Parameter,,8,8,8
pointer_terminal_store,M_DOSCALLS_READ_BEE8BE36,608,17,3,AutomaticFrame,,7,8,8
pointer_terminal_store,M_DOSCALLS_READ_BEE8BE36,608,17,8,AutomaticFrame,,10,8,8
pointer_terminal_store,M_DOSCALLS_SEEK_17FC33E6,610,13,3,AutomaticFrame,,5,8,8
pointer_terminal_store,M_DOSCALLS_SEEK_17FC33E6,610,13,6,AutomaticFrame,,8,8,8
pointer_terminal_store,M_DOSCALLS_INFORMATION_13F25DEC,613,6,3,AutomaticFrame,,7,8,8
pointer_terminal_store,M_DOSCALLS_SELECTIONREADY_28C831A1,615,1,0,Parameter,,1,8,8
pointer_terminal_store,M_DOSCALLS_SELECTIONREADY_28C831A1,615,5,0,Parameter,,1,8,8
pointer_terminal_store,M_DOSCALLS_SELECT_1EDDE386,617,9,3,AutomaticFrame,,5,8,8
pointer_terminal_store,M_DOSCALLS_SELECT_1EDDE386,617,9,4,Parameter,,5,8,8
pointer_terminal_store,M_DOSCALLS_SELECT_1EDDE386,617,10,3,AutomaticFrame,,5,8,8
pointer_terminal_store,M_DOSCALLS_SELECT_1EDDE386,617,10,4,Parameter,,5,8,8
pointer_terminal_store,M_DOSCALLS_SELECT_1EDDE386,617,8,0,AutomaticFrame,,1,8,8
pointer_terminal_store,M_DOSCALLS_DIRECTORY_C8028D6B,618,3,0,Parameter,,1,8,8
pointer_terminal_store,M_DOSCALLS_DIRECTORY_C8028D6B,618,5,0,Parameter,,1,8,8
pointer_terminal_store,M_DOSCALLS_DIRECTORY_C8028D6B,618,7,0,Parameter,,1,8,8
pointer_terminal_store,M_DOSCALLS_DIRECTORY_C8028D6B,618,9,0,Parameter,,1,8,8
pointer_terminal_store,M_DOSCALLS_CURRENTDIR_1AA7335E,619,9,0,AutomaticFrame,,1,8,8
pointer_terminal_store,M_DOSCALLS_CURRENTDIR_1AA7335E,619,11,3,AutomaticFrame,,5,8,8
pointer_terminal_store,M_DOSCALLS_CURRENTDIR_1AA7335E,619,11,4,Parameter,,5,8,8
pointer_terminal_store,M_DOSCALLS_CURRENTDIR_1AA7335E,619,12,0,AutomaticFrame,,1,8,8
pointer_terminal_store,M_DOSCALLS_NAMEFROMLOCK_92457C4A,620,7,0,AutomaticFrame,,1,8,8
pointer_terminal_store,M_DOSCALLS_NAMEFROMLOCK_92457C4A,620,9,0,AutomaticFrame,,1,8,8
pointer_terminal_store,M_DOSCALLS_NAMEFROMLOCK_92457C4A,620,11,0,AutomaticFrame,,1,8,8
pointer_terminal_store,M_DOSCALLS_NAMEFROMLOCK_92457C4A,620,14,0,Parameter,,3,8,8
pointer_terminal_store,M_DOSCALLS_NAMEFROMLOCK_92457C4A,620,15,0,AutomaticFrame,,1,8,8
pointer_terminal_store,M_DOSCALLS_ISINTERACTIVE_18CACEEA,621,4,0,AutomaticFrame,,1,8,8
pointer_terminal_store,M_TASKINSPECT_SNAPSHOT_72A67CF0,648,7,6,Parameter,,7,8,8
pointer_terminal_store,M_TASKINSPECT_SNAPSHOT_72A67CF0,648,7,8,Parameter,,10,10,8
pointer_terminal_store,M_DEVICEINSPECT_SNAPSHOT_EBB6295F,649,4,2,Parameter,,3,8,8
pointer_terminal_store,M_DEVICEINSPECT_SNAPSHOT_EBB6295F,649,4,4,Parameter,,8,10,8
pointer_terminal_store,M_DEVICEINSPECT_SNAPSHOT_EBB6295F,649,8,0,Parameter,,2,8,8
pointer_terminal_store,M_DEVICEINSPECT_SNAPSHOT_EBB6295F,649,5,0,Parameter,,2,8,8
pointer_terminal_store,M_DEVICEINSPECT_SNAPSHOT_EBB6295F,649,9,0,Parameter,,2,8,8
pointer_terminal_store,M_FSINSPECT_SNAPSHOT_873CF8A6,650,19,3,Parameter,,5,10,8
pointer_terminal_store,M_SHELLAPP_SHELLPROMPT_E21EE466,667,0,3,AutomaticFrame,,4,10,8
pointer_terminal_store,M_SHELLAPP_SHELLCLEAR_52BB640F,668,0,4,AutomaticFrame,,5,8,8
pointer_terminal_store,M_SHELLAPP_SHELLCHANGE_E2B81D98,670,2,1,AutomaticFrame,,2,10,8
pointer_terminal_store,M_SHELLAPP_SHELLCHANGE_E2B81D98,670,6,1,AutomaticFrame,,2,10,8
pointer_terminal_store,M_SHELLAPP_SHELLCHANGE_E2B81D98,670,6,4,AutomaticFrame,,5,10,8
pointer_terminal_store,M_SHELLAPP_SHELLREADSTEP_5848FDA6,685,7,4,AutomaticFrame,,7,8,8
pointer_terminal_store,M_SHELLAPP_SHELLREADSTEP_5848FDA6,685,12,0,AutomaticFrame,,3,8,8
pointer_terminal_store,M_SHELLAPP_SHELLBOOTSTART_6A4872BE,691,2,3,AutomaticFrame,,5,8,8
pointer_terminal_call,M_EXECLISTS_INSERT_468B11BA,14,1,0,Parameter,,2,8,8
pointer_terminal_call,M_EXECLISTS_INSERT_468B11BA,14,1,1,Parameter,,2,8,8
pointer_terminal_call,M_EXECLISTS_INSERT_468B11BA,14,4,0,Parameter,,2,8,8
pointer_terminal_call,M_EXECLISTS_INSERT_468B11BA,14,4,1,Parameter,,2,8,8
pointer_terminal_call,M_EXECLISTS_REMHEAD_F8063CE7,16,2,0,AutomaticFrame,,1,8,8
pointer_terminal_call,M_EXECLISTS_REMTAIL_292EAA27,17,2,0,AutomaticFrame,,1,8,8
pointer_terminal_call,M_EXECLISTS_ENQUEUE_763E1E61,18,4,0,Parameter,,3,8,8
pointer_terminal_call,M_EXECLISTS_ENQUEUE_763E1E61,18,4,1,Parameter,,3,8,8
pointer_terminal_call,M_EXECLISTS_ENQUEUE_763E1E61,18,3,0,Parameter,,2,8,8
pointer_terminal_call,M_EXECLISTS_ENQUEUE_763E1E61,18,3,1,Parameter,,2,8,8
pointer_terminal_call,M_HEAPCORE_CHUNKEND_0E0C27CE,29,0,0,Parameter,,2,8,8
pointer_terminal_call,M_HEAPCORE_CHUNKEND_0E0C27CE,29,0,1,Parameter,,2,8,8
pointer_terminal_call,M_HEAPCORE_CHUNKEND_0E0C27CE,29,5,5,Parameter,,9,8,8
pointer_terminal_call,M_HEAPCORE_VALIDATE_B397AD34,30,0,0,Parameter,,1,8,8
pointer_terminal_call,M_HEAPCORE_VALIDATE_B397AD34,30,2,0,Parameter,,1,8,8
pointer_terminal_call,M_HEAPCORE_SPLIT_B6117102,33,4,0,Parameter,,3,8,8
pointer_terminal_call,M_HEAPCORE_SPLIT_B6117102,33,4,1,Parameter,,3,8,8
pointer_terminal_call,M_HEAPCORE_SPLIT_B6117102,33,4,2,AutomaticFrame,,3,8,8
pointer_terminal_call,M_HEAPCORE_RESERVE_2192E9C0,35,4,0,Parameter,,1,8,8
pointer_terminal_call,M_HEAPCORE_RESERVE_2192E9C0,35,13,0,Parameter,,2,8,8
pointer_terminal_call,M_HEAPCORE_RESERVE_2192E9C0,35,13,1,AutomaticFrame,,2,8,8
pointer_terminal_call,M_HEAPCORE_ALLOCATE_E39F1AF5,36,0,0,Parameter,,2,8,8
pointer_terminal_call,M_HEAPCORE_LARGEST_AA9886E8,37,0,0,Parameter,,1,8,8
pointer_terminal_call,M_HEAPCORE_LARGEST_AA9886E8,37,2,0,Parameter,,1,8,8
pointer_terminal_call,M_HEAPCORE_INSERTFREE_129E41BB,38,6,0,AutomaticFrame,,5,8,8
pointer_terminal_call,M_HEAPCORE_INSERTFREE_129E41BB,38,6,1,Parameter,,5,8,8
pointer_terminal_call,M_HEAPCORE_INSERTFREE_129E41BB,38,6,6,Parameter,,9,8,8
pointer_terminal_call,M_HEAPCORE_INSERTFREE_129E41BB,38,6,7,Parameter,,9,8,8
pointer_terminal_call,M_HEAPCORE_INSERTFREE_129E41BB,38,6,8,AutomaticFrame,,9,8,8
pointer_terminal_call,M_HEAPCORE_RETURNRANGE_11C95A83,39,16,0,Parameter,,4,8,8
pointer_terminal_call,M_HEAPCORE_RETURNRANGE_11C95A83,39,16,1,AutomaticFrame,,4,8,8
pointer_terminal_call,M_HEAPCORE_DEALLOCATE_60F97CF2,40,5,8,Parameter,,9,8,8
pointer_terminal_call,M_HEAPCORE_DEALLOCATE_60F97CF2,40,5,10,Parameter,,13,8,8
pointer_terminal_call,M_HEAPPOLICY_RESERVE_42F2499D,52,10,0,AutomaticFrame,,3,8,8
pointer_terminal_call,M_HEAPPOLICY_FREE_3EA2E1EF,54,6,0,Parameter,,1,8,8
pointer_terminal_call,M_HEAPPOLICY_FREE_3EA2E1EF,54,10,0,AutomaticFrame,,3,8,8
pointer_terminal_call,M_HEAPPOLICY_FREE_3EA2E1EF,54,10,1,Parameter,,3,8,8
pointer_terminal_call,M_HEAPPOLICY_MEMORYTYPE_D394B206,56,0,0,Parameter,,1,8,8
pointer_terminal_call,M_HEAPPOLICY_FREEVECTOR_698EC5DE,59,14,0,AutomaticFrame,,5,8,8
pointer_terminal_call,M_TASKPOLICY_AVAILABLERECORD_80983EA0,75,0,3,AutomaticFrame,,4,8,8
pointer_terminal_call,M_TASKPOLICY_READY_679992F5,83,0,3,Parameter,,4,8,8
pointer_terminal_call,M_TASKPOLICY_READY_679992F5,83,0,5,Parameter,,6,8,8
pointer_terminal_call,M_TASKPOLICY_INITSIGNALS_5C831CB9,84,0,0,Parameter,,2,8,8
pointer_terminal_call,M_TASKPOLICY_INITSIGNALS_5C831CB9,84,0,1,Parameter,,2,8,8
pointer_terminal_call,M_TASKPOLICY_ADMIT_CF1671AB,85,0,18,Parameter,,19,8,8
pointer_terminal_call,M_TASKPOLICY_ADMIT_CF1671AB,85,0,20,Parameter,,21,8,8
pointer_terminal_call,M_TASKPOLICY_ADMIT_CF1671AB,85,0,34,Parameter,,36,10,8
pointer_terminal_call,M_TASKPOLICY_ADMIT_CF1671AB,85,0,35,Parameter,,36,8,8
pointer_terminal_call,M_TASKPOLICY_ADMIT_CF1671AB,85,0,37,Parameter,,38,8,8
pointer_terminal_call,M_TASKPOLICY_INIT_57A5FAC8,86,7,34,AutomaticFrame,,35,10,8
pointer_terminal_call,M_TASKPOLICY_SELECT_1A709B3E,90,7,0,AutomaticFrame,,1,8,8
pointer_terminal_call,M_TASKPOLICY_SELECT_1A709B3E,90,9,0,AutomaticFrame,,1,8,8
pointer_terminal_call,M_TASKPOLICY_SWITCH_98522C9E,91,0,3,Parameter,,5,10,8
pointer_terminal_call,M_TASKPOLICY_SWITCH_98522C9E,91,5,0,Parameter,,1,8,8
pointer_terminal_call,M_TASKPOLICY_SWITCH_98522C9E,91,7,0,Parameter,,1,8,8
pointer_terminal_call,M_TASKPOLICY_ADD_A5E7C92B,93,0,14,AutomaticFrame,,15,8,8
pointer_terminal_call,M_TASKPOLICY_ADD_A5E7C92B,93,6,0,AutomaticFrame,,1,8,8
pointer_terminal_call,M_TASKPOLICY_ADD_A5E7C92B,93,8,0,AutomaticFrame,,1,8,8
pointer_terminal_call,M_TASKPOLICY_ADD_A5E7C92B,93,10,0,AutomaticFrame,,1,8,8
pointer_terminal_call,M_TASKPOLICY_ADD_A5E7C92B,93,12,0,AutomaticFrame,,1,8,8
pointer_terminal_call,M_TASKPOLICY_ADD_A5E7C92B,93,13,0,AutomaticFrame,,1,8,8
pointer_terminal_call,M_TASKPOLICY_ADD_A5E7C92B,93,16,3,AutomaticFrame,,6,8,8
pointer_terminal_call,M_TASKPOLICY_ADD_A5E7C92B,93,16,4,AutomaticFrame,,6,8,8
pointer_terminal_call,M_TASKPOLICY_ADD_A5E7C92B,93,16,5,AutomaticFrame,,6,8,8
pointer_terminal_call,M_TASKPOLICY_ADD_A5E7C92B,93,16,8,AutomaticFrame,,9,8,8
pointer_terminal_call,M_TASKPOLICY_ADD_A5E7C92B,93,16,14,AutomaticFrame,,16,10,8
pointer_terminal_call,M_TASKPOLICY_REMOVETASK_35F29A21,94,5,0,AutomaticFrame,,1,8,8
pointer_terminal_call,M_TASKPOLICY_REMOVETASK_35F29A21,94,7,0,AutomaticFrame,,1,8,8
pointer_terminal_call,M_TASKPOLICY_REMOVETASK_35F29A21,94,9,0,AutomaticFrame,,1,8,8
pointer_terminal_call,M_TASKPOLICY_REMOVETASK_35F29A21,94,10,0,AutomaticFrame,,1,8,8
pointer_terminal_call,M_TASKPOLICY_REMOVETASK_35F29A21,94,11,0,AutomaticFrame,,1,8,8
pointer_terminal_call,M_TASKPOLICY_REMOVETASK_35F29A21,94,12,0,AutomaticFrame,,1,8,8
pointer_terminal_call,M_TASKPOLICY_REMOVETASK_35F29A21,94,16,28,AutomaticFrame,,29,10,8
pointer_terminal_call,M_TASKPOLICY_REMOVETASK_35F29A21,94,16,30,AutomaticFrame,,31,8,8
pointer_terminal_call,M_TASKPOLICY_REMOVETASK_35F29A21,94,16,32,AutomaticFrame,,33,8,8
pointer_terminal_call,M_TASKPOLICY_REMOVETASK_35F29A21,94,17,0,Parameter,,1,8,8
pointer_terminal_call,M_TASKPOLICY_FIND_0D9A09D7,96,6,4,Parameter,,5,10,8
pointer_terminal_call,M_TASKPOLICY_EXCLUSION_DFE541A6,98,5,6,Parameter,,8,10,8
pointer_terminal_call,M_TASKPOLICY_SLEEPTASK_6A909BCC,99,2,0,Parameter,,2,8,8
pointer_terminal_call,M_TASKPOLICY_SLEEPTASK_6A909BCC,99,5,2,Parameter,,4,10,8
pointer_terminal_call,M_TASKPOLICY_SLEEPTASK_6A909BCC,99,6,10,Parameter,,11,10,8
pointer_terminal_call,M_TASKPOLICY_SLEEPTASK_6A909BCC,99,6,12,Parameter,,13,8,8
pointer_terminal_call,M_TASKPOLICY_ALLOCATEBIT_A349E154,102,12,4,Parameter,,5,8,8
pointer_terminal_call,M_TASKPOLICY_MASKS_49833CE1,103,1,1,AutomaticFrame,,4,8,8
pointer_terminal_call,M_TASKPOLICY_MASKS_49833CE1,103,4,3,AutomaticFrame,,8,8,8
pointer_terminal_call,M_TASKPOLICY_COMPLETEWAIT_31FB45E4,104,2,0,Parameter,,1,8,8
pointer_terminal_call,M_TASKPOLICY_WAITTASK_AD94C4A2,105,2,5,Parameter,,7,8,8
pointer_terminal_call,M_TASKPOLICY_WAITTASK_AD94C4A2,105,4,0,Parameter,,1,8,8
pointer_terminal_call,M_TASKPOLICY_POSTSIGNAL_10773240,106,0,4,Parameter,,5,8,8
pointer_terminal_call,M_TASKPOLICY_POSTSIGNAL_10773240,106,1,0,Parameter,,1,8,8
pointer_terminal_call,M_TASKPOLICY_SIGNALTASK_806F80F5,107,4,0,AutomaticFrame,,2,8,8
pointer_terminal_call,M_TASKPOLICY_SIGNALTASK_806F80F5,107,5,2,Parameter,,4,10,8
pointer_terminal_call,M_TASKPOLICY_CANCELWAKE_8ADC984A,111,1,0,Parameter,,1,8,8
pointer_terminal_call,M_TASKPOLICY_DRAINONE_68E56764,112,6,0,AutomaticFrame,,1,8,8
pointer_terminal_call,M_TASKPOLICY_DRAINONE_68E56764,112,7,0,AutomaticFrame,,1,8,8
pointer_terminal_call,M_TASKPOLICY_BOUNDPRODUCER_6D7B4E54,114,0,0,Parameter,,1,8,8
pointer_terminal_call,M_TASKPOLICY_BOUNDPRODUCER_6D7B4E54,114,2,0,Parameter,,1,8,8
pointer_terminal_call,M_TASKPOLICY_BOUNDPRODUCER_6D7B4E54,114,3,0,Parameter,,1,8,8
pointer_terminal_call,M_TASKPOLICY_BOUNDPRODUCER_6D7B4E54,114,4,0,Parameter,,1,8,8
pointer_terminal_call,M_TASKPOLICY_PRODUCERCONTROL_52F9499B,115,9,2,Parameter,,4,10,8
pointer_terminal_call,M_TASKPOLICY_MEMORYCALL_E7816C43,118,0,0,Parameter,,3,8,8
pointer_terminal_call,M_TASKPOLICY_VALIDPORT_7710F985,122,0,0,Parameter,,1,8,8
pointer_terminal_call,M_TASKPOLICY_SENDMESSAGE_7332557D,124,0,0,Parameter,,1,8,8
pointer_terminal_call,M_TASKPOLICY_SENDMESSAGE_7332557D,124,9,0,AutomaticFrame,,2,8,8
pointer_terminal_call,M_TASKPOLICY_PORTHEAD_A12A0751,125,0,0,Parameter,,1,8,8
pointer_terminal_call,M_TASKPOLICY_PORTDELETE_CF47DFE6,126,0,0,Parameter,,1,8,8
pointer_terminal_call,M_TASKPOLICY_REGISTRYCALL_6B5FFB7F,127,3,0,AutomaticFrame,,2,8,8
pointer_terminal_call,M_TASKPOLICY_REGISTRYCALL_6B5FFB7F,127,3,1,Parameter,,2,8,8
pointer_terminal_call,M_TASKPOLICY_REGISTRYCALL_6B5FFB7F,127,5,0,AutomaticFrame,,1,8,8
pointer_terminal_call,M_TASKPOLICY_REGISTRYCALL_6B5FFB7F,127,6,0,AutomaticFrame,,1,8,8
pointer_terminal_call,M_TASKPOLICY_REGISTRYCALL_6B5FFB7F,127,12,9,AutomaticFrame,,12,10,8
pointer_terminal_call,M_TASKPOLICY_QUEUECALL_62B0545B,128,8,0,Parameter,,5,8,8
pointer_terminal_call,M_TASKPOLICY_QUEUECALL_62B0545B,128,8,4,AutomaticFrame,,5,10,8
pointer_terminal_call,M_TASKPOLICY_QUEUECALL_62B0545B,128,12,0,Parameter,,4,8,8
pointer_terminal_call,M_TASKPOLICY_QUEUECALL_62B0545B,128,12,2,AutomaticFrame,,4,8,8
pointer_terminal_call,M_TASKPOLICY_QUEUECALL_62B0545B,128,12,3,AutomaticFrame,,4,8,8
pointer_terminal_call,M_TASKPOLICY_PORTCALL_70989793,129,10,0,Parameter,,4,8,8
pointer_terminal_call,M_TASKPOLICY_PORTCALL_70989793,129,12,0,Parameter,,4,8,8
pointer_terminal_call,M_TASKPOLICY_PORTCALL_70989793,129,13,0,Parameter,,4,8,8
pointer_terminal_call,M_TASKPOLICY_PORTCALL_70989793,129,13,3,AutomaticFrame,,4,10,8
pointer_terminal_call,M_TASKPOLICY_IONAME_8B922013,135,2,0,Parameter,,2,8,8
pointer_terminal_call,M_TASKPOLICY_IONAME_8B922013,135,2,1,Parameter,,2,8,8
pointer_terminal_call,M_TASKPOLICY_IOBOUND_33A4879E,136,0,0,Parameter,,1,8,8
pointer_terminal_call,M_TASKPOLICY_IOBOUND_33A4879E,136,2,0,Parameter,,1,8,8
pointer_terminal_call,M_TASKPOLICY_IOOPEN_15F8E966,137,3,1,Parameter,,2,8,8
pointer_terminal_call,M_TASKPOLICY_IOOPEN_15F8E966,137,5,1,Parameter,,2,8,8
pointer_terminal_call,M_TASKPOLICY_IOOPEN_15F8E966,137,6,1,Parameter,,2,8,8
pointer_terminal_call,M_TASKPOLICY_IOCOMPLETE_88BA0BF3,139,2,0,Parameter,,6,8,8
pointer_terminal_call,M_TASKPOLICY_IOCOLLECT_D169FE6C,141,0,0,Parameter,,2,8,8
pointer_terminal_call,M_TASKPOLICY_IOCOLLECT_D169FE6C,141,0,1,Parameter,,2,8,8
pointer_terminal_call,M_TASKPOLICY_IOENQUEUE_EC975914,142,1,2,Parameter,,5,10,8
pointer_terminal_call,M_TASKPOLICY_IOENQUEUE_EC975914,142,1,4,Parameter,,5,8,8
pointer_terminal_call,M_TASKPOLICY_IOENQUEUE_EC975914,142,3,2,Parameter,,5,10,8
pointer_terminal_call,M_TASKPOLICY_IOENQUEUE_EC975914,142,3,4,Parameter,,5,8,8
pointer_terminal_call,M_TASKPOLICY_IOENQUEUE_EC975914,142,5,2,Parameter,,5,10,8
pointer_terminal_call,M_TASKPOLICY_IOENQUEUE_EC975914,142,5,4,Parameter,,5,8,8
pointer_terminal_call,M_TASKPOLICY_IOBEGIN_A0C610B5,143,0,0,Parameter,,1,8,8
pointer_terminal_call,M_TASKPOLICY_IOBEGIN_A0C610B5,143,6,0,Parameter,,2,8,8
pointer_terminal_call,M_TASKPOLICY_IOBEGIN_A0C610B5,143,6,1,Parameter,,2,8,8
pointer_terminal_call,M_TASKPOLICY_IOBEGIN_A0C610B5,143,7,4,Parameter,,5,10,8
pointer_terminal_call,M_TASKPOLICY_IOBEGIN_A0C610B5,143,10,0,Parameter,,3,8,8
pointer_terminal_call,M_TASKPOLICY_IOBEGIN_A0C610B5,143,10,2,Parameter,,3,8,8
pointer_terminal_call,M_TASKPOLICY_IOBEGIN_A0C610B5,143,12,0,Parameter,,3,8,8
pointer_terminal_call,M_TASKPOLICY_IOBEGIN_A0C610B5,143,12,2,Parameter,,3,8,8
pointer_terminal_call,M_TASKPOLICY_IOBEGIN_A0C610B5,143,13,0,Parameter,,3,8,8
pointer_terminal_call,M_TASKPOLICY_IOBEGIN_A0C610B5,143,13,2,Parameter,,3,8,8
pointer_terminal_call,M_TASKPOLICY_IOTESTBEGIN_2E780855,144,10,0,Parameter,,3,8,8
pointer_terminal_call,M_TASKPOLICY_IOTESTBEGIN_2E780855,144,10,2,Parameter,,3,8,8
pointer_terminal_call,M_TASKPOLICY_IOTESTBEGIN_2E780855,144,11,0,Parameter,,3,8,8
pointer_terminal_call,M_TASKPOLICY_IOTESTBEGIN_2E780855,144,11,2,Parameter,,3,8,8
pointer_terminal_call,M_TASKPOLICY_IOABORT_1EC95CFC,145,0,0,Parameter,,1,8,8
pointer_terminal_call,M_TASKPOLICY_IOABORT_1EC95CFC,145,4,0,Parameter,,1,8,8
pointer_terminal_call,M_TASKPOLICY_IOABORT_1EC95CFC,145,5,0,Parameter,,3,8,8
pointer_terminal_call,M_TASKPOLICY_IOABORT_1EC95CFC,145,5,2,Parameter,,3,8,8
pointer_terminal_call,M_TASKPOLICY_IOABORT_1EC95CFC,145,7,0,Parameter,,3,8,8
pointer_terminal_call,M_TASKPOLICY_IOABORT_1EC95CFC,145,7,2,Parameter,,3,8,8
pointer_terminal_call,M_TASKPOLICY_IOABORT_1EC95CFC,145,12,5,Parameter,,8,10,8
pointer_terminal_call,M_TASKPOLICY_IOABORT_1EC95CFC,145,12,7,Parameter,,8,8,8
pointer_terminal_call,M_TASKPOLICY_IOTESTFINISH_35E02F77,149,5,8,Parameter,,11,8,8
pointer_terminal_call,M_TASKPOLICY_IOTESTFINISH_35E02F77,149,5,10,AutomaticFrame,,11,8,8
pointer_terminal_call,M_TASKPOLICY_IOCALL_78031962,150,12,0,Parameter,,4,8,8
pointer_terminal_call,M_TASKPOLICY_IOCALL_78031962,150,14,0,Parameter,,5,8,8
pointer_terminal_call,M_TASKPOLICY_IOCALL_78031962,150,20,0,AutomaticFrame,,1,8,8
pointer_terminal_call,M_TASKPOLICY_IOCALL_78031962,150,21,0,Parameter,,4,8,8
pointer_terminal_call,M_TASKPOLICY_IOCALL_78031962,150,21,3,AutomaticFrame,,4,10,8
pointer_terminal_call,M_TASKPOLICY_IOREQUESTCALL_7ACD78BD,151,0,0,Parameter,,1,8,8
pointer_terminal_call,M_TASKPOLICY_IOREQUESTCALL_7ACD78BD,151,3,0,Parameter,,4,8,8
pointer_terminal_call,M_TASKPOLICY_IOREQUESTCALL_7ACD78BD,151,3,2,Parameter,,4,8,8
pointer_terminal_call,M_TASKPOLICY_IOREQUESTCALL_7ACD78BD,151,6,0,Parameter,,4,8,8
pointer_terminal_call,M_TASKPOLICY_IOREQUESTCALL_7ACD78BD,151,6,3,Parameter,,4,10,8
pointer_terminal_call,M_TASKPOLICY_IOSETTLEDCALL_042AE5B9,152,11,0,Parameter,,3,8,8
pointer_terminal_call,M_TASKPOLICY_IOSETTLEDCALL_042AE5B9,152,13,0,Parameter,,3,8,8
pointer_terminal_call,M_TASKPOLICY_SIOENQUEUE_F49C65E1,157,1,2,Parameter,,5,10,8
pointer_terminal_call,M_TASKPOLICY_SIOENQUEUE_F49C65E1,157,1,4,Parameter,,5,8,8
pointer_terminal_call,M_TASKPOLICY_SIOENQUEUE_F49C65E1,157,3,2,Parameter,,5,10,8
pointer_terminal_call,M_TASKPOLICY_SIOENQUEUE_F49C65E1,157,3,4,Parameter,,5,8,8
pointer_terminal_call,M_TASKPOLICY_SIOENQUEUE_F49C65E1,157,5,0,Parameter,,6,8,8
pointer_terminal_call,M_TASKPOLICY_SIOABORT_410D8B25,158,2,5,Parameter,,8,10,8
pointer_terminal_call,M_TASKPOLICY_SIOABORT_410D8B25,158,2,7,Parameter,,8,8,8
pointer_terminal_call,M_TASKPOLICY_SIOADMIT_DC2C0CF4,161,11,0,AutomaticFrame,,1,8,8
pointer_terminal_call,M_TASKPOLICY_SIOADMIT_DC2C0CF4,161,11,3,AutomaticFrame,,5,8,8
pointer_terminal_call,M_TASKPOLICY_SIOADMIT_DC2C0CF4,161,11,4,AutomaticFrame,,5,8,8
pointer_terminal_call,M_TASKPOLICY_SIOADMIT_DC2C0CF4,161,11,6,AutomaticFrame,,9,8,8
pointer_terminal_call,M_TASKPOLICY_SIOADMIT_DC2C0CF4,161,11,7,AutomaticFrame,,9,8,8
pointer_terminal_call,M_TASKPOLICY_SIOADMIT_DC2C0CF4,161,11,8,Parameter,,9,8,8
pointer_terminal_call,M_TASKPOLICY_SIOFINISH_B1C2A78C,163,5,8,Parameter,,11,8,8
pointer_terminal_call,M_TASKPOLICY_SIOFINISH_B1C2A78C,163,5,10,AutomaticFrame,,11,8,8
pointer_terminal_call,M_TASKPOLICY_SIOWORKERCONTROL_ABEF18A6,165,5,1,Parameter,,2,8,8
pointer_terminal_call,M_TASKPOLICY_SIOWORKERCONTROL_ABEF18A6,165,16,0,Parameter,,3,8,8
pointer_terminal_call,M_TASKPOLICY_SIOWORKERCONTROL_ABEF18A6,165,16,2,Parameter,,3,8,8
pointer_terminal_call,M_TASKPOLICY_SIOWORKERCONTROL_ABEF18A6,165,18,2,Parameter,,5,10,8
pointer_terminal_call,M_TASKPOLICY_SIOWORKERCONTROL_ABEF18A6,165,18,4,Parameter,,5,8,8
pointer_terminal_call,M_TASKPOLICY_SIOPAUSE_4B7D62A1,166,0,11,Parameter,,12,10,8
pointer_terminal_call,M_TASKPOLICY_SIOPAUSE_4B7D62A1,166,0,13,Parameter,,14,8,8
pointer_terminal_call,M_TASKPOLICY_SIOTRYCANCEL_F1BE205A,167,0,0,Parameter,,1,8,8
pointer_terminal_call,M_TASKPOLICY_SIOTRYCANCEL_F1BE205A,167,7,0,Parameter,,3,8,8
pointer_terminal_call,M_TASKPOLICY_SIOTRYCANCEL_F1BE205A,167,7,2,Parameter,,3,8,8
pointer_terminal_call,M_TASKPOLICY_SIOCONTROL_0EC256A4,168,1,0,Parameter,,5,8,8
pointer_terminal_call,M_TASKPOLICY_SIOCONTROL_0EC256A4,168,7,0,Parameter,,2,8,8
pointer_terminal_call,M_TASKPOLICY_SIOCONTROL_0EC256A4,168,11,0,Parameter,,3,8,8
pointer_terminal_call,M_TASKPOLICY_SIOCONTROL_0EC256A4,168,11,2,AutomaticFrame,,3,8,8
pointer_terminal_call,M_TASKPOLICY_SIOCONTROL_0EC256A4,168,12,0,Parameter,,5,8,8
pointer_terminal_call,M_TASKPOLICY_SIOCONTROL_0EC256A4,168,12,2,AutomaticFrame,,5,8,8
pointer_terminal_call,M_TASKPOLICY_DOSRESET_224DFB33,173,0,0,Parameter,,1,8,8
pointer_terminal_call,M_TASKPOLICY_DOSCANREMOVE_DB41E74E,174,0,0,Parameter,,1,8,8
pointer_terminal_call,M_TASKPOLICY_DOSCURRENT_4399DFDB,175,2,0,Parameter,,1,8,8
pointer_terminal_call,M_TASKPOLICY_DOSADMIT_DEA63DC3,181,11,0,AutomaticFrame,,2,8,8
pointer_terminal_call,M_TASKPOLICY_DOSADMIT_DEA63DC3,181,11,1,AutomaticFrame,,2,8,8
pointer_terminal_call,M_TASKPOLICY_DOSADMIT_DEA63DC3,181,11,12,AutomaticFrame,,15,10,8
pointer_terminal_call,M_TASKPOLICY_DOSADMIT_DEA63DC3,181,11,13,AutomaticFrame,,15,8,8
pointer_terminal_call,M_TASKPOLICY_DOSADMIT_DEA63DC3,181,11,14,Parameter,,15,8,8
pointer_terminal_call,M_TASKPOLICY_CONSOLEPRODUCERCONTROL_28DEB132,191,1,0,Parameter,,2,8,8
pointer_terminal_call,M_TASKPOLICY_CONSOLEPRODUCERCONTROL_28DEB132,191,2,0,Parameter,,3,8,8
pointer_terminal_call,M_TASKPOLICY_CONSOLEBINDCONTROL_DC86D25B,192,4,0,Parameter,,3,8,8
pointer_terminal_call,M_TASKPOLICY_CONSOLEBINDCONTROL_DC86D25B,192,4,2,AutomaticFrame,,3,8,8
pointer_terminal_call,M_TASKPOLICY_CONSOLEBINDCONTROL_DC86D25B,192,7,0,Parameter,,2,8,8
pointer_terminal_call,M_TASKPOLICY_CONSOLENAME_0C46F590,200,0,0,Parameter,,2,8,8
pointer_terminal_call,M_TASKPOLICY_CONSOLEBOUND_8755F553,202,0,0,Parameter,,1,8,8
pointer_terminal_call,M_TASKPOLICY_CONSOLECLOSE_04E65EB3,205,0,6,AutomaticFrame,,8,8,8
pointer_terminal_call,M_TASKPOLICY_CONSOLECLOSE_04E65EB3,205,0,7,AutomaticFrame,,8,8,8
pointer_terminal_call,M_TASKPOLICY_CONSOLEENQUEUE_BE188809,207,0,10,AutomaticFrame,,11,8,8
pointer_terminal_call,M_TASKPOLICY_CONSOLEENQUEUE_BE188809,207,1,0,Parameter,,3,8,8
pointer_terminal_call,M_TASKPOLICY_CONSOLEENQUEUE_BE188809,207,1,2,Parameter,,3,8,8
pointer_terminal_call,M_TASKPOLICY_CONSOLEENQUEUE_BE188809,207,3,2,Parameter,,5,10,8
pointer_terminal_call,M_TASKPOLICY_CONSOLEENQUEUE_BE188809,207,3,4,Parameter,,5,8,8
pointer_terminal_call,M_TASKPOLICY_CONSOLEENQUEUE_BE188809,207,8,0,Parameter,,3,8,8
pointer_terminal_call,M_TASKPOLICY_CONSOLEENQUEUE_BE188809,207,8,2,Parameter,,3,8,8
pointer_terminal_call,M_TASKPOLICY_CONSOLEENQUEUE_BE188809,207,11,2,Parameter,,5,10,8
pointer_terminal_call,M_TASKPOLICY_CONSOLEENQUEUE_BE188809,207,11,4,Parameter,,5,8,8
pointer_terminal_call,M_TASKPOLICY_CONSOLEENQUEUE_BE188809,207,10,4,Parameter,,11,10,8
pointer_terminal_call,M_TASKPOLICY_CONSOLEABORT_CCCE9F0D,209,1,2,Parameter,,4,10,8
pointer_terminal_call,M_TASKPOLICY_CONSOLEABORT_CCCE9F0D,209,1,3,AutomaticFrame,,4,8,8
pointer_terminal_call,M_TASKPOLICY_CONSOLEABORT_CCCE9F0D,209,3,2,Parameter,,4,10,8
pointer_terminal_call,M_TASKPOLICY_CONSOLEABORT_CCCE9F0D,209,3,3,AutomaticFrame,,4,8,8
pointer_terminal_call,M_TASKPOLICY_CONSOLEABORT_CCCE9F0D,209,7,2,Parameter,,4,10,8
pointer_terminal_call,M_TASKPOLICY_CONSOLEABORT_CCCE9F0D,209,7,3,AutomaticFrame,,4,8,8
pointer_terminal_call,M_TASKPOLICY_CONSOLEABORT_CCCE9F0D,209,6,5,Parameter,,8,10,8
pointer_terminal_call,M_TASKPOLICY_CONSOLEABORT_CCCE9F0D,209,6,7,Parameter,,8,8,8
pointer_terminal_call,M_TASKPOLICY_CONSOLEADMIT_A01C3E0C,211,12,0,AutomaticFrame,,2,8,8
pointer_terminal_call,M_TASKPOLICY_CONSOLEADMIT_A01C3E0C,211,12,1,AutomaticFrame,,2,8,8
pointer_terminal_call,M_TASKPOLICY_CONSOLEADMIT_A01C3E0C,211,12,38,AutomaticFrame,,41,8,8
pointer_terminal_call,M_TASKPOLICY_CONSOLEADMIT_A01C3E0C,211,12,39,AutomaticFrame,,41,8,8
pointer_terminal_call,M_TASKPOLICY_CONSOLEADMIT_A01C3E0C,211,12,40,Parameter,,41,8,8
pointer_terminal_call,M_TASKPOLICY_CONSOLEFINISH_F43924B4,214,12,2,Parameter,,5,8,8
pointer_terminal_call,M_TASKPOLICY_CONSOLEFINISH_F43924B4,214,12,4,AutomaticFrame,,5,8,8
pointer_terminal_call,M_TASKPOLICY_CONSOLEALLIDLE_C6081818,216,11,0,Parameter,,2,8,8
pointer_terminal_call,M_TASKPOLICY_CONSOLEALLIDLE_C6081818,216,11,1,AutomaticFrame,,2,8,8
pointer_terminal_call,M_TASKPOLICY_CONSOLEANYRUNNABLE_82C77A1E,217,7,0,Parameter,,4,8,8
pointer_terminal_call,M_TASKPOLICY_CONSOLESTOP_DAEB4759,218,0,0,Parameter,,1,8,8
pointer_terminal_call,M_TASKPOLICY_CONSOLESTOP_DAEB4759,218,3,4,Parameter,,6,10,8
pointer_terminal_call,M_TASKPOLICY_CONSOLESTOP_DAEB4759,218,3,5,Parameter,,6,8,8
pointer_terminal_call,M_TASKPOLICY_CONSOLEWORKERCONTROL_3CA89D3E,219,5,1,AutomaticFrame,,3,8,8
pointer_terminal_call,M_TASKPOLICY_CONSOLEWORKERCONTROL_3CA89D3E,219,5,2,AutomaticFrame,,3,8,8
pointer_terminal_call,M_TASKPOLICY_CONSOLEWORKERCONTROL_3CA89D3E,219,11,0,Parameter,,5,8,8
pointer_terminal_call,M_TASKPOLICY_CONSOLEWORKERCONTROL_3CA89D3E,219,11,2,AutomaticFrame,,5,8,8
pointer_terminal_call,M_TASKPOLICY_CONSOLEWORKERCONTROL_3CA89D3E,219,17,1,AutomaticFrame,,2,8,8
pointer_terminal_call,M_TASKPOLICY_CONSOLECONTROL_F218511C,221,0,0,Parameter,,2,8,8
pointer_terminal_call,M_TASKPOLICY_CONSOLECONTROL_F218511C,221,8,0,Parameter,,3,8,8
pointer_terminal_call,M_TASKPOLICY_CONSOLECONTROL_F218511C,221,8,2,AutomaticFrame,,3,8,8
pointer_terminal_call,M_TASKPOLICY_CONSOLECANREMOVE_6BA935F9,224,18,0,AutomaticFrame,,1,8,8
pointer_terminal_call,M_TASKPOLICY_CONSOLEREMOVED_E0E10625,225,6,0,AutomaticFrame,,1,8,8
pointer_terminal_call,M_TASKPOLICY_ROUTE_3006B749,227,1,0,Parameter,,3,8,8
pointer_terminal_call,M_TASKPOLICY_ROUTE_3006B749,227,3,0,Parameter,,2,8,8
pointer_terminal_call,M_TASKPOLICY_ROUTE_3006B749,227,5,0,Parameter,,2,8,8
pointer_terminal_call,M_TASKPOLICY_ROUTE_3006B749,227,9,0,Parameter,,3,8,8
pointer_terminal_call,M_TASKPOLICY_ROUTE_3006B749,227,13,0,Parameter,,2,8,8
pointer_terminal_call,M_TASKPOLICY_ROUTE_3006B749,227,15,0,Parameter,,2,8,8
pointer_terminal_call,M_TASKPOLICY_ROUTE_3006B749,227,16,0,Parameter,,3,8,8
pointer_terminal_call,M_TASKPOLICY_ROUTE_3006B749,227,19,2,Parameter,,4,10,8
pointer_terminal_call,M_TASKPOLICY_ROUTE_3006B749,227,21,0,Parameter,,2,8,8
pointer_terminal_call,M_TASKPOLICY_ROUTE_3006B749,227,25,0,Parameter,,2,8,8
pointer_terminal_call,M_TASKPOLICY_ROUTE_3006B749,227,31,0,Parameter,,3,8,8
pointer_terminal_call,M_TASKPOLICY_ROUTE_3006B749,227,34,0,Parameter,,2,8,8
pointer_terminal_call,M_TASKPOLICY_FINISHDISPATCH_46CD5A79,228,8,0,Parameter,,2,8,8
pointer_terminal_call,M_TASKPOLICY_DISPATCH_2D7B283C,229,14,0,AutomaticFrame,,2,8,8
pointer_terminal_call,M_CONSOLECORE_INIT_F63331F9,257,8,0,Parameter,,3,8,8
pointer_terminal_call,M_CONSOLECORE_INIT_F63331F9,257,8,1,Parameter,,3,8,8
pointer_terminal_call,M_CONSOLECORE_EDITQUANTUM_E6CDEC54,259,14,0,Parameter,,2,8,8
pointer_terminal_call,M_CONSOLECORE_CHARACTER_94A5011A,261,5,11,Parameter,,14,10,8
pointer_terminal_call,M_CONSOLECORE_CHARACTER_94A5011A,261,6,0,Parameter,,1,8,8
pointer_terminal_call,M_CONSOLECORE_CHARACTER_94A5011A,261,15,0,Parameter,,1,8,8
pointer_terminal_call,M_CONSOLECORE_CHARACTER_94A5011A,261,18,0,Parameter,,1,8,8
pointer_terminal_call,M_CONSOLECORE_FEED_287D49E7,262,1,0,Parameter,,1,8,8
pointer_terminal_call,M_CONSOLECORE_FEED_287D49E7,262,6,0,Parameter,,3,8,8
pointer_terminal_call,M_CONSOLEINPUT_DELIVER_8B43A137,287,3,0,Parameter,,2,8,8
pointer_terminal_call,M_CONSOLEINPUT_DELIVER_8B43A137,287,6,0,Parameter,,1,8,8
pointer_terminal_call,M_CONSOLEINPUT_READ_9E7D5EC6,289,3,0,Parameter,,1,8,8
pointer_terminal_call,M_CONSOLEDISPLAY_CLAIM_0FF5CDD8,297,6,22,Parameter,,24,8,8
pointer_terminal_call,M_CONSOLEDISPLAY_CLAIM_0FF5CDD8,297,6,23,Parameter,,24,8,8
pointer_terminal_call,M_CONSOLEDISPLAY_CLAIM_0FF5CDD8,297,8,0,Parameter,,2,8,8
pointer_terminal_call,M_CONSOLEDISPLAY_CLAIM_0FF5CDD8,297,8,1,AutomaticFrame,,2,8,8
pointer_terminal_call,M_CONSOLEDISPLAY_ERASE_7308FAA4,303,3,0,Parameter,,1,8,8
pointer_terminal_call,M_CONSOLEDISPLAY_QUANTUM_5F98A18D,304,3,0,Parameter,,2,8,8
pointer_terminal_call,M_CONSOLEDISPLAY_QUANTUM_5F98A18D,304,3,1,Parameter,,2,8,8
pointer_terminal_call,M_CONSOLEDISPLAY_QUANTUM_5F98A18D,304,4,0,Parameter,,1,8,8
pointer_terminal_call,M_CONSOLEDISPLAY_QUANTUM_5F98A18D,304,4,2,Parameter,,4,8,8
pointer_terminal_call,M_CONSOLEDISPLAY_QUANTUM_5F98A18D,304,4,3,Parameter,,4,8,8
pointer_terminal_call,M_CONSOLEDISPLAY_QUANTUM_5F98A18D,304,4,5,Parameter,,7,8,8
pointer_terminal_call,M_CONSOLEDISPLAY_QUANTUM_5F98A18D,304,4,6,Parameter,,7,8,8
pointer_terminal_call,M_CONSOLEDRIVER_WRITEQUANTUM_AEE13626,311,4,0,AutomaticFrame,,1,8,8
pointer_terminal_call,M_CONSOLEDRIVER_WRITEQUANTUM_AEE13626,311,5,3,Parameter,,5,10,8
pointer_terminal_call,M_CONSOLEDRIVER_WRITEQUANTUM_AEE13626,311,5,4,AutomaticFrame,,5,8,8
pointer_terminal_call,M_CONSOLEDRIVER_WRITEQUANTUM_AEE13626,311,7,0,Parameter,,1,8,8
pointer_terminal_call,M_CONSOLEDRIVER_WRITEQUANTUM_AEE13626,311,11,0,Parameter,,2,8,8
pointer_terminal_call,M_CONSOLEDRIVER_WRITEQUANTUM_AEE13626,311,11,1,AutomaticFrame,,2,8,8
pointer_terminal_call,M_CONSOLEDRIVER_WRITEQUANTUM_AEE13626,311,14,0,Parameter,,2,8,8
pointer_terminal_call,M_CONSOLEDRIVER_WRITEQUANTUM_AEE13626,311,14,1,AutomaticFrame,,2,8,8
pointer_terminal_call,M_CONSOLEDRIVER_WRITEQUANTUM_AEE13626,311,18,0,Parameter,,10,8,8
pointer_terminal_call,M_CONSOLEDRIVER_WRITEQUANTUM_AEE13626,311,21,0,Parameter,,2,8,8
pointer_terminal_call,M_CONSOLEDRIVER_WRITEQUANTUM_AEE13626,311,21,1,AutomaticFrame,,2,8,8
pointer_terminal_call,M_CONSOLEDRIVER_READQUANTUM_10EBF725,312,14,0,Parameter,,4,8,8
pointer_terminal_call,M_CONSOLEDRIVER_INITIALIZE_D6CB2592,314,3,0,Parameter,,2,8,8
pointer_terminal_call,M_CONSOLEDRIVER_INITIALIZE_D6CB2592,314,3,1,AutomaticFrame,,2,8,8
pointer_terminal_call,M_CONSOLEDRIVER_INITIALIZE_D6CB2592,314,7,0,Parameter,,1,8,8
pointer_terminal_call,M_CONSOLEDRIVER_INITIALIZE_D6CB2592,314,8,0,Parameter,,2,8,8
pointer_terminal_call,M_CONSOLEDRIVER_INITIALIZE_D6CB2592,314,8,1,AutomaticFrame,,2,8,8
pointer_terminal_call,M_CONSOLEDRIVER_INITIALIZE_D6CB2592,314,10,0,AutomaticFrame,,4,8,8
pointer_terminal_call,M_CONSOLEDRIVER_INITIALIZE_D6CB2592,314,10,1,Parameter,,4,8,8
pointer_terminal_call,M_CONSOLEDRIVER_INITIALIZE_D6CB2592,314,12,1,AutomaticFrame,,2,8,8
pointer_terminal_call,M_CONSOLEDRIVER_FREESTORAGE_02676B4B,315,0,10,AutomaticFrame,,11,10,8
pointer_terminal_call,M_CONSOLEDRIVER_FREESTORAGE_02676B4B,315,6,1,AutomaticFrame,,2,8,8
pointer_terminal_call,M_PORTCORE_DELETEMSGPORT_9136F7C6,321,2,0,Parameter,,1,8,8
pointer_terminal_call,M_SIODRIVER_SIOVALIDATE_7D355271,334,25,0,AutomaticFrame,,1,8,8
pointer_terminal_call,M_SIODRIVER_RUNREQUEST_4500BA50,338,4,0,Parameter,,1,8,8
pointer_terminal_call,M_SIODRIVER_WORKER_374ADF8C,339,7,0,AutomaticFrame,,1,8,8
pointer_terminal_call,M_IOCORE_OPENDEVICE_A2787528,345,0,0,Parameter,,1,8,8
pointer_terminal_call,M_IOCORE_OPENDEVICE_A2787528,345,2,0,Parameter,,4,8,8
pointer_terminal_call,M_IOCORE_OPENDEVICE_A2787528,345,2,2,Parameter,,4,8,8
pointer_terminal_call,M_IOCORE_CREATEIOREQUEST_DE10015D,348,0,0,Parameter,,1,8,8
pointer_terminal_call,M_IOCORE_DELETEIOREQUEST_93A87E78,349,2,0,Parameter,,1,8,8
pointer_terminal_call,M_IOCORE_WAITIO_8CA35F61,352,0,0,Parameter,,1,8,8
pointer_terminal_call,M_IOCORE_WAITIO_8CA35F61,352,2,4,Parameter,,5,8,8
pointer_terminal_call,M_IOCORE_DOIO_173DC4A1,353,0,0,Parameter,,1,8,8
pointer_terminal_call,M_IOCORE_DOIO_173DC4A1,353,1,0,Parameter,,1,8,8
pointer_terminal_call,M_FSOPERATION_CANCELED_56B92A04,360,6,0,Parameter,,1,8,8
pointer_terminal_call,M_FSOPERATION_CLAIM_4C8DDFC1,361,6,0,Parameter,,1,8,8
pointer_terminal_call,M_FSOPERATION_REQUEST_3F73D6DE,362,1,0,Parameter,,1,8,8
pointer_terminal_call,M_FSOPERATION_REPLYREADY_532E4DE6,364,6,0,Parameter,,1,8,8
pointer_terminal_call,M_FSOPERATION_REPLYREADY_532E4DE6,364,8,1,Parameter,,2,8,8
pointer_terminal_call,M_DOSCLIENT_ENSURE_1859B044,371,4,0,AutomaticFrame,,1,8,8
pointer_terminal_call,M_DOSCLIENT_CALL_35DB3B22,375,11,0,AutomaticFrame,,5,8,8
pointer_terminal_call,M_DOSCLIENT_CALL_35DB3B22,375,11,4,Parameter,,5,8,8
pointer_terminal_call,M_DOSCLIENT_CALL_35DB3B22,375,12,0,Parameter,,3,8,8
pointer_terminal_call,M_DOSCLIENT_CALL_35DB3B22,375,21,0,Parameter,,2,8,8
pointer_terminal_call,M_DOSCLIENT_CALL_35DB3B22,375,21,1,AutomaticFrame,,2,8,8
pointer_terminal_call,M_BLOCKIO_OPENVOLUME_36B90798,387,2,0,Parameter,,1,8,8
pointer_terminal_call,M_BLOCKIO_OPENVOLUME_36B90798,387,2,6,AutomaticFrame,,13,8,8
pointer_terminal_call,M_BLOCKIO_ATTACH_A1159825,388,7,24,Parameter,,26,8,8
pointer_terminal_call,M_BLOCKIO_ATTACH_A1159825,388,7,25,AutomaticFrame,,26,8,8
pointer_terminal_call,M_BLOCKIO_CHECK_A5B41A2A,395,2,0,Parameter,,2,8,8
pointer_terminal_call,M_BLOCKIO_CHECK_A5B41A2A,395,3,0,Parameter,,1,8,8
pointer_terminal_call,M_BLOCKIO_CHECK_A5B41A2A,395,5,0,Parameter,,1,8,8
pointer_terminal_call,M_BLOCKIO_CHECK_A5B41A2A,395,7,0,Parameter,,3,8,8
pointer_terminal_call,M_BLOCKIO_CHECK_A5B41A2A,395,7,1,Parameter,,3,8,8
pointer_terminal_call,M_BLOCKIO_CHECK_A5B41A2A,395,9,0,Parameter,,1,8,8
pointer_terminal_call,M_BLOCKIO_BEGINFETCH_6B9D7F07,396,0,0,Parameter,,3,8,8
pointer_terminal_call,M_BLOCKIO_BEGINFETCH_6B9D7F07,396,0,1,Parameter,,3,8,8
pointer_terminal_call,M_BLOCKIO_BEGINFETCH_6B9D7F07,396,4,18,Parameter,,23,10,8
pointer_terminal_call,M_BLOCKIO_FINISHFETCH_D55D2AA5,397,0,0,Parameter,,2,8,8
pointer_terminal_call,M_BLOCKIO_FINISHFETCH_D55D2AA5,397,0,5,Parameter,,8,8,8
pointer_terminal_call,M_BLOCKIO_FINISHFETCH_D55D2AA5,397,1,0,Parameter,,4,8,8
pointer_terminal_call,M_BLOCKIO_FINISHFETCH_D55D2AA5,397,1,1,Parameter,,4,8,8
pointer_terminal_call,M_BLOCKIO_FETCH_124BDACE,398,0,0,Parameter,,3,8,8
pointer_terminal_call,M_BLOCKIO_FETCH_124BDACE,398,0,1,Parameter,,3,8,8
pointer_terminal_call,M_BLOCKIO_FETCH_124BDACE,398,2,4,Parameter,,9,8,8
pointer_terminal_call,M_BLOCKIO_FETCH_124BDACE,398,2,5,Parameter,,9,8,8
pointer_terminal_call,M_BLOCKIO_READSECTOR_D918C668,399,0,0,Parameter,,2,8,8
pointer_terminal_call,M_BLOCKIO_READSECTOR_D918C668,399,1,0,Parameter,,1,8,8
pointer_terminal_call,M_BLOCKIO_READSECTOR_D918C668,399,3,0,Parameter,,2,8,8
pointer_terminal_call,M_BLOCKIO_READSECTOR_D918C668,399,4,0,Parameter,,1,8,8
pointer_terminal_call,M_BLOCKIO_READSECTOR_D918C668,399,5,0,Parameter,,3,8,8
pointer_terminal_call,M_BLOCKIO_READSECTOR_D918C668,399,5,1,Parameter,,3,8,8
pointer_terminal_call,M_FSNAMES_MAPPED_324F42A3,406,2,0,Parameter,,2,8,8
pointer_terminal_call,M_FSNAMES_VALIDALIAS_36EB4E14,410,4,1,Parameter,,3,10,8
pointer_terminal_call,M_DOSSTREAMS_VALIDBUFFER_D67D80FE,412,4,0,Parameter,,3,8,8
pointer_terminal_call,M_DOSSTREAMS_OPENNIL_7EDE8F17,413,2,4,AutomaticFrame,,7,10,8
pointer_terminal_call,M_DOSSTREAMS_TRANSFERNIL_E7EA5C2C,414,0,2,Parameter,,4,10,8
pointer_terminal_call,M_DOSSTREAMS_CLOSENIL_3520E24B,415,0,4,Parameter,,7,10,8
pointer_terminal_call,M_DOSSTREAMS_CLOSENIL_3520E24B,415,0,8,AutomaticFrame,,10,8,8
pointer_terminal_call,M_DOSSTREAMS_CLOSENIL_3520E24B,415,0,9,Parameter,,10,8,8
pointer_terminal_call,M_DOSRAW_ACQUIRE_CC49A145,422,10,0,AutomaticFrame,,1,8,8
pointer_terminal_call,M_DOSRAW_ACQUIRE_CC49A145,422,11,0,AutomaticFrame,,3,8,8
pointer_terminal_call,M_DOSRAW_ACQUIRE_CC49A145,422,12,3,AutomaticFrame,,4,8,8
pointer_terminal_call,M_DOSRAW_OPEN_5F7F2547,424,0,0,Parameter,,2,8,8
pointer_terminal_call,M_DOSRAW_VALIDEXTENT_84EF7CCB,425,0,0,Parameter,,2,8,8
pointer_terminal_call,M_DOSRAW_PREPARE_F51F1B68,427,0,2,Parameter,,3,10,8
pointer_terminal_call,M_DOSRAW_PREPARE_F51F1B68,427,2,0,Parameter,,2,8,8
pointer_terminal_call,M_DOSRAW_PREPARE_F51F1B68,427,15,0,AutomaticFrame,,3,8,8
pointer_terminal_call,M_DOSRAW_PREPARE_F51F1B68,427,15,1,Parameter,,3,8,8
pointer_terminal_call,M_DOSRAW_FINISH_BB47E14C,428,2,15,Parameter,,17,8,8
pointer_terminal_call,M_DOSRAW_COMPLETE_0FD428DA,429,10,0,Parameter,,3,8,8
pointer_terminal_call,M_DOSRAW_COMPLETE_0FD428DA,429,10,1,Parameter,,3,8,8
pointer_terminal_call,M_DOSRAW_CLOSESIZED_2208AD92,431,2,0,Parameter,,1,8,8
pointer_terminal_call,M_DOSRAW_CLOSESIZED_2208AD92,431,8,5,Parameter,,8,8,8
pointer_terminal_call,M_DOSRAW_CLOSESIZED_2208AD92,431,14,0,AutomaticFrame,,1,8,8
pointer_terminal_call,M_DOSRAW_CLOSE_4F38859D,432,0,0,Parameter,,2,8,8
pointer_terminal_call,M_DOSRAW_CLOSE_4F38859D,432,0,1,Parameter,,2,8,8
pointer_terminal_call,M_COOKEDLINE_CREATE_35929826,434,1,0,AutomaticFrame,,1,8,8
pointer_terminal_call,M_COOKEDLINE_FEED_E5727982,437,25,0,Parameter,,1,8,8
pointer_terminal_call,M_DOSCANCEL_TRANSFER_DC8DFD88,440,2,0,Parameter,,1,8,8
pointer_terminal_call,M_DOSCANCEL_TRANSFER_DC8DFD88,440,7,0,Parameter,,1,8,8
pointer_terminal_call,M_DOSCANCEL_TRANSFER_DC8DFD88,440,8,0,Parameter,,1,8,8
pointer_terminal_call,M_DOSCANCEL_TRANSFER_DC8DFD88,440,12,0,Parameter,,1,8,8
pointer_terminal_call,M_DOSCANCEL_TRANSFER_DC8DFD88,440,12,2,Parameter,,3,8,8
pointer_terminal_call,M_DOSCOOKED_OPEN_FB0901F4,441,2,0,Parameter,,2,8,8
pointer_terminal_call,M_DOSCOOKED_OPEN_FB0901F4,441,3,0,AutomaticFrame,,1,8,8
pointer_terminal_call,M_DOSCOOKED_CLOSE_1355CA48,442,2,0,Parameter,,3,8,8
pointer_terminal_call,M_DOSCOOKED_CLOSE_1355CA48,442,3,0,AutomaticFrame,,1,8,8
pointer_terminal_call,M_DOSCOOKED_WIRE_7D812E8B,443,5,2,AutomaticFrame,,3,8,8
pointer_terminal_call,M_DOSCOOKED_BEGIN_9BFE5F7B,444,3,3,Parameter,,6,10,8
pointer_terminal_call,M_DOSCOOKED_CANCELLINE_F449849C,445,2,10,Parameter,,11,8,8
pointer_terminal_call,M_DOSCOOKED_CANCELLINE_F449849C,445,3,3,Parameter,,6,10,8
pointer_terminal_call,M_DOSCOOKED_ACQUIRELINE_772F100E,446,0,0,Parameter,,2,8,8
pointer_terminal_call,M_DOSCOOKED_ACQUIRELINE_772F100E,446,0,1,Parameter,,2,8,8
pointer_terminal_call,M_DOSCOOKED_ACQUIRELINE_772F100E,446,3,0,Parameter,,2,8,8
pointer_terminal_call,M_DOSCOOKED_ACQUIRELINE_772F100E,446,3,1,Parameter,,2,8,8
pointer_terminal_call,M_DOSCOOKED_ACQUIRELINE_772F100E,446,6,0,Parameter,,3,8,8
pointer_terminal_call,M_DOSCOOKED_ACQUIRELINE_772F100E,446,10,0,Parameter,,2,8,8
pointer_terminal_call,M_DOSCOOKED_ACQUIRELINE_772F100E,446,10,1,Parameter,,2,8,8
pointer_terminal_call,M_DOSCOOKED_ACQUIRELINE_772F100E,446,11,0,Parameter,,1,8,8
pointer_terminal_call,M_DOSCOOKED_ACQUIRELINE_772F100E,446,13,0,Parameter,,1,8,8
pointer_terminal_call,M_DOSCOOKED_ACQUIRELINE_772F100E,446,13,2,Parameter,,5,8,8
pointer_terminal_call,M_DOSCOOKED_ACQUIRELINE_772F100E,446,16,0,Parameter,,2,8,8
pointer_terminal_call,M_DOSCOOKED_ACQUIRELINE_772F100E,446,16,1,Parameter,,2,8,8
pointer_terminal_call,M_DOSCOOKED_ACQUIRELINE_772F100E,446,9,0,Parameter,,2,8,8
pointer_terminal_call,M_DOSCOOKED_ACQUIRELINE_772F100E,446,19,0,Parameter,,1,8,8
pointer_terminal_call,M_DOSCOOKED_ACQUIRELINE_772F100E,446,19,2,Parameter,,5,8,8
pointer_terminal_call,M_DOSCOOKED_ACQUIRELINE_772F100E,446,23,0,Parameter,,2,8,8
pointer_terminal_call,M_DOSCOOKED_ACQUIRELINE_772F100E,446,23,1,Parameter,,2,8,8
pointer_terminal_call,M_DOSCOOKED_ACQUIRELINE_772F100E,446,24,0,Parameter,,1,8,8
pointer_terminal_call,M_DOSCOOKED_ACQUIRELINE_772F100E,446,26,3,Parameter,,6,10,8
pointer_terminal_call,M_DOSCOOKED_ACQUIRELINE_772F100E,446,29,0,Parameter,,2,8,8
pointer_terminal_call,M_DOSCOOKED_ACQUIRELINE_772F100E,446,29,1,Parameter,,2,8,8
pointer_terminal_call,M_DOSCOOKED_ACQUIRELINE_772F100E,446,30,0,Parameter,,1,8,8
pointer_terminal_call,M_DOSCOOKED_READ_AAA4E8F8,447,2,0,Parameter,,2,8,8
pointer_terminal_call,M_DOSCOOKED_READ_AAA4E8F8,447,8,0,AutomaticFrame,,3,8,8
pointer_terminal_call,M_DOSCOOKED_READ_AAA4E8F8,447,8,1,Parameter,,3,8,8
pointer_terminal_call,M_DOSCOOKED_READ_AAA4E8F8,447,9,0,Parameter,,5,8,8
pointer_terminal_call,M_DOSCOOKED_READ_AAA4E8F8,447,12,0,Parameter,,2,8,8
pointer_terminal_call,M_DOSCOOKED_READ_AAA4E8F8,447,12,1,AutomaticFrame,,2,8,8
pointer_terminal_call,M_DOSCOOKED_READ_AAA4E8F8,447,12,6,Parameter,,9,8,8
pointer_terminal_call,M_DOSCOOKED_READ_AAA4E8F8,447,14,0,AutomaticFrame,,3,8,8
pointer_terminal_call,M_DOSCOOKED_READ_AAA4E8F8,447,14,1,Parameter,,3,8,8
pointer_terminal_call,M_DOSBREAK_BEGIN_A70D4CB3,449,2,1,Parameter,,2,8,8
pointer_terminal_call,M_DOSBREAK_BEGIN_A70D4CB3,449,13,10,AutomaticFrame,,11,8,8
pointer_terminal_call,M_DOSBREAK_END_B7800793,450,4,1,AutomaticFrame,,2,8,8
pointer_terminal_call,M_FSREGISTRY_LOOKUP_AD8B60C1,458,9,1,Parameter,,3,8,8
pointer_terminal_call,M_FSREGISTRY_FINDOBJECT_780CC443,459,0,0,Parameter,,3,8,8
pointer_terminal_call,M_FSREGISTRY_FINDOBJECT_780CC443,459,0,1,Parameter,,3,8,8
pointer_terminal_call,M_FSLOCKS_ALLOCATION_5B5A6C20,465,2,0,Parameter,,1,8,8
pointer_terminal_call,M_FSLOCKS_APPEND_3EC68462,468,3,0,Parameter,,1,8,8
pointer_terminal_call,M_FSLOCKS_APPEND_3EC68462,468,11,0,Parameter,,4,8,8
pointer_terminal_call,M_FSLOCKS_APPEND_3EC68462,468,14,0,Parameter,,1,8,8
pointer_terminal_call,M_FSLOCKS_APPEND_3EC68462,468,22,0,Parameter,,4,8,8
pointer_terminal_call,M_FSLOCKS_ALLOCATE_39B5BEE3,469,5,2,AutomaticFrame,,3,10,8
pointer_terminal_call,M_FSLOCKS_ALLOCATE_39B5BEE3,469,5,7,AutomaticFrame,,8,8,8
pointer_terminal_call,M_FSPACKET_ERROR_61E70414,471,2,4,Parameter,,5,8,8
pointer_terminal_call,M_FSPACKET_PUBLISHOPENSTEP_55EACFB5,473,3,0,AutomaticFrame,,1,8,8
pointer_terminal_call,M_FSPACKET_CLOSESTEP_61A48B9C,474,2,5,AutomaticFrame,,6,8,8
pointer_terminal_call,M_FSPACKET_CLOSESTEP_61A48B9C,474,2,12,AutomaticFrame,,13,8,8
pointer_terminal_call,M_MYDOS_READPHYSICAL_AF05229A,477,0,11,AutomaticFrame,,16,8,8
pointer_terminal_call,M_MYDOS_VALIDDIRECTORY_1CF8F62E,479,0,4,Parameter,,7,8,8
pointer_terminal_call,M_MYDOS_VALIDDIRECTORY_1CF8F62E,479,2,0,Parameter,,2,8,8
pointer_terminal_call,M_MYDOS_HEADER_A95A323A,481,0,6,AutomaticFrame,,7,10,8
pointer_terminal_call,M_MYDOS_MOUNTBUFFERED_114678B9,483,0,6,Parameter,,9,8,8
pointer_terminal_call,M_MYDOS_MOUNT_2B42A118,484,0,0,Parameter,,1,8,8
pointer_terminal_call,M_MYDOS_MOUNT_2B42A118,484,2,0,Parameter,,1,8,8
pointer_terminal_call,M_MYDOS_MOUNT_2B42A118,484,4,0,Parameter,,1,8,8
pointer_terminal_call,M_MYDOS_BUFFEREDENTRY_DC465C80,488,4,2,AutomaticFrame,,7,10,8
pointer_terminal_call,M_MYDOS_BUFFEREDENTRY_DC465C80,488,4,8,Parameter,,9,8,8
pointer_terminal_call,M_MYDOS_GETENTRY_7D00AFBD,490,0,0,Parameter,,3,8,8
pointer_terminal_call,M_MYDOS_GETENTRY_7D00AFBD,490,2,0,Parameter,,2,8,8
pointer_terminal_call,M_MYDOS_GETENTRY_7D00AFBD,490,4,0,Parameter,,1,8,8
pointer_terminal_call,M_MYDOS_STARTRESOLVE_24B3B079,496,12,0,Parameter,,1,8,8
pointer_terminal_call,M_MYDOS_RESOLVECOMPONENT_8F2130C4,497,0,0,Parameter,,1,8,8
pointer_terminal_call,M_MYDOS_RESOLVECOMPONENT_8F2130C4,497,2,0,Parameter,,1,8,8
pointer_terminal_call,M_MYDOS_BEGINRESOLVE_3F47247C,498,0,0,Parameter,,2,8,8
pointer_terminal_call,M_MYDOS_BEGINRESOLVE_3F47247C,498,0,1,Parameter,,2,8,8
pointer_terminal_call,M_MYDOS_BEGINRESOLVE_3F47247C,498,1,0,Parameter,,1,8,8
pointer_terminal_call,M_MYDOS_RESOLVESTEP_4ADA26D9,499,1,0,Parameter,,1,8,8
pointer_terminal_call,M_MYDOS_RESOLVESTEP_4ADA26D9,499,7,0,Parameter,,1,8,8
pointer_terminal_call,M_MYDOS_RESOLVESTEP_4ADA26D9,499,6,0,Parameter,,1,8,8
pointer_terminal_call,M_MYDOS_RESOLVESTEP_4ADA26D9,499,17,0,Parameter,,1,8,8
pointer_terminal_call,M_MYDOS_RESOLVESTEP_4ADA26D9,499,16,0,Parameter,,1,8,8
pointer_terminal_call,M_MYDOS_RESOLVE_25FA7BCB,500,0,0,Parameter,,2,8,8
pointer_terminal_call,M_MYDOS_RESOLVE_25FA7BCB,500,0,1,Parameter,,2,8,8
pointer_terminal_call,M_MYDOS_RESOLVE_25FA7BCB,500,4,0,Parameter,,1,8,8
pointer_terminal_call,M_MYDOS_RESOLVE_25FA7BCB,500,5,0,Parameter,,2,8,8
pointer_terminal_call,M_MYDOS_RESOLVE_25FA7BCB,500,8,0,Parameter,,1,8,8
pointer_terminal_call,M_FSINIT_FIRST_60F42DBA,507,0,4,AutomaticFrame,,5,8,8
pointer_terminal_call,M_FSINIT_WORKSPACESTEP_AC19D935,509,2,0,AutomaticFrame,,1,8,8
pointer_terminal_call,M_FSINIT_MOUNTSTEP_D16E7745,510,0,4,AutomaticFrame,,5,8,8
pointer_terminal_call,M_FSINIT_MOUNTSTEP_D16E7745,510,1,0,AutomaticFrame,,1,8,8
pointer_terminal_call,M_FSINIT_BLOCKSTEP_FC8F9559,511,1,0,AutomaticFrame,,1,8,8
pointer_terminal_call,M_FSINIT_OPENEDSTEP_3B4623A1,512,1,4,AutomaticFrame,,5,8,8
pointer_terminal_call,M_FSINIT_OPENEDSTEP_3B4623A1,512,3,4,AutomaticFrame,,5,8,8
pointer_terminal_call,M_FSINIT_MOUNTEDSTEP_D00F6B02,513,1,4,AutomaticFrame,,5,8,8
pointer_terminal_call,M_FSINIT_MOUNTEDSTEP_D00F6B02,513,3,4,AutomaticFrame,,5,8,8
pointer_terminal_call,M_FSINIT_MOUNTEDSTEP_D00F6B02,513,5,8,AutomaticFrame,,9,8,8
pointer_terminal_call,M_FSINIT_MOUNTEDSTEP_D00F6B02,513,8,0,AutomaticFrame,,1,8,8
pointer_terminal_call,M_FSINIT_ROLLBACKSTEP_8166A722,515,0,13,AutomaticFrame,,15,10,8
pointer_terminal_call,M_FSINIT_CLEANUP_26675F9E,517,6,0,Parameter,,3,8,8
pointer_terminal_call,M_FSRELATIVE_SEED_FD9BA1BB,519,3,0,Parameter,,1,8,8
pointer_terminal_call,M_FSRELATIVE_SEED_FD9BA1BB,519,3,2,Parameter,,3,8,8
pointer_terminal_call,M_FSRELATIVE_ROOT_94E4441A,521,0,0,Parameter,,1,8,8
pointer_terminal_call,M_FSRELATIVE_ROOT_94E4441A,521,0,4,Parameter,,5,10,8
pointer_terminal_call,M_FSRELATIVE_ROOT_94E4441A,521,1,0,Parameter,,3,8,8
pointer_terminal_call,M_FSRELATIVE_BEGIN_CB9D8F8D,522,4,0,Parameter,,1,8,8
pointer_terminal_call,M_FSRELATIVE_BEGIN_CB9D8F8D,522,6,0,Parameter,,1,8,8
pointer_terminal_call,M_FSRELATIVE_BEGIN_CB9D8F8D,522,8,0,Parameter,,1,8,8
pointer_terminal_call,M_FSRELATIVE_BEGIN_CB9D8F8D,522,9,0,Parameter,,1,8,8
pointer_terminal_call,M_FSRELATIVE_BEGIN_CB9D8F8D,522,10,0,Parameter,,2,8,8
pointer_terminal_call,M_FSRELATIVE_BEGIN_CB9D8F8D,522,12,0,Parameter,,4,8,8
pointer_terminal_call,M_FSRELATIVE_BEGIN_CB9D8F8D,522,14,0,Parameter,,3,8,8
pointer_terminal_call,M_FSRELATIVE_BEGIN_CB9D8F8D,522,15,0,Parameter,,1,8,8
pointer_terminal_call,M_FSRELATIVE_BEGIN_CB9D8F8D,522,25,0,Parameter,,7,8,8
pointer_terminal_call,M_FSRELATIVE_BEGIN_CB9D8F8D,522,28,0,Parameter,,1,8,8
pointer_terminal_call,M_FSRELATIVE_BEGIN_CB9D8F8D,522,31,0,Parameter,,3,8,8
pointer_terminal_call,M_FSINFO_SAVE_B1E7031F,528,0,0,Parameter,,1,8,8
pointer_terminal_call,M_MYDOSFILE_OPEN_0FD3469F,530,13,0,Parameter,,1,8,8
pointer_terminal_call,M_MYDOSFILE_OPEN_0FD3469F,530,14,0,Parameter,,3,8,8
pointer_terminal_call,M_MYDOSFILE_OPEN_0FD3469F,530,14,1,Parameter,,3,8,8
pointer_terminal_call,M_MYDOSFILE_VALIDATE_CCD11D35,535,4,0,Parameter,,3,8,8
pointer_terminal_call,M_MYDOSFILE_VALIDATE_CCD11D35,535,4,1,Parameter,,3,8,8
pointer_terminal_call,M_MYDOSFILE_VALIDATE_CCD11D35,535,5,0,Parameter,,1,8,8
pointer_terminal_call,M_MYDOSFILE_VALIDATE_CCD11D35,535,6,0,Parameter,,2,8,8
pointer_terminal_call,M_MYDOSFILE_VALIDATE_CCD11D35,535,6,1,Parameter,,2,8,8
pointer_terminal_call,M_MYDOSFILE_VALIDATE_CCD11D35,535,7,0,Parameter,,2,8,8
pointer_terminal_call,M_MYDOSFILE_VALIDATE_CCD11D35,535,7,1,Parameter,,2,8,8
pointer_terminal_call,M_MYDOSFILE_VALIDATE_CCD11D35,535,9,0,Parameter,,3,8,8
pointer_terminal_call,M_MYDOSFILE_VALIDATE_CCD11D35,535,9,1,Parameter,,3,8,8
pointer_terminal_call,M_MYDOSFILE_BEGINREAD_56DCAA56,541,0,0,Parameter,,1,8,8
pointer_terminal_call,M_MYDOSFILE_BEGINREAD_56DCAA56,541,1,0,Parameter,,1,8,8
pointer_terminal_call,M_MYDOSFILE_BEGINREAD_56DCAA56,541,3,0,Parameter,,1,8,8
pointer_terminal_call,M_MYDOSFILE_BEGINREAD_56DCAA56,541,5,0,Parameter,,1,8,8
pointer_terminal_call,M_MYDOSFILE_BEGINREAD_56DCAA56,541,7,0,Parameter,,1,8,8
pointer_terminal_call,M_MYDOSFILE_BEGINREAD_56DCAA56,541,11,0,Parameter,,1,8,8
pointer_terminal_call,M_MYDOSFILE_TARGET_3D0FAE04,542,3,0,Parameter,,1,8,8
pointer_terminal_call,M_MYDOSFILE_TARGET_3D0FAE04,542,6,0,Parameter,,1,8,8
pointer_terminal_call,M_MYDOSFILE_TARGET_3D0FAE04,542,10,0,Parameter,,1,8,8
pointer_terminal_call,M_MYDOSFILE_TARGET_3D0FAE04,542,11,0,Parameter,,1,8,8
pointer_terminal_call,M_MYDOSFILE_BEGINSEEK_007E9A86,543,0,0,Parameter,,1,8,8
pointer_terminal_call,M_MYDOSFILE_BEGINSEEK_007E9A86,543,1,0,Parameter,,1,8,8
pointer_terminal_call,M_MYDOSFILE_BEGINSEEK_007E9A86,543,3,0,Parameter,,2,8,8
pointer_terminal_call,M_MYDOSFILE_BEGINSEEK_007E9A86,543,5,0,Parameter,,1,8,8
pointer_terminal_call,M_MYDOSFILE_BEGINSEEK_007E9A86,543,7,0,Parameter,,3,8,8
pointer_terminal_call,M_MYDOSFILE_LOCATE_F172D4F1,544,3,0,Parameter,,1,8,8
pointer_terminal_call,M_MYDOSFILE_LOCATE_F172D4F1,544,5,0,Parameter,,1,8,8
pointer_terminal_call,M_MYDOSFILE_CONSUME_CDF927EF,546,3,0,Parameter,,2,8,8
pointer_terminal_call,M_MYDOSFILE_CONSUME_CDF927EF,546,5,0,Parameter,,1,8,8
pointer_terminal_call,M_MYDOSFILE_CONTINUEOPERATION_DDF4199B,547,1,0,Parameter,,3,8,8
pointer_terminal_call,M_MYDOSFILE_CONTINUEOPERATION_DDF4199B,547,5,0,Parameter,,3,8,8
pointer_terminal_call,M_MYDOSFILE_CONTINUEOPERATION_DDF4199B,547,7,0,Parameter,,1,8,8
pointer_terminal_call,M_MYDOSFILE_CONTINUEOPERATION_DDF4199B,547,8,0,Parameter,,1,8,8
pointer_terminal_call,M_MYDOSFILE_RUN_01B89F42,548,4,0,Parameter,,3,8,8
pointer_terminal_call,M_MYDOSFILE_RUN_01B89F42,548,5,0,Parameter,,1,8,8
pointer_terminal_call,M_FSDIRECTORY_SELECTSTEP_815DA095,550,1,0,AutomaticFrame,,1,8,8
pointer_terminal_call,M_FSDIRECTORY_SELECTSTEP_815DA095,550,3,0,AutomaticFrame,,1,8,8
pointer_terminal_call,M_FSDIRECTORY_SELECTSTEP_815DA095,550,5,0,AutomaticFrame,,1,8,8
pointer_terminal_call,M_FSDIRECTORY_INFOSTEP_3CC6E53D,551,1,0,AutomaticFrame,,1,8,8
pointer_terminal_call,M_FSDIRECTORY_INFOSTEP_3CC6E53D,551,3,0,AutomaticFrame,,1,8,8
pointer_terminal_call,M_FSDIRECTORY_STATESTEP_73ED4FBC,553,1,0,AutomaticFrame,,1,8,8
pointer_terminal_call,M_FSDIRECTORY_STATESTEP_73ED4FBC,553,6,0,AutomaticFrame,,1,8,8
pointer_terminal_call,M_FSDIRECTORY_END_806A2136,554,0,6,Parameter,,7,8,8
pointer_terminal_call,M_FSDIRECTORY_ENTRYSTEP_D4EA4ABB,555,1,0,AutomaticFrame,,3,8,8
pointer_terminal_call,M_FSDIRECTORY_ENTRYSTEP_D4EA4ABB,555,3,0,AutomaticFrame,,1,8,8
pointer_terminal_call,M_FSDIRECTORY_ENTRYRESULTSTEP_4C458A60,556,1,0,AutomaticFrame,,3,8,8
pointer_terminal_call,M_FSDIRECTORY_ENTRYRESULTSTEP_4C458A60,556,3,0,AutomaticFrame,,3,8,8
pointer_terminal_call,M_FSDIRECTORY_ENTRYRESULTSTEP_4C458A60,556,5,0,AutomaticFrame,,1,8,8
pointer_terminal_call,M_FSDIRECTORY_SIZESTEP_0C182F8A,557,5,0,AutomaticFrame,,3,8,8
pointer_terminal_call,M_FSDIRECTORY_SIZESTEP_0C182F8A,557,7,0,AutomaticFrame,,3,8,8
pointer_terminal_call,M_FSDIRECTORY_SIZECONTINUESTEP_1EAFA525,559,1,0,AutomaticFrame,,3,8,8
pointer_terminal_call,M_FSDIRECTORY_SIZECONTINUESTEP_1EAFA525,559,3,0,AutomaticFrame,,3,8,8
pointer_terminal_call,M_FSDIRECTORY_PUBLISHSTEP_CC8DC0F6,563,0,13,AutomaticFrame,,14,8,8
pointer_terminal_call,M_FSIO_COMPLETE_3A967BA3,565,5,0,Parameter,,1,8,8
pointer_terminal_call,M_FSHANDLER_OPENRESULTSTEP_0C25E5DB,567,3,0,AutomaticFrame,,1,8,8
pointer_terminal_call,M_FSHANDLER_OPENRESULTSTEP_0C25E5DB,567,4,0,AutomaticFrame,,1,8,8
pointer_terminal_call,M_FSHANDLER_OPENRESULTSTEP_0C25E5DB,567,6,8,AutomaticFrame,,9,8,8
pointer_terminal_call,M_FSHANDLER_CURSORSTEP_0CA2CA5E,568,1,8,AutomaticFrame,,11,8,8
pointer_terminal_call,M_FSHANDLER_OPENSTEP_A7675710,569,1,0,AutomaticFrame,,1,8,8
pointer_terminal_call,M_FSHANDLER_OPENSTEP_A7675710,569,4,0,AutomaticFrame,,1,8,8
pointer_terminal_call,M_FSHANDLER_LOCKSTEP_E0A0D2D5,570,1,0,AutomaticFrame,,1,8,8
pointer_terminal_call,M_FSHANDLER_RESOLVESTARTSTEP_40B69900,571,0,6,AutomaticFrame,,7,10,8
pointer_terminal_call,M_FSHANDLER_OPERATIONRESULT_4184CBFA,573,4,0,Parameter,,1,8,8
pointer_terminal_call,M_FSHANDLER_FILESELECTSTEP_BED2DD8A,574,1,0,AutomaticFrame,,1,8,8
pointer_terminal_call,M_FSHANDLER_FILESELECTSTEP_BED2DD8A,574,3,0,AutomaticFrame,,1,8,8
pointer_terminal_call,M_FSHANDLER_FILESELECTSTEP_BED2DD8A,574,5,0,AutomaticFrame,,1,8,8
pointer_terminal_call,M_FSHANDLER_ARGUMENTSSTEP_DD745A90,575,3,0,AutomaticFrame,,1,8,8
pointer_terminal_call,M_FSHANDLER_READSTEP_5B9B1990,576,0,6,AutomaticFrame,,8,10,8
pointer_terminal_call,M_FSHANDLER_SEEKSTEP_90261C60,577,0,6,AutomaticFrame,,8,10,8
pointer_terminal_call,M_FSHANDLER_MEDIASTEP_8DCF2858,579,4,0,AutomaticFrame,,3,8,8
pointer_terminal_call,M_FSHANDLER_MEDIASTEP_8DCF2858,579,6,3,AutomaticFrame,,4,8,8
pointer_terminal_call,M_FSHANDLER_MEDIASTEP_8DCF2858,579,6,5,AutomaticFrame,,8,8,8
pointer_terminal_call,M_FSHANDLER_ACTIONSTEP_7D527A4E,580,12,0,AutomaticFrame,,1,8,8
pointer_terminal_call,M_FSHANDLER_COMPONENTSTEP_389CA8B9,582,1,0,AutomaticFrame,,3,8,8
pointer_terminal_call,M_FSHANDLER_RESOLVESTEP_D6E79D38,583,1,0,AutomaticFrame,,3,8,8
pointer_terminal_call,M_FSHANDLER_RESOLVESTEP_D6E79D38,583,3,0,AutomaticFrame,,1,8,8
pointer_terminal_call,M_FSHANDLER_RESOLVESTEP_D6E79D38,583,6,0,AutomaticFrame,,3,8,8
pointer_terminal_call,M_FSHANDLER_RESOLVESTEP_D6E79D38,583,12,0,AutomaticFrame,,3,8,8
pointer_terminal_call,M_FSHANDLER_FILESTEP_A93D50C2,584,3,0,AutomaticFrame,,2,8,8
pointer_terminal_call,M_FSABORT_CHECKPOINT_5DD0EDAE,585,19,0,Parameter,,1,8,8
pointer_terminal_call,M_FSWORKER_FINISH_EC2E5E2B,587,0,4,Parameter,,5,8,8
pointer_terminal_call,M_FSMOUNT_SELECTSTEP_8E807607,589,1,9,AutomaticFrame,,10,8,8
pointer_terminal_call,M_FSMOUNT_SELECTSTEP_8E807607,589,3,0,AutomaticFrame,,1,8,8
pointer_terminal_call,M_FSMOUNT_COMMANDSTEP_B1883B1A,590,5,0,AutomaticFrame,,1,8,8
pointer_terminal_call,M_FSMOUNT_COMMANDSTEP_B1883B1A,590,4,0,AutomaticFrame,,1,8,8
pointer_terminal_call,M_FSMOUNT_REMOVESTEP_BBB2975B,591,1,0,AutomaticFrame,,1,8,8
pointer_terminal_call,M_FSMOUNT_REMOVESTEP_BBB2975B,591,6,0,AutomaticFrame,,1,8,8
pointer_terminal_call,M_FSMOUNT_DESTROYSTEP_4CF540E7,592,0,8,AutomaticFrame,,9,8,8
pointer_terminal_call,M_FSMUX_TAKE_F08F7501,594,1,2,AutomaticFrame,,3,10,8
pointer_terminal_call,M_FSMUX_TAKE_F08F7501,594,2,0,Parameter,,1,8,8
pointer_terminal_call,M_FSMUX_TAKE_F08F7501,594,6,0,AutomaticFrame,,1,8,8
pointer_terminal_call,M_FSBOOT_STOP_AD5246E2,597,20,5,AutomaticFrame,,7,8,8
pointer_terminal_call,M_DOSCALLS_ACQUIRE_C423433E,600,3,0,AutomaticFrame,,1,8,8
pointer_terminal_call,M_DOSCALLS_ACQUIRE_C423433E,600,12,0,Parameter,,2,8,8
pointer_terminal_call,M_DOSCALLS_ACQUIRE_C423433E,600,10,0,AutomaticFrame,,2,8,8
pointer_terminal_call,M_DOSCALLS_ACQUIRE_C423433E,600,10,1,AutomaticFrame,,2,8,8
pointer_terminal_call,M_DOSCALLS_ACQUIRE_C423433E,600,10,3,AutomaticFrame,,8,8,8
pointer_terminal_call,M_DOSCALLS_ACQUIRE_C423433E,600,10,4,AutomaticFrame,,8,8,8
pointer_terminal_call,M_DOSCALLS_ACQUIRE_C423433E,600,16,0,AutomaticFrame,,4,8,8
pointer_terminal_call,M_DOSCALLS_ACQUIRE_C423433E,600,20,0,AutomaticFrame,,1,8,8
pointer_terminal_call,M_DOSCALLS_CONFIGURED_B6EDEF76,601,4,2,Parameter,,4,10,8
pointer_terminal_call,M_DOSCALLS_DESTINATION_E6EBC832,602,5,0,Parameter,,2,8,8
pointer_terminal_call,M_DOSCALLS_DESTINATION_E6EBC832,602,9,0,Parameter,,2,8,8
pointer_terminal_call,M_DOSCALLS_OPEN_390423B6,603,0,0,Parameter,,1,8,8
pointer_terminal_call,M_DOSCALLS_OPEN_390423B6,603,0,3,Parameter,,5,8,8
pointer_terminal_call,M_DOSCALLS_OPEN_390423B6,603,9,0,Parameter,,2,8,8
pointer_terminal_call,M_DOSCALLS_OPEN_390423B6,603,19,0,AutomaticFrame,,2,8,8
pointer_terminal_call,M_DOSCALLS_OPEN_390423B6,603,20,0,AutomaticFrame,,2,8,8
pointer_terminal_call,M_DOSCALLS_OPEN_390423B6,603,16,0,AutomaticFrame,,1,8,8
pointer_terminal_call,M_DOSCALLS_LOCK_DE185F87,604,0,0,Parameter,,1,8,8
pointer_terminal_call,M_DOSCALLS_LOCK_DE185F87,604,0,3,Parameter,,5,8,8
pointer_terminal_call,M_DOSCALLS_LOCK_DE185F87,604,6,0,Parameter,,2,8,8
pointer_terminal_call,M_DOSCALLS_OBJECT_E89E37D3,606,0,1,Parameter,,3,8,8
pointer_terminal_call,M_DOSCALLS_FILE_E8D1DABC,607,0,0,Parameter,,1,8,8
pointer_terminal_call,M_DOSCALLS_FILE_E8D1DABC,607,4,0,Parameter,,3,8,8
pointer_terminal_call,M_DOSCALLS_READ_BEE8BE36,608,2,0,Parameter,,1,8,8
pointer_terminal_call,M_DOSCALLS_READ_BEE8BE36,608,5,0,AutomaticFrame,,3,8,8
pointer_terminal_call,M_DOSCALLS_READ_BEE8BE36,608,5,1,Parameter,,3,8,8
pointer_terminal_call,M_DOSCALLS_READ_BEE8BE36,608,7,0,AutomaticFrame,,5,8,8
pointer_terminal_call,M_DOSCALLS_READ_BEE8BE36,608,7,3,Parameter,,5,8,8
pointer_terminal_call,M_DOSCALLS_READ_BEE8BE36,608,9,0,AutomaticFrame,,5,8,8
pointer_terminal_call,M_DOSCALLS_READ_BEE8BE36,608,9,3,Parameter,,5,8,8
pointer_terminal_call,M_DOSCALLS_READ_BEE8BE36,608,12,7,AutomaticFrame,,11,8,8
pointer_terminal_call,M_DOSCALLS_READ_BEE8BE36,608,10,0,AutomaticFrame,,2,8,8
pointer_terminal_call,M_DOSCALLS_READ_BEE8BE36,608,10,1,AutomaticFrame,,2,8,8
pointer_terminal_call,M_DOSCALLS_READ_BEE8BE36,608,17,11,AutomaticFrame,,14,8,8
pointer_terminal_call,M_DOSCALLS_READ_BEE8BE36,608,17,16,AutomaticFrame,,17,8,8
pointer_terminal_call,M_DOSCALLS_WRITE_8E98A1A7,609,2,0,Parameter,,1,8,8
pointer_terminal_call,M_DOSCALLS_WRITE_8E98A1A7,609,5,0,AutomaticFrame,,3,8,8
pointer_terminal_call,M_DOSCALLS_WRITE_8E98A1A7,609,5,1,Parameter,,3,8,8
pointer_terminal_call,M_DOSCALLS_WRITE_8E98A1A7,609,7,0,AutomaticFrame,,5,8,8
pointer_terminal_call,M_DOSCALLS_WRITE_8E98A1A7,609,7,3,Parameter,,5,8,8
pointer_terminal_call,M_DOSCALLS_WRITE_8E98A1A7,609,11,7,AutomaticFrame,,11,8,8
pointer_terminal_call,M_DOSCALLS_WRITE_8E98A1A7,609,9,0,AutomaticFrame,,1,8,8
pointer_terminal_call,M_DOSCALLS_WRITE_8E98A1A7,609,16,0,Parameter,,2,8,8
pointer_terminal_call,M_DOSCALLS_SEEK_17FC33E6,610,2,0,Parameter,,1,8,8
pointer_terminal_call,M_DOSCALLS_SEEK_17FC33E6,610,11,0,AutomaticFrame,,2,8,8
pointer_terminal_call,M_DOSCALLS_SEEK_17FC33E6,610,11,1,AutomaticFrame,,2,8,8
pointer_terminal_call,M_DOSCALLS_SEEK_17FC33E6,610,13,9,AutomaticFrame,,12,8,8
pointer_terminal_call,M_DOSCALLS_SEEK_17FC33E6,610,13,14,AutomaticFrame,,15,8,8
pointer_terminal_call,M_DOSCALLS_CLOSE_97169B3A,611,2,0,Parameter,,1,8,8
pointer_terminal_call,M_DOSCALLS_CLOSE_97169B3A,611,5,0,AutomaticFrame,,2,8,8
pointer_terminal_call,M_DOSCALLS_CLOSE_97169B3A,611,5,1,AutomaticFrame,,2,8,8
pointer_terminal_call,M_DOSCALLS_CLOSE_97169B3A,611,7,0,AutomaticFrame,,3,8,8
pointer_terminal_call,M_DOSCALLS_CLOSE_97169B3A,611,9,0,AutomaticFrame,,3,8,8
pointer_terminal_call,M_DOSCALLS_CLOSE_97169B3A,611,10,0,AutomaticFrame,,2,8,8
pointer_terminal_call,M_DOSCALLS_CLOSE_97169B3A,611,10,1,AutomaticFrame,,2,8,8
pointer_terminal_call,M_DOSCALLS_CLOSE_97169B3A,611,12,3,AutomaticFrame,,5,8,8
pointer_terminal_call,M_DOSCALLS_CLOSE_97169B3A,611,12,4,Parameter,,5,8,8
pointer_terminal_call,M_DOSCALLS_CLOSE_97169B3A,611,12,6,AutomaticFrame,,9,8,8
pointer_terminal_call,M_DOSCALLS_CLOSE_97169B3A,611,12,11,AutomaticFrame,,12,8,8
pointer_terminal_call,M_DOSCALLS_UNLOCK_2871018C,612,4,0,Parameter,,1,8,8
pointer_terminal_call,M_DOSCALLS_UNLOCK_2871018C,612,8,0,AutomaticFrame,,2,8,8
pointer_terminal_call,M_DOSCALLS_UNLOCK_2871018C,612,8,1,AutomaticFrame,,2,8,8
pointer_terminal_call,M_DOSCALLS_UNLOCK_2871018C,612,10,3,AutomaticFrame,,6,8,8
pointer_terminal_call,M_DOSCALLS_UNLOCK_2871018C,612,10,7,AutomaticFrame,,8,8,8
pointer_terminal_call,M_DOSCALLS_INFORMATION_13F25DEC,613,2,0,Parameter,,1,8,8
pointer_terminal_call,M_DOSCALLS_INFORMATION_13F25DEC,613,4,0,AutomaticFrame,,2,8,8
pointer_terminal_call,M_DOSCALLS_INFORMATION_13F25DEC,613,4,1,AutomaticFrame,,2,8,8
pointer_terminal_call,M_DOSCALLS_INFORMATION_13F25DEC,613,6,8,AutomaticFrame,,12,8,8
pointer_terminal_call,M_DOSCALLS_INFORMATION_13F25DEC,613,6,14,AutomaticFrame,,15,8,8
pointer_terminal_call,M_DOSCALLS_LIVESELECTION_2BE04852,616,0,0,Parameter,,1,8,8
pointer_terminal_call,M_DOSCALLS_LIVESELECTION_2BE04852,616,8,0,AutomaticFrame,,1,8,8
pointer_terminal_call,M_DOSCALLS_SELECT_1EDDE386,617,3,0,Parameter,,1,8,8
pointer_terminal_call,M_DOSCALLS_DIRECTORY_C8028D6B,618,0,0,Parameter,,1,8,8
pointer_terminal_call,M_DOSCALLS_DIRECTORY_C8028D6B,618,6,0,Parameter,,3,8,8
pointer_terminal_call,M_DOSCALLS_CURRENTDIR_1AA7335E,619,3,0,Parameter,,1,8,8
pointer_terminal_call,M_DOSCALLS_CURRENTDIR_1AA7335E,619,6,0,AutomaticFrame,,1,8,8
pointer_terminal_call,M_DOSCALLS_NAMEFROMLOCK_92457C4A,620,2,0,Parameter,,1,8,8
pointer_terminal_call,M_DOSCALLS_NAMEFROMLOCK_92457C4A,620,4,0,AutomaticFrame,,1,8,8
pointer_terminal_call,M_DOSCALLS_NAMEFROMLOCK_92457C4A,620,8,0,Parameter,,3,8,8
pointer_terminal_call,M_DOSCALLS_NAMEFROMLOCK_92457C4A,620,10,0,AutomaticFrame,,1,8,8
pointer_terminal_call,M_DOSCALLS_NAMEFROMLOCK_92457C4A,620,10,2,AutomaticFrame,,3,8,8
pointer_terminal_call,M_DOSCALLS_ISINTERACTIVE_18CACEEA,621,2,0,Parameter,,1,8,8
pointer_terminal_call,M_DOSCALLS_BEGINFOREGROUND_8F2474EA,622,0,0,Parameter,,1,8,8
pointer_terminal_call,M_DOS_OPEN_87DAE823,626,0,0,Parameter,,2,8,8
pointer_terminal_call,M_DOS_READ_BCD2228F,627,0,2,Parameter,,4,8,8
pointer_terminal_call,M_DOS_WRITE_BE4FDE64,628,0,2,Parameter,,4,8,8
pointer_terminal_call,M_DOS_LOCK_4DEC517E,633,0,0,Parameter,,2,8,8
pointer_terminal_call,M_DOS_NAMEFROMLOCK_8794AD67,643,0,2,Parameter,,4,8,8
pointer_terminal_call,M_SHELLAPP_SHELLWRITE_F4A8AD7D,661,6,0,Parameter,,4,8,8
pointer_terminal_call,M_SHELLAPP_SHELLWRITE_F4A8AD7D,661,6,1,Parameter,,4,8,8
pointer_terminal_call,M_SHELLAPP_SHELLBYTE_1EE28596,662,0,5,Parameter,,7,10,8
pointer_terminal_call,M_SHELLAPP_SHELLBYTE_1EE28596,662,0,6,AutomaticFrame,,7,8,8
pointer_terminal_call,M_SHELLAPP_SHELLPASCAL_09C83940,664,0,0,Parameter,,6,8,8
pointer_terminal_call,M_SHELLAPP_SHELLNUMBER_7C65BFBB,665,6,0,Parameter,,1,8,8
pointer_terminal_call,M_SHELLAPP_SHELLPROMPT_E21EE466,667,0,7,AutomaticFrame,,8,10,8
pointer_terminal_call,M_SHELLAPP_SHELLCHANGE_E2B81D98,670,0,0,Parameter,,1,8,8
pointer_terminal_call,M_SHELLAPP_SHELLCHANGE_E2B81D98,670,4,0,AutomaticFrame,,1,8,8
pointer_terminal_call,M_SHELLAPP_SHELLDIR_EB67AED9,672,2,1,AutomaticFrame,,2,10,8
pointer_terminal_call,M_SHELLAPP_SHELLTASKSTATE_6E5D5B16,677,3,0,Parameter,,2,8,8
pointer_terminal_call,M_SHELLAPP_SHELLTASKSTATE_6E5D5B16,677,3,1,AutomaticFrame,,2,8,8
pointer_terminal_call,M_SHELLAPP_SHELLTASKS_1B8DD8E2,678,0,3,Parameter,,5,8,8
pointer_terminal_call,M_SHELLAPP_SHELLTASKS_1B8DD8E2,678,0,6,Parameter,,7,8,8
pointer_terminal_call,M_SHELLAPP_SHELLTASKS_1B8DD8E2,678,4,0,Parameter,,3,8,8
pointer_terminal_call,M_SHELLAPP_SHELLTASKS_1B8DD8E2,678,6,0,Parameter,,1,8,8
pointer_terminal_call,M_SHELLAPP_SHELLTASKS_1B8DD8E2,678,7,0,Parameter,,1,8,8
pointer_terminal_call,M_SHELLAPP_SHELLTASKS_1B8DD8E2,678,7,2,Parameter,,3,8,8
pointer_terminal_call,M_SHELLAPP_SHELLTASKS_1B8DD8E2,678,7,4,Parameter,,5,8,8
pointer_terminal_call,M_SHELLAPP_SHELLTASKS_1B8DD8E2,678,7,6,Parameter,,8,8,8
pointer_terminal_call,M_SHELLAPP_SHELLTASKS_1B8DD8E2,678,7,9,Parameter,,10,8,8
pointer_terminal_call,M_SHELLAPP_SHELLTASKS_1B8DD8E2,678,8,0,Parameter,,2,8,8
pointer_terminal_call,M_SHELLAPP_SHELLTASKS_1B8DD8E2,678,9,0,Parameter,,2,8,8
pointer_terminal_call,M_SHELLAPP_SHELLTASKS_1B8DD8E2,678,10,0,Parameter,,1,8,8
pointer_terminal_call,M_SHELLAPP_SHELLDEVICES_E5FACF4D,679,0,3,Parameter,,5,8,8
pointer_terminal_call,M_SHELLAPP_SHELLDEVICES_E5FACF4D,679,0,6,Parameter,,7,8,8
pointer_terminal_call,M_SHELLAPP_SHELLDEVICES_E5FACF4D,679,6,0,Parameter,,2,8,8
pointer_terminal_call,M_SHELLAPP_SHELLDEVICES_E5FACF4D,679,7,0,Parameter,,2,8,8
pointer_terminal_call,M_SHELLAPP_SHELLDEVICES_E5FACF4D,679,11,0,Parameter,,2,8,8
pointer_terminal_call,M_SHELLAPP_SHELLDEVICES_E5FACF4D,679,11,1,AutomaticFrame,,2,8,8
pointer_terminal_call,M_SHELLAPP_SHELLDEVICES_E5FACF4D,679,11,3,Parameter,,4,8,8
pointer_terminal_call,M_SHELLAPP_SHELLMOUNTS_13BE84C6,680,0,3,Parameter,,5,8,8
pointer_terminal_call,M_SHELLAPP_SHELLMOUNTS_13BE84C6,680,0,6,Parameter,,7,8,8
pointer_terminal_call,M_SHELLAPP_SHELLMOUNTS_13BE84C6,680,1,0,Parameter,,2,8,8
pointer_terminal_call,M_SHELLAPP_SHELLMOUNTS_13BE84C6,680,1,3,Parameter,,4,8,8
pointer_terminal_call,M_SHELLAPP_SHELLMOUNTS_13BE84C6,680,4,0,Parameter,,2,8,8
pointer_terminal_call,M_SHELLAPP_SHELLMOUNTS_13BE84C6,680,4,3,Parameter,,4,8,8
pointer_terminal_call,M_SHELLAPP_SHELLMOUNTS_13BE84C6,680,7,0,Parameter,,1,8,8
pointer_terminal_call,M_SHELLAPP_SHELLMOUNTS_13BE84C6,680,8,0,Parameter,,1,8,8
pointer_terminal_call,M_SHELLAPP_SHELLMOUNTS_13BE84C6,680,8,2,Parameter,,4,8,8
pointer_terminal_call,M_SHELLAPP_SHELLMOUNTS_13BE84C6,680,9,0,Parameter,,2,8,8
pointer_terminal_call,M_SHELLAPP_SHELLMOUNTS_13BE84C6,680,10,0,Parameter,,2,8,8
pointer_terminal_call,M_SHELLAPP_SHELLMOUNTS_13BE84C6,680,11,0,Parameter,,1,8,8
pointer_terminal_call,M_SHELLAPP_SHELLSTART_D37857EA,688,3,0,Parameter,,1,8,8
pointer_terminal_call,M_SHELLAPP_SHELLFINISH_77CE18A3,689,14,0,AutomaticFrame,,1,8,8
pointer_terminal_call,M_SHELLAPP_SHELLBOOTSIO_1538A419,690,2,0,AutomaticFrame,,1,8,8
pointer_terminal_call,M_SHELLAPP_SHELLBOOTSIO_1538A419,690,3,0,AutomaticFrame,,1,8,8
pointer_terminal_call,M_SHELLAPP_SHELLBOOTSIO_1538A419,690,4,1,AutomaticFrame,,2,10,8
pointer_terminal_call,M_SHELLAPP_SHELLBOOTSIO_1538A419,690,5,0,AutomaticFrame,,1,8,8
pointer_terminal_call,M_SHELLAPP_SHELLBOOTSIO_1538A419,690,6,0,AutomaticFrame,,1,8,8
pointer_terminal_call,M_SHELLAPP_SHELLBOOTSIO_1538A419,690,6,2,AutomaticFrame,,3,8,8
scalar_adjacent,M_EXECMEMORY_QUERY_D2E34F9F,3,2,0,Parameter,2,1,4,4
scalar_adjacent,M_EXECMEMORY_RESERVEEXACT_88D3D2C8,4,2,0,Parameter,2,1,4,4
scalar_adjacent,M_EXECMEMORY_RESERVEEXACT_88D3D2C8,4,4,0,Parameter,2,1,4,4
scalar_adjacent,M_EXECMEMORY_ACQUIRE_EAA019EB,5,2,0,Parameter,2,1,4,4
scalar_adjacent,M_EXECMEMORY_RELEASE_A6E307FC,6,2,0,Parameter,2,1,4,4
scalar_adjacent,M_EXECMEMORY_RELEASE_A6E307FC,6,4,0,Parameter,2,1,4,4
scalar_adjacent,M_EXECMEMORY_RELEASE_A6E307FC,6,12,3,Parameter,2,4,4,4
scalar_adjacent,M_HEAPCORE_ROUNDED_9D79FA03,25,0,0,Parameter,4,1,8,8
scalar_adjacent,M_HEAPCORE_ROUNDED_9D79FA03,25,2,0,Parameter,4,1,8,8
scalar_adjacent,M_HEAPCORE_ROUNDED_9D79FA03,25,3,0,Parameter,4,1,8,8
scalar_adjacent,M_HEAPCORE_BOUNDS_2387CB05,26,10,4,AutomaticFrame,4,5,8,8
scalar_adjacent,M_HEAPCORE_CHUNKADDRESS_A551D41B,27,4,0,AutomaticFrame,4,1,8,8
scalar_adjacent,M_HEAPCORE_NEXTADDRESS_E32592FF,28,1,1,Parameter,4,2,8,8
scalar_adjacent,M_HEAPCORE_NEXTADDRESS_E32592FF,28,5,0,AutomaticFrame,4,1,8,8
scalar_adjacent,M_HEAPCORE_CHUNKEND_0E0C27CE,29,3,4,AutomaticFrame,4,5,8,8
scalar_adjacent,M_HEAPCORE_CHUNKEND_0E0C27CE,29,5,8,AutomaticFrame,4,9,10,8
scalar_adjacent,M_HEAPCORE_WRITECHUNK_D768FC26,32,0,4,Parameter,4,5,10,8
scalar_adjacent,M_HEAPCORE_SPLIT_B6117102,33,0,14,Parameter,4,15,8,8
scalar_adjacent,M_HEAPCORE_SPLIT_B6117102,33,0,16,Parameter,4,17,8,8
scalar_adjacent,M_HEAPCORE_SPLIT_B6117102,33,0,22,AutomaticFrame,4,23,8,8
scalar_adjacent,M_HEAPCORE_SPLIT_B6117102,33,1,1,Parameter,4,2,8,8
scalar_adjacent,M_HEAPCORE_SPLIT_B6117102,33,1,8,AutomaticFrame,4,9,10,8
scalar_adjacent,M_HEAPCORE_SPLIT_B6117102,33,2,0,AutomaticFrame,4,1,8,8
scalar_adjacent,M_HEAPCORE_SPLIT_B6117102,33,3,1,AutomaticFrame,4,2,8,8
scalar_adjacent,M_HEAPCORE_CANDIDATE_07CF3557,34,1,0,AutomaticFrame,4,1,8,8
scalar_adjacent,M_HEAPCORE_CANDIDATE_07CF3557,34,1,2,Parameter,4,3,8,8
scalar_adjacent,M_HEAPCORE_CANDIDATE_07CF3557,34,3,0,AutomaticFrame,4,1,8,8
scalar_adjacent,M_HEAPCORE_RESERVE_2192E9C0,35,0,0,Parameter,4,1,8,8
scalar_adjacent,M_HEAPCORE_RESERVE_2192E9C0,35,9,0,Parameter,1,1,6,4
scalar_adjacent,M_HEAPCORE_ALLOCATE_E39F1AF5,36,0,1,Parameter,4,2,8,8
scalar_adjacent,M_HEAPCORE_INSERTFREE_129E41BB,38,1,6,Parameter,4,7,8,8
scalar_adjacent,M_HEAPCORE_INSERTFREE_129E41BB,38,5,2,Parameter,4,3,8,8
scalar_adjacent,M_HEAPCORE_INSERTFREE_129E41BB,38,5,4,Parameter,4,5,8,8
scalar_adjacent,M_HEAPCORE_INSERTFREE_129E41BB,38,6,3,Parameter,4,4,8,8
scalar_adjacent,M_HEAPCORE_INSERTFREE_129E41BB,38,9,2,Parameter,4,3,8,8
scalar_adjacent,M_HEAPCORE_INSERTFREE_129E41BB,38,9,4,Parameter,4,5,8,8
scalar_adjacent,M_HEAPCORE_RETURNRANGE_11C95A83,39,3,1,Parameter,4,2,8,8
scalar_adjacent,M_HEAPCORE_RETURNRANGE_11C95A83,39,7,2,Parameter,4,3,10,8
scalar_adjacent,M_HEAPCORE_RETURNRANGE_11C95A83,39,11,6,Parameter,4,7,8,8
scalar_adjacent,M_HEAPCORE_RETURNRANGE_11C95A83,39,16,3,Parameter,4,4,8,8
scalar_adjacent,M_HEAPCORE_DEALLOCATE_60F97CF2,40,0,0,Parameter,4,1,8,8
scalar_adjacent,M_HEAPCORE_DEALLOCATE_60F97CF2,40,4,1,AutomaticFrame,4,2,8,8
scalar_adjacent,M_HEAPCORE_DEALLOCATE_60F97CF2,40,5,0,AutomaticFrame,4,1,8,8
scalar_adjacent,M_HEAPCORE_DEALLOCATE_60F97CF2,40,5,4,Parameter,4,5,8,8
scalar_adjacent,M_HEAPCORE_DEALLOCATE_60F97CF2,40,5,12,AutomaticFrame,4,13,8,8
scalar_adjacent,M_HEAPPOLICY_REGION_F42DC07D,45,0,0,Parameter,2,1,4,4
scalar_adjacent,M_HEAPPOLICY_REGION_F42DC07D,45,0,28,Parameter,2,29,4,4
scalar_adjacent,M_HEAPPOLICY_START_1455FA91,46,4,1,Parameter,2,2,4,2
scalar_adjacent,M_HEAPPOLICY_START_1455FA91,46,5,0,AutomaticFrame,2,1,4,4
scalar_adjacent,M_HEAPPOLICY_START_1455FA91,46,7,0,Parameter,2,1,4,4
scalar_adjacent,M_HEAPPOLICY_START_1455FA91,46,11,0,AutomaticFrame,2,1,4,2
scalar_adjacent,M_HEAPPOLICY_FLAGSVALID_4BF22F96,48,2,1,AutomaticFrame,4,2,8,8
scalar_adjacent,M_HEAPPOLICY_FLAGSVALID_4BF22F96,48,4,0,Parameter,4,1,8,8
scalar_adjacent,M_HEAPPOLICY_FLAGSVALID_4BF22F96,48,5,0,Parameter,4,1,8,8
scalar_adjacent,M_HEAPPOLICY_FLAGSVALID_4BF22F96,48,6,0,Parameter,4,1,8,8
scalar_adjacent,M_HEAPPOLICY_MATCHES_ACC95206,51,0,0,Parameter,4,1,8,8
scalar_adjacent,M_HEAPPOLICY_MATCHES_ACC95206,51,1,0,AutomaticFrame,2,1,4,2
scalar_adjacent,M_HEAPPOLICY_MATCHES_ACC95206,51,2,2,AutomaticFrame,2,3,4,4
scalar_adjacent,M_HEAPPOLICY_MATCHES_ACC95206,51,2,4,AutomaticFrame,2,5,4,4
scalar_adjacent,M_HEAPPOLICY_RESERVE_42F2499D,52,0,0,Parameter,4,1,8,8
scalar_adjacent,M_HEAPPOLICY_RESERVE_42F2499D,52,2,0,Parameter,4,1,8,8
scalar_adjacent,M_HEAPPOLICY_RESERVE_42F2499D,52,3,0,Parameter,4,1,8,8
scalar_adjacent,M_HEAPPOLICY_RESERVE_42F2499D,52,4,0,Parameter,4,1,8,8
scalar_adjacent,M_HEAPPOLICY_RESERVE_42F2499D,52,8,2,Parameter,4,3,8,8
scalar_adjacent,M_HEAPPOLICY_RESERVE_42F2499D,52,10,2,AutomaticFrame,1,3,6,4
scalar_adjacent,M_HEAPPOLICY_FREE_3EA2E1EF,54,0,0,Parameter,4,1,8,8
scalar_adjacent,M_HEAPPOLICY_FREE_3EA2E1EF,54,2,4,Parameter,4,5,8,8
scalar_adjacent,M_HEAPPOLICY_FREE_3EA2E1EF,54,2,7,AutomaticFrame,4,8,8,8
scalar_adjacent,M_HEAPPOLICY_FREE_3EA2E1EF,54,4,0,AutomaticFrame,4,1,8,8
scalar_adjacent,M_HEAPPOLICY_FREE_3EA2E1EF,54,5,0,AutomaticFrame,4,1,8,8
scalar_adjacent,M_HEAPPOLICY_FREE_3EA2E1EF,54,8,3,AutomaticFrame,4,4,8,8
scalar_adjacent,M_HEAPPOLICY_FREE_3EA2E1EF,54,10,2,AutomaticFrame,4,3,8,8
scalar_adjacent,M_HEAPPOLICY_AVAIL_22774B2C,55,0,0,Parameter,4,1,8,8
scalar_adjacent,M_HEAPPOLICY_AVAIL_22774B2C,55,4,1,Parameter,4,2,8,8
scalar_adjacent,M_HEAPPOLICY_AVAIL_22774B2C,55,6,1,Parameter,4,2,8,8
scalar_adjacent,M_HEAPPOLICY_AVAIL_22774B2C,55,9,0,Parameter,4,1,8,8
scalar_adjacent,M_HEAPPOLICY_AVAIL_22774B2C,55,11,0,Parameter,4,1,8,8
scalar_adjacent,M_HEAPPOLICY_AVAIL_22774B2C,55,10,0,Parameter,4,1,8,8
scalar_adjacent,M_HEAPPOLICY_VECTORBYTES_E6541B8F,57,0,0,Parameter,4,1,8,8
scalar_adjacent,M_HEAPPOLICY_VECTORBYTES_E6541B8F,57,2,0,AutomaticFrame,4,1,8,8
scalar_adjacent,M_HEAPPOLICY_VECTORBYTES_E6541B8F,57,3,0,AutomaticFrame,4,1,8,8
scalar_adjacent,M_HEAPPOLICY_RESERVEVECTOR_C09ED6F4,58,0,0,Parameter,4,1,8,8
scalar_adjacent,M_HEAPPOLICY_RESERVEVECTOR_C09ED6F4,58,2,1,Parameter,4,2,8,8
scalar_adjacent,M_HEAPPOLICY_FREEVECTOR_698EC5DE,59,4,0,AutomaticFrame,4,1,8,8
scalar_adjacent,M_HEAPPOLICY_FREEVECTOR_698EC5DE,59,5,0,AutomaticFrame,4,1,8,8
scalar_adjacent,M_HEAPPOLICY_FREEVECTOR_698EC5DE,59,7,2,AutomaticFrame,4,3,8,8
scalar_adjacent,M_HEAPPOLICY_FREEVECTOR_698EC5DE,59,12,3,AutomaticFrame,4,4,8,8
scalar_adjacent,M_HEAPPOLICY_FREEVECTOR_698EC5DE,59,14,4,AutomaticFrame,4,5,10,8
scalar_adjacent,M_TASKPOLICY_SAVEDWORD_D1C8E663,67,0,1,Parameter,2,2,4,4
scalar_adjacent,M_TASKPOLICY_RESULT_DA2077E3,68,0,0,Parameter,2,1,4,2
scalar_adjacent,M_TASKPOLICY_RESULT_DA2077E3,68,0,4,Parameter,2,5,4,4
scalar_adjacent,M_TASKPOLICY_POINTERRESULT_E8D88610,69,0,5,Parameter,2,6,4,2
scalar_adjacent,M_TASKPOLICY_ARGUMENTPOINTER_A19325C6,70,0,0,Parameter,2,1,4,2
scalar_adjacent,M_TASKPOLICY_ARGUMENTPOINTER_A19325C6,70,0,3,Parameter,2,4,6,2
scalar_adjacent,M_TASKPOLICY_FLAGS_56B3B4FF,71,0,0,Parameter,2,1,4,2
scalar_adjacent,M_TASKPOLICY_PROTECTED_FCDCE808,72,0,6,Parameter,2,7,6,4
scalar_adjacent,M_TASKPOLICY_PREPARESTACK_1A1C583B,79,3,1,AutomaticFrame,2,2,4,2
scalar_adjacent,M_TASKPOLICY_PREPAREFRAME_D5FF2FA0,81,3,0,AutomaticFrame,2,1,4,2
scalar_adjacent,M_TASKPOLICY_PREPAREFRAME_D5FF2FA0,81,3,7,AutomaticFrame,2,8,4,2
scalar_adjacent,M_TASKPOLICY_PREPAREFRAME_D5FF2FA0,81,6,0,AutomaticFrame,2,1,4,2
scalar_adjacent,M_TASKPOLICY_PREPAREFRAME_D5FF2FA0,81,6,6,AutomaticFrame,2,7,4,4
scalar_adjacent,M_TASKPOLICY_SETSTATE_52D88FAF,82,0,1,Parameter,1,2,6,4
scalar_adjacent,M_TASKPOLICY_SETSTATE_52D88FAF,82,1,1,Parameter,1,2,6,4
scalar_adjacent,M_TASKPOLICY_SWITCH_98522C9E,91,0,4,Parameter,2,5,4,4
scalar_adjacent,M_TASKPOLICY_ADD_A5E7C92B,93,0,0,Parameter,2,1,4,4
scalar_adjacent,M_TASKPOLICY_ADD_A5E7C92B,93,1,0,Parameter,2,1,4,2
scalar_adjacent,M_TASKPOLICY_ADD_A5E7C92B,93,3,0,Parameter,2,1,4,2
scalar_adjacent,M_TASKPOLICY_ADD_A5E7C92B,93,7,0,Parameter,2,1,4,2
scalar_adjacent,M_TASKPOLICY_ADD_A5E7C92B,93,9,0,Parameter,2,1,4,2
scalar_adjacent,M_TASKPOLICY_ADD_A5E7C92B,93,14,0,Parameter,2,1,4,2
scalar_adjacent,M_TASKPOLICY_ADD_A5E7C92B,93,15,0,Parameter,2,1,4,2
scalar_adjacent,M_TASKPOLICY_ADD_A5E7C92B,93,16,15,Parameter,2,16,4,4
scalar_adjacent,M_TASKPOLICY_REMOVETASK_35F29A21,94,2,0,Parameter,2,1,4,4
scalar_adjacent,M_TASKPOLICY_REMOVETASK_35F29A21,94,3,0,Parameter,2,1,4,4
scalar_adjacent,M_TASKPOLICY_PRIORITY_7FE7EE8A,97,0,0,Parameter,2,1,4,4
scalar_adjacent,M_TASKPOLICY_PRIORITY_7FE7EE8A,97,2,4,Parameter,2,5,4,2
scalar_adjacent,M_TASKPOLICY_EXCLUSION_DFE541A6,98,5,7,Parameter,2,8,4,4
scalar_adjacent,M_TASKPOLICY_SLEEPTASK_6A909BCC,99,0,0,Parameter,2,1,4,2
scalar_adjacent,M_TASKPOLICY_SLEEPTASK_6A909BCC,99,1,0,Parameter,2,1,4,2
scalar_adjacent,M_TASKPOLICY_SLEEPTASK_6A909BCC,99,2,1,Parameter,2,2,4,4
scalar_adjacent,M_TASKPOLICY_SLEEPTASK_6A909BCC,99,3,0,Parameter,2,1,4,2
scalar_adjacent,M_TASKPOLICY_SLEEPTASK_6A909BCC,99,4,0,Parameter,2,1,4,2
scalar_adjacent,M_TASKPOLICY_SLEEPTASK_6A909BCC,99,4,2,AutomaticFrame,2,3,4,2
scalar_adjacent,M_TASKPOLICY_SLEEPTASK_6A909BCC,99,5,3,Parameter,2,4,4,4
scalar_adjacent,M_TASKPOLICY_SLEEPTASK_6A909BCC,99,6,3,AutomaticFrame,2,4,6,4
scalar_adjacent,M_TASKPOLICY_MASKRESULT_220A6FAB,100,0,4,Parameter,2,5,4,2
scalar_adjacent,M_TASKPOLICY_MASKRESULT_220A6FAB,100,0,8,Parameter,4,9,10,8
scalar_adjacent,M_TASKPOLICY_MASKS_49833CE1,103,0,3,Parameter,2,4,4,4
scalar_adjacent,M_TASKPOLICY_MASKS_49833CE1,103,6,0,AutomaticFrame,1,1,6,4
scalar_adjacent,M_TASKPOLICY_MASKS_49833CE1,103,8,0,AutomaticFrame,1,1,6,4
scalar_adjacent,M_TASKPOLICY_MASKS_49833CE1,103,9,0,AutomaticFrame,1,1,6,4
scalar_adjacent,M_TASKPOLICY_MASKS_49833CE1,103,9,5,AutomaticFrame,4,6,8,8
scalar_adjacent,M_TASKPOLICY_MASKS_49833CE1,103,11,2,AutomaticFrame,4,3,8,8
scalar_adjacent,M_TASKPOLICY_MASKS_49833CE1,103,4,11,AutomaticFrame,4,12,8,8
scalar_adjacent,M_TASKPOLICY_COMPLETEWAIT_31FB45E4,104,4,2,AutomaticFrame,4,3,8,8
scalar_adjacent,M_TASKPOLICY_WAITTASK_AD94C4A2,105,0,0,Parameter,2,1,4,4
scalar_adjacent,M_TASKPOLICY_WAITTASK_AD94C4A2,105,2,0,Parameter,2,1,4,4
scalar_adjacent,M_TASKPOLICY_WAITTASK_AD94C4A2,105,2,6,AutomaticFrame,4,7,8,8
scalar_adjacent,M_TASKPOLICY_WAITTASK_AD94C4A2,105,3,1,AutomaticFrame,4,2,8,8
scalar_adjacent,M_TASKPOLICY_SIGNALTASK_806F80F5,107,0,0,Parameter,2,1,4,4
scalar_adjacent,M_TASKPOLICY_SIGNALTASK_806F80F5,107,4,1,AutomaticFrame,4,2,8,8
scalar_adjacent,M_TASKPOLICY_SIGNALTASK_806F80F5,107,5,3,Parameter,2,4,4,4
scalar_adjacent,M_TASKPOLICY_PRODUCERCONTROL_52F9499B,115,0,1,Parameter,2,2,6,4
scalar_adjacent,M_TASKPOLICY_PRODUCERCONTROL_52F9499B,115,9,3,Parameter,2,4,4,4
scalar_adjacent,M_TASKPOLICY_PRODUCERCONTROL_52F9499B,115,10,0,Parameter,2,1,4,2
scalar_adjacent,M_TASKPOLICY_PRODUCERCONTROL_52F9499B,115,11,0,Parameter,2,1,4,4
scalar_adjacent,M_TASKPOLICY_MEMORYSERVICE_7FAD083C,116,0,5,Parameter,1,6,4,4
scalar_adjacent,M_TASKPOLICY_MEMORYSERVICE_7FAD083C,116,0,7,Parameter,1,8,4,4
scalar_adjacent,M_TASKPOLICY_MEMORYPACKET_B36B55BB,117,0,0,Parameter,2,1,4,2
scalar_adjacent,M_TASKPOLICY_MEMORYPACKET_B36B55BB,117,8,3,AutomaticFrame,2,4,4,4
scalar_adjacent,M_TASKPOLICY_MEMORYCALL_E7816C43,118,0,2,Parameter,1,3,6,4
scalar_adjacent,M_TASKPOLICY_MEMORYCALL_E7816C43,118,2,0,Parameter,2,1,4,4
scalar_adjacent,M_TASKPOLICY_PORTSERVICE_8D598BCC,119,0,0,Parameter,1,1,6,4
scalar_adjacent,M_TASKPOLICY_PORTSERVICE_8D598BCC,119,0,2,Parameter,1,3,4,4
scalar_adjacent,M_TASKPOLICY_SENDMESSAGE_7332557D,124,4,1,Parameter,1,2,6,4
scalar_adjacent,M_TASKPOLICY_SENDMESSAGE_7332557D,124,9,1,AutomaticFrame,4,2,8,8
scalar_adjacent,M_TASKPOLICY_PORTHEAD_A12A0751,125,2,0,Parameter,2,1,4,4
scalar_adjacent,M_TASKPOLICY_PORTDELETE_CF47DFE6,126,7,6,AutomaticFrame,4,7,8,8
scalar_adjacent,M_TASKPOLICY_PORTCALL_70989793,129,0,0,Parameter,2,1,4,2
scalar_adjacent,M_TASKPOLICY_PORTCALL_70989793,129,5,3,AutomaticFrame,2,4,4,4
scalar_adjacent,M_TASKPOLICY_PORTCALL_70989793,129,7,0,Parameter,2,1,4,4
scalar_adjacent,M_TASKPOLICY_PORTCALL_70989793,129,7,4,Parameter,1,5,6,4
scalar_adjacent,M_TASKPOLICY_IOSERVICE_1E6CF653,130,0,0,Parameter,1,1,6,4
scalar_adjacent,M_TASKPOLICY_IOSERVICE_1E6CF653,130,0,2,Parameter,1,3,4,4
scalar_adjacent,M_TASKPOLICY_IOEXTENT_9818C08A,133,2,2,Parameter,2,3,4,4
scalar_adjacent,M_TASKPOLICY_IOERROR_9413450C,134,0,3,Parameter,1,4,6,4
scalar_adjacent,M_TASKPOLICY_IOERROR_9413450C,134,1,0,AutomaticFrame,2,1,4,2
scalar_adjacent,M_TASKPOLICY_IOOPENTEST_C4ABA6E6,138,2,3,AutomaticFrame,1,4,6,4
scalar_adjacent,M_TASKPOLICY_IOBEGIN_A0C610B5,143,9,2,Parameter,2,3,6,2
scalar_adjacent,M_TASKPOLICY_IOWORKERCONTROL_3D43EE5B,146,6,0,Parameter,2,1,4,2
scalar_adjacent,M_TASKPOLICY_IOTESTFINISH_35E02F77,149,5,6,Parameter,2,7,6,2
scalar_adjacent,M_TASKPOLICY_IOCALL_78031962,150,0,0,Parameter,2,1,4,2
scalar_adjacent,M_TASKPOLICY_IOCALL_78031962,150,9,3,AutomaticFrame,2,4,4,4
scalar_adjacent,M_TASKPOLICY_IOCALL_78031962,150,11,0,Parameter,2,1,4,4
scalar_adjacent,M_TASKPOLICY_IOREQUESTCALL_7ACD78BD,151,3,3,Parameter,1,4,6,2
scalar_adjacent,M_TASKPOLICY_SIOBOUND_346E47DB,154,4,0,AutomaticFrame,4,1,8,8
scalar_adjacent,M_TASKPOLICY_SIOBOUND_346E47DB,154,5,0,AutomaticFrame,4,1,8,8
scalar_adjacent,M_TASKPOLICY_SIOOPEN_38E97F75,155,3,2,Parameter,2,3,6,4
scalar_adjacent,M_TASKPOLICY_SIOOPEN_38E97F75,155,6,1,AutomaticFrame,1,2,6,4
scalar_adjacent,M_TASKPOLICY_SIOOPEN_38E97F75,155,6,4,AutomaticFrame,1,5,6,4
scalar_adjacent,M_TASKPOLICY_SIOFINISH_B1C2A78C,163,5,6,Parameter,2,7,6,2
scalar_adjacent,M_TASKPOLICY_SIOSTOP_31FA5BA1,164,5,0,Parameter,2,1,4,2
scalar_adjacent,M_TASKPOLICY_SIOSTOP_31FA5BA1,164,8,0,Parameter,2,1,4,2
scalar_adjacent,M_TASKPOLICY_SIOWORKERCONTROL_ABEF18A6,165,3,2,Parameter,2,3,6,2
scalar_adjacent,M_TASKPOLICY_SIOWORKERCONTROL_ABEF18A6,165,20,2,Parameter,2,3,6,2
scalar_adjacent,M_TASKPOLICY_SIOPAUSE_4B7D62A1,166,0,0,Parameter,2,1,4,2
scalar_adjacent,M_TASKPOLICY_SIOCONTROL_0EC256A4,168,7,1,Parameter,2,2,4,4
scalar_adjacent,M_TASKPOLICY_DOSREMOVED_D36757B2,179,9,0,AutomaticFrame,1,1,6,4
scalar_adjacent,M_TASKPOLICY_DOSCONTROL_C7F82CE3,182,0,0,Parameter,2,1,4,4
scalar_adjacent,M_TASKPOLICY_CONSOLESERVICE_C7B70ED2,186,0,0,Parameter,1,1,6,4
scalar_adjacent,M_TASKPOLICY_CONSOLESERVICE_C7B70ED2,186,0,2,Parameter,1,3,4,4
scalar_adjacent,M_TASKPOLICY_CONSOLEPACKETVALID_068AA429,189,0,0,Parameter,2,1,4,2
scalar_adjacent,M_TASKPOLICY_CONSOLEPACKETVALID_068AA429,189,3,3,AutomaticFrame,2,4,4,4
scalar_adjacent,M_TASKPOLICY_CONSOLEPRODUCERCONTROL_28DEB132,191,1,1,Parameter,2,2,4,4
scalar_adjacent,M_TASKPOLICY_CONSOLEPRODUCERCONTROL_28DEB132,191,2,2,Parameter,1,3,6,4
scalar_adjacent,M_TASKPOLICY_CONSOLEBINDCONTROL_DC86D25B,192,0,2,Parameter,2,3,4,4
scalar_adjacent,M_TASKPOLICY_CONSOLEBINDCONTROL_DC86D25B,192,6,0,Parameter,2,1,4,2
scalar_adjacent,M_TASKPOLICY_CONSOLEBINDCONTROL_DC86D25B,192,7,1,Parameter,2,2,4,2
scalar_adjacent,M_TASKPOLICY_CONSOLEBINDCONTROL_DC86D25B,192,9,0,Parameter,2,1,4,4
scalar_adjacent,M_TASKPOLICY_CONSOLEBINDCONTROL_DC86D25B,192,10,0,Parameter,2,1,4,2
scalar_adjacent,M_TASKPOLICY_CONSOLEBINDCONTROL_DC86D25B,192,13,0,Parameter,2,1,4,2
scalar_adjacent,M_TASKPOLICY_CONSOLEWINDOW_CAE7A229,197,0,2,Parameter,4,3,10,8
scalar_adjacent,M_TASKPOLICY_CONSOLEWINDOW_CAE7A229,197,2,2,Parameter,4,3,8,8
scalar_adjacent,M_TASKPOLICY_CONSOLEOPEN_4090447D,203,2,1,AutomaticFrame,1,2,6,4
scalar_adjacent,M_TASKPOLICY_CONSOLEOPEN_4090447D,203,2,4,AutomaticFrame,1,5,6,4
scalar_adjacent,M_TASKPOLICY_CONSOLETAKEARRIVAL_2A1E971F,212,2,5,Parameter,2,6,4,2
scalar_adjacent,M_TASKPOLICY_CONSOLEFINISH_F43924B4,214,12,0,Parameter,2,1,4,2
scalar_adjacent,M_TASKPOLICY_CONSOLESTOP_DAEB4759,218,1,0,Parameter,2,1,4,2
scalar_adjacent,M_TASKPOLICY_CONSOLESTOP_DAEB4759,218,4,0,Parameter,2,1,4,2
scalar_adjacent,M_TASKPOLICY_CONSOLEWORKERCONTROL_3CA89D3E,219,3,2,Parameter,2,3,6,2
scalar_adjacent,M_TASKPOLICY_CONSOLEWORKERCONTROL_3CA89D3E,219,15,2,Parameter,2,3,6,2
scalar_adjacent,M_TASKPOLICY_CONSOLECONTROL_F218511C,221,0,1,Parameter,2,2,4,2
scalar_adjacent,M_TASKPOLICY_CONSOLECONTROL_F218511C,221,2,0,Parameter,2,1,4,4
scalar_adjacent,M_TASKPOLICY_REQUESTVALID_195CAC51,226,0,0,Parameter,1,1,6,4
scalar_adjacent,M_TASKPOLICY_REQUESTVALID_195CAC51,226,1,0,Parameter,2,1,4,4
scalar_adjacent,M_TASKPOLICY_REQUESTVALID_195CAC51,226,4,0,Parameter,2,1,4,2
scalar_adjacent,M_TASKPOLICY_REQUESTVALID_195CAC51,226,5,0,Parameter,2,1,4,2
scalar_adjacent,M_TASKPOLICY_REQUESTVALID_195CAC51,226,6,0,Parameter,2,1,4,4
scalar_adjacent,M_TASKPOLICY_REQUESTVALID_195CAC51,226,10,0,Parameter,2,1,4,2
scalar_adjacent,M_TASKPOLICY_REQUESTVALID_195CAC51,226,11,0,Parameter,2,1,4,2
scalar_adjacent,M_TASKPOLICY_REQUESTVALID_195CAC51,226,8,0,Parameter,1,1,6,4
scalar_adjacent,M_TASKPOLICY_REQUESTVALID_195CAC51,226,13,0,Parameter,1,1,6,4
scalar_adjacent,M_TASKPOLICY_REQUESTVALID_195CAC51,226,14,0,Parameter,1,1,6,4
scalar_adjacent,M_TASKPOLICY_REQUESTVALID_195CAC51,226,12,0,Parameter,2,1,4,4
scalar_adjacent,M_TASKPOLICY_REQUESTVALID_195CAC51,226,17,0,Parameter,2,1,4,2
scalar_adjacent,M_TASKPOLICY_REQUESTVALID_195CAC51,226,18,0,Parameter,2,1,4,2
scalar_adjacent,M_TASKPOLICY_REQUESTVALID_195CAC51,226,15,0,Parameter,1,1,6,4
scalar_adjacent,M_TASKPOLICY_REQUESTVALID_195CAC51,226,21,0,Parameter,2,1,4,4
scalar_adjacent,M_TASKPOLICY_REQUESTVALID_195CAC51,226,22,0,Parameter,1,1,6,4
scalar_adjacent,M_TASKPOLICY_REQUESTVALID_195CAC51,226,24,0,Parameter,1,1,6,4
scalar_adjacent,M_TASKPOLICY_REQUESTVALID_195CAC51,226,26,0,Parameter,2,1,4,4
scalar_adjacent,M_TASKPOLICY_REQUESTVALID_195CAC51,226,28,0,Parameter,2,1,4,2
scalar_adjacent,M_TASKPOLICY_REQUESTVALID_195CAC51,226,25,0,Parameter,1,1,6,4
scalar_adjacent,M_TASKPOLICY_REQUESTVALID_195CAC51,226,30,0,Parameter,1,1,6,4
scalar_adjacent,M_TASKPOLICY_REQUESTVALID_195CAC51,226,32,0,Parameter,2,1,4,4
scalar_adjacent,M_TASKPOLICY_REQUESTVALID_195CAC51,226,34,0,Parameter,2,1,4,2
scalar_adjacent,M_TASKPOLICY_REQUESTVALID_195CAC51,226,37,0,Parameter,2,1,4,2
scalar_adjacent,M_TASKPOLICY_REQUESTVALID_195CAC51,226,31,0,Parameter,1,1,6,4
scalar_adjacent,M_TASKPOLICY_REQUESTVALID_195CAC51,226,40,0,Parameter,1,1,6,4
scalar_adjacent,M_TASKPOLICY_REQUESTVALID_195CAC51,226,42,0,Parameter,2,1,4,4
scalar_adjacent,M_TASKPOLICY_REQUESTVALID_195CAC51,226,44,0,Parameter,2,1,4,2
scalar_adjacent,M_TASKPOLICY_REQUESTVALID_195CAC51,226,45,0,Parameter,2,1,4,2
scalar_adjacent,M_TASKPOLICY_REQUESTVALID_195CAC51,226,48,0,Parameter,2,1,4,4
scalar_adjacent,M_TASKPOLICY_ROUTE_3006B749,227,0,0,Parameter,1,1,6,4
scalar_adjacent,M_TASKPOLICY_ROUTE_3006B749,227,1,2,Parameter,1,3,6,4
scalar_adjacent,M_TASKPOLICY_ROUTE_3006B749,227,3,1,Parameter,2,2,4,4
scalar_adjacent,M_TASKPOLICY_ROUTE_3006B749,227,5,1,Parameter,2,2,4,4
scalar_adjacent,M_TASKPOLICY_ROUTE_3006B749,227,6,0,Parameter,1,1,6,4
scalar_adjacent,M_TASKPOLICY_ROUTE_3006B749,227,7,0,Parameter,1,1,6,4
scalar_adjacent,M_TASKPOLICY_ROUTE_3006B749,227,9,2,Parameter,1,3,6,4
scalar_adjacent,M_TASKPOLICY_ROUTE_3006B749,227,8,0,Parameter,1,1,6,4
scalar_adjacent,M_TASKPOLICY_ROUTE_3006B749,227,10,0,Parameter,1,1,6,4
scalar_adjacent,M_TASKPOLICY_ROUTE_3006B749,227,13,1,Parameter,2,2,4,4
scalar_adjacent,M_TASKPOLICY_ROUTE_3006B749,227,15,1,Parameter,2,2,4,4
scalar_adjacent,M_TASKPOLICY_ROUTE_3006B749,227,16,2,Parameter,1,3,6,4
scalar_adjacent,M_TASKPOLICY_ROUTE_3006B749,227,17,0,Parameter,2,1,4,2
scalar_adjacent,M_TASKPOLICY_ROUTE_3006B749,227,19,3,Parameter,2,4,4,4
scalar_adjacent,M_TASKPOLICY_ROUTE_3006B749,227,21,1,Parameter,2,2,4,4
scalar_adjacent,M_TASKPOLICY_ROUTE_3006B749,227,23,0,Parameter,2,1,4,4
scalar_adjacent,M_TASKPOLICY_ROUTE_3006B749,227,25,1,Parameter,2,2,4,4
scalar_adjacent,M_TASKPOLICY_ROUTE_3006B749,227,29,0,Parameter,2,1,4,4
scalar_adjacent,M_TASKPOLICY_ROUTE_3006B749,227,31,2,Parameter,1,3,6,4
scalar_adjacent,M_TASKPOLICY_ROUTE_3006B749,227,34,1,Parameter,2,2,4,4
scalar_adjacent,M_TASKPOLICY_ROUTE_3006B749,227,35,0,Parameter,2,1,4,2
scalar_adjacent,M_TASKPOLICY_FINISHDISPATCH_46CD5A79,228,0,0,Parameter,2,1,4,2
scalar_adjacent,M_TASKPOLICY_FINISHDISPATCH_46CD5A79,228,2,0,Parameter,2,1,4,2
scalar_adjacent,M_TASKPOLICY_FINISHDISPATCH_46CD5A79,228,6,0,AutomaticFrame,1,1,6,4
scalar_adjacent,M_TASKPOLICY_FINISHDISPATCH_46CD5A79,228,8,1,Parameter,2,2,4,4
scalar_adjacent,M_TASKPOLICY_DISPATCH_2D7B283C,229,0,1,Parameter,1,2,6,4
scalar_adjacent,M_TASKPOLICY_DISPATCH_2D7B283C,229,2,4,Parameter,2,5,4,4
scalar_adjacent,M_TASKPOLICY_DISPATCH_2D7B283C,229,14,1,Parameter,2,2,4,4
scalar_adjacent,M_TASKPOLICY_DISPATCH_2D7B283C,229,10,0,Parameter,1,1,6,4
scalar_adjacent,M_TASKPOLICY_DISPATCH_2D7B283C,229,15,2,Parameter,1,3,6,4
scalar_adjacent,M_TASKPOLICY_DISPATCH_2D7B283C,229,16,0,Parameter,1,1,6,4
scalar_adjacent,M_TASKPOLICY_DISPATCH_2D7B283C,229,17,2,Parameter,1,3,6,4
scalar_adjacent,M_TASKPOLICY_DISPATCH_2D7B283C,229,18,0,Parameter,1,1,6,4
scalar_adjacent,M_TASKPOLICY_DISPATCH_2D7B283C,229,19,2,Parameter,1,3,6,4
scalar_adjacent,M_TASKPOLICY_DISPATCH_2D7B283C,229,20,2,Parameter,1,3,6,4
scalar_adjacent,M_CONSOLECORE_EXTENT_83D9960B,256,0,4,Parameter,4,5,8,8
scalar_adjacent,M_CONSOLECORE_EXTENT_83D9960B,256,2,0,AutomaticFrame,4,1,8,8
scalar_adjacent,M_CONSOLECORE_EXTENT_83D9960B,256,4,0,AutomaticFrame,4,1,8,8
scalar_adjacent,M_CONSOLECORE_EXTENT_83D9960B,256,5,1,AutomaticFrame,4,2,8,8
scalar_adjacent,M_CONSOLECORE_EXTENT_83D9960B,256,6,1,AutomaticFrame,4,2,8,8
scalar_adjacent,M_CONSOLECORE_EXTENT_83D9960B,256,7,1,AutomaticFrame,4,2,8,8
scalar_adjacent,M_CONSOLECORE_INIT_F63331F9,257,0,0,Parameter,2,1,4,2
scalar_adjacent,M_CONSOLECORE_INIT_F63331F9,257,2,0,Parameter,2,1,4,2
scalar_adjacent,M_CONSOLECORE_INIT_F63331F9,257,3,0,Parameter,2,1,4,4
scalar_adjacent,M_CONSOLECORE_INIT_F63331F9,257,4,0,Parameter,2,1,4,4
scalar_adjacent,M_CONSOLECORE_INIT_F63331F9,257,6,0,Parameter,2,1,4,2
scalar_adjacent,M_CONSOLECORE_INIT_F63331F9,257,7,0,Parameter,2,1,4,4
scalar_adjacent,M_CONSOLECORE_INIT_F63331F9,257,10,0,Parameter,2,1,4,4
scalar_adjacent,M_CONSOLECORE_INIT_F63331F9,257,8,2,Parameter,4,3,8,8
scalar_adjacent,M_CONSOLECORE_INIT_F63331F9,257,13,4,Parameter,2,5,4,4
scalar_adjacent,M_CONSOLECORE_INIT_F63331F9,257,13,7,Parameter,2,8,4,4
scalar_adjacent,M_CONSOLECORE_DIRTY_4A63B073,258,1,1,Parameter,2,2,4,4
scalar_adjacent,M_CONSOLECORE_DIRTY_4A63B073,258,3,1,Parameter,2,2,4,4
scalar_adjacent,M_CONSOLECORE_EDITQUANTUM_E6CDEC54,259,2,8,AutomaticFrame,2,9,4,2
scalar_adjacent,M_CONSOLECORE_EDITQUANTUM_E6CDEC54,259,9,0,AutomaticFrame,2,1,4,4
scalar_adjacent,M_CONSOLECORE_EDITQUANTUM_E6CDEC54,259,14,5,AutomaticFrame,2,6,4,4
scalar_adjacent,M_CONSOLECORE_CHARACTER_94A5011A,261,16,1,AutomaticFrame,2,2,4,4
scalar_adjacent,M_CONSOLECORE_FEED_287D49E7,262,5,0,AutomaticFrame,2,1,4,4
scalar_adjacent,M_CONSOLEWINDOWS_FIND_07AFDE1C,265,0,2,Parameter,4,3,10,8
scalar_adjacent,M_CONSOLEWINDOWS_FIND_07AFDE1C,265,2,2,Parameter,4,3,8,8
scalar_adjacent,M_CONSOLEFOREGROUND_ALLOCATE_F1C749CC,273,9,15,Parameter,4,16,8,8
scalar_adjacent,M_CONSOLEFOREGROUND_ALLOCATE_F1C749CC,273,9,18,Parameter,1,19,6,4
scalar_adjacent,M_CONSOLEFOREGROUND_REGISTER_0F2DE106,274,2,1,AutomaticFrame,4,2,8,8
scalar_adjacent,M_CONSOLEFOREGROUND_REGISTER_0F2DE106,274,2,4,AutomaticFrame,4,5,8,8
scalar_adjacent,M_CONSOLEFOREGROUND_BEGIN_4DD9FFD0,277,9,1,AutomaticFrame,4,2,8,8
scalar_adjacent,M_CONSOLEFOREGROUND_BEGIN_4DD9FFD0,277,9,15,AutomaticFrame,4,16,8,8
scalar_adjacent,M_CONSOLEFOREGROUND_BEGIN_4DD9FFD0,277,10,0,AutomaticFrame,4,1,8,8
scalar_adjacent,M_CONSOLEFOREGROUND_RESOLVE_9B8D664B,279,0,0,Parameter,4,1,8,8
scalar_adjacent,M_CONSOLEFOREGROUND_RESOLVE_9B8D664B,279,2,2,Parameter,4,3,10,8
scalar_adjacent,M_CONSOLEFOREGROUND_RESOLVE_9B8D664B,279,2,8,Parameter,4,9,8,8
scalar_adjacent,M_CONSOLEFOREGROUND_DELIVER_8D52BBDC,280,0,0,Parameter,4,1,8,8
scalar_adjacent,M_CONSOLEFOREGROUND_DELIVER_8D52BBDC,280,2,2,Parameter,4,3,10,8
scalar_adjacent,M_CONSOLEFOREGROUND_DELIVER_8D52BBDC,280,9,2,Parameter,4,3,8,8
scalar_adjacent,M_CONSOLEFOREGROUND_PUMP_9EB36759,281,5,0,AutomaticFrame,4,1,8,8
scalar_adjacent,M_CONSOLEINPUT_DECODE_A428056C,286,0,5,Parameter,4,6,10,8
scalar_adjacent,M_CONSOLEINPUT_DECODE_A428056C,286,0,9,Parameter,4,10,10,8
scalar_adjacent,M_CONSOLEINPUT_DECODE_A428056C,286,1,2,AutomaticFrame,2,3,4,4
scalar_adjacent,M_CONSOLEINPUT_DECODE_A428056C,286,3,2,AutomaticFrame,2,3,4,4
scalar_adjacent,M_CONSOLEINPUT_DECODE_A428056C,286,2,3,AutomaticFrame,2,4,4,4
scalar_adjacent,M_CONSOLEINPUT_DECODE_A428056C,286,2,6,AutomaticFrame,2,7,4,4
scalar_adjacent,M_CONSOLEINPUT_DECODE_A428056C,286,8,0,AutomaticFrame,1,1,6,4
scalar_adjacent,M_CONSOLEINPUT_DECODE_A428056C,286,12,0,AutomaticFrame,1,1,6,4
scalar_adjacent,M_CONSOLEINPUT_DECODE_A428056C,286,14,0,AutomaticFrame,1,1,6,4
scalar_adjacent,M_CONSOLEINPUT_DECODE_A428056C,286,14,4,AutomaticFrame,1,5,4,4
scalar_adjacent,M_CONSOLEINPUT_DECODE_A428056C,286,15,0,AutomaticFrame,1,1,6,4
scalar_adjacent,M_CONSOLEINPUT_DECODE_A428056C,286,17,0,AutomaticFrame,1,1,6,4
scalar_adjacent,M_CONSOLEINPUT_DECODE_A428056C,286,19,0,AutomaticFrame,1,1,6,4
scalar_adjacent,M_CONSOLEINPUT_DECODE_A428056C,286,16,0,AutomaticFrame,1,1,6,4
scalar_adjacent,M_CONSOLEINPUT_DECODE_A428056C,286,22,0,AutomaticFrame,1,1,6,4
scalar_adjacent,M_CONSOLEINPUT_DECODE_A428056C,286,24,2,AutomaticFrame,1,3,4,4
scalar_adjacent,M_CONSOLEINPUT_DECODE_A428056C,286,25,0,AutomaticFrame,1,1,6,4
scalar_adjacent,M_CONSOLEINPUT_DELIVER_8B43A137,287,3,1,Parameter,4,2,8,8
scalar_adjacent,M_CONSOLEDISPLAY_GLYPH_DCC4F92E,292,0,2,Parameter,1,3,6,4
scalar_adjacent,M_CONSOLEDISPLAY_LISTVALID_C50FC922,293,0,0,Parameter,2,1,4,2
scalar_adjacent,M_CONSOLEDISPLAY_LISTVALID_C50FC922,293,2,0,Parameter,2,1,4,4
scalar_adjacent,M_CONSOLEDISPLAY_LISTVALID_C50FC922,293,3,1,Parameter,2,2,4,2
scalar_adjacent,M_CONSOLEDISPLAY_LISTVALID_C50FC922,293,4,0,Parameter,2,1,4,2
scalar_adjacent,M_CONSOLEDISPLAY_LISTVALID_C50FC922,293,4,2,Parameter,2,3,4,2
scalar_adjacent,M_CONSOLEDISPLAY_LISTVALID_C50FC922,293,11,6,Parameter,2,7,4,4
scalar_adjacent,M_CONSOLEDISPLAY_LISTVALID_C50FC922,293,20,6,Parameter,2,7,4,4
scalar_adjacent,M_CONSOLEDISPLAY_COPYSCREEN_6781A699,296,4,0,AutomaticFrame,2,1,4,4
scalar_adjacent,M_CONSOLEDISPLAY_POSITION_5668E3AD,299,0,0,Parameter,2,1,4,4
scalar_adjacent,M_CONSOLEDISPLAY_POSITION_5668E3AD,299,0,2,Parameter,2,3,4,4
scalar_adjacent,M_CONSOLEDISPLAY_POSITION_5668E3AD,299,0,5,Parameter,2,6,4,4
scalar_adjacent,M_CONSOLEDISPLAY_CURSOR_3EC7579C,300,6,21,AutomaticFrame,2,22,4,4
scalar_adjacent,M_CONSOLEDISPLAY_CELLS_58FB51DD,301,13,0,AutomaticFrame,2,1,4,4
scalar_adjacent,M_CONSOLEDISPLAY_CELLS_58FB51DD,301,18,0,AutomaticFrame,2,1,4,4
scalar_adjacent,M_CONSOLEDISPLAY_ERASE_7308FAA4,303,8,2,AutomaticFrame,2,3,6,2
scalar_adjacent,M_CONSOLEDRIVER_MAPPED_DAA6A481,308,3,8,Parameter,4,9,10,8
scalar_adjacent,M_CONSOLEDRIVER_MAPPED_DAA6A481,308,3,14,AutomaticFrame,2,15,4,2
scalar_adjacent,M_CONSOLEDRIVER_MAPPED_DAA6A481,308,6,0,AutomaticFrame,2,1,4,2
scalar_adjacent,M_CONSOLEDRIVER_WRITEQUANTUM_AEE13626,311,5,1,AutomaticFrame,1,2,6,4
scalar_adjacent,M_CONSOLEDRIVER_WRITEQUANTUM_AEE13626,311,18,9,AutomaticFrame,2,10,4,4
scalar_adjacent,M_CONSOLEDRIVER_READQUANTUM_10EBF725,312,14,3,AutomaticFrame,2,4,6,4
scalar_adjacent,M_PORTCORE_CREATEMSGPORT_A47550A3,320,4,9,AutomaticFrame,1,10,6,4
scalar_adjacent,M_SIODRIVER_SIOMAPPED_D1D9A9D6,332,3,8,Parameter,4,9,10,8
scalar_adjacent,M_SIODRIVER_SIOMAPPED_D1D9A9D6,332,3,14,AutomaticFrame,2,15,4,2
scalar_adjacent,M_SIODRIVER_SIOMAPPED_D1D9A9D6,332,6,0,AutomaticFrame,2,1,4,2
scalar_adjacent,M_SIODRIVER_DEADLINETICKS_83CDA5CA,335,1,1,Parameter,2,2,4,2
scalar_adjacent,M_SIODRIVER_HARDWAREINIT_3568BDA6,337,4,0,AutomaticFrame,1,1,6,4
scalar_adjacent,M_SIODRIVER_HARDWAREINIT_3568BDA6,337,6,0,AutomaticFrame,1,1,6,4
scalar_adjacent,M_IOCORE_OPENDEVICE_A2787528,345,2,3,Parameter,4,4,8,8
scalar_adjacent,M_IOCORE_CREATEIOREQUEST_DE10015D,348,2,0,Parameter,4,1,8,8
scalar_adjacent,M_IOCORE_CREATEIOREQUEST_DE10015D,348,3,0,Parameter,4,1,8,8
scalar_adjacent,M_IOCORE_CREATEIOREQUEST_DE10015D,348,4,0,Parameter,4,1,8,4
scalar_adjacent,M_FSOPERATION_CANCELLABLE_CAA34525,357,0,0,Parameter,4,1,8,8
scalar_adjacent,M_FSOPERATION_CANCELLABLE_CAA34525,357,0,2,Parameter,4,3,10,8
scalar_adjacent,M_FSOPERATION_CANCELLABLE_CAA34525,357,0,5,Parameter,4,6,10,8
scalar_adjacent,M_FSOPERATION_CANCELLABLE_CAA34525,357,0,8,Parameter,4,9,10,8
scalar_adjacent,M_FSOPERATION_CANCELLABLE_CAA34525,357,0,11,Parameter,4,12,10,8
scalar_adjacent,M_FSOPERATION_CANCELLABLE_CAA34525,357,0,14,Parameter,4,15,10,8
scalar_adjacent,M_FSOPERATION_UNLINK_B5280A26,363,2,0,AutomaticFrame,1,1,6,4
scalar_adjacent,M_FSOPERATION_PUMP_B18C8A95,367,3,0,AutomaticFrame,1,1,6,4
scalar_adjacent,M_DOSCLIENT_SETERROR_F2B11A26,369,0,1,Parameter,4,2,8,8
scalar_adjacent,M_DOSCLIENT_CALL_35DB3B22,375,8,3,Parameter,4,4,8,8
scalar_adjacent,M_DOSCLIENT_CALL_35DB3B22,375,8,10,Parameter,4,11,10,8
scalar_adjacent,M_DOSCLIENT_CALL_35DB3B22,375,13,2,AutomaticFrame,4,3,8,8
scalar_adjacent,M_DOSCLIENT_CALL_35DB3B22,375,13,6,Parameter,4,7,10,8
scalar_adjacent,M_DOSCLIENT_CALL_35DB3B22,375,16,0,Parameter,4,1,8,8
scalar_adjacent,M_DOSCLIENT_CALL_35DB3B22,375,28,3,Parameter,4,4,8,8
scalar_adjacent,M_DOSCLIENT_CALL_35DB3B22,375,29,0,Parameter,4,1,8,8
scalar_adjacent,M_DOSCLIENT_CALL_35DB3B22,375,30,0,AutomaticFrame,4,1,8,8
scalar_adjacent,M_BLOCKWIRE_TRANSFER_0A2F17CC,380,11,0,AutomaticFrame,4,1,8,8
scalar_adjacent,M_BLOCKWIRE_TRANSFER_0A2F17CC,380,13,0,AutomaticFrame,2,1,4,2
scalar_adjacent,M_BLOCKIO_GEOMETRY_4529DFEE,381,0,0,Parameter,2,1,4,2
scalar_adjacent,M_BLOCKIO_GEOMETRY_4529DFEE,381,2,0,Parameter,2,1,4,4
scalar_adjacent,M_BLOCKIO_GEOMETRY_4529DFEE,381,3,0,Parameter,4,1,8,8
scalar_adjacent,M_BLOCKIO_GEOMETRY_4529DFEE,381,4,0,Parameter,4,1,8,8
scalar_adjacent,M_BLOCKIO_GEOMETRY_4529DFEE,381,5,0,Parameter,4,1,8,8
scalar_adjacent,M_BLOCKIO_GEOMETRY_4529DFEE,381,8,0,Parameter,2,1,4,2
scalar_adjacent,M_BLOCKIO_GEOMETRY_4529DFEE,381,9,0,Parameter,2,1,4,2
scalar_adjacent,M_BLOCKIO_GEOMETRY_4529DFEE,381,10,0,Parameter,2,1,4,2
scalar_adjacent,M_BLOCKIO_GEOMETRY_4529DFEE,381,11,0,Parameter,2,1,4,2
scalar_adjacent,M_BLOCKIO_GEOMETRY_4529DFEE,381,13,0,Parameter,2,1,4,2
scalar_adjacent,M_BLOCKIO_GEOMETRY_4529DFEE,381,12,0,Parameter,2,1,4,2
scalar_adjacent,M_BLOCKIO_GEOMETRY_4529DFEE,381,15,0,Parameter,2,1,4,2
scalar_adjacent,M_BLOCKIO_SECTORBYTES_B8369631,382,2,0,Parameter,4,1,8,8
scalar_adjacent,M_BLOCKIO_SECTORBYTES_B8369631,382,5,0,Parameter,4,1,8,8
scalar_adjacent,M_BLOCKIO_SECTORBYTES_B8369631,382,10,0,Parameter,4,1,8,8
scalar_adjacent,M_BLOCKIO_MAPPED_A9EEA713,383,0,0,Parameter,4,1,8,8
scalar_adjacent,M_BLOCKIO_MAPPED_A9EEA713,383,5,8,Parameter,4,9,10,8
scalar_adjacent,M_BLOCKIO_MAPPED_A9EEA713,383,5,14,AutomaticFrame,2,15,4,2
scalar_adjacent,M_BLOCKIO_MAPPED_A9EEA713,383,8,0,AutomaticFrame,2,1,4,2
scalar_adjacent,M_BLOCKIO_ATTACH_A1159825,388,3,5,Parameter,4,6,10,8
scalar_adjacent,M_BLOCKIO_ATTACH_A1159825,388,7,13,Parameter,4,14,8,8
scalar_adjacent,M_BLOCKIO_ATTACH_A1159825,388,7,16,Parameter,2,17,4,4
scalar_adjacent,M_BLOCKIO_ATTACH_A1159825,388,7,19,Parameter,1,20,6,4
scalar_adjacent,M_BLOCKIO_ATTACH_A1159825,388,7,22,Parameter,4,23,8,8
scalar_adjacent,M_BLOCKIO_CACHED_7ABF0DB0,391,4,2,Parameter,4,3,8,8
scalar_adjacent,M_BLOCKIO_PUBLISH_42B93901,392,0,5,Parameter,4,6,8,8
scalar_adjacent,M_BLOCKIO_PUBLISH_42B93901,392,0,17,Parameter,2,18,6,4
scalar_adjacent,M_BLOCKIO_PREPARE_810BFFA1,393,0,29,Parameter,4,30,8,8
scalar_adjacent,M_BLOCKIO_COMPLETE_80F6A54F,394,0,10,Parameter,4,11,10,8
scalar_adjacent,M_BLOCKIO_COMPLETE_80F6A54F,394,4,0,Parameter,2,1,4,2
scalar_adjacent,M_BLOCKIO_CHECK_A5B41A2A,395,2,1,Parameter,4,2,8,8
scalar_adjacent,M_BLOCKIO_CHECK_A5B41A2A,395,7,2,Parameter,4,3,8,8
scalar_adjacent,M_BLOCKIO_BEGINFETCH_6B9D7F07,396,0,2,Parameter,4,3,8,8
scalar_adjacent,M_BLOCKIO_FINISHFETCH_D55D2AA5,397,0,1,Parameter,4,2,8,8
scalar_adjacent,M_BLOCKIO_FINISHFETCH_D55D2AA5,397,0,7,Parameter,4,8,8,8
scalar_adjacent,M_BLOCKIO_FINISHFETCH_D55D2AA5,397,1,3,AutomaticFrame,2,4,4,4
scalar_adjacent,M_BLOCKIO_FETCH_124BDACE,398,0,2,Parameter,4,3,8,8
scalar_adjacent,M_BLOCKIO_READSECTOR_D918C668,399,0,1,Parameter,4,2,8,8
scalar_adjacent,M_BLOCKIO_READSECTOR_D918C668,399,5,2,Parameter,4,3,8,8
scalar_adjacent,M_MYDOSNAMES_LEGAL_C9AD70C6,400,0,0,Parameter,1,1,6,4
scalar_adjacent,M_MYDOSNAMES_LEGAL_C9AD70C6,400,1,0,Parameter,1,1,6,4
scalar_adjacent,M_MYDOSNAMES_LEGAL_C9AD70C6,400,2,0,Parameter,1,1,6,4
scalar_adjacent,M_MYDOSNAMES_LEGAL_C9AD70C6,400,4,0,Parameter,1,1,6,4
scalar_adjacent,M_MYDOSNAMES_LEGAL_C9AD70C6,400,5,0,Parameter,1,1,6,4
scalar_adjacent,M_MYDOSNAMES_LEGAL_C9AD70C6,400,7,0,Parameter,1,1,6,4
scalar_adjacent,M_MYDOSNAMES_FOLD_297622C6,401,0,0,Parameter,1,1,6,4
scalar_adjacent,M_MYDOSNAMES_FOLD_297622C6,401,1,0,Parameter,1,1,6,4
scalar_adjacent,M_MYDOSNAMES_FOLD_297622C6,401,3,0,Parameter,1,1,6,4
scalar_adjacent,M_FSNAMES_STREAM_12DD2A4A,405,0,0,Parameter,2,1,4,2
scalar_adjacent,M_FSNAMES_STREAM_12DD2A4A,405,2,0,Parameter,2,1,4,2
scalar_adjacent,M_FSNAMES_MAPPED_324F42A3,406,1,0,AutomaticFrame,4,1,8,8
scalar_adjacent,M_FSNAMES_MAPPED_324F42A3,406,4,0,AutomaticFrame,4,1,8,8
scalar_adjacent,M_FSNAMES_MAPPED_324F42A3,406,5,1,AutomaticFrame,4,2,8,8
scalar_adjacent,M_FSNAMES_MAPPED_324F42A3,406,2,1,Parameter,4,2,8,8
scalar_adjacent,M_FSNAMES_PATH_CFBF830F,407,5,3,AutomaticFrame,2,4,6,4
scalar_adjacent,M_FSNAMES_ALIAS_A2F2B006,408,1,0,Parameter,2,1,4,2
scalar_adjacent,M_FSNAMES_VALIDALIAS_36EB4E14,410,5,0,AutomaticFrame,1,1,6,4
scalar_adjacent,M_DOSSTREAMS_VALIDMODE_6A43AE29,411,0,0,Parameter,4,1,8,8
scalar_adjacent,M_DOSSTREAMS_VALIDMODE_6A43AE29,411,0,2,Parameter,4,3,10,8
scalar_adjacent,M_DOSSTREAMS_VALIDMODE_6A43AE29,411,0,5,Parameter,4,6,10,8
scalar_adjacent,M_DOSSTREAMS_VALIDBUFFER_D67D80FE,412,0,0,Parameter,4,1,8,8
scalar_adjacent,M_DOSSTREAMS_VALIDBUFFER_D67D80FE,412,2,0,Parameter,4,1,8,8
scalar_adjacent,M_DOSSTREAMS_TRANSFERNIL_E7EA5C2C,414,0,3,Parameter,4,4,8,8
scalar_adjacent,M_DOSRAW_UNITREGISTRY_DD0D5704,417,0,0,Parameter,4,1,8,8
scalar_adjacent,M_DOSRAW_INITIALIZE_D871F7B7,420,0,17,Parameter,4,18,8,8
scalar_adjacent,M_DOSRAW_INITIALIZE_D871F7B7,420,0,20,Parameter,4,21,8,8
scalar_adjacent,M_DOSRAW_ACQUIRE_CC49A145,422,0,0,Parameter,4,1,8,8
scalar_adjacent,M_DOSRAW_ACQUIRE_CC49A145,422,1,5,Parameter,4,6,8,8
scalar_adjacent,M_DOSRAW_ACQUIRE_CC49A145,422,11,2,Parameter,4,3,8,8
scalar_adjacent,M_DOSRAW_ACQUIRE_CC49A145,422,12,5,AutomaticFrame,2,6,4,2
scalar_adjacent,M_DOSRAW_ACQUIRE_CC49A145,422,15,0,AutomaticFrame,2,1,4,2
scalar_adjacent,M_DOSRAW_OPENSIZED_F1E27B78,423,2,0,Parameter,4,1,8,8
scalar_adjacent,M_DOSRAW_OPENSIZED_F1E27B78,423,4,3,Parameter,1,4,6,4
scalar_adjacent,M_DOSRAW_OPEN_5F7F2547,424,0,1,Parameter,4,2,8,4
scalar_adjacent,M_DOSRAW_VALIDEXTENT_84EF7CCB,425,0,1,Parameter,4,2,8,8
scalar_adjacent,M_DOSRAW_VALIDEXTENT_84EF7CCB,425,2,0,Parameter,4,1,8,8
scalar_adjacent,M_DOSRAW_PREPARE_F51F1B68,427,2,1,Parameter,4,2,8,8
scalar_adjacent,M_DOSRAW_PREPARE_F51F1B68,427,4,0,Parameter,4,1,8,8
scalar_adjacent,M_DOSRAW_PREPARE_F51F1B68,427,15,2,Parameter,1,3,6,4
scalar_adjacent,M_DOSRAW_FINISH_BB47E14C,428,2,16,Parameter,1,17,6,4
scalar_adjacent,M_DOSRAW_COMPLETE_0FD428DA,429,2,13,Parameter,2,14,4,2
scalar_adjacent,M_DOSRAW_COMPLETE_0FD428DA,429,4,0,Parameter,2,1,4,2
scalar_adjacent,M_DOSRAW_COMPLETE_0FD428DA,429,6,1,AutomaticFrame,4,2,8,8
scalar_adjacent,M_DOSRAW_COMPLETE_0FD428DA,429,8,0,Parameter,2,1,4,2
scalar_adjacent,M_DOSRAW_COMPLETE_0FD428DA,429,9,1,AutomaticFrame,4,2,8,8
scalar_adjacent,M_DOSRAW_COMPLETE_0FD428DA,429,13,0,AutomaticFrame,4,1,8,8
scalar_adjacent,M_DOSRAW_COMPLETE_0FD428DA,429,15,1,AutomaticFrame,4,2,8,8
scalar_adjacent,M_DOSRAW_COMPLETE_0FD428DA,429,10,2,AutomaticFrame,1,3,6,4
scalar_adjacent,M_DOSRAW_COMPLETE_0FD428DA,429,10,4,AutomaticFrame,4,5,8,8
scalar_adjacent,M_DOSRAW_COMPLETE_0FD428DA,429,10,6,AutomaticFrame,4,7,8,8
scalar_adjacent,M_DOSRAW_COMPLETE_0FD428DA,429,17,0,AutomaticFrame,4,1,8,8
scalar_adjacent,M_DOSRAW_COMPLETE_0FD428DA,429,18,0,AutomaticFrame,4,1,8,8
scalar_adjacent,M_DOSRAW_CLOSESIZED_2208AD92,431,15,2,AutomaticFrame,4,3,10,8
scalar_adjacent,M_DOSRAW_CLOSESIZED_2208AD92,431,16,0,AutomaticFrame,4,1,8,8
scalar_adjacent,M_COOKEDLINE_LOSE_A2B86A77,436,0,5,Parameter,4,6,10,8
scalar_adjacent,M_COOKEDLINE_DRAIN_A743CD2C,438,0,0,Parameter,2,1,4,2
scalar_adjacent,M_COOKEDLINE_DRAIN_A743CD2C,438,7,5,Parameter,2,6,4,2
scalar_adjacent,M_DOSCOOKED_OPEN_FB0901F4,441,2,1,Parameter,4,2,8,4
scalar_adjacent,M_DOSCOOKED_WIRE_7D812E8B,443,5,7,AutomaticFrame,2,8,4,2
scalar_adjacent,M_DOSCOOKED_WIRE_7D812E8B,443,7,0,AutomaticFrame,2,1,4,2
scalar_adjacent,M_DOSCOOKED_WIRE_7D812E8B,443,9,0,AutomaticFrame,4,1,8,8
scalar_adjacent,M_DOSCOOKED_WIRE_7D812E8B,443,11,0,AutomaticFrame,4,1,8,8
scalar_adjacent,M_DOSCOOKED_WIRE_7D812E8B,443,11,2,AutomaticFrame,4,3,8,8
scalar_adjacent,M_DOSCOOKED_BEGIN_9BFE5F7B,444,0,14,AutomaticFrame,2,15,4,2
scalar_adjacent,M_DOSCOOKED_BEGIN_9BFE5F7B,444,2,4,AutomaticFrame,2,5,6,2
scalar_adjacent,M_DOSCOOKED_BEGIN_9BFE5F7B,444,6,0,AutomaticFrame,2,1,4,2
scalar_adjacent,M_DOSCOOKED_BEGIN_9BFE5F7B,444,4,0,AutomaticFrame,2,1,4,2
scalar_adjacent,M_DOSCOOKED_BEGIN_9BFE5F7B,444,7,1,AutomaticFrame,2,2,4,2
scalar_adjacent,M_DOSCOOKED_READ_AAA4E8F8,447,2,1,Parameter,4,2,8,8
scalar_adjacent,M_DOSCOOKED_READ_AAA4E8F8,447,4,0,Parameter,4,1,8,8
scalar_adjacent,M_DOSCOOKED_READ_AAA4E8F8,447,6,1,Parameter,4,2,8,8
scalar_adjacent,M_DOSCOOKED_READ_AAA4E8F8,447,8,2,AutomaticFrame,2,3,4,4
scalar_adjacent,M_DOSCOOKED_READ_AAA4E8F8,447,12,10,AutomaticFrame,4,11,8,8
scalar_adjacent,M_DOSCOOKED_READ_AAA4E8F8,447,13,0,AutomaticFrame,4,1,8,8
scalar_adjacent,M_DOSCOOKED_READ_AAA4E8F8,447,14,2,AutomaticFrame,2,3,4,4
scalar_adjacent,M_DOSCOOKED_READ_AAA4E8F8,447,10,1,AutomaticFrame,4,2,8,8
scalar_adjacent,M_DOSCOOKED_READ_AAA4E8F8,447,16,2,AutomaticFrame,4,3,10,8
scalar_adjacent,M_DOSBREAK_BEGIN_A70D4CB3,449,16,0,AutomaticFrame,1,1,6,4
scalar_adjacent,M_FSREGISTRY_LOOKUP_AD8B60C1,458,9,2,Parameter,2,3,4,4
scalar_adjacent,M_FSREGISTRY_FINDOBJECT_780CC443,459,0,2,Parameter,1,3,6,4
scalar_adjacent,M_FSPORTS_CREATE_D9675AD2,475,2,8,Parameter,1,9,6,4
scalar_adjacent,M_MYDOS_DATASECTOR_95277D3B,478,0,0,Parameter,4,1,8,8
scalar_adjacent,M_MYDOS_DATASECTOR_95277D3B,478,3,0,Parameter,4,1,8,8
scalar_adjacent,M_MYDOS_DATASECTOR_95277D3B,478,5,0,Parameter,4,1,8,8
scalar_adjacent,M_MYDOS_VALIDDIRECTORY_1CF8F62E,479,2,1,AutomaticFrame,4,2,8,8
scalar_adjacent,M_MYDOS_EXTENT_5BCD29B5,480,6,0,AutomaticFrame,4,1,8,8
scalar_adjacent,M_MYDOS_EXTENT_5BCD29B5,480,5,0,AutomaticFrame,4,1,8,8
scalar_adjacent,M_MYDOS_EXTENT_5BCD29B5,480,9,0,AutomaticFrame,4,1,8,8
scalar_adjacent,M_MYDOS_EXTENT_5BCD29B5,480,10,9,AutomaticFrame,4,10,8,8
scalar_adjacent,M_MYDOS_EXTENT_5BCD29B5,480,12,5,AutomaticFrame,4,6,8,8
scalar_adjacent,M_MYDOS_HEADER_A95A323A,481,2,27,AutomaticFrame,2,28,4,2
scalar_adjacent,M_MYDOS_HEADER_A95A323A,481,4,1,AutomaticFrame,2,2,4,2
scalar_adjacent,M_MYDOS_HEADER_A95A323A,481,5,2,AutomaticFrame,4,3,10,8
scalar_adjacent,M_MYDOS_DECODE_69B6DF25,486,0,5,Parameter,1,6,6,4
scalar_adjacent,M_MYDOS_DECODE_69B6DF25,486,0,8,Parameter,2,9,4,4
scalar_adjacent,M_MYDOS_BEGINENTRY_95F170F4,489,2,0,Parameter,1,1,6,4
scalar_adjacent,M_MYDOS_BEGINENTRY_95F170F4,489,4,0,Parameter,2,1,4,2
scalar_adjacent,M_MYDOS_BEGINENTRY_95F170F4,489,5,2,Parameter,2,3,6,4
scalar_adjacent,M_MYDOS_BEGINENTRY_95F170F4,489,6,1,Parameter,2,2,4,4
scalar_adjacent,M_MYDOS_BEGINENTRY_95F170F4,489,6,4,Parameter,1,5,6,4
scalar_adjacent,M_MYDOS_BEGINENTRY_95F170F4,489,6,8,Parameter,1,9,6,4
scalar_adjacent,M_MYDOS_GETENTRY_7D00AFBD,490,0,2,Parameter,1,3,6,4
scalar_adjacent,M_MYDOS_DESCEND_C497F8DD,494,8,0,AutomaticFrame,4,1,8,8
scalar_adjacent,M_FSRELATIVE_VALIDATE_0372B7FC,518,27,0,AutomaticFrame,4,1,8,8
scalar_adjacent,M_FSRELATIVE_BEGIN_CB9D8F8D,522,3,0,AutomaticFrame,4,1,8,8
scalar_adjacent,M_FSRELATIVE_BEGIN_CB9D8F8D,522,5,3,AutomaticFrame,4,4,10,8
scalar_adjacent,M_FSRELATIVE_BEGIN_CB9D8F8D,522,10,1,AutomaticFrame,4,2,8,8
scalar_adjacent,M_FSINFO_FILL_CDFFBE8F,527,0,3,Parameter,4,4,8,8
scalar_adjacent,M_FSINFO_SAVE_B1E7031F,528,0,17,Parameter,1,18,6,4
scalar_adjacent,M_MYDOSFILE_TRAILER_58DD2DFC,533,0,15,AutomaticFrame,2,16,4,2
scalar_adjacent,M_MYDOSFILE_TRAILER_58DD2DFC,533,0,27,AutomaticFrame,2,28,4,2
scalar_adjacent,M_MYDOSFILE_TRAILER_58DD2DFC,533,3,0,AutomaticFrame,2,1,4,4
scalar_adjacent,M_MYDOSFILE_TRAILER_58DD2DFC,533,6,0,AutomaticFrame,2,1,4,2
scalar_adjacent,M_MYDOSFILE_TRAILER_58DD2DFC,533,4,1,AutomaticFrame,2,2,4,4
scalar_adjacent,M_MYDOSFILE_TRAILER_58DD2DFC,533,4,4,AutomaticFrame,2,5,4,2
scalar_adjacent,M_MYDOSFILE_FAIL_8A60C23B,536,0,2,Parameter,4,3,10,8
scalar_adjacent,M_MYDOSFILE_TARGET_3D0FAE04,542,2,2,Parameter,4,3,8,8
scalar_adjacent,M_MYDOSFILE_LOCATE_F172D4F1,544,0,11,AutomaticFrame,4,12,8,8
scalar_adjacent,M_MYDOSFILE_COPY_B45932A2,545,1,0,Parameter,2,1,4,2
scalar_adjacent,M_MYDOSFILE_CONSUME_CDF927EF,546,2,0,AutomaticFrame,2,1,4,2
scalar_adjacent,M_MYDOSFILE_CONSUME_CDF927EF,546,3,1,AutomaticFrame,2,2,4,4
scalar_adjacent,M_FSHANDLER_READSTEP_5B9B1990,576,0,7,AutomaticFrame,1,8,6,2
scalar_adjacent,M_FSHANDLER_SEEKSTEP_90261C60,577,0,7,AutomaticFrame,1,8,6,2
scalar_adjacent,M_FSHANDLER_DISPATCHSTEP_D149BF3A,578,0,14,AutomaticFrame,4,15,8,8
scalar_adjacent,M_FSHANDLER_DISPATCHSTEP_D149BF3A,578,2,0,AutomaticFrame,4,1,8,8
scalar_adjacent,M_FSHANDLER_MEDIASTEP_8DCF2858,579,1,0,AutomaticFrame,4,1,8,8
scalar_adjacent,M_FSHANDLER_ACTIONSTEP_7D527A4E,580,2,0,AutomaticFrame,4,1,8,8
scalar_adjacent,M_FSHANDLER_ACTIONSTEP_7D527A4E,580,4,0,AutomaticFrame,4,1,8,8
scalar_adjacent,M_FSHANDLER_ACTIONSTEP_7D527A4E,580,6,0,AutomaticFrame,4,1,8,8
scalar_adjacent,M_FSHANDLER_ACTIONSTEP_7D527A4E,580,7,0,AutomaticFrame,4,1,8,8
scalar_adjacent,M_FSHANDLER_ACTIONSTEP_7D527A4E,580,8,0,AutomaticFrame,4,1,8,8
scalar_adjacent,M_FSHANDLER_ACTIONSTEP_7D527A4E,580,10,0,AutomaticFrame,4,1,8,8
scalar_adjacent,M_FSHANDLER_ACTIONSTEP_7D527A4E,580,11,0,AutomaticFrame,4,1,8,8
scalar_adjacent,M_FSHANDLER_FILESTEP_A93D50C2,584,3,1,AutomaticFrame,1,2,6,2
scalar_adjacent,M_FSABORT_CHECKPOINT_5DD0EDAE,585,11,7,AutomaticFrame,4,8,8,8
scalar_adjacent,M_FSABORT_CHECKPOINT_5DD0EDAE,585,14,0,AutomaticFrame,4,1,8,8
scalar_adjacent,M_FSABORT_CHECKPOINT_5DD0EDAE,585,15,0,AutomaticFrame,4,1,8,8
scalar_adjacent,M_FSABORT_CHECKPOINT_5DD0EDAE,585,21,0,AutomaticFrame,4,1,8,8
scalar_adjacent,M_FSWORKER_WORKER_2BB473B0,586,5,0,AutomaticFrame,1,1,6,4
scalar_adjacent,M_FSMOUNT_COMMANDSTEP_B1883B1A,590,2,0,AutomaticFrame,4,1,8,8
scalar_adjacent,M_FSBOOT_STOP_AD5246E2,597,20,6,AutomaticFrame,4,7,8,8
scalar_adjacent,M_DOSCALLS_NAMEARGUMENTS_4FEB00BB,599,0,0,Parameter,4,1,8,8
scalar_adjacent,M_DOSCALLS_ACQUIRE_C423433E,600,2,2,Parameter,2,3,4,2
scalar_adjacent,M_DOSCALLS_ACQUIRE_C423433E,600,4,0,Parameter,2,1,4,2
scalar_adjacent,M_DOSCALLS_ACQUIRE_C423433E,600,8,1,AutomaticFrame,4,2,8,8
scalar_adjacent,M_DOSCALLS_ACQUIRE_C423433E,600,12,1,Parameter,2,2,4,4
scalar_adjacent,M_DOSCALLS_ACQUIRE_C423433E,600,14,2,Parameter,2,3,4,2
scalar_adjacent,M_DOSCALLS_ACQUIRE_C423433E,600,10,7,Parameter,4,8,10,8
scalar_adjacent,M_DOSCALLS_ACQUIRE_C423433E,600,15,0,Parameter,4,1,8,8
scalar_adjacent,M_DOSCALLS_ACQUIRE_C423433E,600,16,3,Parameter,4,4,10,8
scalar_adjacent,M_DOSCALLS_ACQUIRE_C423433E,600,21,0,Parameter,4,1,8,8
scalar_adjacent,M_DOSCALLS_CONFIGURED_B6EDEF76,601,4,3,Parameter,2,4,4,4
scalar_adjacent,M_DOSCALLS_DESTINATION_E6EBC832,602,0,0,Parameter,2,1,4,2
scalar_adjacent,M_DOSCALLS_DESTINATION_E6EBC832,602,2,0,Parameter,2,1,4,2
scalar_adjacent,M_DOSCALLS_DESTINATION_E6EBC832,602,4,0,Parameter,2,1,4,2
scalar_adjacent,M_DOSCALLS_DESTINATION_E6EBC832,602,5,1,Parameter,2,2,4,4
scalar_adjacent,M_DOSCALLS_DESTINATION_E6EBC832,602,10,1,Parameter,2,2,4,2
scalar_adjacent,M_DOSCALLS_DESTINATION_E6EBC832,602,12,1,Parameter,2,2,4,2
scalar_adjacent,M_DOSCALLS_DESTINATION_E6EBC832,602,9,1,Parameter,2,2,4,4
scalar_adjacent,M_DOSCALLS_OPEN_390423B6,603,0,4,AutomaticFrame,2,5,4,4
scalar_adjacent,M_DOSCALLS_OPEN_390423B6,603,3,0,AutomaticFrame,2,1,4,2
scalar_adjacent,M_DOSCALLS_OPEN_390423B6,603,6,0,Parameter,4,1,8,8
scalar_adjacent,M_DOSCALLS_OPEN_390423B6,603,9,1,AutomaticFrame,2,2,4,4
scalar_adjacent,M_DOSCALLS_OPEN_390423B6,603,7,0,Parameter,4,1,8,8
scalar_adjacent,M_DOSCALLS_OPEN_390423B6,603,14,1,AutomaticFrame,2,2,4,2
scalar_adjacent,M_DOSCALLS_LOCK_DE185F87,604,0,4,AutomaticFrame,2,5,4,4
scalar_adjacent,M_DOSCALLS_LOCK_DE185F87,604,4,0,Parameter,4,1,8,8
scalar_adjacent,M_DOSCALLS_LOCK_DE185F87,604,6,1,AutomaticFrame,2,2,4,4
scalar_adjacent,M_DOSCALLS_OBJECT_E89E37D3,606,0,2,Parameter,1,3,6,4
scalar_adjacent,M_DOSCALLS_OBJECT_E89E37D3,606,2,0,Parameter,1,1,6,4
scalar_adjacent,M_DOSCALLS_READ_BEE8BE36,608,5,2,Parameter,4,3,8,8
scalar_adjacent,M_DOSCALLS_READ_BEE8BE36,608,7,4,Parameter,4,5,8,8
scalar_adjacent,M_DOSCALLS_READ_BEE8BE36,608,9,4,Parameter,4,5,8,8
scalar_adjacent,M_DOSCALLS_READ_BEE8BE36,608,11,0,Parameter,4,1,8,8
scalar_adjacent,M_DOSCALLS_READ_BEE8BE36,608,12,10,AutomaticFrame,2,11,4,4
scalar_adjacent,M_DOSCALLS_READ_BEE8BE36,608,17,9,Parameter,4,10,8,8
scalar_adjacent,M_DOSCALLS_WRITE_8E98A1A7,609,5,2,Parameter,4,3,8,8
scalar_adjacent,M_DOSCALLS_WRITE_8E98A1A7,609,7,4,Parameter,4,5,8,8
scalar_adjacent,M_DOSCALLS_WRITE_8E98A1A7,609,10,0,Parameter,4,1,8,8
scalar_adjacent,M_DOSCALLS_WRITE_8E98A1A7,609,11,10,AutomaticFrame,2,11,4,4
scalar_adjacent,M_DOSCALLS_WRITE_8E98A1A7,609,16,1,Parameter,4,2,8,8
scalar_adjacent,M_DOSCALLS_WRITE_8E98A1A7,609,18,0,Parameter,4,1,8,8
scalar_adjacent,M_DOSCALLS_SEEK_17FC33E6,610,13,4,Parameter,4,5,8,8
scalar_adjacent,M_DOSCALLS_SEEK_17FC33E6,610,13,7,Parameter,4,8,8,8
scalar_adjacent,M_DOSCALLS_INFORMATION_13F25DEC,613,6,11,Parameter,4,12,10,8
scalar_adjacent,M_DOSCALLS_NAMEFROMLOCK_92457C4A,620,6,0,Parameter,4,1,8,8
scalar_adjacent,M_DOSCALLS_NAMEFROMLOCK_92457C4A,620,10,7,Parameter,4,8,10,8
scalar_adjacent,M_DOS_OPEN_87DAE823,626,0,1,Parameter,4,2,8,8
scalar_adjacent,M_DOS_READ_BCD2228F,627,0,3,Parameter,4,4,8,8
scalar_adjacent,M_DOS_WRITE_BE4FDE64,628,0,3,Parameter,4,4,8,8
scalar_adjacent,M_DOS_SEEK_DE9F46FB,629,0,3,Parameter,4,4,8,8
scalar_adjacent,M_DOS_LOCK_4DEC517E,633,0,1,Parameter,4,2,8,8
scalar_adjacent,M_DOS_NAMEFROMLOCK_8794AD67,643,0,3,Parameter,4,4,8,8
scalar_adjacent,M_TASKINSPECT_SNAPSHOT_72A67CF0,648,2,0,Parameter,2,1,4,2
scalar_adjacent,M_DEVICEINSPECT_SNAPSHOT_EBB6295F,649,2,0,Parameter,2,1,4,2
scalar_adjacent,M_DEVICEINSPECT_SNAPSHOT_EBB6295F,649,7,0,AutomaticFrame,2,1,4,2
scalar_adjacent,M_DEVICEINSPECT_SNAPSHOT_EBB6295F,649,10,0,AutomaticFrame,2,1,4,2
scalar_adjacent,M_FSINSPECT_SNAPSHOT_873CF8A6,650,2,0,Parameter,2,1,4,2
scalar_adjacent,M_SHELLAPP_SHELLFAIL_9D17A97C,655,1,1,Parameter,4,2,10,8
scalar_adjacent,M_SHELLAPP_SHELLFAIL_9D17A97C,655,1,4,Parameter,4,5,10,8
scalar_adjacent,M_SHELLAPP_SHELLFAIL_9D17A97C,655,2,0,Parameter,4,1,8,8
scalar_adjacent,M_SHELLAPP_SHELLRETIREBREAK_8C8C851A,660,4,7,AutomaticFrame,4,8,8,8
scalar_adjacent,M_SHELLAPP_SHELLRETIREBREAK_8C8C851A,660,6,0,AutomaticFrame,4,1,8,8
scalar_adjacent,M_SHELLAPP_SHELLRETIREBREAK_8C8C851A,660,8,0,AutomaticFrame,4,1,8,8
scalar_adjacent,M_SHELLAPP_SHELLWRITE_F4A8AD7D,661,7,0,AutomaticFrame,4,1,8,8
scalar_adjacent,M_SHELLAPP_SHELLWRITE_F4A8AD7D,661,9,0,AutomaticFrame,4,1,8,8
scalar_adjacent,M_SHELLAPP_SHELLWRITE_F4A8AD7D,661,13,0,AutomaticFrame,4,1,8,8
scalar_adjacent,M_SHELLAPP_SHELLWRITE_F4A8AD7D,661,14,0,AutomaticFrame,4,1,8,8
scalar_adjacent,M_SHELLAPP_SHELLBYTE_1EE28596,662,0,3,Parameter,1,4,6,4
scalar_adjacent,M_SHELLAPP_SHELLNUMBER_7C65BFBB,665,0,2,Parameter,4,3,10,8
scalar_adjacent,M_SHELLAPP_SHELLNUMBER_7C65BFBB,665,1,0,Parameter,4,1,8,8
scalar_adjacent,M_SHELLAPP_SHELLCHANGE_E2B81D98,670,1,0,AutomaticFrame,4,1,8,8
scalar_adjacent,M_SHELLAPP_SHELLCHANGE_E2B81D98,670,5,0,AutomaticFrame,4,1,8,8
scalar_adjacent,M_SHELLAPP_SHELLDIR_EB67AED9,672,5,0,AutomaticFrame,4,1,8,8
scalar_adjacent,M_SHELLAPP_SHELLDIR_EB67AED9,672,14,0,AutomaticFrame,4,1,8,8
scalar_adjacent,M_SHELLAPP_SHELLDIR_EB67AED9,672,16,0,AutomaticFrame,4,1,8,8
scalar_adjacent,M_SHELLAPP_SHELLCONVERT_8185A927,673,0,1,Parameter,2,2,4,2
scalar_adjacent,M_SHELLAPP_SHELLCONVERT_8185A927,673,3,0,Parameter,2,1,4,2
scalar_adjacent,M_SHELLAPP_SHELLTYPE_D64CE23C,675,11,0,AutomaticFrame,4,1,8,8
scalar_adjacent,M_SHELLAPP_SHELLTYPE_D64CE23C,675,24,5,AutomaticFrame,2,6,4,4
scalar_adjacent,M_SHELLAPP_SHELLREADSTEP_5848FDA6,685,4,13,AutomaticFrame,4,14,8,8
scalar_adjacent,M_SHELLAPP_SHELLREADSTEP_5848FDA6,685,6,0,AutomaticFrame,4,1,8,8
scalar_adjacent,M_SHELLAPP_SHELLREADSTEP_5848FDA6,685,13,0,AutomaticFrame,4,1,8,8
scalar_adjacent,M_SHELLAPP_SHELLREADSTEP_5848FDA6,685,17,0,AutomaticFrame,4,1,8,8
scalar_adjacent,M_SHELLAPP_SHELLREADSTEP_5848FDA6,685,18,0,AutomaticFrame,4,1,8,8
scalar_adjacent,M_SHELLAPP_SHELLREADSTEP_5848FDA6,685,21,0,AutomaticFrame,4,1,8,8
scalar_adjacent,M_SHELLAPP_SHELLREADSTEP_5848FDA6,685,22,3,AutomaticFrame,4,4,10,8
scalar_adjacent,M_SHELLAPP_SHELLREADSTEP_5848FDA6,685,22,5,AutomaticFrame,4,6,8,8
scalar_adjacent,M_SHELLAPP_SHELLREADSTEP_5848FDA6,685,19,0,AutomaticFrame,4,1,8,8
scalar_adjacent,M_SHELLAPP_SHELLBOOTSIO_1538A419,690,6,4,AutomaticFrame,2,5,4,2
indexed_address_bounded,M_TASKPOLICY_CONSOLEWINDOW_CAE7A229,197,0,5,,,,85,58
indexed_address_bounded,M_TASKPOLICY_CONSOLEFORINSTANCE_C086108B,198,2,1,,,,85,58
indexed_address_bounded,M_TASKPOLICY_CONSOLEFORINSTANCE_C086108B,198,6,1,,,,85,58
indexed_address_bounded,M_CONSOLEWINDOWS_FIND_07AFDE1C,265,0,5,,,,85,58
indexed_address_bounded,M_CONSOLEWINDOWS_BOUND_2C2AAE27,266,2,1,,,,85,58
indexed_address_bounded,M_CONSOLEWINDOWS_BOUND_2C2AAE27,266,6,1,,,,85,58
indexed_address_bounded,M_CONSOLEWINDOWS_RESERVE_27D75673,267,4,1,,,,85,58
indexed_address_bounded,M_CONSOLEWINDOWS_TAKE_9FD09734,270,1,1,,,,85,73
indexed_address_bounded,M_CONSOLEWINDOWS_TAKE_9FD09734,270,8,5,,,,85,58
indexed_address_bounded,M_CONSOLEFOREGROUND_ALLOCATE_F1C749CC,273,9,4,,,,79,53
indexed_address_bounded,M_CONSOLEFOREGROUND_RESOLVE_9B8D664B,279,2,5,,,,79,53
indexed_address_bounded,M_CONSOLEFOREGROUND_DELIVER_8D52BBDC,280,2,5,,,,79,53
indexed_address_bounded,M_CONSOLEDRIVER_INITIALIZE_D6CB2592,314,0,3,,,,85,73
indexed_address_bounded,M_CONSOLEDRIVER_FREESTORAGE_02676B4B,315,0,3,,,,85,73
indexed_address_bounded,M_FSINIT_CONFIG_A7C873FA,501,5,0,,,,125,90
indexed_address_bounded,M_FSINIT_CONFIG_A7C873FA,501,19,0,,,,125,90
indexed_address_bounded,M_FSINIT_CONFIG_A7C873FA,501,19,1,,,,123,88
indexed_address_bounded,M_FSINIT_ALLOCATEMOUNT_EF481898,504,4,14,,,,123,88
indexed_address_bounded,M_DOSCALLS_CONFIGURED_B6EDEF76,601,4,1,,,,125,90
native_edge_fallback,M_HEAPCORE_VALIDATE_B397AD34,30,0,4,,,,62,26
native_edge_fallback,M_HEAPCORE_VALIDATE_B397AD34,30,2,5,,,,65,28
native_edge_fallback,M_HEAPCORE_LARGEST_AA9886E8,37,0,4,,,,94,40
native_edge_fallback,M_HEAPCORE_LARGEST_AA9886E8,37,7,0,,,,36,16
native_edge_fallback,M_HEAPCORE_LARGEST_AA9886E8,37,8,0,,,,36,16
native_edge_fallback,M_HEAPCORE_LARGEST_AA9886E8,37,9,0,,,,38,18
native_edge_fallback,M_HEAPCORE_LARGEST_AA9886E8,37,11,1,,,,36,18
native_edge_fallback,M_HEAPCORE_LARGEST_AA9886E8,37,13,0,,,,36,18
native_edge_fallback,M_HEAPCORE_LARGEST_AA9886E8,37,14,0,,,,36,18
native_edge_fallback,M_HEAPCORE_LARGEST_AA9886E8,37,15,0,,,,36,18
native_edge_fallback,M_HEAPCORE_LARGEST_AA9886E8,37,16,1,,,,97,44
native_edge_fallback,M_HEAPPOLICY_VALIDATEREGIONS_C3A52ACE,50,3,6,,,,68,25
native_edge_fallback,M_HEAPPOLICY_VALIDATEREGIONS_C3A52ACE,50,11,2,,,,71,26
native_edge_fallback,M_HEAPPOLICY_AVAIL_22774B2C,55,2,8,,,,60,24
native_edge_fallback,M_HEAPPOLICY_AVAIL_22774B2C,55,7,1,,,,65,28
native_edge_fallback,M_HEAPPOLICY_AVAIL_22774B2C,55,8,5,,,,39,18
native_edge_fallback,M_HEAPPOLICY_AVAIL_22774B2C,55,11,4,,,,38,18
native_edge_fallback,M_HEAPPOLICY_AVAIL_22774B2C,55,12,1,,,,36,18
native_edge_fallback,M_HEAPPOLICY_AVAIL_22774B2C,55,13,0,,,,36,18
native_edge_fallback,M_HEAPPOLICY_AVAIL_22774B2C,55,15,1,,,,36,18
native_edge_fallback,M_HEAPPOLICY_AVAIL_22774B2C,55,16,0,,,,36,18
native_edge_fallback,M_HEAPPOLICY_AVAIL_22774B2C,55,17,0,,,,38,18
native_edge_fallback,M_HEAPPOLICY_AVAIL_22774B2C,55,18,0,,,,36,18
native_edge_fallback,M_SIODRIVER_DEADLINETICKS_83CDA5CA,335,2,0,,,,68,30
native_edge_fallback,M_SIODRIVER_DEADLINETICKS_83CDA5CA,335,9,2,,,,71,34
native_edge_fallback,M_IOCORE_WAITIO_8CA35F61,352,0,2,,,,36,18
native_edge_fallback,M_IOCORE_WAITIO_8CA35F61,352,2,6,,,,39,18
native_edge_fallback,M_DOSCLIENT_CALL_35DB3B22,375,14,3,,,,36,18
native_edge_fallback,M_FSNAMES_PATH_CFBF830F,407,0,2,,,,60,24
native_edge_fallback,M_FSNAMES_PATH_CFBF830F,407,18,4,,,,63,26
native_edge_fallback,M_DOSCANCEL_TRANSFER_DC8DFD88,440,5,3,,,,36,18
native_edge_fallback,M_TASKINSPECT_SNAPSHOT_72A67CF0,648,3,1,,,,28,4
native_edge_fallback,M_TASKINSPECT_SNAPSHOT_72A67CF0,648,8,1,,,,33,4
native_edge_fallback,M_FSINSPECT_SNAPSHOT_873CF8A6,650,8,0,,,,28,1
native_edge_fallback,M_FSINSPECT_SNAPSHOT_873CF8A6,650,25,1,,,,33,4
native_edge_fallback,M_SHELLAPP_SHELLNUMBER_7C65BFBB,665,1,6,,,,56,27
native_edge_fallback,M_SHELLAPP_SHELLNUMBER_7C65BFBB,665,2,2,,,,54,27
native_edge_fallback,M_SHELLAPP_SHELLNUMBER_7C65BFBB,665,3,0,,,,68,33
native_edge_fallback,M_SHELLAPP_SHELLNUMBER_7C65BFBB,665,5,0,,,,44,10
native_edge_fallback,M_SHELLAPP_SHELLNUMBER_7C65BFBB,665,8,4,,,,49,12
native_edge_fallback,M_SHELLAPP_SHELLNUMBER_7C65BFBB,665,13,1,,,,71,34
native_edge_fallback,M_SHELLAPP_SHELLPARSE_A4976CAB,669,22,0,,,,28,2
native_edge_fallback,M_SHELLAPP_SHELLPARSE_A4976CAB,669,36,0,,,,31,2
native_edge_fallback,M_SHELLAPP_SHELLPARSE_A4976CAB,669,38,0,,,,28,2
native_edge_fallback,M_SHELLAPP_SHELLPARSE_A4976CAB,669,49,0,,,,28,2
native_edge_fallback,M_SHELLAPP_SHELLTYPE_D64CE23C,675,6,0,,,,36,16
byte_alu,M_EXECLISTS_ENQUEUE_763E1E61,18,2,2,,,,10,4
byte_alu,M_EXECLISTS_ENQUEUE_763E1E61,18,2,4,,,,10,4
byte_alu,M_TASKPOLICY_PROTECTED_FCDCE808,72,0,5,,,,10,4
byte_alu,M_TASKPOLICY_PROTECTED_FCDCE808,72,0,8,,,,12,4
byte_alu,M_TASKPOLICY_PROTECTED_FCDCE808,72,0,10,,,,10,4
byte_alu,M_TASKPOLICY_AVAILABLERECORD_80983EA0,75,7,0,,,,13,4
byte_alu,M_TASKPOLICY_EMPTYMEMORY_C893BDB0,76,0,11,,,,10,4
byte_alu,M_TASKPOLICY_EMPTYMEMORY_C893BDB0,76,0,18,,,,10,4
byte_alu,M_TASKPOLICY_STACKSLOT_2A322EEA,78,5,0,,,,13,4
byte_alu,M_TASKPOLICY_ADMIT_CF1671AB,85,0,41,,,,11,4
byte_alu,M_TASKPOLICY_INIT_57A5FAC8,86,6,16,,,,13,4
byte_alu,M_TASKPOLICY_ADJUSTTIMED_DDC1BE1E,88,1,1,,,,11,4
byte_alu,M_TASKPOLICY_ADJUSTTIMED_DDC1BE1E,88,2,1,,,,11,4
byte_alu,M_TASKPOLICY_WAKE_9E9C7518,89,5,0,,,,13,4
byte_alu,M_TASKPOLICY_SWITCH_98522C9E,91,0,6,,,,12,4
byte_alu,M_TASKPOLICY_EMPTYSIGNALS_EA2224E4,92,0,6,,,,10,4
byte_alu,M_TASKPOLICY_EMPTYSIGNALS_EA2224E4,92,0,10,,,,10,4
byte_alu,M_TASKPOLICY_EMPTYSIGNALS_EA2224E4,92,0,14,,,,10,4
byte_alu,M_TASKPOLICY_EMPTYSIGNALS_EA2224E4,92,0,18,,,,10,4
byte_alu,M_TASKPOLICY_REMOVETASK_35F29A21,94,2,2,,,,12,4
byte_alu,M_TASKPOLICY_REMOVETASK_35F29A21,94,16,26,,,,11,4
byte_alu,M_TASKPOLICY_FIND_0D9A09D7,96,7,0,,,,13,4
byte_alu,M_TASKPOLICY_ALLOCATEBIT_A349E154,102,7,0,,,,13,4
byte_alu,M_TASKPOLICY_WAITTASK_AD94C4A2,105,0,2,,,,12,4
byte_alu,M_TASKPOLICY_DRAINWAKES_15F017CB,113,4,0,,,,13,4
byte_alu,M_TASKPOLICY_DRAINWAKES_15F017CB,113,6,0,,,,13,4
byte_alu,M_TASKPOLICY_BOUNDPRODUCER_6D7B4E54,114,5,5,,,,10,4
byte_alu,M_TASKPOLICY_PRODUCERCONTROL_52F9499B,115,0,3,,,,12,4
byte_alu,M_TASKPOLICY_MEMORYSERVICE_7FAD083C,116,0,4,,,,10,4
byte_alu,M_TASKPOLICY_MEMORYSERVICE_7FAD083C,116,0,9,,,,10,4
byte_alu,M_TASKPOLICY_MEMORYSERVICE_7FAD083C,116,0,10,,,,10,4
byte_alu,M_TASKPOLICY_PORTSERVICE_8D598BCC,119,0,4,,,,10,4
byte_alu,M_TASKPOLICY_PORTHEAD_A12A0751,125,2,2,,,,12,4
byte_alu,M_TASKPOLICY_IOSERVICE_1E6CF653,130,0,4,,,,10,4
byte_alu,M_TASKPOLICY_IOCOMPLETE_88BA0BF3,139,0,2,,,,10,4
byte_alu,M_TASKPOLICY_IOWAITOWNER_63A51E9E,140,2,8,,,,10,4
byte_alu,M_TASKPOLICY_IOWAITOWNER_63A51E9E,140,2,12,,,,10,4
byte_alu,M_TASKPOLICY_IOENQUEUE_EC975914,142,0,7,,,,10,4
byte_alu,M_TASKPOLICY_SIOBOUND_346E47DB,154,7,12,,,,10,4
byte_alu,M_TASKPOLICY_SIOBOUND_346E47DB,154,7,19,,,,10,4
byte_alu,M_TASKPOLICY_SIOBOUND_346E47DB,154,7,20,,,,10,4
byte_alu,M_TASKPOLICY_SIOENQUEUE_F49C65E1,157,0,4,,,,10,4
byte_alu,M_TASKPOLICY_SIOPREPAREWORKER_A27B8738,159,2,2,,,,11,4
byte_alu,M_TASKPOLICY_SIOADMIT_DC2C0CF4,161,9,1,,,,11,4
byte_alu,M_TASKPOLICY_SIOWORKERBOUND_9EFBF9DD,169,0,8,,,,10,4
byte_alu,M_TASKPOLICY_SIOWORKERBOUND_9EFBF9DD,169,0,12,,,,10,4
byte_alu,M_TASKPOLICY_SIOREMOVED_B08060ED,171,2,2,,,,13,4
byte_alu,M_TASKPOLICY_SIOREMOVED_B08060ED,171,2,4,,,,13,4
byte_alu,M_TASKPOLICY_DOSCANREMOVE_DB41E74E,174,2,6,,,,10,4
byte_alu,M_TASKPOLICY_DOSCANREMOVE_DB41E74E,174,2,10,,,,10,4
byte_alu,M_TASKPOLICY_DOSINIT_97B41A44,176,2,1,,,,11,4
byte_alu,M_TASKPOLICY_DOSINIT_97B41A44,176,5,1,,,,11,4
byte_alu,M_TASKPOLICY_DOSWORKERBOUND_DB9BCF66,177,0,9,,,,10,4
byte_alu,M_TASKPOLICY_DOSWORKERBOUND_DB9BCF66,177,0,13,,,,10,4
byte_alu,M_TASKPOLICY_DOSREMOVED_D36757B2,179,6,3,,,,13,4
byte_alu,M_TASKPOLICY_DOSREMOVED_D36757B2,179,9,1,,,,11,4
byte_alu,M_TASKPOLICY_DOSPREPARE_61B1CC0D,180,2,2,,,,11,4
byte_alu,M_TASKPOLICY_DOSADMIT_DEA63DC3,181,9,1,,,,11,4
byte_alu,M_TASKPOLICY_CONSOLESERVICE_C7B70ED2,186,0,4,,,,10,4
byte_alu,M_TASKPOLICY_CONSOLEPRODUCERBOUND_02AD29D1,187,0,8,,,,10,4
byte_alu,M_TASKPOLICY_CONSOLEBINDCONTROL_DC86D25B,192,0,4,,,,12,4
byte_alu,M_TASKPOLICY_CONSOLEWINDOWLIVE_022C56D3,196,0,6,,,,10,4
byte_alu,M_TASKPOLICY_CONSOLEFORINSTANCE_C086108B,198,5,0,,,,13,4
byte_alu,M_TASKPOLICY_CONSOLEIMMEDIATE_DAE617FC,206,2,4,,,,10,4
byte_alu,M_TASKPOLICY_CONSOLEENQUEUE_BE188809,207,10,2,,,,10,4
byte_alu,M_TASKPOLICY_CONSOLEPREPARE_8098E872,210,2,2,,,,11,4
byte_alu,M_TASKPOLICY_CONSOLEADMIT_A01C3E0C,211,1,6,,,,10,4
byte_alu,M_TASKPOLICY_CONSOLEADMIT_A01C3E0C,211,10,1,,,,11,4
byte_alu,M_TASKPOLICY_CONSOLEALLIDLE_C6081818,216,7,0,,,,13,4
byte_alu,M_TASKPOLICY_CONSOLEANYRUNNABLE_82C77A1E,217,8,0,,,,13,4
byte_alu,M_TASKPOLICY_CONSOLEWORKERBOUND_96318375,222,0,9,,,,10,4
byte_alu,M_TASKPOLICY_CONSOLEWORKERBOUND_96318375,222,0,13,,,,10,4
byte_alu,M_TASKPOLICY_CONSOLECANREMOVE_6BA935F9,224,7,0,,,,13,4
byte_alu,M_TASKPOLICY_CONSOLECANREMOVE_6BA935F9,224,14,2,,,,13,4
byte_alu,M_TASKPOLICY_CONSOLECANREMOVE_6BA935F9,224,14,4,,,,13,4
byte_alu,M_TASKPOLICY_CONSOLECANREMOVE_6BA935F9,224,14,6,,,,13,4
byte_alu,M_TASKPOLICY_CONSOLEREMOVED_E0E10625,225,5,2,,,,13,4
byte_alu,M_TASKPOLICY_CONSOLEREMOVED_E0E10625,225,5,4,,,,13,4
byte_alu,M_TASKPOLICY_REQUESTVALID_195CAC51,226,1,2,,,,12,4
byte_alu,M_TASKPOLICY_REQUESTVALID_195CAC51,226,6,2,,,,12,4
byte_alu,M_TASKPOLICY_REQUESTVALID_195CAC51,226,12,2,,,,12,4
byte_alu,M_TASKPOLICY_REQUESTVALID_195CAC51,226,21,2,,,,12,4
byte_alu,M_TASKPOLICY_REQUESTVALID_195CAC51,226,26,2,,,,12,4
byte_alu,M_TASKPOLICY_REQUESTVALID_195CAC51,226,32,2,,,,12,4
byte_alu,M_TASKPOLICY_REQUESTVALID_195CAC51,226,42,2,,,,12,4
byte_alu,M_TASKPOLICY_REQUESTVALID_195CAC51,226,48,2,,,,12,4
byte_alu,M_CONSOLEWINDOWS_LIVE_CF72384F,264,0,6,,,,10,4
byte_alu,M_CONSOLEWINDOWS_BOUND_2C2AAE27,266,5,0,,,,13,4
byte_alu,M_CONSOLEWINDOWS_RESERVE_27D75673,267,7,0,,,,13,4
byte_alu,M_CONSOLEWINDOWS_TAKE_9FD09734,270,8,1,,,,11,4
byte_alu,M_CONSOLEWINDOWS_TAKE_9FD09734,270,8,2,,,,10,4
byte_alu,M_CONSOLEWINDOWS_TAKE_9FD09734,270,11,1,,,,11,4
byte_alu,M_CONSOLEFOREGROUND_RECLAIM_59B58C70,272,12,0,,,,13,4
byte_alu,M_CONSOLEFOREGROUND_RECLAIM_59B58C70,272,17,0,,,,13,4
byte_alu,M_CONSOLEFOREGROUND_ALLOCATE_F1C749CC,273,7,0,,,,13,4
byte_alu,M_CONSOLEFOREGROUND_ALLOCATE_F1C749CC,273,13,0,,,,13,4
byte_alu,M_CONSOLEFOREGROUND_ALLOCATE_F1C749CC,273,14,0,,,,13,4
byte_alu,M_CONSOLEFOREGROUND_END_65D34F46,278,11,0,,,,13,4
byte_alu,M_CONSOLEFOREGROUND_PUMP_9EB36759,281,5,2,,,,13,4
byte_alu,M_CONSOLEINPUT_PENDING_03BD707F,282,0,7,,,,10,4
byte_alu,M_CONSOLEINPUT_PENDING_03BD707F,282,0,13,,,,10,4
byte_alu,M_CONSOLEINPUT_DECODE_A428056C,286,8,1,,,,10,4
byte_alu,M_CONSOLEINPUT_DECODE_A428056C,286,9,2,,,,10,4
byte_alu,M_CONSOLEINPUT_DECODE_A428056C,286,14,2,,,,10,4
byte_alu,M_CONSOLEINPUT_DECODE_A428056C,286,14,5,,,,10,4
byte_alu,M_CONSOLEINPUT_DECODE_A428056C,286,19,1,,,,10,4
byte_alu,M_CONSOLEINPUT_DECODE_A428056C,286,24,3,,,,10,4
byte_alu,M_CONSOLEINPUT_DECODE_A428056C,286,25,1,,,,11,4
byte_alu,M_CONSOLEDISPLAY_CURSOR_3EC7579C,300,6,31,,,,10,4
byte_alu,M_CONSOLEDRIVER_WORKER_589B3ABC,316,8,13,,,,10,4
byte_alu,M_SIODRIVER_MATCHES_AEE1C237,341,7,0,,,,13,4
byte_alu,M_FSOPERATION_CANCELLABLE_CAA34525,357,0,4,,,,10,4
byte_alu,M_FSOPERATION_CANCELLABLE_CAA34525,357,0,7,,,,10,4
byte_alu,M_FSOPERATION_CANCELLABLE_CAA34525,357,0,10,,,,10,4
byte_alu,M_FSOPERATION_CANCELLABLE_CAA34525,357,0,13,,,,10,4
byte_alu,M_FSOPERATION_CANCELLABLE_CAA34525,357,0,16,,,,10,4
byte_alu,M_FSOPERATION_AUTHORITY_2081E9D0,359,11,14,,,,10,4
byte_alu,M_FSOPERATION_AUTHORITY_2081E9D0,359,11,20,,,,10,4
byte_alu,M_FSOPERATION_UNLINK_B5280A26,363,2,1,,,,11,4
byte_alu,M_FSOPERATION_PUMP_B18C8A95,367,3,1,,,,11,4
byte_alu,M_MYDOSNAMES_FOLD_297622C6,401,3,1,,,,11,4
byte_alu,M_MYDOSNAMES_STORED_9F1E578A,402,12,0,,,,13,4
byte_alu,M_MYDOSNAMES_MATCH_52630F12,403,7,0,,,,13,4
byte_alu,M_MYDOSNAMES_COMPONENT_FF2F5328,404,2,3,,,,11,4
byte_alu,M_MYDOSNAMES_COMPONENT_FF2F5328,404,19,3,,,,11,4
byte_alu,M_FSNAMES_SAMEALIAS_76260CCC,409,7,0,,,,13,4
byte_alu,M_FSNAMES_VALIDALIAS_36EB4E14,410,4,5,,,,10,4
byte_alu,M_FSNAMES_VALIDALIAS_36EB4E14,410,7,0,,,,13,4
byte_alu,M_DOSSTREAMS_VALIDMODE_6A43AE29,411,0,4,,,,10,4
byte_alu,M_DOSSTREAMS_VALIDMODE_6A43AE29,411,0,7,,,,10,4
byte_alu,M_DOSRAW_UNIT_B2527969,418,8,0,,,,13,4
byte_alu,M_DOSRAW_UNIT_B2527969,418,12,0,,,,13,4
byte_alu,M_DOSRAW_UNIT_B2527969,418,15,0,,,,13,4
byte_alu,M_DOSRAW_UNIT_B2527969,418,9,6,,,,13,4
byte_alu,M_DOSRAW_LIVE_14427091,419,9,11,,,,10,4
byte_alu,M_DOSRAW_LIVE_14427091,419,7,0,,,,13,4
byte_alu,M_FSREGISTRY_LOOKUP_AD8B60C1,458,4,1,,,,11,4
byte_alu,M_FSREGISTRY_LOOKUP_AD8B60C1,458,14,0,,,,13,4
byte_alu,M_FSLOCKS_APPEND_3EC68462,468,13,0,,,,13,4
byte_alu,M_FSLOCKS_APPEND_3EC68462,468,24,0,,,,13,4
byte_alu,M_MYDOS_COPYENTRY_C5D8D89C,485,2,4,,,,11,4
byte_alu,M_MYDOS_DECODE_69B6DF25,486,2,3,,,,11,4
byte_alu,M_MYDOS_DECODE_69B6DF25,486,2,6,,,,11,4
byte_alu,M_MYDOS_LIVE_1E4E1377,487,0,2,,,,10,4
byte_alu,M_MYDOS_BUFFEREDENTRY_DC465C80,488,0,8,,,,10,4
byte_alu,M_MYDOS_BUFFEREDENTRY_DC465C80,488,2,2,,,,10,4
byte_alu,M_MYDOS_SELECTMATCH_8984C9A2,491,1,2,,,,11,4
byte_alu,M_MYDOS_SELECTMATCH_8984C9A2,491,3,2,,,,11,4
byte_alu,M_MYDOS_DESCEND_C497F8DD,494,0,2,,,,10,4
byte_alu,M_MYDOS_DESCEND_C497F8DD,494,11,0,,,,13,4
byte_alu,M_MYDOS_DESCEND_C497F8DD,494,7,2,,,,11,4
byte_alu,M_MYDOS_ROOTENTRY_E3F00029,495,2,3,,,,11,4
byte_alu,M_MYDOS_RESOLVESTEP_4ADA26D9,499,8,2,,,,11,4
byte_alu,M_MYDOS_RESOLVESTEP_4ADA26D9,499,10,2,,,,10,4
byte_alu,M_MYDOS_RESOLVESTEP_4ADA26D9,499,15,2,,,,10,4
byte_alu,M_FSINIT_CONFIG_A7C873FA,501,4,2,,,,11,4
byte_alu,M_FSINIT_CONFIG_A7C873FA,501,20,0,,,,13,4
byte_alu,M_FSINIT_CONFIG_A7C873FA,501,21,0,,,,13,4
byte_alu,M_FSINIT_ALLOCATEMOUNT_EF481898,504,6,4,,,,11,4
byte_alu,M_FSINIT_PUBLISH_12D6516B,506,1,2,,,,11,4
byte_alu,M_FSINIT_PUBLISH_12D6516B,506,4,0,,,,13,4
byte_alu,M_FSINIT_MOUNTEDSTEP_D00F6B02,513,6,2,,,,11,4
byte_alu,M_FSINIT_CLEANUP_26675F9E,517,6,4,,,,13,4
byte_alu,M_FSRELATIVE_VALIDATE_0372B7FC,518,2,2,,,,10,4
byte_alu,M_FSRELATIVE_VALIDATE_0372B7FC,518,13,4,,,,11,4
byte_alu,M_FSRELATIVE_VALIDATE_0372B7FC,518,24,0,,,,13,4
byte_alu,M_FSRELATIVE_VALIDATE_0372B7FC,518,30,0,,,,13,4
byte_alu,M_FSRELATIVE_VALIDATE_0372B7FC,518,31,0,,,,13,4
byte_alu,M_FSRELATIVE_SEED_FD9BA1BB,519,4,0,,,,13,4
byte_alu,M_FSRELATIVE_BEGIN_CB9D8F8D,522,21,0,,,,13,4
byte_alu,M_FSRELATIVE_BEGIN_CB9D8F8D,522,30,0,,,,13,4
byte_alu,M_FSRELATIVE_BEGIN_CB9D8F8D,522,29,6,,,,11,4
byte_alu,M_FSRELATIVE_BEGIN_CB9D8F8D,522,29,14,,,,11,4
byte_alu,M_FSRELATIVE_PARENTRESULT_7CE6B959,523,11,2,,,,10,4
byte_alu,M_FSRELATIVE_PARENTRESULT_7CE6B959,523,13,2,,,,11,4
byte_alu,M_FSRELATIVE_PARENTRESULT_7CE6B959,523,10,2,,,,11,4
byte_alu,M_FSRELATIVE_PARENTRESULT_7CE6B959,523,15,2,,,,10,4
byte_alu,M_FSINFO_NAME_B42C963D,526,7,0,,,,13,4
byte_alu,M_FSINFO_NAME_B42C963D,526,12,6,,,,11,4
byte_alu,M_FSINFO_NAME_B42C963D,526,12,7,,,,11,4
byte_alu,M_FSINFO_NAME_B42C963D,526,13,3,,,,11,4
byte_alu,M_FSINFO_NAME_B42C963D,526,19,6,,,,11,4
byte_alu,M_FSINFO_NAME_B42C963D,526,19,7,,,,11,4
byte_alu,M_FSINFO_FILL_CDFFBE8F,527,0,7,,,,10,4
byte_alu,M_FSINFO_FILL_CDFFBE8F,527,2,10,,,,10,4
byte_alu,M_MYDOSFILE_OPEN_0FD3469F,530,0,6,,,,10,4
byte_alu,M_MYDOSFILE_OPEN_0FD3469F,530,11,0,,,,13,4
byte_alu,M_MYDOSFILE_SECTORALLOWED_E72DFCC7,531,9,0,,,,13,4
byte_alu,M_MYDOSFILE_TRAILER_58DD2DFC,533,2,2,,,,10,4
byte_alu,M_FSDIRECTORY_LOCKCURSORSTEP_29BACC3E,549,4,0,,,,13,4
byte_alu,M_FSDIRECTORY_RESTORESTEP_8AADA789,552,4,0,,,,13,4
byte_alu,M_FSDIRECTORY_RESTORESTEP_8AADA789,552,6,2,,,,10,4
byte_alu,M_FSDIRECTORY_ENTRYRESULTSTEP_4C458A60,556,6,2,,,,11,4
byte_alu,M_FSDIRECTORY_SIZESTEP_0C182F8A,557,0,7,,,,10,4
byte_alu,M_FSIO_OFFLINE_B7567A31,566,1,2,,,,11,4
byte_alu,M_FSIO_OFFLINE_B7567A31,566,8,0,,,,13,4
byte_alu,M_FSHANDLER_OPENRESULTSTEP_0C25E5DB,567,1,3,,,,10,4
byte_alu,M_FSHANDLER_TAKESTEP_E4E18A11,581,1,1,,,,11,4
byte_alu,M_FSHANDLER_TAKESTEP_E4E18A11,581,2,1,,,,11,4
byte_alu,M_FSHANDLER_TAKESTEP_E4E18A11,581,10,0,,,,13,4
byte_alu,M_FSBOOT_ENSURE_06ED6F00,596,17,4,,,,10,4
byte_alu,M_FSBOOT_STOP_AD5246E2,597,7,1,,,,11,4
byte_alu,M_FSBOOT_STOP_AD5246E2,597,14,0,,,,13,4
byte_alu,M_DOSCALLS_CONFIGURED_B6EDEF76,601,3,1,,,,11,4
byte_alu,M_DOSCALLS_CONFIGURED_B6EDEF76,601,8,0,,,,13,4
byte_alu,M_DOSCALLS_DIRECTORY_C8028D6B,618,8,2,,,,10,4
byte_alu,M_DOSCALLS_CURRENTDIR_1AA7335E,619,8,2,,,,10,4
byte_alu,M_TASKINSPECT_SNAPSHOT_72A67CF0,648,18,3,,,,11,4
byte_alu,M_TASKINSPECT_SNAPSHOT_72A67CF0,648,8,0,,,,13,4
byte_alu,M_FSINSPECT_SNAPSHOT_873CF8A6,650,10,1,,,,11,4
byte_alu,M_FSINSPECT_SNAPSHOT_873CF8A6,650,24,3,,,,11,4
byte_alu,M_FSINSPECT_SNAPSHOT_873CF8A6,650,25,0,,,,13,4
byte_alu,M_SHELLAPP_SHELLEQUAL_EF077ADE,657,6,0,,,,13,4
byte_alu,M_SHELLAPP_SHELLRETIREBREAK_8C8C851A,660,7,0,,,,13,4
byte_alu,M_SHELLAPP_SHELLNUMBER_7C65BFBB,665,8,3,,,,13,4
byte_alu,M_SHELLAPP_SHELLNUMBER_7C65BFBB,665,10,0,,,,13,4
byte_alu,M_SHELLAPP_SHELLPARSE_A4976CAB,669,61,9,,,,11,4
