mode,routine,old_offset,new_offset,amount,before,after
raw,M_EXECMEMORY_VALIDBANK_E9E0A79B,0,0,6,45,29
raw,M_EXECMEMORY_VALIDOWNER_462B929A,0,0,6,45,29
raw,M_EXECMEMORY_ADOPT_494D3B99,0,0,12,45,29
raw,M_EXECMEMORY_QUERY_D2E34F9F,0,0,14,45,29
raw,M_EXECMEMORY_QUERY_D2E34F9F,92,76,6,45,29
raw,M_EXECMEMORY_RESERVEEXACT_88D3D2C8,0,0,10,45,29
raw,M_EXECMEMORY_RESERVEEXACT_88D3D2C8,92,76,6,45,29
raw,M_EXECMEMORY_RESERVEEXACT_88D3D2C8,220,188,6,45,29
raw,M_EXECMEMORY_ACQUIRE_EAA019EB,0,0,14,45,29
raw,M_EXECMEMORY_ACQUIRE_EAA019EB,92,76,6,45,29
raw,M_EXECMEMORY_RELEASE_A6E307FC,0,0,10,45,29
raw,M_EXECMEMORY_RELEASE_A6E307FC,92,76,6,45,29
raw,M_EXECMEMORY_RELEASE_A6E307FC,220,188,6,45,29
raw,M_EXECMEMORY_INIT_F4EA07E3,0,0,4,45,29
raw,M_EXECMEMORY_INIT_F4EA07E3,46,30,4,45,29
raw,M_EXECLISTS_NEWLIST_B3502541,0,0,12,45,29
raw,M_EXECLISTS_NEWMINLIST_A2695943,0,0,8,45,29
raw,M_EXECLISTS_NEWMINLIST_A2695943,70,54,6,45,29
raw,M_EXECLISTS_ISLISTEMPTY_6EEB0796,0,0,12,45,29
raw,M_EXECLISTS_ISMINLISTEMPTY_6D517164,0,0,8,45,29
raw,M_EXECLISTS_ISMINLISTEMPTY_6D517164,70,54,6,45,29
raw,M_EXECLISTS_ADDHEAD_3AE3E6E4,0,0,16,45,29
raw,M_EXECLISTS_ADDTAIL_A1C0F364,0,0,16,45,29
raw,M_EXECLISTS_INSERT_468B11BA,0,0,16,45,29
raw,M_EXECLISTS_INSERT_468B11BA,182,166,10,45,29
raw,M_EXECLISTS_INSERT_468B11BA,403,371,10,45,29
raw,M_EXECLISTS_REMOVE_2E26C2C1,0,0,6,45,29
raw,M_EXECLISTS_REMHEAD_F8063CE7,0,0,12,45,29
raw,M_EXECLISTS_REMHEAD_F8063CE7,193,177,6,45,29
raw,M_EXECLISTS_REMTAIL_292EAA27,0,0,12,45,29
raw,M_EXECLISTS_REMTAIL_292EAA27,193,177,6,45,29
raw,M_EXECLISTS_ENQUEUE_763E1E61,0,0,20,45,29
raw,M_EXECLISTS_ENQUEUE_763E1E61,276,260,12,45,29
raw,M_EXECLISTS_ENQUEUE_763E1E61,450,418,10,45,29
raw,M_EXECLISTS_FINDNAME_2659CDBB,0,0,22,45,29
raw,M_HEAPCORE_ROUNDED_9D79FA03,0,0,14,45,29
raw,M_HEAPCORE_BOUNDS_2387CB05,0,0,24,45,29
raw,M_HEAPCORE_BOUNDS_2387CB05,78,62,6,45,29
raw,M_HEAPCORE_BOUNDS_2387CB05,384,352,6,45,29
raw,M_HEAPCORE_BOUNDS_2387CB05,1011,963,6,45,29
raw,M_HEAPCORE_BOUNDS_2387CB05,1428,1364,6,45,29
raw,M_HEAPCORE_BOUNDS_2387CB05,1738,1658,6,45,29
raw,M_HEAPCORE_CHUNKADDRESS_A551D41B,0,0,24,45,29
raw,M_HEAPCORE_CHUNKADDRESS_A551D41B,282,266,6,45,29
raw,M_HEAPCORE_CHUNKADDRESS_A551D41B,772,740,6,45,29
raw,M_HEAPCORE_NEXTADDRESS_E32592FF,0,0,24,45,29
raw,M_HEAPCORE_NEXTADDRESS_E32592FF,789,773,6,45,29
raw,M_HEAPCORE_CHUNKEND_0E0C27CE,0,0,28,45,29
raw,M_HEAPCORE_CHUNKEND_0E0C27CE,62,46,10,45,29
raw,M_HEAPCORE_CHUNKEND_0E0C27CE,589,557,6,45,29
raw,M_HEAPCORE_CHUNKEND_0E0C27CE,899,851,6,45,29
raw,M_HEAPCORE_CHUNKEND_0E0C27CE,1119,1055,14,45,29
raw,M_HEAPCORE_VALIDATE_B397AD34,0,0,26,45,29
raw,M_HEAPCORE_VALIDATE_B397AD34,54,38,6,45,29
raw,M_HEAPCORE_VALIDATE_B397AD34,243,211,10,45,29
raw,M_HEAPCORE_VALIDATE_B397AD34,662,614,6,45,29
raw,M_HEAPCORE_LINK_9B47F952,0,0,8,45,29
raw,M_HEAPCORE_WRITECHUNK_D768FC26,0,0,8,45,29
raw,M_HEAPCORE_SPLIT_B6117102,0,0,32,45,29
raw,M_HEAPCORE_SPLIT_B6117102,715,699,14,45,29
raw,M_HEAPCORE_SPLIT_B6117102,1076,1044,12,45,29
raw,M_HEAPCORE_CANDIDATE_07CF3557,0,0,20,45,29
raw,M_HEAPCORE_RESERVE_2192E9C0,0,0,40,45,29
raw,M_HEAPCORE_RESERVE_2192E9C0,54,38,8,45,29
raw,M_HEAPCORE_RESERVE_2192E9C0,562,530,6,45,29
raw,M_HEAPCORE_RESERVE_2192E9C0,950,902,12,45,29
raw,M_HEAPCORE_RESERVE_2192E9C0,1568,1504,22,45,29
raw,M_HEAPCORE_ALLOCATE_E39F1AF5,0,0,12,45,29
raw,M_HEAPCORE_ALLOCATE_E39F1AF5,62,46,12,45,29
raw,M_HEAPCORE_LARGEST_AA9886E8,0,0,42,45,29
raw,M_HEAPCORE_LARGEST_AA9886E8,54,38,6,45,29
raw,M_HEAPCORE_LARGEST_AA9886E8,267,235,10,45,29
raw,M_HEAPCORE_LARGEST_AA9886E8,544,496,12,45,29
raw,M_HEAPCORE_LARGEST_AA9886E8,1958,1894,6,45,29
raw,M_HEAPCORE_INSERTFREE_129E41BB,0,0,24,45,29
raw,M_HEAPCORE_INSERTFREE_129E41BB,710,694,14,45,29
raw,M_HEAPCORE_INSERTFREE_129E41BB,845,813,12,45,29
raw,M_HEAPCORE_RETURNRANGE_11C95A83,0,0,26,45,29
raw,M_HEAPCORE_RETURNRANGE_11C95A83,398,382,6,45,29
raw,M_HEAPCORE_RETURNRANGE_11C95A83,864,832,6,45,29
raw,M_HEAPCORE_RETURNRANGE_11C95A83,1534,1486,6,45,29
raw,M_HEAPCORE_RETURNRANGE_11C95A83,1805,1741,6,45,29
raw,M_HEAPCORE_RETURNRANGE_11C95A83,1924,1844,22,45,29
raw,M_HEAPCORE_DEALLOCATE_60F97CF2,0,0,32,45,29
raw,M_HEAPCORE_DEALLOCATE_60F97CF2,588,572,6,45,29
raw,M_HEAPCORE_DEALLOCATE_60F97CF2,804,772,8,45,29
raw,M_HEAPCORE_DEALLOCATE_60F97CF2,926,878,6,45,29
raw,M_HEAPCORE_DEALLOCATE_60F97CF2,1031,967,16,45,29
raw,M_HEAPPOLICY_GETSTATE_9B9EAF7C,0,0,8,45,29
raw,M_HEAPPOLICY_HEADER_A992FDFC,0,0,12,45,29
raw,M_HEAPPOLICY_SHUTDOWN_9E341637,0,0,18,45,29
raw,M_HEAPPOLICY_SHUTDOWN_9E341637,46,30,4,45,29
raw,M_HEAPPOLICY_SHUTDOWN_9E341637,331,299,8,45,29
raw,M_HEAPPOLICY_SHUTDOWN_9E341637,582,534,6,45,29
raw,M_HEAPPOLICY_RUNS_07A33D25,0,0,24,45,29
raw,M_HEAPPOLICY_RUNS_07A33D25,140,124,8,45,29
raw,M_HEAPPOLICY_REGION_F42DC07D,0,0,22,45,29
raw,M_HEAPPOLICY_REGION_F42DC07D,50,34,6,45,29
raw,M_HEAPPOLICY_START_1455FA91,0,0,32,45,29
raw,M_HEAPPOLICY_START_1455FA91,46,30,4,45,29
raw,M_HEAPPOLICY_START_1455FA91,192,160,4,45,29
raw,M_HEAPPOLICY_START_1455FA91,427,379,4,45,29
raw,M_HEAPPOLICY_START_1455FA91,549,485,8,45,29
raw,M_HEAPPOLICY_START_1455FA91,709,629,4,45,29
raw,M_HEAPPOLICY_START_1455FA91,1130,1034,10,45,29
raw,M_HEAPPOLICY_START_1455FA91,1297,1185,10,45,29
raw,M_HEAPPOLICY_START_1455FA91,1514,1386,6,45,29
raw,M_HEAPPOLICY_START_1455FA91,1625,1481,10,45,29
raw,M_HEAPPOLICY_INIT_69D6AA0D,0,0,16,45,29
raw,M_HEAPPOLICY_INIT_69D6AA0D,46,30,4,45,29
raw,M_HEAPPOLICY_INIT_69D6AA0D,332,300,6,45,29
raw,M_HEAPPOLICY_INIT_69D6AA0D,425,377,8,45,29
raw,M_HEAPPOLICY_FLAGSVALID_4BF22F96,0,0,24,45,29
raw,M_HEAPPOLICY_DESCRIPTOR_8971C45E,0,0,24,45,29
raw,M_HEAPPOLICY_DESCRIPTOR_8971C45E,220,204,6,45,29
raw,M_HEAPPOLICY_DESCRIPTOR_8971C45E,875,843,6,45,29
raw,M_HEAPPOLICY_VALIDATEREGIONS_C3A52ACE,0,0,28,45,29
raw,M_HEAPPOLICY_VALIDATEREGIONS_C3A52ACE,46,30,4,45,29
raw,M_HEAPPOLICY_VALIDATEREGIONS_C3A52ACE,231,199,6,45,29
raw,M_HEAPPOLICY_VALIDATEREGIONS_C3A52ACE,576,528,6,45,29
raw,M_HEAPPOLICY_VALIDATEREGIONS_C3A52ACE,686,622,10,45,29
raw,M_HEAPPOLICY_VALIDATEREGIONS_C3A52ACE,886,806,6,45,29
raw,M_HEAPPOLICY_VALIDATEREGIONS_C3A52ACE,1146,1050,6,45,29
raw,M_HEAPPOLICY_VALIDATEREGIONS_C3A52ACE,1277,1165,6,45,29
raw,M_HEAPPOLICY_MATCHES_ACC95206,0,0,18,45,29
raw,M_HEAPPOLICY_RESERVE_42F2499D,0,0,28,45,29
raw,M_HEAPPOLICY_RESERVE_42F2499D,54,38,8,45,29
raw,M_HEAPPOLICY_RESERVE_42F2499D,177,145,8,45,29
raw,M_HEAPPOLICY_RESERVE_42F2499D,831,783,4,45,29
raw,M_HEAPPOLICY_RESERVE_42F2499D,902,838,4,45,29
raw,M_HEAPPOLICY_RESERVE_42F2499D,1200,1120,12,45,29
raw,M_HEAPPOLICY_RESERVE_42F2499D,1347,1251,12,45,29
raw,M_HEAPPOLICY_LOCATE_7B91FF59,0,0,30,45,29
raw,M_HEAPPOLICY_LOCATE_7B91FF59,46,30,4,45,29
raw,M_HEAPPOLICY_LOCATE_7B91FF59,117,85,4,45,29
raw,M_HEAPPOLICY_LOCATE_7B91FF59,455,407,6,45,29
raw,M_HEAPPOLICY_FREE_3EA2E1EF,0,0,30,45,29
raw,M_HEAPPOLICY_FREE_3EA2E1EF,251,235,8,45,29
raw,M_HEAPPOLICY_FREE_3EA2E1EF,851,819,6,45,29
raw,M_HEAPPOLICY_FREE_3EA2E1EF,938,890,6,45,29
raw,M_HEAPPOLICY_FREE_3EA2E1EF,1075,1011,6,45,29
raw,M_HEAPPOLICY_FREE_3EA2E1EF,1363,1283,6,45,29
raw,M_HEAPPOLICY_FREE_3EA2E1EF,1466,1370,14,45,29
raw,M_HEAPPOLICY_AVAIL_22774B2C,0,0,36,45,29
raw,M_HEAPPOLICY_AVAIL_22774B2C,54,38,8,45,29
raw,M_HEAPPOLICY_AVAIL_22774B2C,208,176,4,45,29
raw,M_HEAPPOLICY_AVAIL_22774B2C,279,231,4,45,29
raw,M_HEAPPOLICY_AVAIL_22774B2C,601,537,12,45,29
raw,M_HEAPPOLICY_AVAIL_22774B2C,732,652,6,45,29
raw,M_HEAPPOLICY_AVAIL_22774B2C,1498,1402,8,45,29
raw,M_HEAPPOLICY_MEMORYTYPE_D394B206,0,0,12,45,29
raw,M_HEAPPOLICY_MEMORYTYPE_D394B206,54,38,6,45,29
raw,M_HEAPPOLICY_VECTORBYTES_E6541B8F,0,0,20,45,29
raw,M_HEAPPOLICY_VECTORBYTES_E6541B8F,54,38,8,45,29
raw,M_HEAPPOLICY_RESERVEVECTOR_C09ED6F4,0,0,18,45,29
raw,M_HEAPPOLICY_RESERVEVECTOR_C09ED6F4,54,38,8,45,29
raw,M_HEAPPOLICY_RESERVEVECTOR_C09ED6F4,365,333,12,45,29
raw,M_HEAPPOLICY_FREEVECTOR_698EC5DE,0,0,34,45,29
raw,M_HEAPPOLICY_FREEVECTOR_698EC5DE,473,457,6,45,29
raw,M_HEAPPOLICY_FREEVECTOR_698EC5DE,649,617,6,45,29
raw,M_HEAPPOLICY_FREEVECTOR_698EC5DE,786,738,6,45,29
raw,M_HEAPPOLICY_FREEVECTOR_698EC5DE,1078,1014,6,45,29
raw,M_HEAPPOLICY_FREEVECTOR_698EC5DE,1231,1151,8,45,29
raw,M_HEAPPOLICY_FREEVECTOR_698EC5DE,1651,1555,6,45,29
raw,M_HEAPPOLICY_FREEVECTOR_698EC5DE,1939,1827,6,45,29
raw,M_HEAPPOLICY_FREEVECTOR_698EC5DE,2070,1942,14,45,29
raw,M_TASKPOLICY_RECORDFOR_833E2B66,0,0,12,45,29
raw,M_TASKPOLICY_SAVEDWORD_D1C8E663,0,0,12,45,29
raw,M_TASKPOLICY_RESULT_DA2077E3,0,0,12,45,29
raw,M_TASKPOLICY_POINTERRESULT_E8D88610,0,0,16,45,29
raw,M_TASKPOLICY_POINTERRESULT_E8D88610,82,66,8,45,29
raw,M_TASKPOLICY_ARGUMENTPOINTER_A19325C6,0,0,12,45,29
raw,M_TASKPOLICY_ARGUMENTPOINTER_A19325C6,62,46,8,45,29
raw,M_TASKPOLICY_ARGUMENTPOINTER_A19325C6,190,158,8,45,29
raw,M_TASKPOLICY_FLAGS_56B3B4FF,0,0,12,45,29
raw,M_TASKPOLICY_PROTECTED_FCDCE808,0,0,8,45,29
raw,M_TASKPOLICY_PROTECTED_FCDCE808,153,137,6,45,29
raw,M_TASKPOLICY_LOOKUP_41F6D1E4,0,0,24,45,29
raw,M_TASKPOLICY_WRITABLE_0565D862,0,0,32,45,29
raw,M_TASKPOLICY_AVAILABLERECORD_80983EA0,0,0,28,45,29
raw,M_TASKPOLICY_AVAILABLERECORD_80983EA0,100,84,10,45,29
raw,M_TASKPOLICY_AVAILABLERECORD_80983EA0,295,263,4,45,29
raw,M_TASKPOLICY_EMPTYMEMORY_C893BDB0,0,0,16,45,29
raw,M_TASKPOLICY_VALIDENTRY_58BA8A58,0,0,22,45,29
raw,M_TASKPOLICY_STACKSLOT_2A322EEA,0,0,22,45,29
raw,M_TASKPOLICY_STACKSLOT_2A322EEA,432,416,4,45,29
raw,M_TASKPOLICY_PREPARESTACK_1A1C583B,0,0,24,45,29
raw,M_TASKPOLICY_PREPAREDOMAIN_45DA3401,0,0,24,45,29
raw,M_TASKPOLICY_PREPAREFRAME_D5FF2FA0,0,0,26,45,29
raw,M_TASKPOLICY_SETSTATE_52D88FAF,0,0,12,45,29
raw,M_TASKPOLICY_READY_679992F5,0,0,16,45,29
raw,M_TASKPOLICY_READY_679992F5,96,80,8,45,29
raw,M_TASKPOLICY_READY_679992F5,193,161,6,45,29
raw,M_TASKPOLICY_READY_679992F5,326,278,10,45,29
raw,M_TASKPOLICY_INITSIGNALS_5C831CB9,0,0,12,45,29
raw,M_TASKPOLICY_INITSIGNALS_5C831CB9,62,46,10,45,29
raw,M_TASKPOLICY_ADMIT_CF1671AB,0,0,16,45,29
raw,M_TASKPOLICY_ADMIT_CF1671AB,316,300,6,45,29
raw,M_TASKPOLICY_ADMIT_CF1671AB,405,373,6,45,29
raw,M_TASKPOLICY_ADMIT_CF1671AB,671,623,10,45,29
raw,M_TASKPOLICY_ADMIT_CF1671AB,774,710,6,45,29
raw,M_TASKPOLICY_INIT_57A5FAC8,0,0,30,45,29
raw,M_TASKPOLICY_INIT_57A5FAC8,46,30,4,45,29
raw,M_TASKPOLICY_INIT_57A5FAC8,162,130,4,45,29
raw,M_TASKPOLICY_INIT_57A5FAC8,233,185,4,45,29
raw,M_TASKPOLICY_INIT_57A5FAC8,304,240,4,45,29
raw,M_TASKPOLICY_INIT_57A5FAC8,375,295,4,45,29
raw,M_TASKPOLICY_INIT_57A5FAC8,520,424,6,45,29
raw,M_TASKPOLICY_INIT_57A5FAC8,601,489,6,45,29
raw,M_TASKPOLICY_INIT_57A5FAC8,838,710,4,45,29
raw,M_TASKPOLICY_INIT_57A5FAC8,1325,1181,6,45,29
raw,M_TASKPOLICY_INIT_57A5FAC8,1460,1300,6,45,29
raw,M_TASKPOLICY_INIT_57A5FAC8,1549,1373,6,45,29
raw,M_TASKPOLICY_INIT_57A5FAC8,2353,2161,6,45,29
raw,M_TASKPOLICY_INIT_57A5FAC8,2434,2226,4,45,29
raw,M_TASKPOLICY_INIT_57A5FAC8,2589,2365,10,45,29
raw,M_TASKPOLICY_INIT_57A5FAC8,2692,2452,8,45,29
raw,M_TASKPOLICY_INIT_57A5FAC8,2781,2525,4,45,29
raw,M_TASKPOLICY_TIMEDCOUNT_C3B59E74,0,0,8,45,29
raw,M_TASKPOLICY_ADJUSTTIMED_DDC1BE1E,0,0,10,45,29
raw,M_TASKPOLICY_WAKE_9E9C7518,0,0,16,45,29
raw,M_TASKPOLICY_WAKE_9E9C7518,113,97,4,45,29
raw,M_TASKPOLICY_WAKE_9E9C7518,354,322,4,45,29
raw,M_TASKPOLICY_WAKE_9E9C7518,435,387,6,45,29
raw,M_TASKPOLICY_SELECT_1A709B3E,0,0,14,45,29
raw,M_TASKPOLICY_SELECT_1A709B3E,46,30,4,45,29
raw,M_TASKPOLICY_SELECT_1A709B3E,167,135,6,45,29
raw,M_TASKPOLICY_SELECT_1A709B3E,304,256,4,45,29
raw,M_TASKPOLICY_SELECT_1A709B3E,429,365,6,45,29
raw,M_TASKPOLICY_SELECT_1A709B3E,586,506,6,45,29
raw,M_TASKPOLICY_SELECT_1A709B3E,709,613,8,45,29
raw,M_TASKPOLICY_SWITCH_98522C9E,0,0,8,45,29
raw,M_TASKPOLICY_SWITCH_98522C9E,109,93,10,45,29
raw,M_TASKPOLICY_SWITCH_98522C9E,274,242,6,45,29
raw,M_TASKPOLICY_SWITCH_98522C9E,437,389,6,45,29
raw,M_TASKPOLICY_SWITCH_98522C9E,557,493,6,45,29
raw,M_TASKPOLICY_EMPTYSIGNALS_EA2224E4,0,0,12,45,29
raw,M_TASKPOLICY_ADD_A5E7C92B,0,0,36,45,29
raw,M_TASKPOLICY_ADD_A5E7C92B,50,34,6,45,29
raw,M_TASKPOLICY_ADD_A5E7C92B,327,295,6,45,29
raw,M_TASKPOLICY_ADD_A5E7C92B,434,386,8,45,29
raw,M_TASKPOLICY_ADD_A5E7C92B,665,601,8,45,29
raw,M_TASKPOLICY_ADD_A5E7C92B,775,695,6,45,29
raw,M_TASKPOLICY_ADD_A5E7C92B,882,786,8,45,29
raw,M_TASKPOLICY_ADD_A5E7C92B,992,880,6,45,29
raw,M_TASKPOLICY_ADD_A5E7C92B,1107,979,6,45,29
raw,M_TASKPOLICY_ADD_A5E7C92B,1214,1070,8,45,29
raw,M_TASKPOLICY_ADD_A5E7C92B,1368,1208,6,45,29
raw,M_TASKPOLICY_ADD_A5E7C92B,1475,1299,8,45,29
raw,M_TASKPOLICY_ADD_A5E7C92B,1585,1393,6,45,29
raw,M_TASKPOLICY_ADD_A5E7C92B,1696,1488,8,45,29
raw,M_TASKPOLICY_ADD_A5E7C92B,1810,1586,4,45,29
raw,M_TASKPOLICY_ADD_A5E7C92B,1939,1699,16,45,29
raw,M_TASKPOLICY_ADD_A5E7C92B,2070,1814,8,45,29
raw,M_TASKPOLICY_ADD_A5E7C92B,2169,1897,4,45,29
raw,M_TASKPOLICY_ADD_A5E7C92B,2305,2017,10,45,29
raw,M_TASKPOLICY_REMOVETASK_35F29A21,0,0,18,45,29
raw,M_TASKPOLICY_REMOVETASK_35F29A21,88,72,6,45,29
raw,M_TASKPOLICY_REMOVETASK_35F29A21,215,183,6,45,29
raw,M_TASKPOLICY_REMOVETASK_35F29A21,416,368,6,45,29
raw,M_TASKPOLICY_REMOVETASK_35F29A21,573,509,6,45,29
raw,M_TASKPOLICY_REMOVETASK_35F29A21,688,608,6,45,29
raw,M_TASKPOLICY_REMOVETASK_35F29A21,803,707,6,45,29
raw,M_TASKPOLICY_REMOVETASK_35F29A21,918,806,6,45,29
raw,M_TASKPOLICY_REMOVETASK_35F29A21,1041,913,6,45,29
raw,M_TASKPOLICY_REMOVETASK_35F29A21,1161,1017,4,45,29
raw,M_TASKPOLICY_REMOVETASK_35F29A21,1309,1149,6,45,29
raw,M_TASKPOLICY_REMOVETASK_35F29A21,1870,1694,6,45,29
raw,M_TASKPOLICY_REMOVETASK_35F29A21,1959,1767,6,45,29
raw,M_TASKPOLICY_REMOVETASK_35F29A21,2048,1840,6,45,29
raw,M_TASKPOLICY_REMOVETASK_35F29A21,2181,1957,6,45,29
raw,M_TASKPOLICY_SAMENAME_968CD62D,0,0,18,45,29
raw,M_TASKPOLICY_FIND_0D9A09D7,0,0,16,45,29
raw,M_TASKPOLICY_FIND_0D9A09D7,88,72,4,45,29
raw,M_TASKPOLICY_FIND_0D9A09D7,305,273,4,45,29
raw,M_TASKPOLICY_FIND_0D9A09D7,525,477,10,45,29
raw,M_TASKPOLICY_PRIORITY_7FE7EE8A,0,0,16,45,29
raw,M_TASKPOLICY_PRIORITY_7FE7EE8A,50,34,6,45,29
raw,M_TASKPOLICY_PRIORITY_7FE7EE8A,177,145,6,45,29
raw,M_TASKPOLICY_PRIORITY_7FE7EE8A,365,317,8,45,29
raw,M_TASKPOLICY_PRIORITY_7FE7EE8A,573,509,8,45,29
raw,M_TASKPOLICY_EXCLUSION_DFE541A6,0,0,16,45,29
raw,M_TASKPOLICY_EXCLUSION_DFE541A6,400,384,10,45,29
raw,M_TASKPOLICY_SLEEPTASK_6A909BCC,0,0,16,45,29
raw,M_TASKPOLICY_SLEEPTASK_6A909BCC,62,46,8,45,29
raw,M_TASKPOLICY_SLEEPTASK_6A909BCC,181,149,8,45,29
raw,M_TASKPOLICY_SLEEPTASK_6A909BCC,293,245,10,45,29
raw,M_TASKPOLICY_SLEEPTASK_6A909BCC,412,348,8,45,29
raw,M_TASKPOLICY_SLEEPTASK_6A909BCC,528,448,8,45,29
raw,M_TASKPOLICY_SLEEPTASK_6A909BCC,682,586,10,45,29
raw,M_TASKPOLICY_SLEEPTASK_6A909BCC,795,683,4,45,29
raw,M_TASKPOLICY_SLEEPTASK_6A909BCC,980,852,8,45,29
raw,M_TASKPOLICY_SLEEPTASK_6A909BCC,1077,933,6,45,29
raw,M_TASKPOLICY_MASKRESULT_220A6FAB,0,0,20,45,29
raw,M_TASKPOLICY_MASKRESULT_220A6FAB,70,54,8,45,29
raw,M_TASKPOLICY_SIGNALBIT_7E52F9EF,0,0,14,45,29
raw,M_TASKPOLICY_ALLOCATEBIT_A349E154,0,0,28,45,29
raw,M_TASKPOLICY_ALLOCATEBIT_A349E154,121,105,4,45,29
raw,M_TASKPOLICY_ALLOCATEBIT_A349E154,559,527,4,45,29
raw,M_TASKPOLICY_ALLOCATEBIT_A349E154,1046,998,16,45,29
raw,M_TASKPOLICY_MASKS_49833CE1,0,0,38,45,29
raw,M_TASKPOLICY_MASKS_49833CE1,92,76,6,45,29
raw,M_TASKPOLICY_MASKS_49833CE1,270,238,8,45,29
raw,M_TASKPOLICY_MASKS_49833CE1,375,327,8,45,29
raw,M_TASKPOLICY_MASKS_49833CE1,619,555,4,45,29
raw,M_TASKPOLICY_MASKS_49833CE1,1330,1250,16,45,29
raw,M_TASKPOLICY_MASKS_49833CE1,1486,1390,10,45,29
raw,M_TASKPOLICY_COMPLETEWAIT_31FB45E4,0,0,16,45,29
raw,M_TASKPOLICY_COMPLETEWAIT_31FB45E4,124,108,6,45,29
raw,M_TASKPOLICY_COMPLETEWAIT_31FB45E4,436,404,10,45,29
raw,M_TASKPOLICY_WAITTASK_AD94C4A2,0,0,24,45,29
raw,M_TASKPOLICY_WAITTASK_AD94C4A2,50,34,6,45,29
raw,M_TASKPOLICY_WAITTASK_AD94C4A2,177,145,6,45,29
raw,M_TASKPOLICY_WAITTASK_AD94C4A2,350,302,12,45,29
raw,M_TASKPOLICY_WAITTASK_AD94C4A2,632,568,10,45,29
raw,M_TASKPOLICY_WAITTASK_AD94C4A2,748,668,6,45,29
raw,M_TASKPOLICY_POSTSIGNAL_10773240,0,0,22,45,29
raw,M_TASKPOLICY_POSTSIGNAL_10773240,96,80,16,45,29
raw,M_TASKPOLICY_POSTSIGNAL_10773240,248,216,6,45,29
raw,M_TASKPOLICY_POSTSIGNAL_10773240,359,311,6,45,29
raw,M_TASKPOLICY_SIGNALTASK_806F80F5,0,0,24,45,29
raw,M_TASKPOLICY_SIGNALTASK_806F80F5,50,34,6,45,29
raw,M_TASKPOLICY_SIGNALTASK_806F80F5,219,187,6,45,29
raw,M_TASKPOLICY_SIGNALTASK_806F80F5,577,529,12,45,29
raw,M_TASKPOLICY_SIGNALTASK_806F80F5,739,675,10,45,29
raw,M_TASKPOLICY_CANCELWAKE_8ADC984A,0,0,4,45,29
raw,M_TASKPOLICY_CANCELWAKE_8ADC984A,93,77,6,45,29
raw,M_TASKPOLICY_DRAINONE_68E56764,0,0,14,45,29
raw,M_TASKPOLICY_DRAINONE_68E56764,46,30,4,45,29
raw,M_TASKPOLICY_DRAINONE_68E56764,322,290,6,45,29
raw,M_TASKPOLICY_DRAINONE_68E56764,488,440,6,45,29
raw,M_TASKPOLICY_DRAINONE_68E56764,599,535,6,45,29
raw,M_TASKPOLICY_DRAINWAKES_15F017CB,0,0,4,45,29
raw,M_TASKPOLICY_DRAINWAKES_15F017CB,54,38,4,45,29
raw,M_TASKPOLICY_DRAINWAKES_15F017CB,125,93,4,45,29
raw,M_TASKPOLICY_DRAINWAKES_15F017CB,300,252,4,45,29
raw,M_TASKPOLICY_BOUNDPRODUCER_6D7B4E54,0,0,12,45,29
raw,M_TASKPOLICY_BOUNDPRODUCER_6D7B4E54,70,54,6,45,29
raw,M_TASKPOLICY_BOUNDPRODUCER_6D7B4E54,185,153,6,45,29
raw,M_TASKPOLICY_BOUNDPRODUCER_6D7B4E54,300,252,6,45,29
raw,M_TASKPOLICY_BOUNDPRODUCER_6D7B4E54,415,351,6,45,29
raw,M_TASKPOLICY_PRODUCERCONTROL_52F9499B,0,0,22,45,29
raw,M_TASKPOLICY_PRODUCERCONTROL_52F9499B,66,50,6,45,29
raw,M_TASKPOLICY_PRODUCERCONTROL_52F9499B,235,203,4,45,29
raw,M_TASKPOLICY_PRODUCERCONTROL_52F9499B,467,419,4,45,29
raw,M_TASKPOLICY_PRODUCERCONTROL_52F9499B,611,547,10,45,29
raw,M_TASKPOLICY_PRODUCERCONTROL_52F9499B,779,699,8,45,29
raw,M_TASKPOLICY_PRODUCERCONTROL_52F9499B,883,787,6,45,29
raw,M_TASKPOLICY_PRODUCERCONTROL_52F9499B,1036,924,6,45,29
raw,M_TASKPOLICY_PRODUCERCONTROL_52F9499B,1527,1399,4,45,29
raw,M_TASKPOLICY_PRODUCERCONTROL_52F9499B,1616,1472,8,45,29
raw,M_TASKPOLICY_MEMORYSERVICE_7FAD083C,0,0,4,45,29
raw,M_TASKPOLICY_MEMORYPACKET_B36B55BB,0,0,16,45,29
raw,M_TASKPOLICY_MEMORYPACKET_B36B55BB,62,46,8,45,29
raw,M_TASKPOLICY_MEMORYCALL_E7816C43,0,0,32,45,29
raw,M_TASKPOLICY_MEMORYCALL_E7816C43,66,50,10,45,29
raw,M_TASKPOLICY_MEMORYCALL_E7816C43,199,167,6,45,29
raw,M_TASKPOLICY_MEMORYCALL_E7816C43,462,414,12,45,29
raw,M_TASKPOLICY_MEMORYCALL_E7816C43,613,549,10,45,29
raw,M_TASKPOLICY_MEMORYCALL_E7816C43,776,696,12,45,29
raw,M_TASKPOLICY_MEMORYCALL_E7816C43,927,831,10,45,29
raw,M_TASKPOLICY_MEMORYCALL_E7816C43,1138,1026,12,45,29
raw,M_TASKPOLICY_MEMORYCALL_E7816C43,1325,1197,6,45,29
raw,M_TASKPOLICY_MEMORYCALL_E7816C43,1492,1348,8,45,29
raw,M_TASKPOLICY_MEMORYCALL_E7816C43,1598,1438,10,45,29
raw,M_TASKPOLICY_MEMORYCALL_E7816C43,1783,1607,6,45,29
raw,M_TASKPOLICY_MEMORYCALL_E7816C43,1883,1691,10,45,29
raw,M_TASKPOLICY_PORTSERVICE_8D598BCC,0,0,4,45,29
raw,M_TASKPOLICY_INITPORTS_2CB7E92A,0,0,12,45,29
raw,M_TASKPOLICY_INITPORTS_2CB7E92A,90,74,6,45,29
raw,M_TASKPOLICY_PORTSTORAGE_D3468DA2,0,0,14,45,29
raw,M_TASKPOLICY_VALIDPORT_7710F985,0,0,4,45,29
raw,M_TASKPOLICY_VALIDPORT_7710F985,54,38,6,45,29
raw,M_TASKPOLICY_VALIDMESSAGE_C0DE7739,0,0,14,45,29
raw,M_TASKPOLICY_SENDMESSAGE_7332557D,0,0,20,45,29
raw,M_TASKPOLICY_SENDMESSAGE_7332557D,54,38,6,45,29
raw,M_TASKPOLICY_SENDMESSAGE_7332557D,329,297,6,45,29
raw,M_TASKPOLICY_SENDMESSAGE_7332557D,505,457,4,45,29
raw,M_TASKPOLICY_SENDMESSAGE_7332557D,731,667,10,45,29
raw,M_TASKPOLICY_SENDMESSAGE_7332557D,868,788,12,45,29
raw,M_TASKPOLICY_PORTHEAD_A12A0751,0,0,16,45,29
raw,M_TASKPOLICY_PORTHEAD_A12A0751,54,38,6,45,29
raw,M_TASKPOLICY_PORTHEAD_A12A0751,173,141,6,45,29
raw,M_TASKPOLICY_PORTHEAD_A12A0751,555,507,6,45,29
raw,M_TASKPOLICY_PORTHEAD_A12A0751,740,676,8,45,29
raw,M_TASKPOLICY_PORTDELETE_CF47DFE6,0,0,22,45,29
raw,M_TASKPOLICY_PORTDELETE_CF47DFE6,54,38,6,45,29
raw,M_TASKPOLICY_PORTDELETE_CF47DFE6,408,376,4,45,29
raw,M_TASKPOLICY_PORTDELETE_CF47DFE6,787,739,6,45,29
raw,M_TASKPOLICY_PORTDELETE_CF47DFE6,941,877,8,45,29
raw,M_TASKPOLICY_REGISTRYCALL_6B5FFB7F,0,0,18,45,29
raw,M_TASKPOLICY_REGISTRYCALL_6B5FFB7F,162,146,10,45,29
raw,M_TASKPOLICY_REGISTRYCALL_6B5FFB7F,325,293,8,45,29
raw,M_TASKPOLICY_REGISTRYCALL_6B5FFB7F,487,439,6,45,29
raw,M_TASKPOLICY_REGISTRYCALL_6B5FFB7F,638,574,6,45,29
raw,M_TASKPOLICY_REGISTRYCALL_6B5FFB7F,740,660,6,45,29
raw,M_TASKPOLICY_REGISTRYCALL_6B5FFB7F,1027,931,6,45,29
raw,M_TASKPOLICY_REGISTRYCALL_6B5FFB7F,1206,1094,10,45,29
raw,M_TASKPOLICY_QUEUECALL_62B0545B,0,0,24,45,29
raw,M_TASKPOLICY_QUEUECALL_62B0545B,116,100,6,45,29
raw,M_TASKPOLICY_QUEUECALL_62B0545B,286,254,6,45,29
raw,M_TASKPOLICY_QUEUECALL_62B0545B,435,387,8,45,29
raw,M_TASKPOLICY_QUEUECALL_62B0545B,607,543,6,45,29
raw,M_TASKPOLICY_QUEUECALL_62B0545B,776,696,16,45,29
raw,M_TASKPOLICY_QUEUECALL_62B0545B,977,881,6,45,29
raw,M_TASKPOLICY_QUEUECALL_62B0545B,1234,1122,16,45,29
raw,M_TASKPOLICY_PORTCALL_70989793,0,0,24,45,29
raw,M_TASKPOLICY_PORTCALL_70989793,62,46,8,45,29
raw,M_TASKPOLICY_PORTCALL_70989793,378,346,6,45,29
raw,M_TASKPOLICY_PORTCALL_70989793,575,527,10,45,29
raw,M_TASKPOLICY_PORTCALL_70989793,756,692,12,45,29
raw,M_TASKPOLICY_PORTCALL_70989793,945,865,12,45,29
raw,M_TASKPOLICY_PORTCALL_70989793,1096,1000,14,45,29
raw,M_TASKPOLICY_IOSERVICE_1E6CF653,0,0,4,45,29
raw,M_TASKPOLICY_INITIONAMES_D8642B1E,0,0,14,45,29
raw,M_TASKPOLICY_INITIO_35D5D1E4,0,0,16,45,29
raw,M_TASKPOLICY_INITIO_35D5D1E4,550,534,6,45,29
raw,M_TASKPOLICY_INITIO_35D5D1E4,867,835,4,45,29
raw,M_TASKPOLICY_INITIO_35D5D1E4,954,906,4,45,29
raw,M_TASKPOLICY_IOEXTENT_9818C08A,0,0,20,45,29
raw,M_TASKPOLICY_IOEXTENT_9818C08A,86,70,6,45,29
raw,M_TASKPOLICY_IOERROR_9413450C,0,0,14,45,29
raw,M_TASKPOLICY_IOERROR_9413450C,144,128,10,45,29
raw,M_TASKPOLICY_IONAME_8B922013,0,0,8,45,29
raw,M_TASKPOLICY_IONAME_8B922013,125,109,10,45,29
raw,M_TASKPOLICY_IOBOUND_33A4879E,0,0,16,45,29
raw,M_TASKPOLICY_IOBOUND_33A4879E,54,38,6,45,29
raw,M_TASKPOLICY_IOBOUND_33A4879E,169,137,6,45,29
raw,M_TASKPOLICY_IOOPEN_15F8E966,0,0,16,45,29
raw,M_TASKPOLICY_IOOPEN_15F8E966,108,92,10,45,29
raw,M_TASKPOLICY_IOOPEN_15F8E966,351,319,6,45,29
raw,M_TASKPOLICY_IOOPEN_15F8E966,466,418,8,45,29
raw,M_TASKPOLICY_IOOPEN_15F8E966,686,622,10,45,29
raw,M_TASKPOLICY_IOOPEN_15F8E966,815,735,8,45,29
raw,M_TASKPOLICY_IOOPEN_15F8E966,936,840,8,45,29
raw,M_TASKPOLICY_IOOPENTEST_C4ABA6E6,0,0,20,45,29
raw,M_TASKPOLICY_IOOPENTEST_C4ABA6E6,563,547,10,45,29
raw,M_TASKPOLICY_IOOPENTEST_C4ABA6E6,827,795,10,45,29
raw,M_TASKPOLICY_IOOPENTEST_C4ABA6E6,1402,1354,6,45,29
raw,M_TASKPOLICY_IOCOMPLETE_88BA0BF3,0,0,20,45,29
raw,M_TASKPOLICY_IOCOMPLETE_88BA0BF3,153,137,6,45,29
raw,M_TASKPOLICY_IOCOMPLETE_88BA0BF3,336,304,16,45,29
raw,M_TASKPOLICY_IOWAITOWNER_63A51E9E,0,0,16,45,29
raw,M_TASKPOLICY_IOWAITOWNER_63A51E9E,96,80,6,45,29
raw,M_TASKPOLICY_IOCOLLECT_D169FE6C,0,0,16,45,29
raw,M_TASKPOLICY_IOCOLLECT_D169FE6C,62,46,10,45,29
raw,M_TASKPOLICY_IOCOLLECT_D169FE6C,359,327,10,45,29
raw,M_TASKPOLICY_IOCOLLECT_D169FE6C,542,494,6,45,29
raw,M_TASKPOLICY_IOCOLLECT_D169FE6C,736,672,6,45,29
raw,M_TASKPOLICY_IOENQUEUE_EC975914,0,0,24,45,29
raw,M_TASKPOLICY_IOENQUEUE_EC975914,344,328,12,45,29
raw,M_TASKPOLICY_IOENQUEUE_EC975914,686,654,12,45,29
raw,M_TASKPOLICY_IOENQUEUE_EC975914,1197,1149,12,45,29
raw,M_TASKPOLICY_IOENQUEUE_EC975914,1392,1328,10,45,29
raw,M_TASKPOLICY_IOENQUEUE_EC975914,1551,1471,12,45,29
raw,M_TASKPOLICY_IOBEGIN_A0C610B5,0,0,14,45,29
raw,M_TASKPOLICY_IOBEGIN_A0C610B5,54,38,6,45,29
raw,M_TASKPOLICY_IOBEGIN_A0C610B5,195,163,6,45,29
raw,M_TASKPOLICY_IOBEGIN_A0C610B5,393,345,10,45,29
raw,M_TASKPOLICY_IOBEGIN_A0C610B5,573,509,10,45,29
raw,M_TASKPOLICY_IOBEGIN_A0C610B5,730,650,6,45,29
raw,M_TASKPOLICY_IOBEGIN_A0C610B5,853,757,12,45,29
raw,M_TASKPOLICY_IOBEGIN_A0C610B5,1135,1023,12,45,29
raw,M_TASKPOLICY_IOBEGIN_A0C610B5,1278,1150,12,45,29
raw,M_TASKPOLICY_IOTESTBEGIN_2E780855,0,0,18,45,29
raw,M_TASKPOLICY_IOTESTBEGIN_2E780855,545,529,12,45,29
raw,M_TASKPOLICY_IOTESTBEGIN_2E780855,774,742,12,45,29
raw,M_TASKPOLICY_IOABORT_1EC95CFC,0,0,18,45,29
raw,M_TASKPOLICY_IOABORT_1EC95CFC,54,38,6,45,29
raw,M_TASKPOLICY_IOABORT_1EC95CFC,229,197,6,45,29
raw,M_TASKPOLICY_IOABORT_1EC95CFC,352,304,12,45,29
raw,M_TASKPOLICY_IOABORT_1EC95CFC,634,570,12,45,29
raw,M_TASKPOLICY_IOABORT_1EC95CFC,1137,1057,6,45,29
raw,M_TASKPOLICY_IOABORT_1EC95CFC,1273,1177,12,45,29
raw,M_TASKPOLICY_IOWORKERCONTROL_3D43EE5B,0,0,14,45,29
raw,M_TASKPOLICY_IOWORKERCONTROL_3D43EE5B,644,628,6,45,29
raw,M_TASKPOLICY_IOWORKERCONTROL_3D43EE5B,866,834,10,45,29
raw,M_TASKPOLICY_IOCLAIM_E59988BA,0,0,16,45,29
raw,M_TASKPOLICY_IOCLAIM_E59988BA,146,130,6,45,29
raw,M_TASKPOLICY_IOCLAIM_E59988BA,466,434,10,45,29
raw,M_TASKPOLICY_IOTEST_D46D842E,0,0,18,45,29
raw,M_TASKPOLICY_IOTEST_D46D842E,235,219,14,45,29
raw,M_TASKPOLICY_IOTEST_D46D842E,472,440,8,45,29
raw,M_TASKPOLICY_IOTEST_D46D842E,792,744,10,45,29
raw,M_TASKPOLICY_IOTEST_D46D842E,952,888,12,45,29
raw,M_TASKPOLICY_IOTESTFINISH_35E02F77,0,0,20,45,29
raw,M_TASKPOLICY_IOTESTFINISH_35E02F77,490,474,10,45,29
raw,M_TASKPOLICY_IOTESTFINISH_35E02F77,605,573,12,45,29
raw,M_TASKPOLICY_IOCALL_78031962,0,0,28,45,29
raw,M_TASKPOLICY_IOCALL_78031962,62,46,8,45,29
raw,M_TASKPOLICY_IOCALL_78031962,450,418,6,45,29
raw,M_TASKPOLICY_IOCALL_78031962,625,577,12,45,29
raw,M_TASKPOLICY_IOCALL_78031962,823,759,10,45,29
raw,M_TASKPOLICY_IOCALL_78031962,1008,928,6,45,29
raw,M_TASKPOLICY_IOCALL_78031962,1107,1011,8,45,29
raw,M_TASKPOLICY_IOCALL_78031962,1255,1143,8,45,29
raw,M_TASKPOLICY_IOCALL_78031962,1446,1318,10,45,29
raw,M_TASKPOLICY_IOCALL_78031962,1600,1456,8,45,29
raw,M_TASKPOLICY_IOCALL_78031962,1728,1568,14,45,29
raw,M_TASKPOLICY_IOREQUESTCALL_7ACD78BD,0,0,14,45,29
raw,M_TASKPOLICY_IOREQUESTCALL_7ACD78BD,66,50,10,45,29
raw,M_TASKPOLICY_IOREQUESTCALL_7ACD78BD,289,257,14,45,29
raw,M_TASKPOLICY_IOREQUESTCALL_7ACD78BD,446,398,14,45,29
raw,M_TASKPOLICY_IOSETTLEDCALL_042AE5B9,0,0,20,45,29
raw,M_TASKPOLICY_IOSETTLEDCALL_042AE5B9,161,145,6,45,29
raw,M_TASKPOLICY_IOSETTLEDCALL_042AE5B9,284,252,6,45,29
raw,M_TASKPOLICY_IOSETTLEDCALL_042AE5B9,399,351,8,45,29
raw,M_TASKPOLICY_IOSETTLEDCALL_042AE5B9,655,591,6,45,29
raw,M_TASKPOLICY_IOSETTLEDCALL_042AE5B9,971,891,12,45,29
raw,M_TASKPOLICY_IOSETTLEDCALL_042AE5B9,1134,1038,12,45,29
raw,M_TASKPOLICY_IOSETTLEDCALL_042AE5B9,1360,1248,8,45,29
raw,M_TASKPOLICY_INITSIOSTATE_10B63F2C,0,0,20,45,29
raw,M_TASKPOLICY_SIOBOUND_346E47DB,0,0,26,45,29
raw,M_TASKPOLICY_SIOOPEN_38E97F75,0,0,30,45,29
raw,M_TASKPOLICY_SIOOPEN_38E97F75,337,321,6,45,29
raw,M_TASKPOLICY_SIOOPEN_38E97F75,1719,1687,6,45,29
raw,M_TASKPOLICY_SIOCLOSE_4815C4E5,0,0,16,45,29
raw,M_TASKPOLICY_SIOENQUEUE_F49C65E1,0,0,24,45,29
raw,M_TASKPOLICY_SIOENQUEUE_F49C65E1,285,269,12,45,29
raw,M_TASKPOLICY_SIOENQUEUE_F49C65E1,545,513,12,45,29
raw,M_TASKPOLICY_SIOENQUEUE_F49C65E1,771,723,16,45,29
raw,M_TASKPOLICY_SIOABORT_410D8B25,0,0,20,45,29
raw,M_TASKPOLICY_SIOABORT_410D8B25,320,304,6,45,29
raw,M_TASKPOLICY_SIOABORT_410D8B25,456,424,12,45,29
raw,M_TASKPOLICY_SIOPREPAREWORKER_A27B8738,0,0,22,45,29
raw,M_TASKPOLICY_SIOPREPAREWORKER_A27B8738,807,791,6,45,29
raw,M_TASKPOLICY_SIOPREPAREBUS_A2AD2C52,0,0,14,45,29
raw,M_TASKPOLICY_SIOPREPAREBUS_A2AD2C52,381,365,6,45,29
raw,M_TASKPOLICY_SIOADMIT_DC2C0CF4,0,0,30,45,29
raw,M_TASKPOLICY_SIOADMIT_DC2C0CF4,371,355,4,45,29
raw,M_TASKPOLICY_SIOADMIT_DC2C0CF4,621,589,6,45,29
raw,M_TASKPOLICY_SIOADMIT_DC2C0CF4,742,694,10,45,29
raw,M_TASKPOLICY_SIOADMIT_DC2C0CF4,875,811,16,45,29
raw,M_TASKPOLICY_SIOTAKE_23947030,0,0,18,45,29
raw,M_TASKPOLICY_SIOTAKE_23947030,255,239,6,45,29
raw,M_TASKPOLICY_SIOTAKE_23947030,638,606,10,45,29
raw,M_TASKPOLICY_SIOFINISH_B1C2A78C,0,0,26,45,29
raw,M_TASKPOLICY_SIOFINISH_B1C2A78C,595,579,10,45,29
raw,M_TASKPOLICY_SIOFINISH_B1C2A78C,710,678,12,45,29
raw,M_TASKPOLICY_SIOSTOP_31FA5BA1,0,0,8,45,29
raw,M_TASKPOLICY_SIOSTOP_31FA5BA1,208,192,6,45,29
raw,M_TASKPOLICY_SIOSTOP_31FA5BA1,382,350,10,45,29
raw,M_TASKPOLICY_SIOSTOP_31FA5BA1,594,546,12,45,29
raw,M_TASKPOLICY_SIOSTOP_31FA5BA1,764,700,10,45,29
raw,M_TASKPOLICY_SIOWORKERCONTROL_ABEF18A6,0,0,18,45,29
raw,M_TASKPOLICY_SIOWORKERCONTROL_ABEF18A6,189,173,10,45,29
raw,M_TASKPOLICY_SIOWORKERCONTROL_ABEF18A6,329,297,8,45,29
raw,M_TASKPOLICY_SIOWORKERCONTROL_ABEF18A6,777,729,10,45,29
raw,M_TASKPOLICY_SIOWORKERCONTROL_ABEF18A6,933,869,10,45,29
raw,M_TASKPOLICY_SIOWORKERCONTROL_ABEF18A6,1081,1001,12,45,29
raw,M_TASKPOLICY_SIOWORKERCONTROL_ABEF18A6,1271,1175,12,45,29
raw,M_TASKPOLICY_SIOWORKERCONTROL_ABEF18A6,1461,1349,10,45,29
raw,M_TASKPOLICY_SIOWORKERCONTROL_ABEF18A6,1632,1504,10,45,29
raw,M_TASKPOLICY_SIOPAUSE_4B7D62A1,0,0,10,45,29
raw,M_TASKPOLICY_SIOPAUSE_4B7D62A1,66,50,10,45,29
raw,M_TASKPOLICY_SIOPAUSE_4B7D62A1,161,129,4,45,29
raw,M_TASKPOLICY_SIOPAUSE_4B7D62A1,343,295,8,45,29
raw,M_TASKPOLICY_SIOPAUSE_4B7D62A1,440,376,6,45,29
raw,M_TASKPOLICY_SIOCONTROL_0EC256A4,0,0,22,45,29
raw,M_TASKPOLICY_SIOCONTROL_0EC256A4,233,217,10,45,29
raw,M_TASKPOLICY_SIOCONTROL_0EC256A4,430,398,6,45,29
raw,M_TASKPOLICY_SIOCONTROL_0EC256A4,533,485,10,45,29
raw,M_TASKPOLICY_SIOCONTROL_0EC256A4,719,655,10,45,29
raw,M_TASKPOLICY_SIOCONTROL_0EC256A4,914,834,10,45,29
raw,M_TASKPOLICY_SIOCONTROL_0EC256A4,1081,985,12,45,29
raw,M_TASKPOLICY_SIOCONTROL_0EC256A4,1251,1139,14,45,29
raw,M_TASKPOLICY_SIOWORKERBOUND_9EFBF9DD,0,0,14,45,29
raw,M_TASKPOLICY_SIORESIDENTCOUNT_72BFE78E,0,0,14,45,29
raw,M_TASKPOLICY_SIOREMOVED_B08060ED,0,0,18,45,29
raw,M_TASKPOLICY_SIOREMOVED_B08060ED,323,307,4,45,29
raw,M_TASKPOLICY_SIOREMOVED_B08060ED,415,383,4,45,29
raw,M_TASKPOLICY_SIOREMOVED_B08060ED,731,683,6,45,29
raw,M_TASKPOLICY_SIOREMOVED_B08060ED,911,847,12,45,29
raw,M_TASKPOLICY_DOSSLOTFOR_362EB215,0,0,12,45,29
raw,M_TASKPOLICY_DOSRESET_224DFB33,0,0,12,45,29
raw,M_TASKPOLICY_DOSRESET_224DFB33,54,38,6,45,29
raw,M_TASKPOLICY_DOSCANREMOVE_DB41E74E,0,0,16,45,29
raw,M_TASKPOLICY_DOSCANREMOVE_DB41E74E,54,38,6,45,29
raw,M_TASKPOLICY_DOSCURRENT_4399DFDB,0,0,16,45,29
raw,M_TASKPOLICY_DOSCURRENT_4399DFDB,105,89,6,45,29
raw,M_TASKPOLICY_DOSCURRENT_4399DFDB,340,308,8,45,29
raw,M_TASKPOLICY_DOSINIT_97B41A44,0,0,30,45,29
raw,M_TASKPOLICY_DOSWORKERBOUND_DB9BCF66,0,0,16,45,29
raw,M_TASKPOLICY_DOSRESIDENTCOUNT_ABEF6AC1,0,0,14,45,29
raw,M_TASKPOLICY_DOSREMOVED_D36757B2,0,0,24,45,29
raw,M_TASKPOLICY_DOSREMOVED_D36757B2,468,452,4,45,29
raw,M_TASKPOLICY_DOSREMOVED_D36757B2,876,844,12,45,29
raw,M_TASKPOLICY_DOSPREPARE_61B1CC0D,0,0,22,45,29
raw,M_TASKPOLICY_DOSPREPARE_61B1CC0D,647,631,6,45,29
raw,M_TASKPOLICY_DOSADMIT_DEA63DC3,0,0,26,45,29
raw,M_TASKPOLICY_DOSADMIT_DEA63DC3,376,360,4,45,29
raw,M_TASKPOLICY_DOSADMIT_DEA63DC3,642,610,10,45,29
raw,M_TASKPOLICY_DOSADMIT_DEA63DC3,911,863,16,45,29
raw,M_TASKPOLICY_DOSCONTROL_C7F82CE3,0,0,22,45,29
raw,M_TASKPOLICY_DOSCONTROL_C7F82CE3,50,34,6,45,29
raw,M_TASKPOLICY_DOSCONTROL_C7F82CE3,240,208,8,45,29
raw,M_TASKPOLICY_DOSCONTROL_C7F82CE3,431,383,6,45,29
raw,M_TASKPOLICY_DOSCONTROL_C7F82CE3,528,464,8,45,29
raw,M_TASKPOLICY_DOSCONTROL_C7F82CE3,846,766,10,45,29
raw,M_TASKPOLICY_DOSCONTROL_C7F82CE3,973,877,8,45,29
raw,M_TASKPOLICY_CONSOLEINIT_02CC0011,0,0,14,45,29
raw,M_TASKPOLICY_CONSOLEINIT_02CC0011,356,340,4,45,29
raw,M_TASKPOLICY_CONSOLESERVICE_C7B70ED2,0,0,4,45,29
raw,M_TASKPOLICY_CONSOLEPRODUCERBOUND_02AD29D1,0,0,14,45,29
raw,M_TASKPOLICY_CONSOLEFORGETBINDING_5044609F,0,0,14,45,29
raw,M_TASKPOLICY_CONSOLEPACKETVALID_068AA429,0,0,14,45,29
raw,M_TASKPOLICY_CONSOLEPACKETVALID_068AA429,62,46,8,45,29
raw,M_TASKPOLICY_CONSOLEUNBIND_D1E0D209,0,0,22,45,29
raw,M_TASKPOLICY_CONSOLEUNBIND_D1E0D209,161,145,4,45,29
raw,M_TASKPOLICY_CONSOLEUNBIND_D1E0D209,232,200,4,45,29
raw,M_TASKPOLICY_CONSOLEUNBIND_D1E0D209,413,365,16,45,29
raw,M_TASKPOLICY_CONSOLEUNBIND_D1E0D209,557,493,4,45,29
raw,M_TASKPOLICY_CONSOLEPRODUCERCONTROL_28DEB132,0,0,10,45,29
raw,M_TASKPOLICY_CONSOLEPRODUCERCONTROL_28DEB132,78,62,10,45,29
raw,M_TASKPOLICY_CONSOLEPRODUCERCONTROL_28DEB132,211,179,10,45,29
raw,M_TASKPOLICY_CONSOLEBINDCONTROL_DC86D25B,0,0,22,45,29
raw,M_TASKPOLICY_CONSOLEBINDCONTROL_DC86D25B,139,123,6,45,29
raw,M_TASKPOLICY_CONSOLEBINDCONTROL_DC86D25B,328,296,12,45,29
raw,M_TASKPOLICY_CONSOLEBINDCONTROL_DC86D25B,506,458,8,45,29
raw,M_TASKPOLICY_CONSOLEBINDCONTROL_DC86D25B,630,566,12,45,29
raw,M_TASKPOLICY_CONSOLEBINDCONTROL_DC86D25B,769,689,6,45,29
raw,M_TASKPOLICY_CONSOLEBINDCONTROL_DC86D25B,1162,1066,8,45,29
raw,M_TASKPOLICY_CONSOLEBINDCONTROL_DC86D25B,1560,1448,8,45,29
raw,M_TASKPOLICY_CONSOLEBINDCONTROL_DC86D25B,1830,1702,4,45,29
raw,M_TASKPOLICY_CONSOLEBINDCONTROL_DC86D25B,1931,1787,4,45,29
raw,M_TASKPOLICY_CONSOLEBINDCONTROL_DC86D25B,2022,1862,8,45,29
raw,M_TASKPOLICY_CONSOLESTATE_630D302C,0,0,8,45,29
raw,M_TASKPOLICY_CONSOLEINSTANCE_9C722438,0,0,8,45,29
raw,M_TASKPOLICY_CONSOLENAMES_B9E6EA95,0,0,16,45,29
raw,M_TASKPOLICY_CONSOLENAME_0C46F590,0,0,12,45,29
raw,M_TASKPOLICY_CONSOLENAME_0C46F590,135,119,10,45,29
raw,M_TASKPOLICY_CONSOLEDEVICE_34497CA3,0,0,12,45,29
raw,M_TASKPOLICY_CONSOLEBOUND_8755F553,0,0,16,45,29
raw,M_TASKPOLICY_CONSOLEBOUND_8755F553,46,30,4,45,29
raw,M_TASKPOLICY_CONSOLEBOUND_8755F553,149,117,6,45,29
raw,M_TASKPOLICY_CONSOLEOPEN_4090447D,0,0,22,45,29
raw,M_TASKPOLICY_CONSOLEOPEN_4090447D,46,30,4,45,29
raw,M_TASKPOLICY_CONSOLEOPEN_4090447D,141,109,4,45,29
raw,M_TASKPOLICY_CONSOLEOPEN_4090447D,814,766,4,45,29
raw,M_TASKPOLICY_CONSOLEOPEN_4090447D,1277,1213,6,45,29
raw,M_TASKPOLICY_CONSOLEIDLE_D6547573,0,0,8,45,29
raw,M_TASKPOLICY_CONSOLEIDLE_D6547573,296,280,6,45,29
raw,M_TASKPOLICY_CONSOLEIDLE_D6547573,485,453,6,45,29
raw,M_TASKPOLICY_CONSOLECLOSE_04E65EB3,0,0,14,45,29
raw,M_TASKPOLICY_CONSOLECLOSE_04E65EB3,46,30,4,45,29
raw,M_TASKPOLICY_CONSOLECLOSE_04E65EB3,141,109,4,45,29
raw,M_TASKPOLICY_CONSOLECLOSE_04E65EB3,252,204,10,45,29
raw,M_TASKPOLICY_CONSOLECLOSE_04E65EB3,575,511,4,45,29
raw,M_TASKPOLICY_CONSOLEIMMEDIATE_DAE617FC,0,0,18,45,29
raw,M_TASKPOLICY_CONSOLEENQUEUE_BE188809,0,0,30,45,29
raw,M_TASKPOLICY_CONSOLEENQUEUE_BE188809,46,30,4,45,29
raw,M_TASKPOLICY_CONSOLEENQUEUE_BE188809,141,109,4,45,29
raw,M_TASKPOLICY_CONSOLEENQUEUE_BE188809,284,236,6,45,29
raw,M_TASKPOLICY_CONSOLEENQUEUE_BE188809,449,385,12,45,29
raw,M_TASKPOLICY_CONSOLEENQUEUE_BE188809,709,629,12,45,29
raw,M_TASKPOLICY_CONSOLEENQUEUE_BE188809,1063,967,12,45,29
raw,M_TASKPOLICY_CONSOLEENQUEUE_BE188809,1340,1228,12,45,29
raw,M_TASKPOLICY_CONSOLEENQUEUE_BE188809,1754,1626,16,45,29
raw,M_TASKPOLICY_CONSOLEWAKE_FE0543B3,0,0,8,45,29
raw,M_TASKPOLICY_CONSOLEWAKE_FE0543B3,92,76,12,45,29
raw,M_TASKPOLICY_CONSOLEABORT_CCCE9F0D,0,0,20,45,29
raw,M_TASKPOLICY_CONSOLEABORT_CCCE9F0D,46,30,4,45,29
raw,M_TASKPOLICY_CONSOLEABORT_CCCE9F0D,141,109,4,45,29
raw,M_TASKPOLICY_CONSOLEABORT_CCCE9F0D,365,317,10,45,29
raw,M_TASKPOLICY_CONSOLEABORT_CCCE9F0D,602,538,10,45,29
raw,M_TASKPOLICY_CONSOLEABORT_CCCE9F0D,878,798,10,45,29
raw,M_TASKPOLICY_CONSOLEABORT_CCCE9F0D,1063,967,6,45,29
raw,M_TASKPOLICY_CONSOLEABORT_CCCE9F0D,1199,1087,12,45,29
raw,M_TASKPOLICY_CONSOLEPREPARE_8098E872,0,0,22,45,29
raw,M_TASKPOLICY_CONSOLEPREPARE_8098E872,793,777,6,45,29
raw,M_TASKPOLICY_CONSOLEADMIT_A01C3E0C,0,0,32,45,29
raw,M_TASKPOLICY_CONSOLEADMIT_A01C3E0C,46,30,4,45,29
raw,M_TASKPOLICY_CONSOLEADMIT_A01C3E0C,141,109,4,45,29
raw,M_TASKPOLICY_CONSOLEADMIT_A01C3E0C,662,614,4,45,29
raw,M_TASKPOLICY_CONSOLEADMIT_A01C3E0C,920,856,10,45,29
raw,M_TASKPOLICY_CONSOLEADMIT_A01C3E0C,1357,1277,6,45,29
raw,M_TASKPOLICY_CONSOLEADMIT_A01C3E0C,1632,1536,6,45,29
raw,M_TASKPOLICY_CONSOLEADMIT_A01C3E0C,1751,1639,16,45,29
raw,M_TASKPOLICY_CONSOLETAKEARRIVAL_2A1E971F,0,0,16,45,29
raw,M_TASKPOLICY_CONSOLETAKEARRIVAL_2A1E971F,165,149,6,45,29
raw,M_TASKPOLICY_CONSOLETAKEARRIVAL_2A1E971F,306,274,10,45,29
raw,M_TASKPOLICY_CONSOLETAKEARRIVAL_2A1E971F,683,635,10,45,29
raw,M_TASKPOLICY_CONSOLETAKEARRIVAL_2A1E971F,920,856,10,45,29
raw,M_TASKPOLICY_CONSOLETAKEWRITE_96FEA12D,0,0,12,45,29
raw,M_TASKPOLICY_CONSOLETAKEWRITE_96FEA12D,185,169,6,45,29
raw,M_TASKPOLICY_CONSOLETAKEWRITE_96FEA12D,417,385,10,45,29
raw,M_TASKPOLICY_CONSOLEFINISH_F43924B4,0,0,20,45,29
raw,M_TASKPOLICY_CONSOLEFINISH_F43924B4,46,30,4,45,29
raw,M_TASKPOLICY_CONSOLEFINISH_F43924B4,1081,1049,10,45,29
raw,M_TASKPOLICY_CONSOLEFINISH_F43924B4,1196,1148,12,45,29
raw,M_TASKPOLICY_CONSOLERUNNABLE_8934D92E,0,0,16,45,29
raw,M_TASKPOLICY_CONSOLERUNNABLE_8934D92E,400,384,6,45,29
raw,M_TASKPOLICY_CONSOLERUNNABLE_8934D92E,645,613,6,45,29
raw,M_TASKPOLICY_CONSOLESTOP_DAEB4759,0,0,8,45,29
raw,M_TASKPOLICY_CONSOLESTOP_DAEB4759,105,89,10,45,29
raw,M_TASKPOLICY_CONSOLESTOP_DAEB4759,242,210,10,45,29
raw,M_TASKPOLICY_CONSOLESTOP_DAEB4759,472,424,10,45,29
raw,M_TASKPOLICY_CONSOLESTOP_DAEB4759,587,523,10,45,29
raw,M_TASKPOLICY_CONSOLEWORKERCONTROL_3CA89D3E,0,0,28,45,29
raw,M_TASKPOLICY_CONSOLEWORKERCONTROL_3CA89D3E,46,30,4,45,29
raw,M_TASKPOLICY_CONSOLEWORKERCONTROL_3CA89D3E,141,109,4,45,29
raw,M_TASKPOLICY_CONSOLEWORKERCONTROL_3CA89D3E,426,378,10,45,29
raw,M_TASKPOLICY_CONSOLEWORKERCONTROL_3CA89D3E,574,510,12,45,29
raw,M_TASKPOLICY_CONSOLEWORKERCONTROL_3CA89D3E,729,649,8,45,29
raw,M_TASKPOLICY_CONSOLEWORKERCONTROL_3CA89D3E,968,872,16,45,29
raw,M_TASKPOLICY_CONSOLEWORKERCONTROL_3CA89D3E,1174,1062,10,45,29
raw,M_TASKPOLICY_CONSOLEWORKERCONTROL_3CA89D3E,1322,1194,10,45,29
raw,M_TASKPOLICY_CONSOLEWORKERCONTROL_3CA89D3E,1439,1295,10,45,29
raw,M_TASKPOLICY_CONSOLEWORKERCONTROL_3CA89D3E,1617,1457,8,45,29
raw,M_TASKPOLICY_CONSOLECHECKEXTENT_830BDAF3,0,0,16,45,29
raw,M_TASKPOLICY_CONSOLECHECKEXTENT_830BDAF3,142,126,10,45,29
raw,M_TASKPOLICY_CONSOLECHECKEXTENT_830BDAF3,259,227,10,45,29
raw,M_TASKPOLICY_CONSOLECONTROL_F218511C,0,0,26,45,29
raw,M_TASKPOLICY_CONSOLECONTROL_F218511C,70,54,12,45,29
raw,M_TASKPOLICY_CONSOLECONTROL_F218511C,209,177,6,45,29
raw,M_TASKPOLICY_CONSOLECONTROL_F218511C,359,311,4,45,29
raw,M_TASKPOLICY_CONSOLECONTROL_F218511C,524,460,6,45,29
raw,M_TASKPOLICY_CONSOLECONTROL_F218511C,627,547,10,45,29
raw,M_TASKPOLICY_CONSOLECONTROL_F218511C,825,729,10,45,29
raw,M_TASKPOLICY_CONSOLECONTROL_F218511C,973,861,4,45,29
raw,M_TASKPOLICY_CONSOLECONTROL_F218511C,1060,932,16,45,29
raw,M_TASKPOLICY_CONSOLECONTROL_F218511C,1217,1073,12,45,29
raw,M_TASKPOLICY_CONSOLEWORKERBOUND_96318375,0,0,16,45,29
raw,M_TASKPOLICY_CONSOLEWORKERBOUND_96318375,46,30,4,45,29
raw,M_TASKPOLICY_CONSOLERESIDENTCOUNT_6078C646,0,0,14,45,29
raw,M_TASKPOLICY_CONSOLERESIDENTCOUNT_6078C646,46,30,4,45,29
raw,M_TASKPOLICY_CONSOLECANREMOVE_6BA935F9,0,0,28,45,29
raw,M_TASKPOLICY_CONSOLECANREMOVE_6BA935F9,46,30,4,45,29
raw,M_TASKPOLICY_CONSOLECANREMOVE_6BA935F9,141,109,4,45,29
raw,M_TASKPOLICY_CONSOLECANREMOVE_6BA935F9,774,726,4,45,29
raw,M_TASKPOLICY_CONSOLECANREMOVE_6BA935F9,866,802,4,45,29
raw,M_TASKPOLICY_CONSOLECANREMOVE_6BA935F9,958,878,4,45,29
raw,M_TASKPOLICY_CONSOLECANREMOVE_6BA935F9,1179,1083,10,45,29
raw,M_TASKPOLICY_CONSOLEREMOVED_E0E10625,0,0,22,45,29
raw,M_TASKPOLICY_CONSOLEREMOVED_E0E10625,46,30,4,45,29
raw,M_TASKPOLICY_CONSOLEREMOVED_E0E10625,141,109,4,45,29
raw,M_TASKPOLICY_CONSOLEREMOVED_E0E10625,575,527,4,45,29
raw,M_TASKPOLICY_CONSOLEREMOVED_E0E10625,667,603,4,45,29
raw,M_TASKPOLICY_CONSOLEREMOVED_E0E10625,826,746,10,45,29
raw,M_TASKPOLICY_CONSOLEREMOVED_E0E10625,1059,963,12,45,29
raw,M_TASKPOLICY_REQUESTVALID_195CAC51,0,0,8,45,29
raw,M_TASKPOLICY_REQUESTVALID_195CAC51,54,38,4,45,29
raw,M_TASKPOLICY_REQUESTVALID_195CAC51,153,121,6,45,29
raw,M_TASKPOLICY_REQUESTVALID_195CAC51,284,236,8,45,29
raw,M_TASKPOLICY_REQUESTVALID_195CAC51,440,376,8,45,29
raw,M_TASKPOLICY_REQUESTVALID_195CAC51,659,579,6,45,29
raw,M_TASKPOLICY_REQUESTVALID_195CAC51,790,694,8,45,29
raw,M_TASKPOLICY_REQUESTVALID_195CAC51,946,834,8,45,29
raw,M_TASKPOLICY_REQUESTVALID_195CAC51,1125,997,4,45,29
raw,M_TASKPOLICY_REQUESTVALID_195CAC51,1232,1088,4,45,29
raw,M_TASKPOLICY_REQUESTVALID_195CAC51,1339,1179,4,45,29
raw,M_TASKPOLICY_REQUESTVALID_195CAC51,1438,1262,6,45,29
raw,M_TASKPOLICY_REQUESTVALID_195CAC51,1569,1377,8,45,29
raw,M_TASKPOLICY_REQUESTVALID_195CAC51,1725,1517,8,45,29
raw,M_TASKPOLICY_REQUESTVALID_195CAC51,1888,1664,4,45,29
raw,M_TASKPOLICY_REQUESTVALID_195CAC51,1987,1747,6,45,29
raw,M_TASKPOLICY_REQUESTVALID_195CAC51,2173,1917,6,45,29
raw,M_TASKPOLICY_REQUESTVALID_195CAC51,2304,2032,8,45,29
raw,M_TASKPOLICY_REQUESTVALID_195CAC51,2488,2200,6,45,29
raw,M_TASKPOLICY_REQUESTVALID_195CAC51,2646,2342,8,45,29
raw,M_TASKPOLICY_REQUESTVALID_195CAC51,2846,2526,8,45,29
raw,M_TASKPOLICY_REQUESTVALID_195CAC51,3061,2725,6,45,29
raw,M_TASKPOLICY_REQUESTVALID_195CAC51,3192,2840,8,45,29
raw,M_TASKPOLICY_REQUESTVALID_195CAC51,3348,2980,8,45,29
raw,M_TASKPOLICY_REQUESTVALID_195CAC51,3527,3143,6,45,29
raw,M_TASKPOLICY_ROUTE_3006B749,0,0,12,45,29
raw,M_TASKPOLICY_ROUTE_3006B749,54,38,4,45,29
raw,M_TASKPOLICY_ROUTE_3006B749,169,137,10,45,29
raw,M_TASKPOLICY_ROUTE_3006B749,316,268,10,45,29
raw,M_TASKPOLICY_ROUTE_3006B749,461,397,10,45,29
raw,M_TASKPOLICY_ROUTE_3006B749,634,554,10,45,29
raw,M_TASKPOLICY_ROUTE_3006B749,821,725,10,45,29
raw,M_TASKPOLICY_ROUTE_3006B749,966,854,10,45,29
raw,M_TASKPOLICY_ROUTE_3006B749,1099,971,10,45,29
raw,M_TASKPOLICY_ROUTE_3006B749,1238,1094,8,45,29
raw,M_TASKPOLICY_ROUTE_3006B749,1397,1237,10,45,29
raw,M_TASKPOLICY_ROUTE_3006B749,1542,1366,10,45,29
raw,M_TASKPOLICY_ROUTE_3006B749,1679,1487,6,45,29
raw,M_TASKPOLICY_ROUTE_3006B749,1810,1602,10,45,29
raw,M_TASKPOLICY_ROUTE_3006B749,1949,1725,6,45,29
raw,M_TASKPOLICY_ROUTE_3006B749,2060,1820,6,45,29
raw,M_TASKPOLICY_ROUTE_3006B749,2157,1901,8,45,29
raw,M_TASKPOLICY_ROUTE_3006B749,2283,2011,6,45,29
raw,M_TASKPOLICY_ROUTE_3006B749,2446,2158,10,45,29
raw,M_TASKPOLICY_ROUTE_3006B749,2593,2289,10,45,29
raw,M_TASKPOLICY_ROUTE_3006B749,2710,2390,8,45,29
raw,M_TASKPOLICY_FINISHDISPATCH_46CD5A79,0,0,12,45,29
raw,M_TASKPOLICY_FINISHDISPATCH_46CD5A79,159,143,4,45,29
raw,M_TASKPOLICY_FINISHDISPATCH_46CD5A79,331,299,10,45,29
raw,M_TASKPOLICY_DISPATCH_2D7B283C,0,0,26,45,29
raw,M_TASKPOLICY_DISPATCH_2D7B283C,58,42,6,45,29
raw,M_TASKPOLICY_DISPATCH_2D7B283C,195,163,4,45,29
raw,M_TASKPOLICY_DISPATCH_2D7B283C,507,459,4,45,29
raw,M_TASKPOLICY_DISPATCH_2D7B283C,600,536,4,45,29
raw,M_TASKPOLICY_DISPATCH_2D7B283C,844,764,4,45,29
raw,M_TASKPOLICY_DISPATCH_2D7B283C,961,865,10,45,29
raw,M_TASKPOLICY_DISPATCH_2D7B283C,1082,970,4,45,29
raw,M_TASKPOLICY_DISPATCH_2D7B283C,1209,1081,10,45,29
raw,M_TASKPOLICY_DISPATCH_2D7B283C,1313,1169,12,45,29
raw,M_TASKPOLICY_DISPATCH_2D7B283C,1442,1282,4,45,29
raw,M_TASKPOLICY_DISPATCH_2D7B283C,1569,1393,10,45,29
raw,M_TASKPOLICY_DISPATCH_2D7B283C,1673,1481,12,45,29
raw,M_TASKPOLICY_DISPATCH_2D7B283C,1802,1594,4,45,29
raw,M_TASKPOLICY_DISPATCH_2D7B283C,1929,1705,10,45,29
raw,M_TASKPOLICY_DISPATCH_2D7B283C,2033,1793,12,45,29
raw,M_TASKPOLICY_DISPATCH_2D7B283C,2186,1930,10,45,29
raw,M_TASKPOLICY_DISPATCH_2D7B283C,2290,2018,12,45,29
raw,M_CONSOLECORE_EXTENT_83D9960B,0,0,32,45,29
raw,M_CONSOLECORE_INIT_F63331F9,0,0,22,45,29
raw,M_CONSOLECORE_INIT_F63331F9,388,372,16,45,29
raw,M_CONSOLECORE_DIRTY_4A63B073,0,0,10,45,29
raw,M_CONSOLECORE_EDITQUANTUM_E6CDEC54,0,0,24,45,29
raw,M_CONSOLECORE_EDITQUANTUM_E6CDEC54,652,636,12,45,29
raw,M_CONSOLECORE_NEWLINE_97A73E23,0,0,12,45,29
raw,M_CONSOLECORE_CHARACTER_94A5011A,0,0,18,45,29
raw,M_CONSOLECORE_CHARACTER_94A5011A,297,281,12,45,29
raw,M_CONSOLECORE_CHARACTER_94A5011A,510,478,6,45,29
raw,M_CONSOLECORE_CHARACTER_94A5011A,834,786,6,45,29
raw,M_CONSOLECORE_CHARACTER_94A5011A,978,914,6,45,29
raw,M_CONSOLECORE_FEED_287D49E7,0,0,18,45,29
raw,M_CONSOLECORE_FEED_287D49E7,93,77,6,45,29
raw,M_CONSOLECORE_FEED_287D49E7,342,310,8,45,29
raw,M_CONSOLEINPUT_INIT_5076ECFA,0,0,8,45,29
raw,M_CONSOLEINPUT_LOSE_42C88EE3,0,0,8,45,29
raw,M_CONSOLEINPUT_CLEAR_3DEF4D2B,0,0,8,45,29
raw,M_CONSOLEINPUT_CLEAR_3DEF4D2B,46,30,4,45,29
raw,M_CONSOLEINPUT_DECODE_A428056C,0,0,26,45,29
raw,M_CONSOLEINPUT_DELIVER_8B43A137,0,0,16,45,29
raw,M_CONSOLEINPUT_DELIVER_8B43A137,151,135,12,45,29
raw,M_CONSOLEINPUT_DELIVER_8B43A137,340,308,6,45,29
raw,M_CONSOLEINPUT_PUMP_600356CC,0,0,18,45,29
raw,M_CONSOLEINPUT_PUMP_600356CC,90,74,4,45,29
raw,M_CONSOLEINPUT_PUMP_600356CC,492,460,6,45,29
raw,M_CONSOLEINPUT_PUMP_600356CC,593,545,12,45,29
raw,M_CONSOLEINPUT_READ_9E7D5EC6,0,0,24,45,29
raw,M_CONSOLEINPUT_READ_9E7D5EC6,145,129,6,45,29
raw,M_CONSOLEDISPLAY_GLYPH_DCC4F92E,0,0,12,45,29
raw,M_CONSOLEDISPLAY_LISTVALID_C50FC922,0,0,14,45,29
raw,M_CONSOLEDISPLAY_VALIDATE_33E36106,0,0,8,45,29
raw,M_CONSOLEDISPLAY_VALIDATE_33E36106,480,464,8,45,29
raw,M_CONSOLEDISPLAY_GEOMETRY_B00D0334,0,0,10,45,29
raw,M_CONSOLEDISPLAY_COPYSCREEN_6781A699,0,0,20,45,29
raw,M_CONSOLEDISPLAY_COPYSCREEN_6781A699,266,250,4,45,29
raw,M_CONSOLEDISPLAY_CLAIM_0FF5CDD8,0,0,16,45,29
raw,M_CONSOLEDISPLAY_CLAIM_0FF5CDD8,89,73,4,45,29
raw,M_CONSOLEDISPLAY_CLAIM_0FF5CDD8,754,722,10,45,29
raw,M_CONSOLEDISPLAY_CLAIM_0FF5CDD8,918,870,10,45,29
raw,M_CONSOLEDISPLAY_RELEASE_C2AC22C5,0,0,12,45,29
raw,M_CONSOLEDISPLAY_RELEASE_C2AC22C5,187,171,10,45,29
raw,M_CONSOLEDISPLAY_POSITION_5668E3AD,0,0,8,45,29
raw,M_CONSOLEDISPLAY_CURSOR_3EC7579C,0,0,20,45,29
raw,M_CONSOLEDISPLAY_CURSOR_3EC7579C,398,382,8,45,29
raw,M_CONSOLEDISPLAY_CURSOR_3EC7579C,615,583,4,45,29
raw,M_CONSOLEDISPLAY_CELLS_58FB51DD,0,0,28,45,29
raw,M_CONSOLEDISPLAY_CELLS_58FB51DD,413,397,8,45,29
raw,M_CONSOLEDISPLAY_CELLS_58FB51DD,641,609,4,45,29
raw,M_CONSOLEDISPLAY_QUANTUM_5F98A18D,0,0,14,45,29
raw,M_CONSOLEDISPLAY_QUANTUM_5F98A18D,148,132,10,45,29
raw,M_CONSOLEDISPLAY_QUANTUM_5F98A18D,494,462,10,45,29
raw,M_CONSOLEDISPLAY_QUANTUM_5F98A18D,605,557,10,45,29
raw,M_CONSOLEDRIVER_GETSERVICE_BEE5E55D,0,0,8,45,29
raw,M_CONSOLEDRIVER_GETINSTANCE_7919D405,0,0,8,45,29
raw,M_CONSOLEDRIVER_MAPPED_DAA6A481,0,0,30,45,29
raw,M_CONSOLEDRIVER_MAPPED_DAA6A481,854,838,8,45,29
raw,M_CONSOLEDRIVER_VALIDATE_72D30322,0,0,18,45,29
raw,M_CONSOLEDRIVER_VALIDATE_72D30322,1224,1208,8,45,29
raw,M_CONSOLEDRIVER_VALIDATE_72D30322,1598,1566,12,45,29
raw,M_CONSOLEDRIVER_FINISHWRITE_E8555190,0,0,14,45,29
raw,M_CONSOLEDRIVER_FINISHWRITE_E8555190,144,128,8,45,29
raw,M_CONSOLEDRIVER_WRITEQUANTUM_AEE13626,0,0,28,45,29
raw,M_CONSOLEDRIVER_WRITEQUANTUM_AEE13626,132,116,8,45,29
raw,M_CONSOLEDRIVER_WRITEQUANTUM_AEE13626,321,289,6,45,29
raw,M_CONSOLEDRIVER_WRITEQUANTUM_AEE13626,483,435,10,45,29
raw,M_CONSOLEDRIVER_WRITEQUANTUM_AEE13626,632,568,6,45,29
raw,M_CONSOLEDRIVER_WRITEQUANTUM_AEE13626,961,881,10,45,29
raw,M_CONSOLEDRIVER_WRITEQUANTUM_AEE13626,1511,1415,12,45,29
raw,M_CONSOLEDRIVER_READQUANTUM_10EBF725,0,0,26,45,29
raw,M_CONSOLEDRIVER_READQUANTUM_10EBF725,237,221,6,45,29
raw,M_CONSOLEDRIVER_READQUANTUM_10EBF725,848,816,12,45,29
raw,M_CONSOLEDRIVER_READQUANTUM_10EBF725,1084,1036,8,45,29
raw,M_CONSOLEDRIVER_ARRIVAL_EC6B7DA9,0,0,16,45,29
raw,M_CONSOLEDRIVER_ARRIVAL_EC6B7DA9,46,30,8,45,29
raw,M_CONSOLEDRIVER_ARRIVAL_EC6B7DA9,274,242,6,45,29
raw,M_CONSOLEDRIVER_ARRIVAL_EC6B7DA9,379,331,8,45,29
raw,M_CONSOLEDRIVER_INITIALIZE_D6CB2592,0,0,28,45,29
raw,M_CONSOLEDRIVER_INITIALIZE_D6CB2592,92,76,12,45,29
raw,M_CONSOLEDRIVER_INITIALIZE_D6CB2592,247,215,12,45,29
raw,M_CONSOLEDRIVER_INITIALIZE_D6CB2592,621,573,18,45,29
raw,M_CONSOLEDRIVER_INITIALIZE_D6CB2592,848,784,6,45,29
raw,M_CONSOLEDRIVER_INITIALIZE_D6CB2592,929,849,4,45,29
raw,M_CONSOLEDRIVER_INITIALIZE_D6CB2592,1020,924,10,45,29
raw,M_CONSOLEDRIVER_INITIALIZE_D6CB2592,1263,1151,12,45,29
raw,M_CONSOLEDRIVER_INITIALIZE_D6CB2592,1547,1419,12,45,29
raw,M_CONSOLEDRIVER_INITIALIZE_D6CB2592,1705,1561,4,45,29
raw,M_CONSOLEDRIVER_INITIALIZE_D6CB2592,1831,1671,4,45,29
raw,M_CONSOLEDRIVER_INITIALIZE_D6CB2592,1926,1750,4,45,29
raw,M_CONSOLEDRIVER_INITIALIZE_D6CB2592,2030,1838,6,45,29
raw,M_CONSOLEDRIVER_INITIALIZE_D6CB2592,2127,1919,12,45,29
raw,M_CONSOLEDRIVER_INITIALIZE_D6CB2592,2250,2026,4,45,29
raw,M_CONSOLEDRIVER_INITIALIZE_D6CB2592,2323,2083,4,45,29
raw,M_CONSOLEDRIVER_FREESTORAGE_02676B4B,0,0,12,45,29
raw,M_CONSOLEDRIVER_FREESTORAGE_02676B4B,90,74,6,45,29
raw,M_CONSOLEDRIVER_FREESTORAGE_02676B4B,285,253,12,45,29
raw,M_CONSOLEDRIVER_FREESTORAGE_02676B4B,582,534,12,45,29
raw,M_CONSOLEDRIVER_FREESTORAGE_02676B4B,822,758,12,45,29
raw,M_CONSOLEDRIVER_WORKER_589B3ABC,0,0,28,45,29
raw,M_CONSOLEDRIVER_WORKER_589B3ABC,46,30,4,45,29
raw,M_CONSOLEDRIVER_WORKER_589B3ABC,141,109,4,45,29
raw,M_CONSOLEDRIVER_WORKER_589B3ABC,252,204,10,45,29
raw,M_CONSOLEDRIVER_WORKER_589B3ABC,385,321,10,45,29
raw,M_CONSOLEDRIVER_WORKER_589B3ABC,515,435,8,45,29
raw,M_CONSOLEDRIVER_WORKER_589B3ABC,636,540,8,45,29
raw,M_CONSOLEDRIVER_WORKER_589B3ABC,789,677,4,45,29
raw,M_CONSOLEDRIVER_WORKER_589B3ABC,868,740,6,45,29
raw,M_CONSOLEDRIVER_WORKER_589B3ABC,962,818,4,45,29
raw,M_CONSOLEDRIVER_WORKER_589B3ABC,1049,889,10,45,29
raw,M_CONSOLEDRIVER_WORKER_589B3ABC,1160,984,10,45,29
raw,M_CONSOLEDRIVER_WORKER_589B3ABC,1263,1071,6,45,29
raw,M_CONSOLEDRIVER_WORKER_589B3ABC,1398,1190,10,45,29
raw,M_CONSOLEDRIVER_WORKER_589B3ABC,1493,1269,8,45,29
raw,M_CONSOLEDRIVER_WORKER_589B3ABC,1733,1493,8,45,29
raw,M_CONSOLEDRIVER_WORKER_589B3ABC,1851,1595,4,45,29
raw,M_CONSOLEDRIVER_WORKER_589B3ABC,1926,1654,4,45,29
raw,M_CONSOLEDRIVER_WORKER_589B3ABC,1997,1709,4,45,29
raw,M_CONSOLEDRIVER_WORKER_589B3ABC,2070,1766,4,45,29
raw,M_CONSOLEDRIVER_WORKER_589B3ABC,2159,1839,10,45,29
raw,M_CONSOLEDRIVER_WORKER_589B3ABC,2254,1918,8,45,29
raw,M_CONSOLEDRIVER_START_3E6AAC44,0,0,18,45,29
raw,M_CONSOLEDRIVER_START_3E6AAC44,62,46,8,45,29
raw,M_CONSOLEDRIVER_START_3E6AAC44,361,329,6,45,29
raw,M_CONSOLEDRIVER_START_3E6AAC44,453,405,8,45,29
raw,M_CONSOLEDRIVER_STOP_093D3500,0,0,18,45,29
raw,M_CONSOLEDRIVER_STOP_093D3500,46,30,8,45,29
raw,M_CONSOLEDRIVER_STOP_093D3500,333,301,8,45,29
raw,M_CONSOLEDRIVER_STOP_093D3500,585,537,6,45,29
raw,M_PORTCORE_CREATEMSGPORT_A47550A3,0,0,18,45,29
raw,M_PORTCORE_CREATEMSGPORT_A47550A3,114,98,12,45,29
raw,M_PORTCORE_CREATEMSGPORT_A47550A3,336,304,4,45,29
raw,M_PORTCORE_CREATEMSGPORT_A47550A3,475,427,12,45,29
raw,M_PORTCORE_CREATEMSGPORT_A47550A3,780,716,6,45,29
raw,M_PORTCORE_CREATEMSGPORT_A47550A3,958,878,6,45,29
raw,M_PORTCORE_DELETEMSGPORT_9136F7C6,0,0,10,45,29
raw,M_PORTCORE_DELETEMSGPORT_9136F7C6,93,77,6,45,29
raw,M_PORTCORE_DELETEMSGPORT_9136F7C6,192,160,4,45,29
raw,M_PORTCORE_DELETEMSGPORT_9136F7C6,301,253,12,45,29
raw,M_SIODRIVER_SIOMAPPED_D1D9A9D6,0,0,30,45,29
raw,M_SIODRIVER_SIOMAPPED_D1D9A9D6,854,838,8,45,29
raw,M_SIODRIVER_PAYLOADLENGTH_9F5C9B06,0,0,10,45,29
raw,M_SIODRIVER_SIOVALIDATE_7D355271,0,0,16,45,29
raw,M_SIODRIVER_SIOVALIDATE_7D355271,1958,1942,6,45,29
raw,M_SIODRIVER_SIOVALIDATE_7D355271,2164,2132,12,45,29
raw,M_SIODRIVER_DEADLINETICKS_83CDA5CA,0,0,28,45,29
raw,M_SIODRIVER_PREPARE_D10BF723,0,0,28,45,29
raw,M_SIODRIVER_PREPARE_D10BF723,497,481,10,45,29
raw,M_SIODRIVER_HARDWAREINIT_3568BDA6,0,0,12,45,29
raw,M_SIODRIVER_HARDWAREINIT_3568BDA6,46,30,4,45,29
raw,M_SIODRIVER_HARDWAREINIT_3568BDA6,133,101,4,45,29
raw,M_SIODRIVER_HARDWAREINIT_3568BDA6,288,240,4,45,29
raw,M_SIODRIVER_HARDWAREINIT_3568BDA6,389,325,4,45,29
raw,M_SIODRIVER_HARDWAREINIT_3568BDA6,493,413,6,45,29
raw,M_SIODRIVER_HARDWAREINIT_3568BDA6,610,514,12,45,29
raw,M_SIODRIVER_HARDWAREINIT_3568BDA6,741,629,4,45,29
raw,M_SIODRIVER_HARDWAREINIT_3568BDA6,873,745,4,45,29
raw,M_SIODRIVER_HARDWAREINIT_3568BDA6,944,800,4,45,29
raw,M_SIODRIVER_HARDWAREINIT_3568BDA6,1015,855,4,45,29
raw,M_SIODRIVER_HARDWAREINIT_3568BDA6,1088,912,4,45,29
raw,M_SIODRIVER_RUNREQUEST_4500BA50,0,0,32,45,29
raw,M_SIODRIVER_RUNREQUEST_4500BA50,174,158,8,45,29
raw,M_SIODRIVER_RUNREQUEST_4500BA50,343,311,6,45,29
raw,M_SIODRIVER_RUNREQUEST_4500BA50,488,440,8,45,29
raw,M_SIODRIVER_RUNREQUEST_4500BA50,617,553,6,45,29
raw,M_SIODRIVER_RUNREQUEST_4500BA50,698,618,8,45,29
raw,M_SIODRIVER_RUNREQUEST_4500BA50,812,716,4,45,29
raw,M_SIODRIVER_RUNREQUEST_4500BA50,952,840,6,45,29
raw,M_SIODRIVER_RUNREQUEST_4500BA50,1186,1058,8,45,29
raw,M_SIODRIVER_RUNREQUEST_4500BA50,1366,1222,8,45,29
raw,M_SIODRIVER_RUNREQUEST_4500BA50,1484,1324,4,45,29
raw,M_SIODRIVER_RUNREQUEST_4500BA50,1585,1409,6,45,29
raw,M_SIODRIVER_RUNREQUEST_4500BA50,1695,1503,8,45,29
raw,M_SIODRIVER_RUNREQUEST_4500BA50,1841,1633,6,45,29
raw,M_SIODRIVER_RUNREQUEST_4500BA50,1933,1709,4,45,29
raw,M_SIODRIVER_WORKER_374ADF8C,0,0,22,45,29
raw,M_SIODRIVER_WORKER_374ADF8C,46,30,4,45,29
raw,M_SIODRIVER_WORKER_374ADF8C,117,85,4,45,29
raw,M_SIODRIVER_WORKER_374ADF8C,210,162,8,45,29
raw,M_SIODRIVER_WORKER_374ADF8C,324,260,4,45,29
raw,M_SIODRIVER_WORKER_374ADF8C,402,322,8,45,29
raw,M_SIODRIVER_WORKER_374ADF8C,516,420,4,45,29
raw,M_SIODRIVER_WORKER_374ADF8C,587,475,8,45,29
raw,M_SIODRIVER_WORKER_374ADF8C,827,699,8,45,29
raw,M_SIODRIVER_WORKER_374ADF8C,1037,893,8,45,29
raw,M_SIODRIVER_WORKER_374ADF8C,1163,1003,6,45,29
raw,M_SIODRIVER_WORKER_374ADF8C,1248,1072,4,45,29
raw,M_SIODRIVER_WORKER_374ADF8C,1319,1127,4,45,29
raw,M_SIODRIVER_WORKER_374ADF8C,1390,1182,4,45,29
raw,M_SIODRIVER_WORKER_374ADF8C,1461,1237,4,45,29
raw,M_SIODRIVER_WORKER_374ADF8C,1532,1292,4,45,29
raw,M_SIODRIVER_WORKER_374ADF8C,1605,1349,4,45,29
raw,M_SIODRIVER_WORKER_374ADF8C,1678,1406,8,45,29
raw,M_SIODRIVER_WORKER_374ADF8C,1792,1504,4,45,29
raw,M_SIODRIVER_UNAVAILABLE_B7013E26,0,0,6,45,29
raw,M_SIODRIVER_UNAVAILABLE_B7013E26,46,30,8,45,29
raw,M_SIODRIVER_MATCHES_AEE1C237,0,0,14,45,29
raw,M_SIODRIVER_START_4928F5B4,0,0,16,45,29
raw,M_SIODRIVER_START_4928F5B4,62,46,8,45,29
raw,M_SIODRIVER_START_4928F5B4,349,317,8,45,29
raw,M_SIODRIVER_START_4928F5B4,463,415,8,45,29
raw,M_SIODRIVER_STOP_B26AF28A,0,0,16,45,29
raw,M_SIODRIVER_STOP_B26AF28A,46,30,8,45,29
raw,M_SIODRIVER_STOP_B26AF28A,160,128,8,45,29
raw,M_SIODRIVER_STOP_B26AF28A,400,352,8,45,29
raw,M_IOCORE_OPENDEVICE_A2787528,0,0,22,45,29
raw,M_IOCORE_OPENDEVICE_A2787528,54,38,6,45,29
raw,M_IOCORE_OPENDEVICE_A2787528,157,125,4,45,29
raw,M_IOCORE_OPENDEVICE_A2787528,274,226,20,45,29
raw,M_IOCORE_CREATEIOREQUEST_DE10015D,0,0,20,45,29
raw,M_IOCORE_CREATEIOREQUEST_DE10015D,54,38,6,45,29
raw,M_IOCORE_CREATEIOREQUEST_DE10015D,571,539,12,45,29
raw,M_IOCORE_DELETEIOREQUEST_93A87E78,0,0,16,45,29
raw,M_IOCORE_DELETEIOREQUEST_93A87E78,93,77,6,45,29
raw,M_IOCORE_DELETEIOREQUEST_93A87E78,233,201,12,45,29
raw,M_IOCORE_WAITIO_8CA35F61,0,0,24,45,29
raw,M_IOCORE_WAITIO_8CA35F61,54,38,6,45,29
raw,M_IOCORE_WAITIO_8CA35F61,515,483,8,45,29
raw,M_IOCORE_WAITIO_8CA35F61,637,589,6,45,29
raw,M_IOCORE_DOIO_173DC4A1,0,0,20,45,29
raw,M_IOCORE_DOIO_173DC4A1,54,38,6,45,29
raw,M_IOCORE_DOIO_173DC4A1,368,336,6,45,29
raw,M_DOSCLIENT_IOERR_BF9E8A97,0,0,12,45,29
raw,M_DOSCLIENT_IOERR_BF9E8A97,46,30,4,45,29
raw,M_DOSCLIENT_SETERROR_F2B11A26,0,0,12,45,29
raw,M_DOSCLIENT_SETERROR_F2B11A26,46,30,4,45,29
raw,M_DOSCLIENT_NEWCLIENT_41735729,0,0,18,45,29
raw,M_DOSCLIENT_NEWCLIENT_41735729,137,121,12,45,29
raw,M_DOSCLIENT_NEWCLIENT_41735729,508,476,4,45,29
raw,M_DOSCLIENT_NEWCLIENT_41735729,715,667,12,45,29
raw,M_DOSCLIENT_ENSURE_1859B044,0,0,18,45,29
raw,M_DOSCLIENT_ENSURE_1859B044,46,30,4,45,29
raw,M_DOSCLIENT_ENSURE_1859B044,435,403,6,45,29
raw,M_DOSCLIENT_ENSURE_1859B044,693,645,6,45,29
raw,M_DOSCLIENT_CLEARSELECTIONS_93A1D5D6,0,0,8,45,29
raw,M_DOSCLIENT_RELEASECONTEXT_90CB2A06,0,0,18,45,29
raw,M_DOSCLIENT_RELEASECONTEXT_90CB2A06,46,30,4,45,29
raw,M_DOSCLIENT_RELEASECONTEXT_90CB2A06,549,517,6,45,29
raw,M_DOSCLIENT_RELEASECONTEXT_90CB2A06,1457,1409,6,45,29
raw,M_DOSCLIENT_RELEASECONTEXT_90CB2A06,1572,1508,6,45,29
raw,M_DOSCLIENT_RELEASECONTEXT_90CB2A06,1689,1609,12,45,29
raw,M_DOSCLIENT_CHECKREPLY_4530772C,0,0,12,45,29
raw,M_DOSCLIENT_CHECKREPLY_4530772C,131,115,6,45,29
raw,M_DOSCLIENT_CHECKREPLY_4530772C,427,395,6,45,29
raw,M_DOSCLIENT_CHECKREPLY_4530772C,664,616,6,45,29
raw,M_DOSCLIENT_CALL_35DB3B22,0,0,24,45,29
raw,M_DOSCLIENT_CALL_35DB3B22,46,30,4,45,29
raw,M_DOSCLIENT_CALL_35DB3B22,472,440,6,45,29
raw,M_DOSCLIENT_CALL_35DB3B22,899,851,10,45,29
raw,M_DOSCLIENT_CALL_35DB3B22,1028,964,6,45,29
raw,M_DOSCLIENT_CALL_35DB3B22,1167,1087,6,45,29
raw,M_DOSCLIENT_CALL_35DB3B22,1288,1192,10,45,29
raw,M_DOSOBJECTS_FIND_2E898C70,0,0,12,45,29
raw,M_DOSOBJECTS_LINK_9FA00D0F,0,0,16,45,29
raw,M_DOSOBJECTS_LINK_9FA00D0F,136,120,6,45,29
raw,M_DOSOBJECTS_UNLINK_C978FCF4,0,0,22,45,29
raw,M_DOSOBJECTS_UNLINK_C978FCF4,355,339,6,45,29
raw,M_BLOCKWIRE_TRANSFER_0A2F17CC,0,0,8,45,29
raw,M_BLOCKWIRE_TRANSFER_0A2F17CC,70,54,6,45,29
raw,M_BLOCKIO_GEOMETRY_4529DFEE,0,0,10,45,29
raw,M_BLOCKIO_SECTORBYTES_B8369631,0,0,12,45,29
raw,M_BLOCKIO_MAPPED_A9EEA713,0,0,30,45,29
raw,M_BLOCKIO_MAPPED_A9EEA713,1027,1011,8,45,29
raw,M_BLOCKIO_CREATE_DF5BA086,0,0,20,45,29
raw,M_BLOCKIO_CREATE_DF5BA086,114,98,12,45,29
raw,M_BLOCKIO_CREATE_DF5BA086,344,312,4,45,29
raw,M_BLOCKIO_CREATE_DF5BA086,563,515,12,45,29
raw,M_BLOCKIO_CREATE_DF5BA086,828,764,12,45,29
raw,M_BLOCKIO_CREATE_DF5BA086,1118,1038,6,45,29
raw,M_BLOCKIO_CREATE_DF5BA086,1233,1137,6,45,29
raw,M_BLOCKIO_CREATE_DF5BA086,1350,1238,12,45,29
raw,M_BLOCKIO_DESTROY_0CC5CBD8,0,0,8,45,29
raw,M_BLOCKIO_DESTROY_0CC5CBD8,292,276,12,45,29
raw,M_BLOCKIO_DESTROY_0CC5CBD8,439,407,6,45,29
raw,M_BLOCKIO_DESTROY_0CC5CBD8,554,506,6,45,29
raw,M_BLOCKIO_DESTROY_0CC5CBD8,671,607,12,45,29
raw,M_BLOCKIO_DEVICENAME_55BC3EC3,0,0,4,45,29
raw,M_BLOCKIO_OPENVOLUME_36B90798,0,0,26,45,29
raw,M_BLOCKIO_OPENVOLUME_36B90798,100,84,12,45,29
raw,M_BLOCKIO_OPENVOLUME_36B90798,410,378,6,45,29
raw,M_BLOCKIO_OPENVOLUME_36B90798,541,493,6,45,29
raw,M_BLOCKIO_OPENVOLUME_36B90798,727,663,20,45,29
raw,M_BLOCKIO_OPENVOLUME_36B90798,1009,929,6,45,29
raw,M_BLOCKIO_ATTACH_A1159825,0,0,20,45,29
raw,M_BLOCKIO_ATTACH_A1159825,292,276,20,45,29
raw,M_BLOCKIO_ATTACH_A1159825,616,584,12,45,29
raw,M_BLOCKIO_ATTACH_A1159825,1174,1126,10,45,29
raw,M_BLOCKIO_ATTACH_A1159825,1345,1281,12,45,29
raw,M_BLOCKIO_DETACH_FC4FFB83,0,0,12,45,29
raw,M_BLOCKIO_DETACH_FC4FFB83,479,463,6,45,29
raw,M_BLOCKIO_DETACH_FC4FFB83,606,574,6,45,29
raw,M_BLOCKIO_DETACH_FC4FFB83,723,675,12,45,29
raw,M_BLOCKIO_INVALIDATE_E4DCC90F,0,0,8,45,29
raw,M_BLOCKIO_CACHED_7ABF0DB0,0,0,12,45,29
raw,M_BLOCKIO_PUBLISH_42B93901,0,0,12,45,29
raw,M_BLOCKIO_PREPARE_810BFFA1,0,0,16,45,29
raw,M_BLOCKIO_COMPLETE_80F6A54F,0,0,18,45,29
raw,M_BLOCKIO_CHECK_A5B41A2A,0,0,16,45,29
raw,M_BLOCKIO_CHECK_A5B41A2A,205,189,12,45,29
raw,M_BLOCKIO_CHECK_A5B41A2A,353,321,6,45,29
raw,M_BLOCKIO_CHECK_A5B41A2A,658,610,6,45,29
raw,M_BLOCKIO_CHECK_A5B41A2A,837,773,14,45,29
raw,M_BLOCKIO_CHECK_A5B41A2A,991,911,6,45,29
raw,M_BLOCKIO_BEGINFETCH_6B9D7F07,0,0,28,45,29
raw,M_BLOCKIO_BEGINFETCH_6B9D7F07,70,54,14,45,29
raw,M_BLOCKIO_BEGINFETCH_6B9D7F07,711,679,18,45,29
raw,M_BLOCKIO_FINISHFETCH_D55D2AA5,0,0,28,45,29
raw,M_BLOCKIO_FINISHFETCH_D55D2AA5,62,46,12,45,29
raw,M_BLOCKIO_FINISHFETCH_D55D2AA5,212,180,16,45,29
raw,M_BLOCKIO_FINISHFETCH_D55D2AA5,568,520,16,45,29
raw,M_BLOCKIO_FETCH_124BDACE,0,0,24,45,29
raw,M_BLOCKIO_FETCH_124BDACE,70,54,14,45,29
raw,M_BLOCKIO_FETCH_124BDACE,318,286,6,45,29
raw,M_BLOCKIO_FETCH_124BDACE,472,424,18,45,29
raw,M_BLOCKIO_READSECTOR_D918C668,0,0,26,45,29
raw,M_BLOCKIO_READSECTOR_D918C668,62,46,12,45,29
raw,M_BLOCKIO_READSECTOR_D918C668,362,330,6,45,29
raw,M_BLOCKIO_READSECTOR_D918C668,608,560,12,45,29
raw,M_BLOCKIO_READSECTOR_D918C668,739,675,6,45,29
raw,M_BLOCKIO_READSECTOR_D918C668,979,899,14,45,29
raw,M_MYDOSNAMES_LEGAL_C9AD70C6,0,0,2,45,29
raw,M_MYDOSNAMES_FOLD_297622C6,0,0,2,45,29
raw,M_MYDOSNAMES_STORED_9F1E578A,0,0,8,45,29
raw,M_MYDOSNAMES_STORED_9F1E578A,561,545,4,45,29
raw,M_MYDOSNAMES_MATCH_52630F12,0,0,8,45,29
raw,M_MYDOSNAMES_MATCH_52630F12,314,298,4,45,29
raw,M_MYDOSNAMES_MATCH_52630F12,465,433,4,45,29
raw,M_MYDOSNAMES_COMPONENT_FF2F5328,0,0,16,45,29
raw,M_MYDOSNAMES_COMPONENT_FF2F5328,580,564,4,45,29
raw,M_MYDOSNAMES_COMPONENT_FF2F5328,1131,1099,6,45,29
raw,M_FSNAMES_STREAM_12DD2A4A,0,0,6,45,29
raw,M_FSNAMES_STREAM_12DD2A4A,138,122,4,45,29
raw,M_FSNAMES_STREAM_12DD2A4A,297,265,4,45,29
raw,M_FSNAMES_STREAM_12DD2A4A,456,408,4,45,29
raw,M_FSNAMES_STREAM_12DD2A4A,646,582,4,45,29
raw,M_FSNAMES_STREAM_12DD2A4A,805,725,4,45,29
raw,M_FSNAMES_STREAM_12DD2A4A,964,868,4,45,29
raw,M_FSNAMES_STREAM_12DD2A4A,1154,1042,4,45,29
raw,M_FSNAMES_STREAM_12DD2A4A,1313,1185,4,45,29
raw,M_FSNAMES_STREAM_12DD2A4A,1472,1328,4,45,29
raw,M_FSNAMES_STREAM_12DD2A4A,1694,1534,4,45,29
raw,M_FSNAMES_STREAM_12DD2A4A,1853,1677,4,45,29
raw,M_FSNAMES_STREAM_12DD2A4A,2012,1820,4,45,29
raw,M_FSNAMES_STREAM_12DD2A4A,2171,1963,4,45,29
raw,M_FSNAMES_STREAM_12DD2A4A,2330,2106,4,45,29
raw,M_FSNAMES_STREAM_12DD2A4A,2489,2249,4,45,29
raw,M_FSNAMES_STREAM_12DD2A4A,2648,2392,4,45,29
raw,M_FSNAMES_MAPPED_324F42A3,0,0,24,45,29
raw,M_FSNAMES_MAPPED_324F42A3,793,777,12,45,29
raw,M_FSNAMES_PATH_CFBF830F,0,0,32,45,29
raw,M_FSNAMES_PATH_CFBF830F,714,698,8,45,29
raw,M_FSNAMES_PATH_CFBF830F,1149,1117,4,45,29
raw,M_FSNAMES_ALIAS_A2F2B006,0,0,12,45,29
raw,M_FSNAMES_ALIAS_A2F2B006,150,134,4,45,29
raw,M_FSNAMES_ALIAS_A2F2B006,293,261,4,45,29
raw,M_FSNAMES_SAMEALIAS_76260CCC,0,0,8,45,29
raw,M_FSNAMES_SAMEALIAS_76260CCC,146,130,4,45,29
raw,M_FSNAMES_SAMEALIAS_76260CCC,297,265,4,45,29
raw,M_FSNAMES_VALIDALIAS_36EB4E14,0,0,10,45,29
raw,M_FSNAMES_VALIDALIAS_36EB4E14,222,206,10,45,29
raw,M_FSNAMES_VALIDALIAS_36EB4E14,398,366,4,45,29
raw,M_DOSSTREAMS_VALIDMODE_6A43AE29,0,0,12,45,29
raw,M_DOSSTREAMS_VALIDBUFFER_D67D80FE,0,0,12,45,29
raw,M_DOSSTREAMS_VALIDBUFFER_D67D80FE,208,192,8,45,29
raw,M_DOSSTREAMS_VALIDBUFFER_D67D80FE,539,507,12,45,29
raw,M_DOSSTREAMS_VALIDBUFFER_D67D80FE,678,630,8,45,29
raw,M_DOSSTREAMS_OPENNIL_7EDE8F17,0,0,20,45,29
raw,M_DOSSTREAMS_OPENNIL_7EDE8F17,46,30,4,45,29
raw,M_DOSSTREAMS_OPENNIL_7EDE8F17,236,204,12,45,29
raw,M_DOSSTREAMS_OPENNIL_7EDE8F17,621,573,10,45,29
raw,M_DOSSTREAMS_TRANSFERNIL_E7EA5C2C,0,0,8,45,29
raw,M_DOSSTREAMS_TRANSFERNIL_E7EA5C2C,89,73,12,45,29
raw,M_DOSSTREAMS_TRANSFERNIL_E7EA5C2C,355,323,8,45,29
raw,M_DOSSTREAMS_CLOSENIL_3520E24B,0,0,16,45,29
raw,M_DOSSTREAMS_CLOSENIL_3520E24B,46,30,4,45,29
raw,M_DOSSTREAMS_CLOSENIL_3520E24B,200,168,10,45,29
raw,M_DOSSTREAMS_CLOSENIL_3520E24B,311,263,10,45,29
raw,M_DOSSTREAMS_CLOSENIL_3520E24B,428,364,6,45,29
raw,M_DOSSTREAMS_CLOSENIL_3520E24B,547,467,12,45,29
raw,M_DOSRAW_GETREGISTRY_976423CC,0,0,8,45,29
raw,M_DOSRAW_LIVE_14427091,0,0,18,45,29
raw,M_DOSRAW_LIVE_14427091,46,30,4,45,29
raw,M_DOSRAW_INITIALIZE_D871F7B7,0,0,16,45,29
raw,M_DOSRAW_INITIALIZE_D871F7B7,101,85,6,45,29
raw,M_DOSRAW_ROLLBACK_4A7594F5,0,0,4,45,29
raw,M_DOSRAW_ROLLBACK_4A7594F5,46,30,4,45,29
raw,M_DOSRAW_ROLLBACK_4A7594F5,185,153,4,45,29
raw,M_DOSRAW_ACQUIRE_CC49A145,0,0,34,45,29
raw,M_DOSRAW_ACQUIRE_CC49A145,46,30,4,45,29
raw,M_DOSRAW_ACQUIRE_CC49A145,141,109,4,45,29
raw,M_DOSRAW_ACQUIRE_CC49A145,341,293,4,45,29
raw,M_DOSRAW_ACQUIRE_CC49A145,428,364,8,45,29
raw,M_DOSRAW_ACQUIRE_CC49A145,600,520,4,45,29
raw,M_DOSRAW_ACQUIRE_CC49A145,929,833,4,45,29
raw,M_DOSRAW_ACQUIRE_CC49A145,1016,904,8,45,29
raw,M_DOSRAW_ACQUIRE_CC49A145,1304,1176,4,45,29
raw,M_DOSRAW_ACQUIRE_CC49A145,1447,1303,12,45,29
raw,M_DOSRAW_ACQUIRE_CC49A145,1630,1470,6,45,29
raw,M_DOSRAW_ACQUIRE_CC49A145,1727,1551,8,45,29
raw,M_DOSRAW_ACQUIRE_CC49A145,1877,1685,12,45,29
raw,M_DOSRAW_ACQUIRE_CC49A145,2105,1897,20,45,29
raw,M_DOSRAW_ACQUIRE_CC49A145,2315,2091,12,45,29
raw,M_DOSRAW_ACQUIRE_CC49A145,2424,2184,6,45,29
raw,M_DOSRAW_ACQUIRE_CC49A145,2536,2280,8,45,29
raw,M_DOSRAW_ACQUIRE_CC49A145,2658,2386,8,45,29
raw,M_DOSRAW_ACQUIRE_CC49A145,2785,2497,8,45,29
raw,M_DOSRAW_ACQUIRE_CC49A145,2911,2607,4,45,29
raw,M_DOSRAW_ACQUIRE_CC49A145,3067,2747,4,45,29
raw,M_DOSRAW_OPEN_5F7F2547,0,0,20,45,29
raw,M_DOSRAW_OPEN_5F7F2547,141,125,12,45,29
raw,M_DOSRAW_OPEN_5F7F2547,355,323,8,45,29
raw,M_DOSRAW_OPEN_5F7F2547,481,433,4,45,29
raw,M_DOSRAW_OPEN_5F7F2547,648,584,12,45,29
raw,M_DOSRAW_OPEN_5F7F2547,987,907,4,45,29
raw,M_DOSRAW_OPEN_5F7F2547,1110,1014,10,45,29
raw,M_DOSRAW_OPEN_5F7F2547,1221,1109,8,45,29
raw,M_DOSRAW_VALIDEXTENT_84EF7CCB,0,0,20,45,29
raw,M_DOSRAW_VALIDEXTENT_84EF7CCB,62,46,12,45,29
raw,M_DOSRAW_VALIDEXTENT_84EF7CCB,591,559,8,45,29
raw,M_DOSRAW_VALIDEXTENT_84EF7CCB,734,686,8,45,29
raw,M_DOSRAW_RELEASEOPERATION_C2E80557,0,0,12,45,29
raw,M_DOSRAW_RELEASEOPERATION_C2E80557,46,30,4,45,29
raw,M_DOSRAW_RELEASEOPERATION_C2E80557,164,132,6,45,29
raw,M_DOSRAW_RELEASEOPERATION_C2E80557,343,295,6,45,29
raw,M_DOSRAW_RELEASEOPERATION_C2E80557,509,445,4,45,29
raw,M_DOSRAW_PREPARE_F51F1B68,0,0,18,45,29
raw,M_DOSRAW_PREPARE_F51F1B68,81,65,6,45,29
raw,M_DOSRAW_PREPARE_F51F1B68,223,191,8,45,29
raw,M_DOSRAW_PREPARE_F51F1B68,365,317,12,45,29
raw,M_DOSRAW_PREPARE_F51F1B68,716,652,8,45,29
raw,M_DOSRAW_PREPARE_F51F1B68,923,843,4,45,29
raw,M_DOSRAW_PREPARE_F51F1B68,1106,1010,4,45,29
raw,M_DOSRAW_PREPARE_F51F1B68,1216,1104,8,45,29
raw,M_DOSRAW_PREPARE_F51F1B68,1466,1338,4,45,29
raw,M_DOSRAW_PREPARE_F51F1B68,1657,1513,12,45,29
raw,M_DOSRAW_PREPARE_F51F1B68,1854,1694,10,45,29
raw,M_DOSRAW_PREPARE_F51F1B68,1990,1814,8,45,29
raw,M_DOSRAW_COMPLETE_0FD428DA,0,0,30,45,29
raw,M_DOSRAW_COMPLETE_0FD428DA,181,165,6,45,29
raw,M_DOSRAW_COMPLETE_0FD428DA,1373,1341,10,45,29
raw,M_DOSRAW_COMPLETE_0FD428DA,1478,1430,8,45,29
raw,M_DOSRAW_CLOSEDEVICE_DECAF50F,0,0,8,45,29
raw,M_DOSRAW_CLOSEDEVICE_DECAF50F,94,78,6,45,29
raw,M_DOSRAW_CLOSE_4F38859D,0,0,24,45,29
raw,M_DOSRAW_CLOSE_4F38859D,54,38,6,45,29
raw,M_DOSRAW_CLOSE_4F38859D,173,141,8,45,29
raw,M_DOSRAW_CLOSE_4F38859D,303,255,4,45,29
raw,M_DOSRAW_CLOSE_4F38859D,487,423,4,45,29
raw,M_DOSRAW_CLOSE_4F38859D,708,628,4,45,29
raw,M_DOSRAW_CLOSE_4F38859D,818,722,8,45,29
raw,M_DOSRAW_CLOSE_4F38859D,1025,913,4,45,29
raw,M_DOSRAW_CLOSE_4F38859D,1128,1000,10,45,29
raw,M_DOSRAW_CLOSE_4F38859D,1223,1079,4,45,29
raw,M_DOSRAW_CLOSE_4F38859D,1346,1186,10,45,29
raw,M_DOSRAW_CLOSE_4F38859D,1463,1287,6,45,29
raw,M_DOSRAW_CLOSE_4F38859D,1582,1390,12,45,29
raw,M_DOSRAW_CLOSE_4F38859D,1735,1527,6,45,29
raw,M_DOSRAW_CLOSE_4F38859D,1843,1619,4,45,29
raw,M_DOSRAW_CLOSE_4F38859D,1955,1715,4,45,29
raw,M_DOSRAW_CLOSE_4F38859D,2066,1810,12,45,29
raw,M_DOSRAW_CLOSE_4F38859D,2167,1895,4,45,29
raw,M_DOSRAW_CLOSE_4F38859D,2265,1977,4,45,29
raw,M_DOSRAW_CLOSE_4F38859D,2517,2213,8,45,29
raw,M_FSREGISTRY_GETREGISTRY_3C838C00,0,0,8,45,29
raw,M_FSREGISTRY_GETREGISTRY_3C838C00,46,30,8,45,29
raw,M_FSREGISTRY_SERVICE_31663004,0,0,12,45,29
raw,M_FSREGISTRY_SERVICE_31663004,46,30,4,45,29
raw,M_FSREGISTRY_RETAIN_218C5FAC,0,0,12,45,29
raw,M_FSREGISTRY_RETAIN_218C5FAC,54,38,4,45,29
raw,M_FSREGISTRY_RETAIN_218C5FAC,215,183,4,45,29
raw,M_FSREGISTRY_RETAINBASE_94E5BA0B,0,0,18,45,29
raw,M_FSREGISTRY_RETAINBASE_94E5BA0B,46,30,4,45,29
raw,M_FSREGISTRY_RETAINBASE_94E5BA0B,165,133,4,45,29
raw,M_FSREGISTRY_RETAINBASE_94E5BA0B,483,435,4,45,29
raw,M_FSREGISTRY_RELEASE_E0E99364,0,0,10,45,29
raw,M_FSREGISTRY_RELEASE_E0E99364,46,30,4,45,29
raw,M_FSREGISTRY_RELEASE_E0E99364,163,131,4,45,29
raw,M_FSREGISTRY_LOOKUP_AD8B60C1,0,0,22,45,29
raw,M_FSREGISTRY_LOOKUP_AD8B60C1,46,30,4,45,29
raw,M_FSREGISTRY_LOOKUP_AD8B60C1,157,125,4,45,29
raw,M_FSREGISTRY_LOOKUP_AD8B60C1,698,650,12,45,29
raw,M_FSREGISTRY_LOOKUP_AD8B60C1,972,908,4,45,29
raw,M_FSREGISTRY_FINDOBJECT_780CC443,0,0,16,45,29
raw,M_FSREGISTRY_FINDOBJECT_780CC443,70,54,10,45,29
raw,M_FSREGISTRY_FINDOBJECT_780CC443,199,167,6,45,29
raw,M_FSREGISTRY_FROMHEADER_DCD07C60,0,0,16,45,29
raw,M_FSREGISTRY_STAMP_BE264D84,0,0,16,45,29
raw,M_FSREGISTRY_STAMP_BE264D84,46,30,4,45,29
raw,M_DOSWIRE_ISPOINTER_E1AC855F,0,0,14,45,29
raw,M_FSLOCKS_TRAILER_B3BA463B,0,0,8,45,29
raw,M_FSLOCKS_TEXT_C72F70F3,0,0,12,45,29
raw,M_FSLOCKS_ALLOCATION_5B5A6C20,0,0,16,45,29
raw,M_FSLOCKS_ALLOCATION_5B5A6C20,132,116,6,45,29
raw,M_FSLOCKS_ROOT_D04E0C54,0,0,20,45,29
raw,M_FSLOCKS_ADD_DEA4C903,0,0,12,45,29
raw,M_FSLOCKS_APPEND_3EC68462,0,0,14,45,29
raw,M_FSLOCKS_APPEND_3EC68462,308,292,8,45,29
raw,M_FSLOCKS_APPEND_3EC68462,774,742,8,45,29
raw,M_FSLOCKS_APPEND_3EC68462,1094,1046,8,45,29
raw,M_FSLOCKS_APPEND_3EC68462,1560,1496,8,45,29
raw,M_FSLOCKS_ALLOCATE_39B5BEE3,0,0,32,45,29
raw,M_FSLOCKS_ALLOCATE_39B5BEE3,463,447,12,45,29
raw,M_FSLOCKS_ALLOCATE_39B5BEE3,941,909,6,45,29
raw,M_FSLOCKS_ALLOCATE_39B5BEE3,1100,1052,6,45,29
raw,M_FSPACKET_REPLY_F0943484,0,0,16,45,29
raw,M_FSPACKET_REPLY_F0943484,733,717,6,45,29
raw,M_FSPACKET_ERROR_61E70414,0,0,16,45,29
raw,M_FSPACKET_ERROR_61E70414,542,526,6,45,29
raw,M_FSPACKET_IDENTITY_6B3677B2,0,0,20,45,29
raw,M_FSPACKET_IDENTITY_6B3677B2,267,251,8,45,29
raw,M_FSPACKET_IDENTITY_6B3677B2,376,344,6,45,29
raw,M_FSPACKET_IDENTITY_6B3677B2,916,868,6,45,29
raw,M_FSPACKET_IDENTITY_6B3677B2,1283,1219,6,45,29
raw,M_FSPACKET_IDENTITY_6B3677B2,1677,1597,6,45,29
raw,M_FSPACKET_PUBLISHOPENSTEP_55EACFB5,0,0,22,45,29
raw,M_FSPACKET_PUBLISHOPENSTEP_55EACFB5,398,382,10,45,29
raw,M_FSPACKET_PUBLISHOPENSTEP_55EACFB5,1085,1053,6,45,29
raw,M_FSPACKET_CLOSESTEP_61A48B9C,0,0,18,45,29
raw,M_FSPACKET_CLOSESTEP_61A48B9C,190,174,10,45,29
raw,M_FSPACKET_CLOSESTEP_61A48B9C,307,275,6,45,29
raw,M_FSPACKET_CLOSESTEP_61A48B9C,420,372,6,45,29
raw,M_FSPACKET_CLOSESTEP_61A48B9C,533,469,6,45,29
raw,M_FSPACKET_CLOSESTEP_61A48B9C,650,570,12,45,29
raw,M_FSPACKET_CLOSESTEP_61A48B9C,872,776,6,45,29
raw,M_FSPORTS_CREATE_D9675AD2,0,0,18,45,29
raw,M_FSPORTS_CREATE_D9675AD2,114,98,12,45,29
raw,M_FSPORTS_CREATE_D9675AD2,398,366,6,45,29
raw,M_FSPORTS_CREATE_D9675AD2,611,563,6,45,29
raw,M_FSPORTS_DELETE_FC342961,0,0,8,45,29
raw,M_FSPORTS_DELETE_FC342961,108,92,12,45,29
raw,M_MYDOS_READPHYSICAL_AF05229A,0,0,24,45,29
raw,M_MYDOS_READPHYSICAL_AF05229A,347,331,14,45,29
raw,M_MYDOS_DATASECTOR_95277D3B,0,0,12,45,29
raw,M_MYDOS_VALIDDIRECTORY_1CF8F62E,0,0,20,45,29
raw,M_MYDOS_VALIDDIRECTORY_1CF8F62E,159,143,12,45,29
raw,M_MYDOS_VALIDDIRECTORY_1CF8F62E,302,270,12,45,29
raw,M_MYDOS_EXTENT_5BCD29B5,0,0,28,45,29
raw,M_MYDOS_HEADER_A95A323A,0,0,26,45,29
raw,M_MYDOS_HEADER_A95A323A,187,171,6,45,29
raw,M_MYDOS_BEGINMOUNT_AA58F6DF,0,0,10,45,29
raw,M_MYDOS_MOUNTBUFFERED_114678B9,0,0,16,45,29
raw,M_MYDOS_MOUNTBUFFERED_114678B9,194,178,10,45,29
raw,M_MYDOS_MOUNT_2B42A118,0,0,12,45,29
raw,M_MYDOS_MOUNT_2B42A118,54,38,6,45,29
raw,M_MYDOS_MOUNT_2B42A118,208,176,10,45,29
raw,M_MYDOS_MOUNT_2B42A118,380,332,6,45,29
raw,M_MYDOS_COPYENTRY_C5D8D89C,0,0,18,45,29
raw,M_MYDOS_DECODE_69B6DF25,0,0,14,45,29
raw,M_MYDOS_LIVE_1E4E1377,0,0,14,45,29
raw,M_MYDOS_LIVE_1E4E1377,275,259,6,45,29
raw,M_MYDOS_LIVE_1E4E1377,583,551,10,45,29
raw,M_MYDOS_BUFFEREDENTRY_DC465C80,0,0,26,45,29
raw,M_MYDOS_BUFFEREDENTRY_DC465C80,662,646,12,45,29
raw,M_MYDOS_BUFFEREDENTRY_DC465C80,775,743,6,45,29
raw,M_MYDOS_BEGINENTRY_95F170F4,0,0,12,45,29
raw,M_MYDOS_BEGINENTRY_95F170F4,451,435,10,45,29
raw,M_MYDOS_GETENTRY_7D00AFBD,0,0,14,45,29
raw,M_MYDOS_GETENTRY_7D00AFBD,66,50,10,45,29
raw,M_MYDOS_GETENTRY_7D00AFBD,261,229,10,45,29
raw,M_MYDOS_GETENTRY_7D00AFBD,433,385,6,45,29
raw,M_MYDOS_SELECTMATCH_8984C9A2,0,0,14,45,29
raw,M_MYDOS_SELECTMATCH_8984C9A2,156,140,10,45,29
raw,M_MYDOS_SELECTMATCH_8984C9A2,521,489,10,45,29
raw,M_MYDOS_SELECTMATCH_8984C9A2,769,721,10,45,29
raw,M_MYDOS_CHOOSE_61B23C5E,0,0,12,45,29
raw,M_MYDOS_CHOOSE_61B23C5E,470,454,10,45,29
raw,M_MYDOS_STARTDIRECTORY_E432AEF2,0,0,12,45,29
raw,M_MYDOS_DESCEND_C497F8DD,0,0,32,45,29
raw,M_MYDOS_ROOTENTRY_E3F00029,0,0,10,45,29
raw,M_MYDOS_STARTRESOLVE_24B3B079,0,0,12,45,29
raw,M_MYDOS_STARTRESOLVE_24B3B079,1062,1046,6,45,29
raw,M_MYDOS_RESOLVECOMPONENT_8F2130C4,0,0,4,45,29
raw,M_MYDOS_RESOLVECOMPONENT_8F2130C4,54,38,6,45,29
raw,M_MYDOS_RESOLVECOMPONENT_8F2130C4,196,164,6,45,29
raw,M_MYDOS_BEGINRESOLVE_3F47247C,0,0,10,45,29
raw,M_MYDOS_BEGINRESOLVE_3F47247C,62,46,10,45,29
raw,M_MYDOS_BEGINRESOLVE_3F47247C,195,163,6,45,29
raw,M_MYDOS_RESOLVESTEP_4ADA26D9,0,0,14,45,29
raw,M_MYDOS_RESOLVESTEP_4ADA26D9,54,38,6,45,29
raw,M_MYDOS_RESOLVESTEP_4ADA26D9,248,216,6,45,29
raw,M_MYDOS_RESOLVESTEP_4ADA26D9,662,614,6,45,29
raw,M_MYDOS_RESOLVESTEP_4ADA26D9,911,847,6,45,29
raw,M_MYDOS_RESOLVESTEP_4ADA26D9,1068,988,6,45,29
raw,M_MYDOS_RESOLVE_25FA7BCB,0,0,14,45,29
raw,M_MYDOS_RESOLVE_25FA7BCB,62,46,10,45,29
raw,M_MYDOS_RESOLVE_25FA7BCB,219,187,6,45,29
raw,M_MYDOS_RESOLVE_25FA7BCB,349,301,10,45,29
raw,M_MYDOS_RESOLVE_25FA7BCB,521,457,6,45,29
raw,M_FSINIT_CONFIG_A7C873FA,0,0,24,45,29
raw,M_FSINIT_CONFIG_A7C873FA,46,30,4,45,29
raw,M_FSINIT_CONFIG_A7C873FA,615,583,6,45,29
raw,M_FSINIT_CONFIG_A7C873FA,1743,1695,20,45,29
raw,M_FSINIT_CONFIG_A7C873FA,2969,2905,10,45,29
raw,M_FSINIT_WORKSPACE_ED5E2107,0,0,16,45,29
raw,M_FSINIT_WORKSPACE_ED5E2107,122,106,12,45,29
raw,M_FSINIT_WORKSPACE_ED5E2107,448,416,12,45,29
raw,M_FSINIT_ARRIVAL_302FF83F,0,0,20,45,29
raw,M_FSINIT_ARRIVAL_302FF83F,91,75,4,45,29
raw,M_FSINIT_ARRIVAL_302FF83F,259,227,4,45,29
raw,M_FSINIT_ARRIVAL_302FF83F,585,537,4,45,29
raw,M_FSINIT_ALLOCATEMOUNT_EF481898,0,0,32,45,29
raw,M_FSINIT_ALLOCATEMOUNT_EF481898,46,30,4,45,29
raw,M_FSINIT_ALLOCATEMOUNT_EF481898,458,426,12,45,29
raw,M_FSINIT_ALLOCATEMOUNT_EF481898,1645,1597,12,45,29
raw,M_FSINIT_ALLOCATEBLOCK_5C0916F0,0,0,20,45,29
raw,M_FSINIT_ALLOCATEBLOCK_5C0916F0,156,140,12,45,29
raw,M_FSINIT_ALLOCATEBLOCK_5C0916F0,923,891,4,45,29
raw,M_FSINIT_PUBLISH_12D6516B,0,0,16,45,29
raw,M_FSINIT_PUBLISH_12D6516B,46,30,4,45,29
raw,M_FSINIT_FIRST_60F42DBA,0,0,12,45,29
raw,M_FSINIT_FIRST_60F42DBA,132,116,6,45,29
raw,M_FSINIT_ADAPTERSTEP_4F860EAF,0,0,12,45,29
raw,M_FSINIT_ADAPTERSTEP_4F860EAF,86,70,4,45,29
raw,M_FSINIT_WORKSPACESTEP_AC19D935,0,0,12,45,29
raw,M_FSINIT_WORKSPACESTEP_AC19D935,86,70,6,45,29
raw,M_FSINIT_WORKSPACESTEP_AC19D935,201,169,6,45,29
raw,M_FSINIT_MOUNTSTEP_D16E7745,0,0,12,45,29
raw,M_FSINIT_MOUNTSTEP_D16E7745,132,116,6,45,29
raw,M_FSINIT_MOUNTSTEP_D16E7745,243,211,6,45,29
raw,M_FSINIT_BLOCKSTEP_FC8F9559,0,0,12,45,29
raw,M_FSINIT_BLOCKSTEP_FC8F9559,86,70,6,45,29
raw,M_FSINIT_BLOCKSTEP_FC8F9559,197,165,6,45,29
raw,M_FSINIT_OPENEDSTEP_3B4623A1,0,0,16,45,29
raw,M_FSINIT_OPENEDSTEP_3B4623A1,211,195,6,45,29
raw,M_FSINIT_OPENEDSTEP_3B4623A1,483,451,6,45,29
raw,M_FSINIT_OPENEDSTEP_3B4623A1,680,632,6,45,29
raw,M_FSINIT_MOUNTEDSTEP_D00F6B02,0,0,16,45,29
raw,M_FSINIT_MOUNTEDSTEP_D00F6B02,211,195,6,45,29
raw,M_FSINIT_MOUNTEDSTEP_D00F6B02,363,331,6,45,29
raw,M_FSINIT_MOUNTEDSTEP_D00F6B02,560,512,6,45,29
raw,M_FSINIT_MOUNTEDSTEP_D00F6B02,730,666,4,45,29
raw,M_FSINIT_MOUNTEDSTEP_D00F6B02,854,774,4,45,29
raw,M_FSINIT_MOUNTEDSTEP_D00F6B02,1046,950,6,45,29
raw,M_FSINIT_MOUNTEDSTEP_D00F6B02,1334,1222,6,45,29
raw,M_FSINIT_FAILED_4FB7E0CF,0,0,8,45,29
raw,M_FSINIT_ROLLBACKSTEP_8166A722,0,0,16,45,29
raw,M_FSINIT_ROLLBACKSTEP_8166A722,260,244,10,45,29
raw,M_FSINIT_ROLLBACKSTEP_8166A722,570,538,12,45,29
raw,M_FSINIT_DESTROYMOUNT_00D5D10B,0,0,14,45,29
raw,M_FSINIT_DESTROYMOUNT_00D5D10B,132,116,6,45,29
raw,M_FSINIT_DESTROYMOUNT_00D5D10B,340,308,6,45,29
raw,M_FSINIT_DESTROYMOUNT_00D5D10B,443,395,6,45,29
raw,M_FSINIT_DESTROYMOUNT_00D5D10B,720,656,10,45,29
raw,M_FSINIT_DESTROYMOUNT_00D5D10B,845,765,6,45,29
raw,M_FSINIT_DESTROYMOUNT_00D5D10B,986,890,12,45,29
raw,M_FSINIT_DESTROYMOUNT_00D5D10B,1121,1009,6,45,29
raw,M_FSINIT_DESTROYMOUNT_00D5D10B,1312,1184,12,45,29
raw,M_FSINIT_DESTROYMOUNT_00D5D10B,1453,1309,12,45,29
raw,M_FSINIT_CLEANUP_26675F9E,0,0,14,45,29
raw,M_FSINIT_CLEANUP_26675F9E,233,217,10,45,29
raw,M_FSINIT_CLEANUP_26675F9E,389,357,6,45,29
raw,M_FSINIT_CLEANUP_26675F9E,536,488,4,45,29
raw,M_FSINIT_CLEANUP_26675F9E,719,655,12,45,29
raw,M_FSINIT_CLEANUP_26675F9E,930,850,12,45,29
raw,M_FSINIT_CLEANUP_26675F9E,1117,1021,6,45,29
raw,M_FSINIT_CLEANUP_26675F9E,1228,1116,6,45,29
raw,M_FSRELATIVE_VALIDATE_0372B7FC,0,0,34,45,29
raw,M_FSRELATIVE_VALIDATE_0372B7FC,1336,1320,10,45,29
raw,M_FSRELATIVE_SEED_FD9BA1BB,0,0,24,45,29
raw,M_FSRELATIVE_SEED_FD9BA1BB,178,162,10,45,29
raw,M_FSRELATIVE_SEED_FD9BA1BB,803,771,6,45,29
raw,M_FSRELATIVE_SEED_FD9BA1BB,916,868,6,45,29
raw,M_FSRELATIVE_TRIM_C4B2DBD8,0,0,12,45,29
raw,M_FSRELATIVE_ROOT_94E4441A,0,0,12,45,29
raw,M_FSRELATIVE_ROOT_94E4441A,54,38,6,45,29
raw,M_FSRELATIVE_ROOT_94E4441A,177,145,10,45,29
raw,M_FSRELATIVE_ROOT_94E4441A,358,310,12,45,29
raw,M_FSRELATIVE_BEGIN_CB9D8F8D,0,0,34,45,29
raw,M_FSRELATIVE_BEGIN_CB9D8F8D,380,364,8,45,29
raw,M_FSRELATIVE_BEGIN_CB9D8F8D,513,481,12,45,29
raw,M_FSRELATIVE_BEGIN_CB9D8F8D,881,833,10,45,29
raw,M_FSRELATIVE_BEGIN_CB9D8F8D,1083,1019,10,45,29
raw,M_FSRELATIVE_BEGIN_CB9D8F8D,1260,1180,12,45,29
raw,M_FSRELATIVE_BEGIN_CB9D8F8D,1414,1318,10,45,29
raw,M_FSRELATIVE_BEGIN_CB9D8F8D,1698,1586,12,45,29
raw,M_FSRELATIVE_BEGIN_CB9D8F8D,1960,1832,10,45,29
raw,M_FSRELATIVE_BEGIN_CB9D8F8D,2134,1990,10,45,29
raw,M_FSRELATIVE_BEGIN_CB9D8F8D,2323,2163,12,45,29
raw,M_FSRELATIVE_BEGIN_CB9D8F8D,2477,2301,10,45,29
raw,M_FSRELATIVE_BEGIN_CB9D8F8D,3289,3097,10,45,29
raw,M_FSRELATIVE_BEGIN_CB9D8F8D,3488,3280,6,45,29
raw,M_FSRELATIVE_BEGIN_CB9D8F8D,4051,3827,10,45,29
raw,M_FSRELATIVE_BEGIN_CB9D8F8D,4240,4000,12,45,29
raw,M_FSRELATIVE_PARENTRESULT_7CE6B959,0,0,20,45,29
raw,M_FSRELATIVE_PARENTRESULT_7CE6B959,181,165,12,45,29
raw,M_FSRELATIVE_PARENTRESULT_7CE6B959,353,321,6,45,29
raw,M_FSRELATIVE_PARENTRESULT_7CE6B959,528,480,12,45,29
raw,M_FSRELATIVE_PARENTRESULT_7CE6B959,893,829,12,45,29
raw,M_FSRELATIVE_PARENTRESULT_7CE6B959,1268,1188,10,45,29
raw,M_FSRELATIVE_PARENTRESULT_7CE6B959,1933,1837,12,45,29
raw,M_FSRELATIVE_PARENTRESULT_7CE6B959,2225,2113,10,45,29
raw,M_FSRELATIVE_PARENTRESULT_7CE6B959,2354,2226,6,45,29
raw,M_FSRELATIVE_PARENTRESULT_7CE6B959,2469,2325,6,45,29
raw,M_FSRELATIVE_PARENTRESULT_7CE6B959,2636,2476,12,45,29
raw,M_FSINFO_ENUMERATIONSTATE_A9C412AA,0,0,12,45,29
raw,M_FSINFO_CLEAR_E168B3AB,0,0,14,45,29
raw,M_FSINFO_NAME_B42C963D,0,0,14,45,29
raw,M_FSINFO_FILL_CDFFBE8F,0,0,12,45,29
raw,M_FSINFO_SAVE_B1E7031F,0,0,16,45,29
raw,M_FSINFO_SAVE_B1E7031F,54,38,6,45,29
raw,M_MYDOSFILE_RESTART_75C66A72,0,0,12,45,29
raw,M_MYDOSFILE_OPEN_0FD3469F,0,0,18,45,29
raw,M_MYDOSFILE_OPEN_0FD3469F,624,608,10,45,29
raw,M_MYDOSFILE_OPEN_0FD3469F,1318,1286,6,45,29
raw,M_MYDOSFILE_OPEN_0FD3469F,1485,1437,12,45,29
raw,M_MYDOSFILE_SECTORALLOWED_E72DFCC7,0,0,28,45,29
raw,M_MYDOSFILE_SECTORALLOWED_E72DFCC7,118,102,12,45,29
raw,M_MYDOSFILE_VISIT_2F7F40D0,0,0,16,45,29
raw,M_MYDOSFILE_TRAILER_58DD2DFC,0,0,28,45,29
raw,M_MYDOSFILE_LINK_86A70D17,0,0,18,45,29
raw,M_MYDOSFILE_VALIDATE_CCD11D35,0,0,16,45,29
raw,M_MYDOSFILE_VALIDATE_CCD11D35,393,377,12,45,29
raw,M_MYDOSFILE_VALIDATE_CCD11D35,530,498,6,45,29
raw,M_MYDOSFILE_VALIDATE_CCD11D35,653,605,10,45,29
raw,M_MYDOSFILE_VALIDATE_CCD11D35,790,726,10,45,29
raw,M_MYDOSFILE_VALIDATE_CCD11D35,1070,990,12,45,29
raw,M_MYDOSFILE_FAIL_8A60C23B,0,0,12,45,29
raw,M_MYDOSFILE_FINISH_E4A712C2,0,0,16,45,29
raw,M_MYDOSFILE_ADVANCE_71346BED,0,0,16,45,29
raw,M_MYDOSFILE_BEGIN_902FB340,0,0,12,45,29
raw,M_MYDOSFILE_BEGINREAD_56DCAA56,0,0,18,45,29
raw,M_MYDOSFILE_BEGINREAD_56DCAA56,54,38,6,45,29
raw,M_MYDOSFILE_BEGINREAD_56DCAA56,474,442,12,45,29
raw,M_MYDOSFILE_BEGINREAD_56DCAA56,788,740,6,45,29
raw,M_MYDOSFILE_BEGINREAD_56DCAA56,1177,1113,12,45,29
raw,M_MYDOSFILE_BEGINREAD_56DCAA56,1399,1319,12,45,29
raw,M_MYDOSFILE_BEGINREAD_56DCAA56,1546,1450,12,45,29
raw,M_MYDOSFILE_BEGINREAD_56DCAA56,1969,1857,6,45,29
raw,M_MYDOSFILE_BEGINREAD_56DCAA56,2186,2058,6,45,29
raw,M_MYDOSFILE_TARGET_3D0FAE04,0,0,18,45,29
raw,M_MYDOSFILE_TARGET_3D0FAE04,443,427,12,45,29
raw,M_MYDOSFILE_TARGET_3D0FAE04,834,802,12,45,29
raw,M_MYDOSFILE_TARGET_3D0FAE04,1386,1338,12,45,29
raw,M_MYDOSFILE_TARGET_3D0FAE04,1558,1494,6,45,29
raw,M_MYDOSFILE_TARGET_3D0FAE04,1842,1762,6,45,29
raw,M_MYDOSFILE_BEGINSEEK_007E9A86,0,0,12,45,29
raw,M_MYDOSFILE_BEGINSEEK_007E9A86,54,38,6,45,29
raw,M_MYDOSFILE_BEGINSEEK_007E9A86,372,340,12,45,29
raw,M_MYDOSFILE_BEGINSEEK_007E9A86,716,668,12,45,29
raw,M_MYDOSFILE_BEGINSEEK_007E9A86,1046,982,12,45,29
raw,M_MYDOSFILE_BEGINSEEK_007E9A86,1313,1233,12,45,29
raw,M_MYDOSFILE_BEGINSEEK_007E9A86,1485,1389,6,45,29
raw,M_MYDOSFILE_LOCATE_F172D4F1,0,0,22,45,29
raw,M_MYDOSFILE_LOCATE_F172D4F1,617,601,6,45,29
raw,M_MYDOSFILE_LOCATE_F172D4F1,890,858,12,45,29
raw,M_MYDOSFILE_LOCATE_F172D4F1,1062,1014,6,45,29
raw,M_MYDOSFILE_COPY_B45932A2,0,0,26,45,29
raw,M_MYDOSFILE_CONSUME_CDF927EF,0,0,20,45,29
raw,M_MYDOSFILE_CONSUME_CDF927EF,415,399,10,45,29
raw,M_MYDOSFILE_CONSUME_CDF927EF,1074,1042,6,45,29
raw,M_MYDOSFILE_CONSUME_CDF927EF,1226,1178,6,45,29
raw,M_MYDOSFILE_CONTINUEOPERATION_DDF4199B,0,0,14,45,29
raw,M_MYDOSFILE_CONTINUEOPERATION_DDF4199B,114,98,10,45,29
raw,M_MYDOSFILE_CONTINUEOPERATION_DDF4199B,295,263,12,45,29
raw,M_MYDOSFILE_CONTINUEOPERATION_DDF4199B,609,561,12,45,29
raw,M_MYDOSFILE_CONTINUEOPERATION_DDF4199B,781,717,6,45,29
raw,M_MYDOSFILE_CONTINUEOPERATION_DDF4199B,940,860,6,45,29
raw,M_MYDOSFILE_CONTINUEOPERATION_DDF4199B,1098,1002,6,45,29
raw,M_MYDOSFILE_RUN_01B89F42,0,0,14,45,29
raw,M_MYDOSFILE_RUN_01B89F42,157,141,10,45,29
raw,M_MYDOSFILE_RUN_01B89F42,354,322,12,45,29
raw,M_MYDOSFILE_RUN_01B89F42,481,433,6,45,29
raw,M_FSDIRECTORY_LOCKCURSORSTEP_29BACC3E,0,0,16,45,29
raw,M_FSDIRECTORY_LOCKCURSORSTEP_29BACC3E,232,216,10,45,29
raw,M_FSDIRECTORY_SELECTSTEP_815DA095,0,0,20,45,29
raw,M_FSDIRECTORY_SELECTSTEP_815DA095,134,118,8,45,29
raw,M_FSDIRECTORY_SELECTSTEP_815DA095,267,235,12,45,29
raw,M_FSDIRECTORY_SELECTSTEP_815DA095,531,483,10,45,29
raw,M_FSDIRECTORY_SELECTSTEP_815DA095,752,688,12,45,29
raw,M_FSDIRECTORY_SELECTSTEP_815DA095,1030,950,12,45,29
raw,M_FSDIRECTORY_INFOSTEP_3CC6E53D,0,0,16,45,29
raw,M_FSDIRECTORY_INFOSTEP_3CC6E53D,134,118,8,45,29
raw,M_FSDIRECTORY_INFOSTEP_3CC6E53D,267,235,12,45,29
raw,M_FSDIRECTORY_INFOSTEP_3CC6E53D,585,537,12,45,29
raw,M_FSDIRECTORY_INFOSTEP_3CC6E53D,732,668,12,45,29
raw,M_FSDIRECTORY_RESTORESTEP_8AADA789,0,0,16,45,29
raw,M_FSDIRECTORY_RESTORESTEP_8AADA789,946,930,10,45,29
raw,M_FSDIRECTORY_RESTORESTEP_8AADA789,1239,1207,12,45,29
raw,M_FSDIRECTORY_STATESTEP_73ED4FBC,0,0,18,45,29
raw,M_FSDIRECTORY_STATESTEP_73ED4FBC,124,108,6,45,29
raw,M_FSDIRECTORY_STATESTEP_73ED4FBC,833,801,12,45,29
raw,M_FSDIRECTORY_STATESTEP_73ED4FBC,1034,986,12,45,29
raw,M_FSDIRECTORY_END_806A2136,0,0,12,45,29
raw,M_FSDIRECTORY_END_806A2136,126,110,10,45,29
raw,M_FSDIRECTORY_END_806A2136,247,215,12,45,29
raw,M_FSDIRECTORY_ENTRYSTEP_D4EA4ABB,0,0,16,45,29
raw,M_FSDIRECTORY_ENTRYSTEP_D4EA4ABB,188,172,10,45,29
raw,M_FSDIRECTORY_ENTRYSTEP_D4EA4ABB,377,345,12,45,29
raw,M_FSDIRECTORY_ENTRYSTEP_D4EA4ABB,543,495,6,45,29
raw,M_FSDIRECTORY_ENTRYRESULTSTEP_4C458A60,0,0,16,45,29
raw,M_FSDIRECTORY_ENTRYRESULTSTEP_4C458A60,181,165,12,45,29
raw,M_FSDIRECTORY_ENTRYRESULTSTEP_4C458A60,353,321,6,45,29
raw,M_FSDIRECTORY_ENTRYRESULTSTEP_4C458A60,528,480,12,45,29
raw,M_FSDIRECTORY_ENTRYRESULTSTEP_4C458A60,694,630,6,45,29
raw,M_FSDIRECTORY_SIZESTEP_0C182F8A,0,0,16,45,29
raw,M_FSDIRECTORY_SIZESTEP_0C182F8A,427,411,6,45,29
raw,M_FSDIRECTORY_SIZESTEP_0C182F8A,594,562,12,45,29
raw,M_FSDIRECTORY_SIZESTEP_0C182F8A,893,845,10,45,29
raw,M_FSDIRECTORY_SIZESTEP_0C182F8A,1074,1010,12,45,29
raw,M_FSDIRECTORY_SIZESTARTSTEP_F40FBDAE,0,0,16,45,29
raw,M_FSDIRECTORY_SIZECONTINUESTEP_1EAFA525,0,0,16,45,29
raw,M_FSDIRECTORY_SIZECONTINUESTEP_1EAFA525,181,165,12,45,29
raw,M_FSDIRECTORY_SIZECONTINUESTEP_1EAFA525,408,376,10,45,29
raw,M_FSDIRECTORY_SIZECONTINUESTEP_1EAFA525,589,541,12,45,29
raw,M_FSDIRECTORY_SIZECONTINUESTEP_1EAFA525,901,837,6,45,29
raw,M_FSDIRECTORY_CLEARSTEP_2A4A8FB8,0,0,12,45,29
raw,M_FSDIRECTORY_CLEARSTEP_2A4A8FB8,124,108,6,45,29
raw,M_FSDIRECTORY_NAMESTEP_97C5C3EC,0,0,20,45,29
raw,M_FSDIRECTORY_NAMESTEP_97C5C3EC,235,219,12,45,29
raw,M_FSDIRECTORY_FILLSTEP_E0581636,0,0,20,45,29
raw,M_FSDIRECTORY_FILLSTEP_E0581636,231,215,14,45,29
raw,M_FSDIRECTORY_PUBLISHSTEP_CC8DC0F6,0,0,16,45,29
raw,M_FSDIRECTORY_PUBLISHSTEP_CC8DC0F6,185,169,10,45,29
raw,M_FSDIRECTORY_PUBLISHSTEP_CC8DC0F6,403,371,6,45,29
raw,M_FSIO_BEGIN_68AD59C5,0,0,18,45,29
raw,M_FSIO_BEGIN_68AD59C5,356,340,14,45,29
raw,M_FSIO_COMPLETE_3A967BA3,0,0,24,45,29
raw,M_FSIO_COMPLETE_3A967BA3,297,281,18,45,29
raw,M_FSIO_COMPLETE_3A967BA3,727,695,4,45,29
raw,M_FSIO_COMPLETE_3A967BA3,828,780,6,45,29
raw,M_FSIO_OFFLINE_B7567A31,0,0,16,45,29
raw,M_FSHANDLER_OPENRESULTSTEP_0C25E5DB,0,0,16,45,29
raw,M_FSHANDLER_OPENRESULTSTEP_0C25E5DB,389,373,12,45,29
raw,M_FSHANDLER_OPENRESULTSTEP_0C25E5DB,543,511,6,45,29
raw,M_FSHANDLER_OPENRESULTSTEP_0C25E5DB,748,700,12,45,29
raw,M_FSHANDLER_OPENRESULTSTEP_0C25E5DB,920,856,6,45,29
raw,M_FSHANDLER_OPENRESULTSTEP_0C25E5DB,1103,1023,6,45,29
raw,M_FSHANDLER_OPENRESULTSTEP_0C25E5DB,1220,1124,12,45,29
raw,M_FSHANDLER_OPENRESULTSTEP_0C25E5DB,1345,1233,12,45,29
raw,M_FSHANDLER_CURSORSTEP_0CA2CA5E,0,0,16,45,29
raw,M_FSHANDLER_CURSORSTEP_0CA2CA5E,189,173,10,45,29
raw,M_FSHANDLER_CURSORSTEP_0CA2CA5E,386,354,6,45,29
raw,M_FSHANDLER_CURSORSTEP_0CA2CA5E,503,455,12,45,29
raw,M_FSHANDLER_CURSORSTEP_0CA2CA5E,668,604,12,45,29
raw,M_FSHANDLER_OPENSTEP_A7675710,0,0,18,45,29
raw,M_FSHANDLER_OPENSTEP_A7675710,134,118,8,45,29
raw,M_FSHANDLER_OPENSTEP_A7675710,303,271,8,45,29
raw,M_FSHANDLER_OPENSTEP_A7675710,436,388,12,45,29
raw,M_FSHANDLER_OPENSTEP_A7675710,702,638,12,45,29
raw,M_FSHANDLER_OPENSTEP_A7675710,849,769,12,45,29
raw,M_FSHANDLER_LOCKSTEP_E0A0D2D5,0,0,16,45,29
raw,M_FSHANDLER_LOCKSTEP_E0A0D2D5,134,118,8,45,29
raw,M_FSHANDLER_LOCKSTEP_E0A0D2D5,483,451,12,45,29
raw,M_FSHANDLER_RESOLVESTARTSTEP_40B69900,0,0,12,45,29
raw,M_FSHANDLER_RESOLVESTARTSTEP_40B69900,154,138,6,45,29
raw,M_FSHANDLER_RESOLVEREADYSTEP_BDBFDED1,0,0,16,45,29
raw,M_FSHANDLER_OPERATIONRESULT_4184CBFA,0,0,12,45,29
raw,M_FSHANDLER_OPERATIONRESULT_4184CBFA,801,785,6,45,29
raw,M_FSHANDLER_FILESELECTSTEP_BED2DD8A,0,0,20,45,29
raw,M_FSHANDLER_FILESELECTSTEP_BED2DD8A,134,118,8,45,29
raw,M_FSHANDLER_FILESELECTSTEP_BED2DD8A,267,235,12,45,29
raw,M_FSHANDLER_FILESELECTSTEP_BED2DD8A,531,483,10,45,29
raw,M_FSHANDLER_FILESELECTSTEP_BED2DD8A,752,688,12,45,29
raw,M_FSHANDLER_FILESELECTSTEP_BED2DD8A,1030,950,12,45,29
raw,M_FSHANDLER_ARGUMENTSSTEP_DD745A90,0,0,16,45,29
raw,M_FSHANDLER_ARGUMENTSSTEP_DD745A90,328,312,8,45,29
raw,M_FSHANDLER_ARGUMENTSSTEP_DD745A90,461,429,12,45,29
raw,M_FSHANDLER_READSTEP_5B9B1990,0,0,12,45,29
raw,M_FSHANDLER_READSTEP_5B9B1990,112,96,6,45,29
raw,M_FSHANDLER_READSTEP_5B9B1990,223,191,8,45,29
raw,M_FSHANDLER_SEEKSTEP_90261C60,0,0,12,45,29
raw,M_FSHANDLER_SEEKSTEP_90261C60,112,96,6,45,29
raw,M_FSHANDLER_SEEKSTEP_90261C60,223,191,8,45,29
raw,M_FSHANDLER_DISPATCHSTEP_D149BF3A,0,0,20,45,29
raw,M_FSHANDLER_DISPATCHSTEP_D149BF3A,86,70,6,45,29
raw,M_FSHANDLER_MEDIASTEP_8DCF2858,0,0,20,45,29
raw,M_FSHANDLER_MEDIASTEP_8DCF2858,581,565,12,45,29
raw,M_FSHANDLER_MEDIASTEP_8DCF2858,719,687,4,45,29
raw,M_FSHANDLER_MEDIASTEP_8DCF2858,888,840,6,45,29
raw,M_FSHANDLER_MEDIASTEP_8DCF2858,1033,969,12,45,29
raw,M_FSHANDLER_ACTIONSTEP_7D527A4E,0,0,18,45,29
raw,M_FSHANDLER_ACTIONSTEP_7D527A4E,1692,1676,12,45,29
raw,M_FSHANDLER_TAKESTEP_E4E18A11,0,0,22,45,29
raw,M_FSHANDLER_TAKESTEP_E4E18A11,536,520,6,45,29
raw,M_FSHANDLER_COMPONENTSTEP_389CA8B9,0,0,16,45,29
raw,M_FSHANDLER_COMPONENTSTEP_389CA8B9,112,96,6,45,29
raw,M_FSHANDLER_COMPONENTSTEP_389CA8B9,279,247,12,45,29
raw,M_FSHANDLER_RESOLVESTEP_D6E79D38,0,0,16,45,29
raw,M_FSHANDLER_RESOLVESTEP_D6E79D38,181,165,12,45,29
raw,M_FSHANDLER_RESOLVESTEP_D6E79D38,353,321,6,45,29
raw,M_FSHANDLER_RESOLVESTEP_D6E79D38,496,448,6,45,29
raw,M_FSHANDLER_RESOLVESTEP_D6E79D38,663,599,12,45,29
raw,M_FSHANDLER_RESOLVESTEP_D6E79D38,1028,948,12,45,29
raw,M_FSHANDLER_FILESTEP_A93D50C2,0,0,16,45,29
raw,M_FSHANDLER_FILESTEP_A93D50C2,207,191,12,45,29
raw,M_FSHANDLER_FILESTEP_A93D50C2,360,328,6,45,29
raw,M_FSHANDLER_FILESTEP_A93D50C2,471,423,8,45,29
raw,M_FSWORKER_WORKER_2BB473B0,0,0,38,45,29
raw,M_FSWORKER_WORKER_2BB473B0,46,30,6,45,29
raw,M_FSWORKER_WORKER_2BB473B0,151,119,4,45,29
raw,M_FSWORKER_WORKER_2BB473B0,272,224,4,45,29
raw,M_FSWORKER_WORKER_2BB473B0,343,279,4,45,29
raw,M_FSWORKER_WORKER_2BB473B0,664,584,9,45,29
raw,M_FSWORKER_WORKER_2BB473B0,843,747,6,45,29
raw,M_FSWORKER_WORKER_2BB473B0,1056,944,6,45,29
raw,M_FSWORKER_WORKER_2BB473B0,1216,1088,6,45,29
raw,M_FSWORKER_WORKER_2BB473B0,1444,1300,10,45,29
raw,M_FSWORKER_WORKER_2BB473B0,1662,1502,8,45,29
raw,M_FSWORKER_WORKER_2BB473B0,1804,1628,10,45,29
raw,M_FSWORKER_FINISH_EC2E5E2B,0,0,12,45,29
raw,M_FSWORKER_FINISH_EC2E5E2B,114,98,6,45,29
raw,M_FSWORKER_FINISH_EC2E5E2B,235,203,12,45,29
raw,M_FSMOUNT_DISPATCH_FD59F08F,0,0,24,45,29
raw,M_FSMOUNT_DISPATCH_FD59F08F,86,70,6,45,29
raw,M_FSMOUNT_SELECTSTEP_8E807607,0,0,28,45,29
raw,M_FSMOUNT_SELECTSTEP_8E807607,78,62,4,45,29
raw,M_FSMOUNT_SELECTSTEP_8E807607,401,369,4,45,29
raw,M_FSMOUNT_SELECTSTEP_8E807607,545,497,4,45,29
raw,M_FSMOUNT_SELECTSTEP_8E807607,737,673,6,45,29
raw,M_FSMOUNT_SELECTSTEP_8E807607,1256,1176,12,45,29
raw,M_FSMOUNT_COMMANDSTEP_B1883B1A,0,0,22,45,29
raw,M_FSMOUNT_COMMANDSTEP_B1883B1A,78,62,4,45,29
raw,M_FSMOUNT_COMMANDSTEP_B1883B1A,756,724,12,45,29
raw,M_FSMOUNT_COMMANDSTEP_B1883B1A,990,942,12,45,29
raw,M_FSMOUNT_REMOVESTEP_BBB2975B,0,0,12,45,29
raw,M_FSMOUNT_REMOVESTEP_BBB2975B,160,144,12,45,29
raw,M_FSMOUNT_REMOVESTEP_BBB2975B,306,274,4,45,29
raw,M_FSMOUNT_REMOVESTEP_BBB2975B,692,644,4,45,29
raw,M_FSMOUNT_REMOVESTEP_BBB2975B,807,743,12,45,29
raw,M_FSMOUNT_DESTROYSTEP_4CF540E7,0,0,16,45,29
raw,M_FSMOUNT_DESTROYSTEP_4CF540E7,120,104,10,45,29
raw,M_FSMOUNT_DESTROYSTEP_4CF540E7,336,304,6,45,29
raw,M_FSMUX_CONTROL_16FCB25F,0,0,16,45,29
raw,M_FSMUX_CONTROL_16FCB25F,80,64,6,45,29
raw,M_FSMUX_TAKE_F08F7501,0,0,12,45,29
raw,M_FSMUX_TAKE_F08F7501,152,136,6,45,29
raw,M_FSMUX_TAKE_F08F7501,294,262,6,45,29
raw,M_FSMUX_TAKE_F08F7501,479,431,6,45,29
raw,M_FSBOOT_BEGINSERVICE_BC5D2672,0,0,20,45,29
raw,M_FSBOOT_BEGINSERVICE_BC5D2672,118,102,12,45,29
raw,M_FSBOOT_BEGINSERVICE_BC5D2672,576,544,8,45,29
raw,M_FSBOOT_BEGINSERVICE_BC5D2672,759,711,12,45,29
raw,M_FSBOOT_ENSURE_06ED6F00,0,0,16,45,29
raw,M_FSBOOT_ENSURE_06ED6F00,46,30,4,45,29
raw,M_FSBOOT_ENSURE_06ED6F00,149,117,4,45,29
raw,M_FSBOOT_ENSURE_06ED6F00,612,564,4,45,29
raw,M_FSBOOT_ENSURE_06ED6F00,711,647,6,45,29
raw,M_FSBOOT_ENSURE_06ED6F00,896,816,6,45,29
raw,M_FSBOOT_STOP_AD5246E2,0,0,30,45,29
raw,M_FSBOOT_STOP_AD5246E2,46,30,4,45,29
raw,M_FSBOOT_STOP_AD5246E2,141,109,4,45,29
raw,M_FSBOOT_STOP_AD5246E2,270,222,4,45,29
raw,M_FSBOOT_STOP_AD5246E2,493,429,4,45,29
raw,M_FSBOOT_STOP_AD5246E2,1266,1186,4,45,29
raw,M_FSBOOT_STOP_AD5246E2,1518,1422,12,45,29
raw,M_FSBOOT_STOP_AD5246E2,1683,1571,6,45,29
raw,M_FSBOOT_STOP_AD5246E2,1779,1651,4,45,29
raw,M_FSBOOT_STOP_AD5246E2,1877,1733,4,45,29
raw,M_DOSCALLS_ARGUMENTS_D4B63738,0,0,12,45,29
raw,M_DOSCALLS_NAMEARGUMENTS_4FEB00BB,0,0,12,45,29
raw,M_DOSCALLS_ACQUIRE_C423433E,0,0,46,45,29
raw,M_DOSCALLS_ACQUIRE_C423433E,90,74,4,45,29
raw,M_DOSCALLS_ACQUIRE_C423433E,264,232,4,45,29
raw,M_DOSCALLS_ACQUIRE_C423433E,414,366,6,45,29
raw,M_DOSCALLS_ACQUIRE_C423433E,648,584,6,45,29
raw,M_DOSCALLS_ACQUIRE_C423433E,991,911,4,45,29
raw,M_DOSCALLS_ACQUIRE_C423433E,1084,988,4,45,29
raw,M_DOSCALLS_ACQUIRE_C423433E,1298,1186,10,45,29
raw,M_DOSCALLS_ACQUIRE_C423433E,1657,1529,10,45,29
raw,M_DOSCALLS_ACQUIRE_C423433E,1819,1675,18,45,29
raw,M_DOSCALLS_ACQUIRE_C423433E,2310,2150,14,45,29
raw,M_DOSCALLS_ACQUIRE_C423433E,2602,2426,6,45,29
raw,M_DOSCALLS_CONFIGURED_B6EDEF76,0,0,20,45,29
raw,M_DOSCALLS_CONFIGURED_B6EDEF76,46,30,4,45,29
raw,M_DOSCALLS_CONFIGURED_B6EDEF76,488,456,12,45,29
raw,M_DOSCALLS_DESTINATION_E6EBC832,0,0,12,45,29
raw,M_DOSCALLS_DESTINATION_E6EBC832,77,61,8,45,29
raw,M_DOSCALLS_DESTINATION_E6EBC832,242,210,4,45,29
raw,M_DOSCALLS_DESTINATION_E6EBC832,329,281,6,45,29
raw,M_DOSCALLS_DESTINATION_E6EBC832,524,460,10,45,29
raw,M_DOSCALLS_DESTINATION_E6EBC832,745,665,8,45,29
raw,M_DOSCALLS_DESTINATION_E6EBC832,914,818,10,45,29
raw,M_DOSCALLS_DESTINATION_E6EBC832,1045,933,8,45,29
raw,M_DOSCALLS_OPEN_390423B6,0,0,22,45,29
raw,M_DOSCALLS_OPEN_390423B6,54,38,6,45,29
raw,M_DOSCALLS_OPEN_390423B6,160,128,10,45,29
raw,M_DOSCALLS_OPEN_390423B6,358,310,8,45,29
raw,M_DOSCALLS_OPEN_390423B6,684,620,8,45,29
raw,M_DOSCALLS_OPEN_390423B6,854,774,14,45,29
raw,M_DOSCALLS_OPEN_390423B6,1026,930,8,45,29
raw,M_DOSCALLS_OPEN_390423B6,1151,1039,8,45,29
raw,M_DOSCALLS_OPEN_390423B6,1277,1149,4,45,29
raw,M_DOSCALLS_OPEN_390423B6,1471,1327,6,45,29
raw,M_DOSCALLS_OPEN_390423B6,1615,1455,6,45,29
raw,M_DOSCALLS_LOCK_DE185F87,0,0,20,45,29
raw,M_DOSCALLS_LOCK_DE185F87,54,38,6,45,29
raw,M_DOSCALLS_LOCK_DE185F87,160,128,10,45,29
raw,M_DOSCALLS_LOCK_DE185F87,358,310,8,45,29
raw,M_DOSCALLS_LOCK_DE185F87,664,600,8,45,29
raw,M_DOSCALLS_LOCK_DE185F87,818,738,14,45,29
raw,M_DOSCALLS_BADOBJECT_51D88018,0,0,6,45,29
raw,M_DOSCALLS_BADOBJECT_51D88018,82,66,8,45,29
raw,M_DOSCALLS_BADOBJECT_51D88018,189,157,8,45,29
raw,M_DOSCALLS_OBJECT_E89E37D3,0,0,16,45,29
raw,M_DOSCALLS_OBJECT_E89E37D3,46,30,4,45,29
raw,M_DOSCALLS_OBJECT_E89E37D3,149,117,10,45,29
raw,M_DOSCALLS_OBJECT_E89E37D3,476,428,4,45,29
raw,M_DOSCALLS_FILE_E8D1DABC,0,0,16,45,29
raw,M_DOSCALLS_FILE_E8D1DABC,54,38,6,45,29
raw,M_DOSCALLS_FILE_E8D1DABC,218,186,4,45,29
raw,M_DOSCALLS_FILE_E8D1DABC,372,324,6,45,29
raw,M_DOSCALLS_FILE_E8D1DABC,491,427,8,45,29
raw,M_DOSCALLS_FILE_E8D1DABC,659,579,10,45,29
raw,M_DOSCALLS_READ_BEE8BE36,0,0,42,45,29
raw,M_DOSCALLS_READ_BEE8BE36,46,30,4,45,29
raw,M_DOSCALLS_READ_BEE8BE36,285,253,8,45,29
raw,M_DOSCALLS_READ_BEE8BE36,595,547,14,45,29
raw,M_DOSCALLS_READ_BEE8BE36,857,793,18,45,29
raw,M_DOSCALLS_READ_BEE8BE36,1186,1106,4,45,29
raw,M_DOSCALLS_READ_BEE8BE36,1585,1489,6,45,29
raw,M_DOSCALLS_READ_BEE8BE36,1690,1578,6,45,29
raw,M_DOSCALLS_READ_BEE8BE36,1820,1692,12,45,29
raw,M_DOSCALLS_READ_BEE8BE36,2001,1857,10,45,29
raw,M_DOSCALLS_READ_BEE8BE36,2460,2300,14,45,29
raw,M_DOSCALLS_READ_BEE8BE36,2606,2430,6,45,29
raw,M_DOSCALLS_WRITE_8E98A1A7,0,0,32,45,29
raw,M_DOSCALLS_WRITE_8E98A1A7,46,30,4,45,29
raw,M_DOSCALLS_WRITE_8E98A1A7,285,253,8,45,29
raw,M_DOSCALLS_WRITE_8E98A1A7,595,547,14,45,29
raw,M_DOSCALLS_WRITE_8E98A1A7,857,793,18,45,29
raw,M_DOSCALLS_WRITE_8E98A1A7,1186,1106,4,45,29
raw,M_DOSCALLS_WRITE_8E98A1A7,1585,1489,6,45,29
raw,M_DOSCALLS_WRITE_8E98A1A7,1690,1578,6,45,29
raw,M_DOSCALLS_WRITE_8E98A1A7,1820,1692,12,45,29
raw,M_DOSCALLS_WRITE_8E98A1A7,1993,1849,6,45,29
raw,M_DOSCALLS_WRITE_8E98A1A7,2114,1954,4,45,29
raw,M_DOSCALLS_WRITE_8E98A1A7,2307,2131,12,45,29
raw,M_DOSCALLS_WRITE_8E98A1A7,2696,2504,8,45,29
raw,M_DOSCALLS_WRITE_8E98A1A7,2842,2634,8,45,29
raw,M_DOSCALLS_SEEK_17FC33E6,0,0,34,45,29
raw,M_DOSCALLS_SEEK_17FC33E6,46,30,4,45,29
raw,M_DOSCALLS_SEEK_17FC33E6,285,253,8,45,29
raw,M_DOSCALLS_SEEK_17FC33E6,595,547,6,45,29
raw,M_DOSCALLS_SEEK_17FC33E6,714,650,8,45,29
raw,M_DOSCALLS_SEEK_17FC33E6,960,880,8,45,29
raw,M_DOSCALLS_SEEK_17FC33E6,1167,1071,10,45,29
raw,M_DOSCALLS_SEEK_17FC33E6,1610,1498,14,45,29
raw,M_DOSCALLS_SEEK_17FC33E6,1756,1628,6,45,29
raw,M_DOSCALLS_CLOSE_97169B3A,0,0,34,45,29
raw,M_DOSCALLS_CLOSE_97169B3A,46,30,4,45,29
raw,M_DOSCALLS_CLOSE_97169B3A,224,192,8,45,29
raw,M_DOSCALLS_CLOSE_97169B3A,465,417,10,45,29
raw,M_DOSCALLS_CLOSE_97169B3A,693,629,10,45,29
raw,M_DOSCALLS_CLOSE_97169B3A,866,786,10,45,29
raw,M_DOSCALLS_CLOSE_97169B3A,1118,1022,10,45,29
raw,M_DOSCALLS_CLOSE_97169B3A,1283,1171,14,45,29
raw,M_DOSCALLS_CLOSE_97169B3A,1429,1301,6,45,29
raw,M_DOSCALLS_UNLOCK_2871018C,0,0,34,45,29
raw,M_DOSCALLS_UNLOCK_2871018C,85,69,4,45,29
raw,M_DOSCALLS_UNLOCK_2871018C,227,195,8,45,29
raw,M_DOSCALLS_UNLOCK_2871018C,463,415,8,45,29
raw,M_DOSCALLS_UNLOCK_2871018C,573,509,10,45,29
raw,M_DOSCALLS_UNLOCK_2871018C,827,747,14,45,29
raw,M_DOSCALLS_UNLOCK_2871018C,973,877,6,45,29
raw,M_DOSCALLS_INFORMATION_13F25DEC,0,0,34,45,29
raw,M_DOSCALLS_INFORMATION_13F25DEC,46,30,4,45,29
raw,M_DOSCALLS_INFORMATION_13F25DEC,224,192,8,45,29
raw,M_DOSCALLS_INFORMATION_13F25DEC,426,378,10,45,29
raw,M_DOSCALLS_INFORMATION_13F25DEC,782,718,14,45,29
raw,M_DOSCALLS_INFORMATION_13F25DEC,928,848,6,45,29
raw,M_DOSCALLS_SELECTED_604EA3D9,0,0,14,45,29
raw,M_DOSCALLS_SELECTED_604EA3D9,46,30,4,45,29
raw,M_DOSCALLS_SELECTIONREADY_28C831A1,0,0,12,45,29
raw,M_DOSCALLS_LIVESELECTION_2BE04852,0,0,12,45,29
raw,M_DOSCALLS_LIVESELECTION_2BE04852,54,38,8,45,29
raw,M_DOSCALLS_LIVESELECTION_2BE04852,291,259,6,45,29
raw,M_DOSCALLS_LIVESELECTION_2BE04852,394,346,4,45,29
raw,M_DOSCALLS_LIVESELECTION_2BE04852,545,481,6,45,29
raw,M_DOSCALLS_LIVESELECTION_2BE04852,666,586,4,45,29
raw,M_DOSCALLS_SELECT_1EDDE386,0,0,18,45,29
raw,M_DOSCALLS_SELECT_1EDDE386,46,30,4,45,29
raw,M_DOSCALLS_SELECT_1EDDE386,149,117,6,45,29
raw,M_DOSCALLS_SELECT_1EDDE386,325,277,6,45,29
raw,M_DOSCALLS_DIRECTORY_C8028D6B,0,0,18,45,29
raw,M_DOSCALLS_DIRECTORY_C8028D6B,54,38,6,45,29
raw,M_DOSCALLS_DIRECTORY_C8028D6B,552,520,10,45,29
raw,M_DOSCALLS_CURRENTDIR_1AA7335E,0,0,24,45,29
raw,M_DOSCALLS_CURRENTDIR_1AA7335E,46,30,4,45,29
raw,M_DOSCALLS_CURRENTDIR_1AA7335E,149,117,6,45,29
raw,M_DOSCALLS_CURRENTDIR_1AA7335E,325,277,8,45,29
raw,M_DOSCALLS_CURRENTDIR_1AA7335E,515,451,6,45,29
raw,M_DOSCALLS_CURRENTDIR_1AA7335E,652,572,4,45,29
raw,M_DOSCALLS_NAMEFROMLOCK_92457C4A,0,0,32,45,29
raw,M_DOSCALLS_NAMEFROMLOCK_92457C4A,46,30,4,45,29
raw,M_DOSCALLS_NAMEFROMLOCK_92457C4A,149,117,6,45,29
raw,M_DOSCALLS_NAMEFROMLOCK_92457C4A,303,255,8,45,29
raw,M_DOSCALLS_NAMEFROMLOCK_92457C4A,497,433,6,45,29
raw,M_DOSCALLS_NAMEFROMLOCK_92457C4A,634,554,4,45,29
raw,M_DOSCALLS_NAMEFROMLOCK_92457C4A,1021,925,12,45,29
raw,M_DOSCALLS_NAMEFROMLOCK_92457C4A,1241,1129,6,45,29
raw,M_DOSCALLS_NAMEFROMLOCK_92457C4A,1354,1226,6,45,29
raw,M_DOSCALLS_ISINTERACTIVE_18CACEEA,0,0,14,45,29
raw,M_DOSCALLS_ISINTERACTIVE_18CACEEA,46,30,4,45,29
raw,M_DOSCALLS_ISINTERACTIVE_18CACEEA,149,117,6,45,29
raw,M_DOSCALLS_ISINTERACTIVE_18CACEEA,303,255,6,45,29
raw,M_DOS_OPEN_87DAE823,0,0,12,45,29
raw,M_DOS_OPEN_87DAE823,62,46,12,45,29
raw,M_DOS_READ_BCD2228F,0,0,16,45,29
raw,M_DOS_READ_BCD2228F,86,70,14,45,29
raw,M_DOS_WRITE_BE4FDE64,0,0,16,45,29
raw,M_DOS_WRITE_BE4FDE64,86,70,14,45,29
raw,M_DOS_SEEK_DE9F46FB,0,0,16,45,29
raw,M_DOS_SEEK_DE9F46FB,86,70,16,45,29
raw,M_DOS_CLOSE_4C224801,0,0,8,45,29
raw,M_DOS_CLOSE_4C224801,70,54,6,45,29
raw,M_DOS_IOERR_E649FF90,0,0,6,45,29
raw,M_DOS_IOERR_E649FF90,46,30,4,45,29
raw,M_DOS_RELEASECONTEXT_9DB9F883,0,0,6,45,29
raw,M_DOS_RELEASECONTEXT_9DB9F883,46,30,4,45,29
raw,M_DOS_LOCK_4DEC517E,0,0,12,45,29
raw,M_DOS_LOCK_4DEC517E,62,46,12,45,29
raw,M_DOS_UNLOCK_74209499,0,0,8,45,29
raw,M_DOS_UNLOCK_74209499,70,54,6,45,29
raw,M_DOS_EXAMINE_1F15C1B0,0,0,16,45,29
raw,M_DOS_EXAMINE_1F15C1B0,106,90,14,45,29
raw,M_DOS_EXNEXT_623C7B53,0,0,16,45,29
raw,M_DOS_EXNEXT_623C7B53,106,90,14,45,29
raw,M_DOS_INPUT_41B1DDE9,0,0,8,45,29
raw,M_DOS_INPUT_41B1DDE9,46,30,4,45,29
raw,M_DOS_OUTPUT_DF7018DC,0,0,8,45,29
raw,M_DOS_OUTPUT_DF7018DC,46,30,4,45,29
raw,M_DOS_SELECTINPUT_FF0F4771,0,0,8,45,29
raw,M_DOS_SELECTINPUT_FF0F4771,70,54,8,45,29
raw,M_DOS_SELECTOUTPUT_3A928904,0,0,8,45,29
raw,M_DOS_SELECTOUTPUT_3A928904,70,54,8,45,29
raw,M_DOS_ISINTERACTIVE_FD05AE49,0,0,8,45,29
raw,M_DOS_ISINTERACTIVE_FD05AE49,70,54,6,45,29
raw,M_DOS_CURRENTDIR_764577CB,0,0,8,45,29
raw,M_DOS_CURRENTDIR_764577CB,70,54,6,45,29
raw,M_DOS_NAMEFROMLOCK_8794AD67,0,0,16,45,29
raw,M_DOS_NAMEFROMLOCK_8794AD67,86,70,14,45,29
raw,M_TASKINSPECT_SNAPSHOT_72A67CF0,0,0,32,45,29
raw,M_TASKINSPECT_SNAPSHOT_72A67CF0,138,122,4,45,29
raw,M_TASKINSPECT_SNAPSHOT_72A67CF0,1635,1603,4,45,29
raw,M_DEVICEINSPECT_SNAPSHOT_EBB6295F,0,0,18,45,29
raw,M_DEVICEINSPECT_SNAPSHOT_EBB6295F,138,122,4,45,29
raw,M_DEVICEINSPECT_SNAPSHOT_EBB6295F,788,756,8,45,29
raw,M_DEVICEINSPECT_SNAPSHOT_EBB6295F,960,912,4,45,29
raw,M_DEVICEINSPECT_SNAPSHOT_EBB6295F,1135,1071,4,45,29
raw,M_FSINSPECT_SNAPSHOT_873CF8A6,0,0,26,45,29
raw,M_FSINSPECT_SNAPSHOT_873CF8A6,122,106,4,45,29
raw,M_FSINSPECT_SNAPSHOT_873CF8A6,233,201,4,45,29
raw,M_FSINSPECT_SNAPSHOT_873CF8A6,1611,1563,4,45,29
raw,M_SHELLAPP_SHELLLINE_DC60634C,0,0,12,45,29
raw,M_SHELLAPP_SHELLDRAWBUFFER_B9163ABE,0,0,12,45,29
raw,M_SHELLAPP_SHELLSCRATCH_1695768C,0,0,12,45,29
raw,M_SHELLAPP_SHELLTRANSFER_C9C879BF,0,0,12,45,29
raw,M_SHELLAPP_SHELLFAIL_9D17A97C,0,0,10,45,29
raw,M_SHELLAPP_SHELLLENGTH_56CE75A6,0,0,12,45,29
raw,M_SHELLAPP_SHELLEQUAL_EF077ADE,0,0,14,45,29
raw,M_SHELLAPP_SHELLWRITE_F4A8AD7D,0,0,26,45,29
raw,M_SHELLAPP_SHELLWRITE_F4A8AD7D,519,503,14,45,29
raw,M_SHELLAPP_SHELLWRITE_F4A8AD7D,657,625,4,45,29
raw,M_SHELLAPP_SHELLWRITE_F4A8AD7D,1179,1131,12,45,29
raw,M_SHELLAPP_SHELLWRITE_F4A8AD7D,1310,1246,12,45,29
raw,M_SHELLAPP_SHELLBYTE_1EE28596,0,0,16,45,29
raw,M_SHELLAPP_SHELLBYTE_1EE28596,46,30,4,45,29
raw,M_SHELLAPP_SHELLBYTE_1EE28596,267,235,12,45,29
raw,M_SHELLAPP_SHELLTEXT_7D109071,0,0,16,45,29
raw,M_SHELLAPP_SHELLTEXT_7D109071,70,54,6,45,29
raw,M_SHELLAPP_SHELLTEXT_7D109071,160,128,12,45,29
raw,M_SHELLAPP_SHELLPASCAL_09C83940,0,0,12,45,29
raw,M_SHELLAPP_SHELLPASCAL_09C83940,169,153,12,45,29
raw,M_SHELLAPP_SHELLNUMBER_7C65BFBB,0,0,30,45,29
raw,M_SHELLAPP_SHELLNUMBER_7C65BFBB,46,30,4,45,29
raw,M_SHELLAPP_SHELLNUMBER_7C65BFBB,1277,1245,12,45,29
raw,M_SHELLAPP_SHELLDIAGNOSTIC_F84A4C35,0,0,12,45,29
raw,M_SHELLAPP_SHELLDIAGNOSTIC_F84A4C35,288,272,10,45,29
raw,M_SHELLAPP_SHELLDIAGNOSTIC_F84A4C35,463,431,12,45,29
raw,M_SHELLAPP_SHELLDIAGNOSTIC_F84A4C35,606,558,8,45,29
raw,M_SHELLAPP_SHELLREDRAW_2EDE4915,0,0,34,45,29
raw,M_SHELLAPP_SHELLREDRAW_2EDE4915,46,30,4,45,29
raw,M_SHELLAPP_SHELLREDRAW_2EDE4915,141,109,4,45,29
raw,M_SHELLAPP_SHELLREDRAW_2EDE4915,1667,1619,12,45,29
raw,M_SHELLAPP_SHELLCLEAR_52BB640F,0,0,12,45,29
raw,M_SHELLAPP_SHELLCLEAR_52BB640F,46,30,4,45,29
raw,M_SHELLAPP_SHELLPARSE_A4976CAB,0,0,30,45,29
raw,M_SHELLAPP_SHELLPARSE_A4976CAB,46,30,4,45,29
raw,M_SHELLAPP_SHELLPARSE_A4976CAB,3402,3370,10,45,29
raw,M_SHELLAPP_SHELLPARSE_A4976CAB,3594,3546,10,45,29
raw,M_SHELLAPP_SHELLPARSE_A4976CAB,3786,3722,10,45,29
raw,M_SHELLAPP_SHELLPARSE_A4976CAB,3978,3898,10,45,29
raw,M_SHELLAPP_SHELLPARSE_A4976CAB,4170,4074,10,45,29
raw,M_SHELLAPP_SHELLPARSE_A4976CAB,4362,4250,10,45,29
raw,M_SHELLAPP_SHELLPARSE_A4976CAB,4554,4426,10,45,29
raw,M_SHELLAPP_SHELLPARSE_A4976CAB,4746,4602,10,45,29
raw,M_SHELLAPP_SHELLPARSE_A4976CAB,4938,4778,10,45,29
raw,M_SHELLAPP_SHELLPARSE_A4976CAB,5130,4954,10,45,29
raw,M_SHELLAPP_SHELLPARSE_A4976CAB,5322,5130,10,45,29
raw,M_SHELLAPP_SHELLPARSE_A4976CAB,5549,5341,12,45,29
raw,M_SHELLAPP_SHELLCHANGE_E2B81D98,0,0,24,45,29
raw,M_SHELLAPP_SHELLCHANGE_E2B81D98,86,70,12,45,29
raw,M_SHELLAPP_SHELLCHANGE_E2B81D98,211,179,4,45,29
raw,M_SHELLAPP_SHELLCHANGE_E2B81D98,365,317,12,45,29
raw,M_SHELLAPP_SHELLCHANGE_E2B81D98,533,469,6,45,29
raw,M_SHELLAPP_SHELLCHANGE_E2B81D98,638,558,4,45,29
raw,M_SHELLAPP_SHELLCHANGE_E2B81D98,906,810,12,45,29
raw,M_SHELLAPP_SHELLCHANGE_E2B81D98,1051,939,6,45,29
raw,M_SHELLAPP_SHELLCHANGE_E2B81D98,1156,1028,4,45,29
raw,M_SHELLAPP_SHELLCHANGE_E2B81D98,1400,1256,4,45,29
raw,M_SHELLAPP_SHELLCHANGE_E2B81D98,1490,1330,12,45,29
raw,M_SHELLAPP_SHELLCHANGE_E2B81D98,1746,1570,6,45,29
raw,M_SHELLAPP_SHELLCHANGE_E2B81D98,1827,1635,4,45,29
raw,M_SHELLAPP_SHELLCHANGE_E2B81D98,2071,1863,4,45,29
raw,M_SHELLAPP_SHELLCHANGE_E2B81D98,2161,1937,12,45,29
raw,M_SHELLAPP_SHELLRELEASELOCK_7049A622,0,0,14,45,29
raw,M_SHELLAPP_SHELLRELEASELOCK_7049A622,88,72,6,45,29
raw,M_SHELLAPP_SHELLRELEASELOCK_7049A622,193,161,4,45,29
raw,M_SHELLAPP_SHELLRELEASELOCK_7049A622,437,389,4,45,29
raw,M_SHELLAPP_SHELLRELEASELOCK_7049A622,527,463,12,45,29
raw,M_SHELLAPP_SHELLRELEASELOCK_7049A622,679,599,6,45,29
raw,M_SHELLAPP_SHELLRELEASELOCK_7049A622,760,664,4,45,29
raw,M_SHELLAPP_SHELLRELEASELOCK_7049A622,1004,892,4,45,29
raw,M_SHELLAPP_SHELLRELEASELOCK_7049A622,1094,966,12,45,29
raw,M_SHELLAPP_SHELLDIR_EB67AED9,0,0,32,45,29
raw,M_SHELLAPP_SHELLDIR_EB67AED9,332,316,12,45,29
raw,M_SHELLAPP_SHELLDIR_EB67AED9,557,525,4,45,29
raw,M_SHELLAPP_SHELLDIR_EB67AED9,647,599,12,45,29
raw,M_SHELLAPP_SHELLDIR_EB67AED9,757,693,4,45,29
raw,M_SHELLAPP_SHELLDIR_EB67AED9,918,838,10,45,29
raw,M_SHELLAPP_SHELLDIR_EB67AED9,1040,944,4,45,29
raw,M_SHELLAPP_SHELLDIR_EB67AED9,1308,1196,12,45,29
raw,M_SHELLAPP_SHELLDIR_EB67AED9,1611,1483,12,45,29
raw,M_SHELLAPP_SHELLDIR_EB67AED9,1768,1624,10,45,29
raw,M_SHELLAPP_SHELLDIR_EB67AED9,1890,1730,4,45,29
raw,M_SHELLAPP_SHELLDIR_EB67AED9,2304,2128,12,45,29
raw,M_SHELLAPP_SHELLDIR_EB67AED9,2411,2219,4,45,29
raw,M_SHELLAPP_SHELLDIR_EB67AED9,2553,2345,10,45,29
raw,M_SHELLAPP_SHELLDIR_EB67AED9,2816,2592,4,45,29
raw,M_SHELLAPP_SHELLDIR_EB67AED9,2903,2663,8,45,29
raw,M_SHELLAPP_SHELLDIR_EB67AED9,2994,2738,4,45,29
raw,M_SHELLAPP_SHELLDIR_EB67AED9,3081,2809,8,45,29
raw,M_SHELLAPP_SHELLDIR_EB67AED9,3168,2880,4,45,29
raw,M_SHELLAPP_SHELLDIR_EB67AED9,3285,2981,12,45,29
raw,M_SHELLAPP_SHELLDIR_EB67AED9,3386,3066,4,45,29
raw,M_SHELLAPP_SHELLDIR_EB67AED9,3473,3137,8,45,29
raw,M_SHELLAPP_SHELLDIR_EB67AED9,3744,3392,4,45,29
raw,M_SHELLAPP_SHELLCONVERT_8185A927,0,0,16,45,29
raw,M_SHELLAPP_SHELLCONVERT_8185A927,46,30,4,45,29
raw,M_SHELLAPP_SHELLCLOSECOMMANDINPUT_5DFC114D,0,0,10,45,29
raw,M_SHELLAPP_SHELLCLOSECOMMANDINPUT_5DFC114D,148,132,6,45,29
raw,M_SHELLAPP_SHELLCLOSECOMMANDINPUT_5DFC114D,402,370,4,45,29
raw,M_SHELLAPP_SHELLCLOSECOMMANDINPUT_5DFC114D,492,444,12,45,29
raw,M_SHELLAPP_SHELLTYPE_D64CE23C,0,0,34,45,29
raw,M_SHELLAPP_SHELLTYPE_D64CE23C,288,272,12,45,29
raw,M_SHELLAPP_SHELLTYPE_D64CE23C,485,453,4,45,29
raw,M_SHELLAPP_SHELLTYPE_D64CE23C,612,564,4,45,29
raw,M_SHELLAPP_SHELLTYPE_D64CE23C,904,840,12,45,29
raw,M_SHELLAPP_SHELLTYPE_D64CE23C,1069,989,6,45,29
raw,M_SHELLAPP_SHELLTYPE_D64CE23C,1177,1081,4,45,29
raw,M_SHELLAPP_SHELLTYPE_D64CE23C,1445,1333,12,45,29
raw,M_SHELLAPP_SHELLTYPE_D64CE23C,1729,1601,12,45,29
raw,M_SHELLAPP_SHELLTYPE_D64CE23C,1847,1703,4,45,29
raw,M_SHELLAPP_SHELLTYPE_D64CE23C,1966,1806,14,45,29
raw,M_SHELLAPP_SHELLTYPE_D64CE23C,2104,1928,4,45,29
raw,M_SHELLAPP_SHELLTYPE_D64CE23C,2372,2180,12,45,29
raw,M_SHELLAPP_SHELLTYPE_D64CE23C,2821,2613,12,45,29
raw,M_SHELLAPP_SHELLTYPE_D64CE23C,2948,2724,6,45,29
raw,M_SHELLAPP_SHELLTYPE_D64CE23C,3040,2800,4,45,29
raw,M_SHELLAPP_SHELLTYPE_D64CE23C,3127,2871,4,45,29
raw,M_SHELLAPP_SHELLTYPE_D64CE23C,3218,2946,12,45,29
raw,M_SHELLAPP_SHELLTYPE_D64CE23C,3505,3217,4,45,29
raw,M_SHELLAPP_SHELLMEM_399A3E7B,0,0,12,45,29
raw,M_SHELLAPP_SHELLMEM_399A3E7B,46,30,4,45,29
raw,M_SHELLAPP_SHELLMEM_399A3E7B,161,129,10,45,29
raw,M_SHELLAPP_SHELLMEM_399A3E7B,256,208,4,45,29
raw,M_SHELLAPP_SHELLMEM_399A3E7B,359,295,8,45,29
raw,M_SHELLAPP_SHELLMEM_399A3E7B,485,405,12,45,29
raw,M_SHELLAPP_SHELLMEM_399A3E7B,586,490,4,45,29
raw,M_SHELLAPP_SHELLMEM_399A3E7B,673,561,8,45,29
raw,M_SHELLAPP_SHELLMEM_399A3E7B,760,632,4,45,29
raw,M_SHELLAPP_SHELLMEM_399A3E7B,875,731,10,45,29
raw,M_SHELLAPP_SHELLMEM_399A3E7B,970,810,4,45,29
raw,M_SHELLAPP_SHELLMEM_399A3E7B,1057,881,8,45,29
raw,M_SHELLAPP_SHELLMEM_399A3E7B,1183,991,12,45,29
raw,M_SHELLAPP_SHELLMEM_399A3E7B,1284,1076,4,45,29
raw,M_SHELLAPP_SHELLMEM_399A3E7B,1371,1147,8,45,29
raw,M_SHELLAPP_SHELLMEM_399A3E7B,1458,1218,4,45,29
raw,M_SHELLAPP_SHELLMEM_399A3E7B,1573,1317,10,45,29
raw,M_SHELLAPP_SHELLMEM_399A3E7B,1668,1396,4,45,29
raw,M_SHELLAPP_SHELLMEM_399A3E7B,1755,1467,8,45,29
raw,M_SHELLAPP_SHELLMEM_399A3E7B,1881,1577,12,45,29
raw,M_SHELLAPP_SHELLMEM_399A3E7B,1982,1662,4,45,29
raw,M_SHELLAPP_SHELLMEM_399A3E7B,2069,1733,8,45,29
raw,M_SHELLAPP_SHELLMEM_399A3E7B,2156,1804,4,45,29
raw,M_SHELLAPP_SHELLMEM_399A3E7B,2271,1903,10,45,29
raw,M_SHELLAPP_SHELLMEM_399A3E7B,2366,1982,4,45,29
raw,M_SHELLAPP_SHELLMEM_399A3E7B,2497,2097,8,45,29
raw,M_SHELLAPP_SHELLMEM_399A3E7B,2623,2207,12,45,29
raw,M_SHELLAPP_SHELLMEM_399A3E7B,2724,2292,4,45,29
raw,M_SHELLAPP_SHELLMEM_399A3E7B,2811,2363,8,45,29
raw,M_SHELLAPP_SHELLTASKSTATE_6E5D5B16,0,0,12,45,29
raw,M_SHELLAPP_SHELLTASKSTATE_6E5D5B16,334,318,10,45,29
raw,M_SHELLAPP_SHELLTASKS_1B8DD8E2,0,0,24,45,29
raw,M_SHELLAPP_SHELLTASKS_1B8DD8E2,46,30,4,45,29
raw,M_SHELLAPP_SHELLTASKS_1B8DD8E2,177,145,10,45,29
raw,M_SHELLAPP_SHELLTASKS_1B8DD8E2,319,271,10,45,29
raw,M_SHELLAPP_SHELLTASKS_1B8DD8E2,422,358,8,45,29
raw,M_SHELLAPP_SHELLTASKS_1B8DD8E2,730,650,12,45,29
raw,M_SHELLAPP_SHELLTASKS_1B8DD8E2,977,881,8,45,29
raw,M_SHELLAPP_SHELLTASKS_1B8DD8E2,1072,960,8,45,29
raw,M_SHELLAPP_SHELLTASKS_1B8DD8E2,1167,1039,8,45,29
raw,M_SHELLAPP_SHELLTASKS_1B8DD8E2,1262,1118,8,45,29
raw,M_SHELLAPP_SHELLTASKS_1B8DD8E2,1483,1323,8,45,29
raw,M_SHELLAPP_SHELLTASKS_1B8DD8E2,1578,1402,8,45,29
raw,M_SHELLAPP_SHELLTASKS_1B8DD8E2,1923,1731,10,45,29
raw,M_SHELLAPP_SHELLTASKS_1B8DD8E2,2184,1976,10,45,29
raw,M_SHELLAPP_SHELLTASKS_1B8DD8E2,2287,2063,8,45,29
raw,M_SHELLAPP_SHELLDEVICES_E5FACF4D,0,0,22,45,29
raw,M_SHELLAPP_SHELLDEVICES_E5FACF4D,46,30,4,45,29
raw,M_SHELLAPP_SHELLDEVICES_E5FACF4D,177,145,10,45,29
raw,M_SHELLAPP_SHELLDEVICES_E5FACF4D,319,271,10,45,29
raw,M_SHELLAPP_SHELLDEVICES_E5FACF4D,422,358,8,45,29
raw,M_SHELLAPP_SHELLDEVICES_E5FACF4D,702,622,10,45,29
raw,M_SHELLAPP_SHELLDEVICES_E5FACF4D,837,741,10,45,29
raw,M_SHELLAPP_SHELLDEVICES_E5FACF4D,1712,1600,10,45,29
raw,M_SHELLAPP_SHELLDEVICES_E5FACF4D,1815,1687,8,45,29
raw,M_SHELLAPP_SHELLMOUNTS_13BE84C6,0,0,26,45,29
raw,M_SHELLAPP_SHELLMOUNTS_13BE84C6,46,30,4,45,29
raw,M_SHELLAPP_SHELLMOUNTS_13BE84C6,177,145,10,45,29
raw,M_SHELLAPP_SHELLMOUNTS_13BE84C6,319,271,10,45,29
raw,M_SHELLAPP_SHELLMOUNTS_13BE84C6,422,358,8,45,29
raw,M_SHELLAPP_SHELLMOUNTS_13BE84C6,573,493,10,45,29
raw,M_SHELLAPP_SHELLMOUNTS_13BE84C6,676,580,8,45,29
raw,M_SHELLAPP_SHELLMOUNTS_13BE84C6,940,828,10,45,29
raw,M_SHELLAPP_SHELLMOUNTS_13BE84C6,1043,915,8,45,29
raw,M_SHELLAPP_SHELLMOUNTS_13BE84C6,1252,1108,6,45,29
raw,M_SHELLAPP_SHELLMOUNTS_13BE84C6,1388,1228,8,45,29
raw,M_SHELLAPP_SHELLMOUNTS_13BE84C6,1499,1323,8,45,29
raw,M_SHELLAPP_SHELLMOUNTS_13BE84C6,1622,1430,10,45,29
raw,M_SHELLAPP_SHELLMOUNTS_13BE84C6,1878,1670,10,45,29
raw,M_SHELLAPP_SHELLMOUNTS_13BE84C6,2013,1789,10,45,29
raw,M_SHELLAPP_SHELLMOUNTS_13BE84C6,2116,1876,8,45,29
raw,M_SHELLAPP_SHELLUNREDIRECT_630E066D,0,0,14,45,29
raw,M_SHELLAPP_SHELLUNREDIRECT_630E066D,197,181,6,45,29
raw,M_SHELLAPP_SHELLUNREDIRECT_630E066D,302,270,4,45,29
raw,M_SHELLAPP_SHELLUNREDIRECT_630E066D,546,498,4,45,29
raw,M_SHELLAPP_SHELLUNREDIRECT_630E066D,636,572,12,45,29
raw,M_SHELLAPP_SHELLUNREDIRECT_630E066D,789,709,6,45,29
raw,M_SHELLAPP_SHELLUNREDIRECT_630E066D,894,798,4,45,29
raw,M_SHELLAPP_SHELLUNREDIRECT_630E066D,1138,1026,4,45,29
raw,M_SHELLAPP_SHELLUNREDIRECT_630E066D,1228,1100,12,45,29
raw,M_SHELLAPP_SHELLUNREDIRECT_630E066D,1573,1429,6,45,29
raw,M_SHELLAPP_SHELLUNREDIRECT_630E066D,1827,1667,4,45,29
raw,M_SHELLAPP_SHELLUNREDIRECT_630E066D,1917,1741,12,45,29
raw,M_SHELLAPP_SHELLUNREDIRECT_630E066D,2175,1983,6,45,29
raw,M_SHELLAPP_SHELLUNREDIRECT_630E066D,2429,2221,4,45,29
raw,M_SHELLAPP_SHELLUNREDIRECT_630E066D,2519,2295,12,45,29
raw,M_SHELLAPP_SHELLREDIRECT_BB31A89E,0,0,26,45,29
raw,M_SHELLAPP_SHELLREDIRECT_BB31A89E,165,149,4,45,29
raw,M_SHELLAPP_SHELLREDIRECT_BB31A89E,276,244,4,45,29
raw,M_SHELLAPP_SHELLREDIRECT_BB31A89E,405,357,4,45,29
raw,M_SHELLAPP_SHELLREDIRECT_BB31A89E,727,663,12,45,29
raw,M_SHELLAPP_SHELLREDIRECT_BB31A89E,952,872,4,45,29
raw,M_SHELLAPP_SHELLREDIRECT_BB31A89E,1042,946,12,45,29
raw,M_SHELLAPP_SHELLREDIRECT_BB31A89E,1350,1238,12,45,29
raw,M_SHELLAPP_SHELLREDIRECT_BB31A89E,1575,1447,4,45,29
raw,M_SHELLAPP_SHELLREDIRECT_BB31A89E,1665,1521,12,45,29
raw,M_SHELLAPP_SHELLREDIRECT_BB31A89E,1936,1776,6,45,29
raw,M_SHELLAPP_SHELLREDIRECT_BB31A89E,2041,1865,4,45,29
raw,M_SHELLAPP_SHELLREDIRECT_BB31A89E,2285,2093,4,45,29
raw,M_SHELLAPP_SHELLREDIRECT_BB31A89E,2375,2167,12,45,29
raw,M_SHELLAPP_SHELLREDIRECT_BB31A89E,2611,2387,6,45,29
raw,M_SHELLAPP_SHELLREDIRECT_BB31A89E,2716,2476,4,45,29
raw,M_SHELLAPP_SHELLREDIRECT_BB31A89E,2960,2704,4,45,29
raw,M_SHELLAPP_SHELLREDIRECT_BB31A89E,3050,2778,12,45,29
raw,M_SHELLAPP_SHELLDISPATCH_02D6964A,0,0,20,45,29
raw,M_SHELLAPP_SHELLDISPATCH_02D6964A,93,77,4,45,29
raw,M_SHELLAPP_SHELLDISPATCH_02D6964A,208,176,10,45,29
raw,M_SHELLAPP_SHELLDISPATCH_02D6964A,303,255,4,45,29
raw,M_SHELLAPP_SHELLDISPATCH_02D6964A,390,326,8,45,29
raw,M_SHELLAPP_SHELLDISPATCH_02D6964A,684,604,4,45,29
raw,M_SHELLAPP_SHELLDISPATCH_02D6964A,771,675,8,45,29
raw,M_SHELLAPP_SHELLDISPATCH_02D6964A,858,746,4,45,29
raw,M_SHELLAPP_SHELLDISPATCH_02D6964A,1096,968,10,45,29
raw,M_SHELLAPP_SHELLDISPATCH_02D6964A,1228,1084,4,45,29
raw,M_SHELLAPP_SHELLDISPATCH_02D6964A,1315,1155,8,45,29
raw,M_SHELLAPP_SHELLDISPATCH_02D6964A,1651,1475,6,45,29
raw,M_SHELLAPP_SHELLDISPATCH_02D6964A,1778,1586,4,45,29
raw,M_SHELLAPP_SHELLDISPATCH_02D6964A,1897,1689,14,45,29
raw,M_SHELLAPP_SHELLDISPATCH_02D6964A,2181,1957,4,45,29
raw,M_SHELLAPP_SHELLDISPATCH_02D6964A,2271,2031,12,45,29
raw,M_SHELLAPP_SHELLDISPATCH_02D6964A,2378,2122,4,45,29
raw,M_SHELLAPP_SHELLDISPATCH_02D6964A,2465,2193,4,45,29
raw,M_SHELLAPP_SHELLDISPATCH_02D6964A,2552,2264,10,45,29
raw,M_SHELLAPP_SHELLDISPATCH_02D6964A,2647,2343,4,45,29
raw,M_SHELLAPP_SHELLDISPATCH_02D6964A,2734,2414,8,45,29
raw,M_SHELLAPP_SHELLDISPATCH_02D6964A,2958,2622,4,45,29
raw,M_SHELLAPP_SHELLDISPATCH_02D6964A,3080,2728,4,45,29
raw,M_SHELLAPP_SHELLDISPATCH_02D6964A,3202,2834,4,45,29
raw,M_SHELLAPP_SHELLDISPATCH_02D6964A,3324,2940,4,45,29
raw,M_SHELLAPP_SHELLDISPATCH_02D6964A,3411,3011,6,45,29
raw,M_SHELLAPP_SHELLDISPATCH_02D6964A,3543,3127,4,45,29
raw,M_SHELLAPP_SHELLDISPATCH_02D6964A,3646,3214,10,45,29
raw,M_SHELLAPP_SHELLDISPATCH_02D6964A,3792,3344,4,45,29
raw,M_SHELLAPP_SHELLDISPATCH_02D6964A,3879,3415,6,45,29
raw,M_SHELLAPP_SHELLDISPATCH_02D6964A,4011,3531,4,45,29
raw,M_SHELLAPP_SHELLDISPATCH_02D6964A,4098,3602,6,45,29
raw,M_SHELLAPP_SHELLCOMMAND_01DF848F,0,0,12,45,29
raw,M_SHELLAPP_SHELLCOMMAND_01DF848F,200,184,4,45,29
raw,M_SHELLAPP_SHELLCOMMAND_01DF848F,321,289,12,45,29
raw,M_SHELLAPP_SHELLCOMMAND_01DF848F,428,380,4,45,29
raw,M_SHELLAPP_SHELLCOMMAND_01DF848F,521,457,4,45,29
raw,M_SHELLAPP_SHELLCOMMAND_01DF848F,592,512,4,45,29
raw,M_SHELLAPP_SHELLCOMMAND_01DF848F,663,567,4,45,29
raw,M_SHELLAPP_SHELLFEED_19C6DEC4,0,0,16,45,29
raw,M_SHELLAPP_SHELLFEED_19C6DEC4,54,38,4,45,29
raw,M_SHELLAPP_SHELLFEED_19C6DEC4,336,304,8,45,29
raw,M_SHELLAPP_SHELLFEED_19C6DEC4,423,375,4,45,29
raw,M_SHELLAPP_SHELLFEED_19C6DEC4,494,430,4,45,29
raw,M_SHELLAPP_SHELLFEED_19C6DEC4,678,598,8,45,29
raw,M_SHELLAPP_SHELLFEED_19C6DEC4,765,669,4,45,29
raw,M_SHELLAPP_SHELLFEED_19C6DEC4,836,724,4,45,29
raw,M_SHELLAPP_SHELLFEED_19C6DEC4,976,848,8,45,29
raw,M_SHELLAPP_SHELLFEED_19C6DEC4,1063,919,4,45,29
raw,M_SHELLAPP_SHELLFEED_19C6DEC4,1134,974,4,45,29
raw,M_SHELLAPP_SHELLFEED_19C6DEC4,1295,1119,8,45,29
raw,M_SHELLAPP_SHELLFEED_19C6DEC4,1382,1190,4,45,29
raw,M_SHELLAPP_SHELLFEED_19C6DEC4,1453,1245,4,45,29
raw,M_SHELLAPP_SHELLFEED_19C6DEC4,1571,1347,4,45,29
raw,M_SHELLAPP_SHELLFEED_19C6DEC4,1866,1626,4,45,29
raw,M_SHELLAPP_SHELLFEED_19C6DEC4,2402,2146,8,45,29
raw,M_SHELLAPP_SHELLFEED_19C6DEC4,2489,2217,4,45,29
raw,M_SHELLAPP_SHELLFEED_19C6DEC4,2808,2520,4,45,29
raw,M_SHELLAPP_SHELLREADSTEP_5848FDA6,0,0,28,45,29
raw,M_SHELLAPP_SHELLREADSTEP_5848FDA6,46,30,4,45,29
raw,M_SHELLAPP_SHELLREADSTEP_5848FDA6,207,175,14,45,29
raw,M_SHELLAPP_SHELLREADSTEP_5848FDA6,345,297,4,45,29
raw,M_SHELLAPP_SHELLREADSTEP_5848FDA6,616,552,4,45,29
raw,M_SHELLAPP_SHELLREADSTEP_5848FDA6,1042,962,4,45,29
raw,M_SHELLAPP_SHELLREADSTEP_5848FDA6,1468,1372,8,45,29
raw,M_SHELLAPP_SHELLREADSTEP_5848FDA6,1621,1509,10,45,29
raw,M_SHELLAPP_SHELLREADSTEP_5848FDA6,1758,1630,8,45,29
raw,M_SHELLAPP_SHELLREADSTEP_5848FDA6,1873,1729,12,45,29
raw,M_SHELLAPP_SHELLOPEN_DC32811A,0,0,16,45,29
raw,M_SHELLAPP_SHELLOPEN_DC32811A,132,116,12,45,29
raw,M_SHELLAPP_SHELLOPEN_DC32811A,414,382,12,45,29
raw,M_SHELLAPP_SHELLOPEN_DC32811A,639,591,4,45,29
raw,M_SHELLAPP_SHELLOPEN_DC32811A,729,665,12,45,29
raw,M_SHELLAPP_SHELLOPEN_DC32811A,921,841,6,45,29
raw,M_SHELLAPP_SHELLOPEN_DC32811A,1044,948,4,45,29
raw,M_SHELLAPP_SHELLOPEN_DC32811A,1288,1176,4,45,29
raw,M_SHELLAPP_SHELLOPEN_DC32811A,1378,1250,12,45,29
raw,M_SHELLAPP_SHELLOPEN_DC32811A,1605,1461,6,45,29
raw,M_SHELLAPP_SHELLOPEN_DC32811A,1728,1568,4,45,29
raw,M_SHELLAPP_SHELLOPEN_DC32811A,1972,1796,4,45,29
raw,M_SHELLAPP_SHELLOPEN_DC32811A,2062,1870,12,45,29
raw,M_SHELLAPP_SHELLINITIALPROMPT_9A2AE0BA,0,0,12,45,29
raw,M_SHELLAPP_SHELLINITIALPROMPT_9A2AE0BA,198,182,4,45,29
raw,M_SHELLAPP_SHELLINITIALPROMPT_9A2AE0BA,269,237,4,45,29
raw,M_SHELLAPP_SHELLSTART_D37857EA,0,0,4,45,29
raw,M_SHELLAPP_SHELLSTART_D37857EA,46,30,4,45,29
raw,M_SHELLAPP_SHELLSTART_D37857EA,204,172,6,45,29
raw,M_SHELLAPP_SHELLSTART_D37857EA,285,237,4,45,29
raw,M_SHELLAPP_SHELLFINISH_77CE18A3,0,0,26,45,29
raw,M_SHELLAPP_SHELLFINISH_77CE18A3,129,113,4,45,29
raw,M_SHELLAPP_SHELLFINISH_77CE18A3,379,347,6,45,29
raw,M_SHELLAPP_SHELLFINISH_77CE18A3,484,436,4,45,29
raw,M_SHELLAPP_SHELLFINISH_77CE18A3,728,664,4,45,29
raw,M_SHELLAPP_SHELLFINISH_77CE18A3,818,738,12,45,29
raw,M_SHELLAPP_SHELLFINISH_77CE18A3,1053,957,6,45,29
raw,M_SHELLAPP_SHELLFINISH_77CE18A3,1158,1046,4,45,29
raw,M_SHELLAPP_SHELLFINISH_77CE18A3,1402,1274,4,45,29
raw,M_SHELLAPP_SHELLFINISH_77CE18A3,1492,1348,12,45,29
raw,M_SHELLAPP_SHELLFINISH_77CE18A3,1638,1478,6,45,29
raw,M_SHELLAPP_SHELLFINISH_77CE18A3,1743,1567,4,45,29
raw,M_SHELLAPP_SHELLFINISH_77CE18A3,1987,1795,4,45,29
raw,M_SHELLAPP_SHELLFINISH_77CE18A3,2077,1869,12,45,29
raw,M_SHELLAPP_SHELLFINISH_77CE18A3,2231,2007,6,45,29
raw,M_SHELLAPP_SHELLFINISH_77CE18A3,2312,2072,4,45,29
raw,M_SHELLAPP_SHELLFINISH_77CE18A3,2556,2300,4,45,29
raw,M_SHELLAPP_SHELLFINISH_77CE18A3,2646,2374,12,45,29
raw,M_SHELLAPP_SHELLFINISH_77CE18A3,2883,2595,6,45,29
raw,M_SHELLAPP_SHELLFINISH_77CE18A3,2964,2660,4,45,29
raw,M_SHELLAPP_SHELLFINISH_77CE18A3,3208,2888,4,45,29
raw,M_SHELLAPP_SHELLFINISH_77CE18A3,3298,2962,12,45,29
raw,M_SHELLAPP_SHELLFINISH_77CE18A3,3493,3141,4,45,29
raw,M_SHELLAPP_SHELLFINISH_77CE18A3,3769,3401,6,45,29
raw,M_SHELLAPP_SHELLFINISH_77CE18A3,4023,3639,4,45,29
raw,M_SHELLAPP_SHELLFINISH_77CE18A3,4113,3713,12,45,29
raw,M_SHELLAPP_SHELLFINISH_77CE18A3,4308,3892,4,45,29
raw,M_SHELLAPP_SHELLFINISH_77CE18A3,4552,4120,4,45,29
raw,M_SHELLAPP_SHELLFINISH_77CE18A3,4642,4194,12,45,29
raw,M_SHELLAPP_SHELLFINISH_77CE18A3,4890,4426,12,45,29
raw,M_SHELLAPP_SHELLBOOTSIO_1538A419,0,0,30,45,29
raw,M_SHELLAPP_SHELLBOOTSIO_1538A419,46,30,4,45,29
raw,M_SHELLAPP_SHELLBOOTSIO_1538A419,201,169,12,45,29
raw,M_SHELLAPP_SHELLBOOTSIO_1538A419,359,311,12,45,29
raw,M_SHELLAPP_SHELLBOOTSIO_1538A419,524,460,6,45,29
raw,M_SHELLAPP_SHELLBOOTSIO_1538A419,633,553,12,45,29
raw,M_SHELLAPP_SHELLBOOTSIO_1538A419,819,723,20,45,29
raw,M_SHELLAPP_SHELLBOOTSIO_1538A419,997,885,6,45,29
raw,M_SHELLAPP_SHELLBOOTSIO_1538A419,1086,958,6,45,29
raw,M_SHELLAPP_SHELLBOOTSIO_1538A419,1175,1031,6,45,29
raw,M_SHELLAPP_SHELLBOOTSIO_1538A419,1336,1176,12,45,29
raw,M_SHELLAPP_SHELLBOOTSTART_6A4872BE,0,0,14,45,29
raw,M_SHELLAPP_SHELLBOOTSTART_6A4872BE,46,30,4,45,29
raw,M_SHELLAPP_SHELLBOOTSTART_6A4872BE,170,138,6,45,29
raw,M_SHELLAPP_SHELLBOOTSTART_6A4872BE,275,227,4,45,29
raw,M_SHELLAPP_SHELLBOOTSTART_6A4872BE,396,332,4,45,29
raw,M_SHELLAPP_SHELLBOOTSTART_6A4872BE,525,445,10,45,29
raw,M_SHELLAPP_SHELLBOOTSTART_6A4872BE,678,582,10,45,29
raw,M_SHELLAPP_SHELLBOOTSTART_6A4872BE,831,719,10,45,29
raw,M_SHELLAPP_SHELLBOOTSTART_6A4872BE,992,864,10,45,29
raw,M_SHELLAPP_SHELLBOOTSTART_6A4872BE,1129,985,8,45,29
raw,M_SHELLAPP_SHELLBOOTSTART_6A4872BE,1439,1279,4,45,29
raw,M_SHELLAPP_SHELLBOOTSTART_6A4872BE,1598,1422,10,45,29
raw,M_SHELLAPP_SHELLBOOTSTART_6A4872BE,1735,1543,8,45,29
raw,M_SHELLAPP_SHELLBOOTSTART_6A4872BE,1822,1614,4,45,29
raw,M_SHELLAPP_SHELLBOOTSTART_6A4872BE,2041,1817,10,45,29
raw,M_SHELLAPP_SHELLBOOTSTART_6A4872BE,2401,2161,10,45,29
raw,M_SHELLAPP_SHELLBOOTSTART_6A4872BE,2719,2463,6,45,29
raw,M_SHELLAPP_SHELLBOOTSTART_6A4872BE,3042,2770,10,45,29
raw,M_SHELLAPP_SHELLBOOTSTART_6A4872BE,3179,2891,8,45,29
raw,M_SHELLAPP_SHELLBOOTSTART_6A4872BE,3336,3032,10,45,29
raw,M_SHELLAPP_SHELLBOOTSTART_6A4872BE,3473,3153,8,45,29
raw,M_SHELLAPP_SHELLBOOTSTART_6A4872BE,3602,3266,8,45,29
raw,M_SHELLAPP_SHELLBOOTSTART_6A4872BE,3689,3337,4,45,29
raw,M_SHELLAPP_MAIN_168A375D,0,0,6,45,29
raw,M_SHELLAPP_MAIN_168A375D,46,30,4,45,29
raw,M_SHELLAPP_MAIN_168A375D,186,154,4,45,29
raw,M_SHELLAPP_MAIN_168A375D,261,213,4,45,29
opt,M_EXECMEMORY_VALIDBANK_E9E0A79B,0,0,2,45,29
opt,M_EXECMEMORY_VALIDOWNER_462B929A,0,0,2,45,29
opt,M_EXECMEMORY_ADOPT_494D3B99,0,0,8,45,29
opt,M_EXECMEMORY_QUERY_D2E34F9F,0,0,14,45,29
opt,M_EXECMEMORY_QUERY_D2E34F9F,79,63,6,45,29
opt,M_EXECMEMORY_RESERVEEXACT_88D3D2C8,0,0,10,45,29
opt,M_EXECMEMORY_RESERVEEXACT_88D3D2C8,79,63,6,45,29
opt,M_EXECMEMORY_RESERVEEXACT_88D3D2C8,196,164,6,45,29
opt,M_EXECMEMORY_ACQUIRE_EAA019EB,0,0,10,45,29
opt,M_EXECMEMORY_ACQUIRE_EAA019EB,79,63,6,45,29
opt,M_EXECMEMORY_RELEASE_A6E307FC,0,0,10,45,29
opt,M_EXECMEMORY_RELEASE_A6E307FC,79,63,6,45,29
opt,M_EXECMEMORY_RELEASE_A6E307FC,196,164,6,45,29
opt,M_EXECMEMORY_INIT_F4EA07E3,0,0,4,45,29
opt,M_EXECMEMORY_INIT_F4EA07E3,46,30,4,45,29
opt,M_EXECLISTS_NEWLIST_B3502541,0,0,12,45,29
opt,M_EXECLISTS_NEWMINLIST_A2695943,0,0,8,45,29
opt,M_EXECLISTS_NEWMINLIST_A2695943,70,54,6,45,29
opt,M_EXECLISTS_ISLISTEMPTY_6EEB0796,0,0,12,45,29
opt,M_EXECLISTS_ISMINLISTEMPTY_6D517164,0,0,8,45,29
opt,M_EXECLISTS_ISMINLISTEMPTY_6D517164,70,54,6,45,29
opt,M_EXECLISTS_ADDHEAD_3AE3E6E4,0,0,16,45,29
opt,M_EXECLISTS_ADDTAIL_A1C0F364,0,0,16,45,29
opt,M_EXECLISTS_INSERT_468B11BA,0,0,16,45,29
opt,M_EXECLISTS_INSERT_468B11BA,182,166,10,45,29
opt,M_EXECLISTS_INSERT_468B11BA,403,371,10,45,29
opt,M_EXECLISTS_REMOVE_2E26C2C1,0,0,0,45,29
opt,M_EXECLISTS_REMHEAD_F8063CE7,0,0,12,45,29
opt,M_EXECLISTS_REMHEAD_F8063CE7,185,169,6,45,29
opt,M_EXECLISTS_REMTAIL_292EAA27,0,0,12,45,29
opt,M_EXECLISTS_REMTAIL_292EAA27,185,169,6,45,29
opt,M_EXECLISTS_ENQUEUE_763E1E61,0,0,20,45,29
opt,M_EXECLISTS_ENQUEUE_763E1E61,272,256,12,45,29
opt,M_EXECLISTS_ENQUEUE_763E1E61,458,426,10,45,29
opt,M_EXECLISTS_FINDNAME_2659CDBB,0,0,28,45,29
opt,M_HEAPCORE_ROUNDED_9D79FA03,0,0,10,45,29
opt,M_HEAPCORE_BOUNDS_2387CB05,0,0,24,45,29
opt,M_HEAPCORE_BOUNDS_2387CB05,78,62,6,45,29
opt,M_HEAPCORE_BOUNDS_2387CB05,315,283,6,45,29
opt,M_HEAPCORE_BOUNDS_2387CB05,906,858,6,45,29
opt,M_HEAPCORE_BOUNDS_2387CB05,1299,1235,6,45,29
opt,M_HEAPCORE_BOUNDS_2387CB05,1609,1529,6,45,29
opt,M_HEAPCORE_CHUNKADDRESS_A551D41B,0,0,20,45,29
opt,M_HEAPCORE_CHUNKADDRESS_A551D41B,274,258,6,45,29
opt,M_HEAPCORE_CHUNKADDRESS_A551D41B,728,696,6,45,29
opt,M_HEAPCORE_NEXTADDRESS_E32592FF,0,0,20,45,29
opt,M_HEAPCORE_NEXTADDRESS_E32592FF,733,717,6,45,29
opt,M_HEAPCORE_CHUNKEND_0E0C27CE,0,0,28,45,29
opt,M_HEAPCORE_CHUNKEND_0E0C27CE,62,46,10,45,29
opt,M_HEAPCORE_CHUNKEND_0E0C27CE,553,521,6,45,29
opt,M_HEAPCORE_CHUNKEND_0E0C27CE,863,815,6,45,29
opt,M_HEAPCORE_CHUNKEND_0E0C27CE,1083,1019,14,45,29
opt,M_HEAPCORE_VALIDATE_B397AD34,0,0,26,45,29
opt,M_HEAPCORE_VALIDATE_B397AD34,54,38,6,45,29
opt,M_HEAPCORE_VALIDATE_B397AD34,255,223,10,45,29
opt,M_HEAPCORE_VALIDATE_B397AD34,678,630,6,45,29
opt,M_HEAPCORE_LINK_9B47F952,0,0,8,45,29
opt,M_HEAPCORE_WRITECHUNK_D768FC26,0,0,8,45,29
opt,M_HEAPCORE_SPLIT_B6117102,0,0,32,45,29
opt,M_HEAPCORE_SPLIT_B6117102,695,679,14,45,29
opt,M_HEAPCORE_SPLIT_B6117102,1044,1012,12,45,29
opt,M_HEAPCORE_CANDIDATE_07CF3557,0,0,20,45,29
opt,M_HEAPCORE_RESERVE_2192E9C0,0,0,32,45,29
opt,M_HEAPCORE_RESERVE_2192E9C0,54,38,8,45,29
opt,M_HEAPCORE_RESERVE_2192E9C0,510,478,6,45,29
opt,M_HEAPCORE_RESERVE_2192E9C0,886,838,12,45,29
opt,M_HEAPCORE_RESERVE_2192E9C0,1404,1340,22,45,29
opt,M_HEAPCORE_ALLOCATE_E39F1AF5,0,0,12,45,29
opt,M_HEAPCORE_ALLOCATE_E39F1AF5,62,46,12,45,29
opt,M_HEAPCORE_LARGEST_AA9886E8,0,0,38,45,29
opt,M_HEAPCORE_LARGEST_AA9886E8,54,38,6,45,29
opt,M_HEAPCORE_LARGEST_AA9886E8,287,255,10,45,29
opt,M_HEAPCORE_LARGEST_AA9886E8,520,472,12,45,29
opt,M_HEAPCORE_LARGEST_AA9886E8,2124,2060,6,45,29
opt,M_HEAPCORE_INSERTFREE_129E41BB,0,0,24,45,29
opt,M_HEAPCORE_INSERTFREE_129E41BB,702,686,14,45,29
opt,M_HEAPCORE_INSERTFREE_129E41BB,837,805,12,45,29
opt,M_HEAPCORE_RETURNRANGE_11C95A83,0,0,28,45,29
opt,M_HEAPCORE_RETURNRANGE_11C95A83,398,382,6,45,29
opt,M_HEAPCORE_RETURNRANGE_11C95A83,864,832,6,45,29
opt,M_HEAPCORE_RETURNRANGE_11C95A83,1542,1494,6,45,29
opt,M_HEAPCORE_RETURNRANGE_11C95A83,1797,1733,6,45,29
opt,M_HEAPCORE_RETURNRANGE_11C95A83,1908,1828,22,45,29
opt,M_HEAPCORE_DEALLOCATE_60F97CF2,0,0,28,45,29
opt,M_HEAPCORE_DEALLOCATE_60F97CF2,536,520,6,45,29
opt,M_HEAPCORE_DEALLOCATE_60F97CF2,736,704,8,45,29
opt,M_HEAPCORE_DEALLOCATE_60F97CF2,858,810,6,45,29
opt,M_HEAPCORE_DEALLOCATE_60F97CF2,963,899,16,45,29
opt,M_HEAPPOLICY_GETSTATE_9B9EAF7C,0,0,4,45,29
opt,M_HEAPPOLICY_HEADER_A992FDFC,0,0,8,45,29
opt,M_HEAPPOLICY_SHUTDOWN_9E341637,0,0,14,45,29
opt,M_HEAPPOLICY_SHUTDOWN_9E341637,46,30,4,45,29
opt,M_HEAPPOLICY_SHUTDOWN_9E341637,254,222,8,45,29
opt,M_HEAPPOLICY_SHUTDOWN_9E341637,488,440,6,45,29
opt,M_HEAPPOLICY_RUNS_07A33D25,0,0,18,45,29
opt,M_HEAPPOLICY_RUNS_07A33D25,108,92,8,45,29
opt,M_HEAPPOLICY_REGION_F42DC07D,0,0,18,45,29
opt,M_HEAPPOLICY_REGION_F42DC07D,50,34,6,45,29
opt,M_HEAPPOLICY_START_1455FA91,0,0,28,45,29
opt,M_HEAPPOLICY_START_1455FA91,46,30,4,45,29
opt,M_HEAPPOLICY_START_1455FA91,176,144,4,45,29
opt,M_HEAPPOLICY_START_1455FA91,365,317,4,45,29
opt,M_HEAPPOLICY_START_1455FA91,479,415,8,45,29
opt,M_HEAPPOLICY_START_1455FA91,613,533,4,45,29
opt,M_HEAPPOLICY_START_1455FA91,940,844,10,45,29
opt,M_HEAPPOLICY_START_1455FA91,1085,973,10,45,29
opt,M_HEAPPOLICY_START_1455FA91,1296,1168,6,45,29
opt,M_HEAPPOLICY_START_1455FA91,1407,1263,10,45,29
opt,M_HEAPPOLICY_INIT_69D6AA0D,0,0,14,45,29
opt,M_HEAPPOLICY_INIT_69D6AA0D,46,30,4,45,29
opt,M_HEAPPOLICY_INIT_69D6AA0D,295,263,6,45,29
opt,M_HEAPPOLICY_INIT_69D6AA0D,376,328,8,45,29
opt,M_HEAPPOLICY_FLAGSVALID_4BF22F96,0,0,20,45,29
opt,M_HEAPPOLICY_DESCRIPTOR_8971C45E,0,0,20,45,29
opt,M_HEAPPOLICY_DESCRIPTOR_8971C45E,204,188,6,45,29
opt,M_HEAPPOLICY_DESCRIPTOR_8971C45E,799,767,6,45,29
opt,M_HEAPPOLICY_VALIDATEREGIONS_C3A52ACE,0,0,36,45,29
opt,M_HEAPPOLICY_VALIDATEREGIONS_C3A52ACE,46,30,4,45,29
opt,M_HEAPPOLICY_VALIDATEREGIONS_C3A52ACE,196,164,6,45,29
opt,M_HEAPPOLICY_VALIDATEREGIONS_C3A52ACE,525,477,6,45,29
opt,M_HEAPPOLICY_VALIDATEREGIONS_C3A52ACE,619,555,10,45,29
opt,M_HEAPPOLICY_VALIDATEREGIONS_C3A52ACE,795,715,6,45,29
opt,M_HEAPPOLICY_VALIDATEREGIONS_C3A52ACE,1059,963,6,45,29
opt,M_HEAPPOLICY_VALIDATEREGIONS_C3A52ACE,1182,1070,6,45,29
opt,M_HEAPPOLICY_MATCHES_ACC95206,0,0,14,45,29
opt,M_HEAPPOLICY_RESERVE_42F2499D,0,0,34,45,29
opt,M_HEAPPOLICY_RESERVE_42F2499D,54,38,8,45,29
opt,M_HEAPPOLICY_RESERVE_42F2499D,177,145,8,45,29
opt,M_HEAPPOLICY_RESERVE_42F2499D,787,739,4,45,29
opt,M_HEAPPOLICY_RESERVE_42F2499D,858,794,4,45,29
opt,M_HEAPPOLICY_RESERVE_42F2499D,1144,1064,12,45,29
opt,M_HEAPPOLICY_RESERVE_42F2499D,1291,1195,12,45,29
opt,M_HEAPPOLICY_LOCATE_7B91FF59,0,0,30,45,29
opt,M_HEAPPOLICY_LOCATE_7B91FF59,46,30,4,45,29
opt,M_HEAPPOLICY_LOCATE_7B91FF59,117,85,4,45,29
opt,M_HEAPPOLICY_LOCATE_7B91FF59,427,379,6,45,29
opt,M_HEAPPOLICY_FREE_3EA2E1EF,0,0,30,45,29
opt,M_HEAPPOLICY_FREE_3EA2E1EF,239,223,8,45,29
opt,M_HEAPPOLICY_FREE_3EA2E1EF,791,759,6,45,29
opt,M_HEAPPOLICY_FREE_3EA2E1EF,878,830,6,45,29
opt,M_HEAPPOLICY_FREE_3EA2E1EF,1007,943,6,45,29
opt,M_HEAPPOLICY_FREE_3EA2E1EF,1295,1215,6,45,29
opt,M_HEAPPOLICY_FREE_3EA2E1EF,1398,1302,14,45,29
opt,M_HEAPPOLICY_AVAIL_22774B2C,0,0,36,45,29
opt,M_HEAPPOLICY_AVAIL_22774B2C,54,38,8,45,29
opt,M_HEAPPOLICY_AVAIL_22774B2C,208,176,4,45,29
opt,M_HEAPPOLICY_AVAIL_22774B2C,279,231,4,45,29
opt,M_HEAPPOLICY_AVAIL_22774B2C,589,525,12,45,29
opt,M_HEAPPOLICY_AVAIL_22774B2C,748,668,6,45,29
opt,M_HEAPPOLICY_AVAIL_22774B2C,1482,1386,8,45,29
opt,M_HEAPPOLICY_MEMORYTYPE_D394B206,0,0,12,45,29
opt,M_HEAPPOLICY_MEMORYTYPE_D394B206,54,38,6,45,29
opt,M_HEAPPOLICY_VECTORBYTES_E6541B8F,0,0,16,45,29
opt,M_HEAPPOLICY_VECTORBYTES_E6541B8F,54,38,8,45,29
opt,M_HEAPPOLICY_RESERVEVECTOR_C09ED6F4,0,0,18,45,29
opt,M_HEAPPOLICY_RESERVEVECTOR_C09ED6F4,54,38,8,45,29
opt,M_HEAPPOLICY_RESERVEVECTOR_C09ED6F4,345,313,12,45,29
opt,M_HEAPPOLICY_FREEVECTOR_698EC5DE,0,0,34,45,29
opt,M_HEAPPOLICY_FREEVECTOR_698EC5DE,429,413,6,45,29
opt,M_HEAPPOLICY_FREEVECTOR_698EC5DE,597,565,6,45,29
opt,M_HEAPPOLICY_FREEVECTOR_698EC5DE,726,678,6,45,29
opt,M_HEAPPOLICY_FREEVECTOR_698EC5DE,1006,942,6,45,29
opt,M_HEAPPOLICY_FREEVECTOR_698EC5DE,1151,1071,8,45,29
opt,M_HEAPPOLICY_FREEVECTOR_698EC5DE,1551,1455,6,45,29
opt,M_HEAPPOLICY_FREEVECTOR_698EC5DE,1839,1727,6,45,29
opt,M_HEAPPOLICY_FREEVECTOR_698EC5DE,1970,1842,14,45,29
opt,M_TASKPOLICY_RECORDFOR_833E2B66,0,0,8,45,29
opt,M_TASKPOLICY_SAVEDWORD_D1C8E663,0,0,8,45,29
opt,M_TASKPOLICY_RESULT_DA2077E3,0,0,8,45,29
opt,M_TASKPOLICY_POINTERRESULT_E8D88610,0,0,12,45,29
opt,M_TASKPOLICY_POINTERRESULT_E8D88610,82,66,8,45,29
opt,M_TASKPOLICY_ARGUMENTPOINTER_A19325C6,0,0,12,45,29
opt,M_TASKPOLICY_ARGUMENTPOINTER_A19325C6,50,34,8,45,29
opt,M_TASKPOLICY_ARGUMENTPOINTER_A19325C6,166,134,8,45,29
opt,M_TASKPOLICY_FLAGS_56B3B4FF,0,0,8,45,29
opt,M_TASKPOLICY_PROTECTED_FCDCE808,0,0,8,45,29
opt,M_TASKPOLICY_PROTECTED_FCDCE808,142,126,6,45,29
opt,M_TASKPOLICY_LOOKUP_41F6D1E4,0,0,16,45,29
opt,M_TASKPOLICY_WRITABLE_0565D862,0,0,24,45,29
opt,M_TASKPOLICY_AVAILABLERECORD_80983EA0,0,0,26,45,29
opt,M_TASKPOLICY_AVAILABLERECORD_80983EA0,86,70,10,45,29
opt,M_TASKPOLICY_AVAILABLERECORD_80983EA0,262,230,4,45,29
opt,M_TASKPOLICY_EMPTYMEMORY_C893BDB0,0,0,16,45,29
opt,M_TASKPOLICY_VALIDENTRY_58BA8A58,0,0,12,45,29
opt,M_TASKPOLICY_STACKSLOT_2A322EEA,0,0,16,45,29
opt,M_TASKPOLICY_STACKSLOT_2A322EEA,389,373,4,45,29
opt,M_TASKPOLICY_PREPARESTACK_1A1C583B,0,0,20,45,29
opt,M_TASKPOLICY_PREPAREDOMAIN_45DA3401,0,0,16,45,29
opt,M_TASKPOLICY_PREPAREFRAME_D5FF2FA0,0,0,22,45,29
opt,M_TASKPOLICY_SETSTATE_52D88FAF,0,0,12,45,29
opt,M_TASKPOLICY_READY_679992F5,0,0,16,45,29
opt,M_TASKPOLICY_READY_679992F5,96,80,8,45,29
opt,M_TASKPOLICY_READY_679992F5,193,161,6,45,29
opt,M_TASKPOLICY_READY_679992F5,326,278,10,45,29
opt,M_TASKPOLICY_INITSIGNALS_5C831CB9,0,0,12,45,29
opt,M_TASKPOLICY_INITSIGNALS_5C831CB9,62,46,10,45,29
opt,M_TASKPOLICY_ADMIT_CF1671AB,0,0,16,45,29
opt,M_TASKPOLICY_ADMIT_CF1671AB,314,298,6,45,29
opt,M_TASKPOLICY_ADMIT_CF1671AB,403,371,6,45,29
opt,M_TASKPOLICY_ADMIT_CF1671AB,669,621,10,45,29
opt,M_TASKPOLICY_ADMIT_CF1671AB,772,708,6,45,29
opt,M_TASKPOLICY_INIT_57A5FAC8,0,0,26,45,29
opt,M_TASKPOLICY_INIT_57A5FAC8,46,30,4,45,29
opt,M_TASKPOLICY_INIT_57A5FAC8,151,119,4,45,29
opt,M_TASKPOLICY_INIT_57A5FAC8,222,174,4,45,29
opt,M_TASKPOLICY_INIT_57A5FAC8,293,229,4,45,29
opt,M_TASKPOLICY_INIT_57A5FAC8,364,284,4,45,29
opt,M_TASKPOLICY_INIT_57A5FAC8,509,413,6,45,29
opt,M_TASKPOLICY_INIT_57A5FAC8,590,478,6,45,29
opt,M_TASKPOLICY_INIT_57A5FAC8,817,689,4,45,29
opt,M_TASKPOLICY_INIT_57A5FAC8,1207,1063,6,45,29
opt,M_TASKPOLICY_INIT_57A5FAC8,1318,1158,6,45,29
opt,M_TASKPOLICY_INIT_57A5FAC8,1399,1223,6,45,29
opt,M_TASKPOLICY_INIT_57A5FAC8,2207,2015,6,45,29
opt,M_TASKPOLICY_INIT_57A5FAC8,2288,2080,4,45,29
opt,M_TASKPOLICY_INIT_57A5FAC8,2419,2195,10,45,29
opt,M_TASKPOLICY_INIT_57A5FAC8,2514,2274,8,45,29
opt,M_TASKPOLICY_INIT_57A5FAC8,2603,2347,4,45,29
opt,M_TASKPOLICY_TIMEDCOUNT_C3B59E74,0,0,2,45,29
opt,M_TASKPOLICY_ADJUSTTIMED_DDC1BE1E,0,0,2,45,29
opt,M_TASKPOLICY_WAKE_9E9C7518,0,0,16,45,29
opt,M_TASKPOLICY_WAKE_9E9C7518,94,78,4,45,29
opt,M_TASKPOLICY_WAKE_9E9C7518,296,264,4,45,29
opt,M_TASKPOLICY_WAKE_9E9C7518,369,321,6,45,29
opt,M_TASKPOLICY_SELECT_1A709B3E,0,0,14,45,29
opt,M_TASKPOLICY_SELECT_1A709B3E,46,30,4,45,29
opt,M_TASKPOLICY_SELECT_1A709B3E,167,135,6,45,29
opt,M_TASKPOLICY_SELECT_1A709B3E,296,248,4,45,29
opt,M_TASKPOLICY_SELECT_1A709B3E,421,357,6,45,29
opt,M_TASKPOLICY_SELECT_1A709B3E,578,498,6,45,29
opt,M_TASKPOLICY_SELECT_1A709B3E,701,605,8,45,29
opt,M_TASKPOLICY_SWITCH_98522C9E,0,0,8,45,29
opt,M_TASKPOLICY_SWITCH_98522C9E,109,93,10,45,29
opt,M_TASKPOLICY_SWITCH_98522C9E,274,242,6,45,29
opt,M_TASKPOLICY_SWITCH_98522C9E,437,389,6,45,29
opt,M_TASKPOLICY_SWITCH_98522C9E,557,493,6,45,29
opt,M_TASKPOLICY_EMPTYSIGNALS_EA2224E4,0,0,10,45,29
opt,M_TASKPOLICY_ADD_A5E7C92B,0,0,36,45,29
opt,M_TASKPOLICY_ADD_A5E7C92B,50,34,6,45,29
opt,M_TASKPOLICY_ADD_A5E7C92B,319,287,6,45,29
opt,M_TASKPOLICY_ADD_A5E7C92B,426,378,8,45,29
opt,M_TASKPOLICY_ADD_A5E7C92B,657,593,8,45,29
opt,M_TASKPOLICY_ADD_A5E7C92B,767,687,6,45,29
opt,M_TASKPOLICY_ADD_A5E7C92B,874,778,8,45,29
opt,M_TASKPOLICY_ADD_A5E7C92B,984,872,6,45,29
opt,M_TASKPOLICY_ADD_A5E7C92B,1099,971,6,45,29
opt,M_TASKPOLICY_ADD_A5E7C92B,1206,1062,8,45,29
opt,M_TASKPOLICY_ADD_A5E7C92B,1342,1182,6,45,29
opt,M_TASKPOLICY_ADD_A5E7C92B,1449,1273,8,45,29
opt,M_TASKPOLICY_ADD_A5E7C92B,1559,1367,6,45,29
opt,M_TASKPOLICY_ADD_A5E7C92B,1670,1462,8,45,29
opt,M_TASKPOLICY_ADD_A5E7C92B,1784,1560,4,45,29
opt,M_TASKPOLICY_ADD_A5E7C92B,1897,1657,16,45,29
opt,M_TASKPOLICY_ADD_A5E7C92B,2028,1772,8,45,29
opt,M_TASKPOLICY_ADD_A5E7C92B,2127,1855,4,45,29
opt,M_TASKPOLICY_ADD_A5E7C92B,2255,1967,10,45,29
opt,M_TASKPOLICY_REMOVETASK_35F29A21,0,0,18,45,29
opt,M_TASKPOLICY_REMOVETASK_35F29A21,88,72,6,45,29
opt,M_TASKPOLICY_REMOVETASK_35F29A21,215,183,6,45,29
opt,M_TASKPOLICY_REMOVETASK_35F29A21,408,360,6,45,29
opt,M_TASKPOLICY_REMOVETASK_35F29A21,557,493,6,45,29
opt,M_TASKPOLICY_REMOVETASK_35F29A21,672,592,6,45,29
opt,M_TASKPOLICY_REMOVETASK_35F29A21,787,691,6,45,29
opt,M_TASKPOLICY_REMOVETASK_35F29A21,902,790,6,45,29
opt,M_TASKPOLICY_REMOVETASK_35F29A21,1025,897,6,45,29
opt,M_TASKPOLICY_REMOVETASK_35F29A21,1145,1001,4,45,29
opt,M_TASKPOLICY_REMOVETASK_35F29A21,1293,1133,6,45,29
opt,M_TASKPOLICY_REMOVETASK_35F29A21,1840,1664,6,45,29
opt,M_TASKPOLICY_REMOVETASK_35F29A21,1929,1737,6,45,29
opt,M_TASKPOLICY_REMOVETASK_35F29A21,2018,1810,6,45,29
opt,M_TASKPOLICY_REMOVETASK_35F29A21,2151,1927,6,45,29
opt,M_TASKPOLICY_SAMENAME_968CD62D,0,0,14,45,29
opt,M_TASKPOLICY_FIND_0D9A09D7,0,0,16,45,29
opt,M_TASKPOLICY_FIND_0D9A09D7,88,72,4,45,29
opt,M_TASKPOLICY_FIND_0D9A09D7,270,238,4,45,29
opt,M_TASKPOLICY_FIND_0D9A09D7,474,426,10,45,29
opt,M_TASKPOLICY_PRIORITY_7FE7EE8A,0,0,14,45,29
opt,M_TASKPOLICY_PRIORITY_7FE7EE8A,50,34,6,45,29
opt,M_TASKPOLICY_PRIORITY_7FE7EE8A,169,137,6,45,29
opt,M_TASKPOLICY_PRIORITY_7FE7EE8A,345,297,8,45,29
opt,M_TASKPOLICY_PRIORITY_7FE7EE8A,553,489,8,45,29
opt,M_TASKPOLICY_EXCLUSION_DFE541A6,0,0,16,45,29
opt,M_TASKPOLICY_EXCLUSION_DFE541A6,378,362,10,45,29
opt,M_TASKPOLICY_SLEEPTASK_6A909BCC,0,0,16,45,29
opt,M_TASKPOLICY_SLEEPTASK_6A909BCC,50,34,8,45,29
opt,M_TASKPOLICY_SLEEPTASK_6A909BCC,167,135,8,45,29
opt,M_TASKPOLICY_SLEEPTASK_6A909BCC,279,231,10,45,29
opt,M_TASKPOLICY_SLEEPTASK_6A909BCC,398,334,8,45,29
opt,M_TASKPOLICY_SLEEPTASK_6A909BCC,502,422,8,45,29
opt,M_TASKPOLICY_SLEEPTASK_6A909BCC,643,547,10,45,29
opt,M_TASKPOLICY_SLEEPTASK_6A909BCC,756,644,4,45,29
opt,M_TASKPOLICY_SLEEPTASK_6A909BCC,941,813,8,45,29
opt,M_TASKPOLICY_SLEEPTASK_6A909BCC,1038,894,6,45,29
opt,M_TASKPOLICY_MASKRESULT_220A6FAB,0,0,12,45,29
opt,M_TASKPOLICY_MASKRESULT_220A6FAB,70,54,8,45,29
opt,M_TASKPOLICY_SIGNALBIT_7E52F9EF,0,0,10,45,29
opt,M_TASKPOLICY_ALLOCATEBIT_A349E154,0,0,20,45,29
opt,M_TASKPOLICY_ALLOCATEBIT_A349E154,102,86,4,45,29
opt,M_TASKPOLICY_ALLOCATEBIT_A349E154,512,480,4,45,29
opt,M_TASKPOLICY_ALLOCATEBIT_A349E154,931,883,16,45,29
opt,M_TASKPOLICY_MASKS_49833CE1,0,0,34,45,29
opt,M_TASKPOLICY_MASKS_49833CE1,92,76,6,45,29
opt,M_TASKPOLICY_MASKS_49833CE1,270,238,8,45,29
opt,M_TASKPOLICY_MASKS_49833CE1,375,327,8,45,29
opt,M_TASKPOLICY_MASKS_49833CE1,615,551,4,45,29
opt,M_TASKPOLICY_MASKS_49833CE1,1290,1210,16,45,29
opt,M_TASKPOLICY_MASKS_49833CE1,1446,1350,10,45,29
opt,M_TASKPOLICY_COMPLETEWAIT_31FB45E4,0,0,14,45,29
opt,M_TASKPOLICY_COMPLETEWAIT_31FB45E4,124,108,6,45,29
opt,M_TASKPOLICY_COMPLETEWAIT_31FB45E4,416,384,10,45,29
opt,M_TASKPOLICY_WAITTASK_AD94C4A2,0,0,22,45,29
opt,M_TASKPOLICY_WAITTASK_AD94C4A2,50,34,6,45,29
opt,M_TASKPOLICY_WAITTASK_AD94C4A2,177,145,6,45,29
opt,M_TASKPOLICY_WAITTASK_AD94C4A2,334,286,12,45,29
opt,M_TASKPOLICY_WAITTASK_AD94C4A2,596,532,10,45,29
opt,M_TASKPOLICY_WAITTASK_AD94C4A2,712,632,6,45,29
opt,M_TASKPOLICY_POSTSIGNAL_10773240,0,0,12,45,29
opt,M_TASKPOLICY_POSTSIGNAL_10773240,88,72,16,45,29
opt,M_TASKPOLICY_POSTSIGNAL_10773240,232,200,6,45,29
opt,M_TASKPOLICY_POSTSIGNAL_10773240,343,295,6,45,29
opt,M_TASKPOLICY_SIGNALTASK_806F80F5,0,0,22,45,29
opt,M_TASKPOLICY_SIGNALTASK_806F80F5,50,34,6,45,29
opt,M_TASKPOLICY_SIGNALTASK_806F80F5,195,163,6,45,29
opt,M_TASKPOLICY_SIGNALTASK_806F80F5,525,477,12,45,29
opt,M_TASKPOLICY_SIGNALTASK_806F80F5,687,623,10,45,29
opt,M_TASKPOLICY_CANCELWAKE_8ADC984A,0,0,4,45,29
opt,M_TASKPOLICY_CANCELWAKE_8ADC984A,93,77,6,45,29
opt,M_TASKPOLICY_DRAINONE_68E56764,0,0,12,45,29
opt,M_TASKPOLICY_DRAINONE_68E56764,46,30,4,45,29
opt,M_TASKPOLICY_DRAINONE_68E56764,298,266,6,45,29
opt,M_TASKPOLICY_DRAINONE_68E56764,464,416,6,45,29
opt,M_TASKPOLICY_DRAINONE_68E56764,575,511,6,45,29
opt,M_TASKPOLICY_DRAINWAKES_15F017CB,0,0,4,45,29
opt,M_TASKPOLICY_DRAINWAKES_15F017CB,46,30,4,45,29
opt,M_TASKPOLICY_DRAINWAKES_15F017CB,129,97,4,45,29
opt,M_TASKPOLICY_DRAINWAKES_15F017CB,296,248,4,45,29
opt,M_TASKPOLICY_BOUNDPRODUCER_6D7B4E54,0,0,8,45,29
opt,M_TASKPOLICY_BOUNDPRODUCER_6D7B4E54,54,38,6,45,29
opt,M_TASKPOLICY_BOUNDPRODUCER_6D7B4E54,169,137,6,45,29
opt,M_TASKPOLICY_BOUNDPRODUCER_6D7B4E54,284,236,6,45,29
opt,M_TASKPOLICY_BOUNDPRODUCER_6D7B4E54,399,335,6,45,29
opt,M_TASKPOLICY_PRODUCERCONTROL_52F9499B,0,0,22,45,29
opt,M_TASKPOLICY_PRODUCERCONTROL_52F9499B,66,50,6,45,29
opt,M_TASKPOLICY_PRODUCERCONTROL_52F9499B,235,203,4,45,29
opt,M_TASKPOLICY_PRODUCERCONTROL_52F9499B,469,421,4,45,29
opt,M_TASKPOLICY_PRODUCERCONTROL_52F9499B,613,549,10,45,29
opt,M_TASKPOLICY_PRODUCERCONTROL_52F9499B,769,689,8,45,29
opt,M_TASKPOLICY_PRODUCERCONTROL_52F9499B,873,777,6,45,29
opt,M_TASKPOLICY_PRODUCERCONTROL_52F9499B,1018,906,6,45,29
opt,M_TASKPOLICY_PRODUCERCONTROL_52F9499B,1489,1361,4,45,29
opt,M_TASKPOLICY_PRODUCERCONTROL_52F9499B,1578,1434,8,45,29
opt,M_TASKPOLICY_MEMORYSERVICE_7FAD083C,0,0,4,45,29
opt,M_TASKPOLICY_MEMORYPACKET_B36B55BB,0,0,16,45,29
opt,M_TASKPOLICY_MEMORYPACKET_B36B55BB,50,34,8,45,29
opt,M_TASKPOLICY_MEMORYCALL_E7816C43,0,0,32,45,29
opt,M_TASKPOLICY_MEMORYCALL_E7816C43,66,50,10,45,29
opt,M_TASKPOLICY_MEMORYCALL_E7816C43,199,167,6,45,29
opt,M_TASKPOLICY_MEMORYCALL_E7816C43,462,414,12,45,29
opt,M_TASKPOLICY_MEMORYCALL_E7816C43,613,549,10,45,29
opt,M_TASKPOLICY_MEMORYCALL_E7816C43,776,696,12,45,29
opt,M_TASKPOLICY_MEMORYCALL_E7816C43,927,831,10,45,29
opt,M_TASKPOLICY_MEMORYCALL_E7816C43,1130,1018,12,45,29
opt,M_TASKPOLICY_MEMORYCALL_E7816C43,1301,1173,6,45,29
opt,M_TASKPOLICY_MEMORYCALL_E7816C43,1468,1324,8,45,29
opt,M_TASKPOLICY_MEMORYCALL_E7816C43,1574,1414,10,45,29
opt,M_TASKPOLICY_MEMORYCALL_E7816C43,1759,1583,6,45,29
opt,M_TASKPOLICY_MEMORYCALL_E7816C43,1859,1667,10,45,29
opt,M_TASKPOLICY_PORTSERVICE_8D598BCC,0,0,4,45,29
opt,M_TASKPOLICY_INITPORTS_2CB7E92A,0,0,8,45,29
opt,M_TASKPOLICY_INITPORTS_2CB7E92A,70,54,6,45,29
opt,M_TASKPOLICY_PORTSTORAGE_D3468DA2,0,0,10,45,29
opt,M_TASKPOLICY_VALIDPORT_7710F985,0,0,4,45,29
opt,M_TASKPOLICY_VALIDPORT_7710F985,54,38,6,45,29
opt,M_TASKPOLICY_VALIDMESSAGE_C0DE7739,0,0,10,45,29
opt,M_TASKPOLICY_SENDMESSAGE_7332557D,0,0,20,45,29
opt,M_TASKPOLICY_SENDMESSAGE_7332557D,54,38,6,45,29
opt,M_TASKPOLICY_SENDMESSAGE_7332557D,325,293,6,45,29
opt,M_TASKPOLICY_SENDMESSAGE_7332557D,493,445,4,45,29
opt,M_TASKPOLICY_SENDMESSAGE_7332557D,719,655,10,45,29
opt,M_TASKPOLICY_SENDMESSAGE_7332557D,856,776,12,45,29
opt,M_TASKPOLICY_PORTHEAD_A12A0751,0,0,16,45,29
opt,M_TASKPOLICY_PORTHEAD_A12A0751,54,38,6,45,29
opt,M_TASKPOLICY_PORTHEAD_A12A0751,173,141,6,45,29
opt,M_TASKPOLICY_PORTHEAD_A12A0751,555,507,6,45,29
opt,M_TASKPOLICY_PORTHEAD_A12A0751,740,676,8,45,29
opt,M_TASKPOLICY_PORTDELETE_CF47DFE6,0,0,22,45,29
opt,M_TASKPOLICY_PORTDELETE_CF47DFE6,54,38,6,45,29
opt,M_TASKPOLICY_PORTDELETE_CF47DFE6,408,376,4,45,29
opt,M_TASKPOLICY_PORTDELETE_CF47DFE6,775,727,6,45,29
opt,M_TASKPOLICY_PORTDELETE_CF47DFE6,929,865,8,45,29
opt,M_TASKPOLICY_REGISTRYCALL_6B5FFB7F,0,0,18,45,29
opt,M_TASKPOLICY_REGISTRYCALL_6B5FFB7F,150,134,10,45,29
opt,M_TASKPOLICY_REGISTRYCALL_6B5FFB7F,313,281,8,45,29
opt,M_TASKPOLICY_REGISTRYCALL_6B5FFB7F,475,427,6,45,29
opt,M_TASKPOLICY_REGISTRYCALL_6B5FFB7F,626,562,6,45,29
opt,M_TASKPOLICY_REGISTRYCALL_6B5FFB7F,728,648,6,45,29
opt,M_TASKPOLICY_REGISTRYCALL_6B5FFB7F,1015,919,6,45,29
opt,M_TASKPOLICY_REGISTRYCALL_6B5FFB7F,1194,1082,10,45,29
opt,M_TASKPOLICY_QUEUECALL_62B0545B,0,0,24,45,29
opt,M_TASKPOLICY_QUEUECALL_62B0545B,108,92,6,45,29
opt,M_TASKPOLICY_QUEUECALL_62B0545B,278,246,6,45,29
opt,M_TASKPOLICY_QUEUECALL_62B0545B,427,379,8,45,29
opt,M_TASKPOLICY_QUEUECALL_62B0545B,591,527,6,45,29
opt,M_TASKPOLICY_QUEUECALL_62B0545B,760,680,16,45,29
opt,M_TASKPOLICY_QUEUECALL_62B0545B,953,857,6,45,29
opt,M_TASKPOLICY_QUEUECALL_62B0545B,1202,1090,16,45,29
opt,M_TASKPOLICY_PORTCALL_70989793,0,0,24,45,29
opt,M_TASKPOLICY_PORTCALL_70989793,50,34,8,45,29
opt,M_TASKPOLICY_PORTCALL_70989793,354,322,6,45,29
opt,M_TASKPOLICY_PORTCALL_70989793,551,503,10,45,29
opt,M_TASKPOLICY_PORTCALL_70989793,732,668,12,45,29
opt,M_TASKPOLICY_PORTCALL_70989793,921,841,12,45,29
opt,M_TASKPOLICY_PORTCALL_70989793,1072,976,14,45,29
opt,M_TASKPOLICY_IOSERVICE_1E6CF653,0,0,4,45,29
opt,M_TASKPOLICY_INITIONAMES_D8642B1E,0,0,8,45,29
opt,M_TASKPOLICY_INITIO_35D5D1E4,0,0,14,45,29
opt,M_TASKPOLICY_INITIO_35D5D1E4,244,228,6,45,29
opt,M_TASKPOLICY_INITIO_35D5D1E4,563,531,4,45,29
opt,M_TASKPOLICY_IOEXTENT_9818C08A,0,0,18,45,29
opt,M_TASKPOLICY_IOEXTENT_9818C08A,78,62,6,45,29
opt,M_TASKPOLICY_IOERROR_9413450C,0,0,14,45,29
opt,M_TASKPOLICY_IOERROR_9413450C,144,128,10,45,29
opt,M_TASKPOLICY_IONAME_8B922013,0,0,8,45,29
opt,M_TASKPOLICY_IONAME_8B922013,125,109,10,45,29
opt,M_TASKPOLICY_IOBOUND_33A4879E,0,0,4,45,29
opt,M_TASKPOLICY_IOBOUND_33A4879E,54,38,6,45,29
opt,M_TASKPOLICY_IOBOUND_33A4879E,169,137,6,45,29
opt,M_TASKPOLICY_IOOPEN_15F8E966,0,0,14,45,29
opt,M_TASKPOLICY_IOOPEN_15F8E966,88,72,10,45,29
opt,M_TASKPOLICY_IOOPEN_15F8E966,331,299,6,45,29
opt,M_TASKPOLICY_IOOPEN_15F8E966,446,398,8,45,29
opt,M_TASKPOLICY_IOOPEN_15F8E966,601,537,10,45,29
opt,M_TASKPOLICY_IOOPEN_15F8E966,730,650,8,45,29
opt,M_TASKPOLICY_IOOPEN_15F8E966,851,755,8,45,29
opt,M_TASKPOLICY_IOOPENTEST_C4ABA6E6,0,0,12,45,29
opt,M_TASKPOLICY_IOOPENTEST_C4ABA6E6,135,119,6,45,29
opt,M_TASKPOLICY_IOCOMPLETE_88BA0BF3,0,0,20,45,29
opt,M_TASKPOLICY_IOCOMPLETE_88BA0BF3,153,137,6,45,29
opt,M_TASKPOLICY_IOCOMPLETE_88BA0BF3,336,304,16,45,29
opt,M_TASKPOLICY_IOWAITOWNER_63A51E9E,0,0,16,45,29
opt,M_TASKPOLICY_IOWAITOWNER_63A51E9E,88,72,6,45,29
opt,M_TASKPOLICY_IOCOLLECT_D169FE6C,0,0,12,45,29
opt,M_TASKPOLICY_IOCOLLECT_D169FE6C,62,46,10,45,29
opt,M_TASKPOLICY_IOCOLLECT_D169FE6C,339,307,10,45,29
opt,M_TASKPOLICY_IOCOLLECT_D169FE6C,522,474,6,45,29
opt,M_TASKPOLICY_IOCOLLECT_D169FE6C,716,652,6,45,29
opt,M_TASKPOLICY_IOENQUEUE_EC975914,0,0,20,45,29
opt,M_TASKPOLICY_IOENQUEUE_EC975914,263,247,12,45,29
opt,M_TASKPOLICY_IOENQUEUE_EC975914,585,553,12,45,29
opt,M_TASKPOLICY_IOENQUEUE_EC975914,1068,1020,12,45,29
opt,M_TASKPOLICY_IOENQUEUE_EC975914,1263,1199,10,45,29
opt,M_TASKPOLICY_IOENQUEUE_EC975914,1422,1342,12,45,29
opt,M_TASKPOLICY_IOBEGIN_A0C610B5,0,0,14,45,29
opt,M_TASKPOLICY_IOBEGIN_A0C610B5,54,38,6,45,29
opt,M_TASKPOLICY_IOBEGIN_A0C610B5,195,163,6,45,29
opt,M_TASKPOLICY_IOBEGIN_A0C610B5,393,345,10,45,29
opt,M_TASKPOLICY_IOBEGIN_A0C610B5,553,489,10,45,29
opt,M_TASKPOLICY_IOBEGIN_A0C610B5,710,630,6,45,29
opt,M_TASKPOLICY_IOBEGIN_A0C610B5,833,737,12,45,29
opt,M_TASKPOLICY_IOBEGIN_A0C610B5,1050,938,12,45,29
opt,M_TASKPOLICY_IOBEGIN_A0C610B5,1193,1065,12,45,29
opt,M_TASKPOLICY_IOTESTBEGIN_2E780855,0,0,14,45,29
opt,M_TASKPOLICY_IOTESTBEGIN_2E780855,414,398,12,45,29
opt,M_TASKPOLICY_IOTESTBEGIN_2E780855,624,592,12,45,29
opt,M_TASKPOLICY_IOABORT_1EC95CFC,0,0,18,45,29
opt,M_TASKPOLICY_IOABORT_1EC95CFC,54,38,6,45,29
opt,M_TASKPOLICY_IOABORT_1EC95CFC,229,197,6,45,29
opt,M_TASKPOLICY_IOABORT_1EC95CFC,352,304,12,45,29
opt,M_TASKPOLICY_IOABORT_1EC95CFC,569,505,12,45,29
opt,M_TASKPOLICY_IOABORT_1EC95CFC,934,854,6,45,29
opt,M_TASKPOLICY_IOABORT_1EC95CFC,1062,966,12,45,29
opt,M_TASKPOLICY_IOWORKERCONTROL_3D43EE5B,0,0,10,45,29
opt,M_TASKPOLICY_IOWORKERCONTROL_3D43EE5B,614,598,6,45,29
opt,M_TASKPOLICY_IOWORKERCONTROL_3D43EE5B,822,790,10,45,29
opt,M_TASKPOLICY_IOCLAIM_E59988BA,0,0,16,45,29
opt,M_TASKPOLICY_IOCLAIM_E59988BA,146,130,6,45,29
opt,M_TASKPOLICY_IOCLAIM_E59988BA,466,434,10,45,29
opt,M_TASKPOLICY_IOTEST_D46D842E,0,0,0,45,29
opt,M_TASKPOLICY_IOTESTFINISH_35E02F77,0,0,20,45,29
opt,M_TASKPOLICY_IOTESTFINISH_35E02F77,468,452,10,45,29
opt,M_TASKPOLICY_IOTESTFINISH_35E02F77,583,551,12,45,29
opt,M_TASKPOLICY_IOCALL_78031962,0,0,28,45,29
opt,M_TASKPOLICY_IOCALL_78031962,50,34,8,45,29
opt,M_TASKPOLICY_IOCALL_78031962,418,386,6,45,29
opt,M_TASKPOLICY_IOCALL_78031962,593,545,12,45,29
opt,M_TASKPOLICY_IOCALL_78031962,791,727,10,45,29
opt,M_TASKPOLICY_IOCALL_78031962,976,896,6,45,29
opt,M_TASKPOLICY_IOCALL_78031962,1075,979,8,45,29
opt,M_TASKPOLICY_IOCALL_78031962,1223,1111,8,45,29
opt,M_TASKPOLICY_IOCALL_78031962,1402,1274,10,45,29
opt,M_TASKPOLICY_IOCALL_78031962,1556,1412,8,45,29
opt,M_TASKPOLICY_IOCALL_78031962,1684,1524,14,45,29
opt,M_TASKPOLICY_IOREQUESTCALL_7ACD78BD,0,0,14,45,29
opt,M_TASKPOLICY_IOREQUESTCALL_7ACD78BD,54,38,10,45,29
opt,M_TASKPOLICY_IOREQUESTCALL_7ACD78BD,277,245,14,45,29
opt,M_TASKPOLICY_IOREQUESTCALL_7ACD78BD,434,386,14,45,29
opt,M_TASKPOLICY_IOSETTLEDCALL_042AE5B9,0,0,18,45,29
opt,M_TASKPOLICY_IOSETTLEDCALL_042AE5B9,161,145,6,45,29
opt,M_TASKPOLICY_IOSETTLEDCALL_042AE5B9,284,252,6,45,29
opt,M_TASKPOLICY_IOSETTLEDCALL_042AE5B9,399,351,8,45,29
opt,M_TASKPOLICY_IOSETTLEDCALL_042AE5B9,590,526,6,45,29
opt,M_TASKPOLICY_IOSETTLEDCALL_042AE5B9,890,810,12,45,29
opt,M_TASKPOLICY_IOSETTLEDCALL_042AE5B9,1053,957,12,45,29
opt,M_TASKPOLICY_IOSETTLEDCALL_042AE5B9,1279,1167,8,45,29
opt,M_TASKPOLICY_INITSIOSTATE_10B63F2C,0,0,14,45,29
opt,M_TASKPOLICY_SIOBOUND_346E47DB,0,0,22,45,29
opt,M_TASKPOLICY_SIOOPEN_38E97F75,0,0,22,45,29
opt,M_TASKPOLICY_SIOOPEN_38E97F75,248,232,6,45,29
opt,M_TASKPOLICY_SIOOPEN_38E97F75,1498,1466,6,45,29
opt,M_TASKPOLICY_SIOCLOSE_4815C4E5,0,0,12,45,29
opt,M_TASKPOLICY_SIOENQUEUE_F49C65E1,0,0,24,45,29
opt,M_TASKPOLICY_SIOENQUEUE_F49C65E1,212,196,12,45,29
opt,M_TASKPOLICY_SIOENQUEUE_F49C65E1,464,432,12,45,29
opt,M_TASKPOLICY_SIOENQUEUE_F49C65E1,690,642,16,45,29
opt,M_TASKPOLICY_SIOABORT_410D8B25,0,0,18,45,29
opt,M_TASKPOLICY_SIOABORT_410D8B25,227,211,6,45,29
opt,M_TASKPOLICY_SIOABORT_410D8B25,355,323,12,45,29
opt,M_TASKPOLICY_SIOPREPAREWORKER_A27B8738,0,0,20,45,29
opt,M_TASKPOLICY_SIOPREPAREWORKER_A27B8738,654,638,6,45,29
opt,M_TASKPOLICY_SIOPREPAREBUS_A2AD2C52,0,0,12,45,29
opt,M_TASKPOLICY_SIOPREPAREBUS_A2AD2C52,308,292,6,45,29
opt,M_TASKPOLICY_SIOADMIT_DC2C0CF4,0,0,20,45,29
opt,M_TASKPOLICY_SIOADMIT_DC2C0CF4,263,247,4,45,29
opt,M_TASKPOLICY_SIOADMIT_DC2C0CF4,509,477,6,45,29
opt,M_TASKPOLICY_SIOADMIT_DC2C0CF4,630,582,10,45,29
opt,M_TASKPOLICY_SIOADMIT_DC2C0CF4,749,685,16,45,29
opt,M_TASKPOLICY_SIOTAKE_23947030,0,0,12,45,29
opt,M_TASKPOLICY_SIOTAKE_23947030,227,211,6,45,29
opt,M_TASKPOLICY_SIOTAKE_23947030,590,558,10,45,29
opt,M_TASKPOLICY_SIOFINISH_B1C2A78C,0,0,24,45,29
opt,M_TASKPOLICY_SIOFINISH_B1C2A78C,549,533,10,45,29
opt,M_TASKPOLICY_SIOFINISH_B1C2A78C,664,632,12,45,29
opt,M_TASKPOLICY_SIOSTOP_31FA5BA1,0,0,8,45,29
opt,M_TASKPOLICY_SIOSTOP_31FA5BA1,197,181,6,45,29
opt,M_TASKPOLICY_SIOSTOP_31FA5BA1,355,323,10,45,29
opt,M_TASKPOLICY_SIOSTOP_31FA5BA1,551,503,12,45,29
opt,M_TASKPOLICY_SIOSTOP_31FA5BA1,705,641,10,45,29
opt,M_TASKPOLICY_SIOWORKERCONTROL_ABEF18A6,0,0,14,45,29
opt,M_TASKPOLICY_SIOWORKERCONTROL_ABEF18A6,173,157,10,45,29
opt,M_TASKPOLICY_SIOWORKERCONTROL_ABEF18A6,313,281,8,45,29
opt,M_TASKPOLICY_SIOWORKERCONTROL_ABEF18A6,625,577,10,45,29
opt,M_TASKPOLICY_SIOWORKERCONTROL_ABEF18A6,773,709,12,45,29
opt,M_TASKPOLICY_SIOWORKERCONTROL_ABEF18A6,963,883,12,45,29
opt,M_TASKPOLICY_SIOWORKERCONTROL_ABEF18A6,1137,1041,10,45,29
opt,M_TASKPOLICY_SIOWORKERCONTROL_ABEF18A6,1308,1196,10,45,29
opt,M_TASKPOLICY_SIOPAUSE_4B7D62A1,0,0,10,45,29
opt,M_TASKPOLICY_SIOPAUSE_4B7D62A1,50,34,10,45,29
opt,M_TASKPOLICY_SIOPAUSE_4B7D62A1,145,113,4,45,29
opt,M_TASKPOLICY_SIOPAUSE_4B7D62A1,327,279,8,45,29
opt,M_TASKPOLICY_SIOPAUSE_4B7D62A1,424,360,6,45,29
opt,M_TASKPOLICY_SIOCONTROL_0EC256A4,0,0,20,45,29
opt,M_TASKPOLICY_SIOCONTROL_0EC256A4,148,132,10,45,29
opt,M_TASKPOLICY_SIOCONTROL_0EC256A4,345,313,6,45,29
opt,M_TASKPOLICY_SIOCONTROL_0EC256A4,448,400,10,45,29
opt,M_TASKPOLICY_SIOCONTROL_0EC256A4,634,570,10,45,29
opt,M_TASKPOLICY_SIOCONTROL_0EC256A4,829,749,10,45,29
opt,M_TASKPOLICY_SIOCONTROL_0EC256A4,996,900,12,45,29
opt,M_TASKPOLICY_SIOCONTROL_0EC256A4,1166,1054,14,45,29
opt,M_TASKPOLICY_SIOWORKERBOUND_9EFBF9DD,0,0,12,45,29
opt,M_TASKPOLICY_SIORESIDENTCOUNT_72BFE78E,0,0,12,45,29
opt,M_TASKPOLICY_SIOREMOVED_B08060ED,0,0,12,45,29
opt,M_TASKPOLICY_SIOREMOVED_B08060ED,230,214,4,45,29
opt,M_TASKPOLICY_SIOREMOVED_B08060ED,322,290,4,45,29
opt,M_TASKPOLICY_SIOREMOVED_B08060ED,627,579,6,45,29
opt,M_TASKPOLICY_SIOREMOVED_B08060ED,791,727,12,45,29
opt,M_TASKPOLICY_DOSSLOTFOR_362EB215,0,0,8,45,29
opt,M_TASKPOLICY_DOSRESET_224DFB33,0,0,12,45,29
opt,M_TASKPOLICY_DOSRESET_224DFB33,54,38,6,45,29
opt,M_TASKPOLICY_DOSCANREMOVE_DB41E74E,0,0,16,45,29
opt,M_TASKPOLICY_DOSCANREMOVE_DB41E74E,54,38,6,45,29
opt,M_TASKPOLICY_DOSCURRENT_4399DFDB,0,0,16,45,29
opt,M_TASKPOLICY_DOSCURRENT_4399DFDB,105,89,6,45,29
opt,M_TASKPOLICY_DOSCURRENT_4399DFDB,332,300,8,45,29
opt,M_TASKPOLICY_DOSINIT_97B41A44,0,0,24,45,29
opt,M_TASKPOLICY_DOSWORKERBOUND_DB9BCF66,0,0,16,45,29
opt,M_TASKPOLICY_DOSRESIDENTCOUNT_ABEF6AC1,0,0,12,45,29
opt,M_TASKPOLICY_DOSREMOVED_D36757B2,0,0,20,45,29
opt,M_TASKPOLICY_DOSREMOVED_D36757B2,367,351,4,45,29
opt,M_TASKPOLICY_DOSREMOVED_D36757B2,771,739,12,45,29
opt,M_TASKPOLICY_DOSPREPARE_61B1CC0D,0,0,20,45,29
opt,M_TASKPOLICY_DOSPREPARE_61B1CC0D,624,608,6,45,29
opt,M_TASKPOLICY_DOSADMIT_DEA63DC3,0,0,24,45,29
opt,M_TASKPOLICY_DOSADMIT_DEA63DC3,327,311,4,45,29
opt,M_TASKPOLICY_DOSADMIT_DEA63DC3,589,557,10,45,29
opt,M_TASKPOLICY_DOSADMIT_DEA63DC3,844,796,16,45,29
opt,M_TASKPOLICY_DOSCONTROL_C7F82CE3,0,0,22,45,29
opt,M_TASKPOLICY_DOSCONTROL_C7F82CE3,50,34,6,45,29
opt,M_TASKPOLICY_DOSCONTROL_C7F82CE3,220,188,8,45,29
opt,M_TASKPOLICY_DOSCONTROL_C7F82CE3,411,363,6,45,29
opt,M_TASKPOLICY_DOSCONTROL_C7F82CE3,508,444,8,45,29
opt,M_TASKPOLICY_DOSCONTROL_C7F82CE3,826,746,10,45,29
opt,M_TASKPOLICY_DOSCONTROL_C7F82CE3,953,857,8,45,29
opt,M_TASKPOLICY_CONSOLEINIT_02CC0011,0,0,10,45,29
opt,M_TASKPOLICY_CONSOLEINIT_02CC0011,250,234,4,45,29
opt,M_TASKPOLICY_CONSOLESERVICE_C7B70ED2,0,0,4,45,29
opt,M_TASKPOLICY_CONSOLEPRODUCERBOUND_02AD29D1,0,0,12,45,29
opt,M_TASKPOLICY_CONSOLEFORGETBINDING_5044609F,0,0,8,45,29
opt,M_TASKPOLICY_CONSOLEPACKETVALID_068AA429,0,0,14,45,29
opt,M_TASKPOLICY_CONSOLEPACKETVALID_068AA429,50,34,8,45,29
opt,M_TASKPOLICY_CONSOLEUNBIND_D1E0D209,0,0,12,45,29
opt,M_TASKPOLICY_CONSOLEUNBIND_D1E0D209,161,145,4,45,29
opt,M_TASKPOLICY_CONSOLEUNBIND_D1E0D209,232,200,4,45,29
opt,M_TASKPOLICY_CONSOLEUNBIND_D1E0D209,401,353,16,45,29
opt,M_TASKPOLICY_CONSOLEUNBIND_D1E0D209,537,473,4,45,29
opt,M_TASKPOLICY_CONSOLEPRODUCERCONTROL_28DEB132,0,0,10,45,29
opt,M_TASKPOLICY_CONSOLEPRODUCERCONTROL_28DEB132,78,62,10,45,29
opt,M_TASKPOLICY_CONSOLEPRODUCERCONTROL_28DEB132,211,179,10,45,29
opt,M_TASKPOLICY_CONSOLEBINDCONTROL_DC86D25B,0,0,22,45,29
opt,M_TASKPOLICY_CONSOLEBINDCONTROL_DC86D25B,74,58,6,45,29
opt,M_TASKPOLICY_CONSOLEBINDCONTROL_DC86D25B,263,231,12,45,29
opt,M_TASKPOLICY_CONSOLEBINDCONTROL_DC86D25B,429,381,8,45,29
opt,M_TASKPOLICY_CONSOLEBINDCONTROL_DC86D25B,541,477,12,45,29
opt,M_TASKPOLICY_CONSOLEBINDCONTROL_DC86D25B,680,600,6,45,29
opt,M_TASKPOLICY_CONSOLEBINDCONTROL_DC86D25B,1041,945,8,45,29
opt,M_TASKPOLICY_CONSOLEBINDCONTROL_DC86D25B,1427,1315,8,45,29
opt,M_TASKPOLICY_CONSOLEBINDCONTROL_DC86D25B,1697,1569,4,45,29
opt,M_TASKPOLICY_CONSOLEBINDCONTROL_DC86D25B,1794,1650,4,45,29
opt,M_TASKPOLICY_CONSOLEBINDCONTROL_DC86D25B,1885,1725,8,45,29
opt,M_TASKPOLICY_CONSOLESTATE_630D302C,0,0,4,45,29
opt,M_TASKPOLICY_CONSOLEINSTANCE_9C722438,0,0,4,45,29
opt,M_TASKPOLICY_CONSOLENAMES_B9E6EA95,0,0,12,45,29
opt,M_TASKPOLICY_CONSOLENAME_0C46F590,0,0,8,45,29
opt,M_TASKPOLICY_CONSOLENAME_0C46F590,70,54,10,45,29
opt,M_TASKPOLICY_CONSOLEDEVICE_34497CA3,0,0,8,45,29
opt,M_TASKPOLICY_CONSOLEBOUND_8755F553,0,0,16,45,29
opt,M_TASKPOLICY_CONSOLEBOUND_8755F553,46,30,4,45,29
opt,M_TASKPOLICY_CONSOLEBOUND_8755F553,149,117,6,45,29
opt,M_TASKPOLICY_CONSOLEOPEN_4090447D,0,0,22,45,29
opt,M_TASKPOLICY_CONSOLEOPEN_4090447D,46,30,4,45,29
opt,M_TASKPOLICY_CONSOLEOPEN_4090447D,141,109,4,45,29
opt,M_TASKPOLICY_CONSOLEOPEN_4090447D,767,719,4,45,29
opt,M_TASKPOLICY_CONSOLEOPEN_4090447D,1222,1158,6,45,29
opt,M_TASKPOLICY_CONSOLEIDLE_D6547573,0,0,8,45,29
opt,M_TASKPOLICY_CONSOLEIDLE_D6547573,296,280,6,45,29
opt,M_TASKPOLICY_CONSOLEIDLE_D6547573,485,453,6,45,29
opt,M_TASKPOLICY_CONSOLECLOSE_04E65EB3,0,0,14,45,29
opt,M_TASKPOLICY_CONSOLECLOSE_04E65EB3,46,30,4,45,29
opt,M_TASKPOLICY_CONSOLECLOSE_04E65EB3,141,109,4,45,29
opt,M_TASKPOLICY_CONSOLECLOSE_04E65EB3,252,204,10,45,29
opt,M_TASKPOLICY_CONSOLECLOSE_04E65EB3,571,507,4,45,29
opt,M_TASKPOLICY_CONSOLEIMMEDIATE_DAE617FC,0,0,14,45,29
opt,M_TASKPOLICY_CONSOLEENQUEUE_BE188809,0,0,30,45,29
opt,M_TASKPOLICY_CONSOLEENQUEUE_BE188809,46,30,4,45,29
opt,M_TASKPOLICY_CONSOLEENQUEUE_BE188809,141,109,4,45,29
opt,M_TASKPOLICY_CONSOLEENQUEUE_BE188809,284,236,6,45,29
opt,M_TASKPOLICY_CONSOLEENQUEUE_BE188809,449,385,12,45,29
opt,M_TASKPOLICY_CONSOLEENQUEUE_BE188809,701,621,12,45,29
opt,M_TASKPOLICY_CONSOLEENQUEUE_BE188809,1032,936,12,45,29
opt,M_TASKPOLICY_CONSOLEENQUEUE_BE188809,1290,1178,12,45,29
opt,M_TASKPOLICY_CONSOLEENQUEUE_BE188809,1696,1568,16,45,29
opt,M_TASKPOLICY_CONSOLEWAKE_FE0543B3,0,0,8,45,29
opt,M_TASKPOLICY_CONSOLEWAKE_FE0543B3,92,76,12,45,29
opt,M_TASKPOLICY_CONSOLEABORT_CCCE9F0D,0,0,20,45,29
opt,M_TASKPOLICY_CONSOLEABORT_CCCE9F0D,46,30,4,45,29
opt,M_TASKPOLICY_CONSOLEABORT_CCCE9F0D,141,109,4,45,29
opt,M_TASKPOLICY_CONSOLEABORT_CCCE9F0D,357,309,10,45,29
opt,M_TASKPOLICY_CONSOLEABORT_CCCE9F0D,594,530,10,45,29
opt,M_TASKPOLICY_CONSOLEABORT_CCCE9F0D,870,790,10,45,29
opt,M_TASKPOLICY_CONSOLEABORT_CCCE9F0D,1055,959,6,45,29
opt,M_TASKPOLICY_CONSOLEABORT_CCCE9F0D,1183,1071,12,45,29
opt,M_TASKPOLICY_CONSOLEPREPARE_8098E872,0,0,20,45,29
opt,M_TASKPOLICY_CONSOLEPREPARE_8098E872,705,689,6,45,29
opt,M_TASKPOLICY_CONSOLEADMIT_A01C3E0C,0,0,30,45,29
opt,M_TASKPOLICY_CONSOLEADMIT_A01C3E0C,46,30,4,45,29
opt,M_TASKPOLICY_CONSOLEADMIT_A01C3E0C,141,109,4,45,29
opt,M_TASKPOLICY_CONSOLEADMIT_A01C3E0C,617,569,4,45,29
opt,M_TASKPOLICY_CONSOLEADMIT_A01C3E0C,871,807,10,45,29
opt,M_TASKPOLICY_CONSOLEADMIT_A01C3E0C,1307,1227,6,45,29
opt,M_TASKPOLICY_CONSOLEADMIT_A01C3E0C,1582,1486,6,45,29
opt,M_TASKPOLICY_CONSOLEADMIT_A01C3E0C,1687,1575,16,45,29
opt,M_TASKPOLICY_CONSOLETAKEARRIVAL_2A1E971F,0,0,16,45,29
opt,M_TASKPOLICY_CONSOLETAKEARRIVAL_2A1E971F,165,149,6,45,29
opt,M_TASKPOLICY_CONSOLETAKEARRIVAL_2A1E971F,290,258,10,45,29
opt,M_TASKPOLICY_CONSOLETAKEARRIVAL_2A1E971F,645,597,10,45,29
opt,M_TASKPOLICY_CONSOLETAKEARRIVAL_2A1E971F,882,818,10,45,29
opt,M_TASKPOLICY_CONSOLETAKEWRITE_96FEA12D,0,0,12,45,29
opt,M_TASKPOLICY_CONSOLETAKEWRITE_96FEA12D,177,161,6,45,29
opt,M_TASKPOLICY_CONSOLETAKEWRITE_96FEA12D,409,377,10,45,29
opt,M_TASKPOLICY_CONSOLEFINISH_F43924B4,0,0,20,45,29
opt,M_TASKPOLICY_CONSOLEFINISH_F43924B4,46,30,4,45,29
opt,M_TASKPOLICY_CONSOLEFINISH_F43924B4,1041,1009,10,45,29
opt,M_TASKPOLICY_CONSOLEFINISH_F43924B4,1156,1108,12,45,29
opt,M_TASKPOLICY_CONSOLERUNNABLE_8934D92E,0,0,16,45,29
opt,M_TASKPOLICY_CONSOLERUNNABLE_8934D92E,380,364,6,45,29
opt,M_TASKPOLICY_CONSOLERUNNABLE_8934D92E,625,593,6,45,29
opt,M_TASKPOLICY_CONSOLESTOP_DAEB4759,0,0,8,45,29
opt,M_TASKPOLICY_CONSOLESTOP_DAEB4759,105,89,10,45,29
opt,M_TASKPOLICY_CONSOLESTOP_DAEB4759,226,194,10,45,29
opt,M_TASKPOLICY_CONSOLESTOP_DAEB4759,456,408,10,45,29
opt,M_TASKPOLICY_CONSOLESTOP_DAEB4759,555,491,10,45,29
opt,M_TASKPOLICY_CONSOLEWORKERCONTROL_3CA89D3E,0,0,26,45,29
opt,M_TASKPOLICY_CONSOLEWORKERCONTROL_3CA89D3E,46,30,4,45,29
opt,M_TASKPOLICY_CONSOLEWORKERCONTROL_3CA89D3E,141,109,4,45,29
opt,M_TASKPOLICY_CONSOLEWORKERCONTROL_3CA89D3E,402,354,10,45,29
opt,M_TASKPOLICY_CONSOLEWORKERCONTROL_3CA89D3E,546,482,12,45,29
opt,M_TASKPOLICY_CONSOLEWORKERCONTROL_3CA89D3E,697,617,8,45,29
opt,M_TASKPOLICY_CONSOLEWORKERCONTROL_3CA89D3E,916,820,16,45,29
opt,M_TASKPOLICY_CONSOLEWORKERCONTROL_3CA89D3E,1102,990,10,45,29
opt,M_TASKPOLICY_CONSOLEWORKERCONTROL_3CA89D3E,1246,1118,10,45,29
opt,M_TASKPOLICY_CONSOLEWORKERCONTROL_3CA89D3E,1363,1219,10,45,29
opt,M_TASKPOLICY_CONSOLEWORKERCONTROL_3CA89D3E,1537,1377,8,45,29
opt,M_TASKPOLICY_CONSOLECHECKEXTENT_830BDAF3,0,0,16,45,29
opt,M_TASKPOLICY_CONSOLECHECKEXTENT_830BDAF3,142,126,10,45,29
opt,M_TASKPOLICY_CONSOLECHECKEXTENT_830BDAF3,259,227,10,45,29
opt,M_TASKPOLICY_CONSOLECONTROL_F218511C,0,0,26,45,29
opt,M_TASKPOLICY_CONSOLECONTROL_F218511C,58,42,12,45,29
opt,M_TASKPOLICY_CONSOLECONTROL_F218511C,197,165,6,45,29
opt,M_TASKPOLICY_CONSOLECONTROL_F218511C,339,291,4,45,29
opt,M_TASKPOLICY_CONSOLECONTROL_F218511C,504,440,6,45,29
opt,M_TASKPOLICY_CONSOLECONTROL_F218511C,607,527,10,45,29
opt,M_TASKPOLICY_CONSOLECONTROL_F218511C,805,709,10,45,29
opt,M_TASKPOLICY_CONSOLECONTROL_F218511C,953,841,4,45,29
opt,M_TASKPOLICY_CONSOLECONTROL_F218511C,1040,912,16,45,29
opt,M_TASKPOLICY_CONSOLECONTROL_F218511C,1197,1053,12,45,29
opt,M_TASKPOLICY_CONSOLEWORKERBOUND_96318375,0,0,16,45,29
opt,M_TASKPOLICY_CONSOLEWORKERBOUND_96318375,46,30,4,45,29
opt,M_TASKPOLICY_CONSOLERESIDENTCOUNT_6078C646,0,0,12,45,29
opt,M_TASKPOLICY_CONSOLERESIDENTCOUNT_6078C646,46,30,4,45,29
opt,M_TASKPOLICY_CONSOLECANREMOVE_6BA935F9,0,0,24,45,29
opt,M_TASKPOLICY_CONSOLECANREMOVE_6BA935F9,46,30,4,45,29
opt,M_TASKPOLICY_CONSOLECANREMOVE_6BA935F9,141,109,4,45,29
opt,M_TASKPOLICY_CONSOLECANREMOVE_6BA935F9,677,629,4,45,29
opt,M_TASKPOLICY_CONSOLECANREMOVE_6BA935F9,769,705,4,45,29
opt,M_TASKPOLICY_CONSOLECANREMOVE_6BA935F9,861,781,4,45,29
opt,M_TASKPOLICY_CONSOLECANREMOVE_6BA935F9,1082,986,10,45,29
opt,M_TASKPOLICY_CONSOLEREMOVED_E0E10625,0,0,18,45,29
opt,M_TASKPOLICY_CONSOLEREMOVED_E0E10625,46,30,4,45,29
opt,M_TASKPOLICY_CONSOLEREMOVED_E0E10625,141,109,4,45,29
opt,M_TASKPOLICY_CONSOLEREMOVED_E0E10625,555,507,4,45,29
opt,M_TASKPOLICY_CONSOLEREMOVED_E0E10625,647,583,4,45,29
opt,M_TASKPOLICY_CONSOLEREMOVED_E0E10625,806,726,10,45,29
opt,M_TASKPOLICY_CONSOLEREMOVED_E0E10625,1023,927,12,45,29
opt,M_TASKPOLICY_REQUESTVALID_195CAC51,0,0,6,45,29
opt,M_TASKPOLICY_REQUESTVALID_195CAC51,54,38,4,45,29
opt,M_TASKPOLICY_REQUESTVALID_195CAC51,153,121,6,45,29
opt,M_TASKPOLICY_REQUESTVALID_195CAC51,272,224,8,45,29
opt,M_TASKPOLICY_REQUESTVALID_195CAC51,416,352,8,45,29
opt,M_TASKPOLICY_REQUESTVALID_195CAC51,635,555,6,45,29
opt,M_TASKPOLICY_REQUESTVALID_195CAC51,754,658,8,45,29
opt,M_TASKPOLICY_REQUESTVALID_195CAC51,898,786,8,45,29
opt,M_TASKPOLICY_REQUESTVALID_195CAC51,1077,949,4,45,29
opt,M_TASKPOLICY_REQUESTVALID_195CAC51,1184,1040,4,45,29
opt,M_TASKPOLICY_REQUESTVALID_195CAC51,1291,1131,4,45,29
opt,M_TASKPOLICY_REQUESTVALID_195CAC51,1390,1214,6,45,29
opt,M_TASKPOLICY_REQUESTVALID_195CAC51,1509,1317,8,45,29
opt,M_TASKPOLICY_REQUESTVALID_195CAC51,1653,1445,8,45,29
opt,M_TASKPOLICY_REQUESTVALID_195CAC51,1816,1592,4,45,29
opt,M_TASKPOLICY_REQUESTVALID_195CAC51,1915,1675,6,45,29
opt,M_TASKPOLICY_REQUESTVALID_195CAC51,2101,1845,6,45,29
opt,M_TASKPOLICY_REQUESTVALID_195CAC51,2220,1948,8,45,29
opt,M_TASKPOLICY_REQUESTVALID_195CAC51,2404,2116,6,45,29
opt,M_TASKPOLICY_REQUESTVALID_195CAC51,2550,2246,8,45,29
opt,M_TASKPOLICY_REQUESTVALID_195CAC51,2738,2418,8,45,29
opt,M_TASKPOLICY_REQUESTVALID_195CAC51,2946,2610,6,45,29
opt,M_TASKPOLICY_REQUESTVALID_195CAC51,3065,2713,8,45,29
opt,M_TASKPOLICY_REQUESTVALID_195CAC51,3209,2841,8,45,29
opt,M_TASKPOLICY_REQUESTVALID_195CAC51,3388,3004,6,45,29
opt,M_TASKPOLICY_ROUTE_3006B749,0,0,12,45,29
opt,M_TASKPOLICY_ROUTE_3006B749,54,38,4,45,29
opt,M_TASKPOLICY_ROUTE_3006B749,169,137,10,45,29
opt,M_TASKPOLICY_ROUTE_3006B749,316,268,10,45,29
opt,M_TASKPOLICY_ROUTE_3006B749,461,397,10,45,29
opt,M_TASKPOLICY_ROUTE_3006B749,634,554,10,45,29
opt,M_TASKPOLICY_ROUTE_3006B749,821,725,10,45,29
opt,M_TASKPOLICY_ROUTE_3006B749,966,854,10,45,29
opt,M_TASKPOLICY_ROUTE_3006B749,1099,971,10,45,29
opt,M_TASKPOLICY_ROUTE_3006B749,1238,1094,8,45,29
opt,M_TASKPOLICY_ROUTE_3006B749,1397,1237,10,45,29
opt,M_TASKPOLICY_ROUTE_3006B749,1542,1366,10,45,29
opt,M_TASKPOLICY_ROUTE_3006B749,1679,1487,6,45,29
opt,M_TASKPOLICY_ROUTE_3006B749,1810,1602,10,45,29
opt,M_TASKPOLICY_ROUTE_3006B749,1947,1723,6,45,29
opt,M_TASKPOLICY_ROUTE_3006B749,2058,1818,6,45,29
opt,M_TASKPOLICY_ROUTE_3006B749,2155,1899,8,45,29
opt,M_TASKPOLICY_ROUTE_3006B749,2281,2009,6,45,29
opt,M_TASKPOLICY_ROUTE_3006B749,2444,2156,10,45,29
opt,M_TASKPOLICY_ROUTE_3006B749,2591,2287,10,45,29
opt,M_TASKPOLICY_ROUTE_3006B749,2708,2388,8,45,29
opt,M_TASKPOLICY_FINISHDISPATCH_46CD5A79,0,0,12,45,29
opt,M_TASKPOLICY_FINISHDISPATCH_46CD5A79,146,130,4,45,29
opt,M_TASKPOLICY_FINISHDISPATCH_46CD5A79,314,282,10,45,29
opt,M_TASKPOLICY_DISPATCH_2D7B283C,0,0,22,45,29
opt,M_TASKPOLICY_DISPATCH_2D7B283C,58,42,6,45,29
opt,M_TASKPOLICY_DISPATCH_2D7B283C,195,163,4,45,29
opt,M_TASKPOLICY_DISPATCH_2D7B283C,491,443,4,45,29
opt,M_TASKPOLICY_DISPATCH_2D7B283C,584,520,4,45,29
opt,M_TASKPOLICY_DISPATCH_2D7B283C,828,748,4,45,29
opt,M_TASKPOLICY_DISPATCH_2D7B283C,945,849,10,45,29
opt,M_TASKPOLICY_DISPATCH_2D7B283C,1066,954,4,45,29
opt,M_TASKPOLICY_DISPATCH_2D7B283C,1181,1053,10,45,29
opt,M_TASKPOLICY_DISPATCH_2D7B283C,1285,1141,12,45,29
opt,M_TASKPOLICY_DISPATCH_2D7B283C,1414,1254,4,45,29
opt,M_TASKPOLICY_DISPATCH_2D7B283C,1529,1353,10,45,29
opt,M_TASKPOLICY_DISPATCH_2D7B283C,1633,1441,12,45,29
opt,M_TASKPOLICY_DISPATCH_2D7B283C,1762,1554,4,45,29
opt,M_TASKPOLICY_DISPATCH_2D7B283C,1877,1653,10,45,29
opt,M_TASKPOLICY_DISPATCH_2D7B283C,1981,1741,12,45,29
opt,M_TASKPOLICY_DISPATCH_2D7B283C,2122,1866,10,45,29
opt,M_TASKPOLICY_DISPATCH_2D7B283C,2226,1954,12,45,29
opt,M_CONSOLECORE_EXTENT_83D9960B,0,0,28,45,29
opt,M_CONSOLECORE_INIT_F63331F9,0,0,16,45,29
opt,M_CONSOLECORE_INIT_F63331F9,310,294,16,45,29
opt,M_CONSOLECORE_DIRTY_4A63B073,0,0,10,45,29
opt,M_CONSOLECORE_EDITQUANTUM_E6CDEC54,0,0,20,45,29
opt,M_CONSOLECORE_EDITQUANTUM_E6CDEC54,604,588,12,45,29
opt,M_CONSOLECORE_NEWLINE_97A73E23,0,0,12,45,29
opt,M_CONSOLECORE_CHARACTER_94A5011A,0,0,16,45,29
opt,M_CONSOLECORE_CHARACTER_94A5011A,293,277,12,45,29
opt,M_CONSOLECORE_CHARACTER_94A5011A,506,474,6,45,29
opt,M_CONSOLECORE_CHARACTER_94A5011A,817,769,6,45,29
opt,M_CONSOLECORE_CHARACTER_94A5011A,961,897,6,45,29
opt,M_CONSOLECORE_FEED_287D49E7,0,0,16,45,29
opt,M_CONSOLECORE_FEED_287D49E7,93,77,6,45,29
opt,M_CONSOLECORE_FEED_287D49E7,310,278,8,45,29
opt,M_CONSOLEINPUT_INIT_5076ECFA,0,0,8,45,29
opt,M_CONSOLEINPUT_LOSE_42C88EE3,0,0,4,45,29
opt,M_CONSOLEINPUT_CLEAR_3DEF4D2B,0,0,4,45,29
opt,M_CONSOLEINPUT_CLEAR_3DEF4D2B,46,30,4,45,29
opt,M_CONSOLEINPUT_DECODE_A428056C,0,0,22,45,29
opt,M_CONSOLEINPUT_DELIVER_8B43A137,0,0,16,45,29
opt,M_CONSOLEINPUT_DELIVER_8B43A137,151,135,12,45,29
opt,M_CONSOLEINPUT_DELIVER_8B43A137,329,297,6,45,29
opt,M_CONSOLEINPUT_PUMP_600356CC,0,0,12,45,29
opt,M_CONSOLEINPUT_PUMP_600356CC,64,48,4,45,29
opt,M_CONSOLEINPUT_PUMP_600356CC,417,385,6,45,29
opt,M_CONSOLEINPUT_PUMP_600356CC,510,462,12,45,29
opt,M_CONSOLEINPUT_READ_9E7D5EC6,0,0,22,45,29
opt,M_CONSOLEINPUT_READ_9E7D5EC6,132,116,6,45,29
opt,M_CONSOLEDISPLAY_GLYPH_DCC4F92E,0,0,10,45,29
opt,M_CONSOLEDISPLAY_LISTVALID_C50FC922,0,0,12,45,29
opt,M_CONSOLEDISPLAY_VALIDATE_33E36106,0,0,8,45,29
opt,M_CONSOLEDISPLAY_VALIDATE_33E36106,480,464,8,45,29
opt,M_CONSOLEDISPLAY_GEOMETRY_B00D0334,0,0,10,45,29
opt,M_CONSOLEDISPLAY_COPYSCREEN_6781A699,0,0,16,45,29
opt,M_CONSOLEDISPLAY_COPYSCREEN_6781A699,230,214,4,45,29
opt,M_CONSOLEDISPLAY_CLAIM_0FF5CDD8,0,0,16,45,29
opt,M_CONSOLEDISPLAY_CLAIM_0FF5CDD8,89,73,4,45,29
opt,M_CONSOLEDISPLAY_CLAIM_0FF5CDD8,738,706,10,45,29
opt,M_CONSOLEDISPLAY_CLAIM_0FF5CDD8,902,854,10,45,29
opt,M_CONSOLEDISPLAY_RELEASE_C2AC22C5,0,0,12,45,29
opt,M_CONSOLEDISPLAY_RELEASE_C2AC22C5,187,171,10,45,29
opt,M_CONSOLEDISPLAY_POSITION_5668E3AD,0,0,8,45,29
opt,M_CONSOLEDISPLAY_CURSOR_3EC7579C,0,0,18,45,29
opt,M_CONSOLEDISPLAY_CURSOR_3EC7579C,398,382,8,45,29
opt,M_CONSOLEDISPLAY_CURSOR_3EC7579C,607,575,4,45,29
opt,M_CONSOLEDISPLAY_CELLS_58FB51DD,0,0,28,45,29
opt,M_CONSOLEDISPLAY_CELLS_58FB51DD,354,338,8,45,29
opt,M_CONSOLEDISPLAY_CELLS_58FB51DD,578,546,4,45,29
opt,M_CONSOLEDISPLAY_QUANTUM_5F98A18D,0,0,14,45,29
opt,M_CONSOLEDISPLAY_QUANTUM_5F98A18D,148,132,10,45,29
opt,M_CONSOLEDISPLAY_QUANTUM_5F98A18D,494,462,10,45,29
opt,M_CONSOLEDISPLAY_QUANTUM_5F98A18D,605,557,10,45,29
opt,M_CONSOLEDRIVER_GETSERVICE_BEE5E55D,0,0,4,45,29
opt,M_CONSOLEDRIVER_GETINSTANCE_7919D405,0,0,4,45,29
opt,M_CONSOLEDRIVER_MAPPED_DAA6A481,0,0,24,45,29
opt,M_CONSOLEDRIVER_MAPPED_DAA6A481,789,773,8,45,29
opt,M_CONSOLEDRIVER_VALIDATE_72D30322,0,0,14,45,29
opt,M_CONSOLEDRIVER_VALIDATE_72D30322,1113,1097,8,45,29
opt,M_CONSOLEDRIVER_VALIDATE_72D30322,1467,1435,12,45,29
opt,M_CONSOLEDRIVER_FINISHWRITE_E8555190,0,0,8,45,29
opt,M_CONSOLEDRIVER_FINISHWRITE_E8555190,136,120,8,45,29
opt,M_CONSOLEDRIVER_WRITEQUANTUM_AEE13626,0,0,28,45,29
opt,M_CONSOLEDRIVER_WRITEQUANTUM_AEE13626,124,108,8,45,29
opt,M_CONSOLEDRIVER_WRITEQUANTUM_AEE13626,305,273,6,45,29
opt,M_CONSOLEDRIVER_WRITEQUANTUM_AEE13626,463,415,10,45,29
opt,M_CONSOLEDRIVER_WRITEQUANTUM_AEE13626,612,548,6,45,29
opt,M_CONSOLEDRIVER_WRITEQUANTUM_AEE13626,941,861,10,45,29
opt,M_CONSOLEDRIVER_WRITEQUANTUM_AEE13626,1457,1361,12,45,29
opt,M_CONSOLEDRIVER_READQUANTUM_10EBF725,0,0,22,45,29
opt,M_CONSOLEDRIVER_READQUANTUM_10EBF725,221,205,6,45,29
opt,M_CONSOLEDRIVER_READQUANTUM_10EBF725,797,765,12,45,29
opt,M_CONSOLEDRIVER_READQUANTUM_10EBF725,1033,985,8,45,29
opt,M_CONSOLEDRIVER_ARRIVAL_EC6B7DA9,0,0,12,45,29
opt,M_CONSOLEDRIVER_ARRIVAL_EC6B7DA9,46,30,8,45,29
opt,M_CONSOLEDRIVER_ARRIVAL_EC6B7DA9,266,234,6,45,29
opt,M_CONSOLEDRIVER_ARRIVAL_EC6B7DA9,371,323,8,45,29
opt,M_CONSOLEDRIVER_INITIALIZE_D6CB2592,0,0,26,45,29
opt,M_CONSOLEDRIVER_INITIALIZE_D6CB2592,46,30,12,45,29
opt,M_CONSOLEDRIVER_INITIALIZE_D6CB2592,173,141,12,45,29
opt,M_CONSOLEDRIVER_INITIALIZE_D6CB2592,499,451,18,45,29
opt,M_CONSOLEDRIVER_INITIALIZE_D6CB2592,726,662,6,45,29
opt,M_CONSOLEDRIVER_INITIALIZE_D6CB2592,807,727,4,45,29
opt,M_CONSOLEDRIVER_INITIALIZE_D6CB2592,898,802,10,45,29
opt,M_CONSOLEDRIVER_INITIALIZE_D6CB2592,1083,971,12,45,29
opt,M_CONSOLEDRIVER_INITIALIZE_D6CB2592,1367,1239,12,45,29
opt,M_CONSOLEDRIVER_INITIALIZE_D6CB2592,1525,1381,4,45,29
opt,M_CONSOLEDRIVER_INITIALIZE_D6CB2592,1651,1491,4,45,29
opt,M_CONSOLEDRIVER_INITIALIZE_D6CB2592,1746,1570,4,45,29
opt,M_CONSOLEDRIVER_INITIALIZE_D6CB2592,1850,1658,6,45,29
opt,M_CONSOLEDRIVER_INITIALIZE_D6CB2592,1947,1739,12,45,29
opt,M_CONSOLEDRIVER_INITIALIZE_D6CB2592,2070,1846,4,45,29
opt,M_CONSOLEDRIVER_INITIALIZE_D6CB2592,2143,1903,4,45,29
opt,M_CONSOLEDRIVER_FREESTORAGE_02676B4B,0,0,12,45,29
opt,M_CONSOLEDRIVER_FREESTORAGE_02676B4B,70,54,6,45,29
opt,M_CONSOLEDRIVER_FREESTORAGE_02676B4B,237,205,12,45,29
opt,M_CONSOLEDRIVER_FREESTORAGE_02676B4B,506,458,12,45,29
opt,M_CONSOLEDRIVER_FREESTORAGE_02676B4B,734,670,12,45,29
opt,M_CONSOLEDRIVER_WORKER_589B3ABC,0,0,16,45,29
opt,M_CONSOLEDRIVER_WORKER_589B3ABC,46,30,4,45,29
opt,M_CONSOLEDRIVER_WORKER_589B3ABC,133,101,4,45,29
opt,M_CONSOLEDRIVER_WORKER_589B3ABC,220,172,10,45,29
opt,M_CONSOLEDRIVER_WORKER_589B3ABC,337,273,10,45,29
opt,M_CONSOLEDRIVER_WORKER_589B3ABC,458,378,8,45,29
opt,M_CONSOLEDRIVER_WORKER_589B3ABC,571,475,8,45,29
opt,M_CONSOLEDRIVER_WORKER_589B3ABC,708,596,4,45,29
opt,M_CONSOLEDRIVER_WORKER_589B3ABC,779,651,6,45,29
opt,M_CONSOLEDRIVER_WORKER_589B3ABC,869,725,4,45,29
opt,M_CONSOLEDRIVER_WORKER_589B3ABC,940,780,10,45,29
opt,M_CONSOLEDRIVER_WORKER_589B3ABC,1035,859,10,45,29
opt,M_CONSOLEDRIVER_WORKER_589B3ABC,1130,938,6,45,29
opt,M_CONSOLEDRIVER_WORKER_589B3ABC,1249,1041,10,45,29
opt,M_CONSOLEDRIVER_WORKER_589B3ABC,1344,1120,8,45,29
opt,M_CONSOLEDRIVER_WORKER_589B3ABC,1572,1332,8,45,29
opt,M_CONSOLEDRIVER_WORKER_589B3ABC,1682,1426,4,45,29
opt,M_CONSOLEDRIVER_WORKER_589B3ABC,1757,1485,4,45,29
opt,M_CONSOLEDRIVER_WORKER_589B3ABC,1828,1540,4,45,29
opt,M_CONSOLEDRIVER_WORKER_589B3ABC,1901,1597,4,45,29
opt,M_CONSOLEDRIVER_WORKER_589B3ABC,1974,1654,10,45,29
opt,M_CONSOLEDRIVER_WORKER_589B3ABC,2069,1733,8,45,29
opt,M_CONSOLEDRIVER_START_3E6AAC44,0,0,8,45,29
opt,M_CONSOLEDRIVER_START_3E6AAC44,62,46,8,45,29
opt,M_CONSOLEDRIVER_START_3E6AAC44,321,289,6,45,29
opt,M_CONSOLEDRIVER_START_3E6AAC44,409,361,8,45,29
opt,M_CONSOLEDRIVER_STOP_093D3500,0,0,6,45,29
opt,M_CONSOLEDRIVER_STOP_093D3500,46,30,8,45,29
opt,M_CONSOLEDRIVER_STOP_093D3500,305,273,8,45,29
opt,M_CONSOLEDRIVER_STOP_093D3500,533,485,6,45,29
opt,M_PORTCORE_CREATEMSGPORT_A47550A3,0,0,12,45,29
opt,M_PORTCORE_CREATEMSGPORT_A47550A3,46,30,12,45,29
opt,M_PORTCORE_CREATEMSGPORT_A47550A3,260,228,4,45,29
opt,M_PORTCORE_CREATEMSGPORT_A47550A3,383,335,12,45,29
opt,M_PORTCORE_CREATEMSGPORT_A47550A3,688,624,6,45,29
opt,M_PORTCORE_CREATEMSGPORT_A47550A3,866,786,6,45,29
opt,M_PORTCORE_DELETEMSGPORT_9136F7C6,0,0,8,45,29
opt,M_PORTCORE_DELETEMSGPORT_9136F7C6,93,77,6,45,29
opt,M_PORTCORE_DELETEMSGPORT_9136F7C6,180,148,4,45,29
opt,M_PORTCORE_DELETEMSGPORT_9136F7C6,277,229,12,45,29
opt,M_SIODRIVER_SIOMAPPED_D1D9A9D6,0,0,24,45,29
opt,M_SIODRIVER_SIOMAPPED_D1D9A9D6,789,773,8,45,29
opt,M_SIODRIVER_PAYLOADLENGTH_9F5C9B06,0,0,8,45,29
opt,M_SIODRIVER_SIOVALIDATE_7D355271,0,0,16,45,29
opt,M_SIODRIVER_SIOVALIDATE_7D355271,1732,1716,6,45,29
opt,M_SIODRIVER_SIOVALIDATE_7D355271,1930,1898,12,45,29
opt,M_SIODRIVER_DEADLINETICKS_83CDA5CA,0,0,32,45,29
opt,M_SIODRIVER_PREPARE_D10BF723,0,0,20,45,29
opt,M_SIODRIVER_PREPARE_D10BF723,455,439,10,45,29
opt,M_SIODRIVER_HARDWAREINIT_3568BDA6,0,0,6,45,29
opt,M_SIODRIVER_HARDWAREINIT_3568BDA6,46,30,4,45,29
opt,M_SIODRIVER_HARDWAREINIT_3568BDA6,133,101,4,45,29
opt,M_SIODRIVER_HARDWAREINIT_3568BDA6,268,220,4,45,29
opt,M_SIODRIVER_HARDWAREINIT_3568BDA6,369,305,4,45,29
opt,M_SIODRIVER_HARDWAREINIT_3568BDA6,504,424,6,45,29
opt,M_SIODRIVER_HARDWAREINIT_3568BDA6,601,505,12,45,29
opt,M_SIODRIVER_HARDWAREINIT_3568BDA6,724,612,4,45,29
opt,M_SIODRIVER_HARDWAREINIT_3568BDA6,848,720,4,45,29
opt,M_SIODRIVER_HARDWAREINIT_3568BDA6,919,775,4,45,29
opt,M_SIODRIVER_HARDWAREINIT_3568BDA6,990,830,4,45,29
opt,M_SIODRIVER_HARDWAREINIT_3568BDA6,1063,887,4,45,29
opt,M_SIODRIVER_RUNREQUEST_4500BA50,0,0,12,45,29
opt,M_SIODRIVER_RUNREQUEST_4500BA50,168,152,8,45,29
opt,M_SIODRIVER_RUNREQUEST_4500BA50,305,273,6,45,29
opt,M_SIODRIVER_RUNREQUEST_4500BA50,450,402,8,45,29
opt,M_SIODRIVER_RUNREQUEST_4500BA50,571,507,6,45,29
opt,M_SIODRIVER_RUNREQUEST_4500BA50,652,572,8,45,29
opt,M_SIODRIVER_RUNREQUEST_4500BA50,758,662,4,45,29
opt,M_SIODRIVER_RUNREQUEST_4500BA50,890,778,6,45,29
opt,M_SIODRIVER_RUNREQUEST_4500BA50,1114,986,8,45,29
opt,M_SIODRIVER_RUNREQUEST_4500BA50,1262,1118,8,45,29
opt,M_SIODRIVER_RUNREQUEST_4500BA50,1372,1212,4,45,29
opt,M_SIODRIVER_RUNREQUEST_4500BA50,1465,1289,6,45,29
opt,M_SIODRIVER_RUNREQUEST_4500BA50,1571,1379,8,45,29
opt,M_SIODRIVER_RUNREQUEST_4500BA50,1697,1489,6,45,29
opt,M_SIODRIVER_RUNREQUEST_4500BA50,1785,1561,4,45,29
opt,M_SIODRIVER_WORKER_374ADF8C,0,0,12,45,29
opt,M_SIODRIVER_WORKER_374ADF8C,46,30,4,45,29
opt,M_SIODRIVER_WORKER_374ADF8C,117,85,4,45,29
opt,M_SIODRIVER_WORKER_374ADF8C,210,162,8,45,29
opt,M_SIODRIVER_WORKER_374ADF8C,316,252,4,45,29
opt,M_SIODRIVER_WORKER_374ADF8C,394,314,8,45,29
opt,M_SIODRIVER_WORKER_374ADF8C,500,404,4,45,29
opt,M_SIODRIVER_WORKER_374ADF8C,571,459,8,45,29
opt,M_SIODRIVER_WORKER_374ADF8C,799,671,8,45,29
opt,M_SIODRIVER_WORKER_374ADF8C,965,821,8,45,29
opt,M_SIODRIVER_WORKER_374ADF8C,1083,923,6,45,29
opt,M_SIODRIVER_WORKER_374ADF8C,1168,992,4,45,29
opt,M_SIODRIVER_WORKER_374ADF8C,1239,1047,4,45,29
opt,M_SIODRIVER_WORKER_374ADF8C,1310,1102,4,45,29
opt,M_SIODRIVER_WORKER_374ADF8C,1381,1157,4,45,29
opt,M_SIODRIVER_WORKER_374ADF8C,1452,1212,4,45,29
opt,M_SIODRIVER_WORKER_374ADF8C,1525,1269,4,45,29
opt,M_SIODRIVER_WORKER_374ADF8C,1598,1326,8,45,29
opt,M_SIODRIVER_WORKER_374ADF8C,1704,1416,4,45,29
opt,M_SIODRIVER_UNAVAILABLE_B7013E26,0,0,6,45,29
opt,M_SIODRIVER_UNAVAILABLE_B7013E26,46,30,8,45,29
opt,M_SIODRIVER_MATCHES_AEE1C237,0,0,12,45,29
opt,M_SIODRIVER_START_4928F5B4,0,0,8,45,29
opt,M_SIODRIVER_START_4928F5B4,62,46,8,45,29
opt,M_SIODRIVER_START_4928F5B4,321,289,8,45,29
opt,M_SIODRIVER_START_4928F5B4,427,379,8,45,29
opt,M_SIODRIVER_STOP_B26AF28A,0,0,6,45,29
opt,M_SIODRIVER_STOP_B26AF28A,46,30,8,45,29
opt,M_SIODRIVER_STOP_B26AF28A,152,120,8,45,29
opt,M_SIODRIVER_STOP_B26AF28A,380,332,8,45,29
opt,M_IOCORE_OPENDEVICE_A2787528,0,0,20,45,29
opt,M_IOCORE_OPENDEVICE_A2787528,54,38,6,45,29
opt,M_IOCORE_OPENDEVICE_A2787528,157,125,4,45,29
opt,M_IOCORE_OPENDEVICE_A2787528,266,218,20,45,29
opt,M_IOCORE_CREATEIOREQUEST_DE10015D,0,0,16,45,29
opt,M_IOCORE_CREATEIOREQUEST_DE10015D,54,38,6,45,29
opt,M_IOCORE_CREATEIOREQUEST_DE10015D,472,440,12,45,29
opt,M_IOCORE_DELETEIOREQUEST_93A87E78,0,0,16,45,29
opt,M_IOCORE_DELETEIOREQUEST_93A87E78,93,77,6,45,29
opt,M_IOCORE_DELETEIOREQUEST_93A87E78,233,201,12,45,29
opt,M_IOCORE_WAITIO_8CA35F61,0,0,14,45,29
opt,M_IOCORE_WAITIO_8CA35F61,54,38,6,45,29
opt,M_IOCORE_WAITIO_8CA35F61,483,451,8,45,29
opt,M_IOCORE_WAITIO_8CA35F61,597,549,6,45,29
opt,M_IOCORE_DOIO_173DC4A1,0,0,16,45,29
opt,M_IOCORE_DOIO_173DC4A1,54,38,6,45,29
opt,M_IOCORE_DOIO_173DC4A1,332,300,6,45,29
opt,M_DOSCLIENT_IOERR_BF9E8A97,0,0,8,45,29
opt,M_DOSCLIENT_IOERR_BF9E8A97,46,30,4,45,29
opt,M_DOSCLIENT_SETERROR_F2B11A26,0,0,8,45,29
opt,M_DOSCLIENT_SETERROR_F2B11A26,46,30,4,45,29
opt,M_DOSCLIENT_NEWCLIENT_41735729,0,0,16,45,29
opt,M_DOSCLIENT_NEWCLIENT_41735729,73,57,12,45,29
opt,M_DOSCLIENT_NEWCLIENT_41735729,438,406,4,45,29
opt,M_DOSCLIENT_NEWCLIENT_41735729,633,585,12,45,29
opt,M_DOSCLIENT_ENSURE_1859B044,0,0,18,45,29
opt,M_DOSCLIENT_ENSURE_1859B044,46,30,4,45,29
opt,M_DOSCLIENT_ENSURE_1859B044,421,389,6,45,29
opt,M_DOSCLIENT_ENSURE_1859B044,681,633,6,45,29
opt,M_DOSCLIENT_CLEARSELECTIONS_93A1D5D6,0,0,8,45,29
opt,M_DOSCLIENT_RELEASECONTEXT_90CB2A06,0,0,18,45,29
opt,M_DOSCLIENT_RELEASECONTEXT_90CB2A06,46,30,4,45,29
opt,M_DOSCLIENT_RELEASECONTEXT_90CB2A06,474,442,6,45,29
opt,M_DOSCLIENT_RELEASECONTEXT_90CB2A06,1375,1327,6,45,29
opt,M_DOSCLIENT_RELEASECONTEXT_90CB2A06,1490,1426,6,45,29
opt,M_DOSCLIENT_RELEASECONTEXT_90CB2A06,1595,1515,12,45,29
opt,M_DOSCLIENT_CHECKREPLY_4530772C,0,0,12,45,29
opt,M_DOSCLIENT_CHECKREPLY_4530772C,131,115,6,45,29
opt,M_DOSCLIENT_CHECKREPLY_4530772C,427,395,6,45,29
opt,M_DOSCLIENT_CHECKREPLY_4530772C,664,616,6,45,29
opt,M_DOSCLIENT_CALL_35DB3B22,0,0,24,45,29
opt,M_DOSCLIENT_CALL_35DB3B22,46,30,4,45,29
opt,M_DOSCLIENT_CALL_35DB3B22,474,442,6,45,29
opt,M_DOSCLIENT_CALL_35DB3B22,907,859,10,45,29
opt,M_DOSCLIENT_CALL_35DB3B22,1036,972,6,45,29
opt,M_DOSCLIENT_CALL_35DB3B22,1167,1087,6,45,29
opt,M_DOSCLIENT_CALL_35DB3B22,1288,1192,10,45,29
opt,M_DOSOBJECTS_FIND_2E898C70,0,0,16,45,29
opt,M_DOSOBJECTS_LINK_9FA00D0F,0,0,16,45,29
opt,M_DOSOBJECTS_LINK_9FA00D0F,128,112,6,45,29
opt,M_DOSOBJECTS_UNLINK_C978FCF4,0,0,22,45,29
opt,M_DOSOBJECTS_UNLINK_C978FCF4,340,324,6,45,29
opt,M_BLOCKWIRE_TRANSFER_0A2F17CC,0,0,8,45,29
opt,M_BLOCKWIRE_TRANSFER_0A2F17CC,70,54,6,45,29
opt,M_BLOCKIO_GEOMETRY_4529DFEE,0,0,6,45,29
opt,M_BLOCKIO_SECTORBYTES_B8369631,0,0,12,45,29
opt,M_BLOCKIO_MAPPED_A9EEA713,0,0,24,45,29
opt,M_BLOCKIO_MAPPED_A9EEA713,950,934,8,45,29
opt,M_BLOCKIO_CREATE_DF5BA086,0,0,16,45,29
opt,M_BLOCKIO_CREATE_DF5BA086,46,30,12,45,29
opt,M_BLOCKIO_CREATE_DF5BA086,268,236,4,45,29
opt,M_BLOCKIO_CREATE_DF5BA086,467,419,12,45,29
opt,M_BLOCKIO_CREATE_DF5BA086,686,622,12,45,29
opt,M_BLOCKIO_CREATE_DF5BA086,976,896,6,45,29
opt,M_BLOCKIO_CREATE_DF5BA086,1091,995,6,45,29
opt,M_BLOCKIO_CREATE_DF5BA086,1196,1084,12,45,29
opt,M_BLOCKIO_DESTROY_0CC5CBD8,0,0,8,45,29
opt,M_BLOCKIO_DESTROY_0CC5CBD8,253,237,12,45,29
opt,M_BLOCKIO_DESTROY_0CC5CBD8,400,368,6,45,29
opt,M_BLOCKIO_DESTROY_0CC5CBD8,515,467,6,45,29
opt,M_BLOCKIO_DESTROY_0CC5CBD8,620,556,12,45,29
opt,M_BLOCKIO_DEVICENAME_55BC3EC3,0,0,4,45,29
opt,M_BLOCKIO_OPENVOLUME_36B90798,0,0,22,45,29
opt,M_BLOCKIO_OPENVOLUME_36B90798,88,72,12,45,29
opt,M_BLOCKIO_OPENVOLUME_36B90798,400,368,6,45,29
opt,M_BLOCKIO_OPENVOLUME_36B90798,523,475,6,45,29
opt,M_BLOCKIO_OPENVOLUME_36B90798,697,633,20,45,29
opt,M_BLOCKIO_OPENVOLUME_36B90798,966,886,6,45,29
opt,M_BLOCKIO_ATTACH_A1159825,0,0,20,45,29
opt,M_BLOCKIO_ATTACH_A1159825,296,280,20,45,29
opt,M_BLOCKIO_ATTACH_A1159825,538,506,12,45,29
opt,M_BLOCKIO_ATTACH_A1159825,1090,1042,10,45,29
opt,M_BLOCKIO_ATTACH_A1159825,1249,1185,12,45,29
opt,M_BLOCKIO_DETACH_FC4FFB83,0,0,12,45,29
opt,M_BLOCKIO_DETACH_FC4FFB83,467,451,6,45,29
opt,M_BLOCKIO_DETACH_FC4FFB83,594,562,6,45,29
opt,M_BLOCKIO_DETACH_FC4FFB83,699,651,12,45,29
opt,M_BLOCKIO_INVALIDATE_E4DCC90F,0,0,4,45,29
opt,M_BLOCKIO_CACHED_7ABF0DB0,0,0,12,45,29
opt,M_BLOCKIO_PUBLISH_42B93901,0,0,12,45,29
opt,M_BLOCKIO_PREPARE_810BFFA1,0,0,12,45,29
opt,M_BLOCKIO_COMPLETE_80F6A54F,0,0,16,45,29
opt,M_BLOCKIO_CHECK_A5B41A2A,0,0,16,45,29
opt,M_BLOCKIO_CHECK_A5B41A2A,209,193,12,45,29
opt,M_BLOCKIO_CHECK_A5B41A2A,344,312,6,45,29
opt,M_BLOCKIO_CHECK_A5B41A2A,635,587,6,45,29
opt,M_BLOCKIO_CHECK_A5B41A2A,800,736,14,45,29
opt,M_BLOCKIO_CHECK_A5B41A2A,954,874,6,45,29
opt,M_BLOCKIO_BEGINFETCH_6B9D7F07,0,0,28,45,29
opt,M_BLOCKIO_BEGINFETCH_6B9D7F07,70,54,14,45,29
opt,M_BLOCKIO_BEGINFETCH_6B9D7F07,687,655,18,45,29
opt,M_BLOCKIO_FINISHFETCH_D55D2AA5,0,0,24,45,29
opt,M_BLOCKIO_FINISHFETCH_D55D2AA5,62,46,12,45,29
opt,M_BLOCKIO_FINISHFETCH_D55D2AA5,204,172,16,45,29
opt,M_BLOCKIO_FINISHFETCH_D55D2AA5,548,500,16,45,29
opt,M_BLOCKIO_FETCH_124BDACE,0,0,24,45,29
opt,M_BLOCKIO_FETCH_124BDACE,70,54,14,45,29
opt,M_BLOCKIO_FETCH_124BDACE,310,278,6,45,29
opt,M_BLOCKIO_FETCH_124BDACE,464,416,18,45,29
opt,M_BLOCKIO_READSECTOR_D918C668,0,0,26,45,29
opt,M_BLOCKIO_READSECTOR_D918C668,62,46,12,45,29
opt,M_BLOCKIO_READSECTOR_D918C668,341,309,6,45,29
opt,M_BLOCKIO_READSECTOR_D918C668,569,521,12,45,29
opt,M_BLOCKIO_READSECTOR_D918C668,700,636,6,45,29
opt,M_BLOCKIO_READSECTOR_D918C668,926,846,14,45,29
opt,M_MYDOSNAMES_LEGAL_C9AD70C6,0,0,2,45,29
opt,M_MYDOSNAMES_FOLD_297622C6,0,0,2,45,29
opt,M_MYDOSNAMES_STORED_9F1E578A,0,0,8,45,29
opt,M_MYDOSNAMES_STORED_9F1E578A,545,529,4,45,29
opt,M_MYDOSNAMES_MATCH_52630F12,0,0,10,45,29
opt,M_MYDOSNAMES_MATCH_52630F12,294,278,4,45,29
opt,M_MYDOSNAMES_MATCH_52630F12,437,405,4,45,29
opt,M_MYDOSNAMES_COMPONENT_FF2F5328,0,0,14,45,29
opt,M_MYDOSNAMES_COMPONENT_FF2F5328,570,554,4,45,29
opt,M_MYDOSNAMES_COMPONENT_FF2F5328,1123,1091,6,45,29
opt,M_FSNAMES_STREAM_12DD2A4A,0,0,4,45,29
opt,M_FSNAMES_STREAM_12DD2A4A,125,109,4,45,29
opt,M_FSNAMES_STREAM_12DD2A4A,284,252,4,45,29
opt,M_FSNAMES_STREAM_12DD2A4A,443,395,4,45,29
opt,M_FSNAMES_STREAM_12DD2A4A,633,569,4,45,29
opt,M_FSNAMES_STREAM_12DD2A4A,792,712,4,45,29
opt,M_FSNAMES_STREAM_12DD2A4A,951,855,4,45,29
opt,M_FSNAMES_STREAM_12DD2A4A,1141,1029,4,45,29
opt,M_FSNAMES_STREAM_12DD2A4A,1300,1172,4,45,29
opt,M_FSNAMES_STREAM_12DD2A4A,1459,1315,4,45,29
opt,M_FSNAMES_STREAM_12DD2A4A,1695,1535,4,45,29
opt,M_FSNAMES_STREAM_12DD2A4A,1854,1678,4,45,29
opt,M_FSNAMES_STREAM_12DD2A4A,2013,1821,4,45,29
opt,M_FSNAMES_STREAM_12DD2A4A,2172,1964,4,45,29
opt,M_FSNAMES_STREAM_12DD2A4A,2331,2107,4,45,29
opt,M_FSNAMES_STREAM_12DD2A4A,2490,2250,4,45,29
opt,M_FSNAMES_STREAM_12DD2A4A,2649,2393,4,45,29
opt,M_FSNAMES_MAPPED_324F42A3,0,0,20,45,29
opt,M_FSNAMES_MAPPED_324F42A3,723,707,12,45,29
opt,M_FSNAMES_PATH_CFBF830F,0,0,34,45,29
opt,M_FSNAMES_PATH_CFBF830F,649,633,8,45,29
opt,M_FSNAMES_PATH_CFBF830F,1008,976,4,45,29
opt,M_FSNAMES_ALIAS_A2F2B006,0,0,8,45,29
opt,M_FSNAMES_ALIAS_A2F2B006,131,115,4,45,29
opt,M_FSNAMES_ALIAS_A2F2B006,270,238,4,45,29
opt,M_FSNAMES_SAMEALIAS_76260CCC,0,0,8,45,29
opt,M_FSNAMES_SAMEALIAS_76260CCC,138,122,4,45,29
opt,M_FSNAMES_SAMEALIAS_76260CCC,281,249,4,45,29
opt,M_FSNAMES_VALIDALIAS_36EB4E14,0,0,10,45,29
opt,M_FSNAMES_VALIDALIAS_36EB4E14,202,186,10,45,29
opt,M_FSNAMES_VALIDALIAS_36EB4E14,378,346,4,45,29
opt,M_DOSSTREAMS_VALIDMODE_6A43AE29,0,0,8,45,29
opt,M_DOSSTREAMS_VALIDBUFFER_D67D80FE,0,0,12,45,29
opt,M_DOSSTREAMS_VALIDBUFFER_D67D80FE,180,164,8,45,29
opt,M_DOSSTREAMS_VALIDBUFFER_D67D80FE,499,467,12,45,29
opt,M_DOSSTREAMS_VALIDBUFFER_D67D80FE,622,574,8,45,29
opt,M_DOSSTREAMS_OPENNIL_7EDE8F17,0,0,18,45,29
opt,M_DOSSTREAMS_OPENNIL_7EDE8F17,46,30,4,45,29
opt,M_DOSSTREAMS_OPENNIL_7EDE8F17,168,136,12,45,29
opt,M_DOSSTREAMS_OPENNIL_7EDE8F17,547,499,10,45,29
opt,M_DOSSTREAMS_TRANSFERNIL_E7EA5C2C,0,0,8,45,29
opt,M_DOSSTREAMS_TRANSFERNIL_E7EA5C2C,89,73,12,45,29
opt,M_DOSSTREAMS_TRANSFERNIL_E7EA5C2C,282,250,8,45,29
opt,M_DOSSTREAMS_CLOSENIL_3520E24B,0,0,16,45,29
opt,M_DOSSTREAMS_CLOSENIL_3520E24B,46,30,4,45,29
opt,M_DOSSTREAMS_CLOSENIL_3520E24B,200,168,10,45,29
opt,M_DOSSTREAMS_CLOSENIL_3520E24B,311,263,10,45,29
opt,M_DOSSTREAMS_CLOSENIL_3520E24B,428,364,6,45,29
opt,M_DOSSTREAMS_CLOSENIL_3520E24B,531,451,12,45,29
opt,M_DOSRAW_GETREGISTRY_976423CC,0,0,4,45,29
opt,M_DOSRAW_LIVE_14427091,0,0,18,45,29
opt,M_DOSRAW_LIVE_14427091,46,30,4,45,29
opt,M_DOSRAW_INITIALIZE_D871F7B7,0,0,12,45,29
opt,M_DOSRAW_INITIALIZE_D871F7B7,101,85,6,45,29
opt,M_DOSRAW_ROLLBACK_4A7594F5,0,0,4,45,29
opt,M_DOSRAW_ROLLBACK_4A7594F5,46,30,4,45,29
opt,M_DOSRAW_ROLLBACK_4A7594F5,185,153,4,45,29
opt,M_DOSRAW_ACQUIRE_CC49A145,0,0,26,45,29
opt,M_DOSRAW_ACQUIRE_CC49A145,46,30,4,45,29
opt,M_DOSRAW_ACQUIRE_CC49A145,141,109,4,45,29
opt,M_DOSRAW_ACQUIRE_CC49A145,333,285,4,45,29
opt,M_DOSRAW_ACQUIRE_CC49A145,404,340,8,45,29
opt,M_DOSRAW_ACQUIRE_CC49A145,576,496,4,45,29
opt,M_DOSRAW_ACQUIRE_CC49A145,889,793,4,45,29
opt,M_DOSRAW_ACQUIRE_CC49A145,960,848,8,45,29
opt,M_DOSRAW_ACQUIRE_CC49A145,1248,1120,4,45,29
opt,M_DOSRAW_ACQUIRE_CC49A145,1319,1175,12,45,29
opt,M_DOSRAW_ACQUIRE_CC49A145,1494,1334,6,45,29
opt,M_DOSRAW_ACQUIRE_CC49A145,1575,1399,8,45,29
opt,M_DOSRAW_ACQUIRE_CC49A145,1725,1533,12,45,29
opt,M_DOSRAW_ACQUIRE_CC49A145,1929,1721,20,45,29
opt,M_DOSRAW_ACQUIRE_CC49A145,2110,1886,12,45,29
opt,M_DOSRAW_ACQUIRE_CC49A145,2219,1979,6,45,29
opt,M_DOSRAW_ACQUIRE_CC49A145,2315,2059,8,45,29
opt,M_DOSRAW_ACQUIRE_CC49A145,2456,2184,8,45,29
opt,M_DOSRAW_ACQUIRE_CC49A145,2618,2330,8,45,29
opt,M_DOSRAW_ACQUIRE_CC49A145,2744,2440,4,45,29
opt,M_DOSRAW_ACQUIRE_CC49A145,2900,2580,4,45,29
opt,M_DOSRAW_OPEN_5F7F2547,0,0,18,45,29
opt,M_DOSRAW_OPEN_5F7F2547,73,57,12,45,29
opt,M_DOSRAW_OPEN_5F7F2547,267,235,8,45,29
opt,M_DOSRAW_OPEN_5F7F2547,393,345,4,45,29
opt,M_DOSRAW_OPEN_5F7F2547,536,472,12,45,29
opt,M_DOSRAW_OPEN_5F7F2547,875,795,4,45,29
opt,M_DOSRAW_OPEN_5F7F2547,998,902,10,45,29
opt,M_DOSRAW_OPEN_5F7F2547,1093,981,8,45,29
opt,M_DOSRAW_VALIDEXTENT_84EF7CCB,0,0,20,45,29
opt,M_DOSRAW_VALIDEXTENT_84EF7CCB,62,46,12,45,29
opt,M_DOSRAW_VALIDEXTENT_84EF7CCB,567,535,8,45,29
opt,M_DOSRAW_VALIDEXTENT_84EF7CCB,694,646,8,45,29
opt,M_DOSRAW_RELEASEOPERATION_C2E80557,0,0,12,45,29
opt,M_DOSRAW_RELEASEOPERATION_C2E80557,46,30,4,45,29
opt,M_DOSRAW_RELEASEOPERATION_C2E80557,153,121,6,45,29
opt,M_DOSRAW_RELEASEOPERATION_C2E80557,332,284,6,45,29
opt,M_DOSRAW_RELEASEOPERATION_C2E80557,498,434,4,45,29
opt,M_DOSRAW_PREPARE_F51F1B68,0,0,18,45,29
opt,M_DOSRAW_PREPARE_F51F1B68,81,65,6,45,29
opt,M_DOSRAW_PREPARE_F51F1B68,211,179,8,45,29
opt,M_DOSRAW_PREPARE_F51F1B68,353,305,12,45,29
opt,M_DOSRAW_PREPARE_F51F1B68,676,612,8,45,29
opt,M_DOSRAW_PREPARE_F51F1B68,883,803,4,45,29
opt,M_DOSRAW_PREPARE_F51F1B68,1066,970,4,45,29
opt,M_DOSRAW_PREPARE_F51F1B68,1164,1052,8,45,29
opt,M_DOSRAW_PREPARE_F51F1B68,1414,1286,4,45,29
opt,M_DOSRAW_PREPARE_F51F1B68,1585,1441,12,45,29
opt,M_DOSRAW_PREPARE_F51F1B68,1774,1614,10,45,29
opt,M_DOSRAW_PREPARE_F51F1B68,1898,1722,8,45,29
opt,M_DOSRAW_COMPLETE_0FD428DA,0,0,30,45,29
opt,M_DOSRAW_COMPLETE_0FD428DA,181,165,6,45,29
opt,M_DOSRAW_COMPLETE_0FD428DA,1266,1234,10,45,29
opt,M_DOSRAW_COMPLETE_0FD428DA,1371,1323,8,45,29
opt,M_DOSRAW_CLOSEDEVICE_DECAF50F,0,0,8,45,29
opt,M_DOSRAW_CLOSEDEVICE_DECAF50F,94,78,6,45,29
opt,M_DOSRAW_CLOSE_4F38859D,0,0,24,45,29
opt,M_DOSRAW_CLOSE_4F38859D,54,38,6,45,29
opt,M_DOSRAW_CLOSE_4F38859D,157,125,8,45,29
opt,M_DOSRAW_CLOSE_4F38859D,287,239,4,45,29
opt,M_DOSRAW_CLOSE_4F38859D,471,407,4,45,29
opt,M_DOSRAW_CLOSE_4F38859D,670,590,4,45,29
opt,M_DOSRAW_CLOSE_4F38859D,768,672,8,45,29
opt,M_DOSRAW_CLOSE_4F38859D,975,863,4,45,29
opt,M_DOSRAW_CLOSE_4F38859D,1078,950,10,45,29
opt,M_DOSRAW_CLOSE_4F38859D,1173,1029,4,45,29
opt,M_DOSRAW_CLOSE_4F38859D,1296,1136,10,45,29
opt,M_DOSRAW_CLOSE_4F38859D,1413,1237,6,45,29
opt,M_DOSRAW_CLOSE_4F38859D,1516,1324,12,45,29
opt,M_DOSRAW_CLOSE_4F38859D,1661,1453,6,45,29
opt,M_DOSRAW_CLOSE_4F38859D,1769,1545,4,45,29
opt,M_DOSRAW_CLOSE_4F38859D,1881,1641,4,45,29
opt,M_DOSRAW_CLOSE_4F38859D,1976,1720,12,45,29
opt,M_DOSRAW_CLOSE_4F38859D,2077,1805,4,45,29
opt,M_DOSRAW_CLOSE_4F38859D,2175,1887,4,45,29
opt,M_DOSRAW_CLOSE_4F38859D,2415,2111,8,45,29
opt,M_FSREGISTRY_GETREGISTRY_3C838C00,0,0,8,45,29
opt,M_FSREGISTRY_GETREGISTRY_3C838C00,46,30,8,45,29
opt,M_FSREGISTRY_SERVICE_31663004,0,0,8,45,29
opt,M_FSREGISTRY_SERVICE_31663004,46,30,4,45,29
opt,M_FSREGISTRY_RETAIN_218C5FAC,0,0,12,45,29
opt,M_FSREGISTRY_RETAIN_218C5FAC,54,38,4,45,29
opt,M_FSREGISTRY_RETAIN_218C5FAC,215,183,4,45,29
opt,M_FSREGISTRY_RETAINBASE_94E5BA0B,0,0,18,45,29
opt,M_FSREGISTRY_RETAINBASE_94E5BA0B,46,30,4,45,29
opt,M_FSREGISTRY_RETAINBASE_94E5BA0B,161,129,4,45,29
opt,M_FSREGISTRY_RETAINBASE_94E5BA0B,471,423,4,45,29
opt,M_FSREGISTRY_RELEASE_E0E99364,0,0,10,45,29
opt,M_FSREGISTRY_RELEASE_E0E99364,46,30,4,45,29
opt,M_FSREGISTRY_RELEASE_E0E99364,163,131,4,45,29
opt,M_FSREGISTRY_LOOKUP_AD8B60C1,0,0,26,45,29
opt,M_FSREGISTRY_LOOKUP_AD8B60C1,46,30,4,45,29
opt,M_FSREGISTRY_LOOKUP_AD8B60C1,141,109,4,45,29
opt,M_FSREGISTRY_LOOKUP_AD8B60C1,702,654,12,45,29
opt,M_FSREGISTRY_LOOKUP_AD8B60C1,1030,966,4,45,29
opt,M_FSREGISTRY_FINDOBJECT_780CC443,0,0,12,45,29
opt,M_FSREGISTRY_FINDOBJECT_780CC443,70,54,10,45,29
opt,M_FSREGISTRY_FINDOBJECT_780CC443,183,151,6,45,29
opt,M_FSREGISTRY_FROMHEADER_DCD07C60,0,0,16,45,29
opt,M_FSREGISTRY_STAMP_BE264D84,0,0,16,45,29
opt,M_FSREGISTRY_STAMP_BE264D84,46,30,4,45,29
opt,M_DOSWIRE_ISPOINTER_E1AC855F,0,0,10,45,29
opt,M_FSLOCKS_TRAILER_B3BA463B,0,0,8,45,29
opt,M_FSLOCKS_TEXT_C72F70F3,0,0,8,45,29
opt,M_FSLOCKS_ALLOCATION_5B5A6C20,0,0,8,45,29
opt,M_FSLOCKS_ALLOCATION_5B5A6C20,132,116,6,45,29
opt,M_FSLOCKS_ROOT_D04E0C54,0,0,16,45,29
opt,M_FSLOCKS_ADD_DEA4C903,0,0,12,45,29
opt,M_FSLOCKS_APPEND_3EC68462,0,0,14,45,29
opt,M_FSLOCKS_APPEND_3EC68462,297,281,8,45,29
opt,M_FSLOCKS_APPEND_3EC68462,747,715,8,45,29
opt,M_FSLOCKS_APPEND_3EC68462,1071,1023,8,45,29
opt,M_FSLOCKS_APPEND_3EC68462,1548,1484,8,45,29
opt,M_FSLOCKS_ALLOCATE_39B5BEE3,0,0,26,45,29
opt,M_FSLOCKS_ALLOCATE_39B5BEE3,389,373,12,45,29
opt,M_FSLOCKS_ALLOCATE_39B5BEE3,847,815,6,45,29
opt,M_FSLOCKS_ALLOCATE_39B5BEE3,990,942,6,45,29
opt,M_FSPACKET_REPLY_F0943484,0,0,12,45,29
opt,M_FSPACKET_REPLY_F0943484,725,709,6,45,29
opt,M_FSPACKET_ERROR_61E70414,0,0,14,45,29
opt,M_FSPACKET_ERROR_61E70414,518,502,6,45,29
opt,M_FSPACKET_IDENTITY_6B3677B2,0,0,16,45,29
opt,M_FSPACKET_IDENTITY_6B3677B2,257,241,8,45,29
opt,M_FSPACKET_IDENTITY_6B3677B2,366,334,6,45,29
opt,M_FSPACKET_IDENTITY_6B3677B2,898,850,6,45,29
opt,M_FSPACKET_IDENTITY_6B3677B2,1265,1201,6,45,29
opt,M_FSPACKET_IDENTITY_6B3677B2,1659,1579,6,45,29
opt,M_FSPACKET_PUBLISHOPENSTEP_55EACFB5,0,0,18,45,29
opt,M_FSPACKET_PUBLISHOPENSTEP_55EACFB5,382,366,10,45,29
opt,M_FSPACKET_PUBLISHOPENSTEP_55EACFB5,1002,970,6,45,29
opt,M_FSPACKET_CLOSESTEP_61A48B9C,0,0,18,45,29
opt,M_FSPACKET_CLOSESTEP_61A48B9C,182,166,10,45,29
opt,M_FSPACKET_CLOSESTEP_61A48B9C,299,267,6,45,29
opt,M_FSPACKET_CLOSESTEP_61A48B9C,412,364,6,45,29
opt,M_FSPACKET_CLOSESTEP_61A48B9C,525,461,6,45,29
opt,M_FSPACKET_CLOSESTEP_61A48B9C,642,562,12,45,29
opt,M_FSPACKET_CLOSESTEP_61A48B9C,825,729,6,45,29
opt,M_FSPORTS_CREATE_D9675AD2,0,0,12,45,29
opt,M_FSPORTS_CREATE_D9675AD2,46,30,12,45,29
opt,M_FSPORTS_CREATE_D9675AD2,322,290,6,45,29
opt,M_FSPORTS_CREATE_D9675AD2,535,487,6,45,29
opt,M_FSPORTS_DELETE_FC342961,0,0,8,45,29
opt,M_FSPORTS_DELETE_FC342961,96,80,12,45,29
opt,M_MYDOS_READPHYSICAL_AF05229A,0,0,24,45,29
opt,M_MYDOS_READPHYSICAL_AF05229A,339,323,14,45,29
opt,M_MYDOS_DATASECTOR_95277D3B,0,0,12,45,29
opt,M_MYDOS_VALIDDIRECTORY_1CF8F62E,0,0,18,45,29
opt,M_MYDOS_VALIDDIRECTORY_1CF8F62E,147,131,12,45,29
opt,M_MYDOS_VALIDDIRECTORY_1CF8F62E,290,258,12,45,29
opt,M_MYDOS_EXTENT_5BCD29B5,0,0,22,45,29
opt,M_MYDOS_HEADER_A95A323A,0,0,26,45,29
opt,M_MYDOS_HEADER_A95A323A,179,163,6,45,29
opt,M_MYDOS_BEGINMOUNT_AA58F6DF,0,0,8,45,29
opt,M_MYDOS_MOUNTBUFFERED_114678B9,0,0,16,45,29
opt,M_MYDOS_MOUNTBUFFERED_114678B9,194,178,10,45,29
opt,M_MYDOS_MOUNT_2B42A118,0,0,8,45,29
opt,M_MYDOS_MOUNT_2B42A118,54,38,6,45,29
opt,M_MYDOS_MOUNT_2B42A118,196,164,10,45,29
opt,M_MYDOS_MOUNT_2B42A118,368,320,6,45,29
opt,M_MYDOS_COPYENTRY_C5D8D89C,0,0,16,45,29
opt,M_MYDOS_DECODE_69B6DF25,0,0,12,45,29
opt,M_MYDOS_LIVE_1E4E1377,0,0,14,45,29
opt,M_MYDOS_LIVE_1E4E1377,273,257,6,45,29
opt,M_MYDOS_LIVE_1E4E1377,572,540,10,45,29
opt,M_MYDOS_BUFFEREDENTRY_DC465C80,0,0,26,45,29
opt,M_MYDOS_BUFFEREDENTRY_DC465C80,662,646,12,45,29
opt,M_MYDOS_BUFFEREDENTRY_DC465C80,775,743,6,45,29
opt,M_MYDOS_BEGINENTRY_95F170F4,0,0,12,45,29
opt,M_MYDOS_BEGINENTRY_95F170F4,444,428,10,45,29
opt,M_MYDOS_GETENTRY_7D00AFBD,0,0,14,45,29
opt,M_MYDOS_GETENTRY_7D00AFBD,66,50,10,45,29
opt,M_MYDOS_GETENTRY_7D00AFBD,249,217,10,45,29
opt,M_MYDOS_GETENTRY_7D00AFBD,421,373,6,45,29
opt,M_MYDOS_SELECTMATCH_8984C9A2,0,0,14,45,29
opt,M_MYDOS_SELECTMATCH_8984C9A2,156,140,10,45,29
opt,M_MYDOS_SELECTMATCH_8984C9A2,517,485,10,45,29
opt,M_MYDOS_SELECTMATCH_8984C9A2,765,717,10,45,29
opt,M_MYDOS_CHOOSE_61B23C5E,0,0,12,45,29
opt,M_MYDOS_CHOOSE_61B23C5E,474,458,10,45,29
opt,M_MYDOS_STARTDIRECTORY_E432AEF2,0,0,8,45,29
opt,M_MYDOS_DESCEND_C497F8DD,0,0,26,45,29
opt,M_MYDOS_ROOTENTRY_E3F00029,0,0,10,45,29
opt,M_MYDOS_STARTRESOLVE_24B3B079,0,0,12,45,29
opt,M_MYDOS_STARTRESOLVE_24B3B079,1036,1020,6,45,29
opt,M_MYDOS_RESOLVECOMPONENT_8F2130C4,0,0,4,45,29
opt,M_MYDOS_RESOLVECOMPONENT_8F2130C4,54,38,6,45,29
opt,M_MYDOS_RESOLVECOMPONENT_8F2130C4,196,164,6,45,29
opt,M_MYDOS_BEGINRESOLVE_3F47247C,0,0,10,45,29
opt,M_MYDOS_BEGINRESOLVE_3F47247C,62,46,10,45,29
opt,M_MYDOS_BEGINRESOLVE_3F47247C,191,159,6,45,29
opt,M_MYDOS_RESOLVESTEP_4ADA26D9,0,0,12,45,29
opt,M_MYDOS_RESOLVESTEP_4ADA26D9,54,38,6,45,29
opt,M_MYDOS_RESOLVESTEP_4ADA26D9,232,200,6,45,29
opt,M_MYDOS_RESOLVESTEP_4ADA26D9,630,582,6,45,29
opt,M_MYDOS_RESOLVESTEP_4ADA26D9,879,815,6,45,29
opt,M_MYDOS_RESOLVESTEP_4ADA26D9,1036,956,6,45,29
opt,M_MYDOS_RESOLVE_25FA7BCB,0,0,12,45,29
opt,M_MYDOS_RESOLVE_25FA7BCB,62,46,10,45,29
opt,M_MYDOS_RESOLVE_25FA7BCB,215,183,6,45,29
opt,M_MYDOS_RESOLVE_25FA7BCB,341,293,10,45,29
opt,M_MYDOS_RESOLVE_25FA7BCB,513,449,6,45,29
opt,M_FSINIT_CONFIG_A7C873FA,0,0,22,45,29
opt,M_FSINIT_CONFIG_A7C873FA,46,30,4,45,29
opt,M_FSINIT_CONFIG_A7C873FA,589,557,6,45,29
opt,M_FSINIT_CONFIG_A7C873FA,1613,1565,20,45,29
opt,M_FSINIT_CONFIG_A7C873FA,2733,2669,10,45,29
opt,M_FSINIT_WORKSPACE_ED5E2107,0,0,12,45,29
opt,M_FSINIT_WORKSPACE_ED5E2107,54,38,12,45,29
opt,M_FSINIT_WORKSPACE_ED5E2107,312,280,12,45,29
opt,M_FSINIT_ARRIVAL_302FF83F,0,0,12,45,29
opt,M_FSINIT_ARRIVAL_302FF83F,54,38,4,45,29
opt,M_FSINIT_ARRIVAL_302FF83F,222,190,4,45,29
opt,M_FSINIT_ARRIVAL_302FF83F,508,460,4,45,29
opt,M_FSINIT_ALLOCATEMOUNT_EF481898,0,0,26,45,29
opt,M_FSINIT_ALLOCATEMOUNT_EF481898,46,30,4,45,29
opt,M_FSINIT_ALLOCATEMOUNT_EF481898,364,332,12,45,29
opt,M_FSINIT_ALLOCATEMOUNT_EF481898,1412,1364,12,45,29
opt,M_FSINIT_ALLOCATEBLOCK_5C0916F0,0,0,18,45,29
opt,M_FSINIT_ALLOCATEBLOCK_5C0916F0,88,72,12,45,29
opt,M_FSINIT_ALLOCATEBLOCK_5C0916F0,847,815,4,45,29
opt,M_FSINIT_PUBLISH_12D6516B,0,0,14,45,29
opt,M_FSINIT_PUBLISH_12D6516B,46,30,4,45,29
opt,M_FSINIT_FIRST_60F42DBA,0,0,12,45,29
opt,M_FSINIT_FIRST_60F42DBA,126,110,6,45,29
opt,M_FSINIT_ADAPTERSTEP_4F860EAF,0,0,12,45,29
opt,M_FSINIT_ADAPTERSTEP_4F860EAF,78,62,4,45,29
opt,M_FSINIT_WORKSPACESTEP_AC19D935,0,0,12,45,29
opt,M_FSINIT_WORKSPACESTEP_AC19D935,78,62,6,45,29
opt,M_FSINIT_WORKSPACESTEP_AC19D935,193,161,6,45,29
opt,M_FSINIT_MOUNTSTEP_D16E7745,0,0,12,45,29
opt,M_FSINIT_MOUNTSTEP_D16E7745,126,110,6,45,29
opt,M_FSINIT_MOUNTSTEP_D16E7745,237,205,6,45,29
opt,M_FSINIT_BLOCKSTEP_FC8F9559,0,0,12,45,29
opt,M_FSINIT_BLOCKSTEP_FC8F9559,78,62,6,45,29
opt,M_FSINIT_BLOCKSTEP_FC8F9559,189,157,6,45,29
opt,M_FSINIT_OPENEDSTEP_3B4623A1,0,0,16,45,29
opt,M_FSINIT_OPENEDSTEP_3B4623A1,195,179,6,45,29
opt,M_FSINIT_OPENEDSTEP_3B4623A1,467,435,6,45,29
opt,M_FSINIT_OPENEDSTEP_3B4623A1,656,608,6,45,29
opt,M_FSINIT_MOUNTEDSTEP_D00F6B02,0,0,16,45,29
opt,M_FSINIT_MOUNTEDSTEP_D00F6B02,195,179,6,45,29
opt,M_FSINIT_MOUNTEDSTEP_D00F6B02,347,315,6,45,29
opt,M_FSINIT_MOUNTEDSTEP_D00F6B02,536,488,6,45,29
opt,M_FSINIT_MOUNTEDSTEP_D00F6B02,706,642,4,45,29
opt,M_FSINIT_MOUNTEDSTEP_D00F6B02,830,750,4,45,29
opt,M_FSINIT_MOUNTEDSTEP_D00F6B02,983,887,6,45,29
opt,M_FSINIT_MOUNTEDSTEP_D00F6B02,1298,1186,6,45,29
opt,M_FSINIT_FAILED_4FB7E0CF,0,0,8,45,29
opt,M_FSINIT_ROLLBACKSTEP_8166A722,0,0,16,45,29
opt,M_FSINIT_ROLLBACKSTEP_8166A722,244,228,10,45,29
opt,M_FSINIT_ROLLBACKSTEP_8166A722,546,514,12,45,29
opt,M_FSINIT_DESTROYMOUNT_00D5D10B,0,0,12,45,29
opt,M_FSINIT_DESTROYMOUNT_00D5D10B,121,105,6,45,29
opt,M_FSINIT_DESTROYMOUNT_00D5D10B,329,297,6,45,29
opt,M_FSINIT_DESTROYMOUNT_00D5D10B,432,384,6,45,29
opt,M_FSINIT_DESTROYMOUNT_00D5D10B,709,645,10,45,29
opt,M_FSINIT_DESTROYMOUNT_00D5D10B,826,746,6,45,29
opt,M_FSINIT_DESTROYMOUNT_00D5D10B,955,859,12,45,29
opt,M_FSINIT_DESTROYMOUNT_00D5D10B,1090,978,6,45,29
opt,M_FSINIT_DESTROYMOUNT_00D5D10B,1269,1141,12,45,29
opt,M_FSINIT_DESTROYMOUNT_00D5D10B,1394,1250,12,45,29
opt,M_FSINIT_CLEANUP_26675F9E,0,0,14,45,29
opt,M_FSINIT_CLEANUP_26675F9E,221,205,10,45,29
opt,M_FSINIT_CLEANUP_26675F9E,381,349,6,45,29
opt,M_FSINIT_CLEANUP_26675F9E,528,480,4,45,29
opt,M_FSINIT_CLEANUP_26675F9E,699,635,12,45,29
opt,M_FSINIT_CLEANUP_26675F9E,898,818,12,45,29
opt,M_FSINIT_CLEANUP_26675F9E,1085,989,6,45,29
opt,M_FSINIT_CLEANUP_26675F9E,1188,1076,6,45,29
opt,M_FSRELATIVE_VALIDATE_0372B7FC,0,0,28,45,29
opt,M_FSRELATIVE_VALIDATE_0372B7FC,1314,1298,10,45,29
opt,M_FSRELATIVE_SEED_FD9BA1BB,0,0,20,45,29
opt,M_FSRELATIVE_SEED_FD9BA1BB,178,162,10,45,29
opt,M_FSRELATIVE_SEED_FD9BA1BB,791,759,6,45,29
opt,M_FSRELATIVE_SEED_FD9BA1BB,896,848,6,45,29
opt,M_FSRELATIVE_TRIM_C4B2DBD8,0,0,12,45,29
opt,M_FSRELATIVE_ROOT_94E4441A,0,0,12,45,29
opt,M_FSRELATIVE_ROOT_94E4441A,54,38,6,45,29
opt,M_FSRELATIVE_ROOT_94E4441A,177,145,10,45,29
opt,M_FSRELATIVE_ROOT_94E4441A,350,302,12,45,29
opt,M_FSRELATIVE_BEGIN_CB9D8F8D,0,0,30,45,29
opt,M_FSRELATIVE_BEGIN_CB9D8F8D,368,352,8,45,29
opt,M_FSRELATIVE_BEGIN_CB9D8F8D,485,453,12,45,29
opt,M_FSRELATIVE_BEGIN_CB9D8F8D,825,777,10,45,29
opt,M_FSRELATIVE_BEGIN_CB9D8F8D,1027,963,10,45,29
opt,M_FSRELATIVE_BEGIN_CB9D8F8D,1172,1092,12,45,29
opt,M_FSRELATIVE_BEGIN_CB9D8F8D,1318,1222,10,45,29
opt,M_FSRELATIVE_BEGIN_CB9D8F8D,1582,1470,12,45,29
opt,M_FSRELATIVE_BEGIN_CB9D8F8D,1818,1690,10,45,29
opt,M_FSRELATIVE_BEGIN_CB9D8F8D,1984,1840,10,45,29
opt,M_FSRELATIVE_BEGIN_CB9D8F8D,2157,1997,12,45,29
opt,M_FSRELATIVE_BEGIN_CB9D8F8D,2303,2127,10,45,29
opt,M_FSRELATIVE_BEGIN_CB9D8F8D,3092,2900,10,45,29
opt,M_FSRELATIVE_BEGIN_CB9D8F8D,3275,3067,6,45,29
opt,M_FSRELATIVE_BEGIN_CB9D8F8D,3806,3582,10,45,29
opt,M_FSRELATIVE_BEGIN_CB9D8F8D,3979,3739,12,45,29
opt,M_FSRELATIVE_PARENTRESULT_7CE6B959,0,0,16,45,29
opt,M_FSRELATIVE_PARENTRESULT_7CE6B959,149,133,12,45,29
opt,M_FSRELATIVE_PARENTRESULT_7CE6B959,313,281,6,45,29
opt,M_FSRELATIVE_PARENTRESULT_7CE6B959,464,416,12,45,29
opt,M_FSRELATIVE_PARENTRESULT_7CE6B959,773,709,12,45,29
opt,M_FSRELATIVE_PARENTRESULT_7CE6B959,1124,1044,10,45,29
opt,M_FSRELATIVE_PARENTRESULT_7CE6B959,1709,1613,12,45,29
opt,M_FSRELATIVE_PARENTRESULT_7CE6B959,1985,1873,10,45,29
opt,M_FSRELATIVE_PARENTRESULT_7CE6B959,2106,1978,6,45,29
opt,M_FSRELATIVE_PARENTRESULT_7CE6B959,2213,2069,6,45,29
opt,M_FSRELATIVE_PARENTRESULT_7CE6B959,2364,2204,12,45,29
opt,M_FSINFO_ENUMERATIONSTATE_A9C412AA,0,0,8,45,29
opt,M_FSINFO_CLEAR_E168B3AB,0,0,12,45,29
opt,M_FSINFO_NAME_B42C963D,0,0,14,45,29
opt,M_FSINFO_FILL_CDFFBE8F,0,0,12,45,29
opt,M_FSINFO_SAVE_B1E7031F,0,0,16,45,29
opt,M_FSINFO_SAVE_B1E7031F,54,38,6,45,29
opt,M_MYDOSFILE_RESTART_75C66A72,0,0,8,45,29
opt,M_MYDOSFILE_OPEN_0FD3469F,0,0,14,45,29
opt,M_MYDOSFILE_OPEN_0FD3469F,588,572,10,45,29
opt,M_MYDOSFILE_OPEN_0FD3469F,1267,1235,6,45,29
opt,M_MYDOSFILE_OPEN_0FD3469F,1415,1367,12,45,29
opt,M_MYDOSFILE_SECTORALLOWED_E72DFCC7,0,0,14,45,29
opt,M_MYDOSFILE_SECTORALLOWED_E72DFCC7,102,86,12,45,29
opt,M_MYDOSFILE_VISIT_2F7F40D0,0,0,12,45,29
opt,M_MYDOSFILE_TRAILER_58DD2DFC,0,0,24,45,29
opt,M_MYDOSFILE_LINK_86A70D17,0,0,16,45,29
opt,M_MYDOSFILE_VALIDATE_CCD11D35,0,0,12,45,29
opt,M_MYDOSFILE_VALIDATE_CCD11D35,385,369,12,45,29
opt,M_MYDOSFILE_VALIDATE_CCD11D35,522,490,6,45,29
opt,M_MYDOSFILE_VALIDATE_CCD11D35,645,597,10,45,29
opt,M_MYDOSFILE_VALIDATE_CCD11D35,782,718,10,45,29
opt,M_MYDOSFILE_VALIDATE_CCD11D35,1045,965,12,45,29
opt,M_MYDOSFILE_FAIL_8A60C23B,0,0,12,45,29
opt,M_MYDOSFILE_FINISH_E4A712C2,0,0,16,45,29
opt,M_MYDOSFILE_ADVANCE_71346BED,0,0,16,45,29
opt,M_MYDOSFILE_BEGIN_902FB340,0,0,12,45,29
opt,M_MYDOSFILE_BEGINREAD_56DCAA56,0,0,14,45,29
opt,M_MYDOSFILE_BEGINREAD_56DCAA56,54,38,6,45,29
opt,M_MYDOSFILE_BEGINREAD_56DCAA56,430,398,12,45,29
opt,M_MYDOSFILE_BEGINREAD_56DCAA56,732,684,6,45,29
opt,M_MYDOSFILE_BEGINREAD_56DCAA56,1085,1021,12,45,29
opt,M_MYDOSFILE_BEGINREAD_56DCAA56,1307,1227,12,45,29
opt,M_MYDOSFILE_BEGINREAD_56DCAA56,1438,1342,12,45,29
opt,M_MYDOSFILE_BEGINREAD_56DCAA56,1861,1749,6,45,29
opt,M_MYDOSFILE_BEGINREAD_56DCAA56,2078,1950,6,45,29
opt,M_MYDOSFILE_TARGET_3D0FAE04,0,0,16,45,29
opt,M_MYDOSFILE_TARGET_3D0FAE04,415,399,12,45,29
opt,M_MYDOSFILE_TARGET_3D0FAE04,770,738,12,45,29
opt,M_MYDOSFILE_TARGET_3D0FAE04,1298,1250,12,45,29
opt,M_MYDOSFILE_TARGET_3D0FAE04,1470,1406,6,45,29
opt,M_MYDOSFILE_TARGET_3D0FAE04,1742,1662,6,45,29
opt,M_MYDOSFILE_BEGINSEEK_007E9A86,0,0,12,45,29
opt,M_MYDOSFILE_BEGINSEEK_007E9A86,54,38,6,45,29
opt,M_MYDOSFILE_BEGINSEEK_007E9A86,326,294,12,45,29
opt,M_MYDOSFILE_BEGINSEEK_007E9A86,650,602,12,45,29
opt,M_MYDOSFILE_BEGINSEEK_007E9A86,952,888,12,45,29
opt,M_MYDOSFILE_BEGINSEEK_007E9A86,1211,1131,12,45,29
opt,M_MYDOSFILE_BEGINSEEK_007E9A86,1383,1287,6,45,29
opt,M_MYDOSFILE_LOCATE_F172D4F1,0,0,22,45,29
opt,M_MYDOSFILE_LOCATE_F172D4F1,617,601,6,45,29
opt,M_MYDOSFILE_LOCATE_F172D4F1,863,831,12,45,29
opt,M_MYDOSFILE_LOCATE_F172D4F1,1035,987,6,45,29
opt,M_MYDOSFILE_COPY_B45932A2,0,0,22,45,29
opt,M_MYDOSFILE_CONSUME_CDF927EF,0,0,20,45,29
opt,M_MYDOSFILE_CONSUME_CDF927EF,400,384,10,45,29
opt,M_MYDOSFILE_CONSUME_CDF927EF,1036,1004,6,45,29
opt,M_MYDOSFILE_CONSUME_CDF927EF,1188,1140,6,45,29
opt,M_MYDOSFILE_CONTINUEOPERATION_DDF4199B,0,0,14,45,29
opt,M_MYDOSFILE_CONTINUEOPERATION_DDF4199B,114,98,10,45,29
opt,M_MYDOSFILE_CONTINUEOPERATION_DDF4199B,287,255,12,45,29
opt,M_MYDOSFILE_CONTINUEOPERATION_DDF4199B,582,534,12,45,29
opt,M_MYDOSFILE_CONTINUEOPERATION_DDF4199B,754,690,6,45,29
opt,M_MYDOSFILE_CONTINUEOPERATION_DDF4199B,913,833,6,45,29
opt,M_MYDOSFILE_CONTINUEOPERATION_DDF4199B,1067,971,6,45,29
opt,M_MYDOSFILE_RUN_01B89F42,0,0,14,45,29
opt,M_MYDOSFILE_RUN_01B89F42,157,141,10,45,29
opt,M_MYDOSFILE_RUN_01B89F42,346,314,12,45,29
opt,M_MYDOSFILE_RUN_01B89F42,473,425,6,45,29
opt,M_FSDIRECTORY_LOCKCURSORSTEP_29BACC3E,0,0,18,45,29
opt,M_FSDIRECTORY_LOCKCURSORSTEP_29BACC3E,208,192,10,45,29
opt,M_FSDIRECTORY_SELECTSTEP_815DA095,0,0,20,45,29
opt,M_FSDIRECTORY_SELECTSTEP_815DA095,126,110,8,45,29
opt,M_FSDIRECTORY_SELECTSTEP_815DA095,243,211,12,45,29
opt,M_FSDIRECTORY_SELECTSTEP_815DA095,491,443,10,45,29
opt,M_FSDIRECTORY_SELECTSTEP_815DA095,696,632,12,45,29
opt,M_FSDIRECTORY_SELECTSTEP_815DA095,958,878,12,45,29
opt,M_FSDIRECTORY_INFOSTEP_3CC6E53D,0,0,16,45,29
opt,M_FSDIRECTORY_INFOSTEP_3CC6E53D,126,110,8,45,29
opt,M_FSDIRECTORY_INFOSTEP_3CC6E53D,243,211,12,45,29
opt,M_FSDIRECTORY_INFOSTEP_3CC6E53D,525,477,12,45,29
opt,M_FSDIRECTORY_INFOSTEP_3CC6E53D,656,592,12,45,29
opt,M_FSDIRECTORY_RESTORESTEP_8AADA789,0,0,18,45,29
opt,M_FSDIRECTORY_RESTORESTEP_8AADA789,854,838,10,45,29
opt,M_FSDIRECTORY_RESTORESTEP_8AADA789,1099,1067,12,45,29
opt,M_FSDIRECTORY_STATESTEP_73ED4FBC,0,0,18,45,29
opt,M_FSDIRECTORY_STATESTEP_73ED4FBC,116,100,6,45,29
opt,M_FSDIRECTORY_STATESTEP_73ED4FBC,785,753,12,45,29
opt,M_FSDIRECTORY_STATESTEP_73ED4FBC,970,922,12,45,29
opt,M_FSDIRECTORY_END_806A2136,0,0,12,45,29
opt,M_FSDIRECTORY_END_806A2136,126,110,10,45,29
opt,M_FSDIRECTORY_END_806A2136,231,199,12,45,29
opt,M_FSDIRECTORY_ENTRYSTEP_D4EA4ABB,0,0,16,45,29
opt,M_FSDIRECTORY_ENTRYSTEP_D4EA4ABB,180,164,10,45,29
opt,M_FSDIRECTORY_ENTRYSTEP_D4EA4ABB,357,325,12,45,29
opt,M_FSDIRECTORY_ENTRYSTEP_D4EA4ABB,523,475,6,45,29
opt,M_FSDIRECTORY_ENTRYRESULTSTEP_4C458A60,0,0,16,45,29
opt,M_FSDIRECTORY_ENTRYRESULTSTEP_4C458A60,165,149,12,45,29
opt,M_FSDIRECTORY_ENTRYRESULTSTEP_4C458A60,337,305,6,45,29
opt,M_FSDIRECTORY_ENTRYRESULTSTEP_4C458A60,500,452,12,45,29
opt,M_FSDIRECTORY_ENTRYRESULTSTEP_4C458A60,666,602,6,45,29
opt,M_FSDIRECTORY_SIZESTEP_0C182F8A,0,0,16,45,29
opt,M_FSDIRECTORY_SIZESTEP_0C182F8A,409,393,6,45,29
opt,M_FSDIRECTORY_SIZESTEP_0C182F8A,568,536,12,45,29
opt,M_FSDIRECTORY_SIZESTEP_0C182F8A,867,819,10,45,29
opt,M_FSDIRECTORY_SIZESTEP_0C182F8A,1040,976,12,45,29
opt,M_FSDIRECTORY_SIZESTARTSTEP_F40FBDAE,0,0,16,45,29
opt,M_FSDIRECTORY_SIZECONTINUESTEP_1EAFA525,0,0,16,45,29
opt,M_FSDIRECTORY_SIZECONTINUESTEP_1EAFA525,165,149,12,45,29
opt,M_FSDIRECTORY_SIZECONTINUESTEP_1EAFA525,392,360,10,45,29
opt,M_FSDIRECTORY_SIZECONTINUESTEP_1EAFA525,565,517,12,45,29
opt,M_FSDIRECTORY_SIZECONTINUESTEP_1EAFA525,866,802,6,45,29
opt,M_FSDIRECTORY_CLEARSTEP_2A4A8FB8,0,0,12,45,29
opt,M_FSDIRECTORY_CLEARSTEP_2A4A8FB8,116,100,6,45,29
opt,M_FSDIRECTORY_NAMESTEP_97C5C3EC,0,0,20,45,29
opt,M_FSDIRECTORY_NAMESTEP_97C5C3EC,227,211,12,45,29
opt,M_FSDIRECTORY_FILLSTEP_E0581636,0,0,20,45,29
opt,M_FSDIRECTORY_FILLSTEP_E0581636,223,207,14,45,29
opt,M_FSDIRECTORY_PUBLISHSTEP_CC8DC0F6,0,0,16,45,29
opt,M_FSDIRECTORY_PUBLISHSTEP_CC8DC0F6,177,161,10,45,29
opt,M_FSDIRECTORY_PUBLISHSTEP_CC8DC0F6,356,324,6,45,29
opt,M_FSIO_BEGIN_68AD59C5,0,0,18,45,29
opt,M_FSIO_BEGIN_68AD59C5,356,340,14,45,29
opt,M_FSIO_COMPLETE_3A967BA3,0,0,24,45,29
opt,M_FSIO_COMPLETE_3A967BA3,297,281,18,45,29
opt,M_FSIO_COMPLETE_3A967BA3,721,689,4,45,29
opt,M_FSIO_COMPLETE_3A967BA3,822,774,6,45,29
opt,M_FSIO_OFFLINE_B7567A31,0,0,14,45,29
opt,M_FSHANDLER_OPENRESULTSTEP_0C25E5DB,0,0,16,45,29
opt,M_FSHANDLER_OPENRESULTSTEP_0C25E5DB,335,319,12,45,29
opt,M_FSHANDLER_OPENRESULTSTEP_0C25E5DB,481,449,6,45,29
opt,M_FSHANDLER_OPENRESULTSTEP_0C25E5DB,670,622,12,45,29
opt,M_FSHANDLER_OPENRESULTSTEP_0C25E5DB,842,778,6,45,29
opt,M_FSHANDLER_OPENRESULTSTEP_0C25E5DB,1025,945,6,45,29
opt,M_FSHANDLER_OPENRESULTSTEP_0C25E5DB,1142,1046,12,45,29
opt,M_FSHANDLER_OPENRESULTSTEP_0C25E5DB,1251,1139,12,45,29
opt,M_FSHANDLER_CURSORSTEP_0CA2CA5E,0,0,16,45,29
opt,M_FSHANDLER_CURSORSTEP_0CA2CA5E,181,165,10,45,29
opt,M_FSHANDLER_CURSORSTEP_0CA2CA5E,378,346,6,45,29
opt,M_FSHANDLER_CURSORSTEP_0CA2CA5E,495,447,12,45,29
opt,M_FSHANDLER_CURSORSTEP_0CA2CA5E,652,588,12,45,29
opt,M_FSHANDLER_OPENSTEP_A7675710,0,0,18,45,29
opt,M_FSHANDLER_OPENSTEP_A7675710,126,110,8,45,29
opt,M_FSHANDLER_OPENSTEP_A7675710,295,263,8,45,29
opt,M_FSHANDLER_OPENSTEP_A7675710,412,364,12,45,29
opt,M_FSHANDLER_OPENSTEP_A7675710,658,594,12,45,29
opt,M_FSHANDLER_OPENSTEP_A7675710,789,709,12,45,29
opt,M_FSHANDLER_LOCKSTEP_E0A0D2D5,0,0,16,45,29
opt,M_FSHANDLER_LOCKSTEP_E0A0D2D5,126,110,8,45,29
opt,M_FSHANDLER_LOCKSTEP_E0A0D2D5,429,397,12,45,29
opt,M_FSHANDLER_RESOLVESTARTSTEP_40B69900,0,0,12,45,29
opt,M_FSHANDLER_RESOLVESTARTSTEP_40B69900,146,130,6,45,29
opt,M_FSHANDLER_RESOLVEREADYSTEP_BDBFDED1,0,0,16,45,29
opt,M_FSHANDLER_OPERATIONRESULT_4184CBFA,0,0,12,45,29
opt,M_FSHANDLER_OPERATIONRESULT_4184CBFA,789,773,6,45,29
opt,M_FSHANDLER_FILESELECTSTEP_BED2DD8A,0,0,20,45,29
opt,M_FSHANDLER_FILESELECTSTEP_BED2DD8A,126,110,8,45,29
opt,M_FSHANDLER_FILESELECTSTEP_BED2DD8A,243,211,12,45,29
opt,M_FSHANDLER_FILESELECTSTEP_BED2DD8A,491,443,10,45,29
opt,M_FSHANDLER_FILESELECTSTEP_BED2DD8A,696,632,12,45,29
opt,M_FSHANDLER_FILESELECTSTEP_BED2DD8A,958,878,12,45,29
opt,M_FSHANDLER_ARGUMENTSSTEP_DD745A90,0,0,16,45,29
opt,M_FSHANDLER_ARGUMENTSSTEP_DD745A90,308,292,8,45,29
opt,M_FSHANDLER_ARGUMENTSSTEP_DD745A90,425,393,12,45,29
opt,M_FSHANDLER_READSTEP_5B9B1990,0,0,12,45,29
opt,M_FSHANDLER_READSTEP_5B9B1990,104,88,6,45,29
opt,M_FSHANDLER_READSTEP_5B9B1990,215,183,8,45,29
opt,M_FSHANDLER_SEEKSTEP_90261C60,0,0,12,45,29
opt,M_FSHANDLER_SEEKSTEP_90261C60,104,88,6,45,29
opt,M_FSHANDLER_SEEKSTEP_90261C60,215,183,8,45,29
opt,M_FSHANDLER_DISPATCHSTEP_D149BF3A,0,0,20,45,29
opt,M_FSHANDLER_DISPATCHSTEP_D149BF3A,78,62,6,45,29
opt,M_FSHANDLER_MEDIASTEP_8DCF2858,0,0,20,45,29
opt,M_FSHANDLER_MEDIASTEP_8DCF2858,515,499,12,45,29
opt,M_FSHANDLER_MEDIASTEP_8DCF2858,653,621,4,45,29
opt,M_FSHANDLER_MEDIASTEP_8DCF2858,828,780,6,45,29
opt,M_FSHANDLER_MEDIASTEP_8DCF2858,965,901,12,45,29
opt,M_FSHANDLER_ACTIONSTEP_7D527A4E,0,0,16,45,29
opt,M_FSHANDLER_ACTIONSTEP_7D527A4E,1510,1494,12,45,29
opt,M_FSHANDLER_TAKESTEP_E4E18A11,0,0,22,45,29
opt,M_FSHANDLER_TAKESTEP_E4E18A11,444,428,6,45,29
opt,M_FSHANDLER_COMPONENTSTEP_389CA8B9,0,0,16,45,29
opt,M_FSHANDLER_COMPONENTSTEP_389CA8B9,104,88,6,45,29
opt,M_FSHANDLER_COMPONENTSTEP_389CA8B9,263,231,12,45,29
opt,M_FSHANDLER_RESOLVESTEP_D6E79D38,0,0,16,45,29
opt,M_FSHANDLER_RESOLVESTEP_D6E79D38,165,149,12,45,29
opt,M_FSHANDLER_RESOLVESTEP_D6E79D38,337,305,6,45,29
opt,M_FSHANDLER_RESOLVESTEP_D6E79D38,476,428,6,45,29
opt,M_FSHANDLER_RESOLVESTEP_D6E79D38,635,571,12,45,29
opt,M_FSHANDLER_RESOLVESTEP_D6E79D38,992,912,12,45,29
opt,M_FSHANDLER_FILESTEP_A93D50C2,0,0,16,45,29
opt,M_FSHANDLER_FILESTEP_A93D50C2,199,183,12,45,29
opt,M_FSHANDLER_FILESTEP_A93D50C2,352,320,6,45,29
opt,M_FSHANDLER_FILESTEP_A93D50C2,463,415,8,45,29
opt,M_FSWORKER_WORKER_2BB473B0,0,0,28,45,29
opt,M_FSWORKER_WORKER_2BB473B0,46,30,6,45,29
opt,M_FSWORKER_WORKER_2BB473B0,151,119,4,45,29
opt,M_FSWORKER_WORKER_2BB473B0,272,224,4,45,29
opt,M_FSWORKER_WORKER_2BB473B0,343,279,4,45,29
opt,M_FSWORKER_WORKER_2BB473B0,592,512,9,45,29
opt,M_FSWORKER_WORKER_2BB473B0,751,655,6,45,29
opt,M_FSWORKER_WORKER_2BB473B0,940,828,6,45,29
opt,M_FSWORKER_WORKER_2BB473B0,1084,956,6,45,29
opt,M_FSWORKER_WORKER_2BB473B0,1288,1144,10,45,29
opt,M_FSWORKER_WORKER_2BB473B0,1498,1338,8,45,29
opt,M_FSWORKER_WORKER_2BB473B0,1616,1440,10,45,29
opt,M_FSWORKER_FINISH_EC2E5E2B,0,0,12,45,29
opt,M_FSWORKER_FINISH_EC2E5E2B,114,98,6,45,29
opt,M_FSWORKER_FINISH_EC2E5E2B,219,187,12,45,29
opt,M_FSMOUNT_DISPATCH_FD59F08F,0,0,12,45,29
opt,M_FSMOUNT_DISPATCH_FD59F08F,78,62,6,45,29
opt,M_FSMOUNT_SELECTSTEP_8E807607,0,0,24,45,29
opt,M_FSMOUNT_SELECTSTEP_8E807607,78,62,4,45,29
opt,M_FSMOUNT_SELECTSTEP_8E807607,355,323,4,45,29
opt,M_FSMOUNT_SELECTSTEP_8E807607,501,453,4,45,29
opt,M_FSMOUNT_SELECTSTEP_8E807607,654,590,6,45,29
opt,M_FSMOUNT_SELECTSTEP_8E807607,1137,1057,12,45,29
opt,M_FSMOUNT_COMMANDSTEP_B1883B1A,0,0,20,45,29
opt,M_FSMOUNT_COMMANDSTEP_B1883B1A,78,62,4,45,29
opt,M_FSMOUNT_COMMANDSTEP_B1883B1A,672,640,12,45,29
opt,M_FSMOUNT_COMMANDSTEP_B1883B1A,890,842,12,45,29
opt,M_FSMOUNT_REMOVESTEP_BBB2975B,0,0,12,45,29
opt,M_FSMOUNT_REMOVESTEP_BBB2975B,136,120,12,45,29
opt,M_FSMOUNT_REMOVESTEP_BBB2975B,282,250,4,45,29
opt,M_FSMOUNT_REMOVESTEP_BBB2975B,657,609,4,45,29
opt,M_FSMOUNT_REMOVESTEP_BBB2975B,756,692,12,45,29
opt,M_FSMOUNT_DESTROYSTEP_4CF540E7,0,0,12,45,29
opt,M_FSMOUNT_DESTROYSTEP_4CF540E7,104,88,10,45,29
opt,M_FSMOUNT_DESTROYSTEP_4CF540E7,281,249,6,45,29
opt,M_FSMUX_CONTROL_16FCB25F,0,0,16,45,29
opt,M_FSMUX_CONTROL_16FCB25F,80,64,6,45,29
opt,M_FSMUX_TAKE_F08F7501,0,0,12,45,29
opt,M_FSMUX_TAKE_F08F7501,144,128,6,45,29
opt,M_FSMUX_TAKE_F08F7501,286,254,6,45,29
opt,M_FSMUX_TAKE_F08F7501,471,423,6,45,29
opt,M_FSBOOT_BEGINSERVICE_BC5D2672,0,0,16,45,29
opt,M_FSBOOT_BEGINSERVICE_BC5D2672,46,30,12,45,29
opt,M_FSBOOT_BEGINSERVICE_BC5D2672,498,466,8,45,29
opt,M_FSBOOT_BEGINSERVICE_BC5D2672,649,601,12,45,29
opt,M_FSBOOT_ENSURE_06ED6F00,0,0,10,45,29
opt,M_FSBOOT_ENSURE_06ED6F00,46,30,4,45,29
opt,M_FSBOOT_ENSURE_06ED6F00,141,109,4,45,29
opt,M_FSBOOT_ENSURE_06ED6F00,536,488,4,45,29
opt,M_FSBOOT_ENSURE_06ED6F00,627,563,6,45,29
opt,M_FSBOOT_ENSURE_06ED6F00,792,712,6,45,29
opt,M_FSBOOT_STOP_AD5246E2,0,0,28,45,29
opt,M_FSBOOT_STOP_AD5246E2,46,30,4,45,29
opt,M_FSBOOT_STOP_AD5246E2,133,101,4,45,29
opt,M_FSBOOT_STOP_AD5246E2,254,206,4,45,29
opt,M_FSBOOT_STOP_AD5246E2,453,389,4,45,29
opt,M_FSBOOT_STOP_AD5246E2,1128,1048,4,45,29
opt,M_FSBOOT_STOP_AD5246E2,1344,1248,12,45,29
opt,M_FSBOOT_STOP_AD5246E2,1489,1377,6,45,29
opt,M_FSBOOT_STOP_AD5246E2,1581,1453,4,45,29
opt,M_FSBOOT_STOP_AD5246E2,1671,1527,4,45,29
opt,M_DOSCALLS_ARGUMENTS_D4B63738,0,0,12,45,29
opt,M_DOSCALLS_NAMEARGUMENTS_4FEB00BB,0,0,12,45,29
opt,M_DOSCALLS_ACQUIRE_C423433E,0,0,46,45,29
opt,M_DOSCALLS_ACQUIRE_C423433E,90,74,4,45,29
opt,M_DOSCALLS_ACQUIRE_C423433E,256,224,4,45,29
opt,M_DOSCALLS_ACQUIRE_C423433E,393,345,6,45,29
opt,M_DOSCALLS_ACQUIRE_C423433E,611,547,6,45,29
opt,M_DOSCALLS_ACQUIRE_C423433E,934,854,4,45,29
opt,M_DOSCALLS_ACQUIRE_C423433E,1027,931,4,45,29
opt,M_DOSCALLS_ACQUIRE_C423433E,1241,1129,10,45,29
opt,M_DOSCALLS_ACQUIRE_C423433E,1594,1466,10,45,29
opt,M_DOSCALLS_ACQUIRE_C423433E,1756,1612,18,45,29
opt,M_DOSCALLS_ACQUIRE_C423433E,2235,2075,14,45,29
opt,M_DOSCALLS_ACQUIRE_C423433E,2507,2331,6,45,29
opt,M_DOSCALLS_CONFIGURED_B6EDEF76,0,0,20,45,29
opt,M_DOSCALLS_CONFIGURED_B6EDEF76,46,30,4,45,29
opt,M_DOSCALLS_CONFIGURED_B6EDEF76,448,416,12,45,29
opt,M_DOSCALLS_DESTINATION_E6EBC832,0,0,12,45,29
opt,M_DOSCALLS_DESTINATION_E6EBC832,61,45,8,45,29
opt,M_DOSCALLS_DESTINATION_E6EBC832,213,181,4,45,29
opt,M_DOSCALLS_DESTINATION_E6EBC832,300,252,6,45,29
opt,M_DOSCALLS_DESTINATION_E6EBC832,495,431,10,45,29
opt,M_DOSCALLS_DESTINATION_E6EBC832,696,616,8,45,29
opt,M_DOSCALLS_DESTINATION_E6EBC832,865,769,10,45,29
opt,M_DOSCALLS_DESTINATION_E6EBC832,980,868,8,45,29
opt,M_DOSCALLS_OPEN_390423B6,0,0,18,45,29
opt,M_DOSCALLS_OPEN_390423B6,54,38,6,45,29
opt,M_DOSCALLS_OPEN_390423B6,160,128,10,45,29
opt,M_DOSCALLS_OPEN_390423B6,338,290,8,45,29
opt,M_DOSCALLS_OPEN_390423B6,618,554,8,45,29
opt,M_DOSCALLS_OPEN_390423B6,756,676,14,45,29
opt,M_DOSCALLS_OPEN_390423B6,928,832,8,45,29
opt,M_DOSCALLS_OPEN_390423B6,1037,925,8,45,29
opt,M_DOSCALLS_OPEN_390423B6,1163,1035,4,45,29
opt,M_DOSCALLS_OPEN_390423B6,1349,1205,6,45,29
opt,M_DOSCALLS_OPEN_390423B6,1493,1333,6,45,29
opt,M_DOSCALLS_LOCK_DE185F87,0,0,16,45,29
opt,M_DOSCALLS_LOCK_DE185F87,54,38,6,45,29
opt,M_DOSCALLS_LOCK_DE185F87,160,128,10,45,29
opt,M_DOSCALLS_LOCK_DE185F87,338,290,8,45,29
opt,M_DOSCALLS_LOCK_DE185F87,598,534,8,45,29
opt,M_DOSCALLS_LOCK_DE185F87,736,656,14,45,29
opt,M_DOSCALLS_BADOBJECT_51D88018,0,0,2,45,29
opt,M_DOSCALLS_BADOBJECT_51D88018,66,50,8,45,29
opt,M_DOSCALLS_BADOBJECT_51D88018,157,125,8,45,29
opt,M_DOSCALLS_OBJECT_E89E37D3,0,0,16,45,29
opt,M_DOSCALLS_OBJECT_E89E37D3,46,30,4,45,29
opt,M_DOSCALLS_OBJECT_E89E37D3,149,117,10,45,29
opt,M_DOSCALLS_OBJECT_E89E37D3,468,420,4,45,29
opt,M_DOSCALLS_FILE_E8D1DABC,0,0,16,45,29
opt,M_DOSCALLS_FILE_E8D1DABC,54,38,6,45,29
opt,M_DOSCALLS_FILE_E8D1DABC,210,178,4,45,29
opt,M_DOSCALLS_FILE_E8D1DABC,364,316,6,45,29
opt,M_DOSCALLS_FILE_E8D1DABC,467,403,8,45,29
opt,M_DOSCALLS_FILE_E8D1DABC,635,555,10,45,29
opt,M_DOSCALLS_READ_BEE8BE36,0,0,42,45,29
opt,M_DOSCALLS_READ_BEE8BE36,46,30,4,45,29
opt,M_DOSCALLS_READ_BEE8BE36,216,184,8,45,29
opt,M_DOSCALLS_READ_BEE8BE36,457,409,14,45,29
opt,M_DOSCALLS_READ_BEE8BE36,719,655,18,45,29
opt,M_DOSCALLS_READ_BEE8BE36,1028,948,4,45,29
opt,M_DOSCALLS_READ_BEE8BE36,1354,1258,6,45,29
opt,M_DOSCALLS_READ_BEE8BE36,1459,1347,6,45,29
opt,M_DOSCALLS_READ_BEE8BE36,1589,1461,12,45,29
opt,M_DOSCALLS_READ_BEE8BE36,1770,1626,10,45,29
opt,M_DOSCALLS_READ_BEE8BE36,2148,1988,14,45,29
opt,M_DOSCALLS_READ_BEE8BE36,2294,2118,6,45,29
opt,M_DOSCALLS_WRITE_8E98A1A7,0,0,32,45,29
opt,M_DOSCALLS_WRITE_8E98A1A7,46,30,4,45,29
opt,M_DOSCALLS_WRITE_8E98A1A7,216,184,8,45,29
opt,M_DOSCALLS_WRITE_8E98A1A7,457,409,14,45,29
opt,M_DOSCALLS_WRITE_8E98A1A7,719,655,18,45,29
opt,M_DOSCALLS_WRITE_8E98A1A7,1028,948,4,45,29
opt,M_DOSCALLS_WRITE_8E98A1A7,1354,1258,6,45,29
opt,M_DOSCALLS_WRITE_8E98A1A7,1459,1347,6,45,29
opt,M_DOSCALLS_WRITE_8E98A1A7,1589,1461,12,45,29
opt,M_DOSCALLS_WRITE_8E98A1A7,1762,1618,6,45,29
opt,M_DOSCALLS_WRITE_8E98A1A7,1883,1723,4,45,29
opt,M_DOSCALLS_WRITE_8E98A1A7,2015,1839,12,45,29
opt,M_DOSCALLS_WRITE_8E98A1A7,2315,2123,8,45,29
opt,M_DOSCALLS_WRITE_8E98A1A7,2445,2237,8,45,29
opt,M_DOSCALLS_SEEK_17FC33E6,0,0,30,45,29
opt,M_DOSCALLS_SEEK_17FC33E6,46,30,4,45,29
opt,M_DOSCALLS_SEEK_17FC33E6,216,184,8,45,29
opt,M_DOSCALLS_SEEK_17FC33E6,457,409,6,45,29
opt,M_DOSCALLS_SEEK_17FC33E6,560,496,8,45,29
opt,M_DOSCALLS_SEEK_17FC33E6,729,649,8,45,29
opt,M_DOSCALLS_SEEK_17FC33E6,875,779,10,45,29
opt,M_DOSCALLS_SEEK_17FC33E6,1221,1109,14,45,29
opt,M_DOSCALLS_SEEK_17FC33E6,1367,1239,6,45,29
opt,M_DOSCALLS_CLOSE_97169B3A,0,0,30,45,29
opt,M_DOSCALLS_CLOSE_97169B3A,46,30,4,45,29
opt,M_DOSCALLS_CLOSE_97169B3A,216,184,8,45,29
opt,M_DOSCALLS_CLOSE_97169B3A,449,401,10,45,29
opt,M_DOSCALLS_CLOSE_97169B3A,677,613,10,45,29
opt,M_DOSCALLS_CLOSE_97169B3A,850,770,10,45,29
opt,M_DOSCALLS_CLOSE_97169B3A,1094,998,10,45,29
opt,M_DOSCALLS_CLOSE_97169B3A,1231,1119,14,45,29
opt,M_DOSCALLS_CLOSE_97169B3A,1377,1249,6,45,29
opt,M_DOSCALLS_UNLOCK_2871018C,0,0,24,45,29
opt,M_DOSCALLS_UNLOCK_2871018C,85,69,4,45,29
opt,M_DOSCALLS_UNLOCK_2871018C,219,187,8,45,29
opt,M_DOSCALLS_UNLOCK_2871018C,431,383,8,45,29
opt,M_DOSCALLS_UNLOCK_2871018C,541,477,10,45,29
opt,M_DOSCALLS_UNLOCK_2871018C,775,695,14,45,29
opt,M_DOSCALLS_UNLOCK_2871018C,913,817,6,45,29
opt,M_DOSCALLS_INFORMATION_13F25DEC,0,0,34,45,29
opt,M_DOSCALLS_INFORMATION_13F25DEC,46,30,4,45,29
opt,M_DOSCALLS_INFORMATION_13F25DEC,216,184,8,45,29
opt,M_DOSCALLS_INFORMATION_13F25DEC,410,362,10,45,29
opt,M_DOSCALLS_INFORMATION_13F25DEC,758,694,14,45,29
opt,M_DOSCALLS_INFORMATION_13F25DEC,904,824,6,45,29
opt,M_DOSCALLS_SELECTED_604EA3D9,0,0,12,45,29
opt,M_DOSCALLS_SELECTED_604EA3D9,46,30,4,45,29
opt,M_DOSCALLS_SELECTIONREADY_28C831A1,0,0,12,45,29
opt,M_DOSCALLS_LIVESELECTION_2BE04852,0,0,12,45,29
opt,M_DOSCALLS_LIVESELECTION_2BE04852,54,38,8,45,29
opt,M_DOSCALLS_LIVESELECTION_2BE04852,283,251,6,45,29
opt,M_DOSCALLS_LIVESELECTION_2BE04852,386,338,4,45,29
opt,M_DOSCALLS_LIVESELECTION_2BE04852,537,473,6,45,29
opt,M_DOSCALLS_LIVESELECTION_2BE04852,658,578,4,45,29
opt,M_DOSCALLS_SELECT_1EDDE386,0,0,18,45,29
opt,M_DOSCALLS_SELECT_1EDDE386,46,30,4,45,29
opt,M_DOSCALLS_SELECT_1EDDE386,141,109,6,45,29
opt,M_DOSCALLS_SELECT_1EDDE386,317,269,6,45,29
opt,M_DOSCALLS_DIRECTORY_C8028D6B,0,0,18,45,29
opt,M_DOSCALLS_DIRECTORY_C8028D6B,54,38,6,45,29
opt,M_DOSCALLS_DIRECTORY_C8028D6B,548,516,10,45,29
opt,M_DOSCALLS_CURRENTDIR_1AA7335E,0,0,24,45,29
opt,M_DOSCALLS_CURRENTDIR_1AA7335E,46,30,4,45,29
opt,M_DOSCALLS_CURRENTDIR_1AA7335E,141,109,6,45,29
opt,M_DOSCALLS_CURRENTDIR_1AA7335E,317,269,8,45,29
opt,M_DOSCALLS_CURRENTDIR_1AA7335E,499,435,6,45,29
opt,M_DOSCALLS_CURRENTDIR_1AA7335E,628,548,4,45,29
opt,M_DOSCALLS_NAMEFROMLOCK_92457C4A,0,0,28,45,29
opt,M_DOSCALLS_NAMEFROMLOCK_92457C4A,46,30,4,45,29
opt,M_DOSCALLS_NAMEFROMLOCK_92457C4A,141,109,6,45,29
opt,M_DOSCALLS_NAMEFROMLOCK_92457C4A,295,247,8,45,29
opt,M_DOSCALLS_NAMEFROMLOCK_92457C4A,481,417,6,45,29
opt,M_DOSCALLS_NAMEFROMLOCK_92457C4A,610,530,4,45,29
opt,M_DOSCALLS_NAMEFROMLOCK_92457C4A,987,891,12,45,29
opt,M_DOSCALLS_NAMEFROMLOCK_92457C4A,1209,1097,6,45,29
opt,M_DOSCALLS_NAMEFROMLOCK_92457C4A,1314,1186,6,45,29
opt,M_DOSCALLS_ISINTERACTIVE_18CACEEA,0,0,12,45,29
opt,M_DOSCALLS_ISINTERACTIVE_18CACEEA,46,30,4,45,29
opt,M_DOSCALLS_ISINTERACTIVE_18CACEEA,141,109,6,45,29
opt,M_DOSCALLS_ISINTERACTIVE_18CACEEA,295,247,6,45,29
opt,M_DOS_OPEN_87DAE823,0,0,12,45,29
opt,M_DOS_OPEN_87DAE823,62,46,12,45,29
opt,M_DOS_READ_BCD2228F,0,0,16,45,29
opt,M_DOS_READ_BCD2228F,86,70,14,45,29
opt,M_DOS_WRITE_BE4FDE64,0,0,16,45,29
opt,M_DOS_WRITE_BE4FDE64,86,70,14,45,29
opt,M_DOS_SEEK_DE9F46FB,0,0,16,45,29
opt,M_DOS_SEEK_DE9F46FB,86,70,16,45,29
opt,M_DOS_CLOSE_4C224801,0,0,8,45,29
opt,M_DOS_CLOSE_4C224801,70,54,6,45,29
opt,M_DOS_IOERR_E649FF90,0,0,6,45,29
opt,M_DOS_IOERR_E649FF90,46,30,4,45,29
opt,M_DOS_RELEASECONTEXT_9DB9F883,0,0,6,45,29
opt,M_DOS_RELEASECONTEXT_9DB9F883,46,30,4,45,29
opt,M_DOS_LOCK_4DEC517E,0,0,12,45,29
opt,M_DOS_LOCK_4DEC517E,62,46,12,45,29
opt,M_DOS_UNLOCK_74209499,0,0,8,45,29
opt,M_DOS_UNLOCK_74209499,70,54,6,45,29
opt,M_DOS_EXAMINE_1F15C1B0,0,0,12,45,29
opt,M_DOS_EXAMINE_1F15C1B0,94,78,14,45,29
opt,M_DOS_EXNEXT_623C7B53,0,0,12,45,29
opt,M_DOS_EXNEXT_623C7B53,94,78,14,45,29
opt,M_DOS_INPUT_41B1DDE9,0,0,8,45,29
opt,M_DOS_INPUT_41B1DDE9,46,30,4,45,29
opt,M_DOS_OUTPUT_DF7018DC,0,0,8,45,29
opt,M_DOS_OUTPUT_DF7018DC,46,30,4,45,29
opt,M_DOS_SELECTINPUT_FF0F4771,0,0,8,45,29
opt,M_DOS_SELECTINPUT_FF0F4771,70,54,8,45,29
opt,M_DOS_SELECTOUTPUT_3A928904,0,0,8,45,29
opt,M_DOS_SELECTOUTPUT_3A928904,70,54,8,45,29
opt,M_DOS_ISINTERACTIVE_FD05AE49,0,0,8,45,29
opt,M_DOS_ISINTERACTIVE_FD05AE49,70,54,6,45,29
opt,M_DOS_CURRENTDIR_764577CB,0,0,8,45,29
opt,M_DOS_CURRENTDIR_764577CB,70,54,6,45,29
opt,M_DOS_NAMEFROMLOCK_8794AD67,0,0,16,45,29
opt,M_DOS_NAMEFROMLOCK_8794AD67,86,70,14,45,29
opt,M_TASKINSPECT_SNAPSHOT_72A67CF0,0,0,26,45,29
opt,M_TASKINSPECT_SNAPSHOT_72A67CF0,109,93,4,45,29
opt,M_TASKINSPECT_SNAPSHOT_72A67CF0,1524,1492,4,45,29
opt,M_DEVICEINSPECT_SNAPSHOT_EBB6295F,0,0,18,45,29
opt,M_DEVICEINSPECT_SNAPSHOT_EBB6295F,121,105,4,45,29
opt,M_DEVICEINSPECT_SNAPSHOT_EBB6295F,625,593,8,45,29
opt,M_DEVICEINSPECT_SNAPSHOT_EBB6295F,797,749,4,45,29
opt,M_DEVICEINSPECT_SNAPSHOT_EBB6295F,972,908,4,45,29
opt,M_FSINSPECT_SNAPSHOT_873CF8A6,0,0,26,45,29
opt,M_FSINSPECT_SNAPSHOT_873CF8A6,109,93,4,45,29
opt,M_FSINSPECT_SNAPSHOT_873CF8A6,204,172,4,45,29
opt,M_FSINSPECT_SNAPSHOT_873CF8A6,1550,1502,4,45,29
opt,M_SHELLAPP_SHELLLINE_DC60634C,0,0,8,45,29
opt,M_SHELLAPP_SHELLDRAWBUFFER_B9163ABE,0,0,8,45,29
opt,M_SHELLAPP_SHELLSCRATCH_1695768C,0,0,8,45,29
opt,M_SHELLAPP_SHELLTRANSFER_C9C879BF,0,0,8,45,29
opt,M_SHELLAPP_SHELLFAIL_9D17A97C,0,0,8,45,29
opt,M_SHELLAPP_SHELLLENGTH_56CE75A6,0,0,8,45,29
opt,M_SHELLAPP_SHELLEQUAL_EF077ADE,0,0,10,45,29
opt,M_SHELLAPP_SHELLWRITE_F4A8AD7D,0,0,26,45,29
opt,M_SHELLAPP_SHELLWRITE_F4A8AD7D,495,479,14,45,29
opt,M_SHELLAPP_SHELLWRITE_F4A8AD7D,633,601,4,45,29
opt,M_SHELLAPP_SHELLWRITE_F4A8AD7D,1123,1075,12,45,29
opt,M_SHELLAPP_SHELLWRITE_F4A8AD7D,1238,1174,12,45,29
opt,M_SHELLAPP_SHELLBYTE_1EE28596,0,0,12,45,29
opt,M_SHELLAPP_SHELLBYTE_1EE28596,46,30,4,45,29
opt,M_SHELLAPP_SHELLBYTE_1EE28596,219,187,12,45,29
opt,M_SHELLAPP_SHELLTEXT_7D109071,0,0,12,45,29
opt,M_SHELLAPP_SHELLTEXT_7D109071,62,46,6,45,29
opt,M_SHELLAPP_SHELLTEXT_7D109071,152,120,12,45,29
opt,M_SHELLAPP_SHELLPASCAL_09C83940,0,0,12,45,29
opt,M_SHELLAPP_SHELLPASCAL_09C83940,169,153,12,45,29
opt,M_SHELLAPP_SHELLNUMBER_7C65BFBB,0,0,32,45,29
opt,M_SHELLAPP_SHELLNUMBER_7C65BFBB,46,30,4,45,29
opt,M_SHELLAPP_SHELLNUMBER_7C65BFBB,1377,1345,12,45,29
opt,M_SHELLAPP_SHELLDIAGNOSTIC_F84A4C35,0,0,12,45,29
opt,M_SHELLAPP_SHELLDIAGNOSTIC_F84A4C35,276,260,10,45,29
opt,M_SHELLAPP_SHELLDIAGNOSTIC_F84A4C35,451,419,12,45,29
opt,M_SHELLAPP_SHELLDIAGNOSTIC_F84A4C35,594,546,8,45,29
opt,M_SHELLAPP_SHELLREDRAW_2EDE4915,0,0,20,45,29
opt,M_SHELLAPP_SHELLREDRAW_2EDE4915,46,30,4,45,29
opt,M_SHELLAPP_SHELLREDRAW_2EDE4915,133,101,4,45,29
opt,M_SHELLAPP_SHELLREDRAW_2EDE4915,1371,1323,12,45,29
opt,M_SHELLAPP_SHELLCLEAR_52BB640F,0,0,8,45,29
opt,M_SHELLAPP_SHELLCLEAR_52BB640F,46,30,4,45,29
opt,M_SHELLAPP_SHELLPARSE_A4976CAB,0,0,26,45,29
opt,M_SHELLAPP_SHELLPARSE_A4976CAB,46,30,4,45,29
opt,M_SHELLAPP_SHELLPARSE_A4976CAB,3125,3093,10,45,29
opt,M_SHELLAPP_SHELLPARSE_A4976CAB,3309,3261,10,45,29
opt,M_SHELLAPP_SHELLPARSE_A4976CAB,3493,3429,10,45,29
opt,M_SHELLAPP_SHELLPARSE_A4976CAB,3677,3597,10,45,29
opt,M_SHELLAPP_SHELLPARSE_A4976CAB,3861,3765,10,45,29
opt,M_SHELLAPP_SHELLPARSE_A4976CAB,4045,3933,10,45,29
opt,M_SHELLAPP_SHELLPARSE_A4976CAB,4229,4101,10,45,29
opt,M_SHELLAPP_SHELLPARSE_A4976CAB,4413,4269,10,45,29
opt,M_SHELLAPP_SHELLPARSE_A4976CAB,4597,4437,10,45,29
opt,M_SHELLAPP_SHELLPARSE_A4976CAB,4781,4605,10,45,29
opt,M_SHELLAPP_SHELLPARSE_A4976CAB,4965,4773,10,45,29
opt,M_SHELLAPP_SHELLPARSE_A4976CAB,5164,4956,12,45,29
opt,M_SHELLAPP_SHELLCHANGE_E2B81D98,0,0,20,45,29
opt,M_SHELLAPP_SHELLCHANGE_E2B81D98,54,38,12,45,29
opt,M_SHELLAPP_SHELLCHANGE_E2B81D98,179,147,4,45,29
opt,M_SHELLAPP_SHELLCHANGE_E2B81D98,317,269,12,45,29
opt,M_SHELLAPP_SHELLCHANGE_E2B81D98,485,421,6,45,29
opt,M_SHELLAPP_SHELLCHANGE_E2B81D98,590,510,4,45,29
opt,M_SHELLAPP_SHELLCHANGE_E2B81D98,822,726,12,45,29
opt,M_SHELLAPP_SHELLCHANGE_E2B81D98,967,855,6,45,29
opt,M_SHELLAPP_SHELLCHANGE_E2B81D98,1064,936,4,45,29
opt,M_SHELLAPP_SHELLCHANGE_E2B81D98,1280,1136,4,45,29
opt,M_SHELLAPP_SHELLCHANGE_E2B81D98,1370,1210,12,45,29
opt,M_SHELLAPP_SHELLCHANGE_E2B81D98,1626,1450,6,45,29
opt,M_SHELLAPP_SHELLCHANGE_E2B81D98,1707,1515,4,45,29
opt,M_SHELLAPP_SHELLCHANGE_E2B81D98,1923,1715,4,45,29
opt,M_SHELLAPP_SHELLCHANGE_E2B81D98,2013,1789,12,45,29
opt,M_SHELLAPP_SHELLRELEASELOCK_7049A622,0,0,8,45,29
opt,M_SHELLAPP_SHELLRELEASELOCK_7049A622,88,72,6,45,29
opt,M_SHELLAPP_SHELLRELEASELOCK_7049A622,185,153,4,45,29
opt,M_SHELLAPP_SHELLRELEASELOCK_7049A622,401,353,4,45,29
opt,M_SHELLAPP_SHELLRELEASELOCK_7049A622,491,427,12,45,29
opt,M_SHELLAPP_SHELLRELEASELOCK_7049A622,643,563,6,45,29
opt,M_SHELLAPP_SHELLRELEASELOCK_7049A622,724,628,4,45,29
opt,M_SHELLAPP_SHELLRELEASELOCK_7049A622,940,828,4,45,29
opt,M_SHELLAPP_SHELLRELEASELOCK_7049A622,1030,902,12,45,29
opt,M_SHELLAPP_SHELLDIR_EB67AED9,0,0,20,45,29
opt,M_SHELLAPP_SHELLDIR_EB67AED9,300,284,12,45,29
opt,M_SHELLAPP_SHELLDIR_EB67AED9,509,477,4,45,29
opt,M_SHELLAPP_SHELLDIR_EB67AED9,599,551,12,45,29
opt,M_SHELLAPP_SHELLDIR_EB67AED9,709,645,4,45,29
opt,M_SHELLAPP_SHELLDIR_EB67AED9,854,774,10,45,29
opt,M_SHELLAPP_SHELLDIR_EB67AED9,968,872,4,45,29
opt,M_SHELLAPP_SHELLDIR_EB67AED9,1200,1088,12,45,29
opt,M_SHELLAPP_SHELLDIR_EB67AED9,1455,1327,12,45,29
opt,M_SHELLAPP_SHELLDIR_EB67AED9,1604,1460,10,45,29
opt,M_SHELLAPP_SHELLDIR_EB67AED9,1718,1558,4,45,29
opt,M_SHELLAPP_SHELLDIR_EB67AED9,2084,1908,12,45,29
opt,M_SHELLAPP_SHELLDIR_EB67AED9,2191,1999,4,45,29
opt,M_SHELLAPP_SHELLDIR_EB67AED9,2325,2117,10,45,29
opt,M_SHELLAPP_SHELLDIR_EB67AED9,2568,2344,4,45,29
opt,M_SHELLAPP_SHELLDIR_EB67AED9,2655,2415,8,45,29
opt,M_SHELLAPP_SHELLDIR_EB67AED9,2746,2490,4,45,29
opt,M_SHELLAPP_SHELLDIR_EB67AED9,2833,2561,8,45,29
opt,M_SHELLAPP_SHELLDIR_EB67AED9,2920,2632,4,45,29
opt,M_SHELLAPP_SHELLDIR_EB67AED9,3029,2725,12,45,29
opt,M_SHELLAPP_SHELLDIR_EB67AED9,3130,2810,4,45,29
opt,M_SHELLAPP_SHELLDIR_EB67AED9,3217,2881,8,45,29
opt,M_SHELLAPP_SHELLDIR_EB67AED9,3476,3124,4,45,29
opt,M_SHELLAPP_SHELLCONVERT_8185A927,0,0,14,45,29
opt,M_SHELLAPP_SHELLCONVERT_8185A927,46,30,4,45,29
opt,M_SHELLAPP_SHELLCLOSECOMMANDINPUT_5DFC114D,0,0,8,45,29
opt,M_SHELLAPP_SHELLCLOSECOMMANDINPUT_5DFC114D,148,132,6,45,29
opt,M_SHELLAPP_SHELLCLOSECOMMANDINPUT_5DFC114D,374,342,4,45,29
opt,M_SHELLAPP_SHELLCLOSECOMMANDINPUT_5DFC114D,464,416,12,45,29
opt,M_SHELLAPP_SHELLTYPE_D64CE23C,0,0,30,45,29
opt,M_SHELLAPP_SHELLTYPE_D64CE23C,244,228,12,45,29
opt,M_SHELLAPP_SHELLTYPE_D64CE23C,461,429,4,45,29
opt,M_SHELLAPP_SHELLTYPE_D64CE23C,600,552,4,45,29
opt,M_SHELLAPP_SHELLTYPE_D64CE23C,852,788,12,45,29
opt,M_SHELLAPP_SHELLTYPE_D64CE23C,1009,929,6,45,29
opt,M_SHELLAPP_SHELLTYPE_D64CE23C,1117,1021,4,45,29
opt,M_SHELLAPP_SHELLTYPE_D64CE23C,1349,1237,12,45,29
opt,M_SHELLAPP_SHELLTYPE_D64CE23C,1593,1465,12,45,29
opt,M_SHELLAPP_SHELLTYPE_D64CE23C,1703,1559,4,45,29
opt,M_SHELLAPP_SHELLTYPE_D64CE23C,1790,1630,14,45,29
opt,M_SHELLAPP_SHELLTYPE_D64CE23C,1920,1744,4,45,29
opt,M_SHELLAPP_SHELLTYPE_D64CE23C,2152,1960,12,45,29
opt,M_SHELLAPP_SHELLTYPE_D64CE23C,2515,2307,12,45,29
opt,M_SHELLAPP_SHELLTYPE_D64CE23C,2634,2410,6,45,29
opt,M_SHELLAPP_SHELLTYPE_D64CE23C,2726,2486,4,45,29
opt,M_SHELLAPP_SHELLTYPE_D64CE23C,2813,2557,4,45,29
opt,M_SHELLAPP_SHELLTYPE_D64CE23C,2904,2632,12,45,29
opt,M_SHELLAPP_SHELLTYPE_D64CE23C,3179,2891,4,45,29
opt,M_SHELLAPP_SHELLMEM_399A3E7B,0,0,12,45,29
opt,M_SHELLAPP_SHELLMEM_399A3E7B,46,30,4,45,29
opt,M_SHELLAPP_SHELLMEM_399A3E7B,161,129,10,45,29
opt,M_SHELLAPP_SHELLMEM_399A3E7B,256,208,4,45,29
opt,M_SHELLAPP_SHELLMEM_399A3E7B,343,279,8,45,29
opt,M_SHELLAPP_SHELLMEM_399A3E7B,469,389,12,45,29
opt,M_SHELLAPP_SHELLMEM_399A3E7B,570,474,4,45,29
opt,M_SHELLAPP_SHELLMEM_399A3E7B,657,545,8,45,29
opt,M_SHELLAPP_SHELLMEM_399A3E7B,744,616,4,45,29
opt,M_SHELLAPP_SHELLMEM_399A3E7B,859,715,10,45,29
opt,M_SHELLAPP_SHELLMEM_399A3E7B,954,794,4,45,29
opt,M_SHELLAPP_SHELLMEM_399A3E7B,1041,865,8,45,29
opt,M_SHELLAPP_SHELLMEM_399A3E7B,1167,975,12,45,29
opt,M_SHELLAPP_SHELLMEM_399A3E7B,1268,1060,4,45,29
opt,M_SHELLAPP_SHELLMEM_399A3E7B,1355,1131,8,45,29
opt,M_SHELLAPP_SHELLMEM_399A3E7B,1442,1202,4,45,29
opt,M_SHELLAPP_SHELLMEM_399A3E7B,1557,1301,10,45,29
opt,M_SHELLAPP_SHELLMEM_399A3E7B,1652,1380,4,45,29
opt,M_SHELLAPP_SHELLMEM_399A3E7B,1739,1451,8,45,29
opt,M_SHELLAPP_SHELLMEM_399A3E7B,1865,1561,12,45,29
opt,M_SHELLAPP_SHELLMEM_399A3E7B,1966,1646,4,45,29
opt,M_SHELLAPP_SHELLMEM_399A3E7B,2053,1717,8,45,29
opt,M_SHELLAPP_SHELLMEM_399A3E7B,2140,1788,4,45,29
opt,M_SHELLAPP_SHELLMEM_399A3E7B,2255,1887,10,45,29
opt,M_SHELLAPP_SHELLMEM_399A3E7B,2350,1966,4,45,29
opt,M_SHELLAPP_SHELLMEM_399A3E7B,2437,2037,8,45,29
opt,M_SHELLAPP_SHELLMEM_399A3E7B,2563,2147,12,45,29
opt,M_SHELLAPP_SHELLMEM_399A3E7B,2664,2232,4,45,29
opt,M_SHELLAPP_SHELLMEM_399A3E7B,2751,2303,8,45,29
opt,M_SHELLAPP_SHELLTASKSTATE_6E5D5B16,0,0,12,45,29
opt,M_SHELLAPP_SHELLTASKSTATE_6E5D5B16,334,318,10,45,29
opt,M_SHELLAPP_SHELLTASKS_1B8DD8E2,0,0,18,45,29
opt,M_SHELLAPP_SHELLTASKS_1B8DD8E2,46,30,4,45,29
opt,M_SHELLAPP_SHELLTASKS_1B8DD8E2,149,117,10,45,29
opt,M_SHELLAPP_SHELLTASKS_1B8DD8E2,287,239,10,45,29
opt,M_SHELLAPP_SHELLTASKS_1B8DD8E2,390,326,8,45,29
opt,M_SHELLAPP_SHELLTASKS_1B8DD8E2,654,574,12,45,29
opt,M_SHELLAPP_SHELLTASKS_1B8DD8E2,889,793,8,45,29
opt,M_SHELLAPP_SHELLTASKS_1B8DD8E2,984,872,8,45,29
opt,M_SHELLAPP_SHELLTASKS_1B8DD8E2,1079,951,8,45,29
opt,M_SHELLAPP_SHELLTASKS_1B8DD8E2,1174,1030,8,45,29
opt,M_SHELLAPP_SHELLTASKS_1B8DD8E2,1383,1223,8,45,29
opt,M_SHELLAPP_SHELLTASKS_1B8DD8E2,1478,1302,8,45,29
opt,M_SHELLAPP_SHELLTASKS_1B8DD8E2,1811,1619,10,45,29
opt,M_SHELLAPP_SHELLTASKS_1B8DD8E2,2060,1852,10,45,29
opt,M_SHELLAPP_SHELLTASKS_1B8DD8E2,2163,1939,8,45,29
opt,M_SHELLAPP_SHELLDEVICES_E5FACF4D,0,0,22,45,29
opt,M_SHELLAPP_SHELLDEVICES_E5FACF4D,46,30,4,45,29
opt,M_SHELLAPP_SHELLDEVICES_E5FACF4D,149,117,10,45,29
opt,M_SHELLAPP_SHELLDEVICES_E5FACF4D,287,239,10,45,29
opt,M_SHELLAPP_SHELLDEVICES_E5FACF4D,390,326,8,45,29
opt,M_SHELLAPP_SHELLDEVICES_E5FACF4D,626,546,10,45,29
opt,M_SHELLAPP_SHELLDEVICES_E5FACF4D,761,665,10,45,29
opt,M_SHELLAPP_SHELLDEVICES_E5FACF4D,1564,1452,10,45,29
opt,M_SHELLAPP_SHELLDEVICES_E5FACF4D,1667,1539,8,45,29
opt,M_SHELLAPP_SHELLMOUNTS_13BE84C6,0,0,18,45,29
opt,M_SHELLAPP_SHELLMOUNTS_13BE84C6,46,30,4,45,29
opt,M_SHELLAPP_SHELLMOUNTS_13BE84C6,149,117,10,45,29
opt,M_SHELLAPP_SHELLMOUNTS_13BE84C6,287,239,10,45,29
opt,M_SHELLAPP_SHELLMOUNTS_13BE84C6,390,326,8,45,29
opt,M_SHELLAPP_SHELLMOUNTS_13BE84C6,526,446,10,45,29
opt,M_SHELLAPP_SHELLMOUNTS_13BE84C6,629,533,8,45,29
opt,M_SHELLAPP_SHELLMOUNTS_13BE84C6,864,752,10,45,29
opt,M_SHELLAPP_SHELLMOUNTS_13BE84C6,967,839,8,45,29
opt,M_SHELLAPP_SHELLMOUNTS_13BE84C6,1164,1020,6,45,29
opt,M_SHELLAPP_SHELLMOUNTS_13BE84C6,1287,1127,8,45,29
opt,M_SHELLAPP_SHELLMOUNTS_13BE84C6,1398,1222,8,45,29
opt,M_SHELLAPP_SHELLMOUNTS_13BE84C6,1521,1329,10,45,29
opt,M_SHELLAPP_SHELLMOUNTS_13BE84C6,1765,1557,10,45,29
opt,M_SHELLAPP_SHELLMOUNTS_13BE84C6,1900,1676,10,45,29
opt,M_SHELLAPP_SHELLMOUNTS_13BE84C6,2003,1763,8,45,29
opt,M_SHELLAPP_SHELLUNREDIRECT_630E066D,0,0,10,45,29
opt,M_SHELLAPP_SHELLUNREDIRECT_630E066D,197,181,6,45,29
opt,M_SHELLAPP_SHELLUNREDIRECT_630E066D,294,262,4,45,29
opt,M_SHELLAPP_SHELLUNREDIRECT_630E066D,510,462,4,45,29
opt,M_SHELLAPP_SHELLUNREDIRECT_630E066D,600,536,12,45,29
opt,M_SHELLAPP_SHELLUNREDIRECT_630E066D,753,673,6,45,29
opt,M_SHELLAPP_SHELLUNREDIRECT_630E066D,850,754,4,45,29
opt,M_SHELLAPP_SHELLUNREDIRECT_630E066D,1066,954,4,45,29
opt,M_SHELLAPP_SHELLUNREDIRECT_630E066D,1156,1028,12,45,29
opt,M_SHELLAPP_SHELLUNREDIRECT_630E066D,1501,1357,6,45,29
opt,M_SHELLAPP_SHELLUNREDIRECT_630E066D,1727,1567,4,45,29
opt,M_SHELLAPP_SHELLUNREDIRECT_630E066D,1817,1641,12,45,29
opt,M_SHELLAPP_SHELLUNREDIRECT_630E066D,2075,1883,6,45,29
opt,M_SHELLAPP_SHELLUNREDIRECT_630E066D,2301,2093,4,45,29
opt,M_SHELLAPP_SHELLUNREDIRECT_630E066D,2391,2167,12,45,29
opt,M_SHELLAPP_SHELLREDIRECT_BB31A89E,0,0,20,45,29
opt,M_SHELLAPP_SHELLREDIRECT_BB31A89E,165,149,4,45,29
opt,M_SHELLAPP_SHELLREDIRECT_BB31A89E,276,244,4,45,29
opt,M_SHELLAPP_SHELLREDIRECT_BB31A89E,405,357,4,45,29
opt,M_SHELLAPP_SHELLREDIRECT_BB31A89E,683,619,12,45,29
opt,M_SHELLAPP_SHELLREDIRECT_BB31A89E,892,812,4,45,29
opt,M_SHELLAPP_SHELLREDIRECT_BB31A89E,982,886,12,45,29
opt,M_SHELLAPP_SHELLREDIRECT_BB31A89E,1246,1134,12,45,29
opt,M_SHELLAPP_SHELLREDIRECT_BB31A89E,1455,1327,4,45,29
opt,M_SHELLAPP_SHELLREDIRECT_BB31A89E,1545,1401,12,45,29
opt,M_SHELLAPP_SHELLREDIRECT_BB31A89E,1816,1656,6,45,29
opt,M_SHELLAPP_SHELLREDIRECT_BB31A89E,1913,1737,4,45,29
opt,M_SHELLAPP_SHELLREDIRECT_BB31A89E,2129,1937,4,45,29
opt,M_SHELLAPP_SHELLREDIRECT_BB31A89E,2219,2011,12,45,29
opt,M_SHELLAPP_SHELLREDIRECT_BB31A89E,2455,2231,6,45,29
opt,M_SHELLAPP_SHELLREDIRECT_BB31A89E,2552,2312,4,45,29
opt,M_SHELLAPP_SHELLREDIRECT_BB31A89E,2768,2512,4,45,29
opt,M_SHELLAPP_SHELLREDIRECT_BB31A89E,2858,2586,12,45,29
opt,M_SHELLAPP_SHELLDISPATCH_02D6964A,0,0,16,45,29
opt,M_SHELLAPP_SHELLDISPATCH_02D6964A,93,77,4,45,29
opt,M_SHELLAPP_SHELLDISPATCH_02D6964A,208,176,10,45,29
opt,M_SHELLAPP_SHELLDISPATCH_02D6964A,303,255,4,45,29
opt,M_SHELLAPP_SHELLDISPATCH_02D6964A,390,326,8,45,29
opt,M_SHELLAPP_SHELLDISPATCH_02D6964A,654,574,4,45,29
opt,M_SHELLAPP_SHELLDISPATCH_02D6964A,741,645,8,45,29
opt,M_SHELLAPP_SHELLDISPATCH_02D6964A,828,716,4,45,29
opt,M_SHELLAPP_SHELLDISPATCH_02D6964A,1062,934,10,45,29
opt,M_SHELLAPP_SHELLDISPATCH_02D6964A,1190,1046,4,45,29
opt,M_SHELLAPP_SHELLDISPATCH_02D6964A,1277,1117,8,45,29
opt,M_SHELLAPP_SHELLDISPATCH_02D6964A,1613,1437,6,45,29
opt,M_SHELLAPP_SHELLDISPATCH_02D6964A,1740,1548,4,45,29
opt,M_SHELLAPP_SHELLDISPATCH_02D6964A,1827,1619,14,45,29
opt,M_SHELLAPP_SHELLDISPATCH_02D6964A,2083,1859,4,45,29
opt,M_SHELLAPP_SHELLDISPATCH_02D6964A,2173,1933,12,45,29
opt,M_SHELLAPP_SHELLDISPATCH_02D6964A,2280,2024,4,45,29
opt,M_SHELLAPP_SHELLDISPATCH_02D6964A,2367,2095,4,45,29
opt,M_SHELLAPP_SHELLDISPATCH_02D6964A,2454,2166,10,45,29
opt,M_SHELLAPP_SHELLDISPATCH_02D6964A,2549,2245,4,45,29
opt,M_SHELLAPP_SHELLDISPATCH_02D6964A,2636,2316,8,45,29
opt,M_SHELLAPP_SHELLDISPATCH_02D6964A,2860,2524,4,45,29
opt,M_SHELLAPP_SHELLDISPATCH_02D6964A,2982,2630,4,45,29
opt,M_SHELLAPP_SHELLDISPATCH_02D6964A,3104,2736,4,45,29
opt,M_SHELLAPP_SHELLDISPATCH_02D6964A,3226,2842,4,45,29
opt,M_SHELLAPP_SHELLDISPATCH_02D6964A,3313,2913,6,45,29
opt,M_SHELLAPP_SHELLDISPATCH_02D6964A,3445,3029,4,45,29
opt,M_SHELLAPP_SHELLDISPATCH_02D6964A,3548,3116,10,45,29
opt,M_SHELLAPP_SHELLDISPATCH_02D6964A,3694,3246,4,45,29
opt,M_SHELLAPP_SHELLDISPATCH_02D6964A,3781,3317,6,45,29
opt,M_SHELLAPP_SHELLDISPATCH_02D6964A,3913,3433,4,45,29
opt,M_SHELLAPP_SHELLDISPATCH_02D6964A,4000,3504,6,45,29
opt,M_SHELLAPP_SHELLCOMMAND_01DF848F,0,0,8,45,29
opt,M_SHELLAPP_SHELLCOMMAND_01DF848F,212,196,4,45,29
opt,M_SHELLAPP_SHELLCOMMAND_01DF848F,305,273,12,45,29
opt,M_SHELLAPP_SHELLCOMMAND_01DF848F,412,364,4,45,29
opt,M_SHELLAPP_SHELLCOMMAND_01DF848F,505,441,4,45,29
opt,M_SHELLAPP_SHELLCOMMAND_01DF848F,576,496,4,45,29
opt,M_SHELLAPP_SHELLCOMMAND_01DF848F,647,551,4,45,29
opt,M_SHELLAPP_SHELLFEED_19C6DEC4,0,0,16,45,29
opt,M_SHELLAPP_SHELLFEED_19C6DEC4,54,38,4,45,29
opt,M_SHELLAPP_SHELLFEED_19C6DEC4,336,304,8,45,29
opt,M_SHELLAPP_SHELLFEED_19C6DEC4,423,375,4,45,29
opt,M_SHELLAPP_SHELLFEED_19C6DEC4,494,430,4,45,29
opt,M_SHELLAPP_SHELLFEED_19C6DEC4,678,598,8,45,29
opt,M_SHELLAPP_SHELLFEED_19C6DEC4,765,669,4,45,29
opt,M_SHELLAPP_SHELLFEED_19C6DEC4,836,724,4,45,29
opt,M_SHELLAPP_SHELLFEED_19C6DEC4,976,848,8,45,29
opt,M_SHELLAPP_SHELLFEED_19C6DEC4,1063,919,4,45,29
opt,M_SHELLAPP_SHELLFEED_19C6DEC4,1134,974,4,45,29
opt,M_SHELLAPP_SHELLFEED_19C6DEC4,1295,1119,8,45,29
opt,M_SHELLAPP_SHELLFEED_19C6DEC4,1382,1190,4,45,29
opt,M_SHELLAPP_SHELLFEED_19C6DEC4,1453,1245,4,45,29
opt,M_SHELLAPP_SHELLFEED_19C6DEC4,1571,1347,4,45,29
opt,M_SHELLAPP_SHELLFEED_19C6DEC4,1855,1615,4,45,29
opt,M_SHELLAPP_SHELLFEED_19C6DEC4,2382,2126,8,45,29
opt,M_SHELLAPP_SHELLFEED_19C6DEC4,2469,2197,4,45,29
opt,M_SHELLAPP_SHELLFEED_19C6DEC4,2788,2500,4,45,29
opt,M_SHELLAPP_SHELLREADSTEP_5848FDA6,0,0,24,45,29
opt,M_SHELLAPP_SHELLREADSTEP_5848FDA6,46,30,4,45,29
opt,M_SHELLAPP_SHELLREADSTEP_5848FDA6,191,159,14,45,29
opt,M_SHELLAPP_SHELLREADSTEP_5848FDA6,329,281,4,45,29
opt,M_SHELLAPP_SHELLREADSTEP_5848FDA6,588,524,4,45,29
opt,M_SHELLAPP_SHELLREADSTEP_5848FDA6,975,895,4,45,29
opt,M_SHELLAPP_SHELLREADSTEP_5848FDA6,1397,1301,8,45,29
opt,M_SHELLAPP_SHELLREADSTEP_5848FDA6,1550,1438,10,45,29
opt,M_SHELLAPP_SHELLREADSTEP_5848FDA6,1687,1559,8,45,29
opt,M_SHELLAPP_SHELLREADSTEP_5848FDA6,1786,1642,12,45,29
opt,M_SHELLAPP_SHELLOPEN_DC32811A,0,0,12,45,29
opt,M_SHELLAPP_SHELLOPEN_DC32811A,46,30,12,45,29
opt,M_SHELLAPP_SHELLOPEN_DC32811A,284,252,12,45,29
opt,M_SHELLAPP_SHELLOPEN_DC32811A,493,445,4,45,29
opt,M_SHELLAPP_SHELLOPEN_DC32811A,583,519,12,45,29
opt,M_SHELLAPP_SHELLOPEN_DC32811A,759,679,6,45,29
opt,M_SHELLAPP_SHELLOPEN_DC32811A,882,786,4,45,29
opt,M_SHELLAPP_SHELLOPEN_DC32811A,1098,986,4,45,29
opt,M_SHELLAPP_SHELLOPEN_DC32811A,1188,1060,12,45,29
opt,M_SHELLAPP_SHELLOPEN_DC32811A,1399,1255,6,45,29
opt,M_SHELLAPP_SHELLOPEN_DC32811A,1522,1362,4,45,29
opt,M_SHELLAPP_SHELLOPEN_DC32811A,1738,1562,4,45,29
opt,M_SHELLAPP_SHELLOPEN_DC32811A,1828,1636,12,45,29
opt,M_SHELLAPP_SHELLINITIALPROMPT_9A2AE0BA,0,0,8,45,29
opt,M_SHELLAPP_SHELLINITIALPROMPT_9A2AE0BA,166,150,4,45,29
opt,M_SHELLAPP_SHELLINITIALPROMPT_9A2AE0BA,237,205,4,45,29
opt,M_SHELLAPP_SHELLSTART_D37857EA,0,0,4,45,29
opt,M_SHELLAPP_SHELLSTART_D37857EA,46,30,4,45,29
opt,M_SHELLAPP_SHELLSTART_D37857EA,204,172,6,45,29
opt,M_SHELLAPP_SHELLSTART_D37857EA,285,237,4,45,29
opt,M_SHELLAPP_SHELLFINISH_77CE18A3,0,0,16,45,29
opt,M_SHELLAPP_SHELLFINISH_77CE18A3,129,113,4,45,29
opt,M_SHELLAPP_SHELLFINISH_77CE18A3,379,347,6,45,29
opt,M_SHELLAPP_SHELLFINISH_77CE18A3,476,428,4,45,29
opt,M_SHELLAPP_SHELLFINISH_77CE18A3,692,628,4,45,29
opt,M_SHELLAPP_SHELLFINISH_77CE18A3,782,702,12,45,29
opt,M_SHELLAPP_SHELLFINISH_77CE18A3,1017,921,6,45,29
opt,M_SHELLAPP_SHELLFINISH_77CE18A3,1114,1002,4,45,29
opt,M_SHELLAPP_SHELLFINISH_77CE18A3,1330,1202,4,45,29
opt,M_SHELLAPP_SHELLFINISH_77CE18A3,1420,1276,12,45,29
opt,M_SHELLAPP_SHELLFINISH_77CE18A3,1566,1406,6,45,29
opt,M_SHELLAPP_SHELLFINISH_77CE18A3,1671,1495,4,45,29
opt,M_SHELLAPP_SHELLFINISH_77CE18A3,1887,1695,4,45,29
opt,M_SHELLAPP_SHELLFINISH_77CE18A3,1977,1769,12,45,29
opt,M_SHELLAPP_SHELLFINISH_77CE18A3,2131,1907,6,45,29
opt,M_SHELLAPP_SHELLFINISH_77CE18A3,2212,1972,4,45,29
opt,M_SHELLAPP_SHELLFINISH_77CE18A3,2428,2172,4,45,29
opt,M_SHELLAPP_SHELLFINISH_77CE18A3,2518,2246,12,45,29
opt,M_SHELLAPP_SHELLFINISH_77CE18A3,2755,2467,6,45,29
opt,M_SHELLAPP_SHELLFINISH_77CE18A3,2836,2532,4,45,29
opt,M_SHELLAPP_SHELLFINISH_77CE18A3,3052,2732,4,45,29
opt,M_SHELLAPP_SHELLFINISH_77CE18A3,3142,2806,12,45,29
opt,M_SHELLAPP_SHELLFINISH_77CE18A3,3337,2985,4,45,29
opt,M_SHELLAPP_SHELLFINISH_77CE18A3,3613,3245,6,45,29
opt,M_SHELLAPP_SHELLFINISH_77CE18A3,3839,3455,4,45,29
opt,M_SHELLAPP_SHELLFINISH_77CE18A3,3929,3529,12,45,29
opt,M_SHELLAPP_SHELLFINISH_77CE18A3,4124,3708,4,45,29
opt,M_SHELLAPP_SHELLFINISH_77CE18A3,4340,3908,4,45,29
opt,M_SHELLAPP_SHELLFINISH_77CE18A3,4430,3982,12,45,29
opt,M_SHELLAPP_SHELLFINISH_77CE18A3,4650,4186,12,45,29
opt,M_SHELLAPP_SHELLBOOTSIO_1538A419,0,0,22,45,29
opt,M_SHELLAPP_SHELLBOOTSIO_1538A419,46,30,4,45,29
opt,M_SHELLAPP_SHELLBOOTSIO_1538A419,165,133,12,45,29
opt,M_SHELLAPP_SHELLBOOTSIO_1538A419,307,259,12,45,29
opt,M_SHELLAPP_SHELLBOOTSIO_1538A419,464,400,6,45,29
opt,M_SHELLAPP_SHELLBOOTSIO_1538A419,545,465,12,45,29
opt,M_SHELLAPP_SHELLBOOTSIO_1538A419,703,607,20,45,29
opt,M_SHELLAPP_SHELLBOOTSIO_1538A419,868,756,6,45,29
opt,M_SHELLAPP_SHELLBOOTSIO_1538A419,957,829,6,45,29
opt,M_SHELLAPP_SHELLBOOTSIO_1538A419,1046,902,6,45,29
opt,M_SHELLAPP_SHELLBOOTSIO_1538A419,1178,1018,12,45,29
opt,M_SHELLAPP_SHELLBOOTSTART_6A4872BE,0,0,12,45,29
opt,M_SHELLAPP_SHELLBOOTSTART_6A4872BE,46,30,4,45,29
opt,M_SHELLAPP_SHELLBOOTSTART_6A4872BE,170,138,6,45,29
opt,M_SHELLAPP_SHELLBOOTSTART_6A4872BE,275,227,4,45,29
opt,M_SHELLAPP_SHELLBOOTSTART_6A4872BE,396,332,4,45,29
opt,M_SHELLAPP_SHELLBOOTSTART_6A4872BE,525,445,10,45,29
opt,M_SHELLAPP_SHELLBOOTSTART_6A4872BE,678,582,10,45,29
opt,M_SHELLAPP_SHELLBOOTSTART_6A4872BE,831,719,10,45,29
opt,M_SHELLAPP_SHELLBOOTSTART_6A4872BE,992,864,10,45,29
opt,M_SHELLAPP_SHELLBOOTSTART_6A4872BE,1129,985,8,45,29
opt,M_SHELLAPP_SHELLBOOTSTART_6A4872BE,1411,1251,4,45,29
opt,M_SHELLAPP_SHELLBOOTSTART_6A4872BE,1570,1394,10,45,29
opt,M_SHELLAPP_SHELLBOOTSTART_6A4872BE,1707,1515,8,45,29
opt,M_SHELLAPP_SHELLBOOTSTART_6A4872BE,1794,1586,4,45,29
opt,M_SHELLAPP_SHELLBOOTSTART_6A4872BE,2013,1789,10,45,29
opt,M_SHELLAPP_SHELLBOOTSTART_6A4872BE,2361,2121,10,45,29
opt,M_SHELLAPP_SHELLBOOTSTART_6A4872BE,2667,2411,6,45,29
opt,M_SHELLAPP_SHELLBOOTSTART_6A4872BE,2978,2706,10,45,29
opt,M_SHELLAPP_SHELLBOOTSTART_6A4872BE,3115,2827,8,45,29
opt,M_SHELLAPP_SHELLBOOTSTART_6A4872BE,3272,2968,10,45,29
opt,M_SHELLAPP_SHELLBOOTSTART_6A4872BE,3409,3089,8,45,29
opt,M_SHELLAPP_SHELLBOOTSTART_6A4872BE,3538,3202,8,45,29
opt,M_SHELLAPP_SHELLBOOTSTART_6A4872BE,3625,3273,4,45,29
opt,M_SHELLAPP_MAIN_168A375D,0,0,6,45,29
opt,M_SHELLAPP_MAIN_168A375D,46,30,4,45,29
opt,M_SHELLAPP_MAIN_168A375D,186,154,4,45,29
opt,M_SHELLAPP_MAIN_168A375D,261,213,4,45,29
