mode,routine,block,index,payload,padding,saved
raw,M_EXECMEMORY_QUERY_D2E34F9F,2,1,2,1,4
raw,M_EXECMEMORY_RESERVEEXACT_88D3D2C8,2,1,2,1,4
raw,M_EXECMEMORY_RESERVEEXACT_88D3D2C8,4,1,2,1,4
raw,M_EXECMEMORY_ACQUIRE_EAA019EB,2,1,2,1,4
raw,M_EXECMEMORY_RELEASE_A6E307FC,2,1,2,1,4
raw,M_EXECMEMORY_RELEASE_A6E307FC,4,1,2,1,4
raw,M_EXECMEMORY_INIT_F4EA07E3,0,0,0,1,0
raw,M_EXECLISTS_NEWMINLIST_A2695943,0,2,3,0,6
raw,M_EXECLISTS_ISMINLISTEMPTY_6D517164,0,2,3,0,6
raw,M_EXECLISTS_INSERT_468B11BA,1,2,6,1,12
raw,M_EXECLISTS_INSERT_468B11BA,4,2,6,1,12
raw,M_EXECLISTS_REMHEAD_F8063CE7,2,1,3,0,6
raw,M_EXECLISTS_REMTAIL_292EAA27,2,1,3,0,6
raw,M_EXECLISTS_ENQUEUE_763E1E61,3,2,6,1,12
raw,M_EXECLISTS_ENQUEUE_763E1E61,4,4,9,0,18
raw,M_HEAPCORE_BOUNDS_2387CB05,1,0,2,1,4
raw,M_HEAPCORE_BOUNDS_2387CB05,3,0,2,1,4
raw,M_HEAPCORE_BOUNDS_2387CB05,5,0,2,1,4
raw,M_HEAPCORE_BOUNDS_2387CB05,9,0,2,1,4
raw,M_HEAPCORE_BOUNDS_2387CB05,11,0,2,1,4
raw,M_HEAPCORE_CHUNKADDRESS_A551D41B,1,0,2,1,4
raw,M_HEAPCORE_CHUNKADDRESS_A551D41B,3,0,2,1,4
raw,M_HEAPCORE_NEXTADDRESS_E32592FF,3,0,2,1,4
raw,M_HEAPCORE_CHUNKEND_0E0C27CE,0,2,6,1,12
raw,M_HEAPCORE_CHUNKEND_0E0C27CE,1,0,2,1,4
raw,M_HEAPCORE_CHUNKEND_0E0C27CE,4,0,2,1,4
raw,M_HEAPCORE_CHUNKEND_0E0C27CE,5,9,10,1,20
raw,M_HEAPCORE_VALIDATE_B397AD34,0,1,3,0,6
raw,M_HEAPCORE_VALIDATE_B397AD34,2,2,6,1,12
raw,M_HEAPCORE_VALIDATE_B397AD34,4,0,2,1,4
raw,M_HEAPCORE_SPLIT_B6117102,1,10,10,1,20
raw,M_HEAPCORE_SPLIT_B6117102,4,3,9,0,18
raw,M_HEAPCORE_RESERVE_2192E9C0,0,1,4,1,8
raw,M_HEAPCORE_RESERVE_2192E9C0,4,1,3,0,6
raw,M_HEAPCORE_RESERVE_2192E9C0,9,3,8,1,16
raw,M_HEAPCORE_RESERVE_2192E9C0,13,5,17,2,34
raw,M_HEAPCORE_ALLOCATE_E39F1AF5,0,2,8,1,16
raw,M_HEAPCORE_LARGEST_AA9886E8,0,1,3,0,6
raw,M_HEAPCORE_LARGEST_AA9886E8,2,2,6,1,12
raw,M_HEAPCORE_LARGEST_AA9886E8,4,2,8,1,16
raw,M_HEAPCORE_LARGEST_AA9886E8,17,0,2,1,4
raw,M_HEAPCORE_INSERTFREE_129E41BB,6,5,10,1,20
raw,M_HEAPCORE_INSERTFREE_129E41BB,6,9,9,0,18
raw,M_HEAPCORE_RETURNRANGE_11C95A83,1,0,2,1,4
raw,M_HEAPCORE_RETURNRANGE_11C95A83,4,0,2,1,4
raw,M_HEAPCORE_RETURNRANGE_11C95A83,13,0,2,1,4
raw,M_HEAPCORE_RETURNRANGE_11C95A83,16,5,17,2,34
raw,M_HEAPCORE_RETURNRANGE_11C95A83,17,0,2,1,4
raw,M_HEAPCORE_DEALLOCATE_60F97CF2,3,0,2,1,4
raw,M_HEAPCORE_DEALLOCATE_60F97CF2,5,7,4,1,8
raw,M_HEAPCORE_DEALLOCATE_60F97CF2,5,10,3,0,6
raw,M_HEAPCORE_DEALLOCATE_60F97CF2,5,14,11,2,22
raw,M_HEAPPOLICY_SHUTDOWN_9E341637,0,0,0,1,0
raw,M_HEAPPOLICY_SHUTDOWN_9E341637,3,5,3,0,6
raw,M_HEAPPOLICY_SHUTDOWN_9E341637,4,2,4,1,8
raw,M_HEAPPOLICY_RUNS_07A33D25,2,2,5,0,10
raw,M_HEAPPOLICY_REGION_F42DC07D,0,1,2,1,4
raw,M_HEAPPOLICY_START_1455FA91,0,0,0,1,0
raw,M_HEAPPOLICY_START_1455FA91,2,0,0,1,0
raw,M_HEAPPOLICY_START_1455FA91,8,0,0,1,0
raw,M_HEAPPOLICY_START_1455FA91,9,2,5,0,10
raw,M_HEAPPOLICY_START_1455FA91,13,0,0,1,0
raw,M_HEAPPOLICY_START_1455FA91,25,3,6,1,12
raw,M_HEAPPOLICY_START_1455FA91,28,3,6,1,12
raw,M_HEAPPOLICY_START_1455FA91,33,3,2,1,4
raw,M_HEAPPOLICY_START_1455FA91,33,5,6,1,12
raw,M_HEAPPOLICY_INIT_69D6AA0D,0,0,0,1,0
raw,M_HEAPPOLICY_INIT_69D6AA0D,3,2,3,0,6
raw,M_HEAPPOLICY_INIT_69D6AA0D,3,4,4,1,8
raw,M_HEAPPOLICY_DESCRIPTOR_8971C45E,1,0,2,1,4
raw,M_HEAPPOLICY_DESCRIPTOR_8971C45E,3,0,2,1,4
raw,M_HEAPPOLICY_VALIDATEREGIONS_C3A52ACE,0,0,0,1,0
raw,M_HEAPPOLICY_VALIDATEREGIONS_C3A52ACE,1,0,2,1,4
raw,M_HEAPPOLICY_VALIDATEREGIONS_C3A52ACE,7,0,2,1,4
raw,M_HEAPPOLICY_VALIDATEREGIONS_C3A52ACE,8,3,5,2,10
raw,M_HEAPPOLICY_VALIDATEREGIONS_C3A52ACE,9,0,2,1,4
raw,M_HEAPPOLICY_VALIDATEREGIONS_C3A52ACE,12,0,2,1,4
raw,M_HEAPPOLICY_VALIDATEREGIONS_C3A52ACE,15,0,2,1,4
raw,M_HEAPPOLICY_RESERVE_42F2499D,0,1,5,0,10
raw,M_HEAPPOLICY_RESERVE_42F2499D,2,1,4,1,8
raw,M_HEAPPOLICY_RESERVE_42F2499D,5,0,0,1,0
raw,M_HEAPPOLICY_RESERVE_42F2499D,5,1,0,1,0
raw,M_HEAPPOLICY_RESERVE_42F2499D,8,5,7,2,14
raw,M_HEAPPOLICY_RESERVE_42F2499D,10,3,8,1,16
raw,M_HEAPPOLICY_LOCATE_7B91FF59,0,0,0,1,0
raw,M_HEAPPOLICY_LOCATE_7B91FF59,0,1,0,1,0
raw,M_HEAPPOLICY_LOCATE_7B91FF59,2,4,3,0,6
raw,M_HEAPPOLICY_FREE_3EA2E1EF,2,5,4,1,8
raw,M_HEAPPOLICY_FREE_3EA2E1EF,3,0,2,1,4
raw,M_HEAPPOLICY_FREE_3EA2E1EF,6,1,3,0,6
raw,M_HEAPPOLICY_FREE_3EA2E1EF,7,0,2,1,4
raw,M_HEAPPOLICY_FREE_3EA2E1EF,9,0,2,1,4
raw,M_HEAPPOLICY_FREE_3EA2E1EF,10,3,10,1,20
raw,M_HEAPPOLICY_AVAIL_22774B2C,0,1,5,0,10
raw,M_HEAPPOLICY_AVAIL_22774B2C,2,0,0,1,0
raw,M_HEAPPOLICY_AVAIL_22774B2C,2,1,0,1,0
raw,M_HEAPPOLICY_AVAIL_22774B2C,4,5,7,2,14
raw,M_HEAPPOLICY_AVAIL_22774B2C,6,1,3,0,6
raw,M_HEAPPOLICY_AVAIL_22774B2C,11,5,4,1,8
raw,M_HEAPPOLICY_MEMORYTYPE_D394B206,0,1,3,0,6
raw,M_HEAPPOLICY_VECTORBYTES_E6541B8F,0,1,4,1,8
raw,M_HEAPPOLICY_RESERVEVECTOR_C09ED6F4,0,1,4,1,8
raw,M_HEAPPOLICY_RESERVEVECTOR_C09ED6F4,2,2,8,1,16
raw,M_HEAPPOLICY_FREEVECTOR_698EC5DE,3,0,2,1,4
raw,M_HEAPPOLICY_FREEVECTOR_698EC5DE,5,6,3,0,6
raw,M_HEAPPOLICY_FREEVECTOR_698EC5DE,6,0,2,1,4
raw,M_HEAPPOLICY_FREEVECTOR_698EC5DE,8,0,2,1,4
raw,M_HEAPPOLICY_FREEVECTOR_698EC5DE,9,6,4,1,8
raw,M_HEAPPOLICY_FREEVECTOR_698EC5DE,10,0,2,1,4
raw,M_HEAPPOLICY_FREEVECTOR_698EC5DE,13,0,2,1,4
raw,M_HEAPPOLICY_FREEVECTOR_698EC5DE,14,5,10,1,20
raw,M_TASKPOLICY_POINTERRESULT_E8D88610,0,4,4,1,8
raw,M_TASKPOLICY_ARGUMENTPOINTER_A19325C6,0,2,4,1,8
raw,M_TASKPOLICY_ARGUMENTPOINTER_A19325C6,0,6,4,1,8
raw,M_TASKPOLICY_PROTECTED_FCDCE808,0,8,2,1,4
raw,M_TASKPOLICY_AVAILABLERECORD_80983EA0,0,5,6,1,12
raw,M_TASKPOLICY_AVAILABLERECORD_80983EA0,4,1,1,0,2
raw,M_TASKPOLICY_STACKSLOT_2A322EEA,6,1,1,0,2
raw,M_TASKPOLICY_READY_679992F5,0,4,5,0,10
raw,M_TASKPOLICY_READY_679992F5,0,6,3,0,6
raw,M_TASKPOLICY_READY_679992F5,0,10,6,1,12
raw,M_TASKPOLICY_INITSIGNALS_5C831CB9,0,2,6,1,12
raw,M_TASKPOLICY_ADMIT_CF1671AB,0,21,3,0,6
raw,M_TASKPOLICY_ADMIT_CF1671AB,0,23,3,0,6
raw,M_TASKPOLICY_ADMIT_CF1671AB,0,38,6,1,12
raw,M_TASKPOLICY_ADMIT_CF1671AB,0,40,3,0,6
raw,M_TASKPOLICY_INIT_57A5FAC8,0,0,0,1,0
raw,M_TASKPOLICY_INIT_57A5FAC8,2,0,0,1,0
raw,M_TASKPOLICY_INIT_57A5FAC8,2,1,0,1,0
raw,M_TASKPOLICY_INIT_57A5FAC8,2,2,0,1,0
raw,M_TASKPOLICY_INIT_57A5FAC8,2,3,0,1,0
raw,M_TASKPOLICY_INIT_57A5FAC8,4,3,3,0,6
raw,M_TASKPOLICY_INIT_57A5FAC8,4,4,3,0,6
raw,M_TASKPOLICY_INIT_57A5FAC8,6,1,1,0,2
raw,M_TASKPOLICY_INIT_57A5FAC8,6,26,3,0,6
raw,M_TASKPOLICY_INIT_57A5FAC8,6,32,3,0,6
raw,M_TASKPOLICY_INIT_57A5FAC8,6,34,3,0,6
raw,M_TASKPOLICY_INIT_57A5FAC8,7,30,3,0,6
raw,M_TASKPOLICY_INIT_57A5FAC8,7,31,1,0,2
raw,M_TASKPOLICY_INIT_57A5FAC8,7,38,6,1,12
raw,M_TASKPOLICY_INIT_57A5FAC8,7,40,5,0,10
raw,M_TASKPOLICY_INIT_57A5FAC8,7,41,1,0,2
raw,M_TASKPOLICY_WAKE_9E9C7518,2,1,1,0,2
raw,M_TASKPOLICY_WAKE_9E9C7518,6,2,1,0,2
raw,M_TASKPOLICY_WAKE_9E9C7518,6,4,3,0,6
raw,M_TASKPOLICY_SELECT_1A709B3E,0,0,0,1,0
raw,M_TASKPOLICY_SELECT_1A709B3E,2,1,3,0,6
raw,M_TASKPOLICY_SELECT_1A709B3E,3,0,1,0,2
raw,M_TASKPOLICY_SELECT_1A709B3E,4,2,3,0,6
raw,M_TASKPOLICY_SELECT_1A709B3E,7,1,3,0,6
raw,M_TASKPOLICY_SELECT_1A709B3E,9,1,5,0,10
raw,M_TASKPOLICY_SWITCH_98522C9E,0,5,5,2,10
raw,M_TASKPOLICY_SWITCH_98522C9E,2,2,3,0,6
raw,M_TASKPOLICY_SWITCH_98522C9E,5,1,3,0,6
raw,M_TASKPOLICY_SWITCH_98522C9E,7,1,3,0,6
raw,M_TASKPOLICY_ADD_A5E7C92B,0,1,2,1,4
raw,M_TASKPOLICY_ADD_A5E7C92B,0,16,3,0,6
raw,M_TASKPOLICY_ADD_A5E7C92B,1,1,5,0,10
raw,M_TASKPOLICY_ADD_A5E7C92B,3,1,5,0,10
raw,M_TASKPOLICY_ADD_A5E7C92B,6,1,3,0,6
raw,M_TASKPOLICY_ADD_A5E7C92B,7,1,5,0,10
raw,M_TASKPOLICY_ADD_A5E7C92B,8,1,3,0,6
raw,M_TASKPOLICY_ADD_A5E7C92B,9,1,5,0,10
raw,M_TASKPOLICY_ADD_A5E7C92B,10,1,3,0,6
raw,M_TASKPOLICY_ADD_A5E7C92B,12,1,3,0,6
raw,M_TASKPOLICY_ADD_A5E7C92B,13,1,3,0,6
raw,M_TASKPOLICY_ADD_A5E7C92B,14,1,5,0,10
raw,M_TASKPOLICY_ADD_A5E7C92B,15,1,5,0,10
raw,M_TASKPOLICY_ADD_A5E7C92B,16,2,1,0,2
raw,M_TASKPOLICY_ADD_A5E7C92B,16,8,12,1,24
raw,M_TASKPOLICY_ADD_A5E7C92B,16,11,5,0,10
raw,M_TASKPOLICY_ADD_A5E7C92B,16,13,1,0,2
raw,M_TASKPOLICY_ADD_A5E7C92B,16,19,5,2,10
raw,M_TASKPOLICY_REMOVETASK_35F29A21,2,1,2,1,4
raw,M_TASKPOLICY_REMOVETASK_35F29A21,3,1,2,1,4
raw,M_TASKPOLICY_REMOVETASK_35F29A21,5,1,3,0,6
raw,M_TASKPOLICY_REMOVETASK_35F29A21,7,1,3,0,6
raw,M_TASKPOLICY_REMOVETASK_35F29A21,9,1,3,0,6
raw,M_TASKPOLICY_REMOVETASK_35F29A21,10,1,3,0,6
raw,M_TASKPOLICY_REMOVETASK_35F29A21,11,1,3,0,6
raw,M_TASKPOLICY_REMOVETASK_35F29A21,12,1,3,0,6
raw,M_TASKPOLICY_REMOVETASK_35F29A21,13,0,1,0,2
raw,M_TASKPOLICY_REMOVETASK_35F29A21,15,2,3,0,6
raw,M_TASKPOLICY_REMOVETASK_35F29A21,16,34,3,0,6
raw,M_TASKPOLICY_REMOVETASK_35F29A21,16,36,3,0,6
raw,M_TASKPOLICY_REMOVETASK_35F29A21,16,38,3,0,6
raw,M_TASKPOLICY_REMOVETASK_35F29A21,17,1,3,0,6
raw,M_TASKPOLICY_FIND_0D9A09D7,1,1,1,0,2
raw,M_TASKPOLICY_FIND_0D9A09D7,4,1,1,0,2
raw,M_TASKPOLICY_FIND_0D9A09D7,6,6,6,1,12
raw,M_TASKPOLICY_PRIORITY_7FE7EE8A,0,1,2,1,4
raw,M_TASKPOLICY_PRIORITY_7FE7EE8A,0,5,3,0,6
raw,M_TASKPOLICY_PRIORITY_7FE7EE8A,2,6,4,1,8
raw,M_TASKPOLICY_PRIORITY_7FE7EE8A,2,13,4,1,8
raw,M_TASKPOLICY_EXCLUSION_DFE541A6,5,8,5,2,10
raw,M_TASKPOLICY_SLEEPTASK_6A909BCC,0,2,4,1,8
raw,M_TASKPOLICY_SLEEPTASK_6A909BCC,1,1,4,1,8
raw,M_TASKPOLICY_SLEEPTASK_6A909BCC,2,2,5,2,10
raw,M_TASKPOLICY_SLEEPTASK_6A909BCC,3,1,4,1,8
raw,M_TASKPOLICY_SLEEPTASK_6A909BCC,4,2,4,1,8
raw,M_TASKPOLICY_SLEEPTASK_6A909BCC,5,4,5,2,10
raw,M_TASKPOLICY_SLEEPTASK_6A909BCC,6,0,1,0,2
raw,M_TASKPOLICY_SLEEPTASK_6A909BCC,6,11,5,0,10
raw,M_TASKPOLICY_SLEEPTASK_6A909BCC,6,13,3,0,6
raw,M_TASKPOLICY_MASKRESULT_220A6FAB,0,3,4,1,8
raw,M_TASKPOLICY_ALLOCATEBIT_A349E154,4,1,1,0,2
raw,M_TASKPOLICY_ALLOCATEBIT_A349E154,10,1,1,0,2
raw,M_TASKPOLICY_ALLOCATEBIT_A349E154,12,9,11,2,22
raw,M_TASKPOLICY_MASKS_49833CE1,0,4,2,1,4
raw,M_TASKPOLICY_MASKS_49833CE1,1,4,4,1,8
raw,M_TASKPOLICY_MASKS_49833CE1,1,6,4,1,8
raw,M_TASKPOLICY_MASKS_49833CE1,4,8,11,2,22
raw,M_TASKPOLICY_MASKS_49833CE1,4,12,6,1,12
raw,M_TASKPOLICY_MASKS_49833CE1,9,1,1,0,2
raw,M_TASKPOLICY_COMPLETEWAIT_31FB45E4,2,1,3,0,6
raw,M_TASKPOLICY_COMPLETEWAIT_31FB45E4,4,3,6,1,12
raw,M_TASKPOLICY_WAITTASK_AD94C4A2,0,1,2,1,4
raw,M_TASKPOLICY_WAITTASK_AD94C4A2,2,1,2,1,4
raw,M_TASKPOLICY_WAITTASK_AD94C4A2,2,9,7,2,14
raw,M_TASKPOLICY_WAITTASK_AD94C4A2,3,2,6,1,12
raw,M_TASKPOLICY_WAITTASK_AD94C4A2,4,1,3,0,6
raw,M_TASKPOLICY_POSTSIGNAL_10773240,0,4,11,2,22
raw,M_TASKPOLICY_POSTSIGNAL_10773240,0,7,3,0,6
raw,M_TASKPOLICY_POSTSIGNAL_10773240,1,1,3,0,6
raw,M_TASKPOLICY_SIGNALTASK_806F80F5,0,1,2,1,4
raw,M_TASKPOLICY_SIGNALTASK_806F80F5,0,8,3,0,6
raw,M_TASKPOLICY_SIGNALTASK_806F80F5,4,2,7,2,14
raw,M_TASKPOLICY_SIGNALTASK_806F80F5,5,4,5,2,10
raw,M_TASKPOLICY_CANCELWAKE_8ADC984A,1,1,3,0,6
raw,M_TASKPOLICY_DRAINONE_68E56764,0,0,0,1,0
raw,M_TASKPOLICY_DRAINONE_68E56764,4,4,3,0,6
raw,M_TASKPOLICY_DRAINONE_68E56764,6,1,3,0,6
raw,M_TASKPOLICY_DRAINONE_68E56764,7,1,3,0,6
raw,M_TASKPOLICY_DRAINWAKES_15F017CB,0,1,0,1,0
raw,M_TASKPOLICY_DRAINWAKES_15F017CB,1,0,0,1,0
raw,M_TASKPOLICY_DRAINWAKES_15F017CB,4,3,0,1,0
raw,M_TASKPOLICY_BOUNDPRODUCER_6D7B4E54,0,2,3,0,6
raw,M_TASKPOLICY_BOUNDPRODUCER_6D7B4E54,2,1,3,0,6
raw,M_TASKPOLICY_BOUNDPRODUCER_6D7B4E54,3,1,3,0,6
raw,M_TASKPOLICY_BOUNDPRODUCER_6D7B4E54,4,1,3,0,6
raw,M_TASKPOLICY_PRODUCERCONTROL_52F9499B,0,2,2,1,4
raw,M_TASKPOLICY_PRODUCERCONTROL_52F9499B,4,0,0,1,0
raw,M_TASKPOLICY_PRODUCERCONTROL_52F9499B,6,0,0,1,0
raw,M_TASKPOLICY_PRODUCERCONTROL_52F9499B,9,4,5,2,10
raw,M_TASKPOLICY_PRODUCERCONTROL_52F9499B,10,2,4,1,8
raw,M_TASKPOLICY_PRODUCERCONTROL_52F9499B,11,1,2,1,4
raw,M_TASKPOLICY_PRODUCERCONTROL_52F9499B,11,6,3,0,6
raw,M_TASKPOLICY_PRODUCERCONTROL_52F9499B,14,12,0,1,0
raw,M_TASKPOLICY_PRODUCERCONTROL_52F9499B,14,14,4,1,8
raw,M_TASKPOLICY_MEMORYPACKET_B36B55BB,0,2,4,1,8
raw,M_TASKPOLICY_MEMORYCALL_E7816C43,0,3,6,1,12
raw,M_TASKPOLICY_MEMORYCALL_E7816C43,2,1,2,1,4
raw,M_TASKPOLICY_MEMORYCALL_E7816C43,6,5,8,1,16
raw,M_TASKPOLICY_MEMORYCALL_E7816C43,6,8,6,1,12
raw,M_TASKPOLICY_MEMORYCALL_E7816C43,7,5,8,1,16
raw,M_TASKPOLICY_MEMORYCALL_E7816C43,7,8,6,1,12
raw,M_TASKPOLICY_MEMORYCALL_E7816C43,9,7,7,2,14
raw,M_TASKPOLICY_MEMORYCALL_E7816C43,11,5,3,0,6
raw,M_TASKPOLICY_MEMORYCALL_E7816C43,13,6,4,1,8
raw,M_TASKPOLICY_MEMORYCALL_E7816C43,13,7,6,1,12
raw,M_TASKPOLICY_MEMORYCALL_E7816C43,15,6,3,0,6
raw,M_TASKPOLICY_MEMORYCALL_E7816C43,15,7,6,1,12
raw,M_TASKPOLICY_INITPORTS_2CB7E92A,0,4,3,0,6
raw,M_TASKPOLICY_VALIDPORT_7710F985,0,1,3,0,6
raw,M_TASKPOLICY_SENDMESSAGE_7332557D,0,1,3,0,6
raw,M_TASKPOLICY_SENDMESSAGE_7332557D,4,7,6,1,12
raw,M_TASKPOLICY_SENDMESSAGE_7332557D,6,2,3,0,6
raw,M_TASKPOLICY_SENDMESSAGE_7332557D,8,2,1,0,2
raw,M_TASKPOLICY_SENDMESSAGE_7332557D,9,2,7,2,14
raw,M_TASKPOLICY_PORTHEAD_A12A0751,0,1,3,0,6
raw,M_TASKPOLICY_PORTHEAD_A12A0751,2,1,2,1,4
raw,M_TASKPOLICY_PORTHEAD_A12A0751,8,3,3,0,6
raw,M_TASKPOLICY_PORTHEAD_A12A0751,10,3,5,0,10
raw,M_TASKPOLICY_PORTDELETE_CF47DFE6,0,1,3,0,6
raw,M_TASKPOLICY_PORTDELETE_CF47DFE6,7,2,1,0,2
raw,M_TASKPOLICY_PORTDELETE_CF47DFE6,9,2,3,0,6
raw,M_TASKPOLICY_PORTDELETE_CF47DFE6,11,4,4,1,8
raw,M_TASKPOLICY_REGISTRYCALL_6B5FFB7F,3,2,6,1,12
raw,M_TASKPOLICY_REGISTRYCALL_6B5FFB7F,3,8,5,0,10
raw,M_TASKPOLICY_REGISTRYCALL_6B5FFB7F,5,1,3,0,6
raw,M_TASKPOLICY_REGISTRYCALL_6B5FFB7F,6,1,3,0,6
raw,M_TASKPOLICY_REGISTRYCALL_6B5FFB7F,8,2,3,0,6
raw,M_TASKPOLICY_REGISTRYCALL_6B5FFB7F,12,4,3,0,6
raw,M_TASKPOLICY_REGISTRYCALL_6B5FFB7F,12,12,6,1,12
raw,M_TASKPOLICY_QUEUECALL_62B0545B,1,4,3,0,6
raw,M_TASKPOLICY_QUEUECALL_62B0545B,4,2,3,0,6
raw,M_TASKPOLICY_QUEUECALL_62B0545B,4,8,5,0,10
raw,M_TASKPOLICY_QUEUECALL_62B0545B,5,4,3,0,6
raw,M_TASKPOLICY_QUEUECALL_62B0545B,6,5,3,0,6
raw,M_TASKPOLICY_QUEUECALL_62B0545B,8,5,12,1,24
raw,M_TASKPOLICY_QUEUECALL_62B0545B,12,4,12,1,24
raw,M_TASKPOLICY_PORTCALL_70989793,0,2,4,1,8
raw,M_TASKPOLICY_PORTCALL_70989793,7,1,2,1,4
raw,M_TASKPOLICY_PORTCALL_70989793,8,5,6,1,12
raw,M_TASKPOLICY_PORTCALL_70989793,10,4,8,1,16
raw,M_TASKPOLICY_PORTCALL_70989793,12,4,8,1,16
raw,M_TASKPOLICY_PORTCALL_70989793,13,4,9,2,18
raw,M_TASKPOLICY_INITIO_35D5D1E4,4,25,3,0,6
raw,M_TASKPOLICY_INITIO_35D5D1E4,4,41,0,1,0
raw,M_TASKPOLICY_INITIO_35D5D1E4,5,0,0,1,0
raw,M_TASKPOLICY_IOEXTENT_9818C08A,0,4,3,0,6
raw,M_TASKPOLICY_IOERROR_9413450C,2,3,6,1,12
raw,M_TASKPOLICY_IONAME_8B922013,2,2,6,1,12
raw,M_TASKPOLICY_IOBOUND_33A4879E,0,1,3,0,6
raw,M_TASKPOLICY_IOBOUND_33A4879E,2,1,3,0,6
raw,M_TASKPOLICY_IOOPEN_15F8E966,0,5,5,2,10
raw,M_TASKPOLICY_IOOPEN_15F8E966,2,6,3,0,6
raw,M_TASKPOLICY_IOOPEN_15F8E966,3,2,5,0,10
raw,M_TASKPOLICY_IOOPEN_15F8E966,4,6,6,1,12
raw,M_TASKPOLICY_IOOPEN_15F8E966,5,2,5,0,10
raw,M_TASKPOLICY_IOOPEN_15F8E966,6,2,5,0,10
raw,M_TASKPOLICY_IOOPENTEST_C4ABA6E6,2,5,3,0,6
raw,M_TASKPOLICY_IOOPENTEST_C4ABA6E6,4,6,6,1,12
raw,M_TASKPOLICY_IOOPENTEST_C4ABA6E6,6,6,6,1,12
raw,M_TASKPOLICY_IOCOMPLETE_88BA0BF3,1,5,3,0,6
raw,M_TASKPOLICY_IOCOMPLETE_88BA0BF3,2,6,12,1,24
raw,M_TASKPOLICY_IOWAITOWNER_63A51E9E,0,4,3,0,6
raw,M_TASKPOLICY_IOCOLLECT_D169FE6C,0,2,6,1,12
raw,M_TASKPOLICY_IOCOLLECT_D169FE6C,3,7,6,1,12
raw,M_TASKPOLICY_IOCOLLECT_D169FE6C,5,2,3,0,6
raw,M_TASKPOLICY_IOCOLLECT_D169FE6C,7,3,3,0,6
raw,M_TASKPOLICY_IOENQUEUE_EC975914,1,6,8,1,16
raw,M_TASKPOLICY_IOENQUEUE_EC975914,3,6,8,1,16
raw,M_TASKPOLICY_IOENQUEUE_EC975914,5,6,8,1,16
raw,M_TASKPOLICY_IOENQUEUE_EC975914,7,4,6,1,12
raw,M_TASKPOLICY_IOENQUEUE_EC975914,7,9,7,2,14
raw,M_TASKPOLICY_IOBEGIN_A0C610B5,0,1,3,0,6
raw,M_TASKPOLICY_IOBEGIN_A0C610B5,2,2,3,0,6
raw,M_TASKPOLICY_IOBEGIN_A0C610B5,6,2,6,1,12
raw,M_TASKPOLICY_IOBEGIN_A0C610B5,7,5,3,0,6
raw,M_TASKPOLICY_IOBEGIN_A0C610B5,9,4,6,1,12
raw,M_TASKPOLICY_IOBEGIN_A0C610B5,10,3,8,1,16
raw,M_TASKPOLICY_IOBEGIN_A0C610B5,12,3,8,1,16
raw,M_TASKPOLICY_IOBEGIN_A0C610B5,13,3,8,1,16
raw,M_TASKPOLICY_IOTESTBEGIN_2E780855,10,3,8,1,16
raw,M_TASKPOLICY_IOTESTBEGIN_2E780855,11,3,8,1,16
raw,M_TASKPOLICY_IOABORT_1EC95CFC,0,1,3,0,6
raw,M_TASKPOLICY_IOABORT_1EC95CFC,4,1,3,0,6
raw,M_TASKPOLICY_IOABORT_1EC95CFC,5,3,8,1,16
raw,M_TASKPOLICY_IOABORT_1EC95CFC,7,3,8,1,16
raw,M_TASKPOLICY_IOABORT_1EC95CFC,12,2,3,0,6
raw,M_TASKPOLICY_IOABORT_1EC95CFC,12,9,8,1,16
raw,M_TASKPOLICY_IOWORKERCONTROL_3D43EE5B,6,2,6,1,12
raw,M_TASKPOLICY_IOWORKERCONTROL_3D43EE5B,10,2,3,0,6
raw,M_TASKPOLICY_IOCLAIM_E59988BA,2,2,3,0,6
raw,M_TASKPOLICY_IOCLAIM_E59988BA,4,4,6,1,12
raw,M_TASKPOLICY_IOTEST_D46D842E,3,4,9,2,18
raw,M_TASKPOLICY_IOTEST_D46D842E,8,2,5,0,10
raw,M_TASKPOLICY_IOTEST_D46D842E,15,6,6,1,12
raw,M_TASKPOLICY_IOTEST_D46D842E,17,3,8,1,16
raw,M_TASKPOLICY_IOTESTFINISH_35E02F77,5,8,6,1,12
raw,M_TASKPOLICY_IOTESTFINISH_35E02F77,5,12,8,1,16
raw,M_TASKPOLICY_IOCALL_78031962,0,2,4,1,8
raw,M_TASKPOLICY_IOCALL_78031962,11,1,2,1,4
raw,M_TASKPOLICY_IOCALL_78031962,12,4,8,1,16
raw,M_TASKPOLICY_IOCALL_78031962,14,5,6,1,12
raw,M_TASKPOLICY_IOCALL_78031962,16,4,3,0,6
raw,M_TASKPOLICY_IOCALL_78031962,16,6,4,1,8
raw,M_TASKPOLICY_IOCALL_78031962,18,3,5,0,10
raw,M_TASKPOLICY_IOCALL_78031962,20,2,5,2,10
raw,M_TASKPOLICY_IOCALL_78031962,21,4,9,2,18
raw,M_TASKPOLICY_IOCALL_78031962,23,3,4,1,8
raw,M_TASKPOLICY_IOREQUESTCALL_7ACD78BD,0,2,5,2,10
raw,M_TASKPOLICY_IOREQUESTCALL_7ACD78BD,3,4,9,2,18
raw,M_TASKPOLICY_IOREQUESTCALL_7ACD78BD,6,4,9,2,18
raw,M_TASKPOLICY_IOSETTLEDCALL_042AE5B9,4,1,3,0,6
raw,M_TASKPOLICY_IOSETTLEDCALL_042AE5B9,6,1,3,0,6
raw,M_TASKPOLICY_IOSETTLEDCALL_042AE5B9,7,2,5,0,10
raw,M_TASKPOLICY_IOSETTLEDCALL_042AE5B9,9,1,3,0,6
raw,M_TASKPOLICY_IOSETTLEDCALL_042AE5B9,11,3,8,1,16
raw,M_TASKPOLICY_IOSETTLEDCALL_042AE5B9,13,3,8,1,16
raw,M_TASKPOLICY_IOSETTLEDCALL_042AE5B9,18,3,5,0,10
raw,M_TASKPOLICY_SIOOPEN_38E97F75,3,3,3,0,6
raw,M_TASKPOLICY_SIOOPEN_38E97F75,6,5,3,0,6
raw,M_TASKPOLICY_SIOENQUEUE_F49C65E1,1,5,8,1,16
raw,M_TASKPOLICY_SIOENQUEUE_F49C65E1,3,6,8,1,16
raw,M_TASKPOLICY_SIOENQUEUE_F49C65E1,5,6,12,1,24
raw,M_TASKPOLICY_SIOABORT_410D8B25,2,2,3,0,6
raw,M_TASKPOLICY_SIOABORT_410D8B25,2,9,8,1,16
raw,M_TASKPOLICY_SIOPREPAREWORKER_A27B8738,3,28,3,0,6
raw,M_TASKPOLICY_SIOPREPAREBUS_A2AD2C52,0,20,3,0,6
raw,M_TASKPOLICY_SIOADMIT_DC2C0CF4,6,1,1,0,2
raw,M_TASKPOLICY_SIOADMIT_DC2C0CF4,11,1,3,0,6
raw,M_TASKPOLICY_SIOADMIT_DC2C0CF4,11,5,6,1,12
raw,M_TASKPOLICY_SIOADMIT_DC2C0CF4,11,10,12,1,24
raw,M_TASKPOLICY_SIOTAKE_23947030,4,3,3,0,6
raw,M_TASKPOLICY_SIOTAKE_23947030,6,5,6,1,12
raw,M_TASKPOLICY_SIOFINISH_B1C2A78C,5,8,6,1,12
raw,M_TASKPOLICY_SIOFINISH_B1C2A78C,5,12,8,1,16
raw,M_TASKPOLICY_SIOSTOP_31FA5BA1,3,2,3,0,6
raw,M_TASKPOLICY_SIOSTOP_31FA5BA1,5,2,6,1,12
raw,M_TASKPOLICY_SIOSTOP_31FA5BA1,6,7,7,2,14
raw,M_TASKPOLICY_SIOSTOP_31FA5BA1,8,2,6,1,12
raw,M_TASKPOLICY_SIOWORKERCONTROL_ABEF18A6,3,4,6,1,12
raw,M_TASKPOLICY_SIOWORKERCONTROL_ABEF18A6,5,2,5,0,10
raw,M_TASKPOLICY_SIOWORKERCONTROL_ABEF18A6,13,4,6,1,12
raw,M_TASKPOLICY_SIOWORKERCONTROL_ABEF18A6,14,4,5,2,10
raw,M_TASKPOLICY_SIOWORKERCONTROL_ABEF18A6,16,3,8,1,16
raw,M_TASKPOLICY_SIOWORKERCONTROL_ABEF18A6,18,5,8,1,16
raw,M_TASKPOLICY_SIOWORKERCONTROL_ABEF18A6,20,4,6,1,12
raw,M_TASKPOLICY_SIOWORKERCONTROL_ABEF18A6,22,4,6,1,12
raw,M_TASKPOLICY_SIOPAUSE_4B7D62A1,0,2,6,1,12
raw,M_TASKPOLICY_SIOPAUSE_4B7D62A1,0,3,1,0,2
raw,M_TASKPOLICY_SIOPAUSE_4B7D62A1,0,13,5,0,10
raw,M_TASKPOLICY_SIOPAUSE_4B7D62A1,0,15,3,0,6
raw,M_TASKPOLICY_SIOCONTROL_0EC256A4,1,5,6,1,12
raw,M_TASKPOLICY_SIOCONTROL_0EC256A4,3,4,3,0,6
raw,M_TASKPOLICY_SIOCONTROL_0EC256A4,3,6,6,1,12
raw,M_TASKPOLICY_SIOCONTROL_0EC256A4,5,2,5,2,10
raw,M_TASKPOLICY_SIOCONTROL_0EC256A4,7,4,6,1,12
raw,M_TASKPOLICY_SIOCONTROL_0EC256A4,9,3,8,1,16
raw,M_TASKPOLICY_SIOCONTROL_0EC256A4,10,5,9,2,18
raw,M_TASKPOLICY_SIOREMOVED_B08060ED,2,2,0,1,0
raw,M_TASKPOLICY_SIOREMOVED_B08060ED,2,4,0,1,0
raw,M_TASKPOLICY_SIOREMOVED_B08060ED,7,2,3,0,6
raw,M_TASKPOLICY_SIOREMOVED_B08060ED,9,5,7,2,14
raw,M_TASKPOLICY_DOSRESET_224DFB33,0,1,3,0,6
raw,M_TASKPOLICY_DOSCANREMOVE_DB41E74E,0,1,3,0,6
raw,M_TASKPOLICY_DOSCURRENT_4399DFDB,2,1,3,0,6
raw,M_TASKPOLICY_DOSCURRENT_4399DFDB,4,3,5,0,10
raw,M_TASKPOLICY_DOSREMOVED_D36757B2,6,6,0,1,0
raw,M_TASKPOLICY_DOSREMOVED_D36757B2,10,9,7,2,14
raw,M_TASKPOLICY_DOSPREPARE_61B1CC0D,3,22,3,0,6
raw,M_TASKPOLICY_DOSADMIT_DEA63DC3,6,1,1,0,2
raw,M_TASKPOLICY_DOSADMIT_DEA63DC3,11,2,6,1,12
raw,M_TASKPOLICY_DOSADMIT_DEA63DC3,11,16,12,1,24
raw,M_TASKPOLICY_DOSCONTROL_C7F82CE3,0,1,2,1,4
raw,M_TASKPOLICY_DOSCONTROL_C7F82CE3,1,3,5,0,10
raw,M_TASKPOLICY_DOSCONTROL_C7F82CE3,3,4,3,0,6
raw,M_TASKPOLICY_DOSCONTROL_C7F82CE3,3,5,5,0,10
raw,M_TASKPOLICY_DOSCONTROL_C7F82CE3,5,11,6,1,12
raw,M_TASKPOLICY_DOSCONTROL_C7F82CE3,5,14,5,0,10
raw,M_TASKPOLICY_CONSOLEINIT_02CC0011,6,0,0,1,0
raw,M_TASKPOLICY_CONSOLEPACKETVALID_068AA429,0,2,4,1,8
raw,M_TASKPOLICY_CONSOLEUNBIND_D1E0D209,2,0,0,1,0
raw,M_TASKPOLICY_CONSOLEUNBIND_D1E0D209,2,1,0,1,0
raw,M_TASKPOLICY_CONSOLEUNBIND_D1E0D209,5,5,11,2,22
raw,M_TASKPOLICY_CONSOLEUNBIND_D1E0D209,5,7,0,1,0
raw,M_TASKPOLICY_CONSOLEPRODUCERCONTROL_28DEB132,1,2,5,2,10
raw,M_TASKPOLICY_CONSOLEPRODUCERCONTROL_28DEB132,2,3,6,1,12
raw,M_TASKPOLICY_CONSOLEBINDCONTROL_DC86D25B,0,6,2,1,4
raw,M_TASKPOLICY_CONSOLEBINDCONTROL_DC86D25B,4,3,8,1,16
raw,M_TASKPOLICY_CONSOLEBINDCONTROL_DC86D25B,6,2,4,1,8
raw,M_TASKPOLICY_CONSOLEBINDCONTROL_DC86D25B,7,3,7,2,14
raw,M_TASKPOLICY_CONSOLEBINDCONTROL_DC86D25B,9,1,2,1,4
raw,M_TASKPOLICY_CONSOLEBINDCONTROL_DC86D25B,10,2,4,1,8
raw,M_TASKPOLICY_CONSOLEBINDCONTROL_DC86D25B,13,2,4,1,8
raw,M_TASKPOLICY_CONSOLEBINDCONTROL_DC86D25B,14,11,0,1,0
raw,M_TASKPOLICY_CONSOLEBINDCONTROL_DC86D25B,15,0,0,1,0
raw,M_TASKPOLICY_CONSOLEBINDCONTROL_DC86D25B,16,3,4,1,8
raw,M_TASKPOLICY_CONSOLENAME_0C46F590,0,5,6,1,12
raw,M_TASKPOLICY_CONSOLEBOUND_8755F553,0,0,0,1,0
raw,M_TASKPOLICY_CONSOLEBOUND_8755F553,0,3,3,0,6
raw,M_TASKPOLICY_CONSOLEOPEN_4090447D,0,0,0,1,0
raw,M_TASKPOLICY_CONSOLEOPEN_4090447D,0,2,0,1,0
raw,M_TASKPOLICY_CONSOLEOPEN_4090447D,2,5,3,0,6
raw,M_TASKPOLICY_CONSOLEOPEN_4090447D,10,0,0,1,0
raw,M_TASKPOLICY_CONSOLEIDLE_D6547573,4,2,3,0,6
raw,M_TASKPOLICY_CONSOLEIDLE_D6547573,6,2,3,0,6
raw,M_TASKPOLICY_CONSOLECLOSE_04E65EB3,0,0,0,1,0
raw,M_TASKPOLICY_CONSOLECLOSE_04E65EB3,0,2,0,1,0
raw,M_TASKPOLICY_CONSOLECLOSE_04E65EB3,0,6,6,1,12
raw,M_TASKPOLICY_CONSOLECLOSE_04E65EB3,2,16,0,1,0
raw,M_TASKPOLICY_CONSOLEENQUEUE_BE188809,0,0,0,1,0
raw,M_TASKPOLICY_CONSOLEENQUEUE_BE188809,0,2,0,1,0
raw,M_TASKPOLICY_CONSOLEENQUEUE_BE188809,0,9,3,0,6
raw,M_TASKPOLICY_CONSOLEENQUEUE_BE188809,1,3,8,1,16
raw,M_TASKPOLICY_CONSOLEENQUEUE_BE188809,3,6,8,1,16
raw,M_TASKPOLICY_CONSOLEENQUEUE_BE188809,8,3,8,1,16
raw,M_TASKPOLICY_CONSOLEENQUEUE_BE188809,10,12,12,1,24
raw,M_TASKPOLICY_CONSOLEENQUEUE_BE188809,11,6,8,1,16
raw,M_TASKPOLICY_CONSOLEWAKE_FE0543B3,0,3,7,2,14
raw,M_TASKPOLICY_CONSOLEABORT_CCCE9F0D,0,0,0,1,0
raw,M_TASKPOLICY_CONSOLEABORT_CCCE9F0D,0,2,0,1,0
raw,M_TASKPOLICY_CONSOLEABORT_CCCE9F0D,1,4,6,1,12
raw,M_TASKPOLICY_CONSOLEABORT_CCCE9F0D,3,4,6,1,12
raw,M_TASKPOLICY_CONSOLEABORT_CCCE9F0D,6,2,3,0,6
raw,M_TASKPOLICY_CONSOLEABORT_CCCE9F0D,6,9,8,1,16
raw,M_TASKPOLICY_CONSOLEABORT_CCCE9F0D,7,4,6,1,12
raw,M_TASKPOLICY_CONSOLEPREPARE_8098E872,3,28,3,0,6
raw,M_TASKPOLICY_CONSOLEADMIT_A01C3E0C,0,0,0,1,0
raw,M_TASKPOLICY_CONSOLEADMIT_A01C3E0C,0,2,0,1,0
raw,M_TASKPOLICY_CONSOLEADMIT_A01C3E0C,7,1,1,0,2
raw,M_TASKPOLICY_CONSOLEADMIT_A01C3E0C,12,2,6,1,12
raw,M_TASKPOLICY_CONSOLEADMIT_A01C3E0C,12,25,3,0,6
raw,M_TASKPOLICY_CONSOLEADMIT_A01C3E0C,12,38,3,0,6
raw,M_TASKPOLICY_CONSOLEADMIT_A01C3E0C,12,43,12,1,24
raw,M_TASKPOLICY_CONSOLETAKEARRIVAL_2A1E971F,2,2,3,0,6
raw,M_TASKPOLICY_CONSOLETAKEARRIVAL_2A1E971F,2,7,6,1,12
raw,M_TASKPOLICY_CONSOLETAKEARRIVAL_2A1E971F,7,5,6,1,12
raw,M_TASKPOLICY_CONSOLETAKEARRIVAL_2A1E971F,8,10,6,1,12
raw,M_TASKPOLICY_CONSOLETAKEWRITE_96FEA12D,2,4,3,0,6
raw,M_TASKPOLICY_CONSOLETAKEWRITE_96FEA12D,2,14,6,1,12
raw,M_TASKPOLICY_CONSOLEFINISH_F43924B4,0,0,0,1,0
raw,M_TASKPOLICY_CONSOLEFINISH_F43924B4,10,2,6,1,12
raw,M_TASKPOLICY_CONSOLEFINISH_F43924B4,10,6,8,1,16
raw,M_TASKPOLICY_CONSOLERUNNABLE_8934D92E,7,2,3,0,6
raw,M_TASKPOLICY_CONSOLERUNNABLE_8934D92E,10,2,3,0,6
raw,M_TASKPOLICY_CONSOLESTOP_DAEB4759,1,2,6,1,12
raw,M_TASKPOLICY_CONSOLESTOP_DAEB4759,2,2,6,1,12
raw,M_TASKPOLICY_CONSOLESTOP_DAEB4759,4,6,6,1,12
raw,M_TASKPOLICY_CONSOLESTOP_DAEB4759,5,2,6,1,12
raw,M_TASKPOLICY_CONSOLEWORKERCONTROL_3CA89D3E,0,0,0,1,0
raw,M_TASKPOLICY_CONSOLEWORKERCONTROL_3CA89D3E,0,2,0,1,0
raw,M_TASKPOLICY_CONSOLEWORKERCONTROL_3CA89D3E,3,4,6,1,12
raw,M_TASKPOLICY_CONSOLEWORKERCONTROL_3CA89D3E,5,3,8,1,16
raw,M_TASKPOLICY_CONSOLEWORKERCONTROL_3CA89D3E,7,2,5,0,10
raw,M_TASKPOLICY_CONSOLEWORKERCONTROL_3CA89D3E,9,6,12,1,24
raw,M_TASKPOLICY_CONSOLEWORKERCONTROL_3CA89D3E,13,4,6,1,12
raw,M_TASKPOLICY_CONSOLEWORKERCONTROL_3CA89D3E,15,3,6,1,12
raw,M_TASKPOLICY_CONSOLEWORKERCONTROL_3CA89D3E,15,5,6,1,12
raw,M_TASKPOLICY_CONSOLEWORKERCONTROL_3CA89D3E,17,4,5,0,10
raw,M_TASKPOLICY_CONSOLECHECKEXTENT_830BDAF3,0,7,6,1,12
raw,M_TASKPOLICY_CONSOLECHECKEXTENT_830BDAF3,0,9,6,1,12
raw,M_TASKPOLICY_CONSOLECONTROL_F218511C,0,3,7,2,14
raw,M_TASKPOLICY_CONSOLECONTROL_F218511C,2,1,2,1,4
raw,M_TASKPOLICY_CONSOLECONTROL_F218511C,2,7,0,1,0
raw,M_TASKPOLICY_CONSOLECONTROL_F218511C,3,4,3,0,6
raw,M_TASKPOLICY_CONSOLECONTROL_F218511C,3,6,6,1,12
raw,M_TASKPOLICY_CONSOLECONTROL_F218511C,5,4,6,1,12
raw,M_TASKPOLICY_CONSOLECONTROL_F218511C,7,3,0,1,0
raw,M_TASKPOLICY_CONSOLECONTROL_F218511C,7,4,11,2,22
raw,M_TASKPOLICY_CONSOLECONTROL_F218511C,8,3,8,1,16
raw,M_TASKPOLICY_CONSOLEWORKERBOUND_96318375,0,0,0,1,0
raw,M_TASKPOLICY_CONSOLERESIDENTCOUNT_6078C646,0,0,0,1,0
raw,M_TASKPOLICY_CONSOLECANREMOVE_6BA935F9,0,0,0,1,0
raw,M_TASKPOLICY_CONSOLECANREMOVE_6BA935F9,0,2,0,1,0
raw,M_TASKPOLICY_CONSOLECANREMOVE_6BA935F9,6,2,0,1,0
raw,M_TASKPOLICY_CONSOLECANREMOVE_6BA935F9,6,4,0,1,0
raw,M_TASKPOLICY_CONSOLECANREMOVE_6BA935F9,6,6,0,1,0
raw,M_TASKPOLICY_CONSOLECANREMOVE_6BA935F9,10,2,6,1,12
raw,M_TASKPOLICY_CONSOLEREMOVED_E0E10625,0,0,0,1,0
raw,M_TASKPOLICY_CONSOLEREMOVED_E0E10625,0,2,0,1,0
raw,M_TASKPOLICY_CONSOLEREMOVED_E0E10625,5,2,0,1,0
raw,M_TASKPOLICY_CONSOLEREMOVED_E0E10625,5,4,0,1,0
raw,M_TASKPOLICY_CONSOLEREMOVED_E0E10625,8,2,6,1,12
raw,M_TASKPOLICY_CONSOLEREMOVED_E0E10625,10,8,7,2,14
raw,M_TASKPOLICY_REQUESTVALID_195CAC51,0,1,1,0,2
raw,M_TASKPOLICY_REQUESTVALID_195CAC51,1,1,2,1,4
raw,M_TASKPOLICY_REQUESTVALID_195CAC51,4,2,4,1,8
raw,M_TASKPOLICY_REQUESTVALID_195CAC51,5,2,4,1,8
raw,M_TASKPOLICY_REQUESTVALID_195CAC51,6,1,2,1,4
raw,M_TASKPOLICY_REQUESTVALID_195CAC51,8,1,1,0,2
raw,M_TASKPOLICY_REQUESTVALID_195CAC51,10,2,4,1,8
raw,M_TASKPOLICY_REQUESTVALID_195CAC51,11,2,4,1,8
raw,M_TASKPOLICY_REQUESTVALID_195CAC51,12,1,2,1,4
raw,M_TASKPOLICY_REQUESTVALID_195CAC51,13,1,1,0,2
raw,M_TASKPOLICY_REQUESTVALID_195CAC51,14,1,1,0,2
raw,M_TASKPOLICY_REQUESTVALID_195CAC51,15,1,1,0,2
raw,M_TASKPOLICY_REQUESTVALID_195CAC51,17,2,4,1,8
raw,M_TASKPOLICY_REQUESTVALID_195CAC51,18,2,4,1,8
raw,M_TASKPOLICY_REQUESTVALID_195CAC51,21,1,2,1,4
raw,M_TASKPOLICY_REQUESTVALID_195CAC51,26,1,2,1,4
raw,M_TASKPOLICY_REQUESTVALID_195CAC51,28,2,4,1,8
raw,M_TASKPOLICY_REQUESTVALID_195CAC51,32,1,2,1,4
raw,M_TASKPOLICY_REQUESTVALID_195CAC51,34,2,4,1,8
raw,M_TASKPOLICY_REQUESTVALID_195CAC51,37,2,4,1,8
raw,M_TASKPOLICY_REQUESTVALID_195CAC51,42,1,2,1,4
raw,M_TASKPOLICY_REQUESTVALID_195CAC51,44,2,4,1,8
raw,M_TASKPOLICY_REQUESTVALID_195CAC51,45,2,4,1,8
raw,M_TASKPOLICY_REQUESTVALID_195CAC51,48,1,2,1,4
raw,M_TASKPOLICY_ROUTE_3006B749,0,1,1,0,2
raw,M_TASKPOLICY_ROUTE_3006B749,1,3,6,1,12
raw,M_TASKPOLICY_ROUTE_3006B749,3,2,5,2,10
raw,M_TASKPOLICY_ROUTE_3006B749,5,2,5,2,10
raw,M_TASKPOLICY_ROUTE_3006B749,9,3,6,1,12
raw,M_TASKPOLICY_ROUTE_3006B749,13,2,5,2,10
raw,M_TASKPOLICY_ROUTE_3006B749,15,2,5,2,10
raw,M_TASKPOLICY_ROUTE_3006B749,16,3,6,1,12
raw,M_TASKPOLICY_ROUTE_3006B749,17,1,4,1,8
raw,M_TASKPOLICY_ROUTE_3006B749,19,4,5,2,10
raw,M_TASKPOLICY_ROUTE_3006B749,21,2,5,2,10
raw,M_TASKPOLICY_ROUTE_3006B749,23,1,2,1,4
raw,M_TASKPOLICY_ROUTE_3006B749,25,2,5,2,10
raw,M_TASKPOLICY_ROUTE_3006B749,27,2,2,1,4
raw,M_TASKPOLICY_ROUTE_3006B749,27,4,3,0,6
raw,M_TASKPOLICY_ROUTE_3006B749,27,5,5,0,10
raw,M_TASKPOLICY_ROUTE_3006B749,29,1,2,1,4
raw,M_TASKPOLICY_ROUTE_3006B749,31,3,6,1,12
raw,M_TASKPOLICY_ROUTE_3006B749,34,2,5,2,10
raw,M_TASKPOLICY_ROUTE_3006B749,35,1,4,1,8
raw,M_TASKPOLICY_FINISHDISPATCH_46CD5A79,4,0,0,1,0
raw,M_TASKPOLICY_FINISHDISPATCH_46CD5A79,8,2,5,2,10
raw,M_TASKPOLICY_DISPATCH_2D7B283C,0,2,3,0,6
raw,M_TASKPOLICY_DISPATCH_2D7B283C,2,2,1,0,2
raw,M_TASKPOLICY_DISPATCH_2D7B283C,5,2,0,1,0
raw,M_TASKPOLICY_DISPATCH_2D7B283C,7,0,0,1,0
raw,M_TASKPOLICY_DISPATCH_2D7B283C,10,1,1,0,2
raw,M_TASKPOLICY_DISPATCH_2D7B283C,12,2,0,1,0
raw,M_TASKPOLICY_DISPATCH_2D7B283C,14,2,5,2,10
raw,M_TASKPOLICY_DISPATCH_2D7B283C,15,5,6,1,12
raw,M_TASKPOLICY_DISPATCH_2D7B283C,15,6,7,2,14
raw,M_TASKPOLICY_DISPATCH_2D7B283C,16,1,1,0,2
raw,M_TASKPOLICY_DISPATCH_2D7B283C,17,5,6,1,12
raw,M_TASKPOLICY_DISPATCH_2D7B283C,17,6,7,2,14
raw,M_TASKPOLICY_DISPATCH_2D7B283C,18,1,1,0,2
raw,M_TASKPOLICY_DISPATCH_2D7B283C,19,5,6,1,12
raw,M_TASKPOLICY_DISPATCH_2D7B283C,19,6,7,2,14
raw,M_TASKPOLICY_DISPATCH_2D7B283C,20,5,6,1,12
raw,M_TASKPOLICY_DISPATCH_2D7B283C,20,6,7,2,14
raw,M_CONSOLECORE_INIT_F63331F9,8,4,12,1,24
raw,M_CONSOLECORE_EDITQUANTUM_E6CDEC54,7,4,7,2,14
raw,M_CONSOLECORE_CHARACTER_94A5011A,5,15,7,2,14
raw,M_CONSOLECORE_CHARACTER_94A5011A,6,1,3,0,6
raw,M_CONSOLECORE_CHARACTER_94A5011A,15,1,3,0,6
raw,M_CONSOLECORE_CHARACTER_94A5011A,18,1,3,0,6
raw,M_CONSOLECORE_FEED_287D49E7,1,1,3,0,6
raw,M_CONSOLECORE_FEED_287D49E7,6,4,4,1,8
raw,M_CONSOLEINPUT_CLEAR_3DEF4D2B,0,0,0,1,0
raw,M_CONSOLEINPUT_DELIVER_8B43A137,3,2,7,2,14
raw,M_CONSOLEINPUT_DELIVER_8B43A137,6,1,3,0,6
raw,M_CONSOLEINPUT_PUMP_600356CC,2,0,0,1,0
raw,M_CONSOLEINPUT_PUMP_600356CC,6,1,3,0,6
raw,M_CONSOLEINPUT_PUMP_600356CC,7,2,7,2,14
raw,M_CONSOLEINPUT_READ_9E7D5EC6,3,1,3,0,6
raw,M_CONSOLEDISPLAY_VALIDATE_33E36106,16,2,4,1,8
raw,M_CONSOLEDISPLAY_COPYSCREEN_6781A699,6,0,0,1,0
raw,M_CONSOLEDISPLAY_CLAIM_0FF5CDD8,2,0,0,1,0
raw,M_CONSOLEDISPLAY_CLAIM_0FF5CDD8,6,28,6,1,12
raw,M_CONSOLEDISPLAY_CLAIM_0FF5CDD8,8,2,6,1,12
raw,M_CONSOLEDISPLAY_RELEASE_C2AC22C5,2,6,6,1,12
raw,M_CONSOLEDISPLAY_CURSOR_3EC7579C,4,10,4,1,8
raw,M_CONSOLEDISPLAY_CURSOR_3EC7579C,4,18,1,0,2
raw,M_CONSOLEDISPLAY_CELLS_58FB51DD,10,8,4,1,8
raw,M_CONSOLEDISPLAY_CELLS_58FB51DD,10,17,1,0,2
raw,M_CONSOLEDISPLAY_QUANTUM_5F98A18D,3,2,6,1,12
raw,M_CONSOLEDISPLAY_QUANTUM_5F98A18D,6,2,6,1,12
raw,M_CONSOLEDISPLAY_QUANTUM_5F98A18D,6,5,6,1,12
raw,M_CONSOLEDRIVER_MAPPED_DAA6A481,7,2,5,0,10
raw,M_CONSOLEDRIVER_VALIDATE_72D30322,11,2,4,1,8
raw,M_CONSOLEDRIVER_VALIDATE_72D30322,12,4,7,2,14
raw,M_CONSOLEDRIVER_FINISHWRITE_E8555190,2,2,4,1,8
raw,M_CONSOLEDRIVER_WRITEQUANTUM_AEE13626,1,0,4,1,8
raw,M_CONSOLEDRIVER_WRITEQUANTUM_AEE13626,4,1,3,0,6
raw,M_CONSOLEDRIVER_WRITEQUANTUM_AEE13626,5,5,6,1,12
raw,M_CONSOLEDRIVER_WRITEQUANTUM_AEE13626,7,1,3,0,6
raw,M_CONSOLEDRIVER_WRITEQUANTUM_AEE13626,9,2,6,1,12
raw,M_CONSOLEDRIVER_WRITEQUANTUM_AEE13626,13,10,8,1,16
raw,M_CONSOLEDRIVER_READQUANTUM_10EBF725,4,2,3,0,6
raw,M_CONSOLEDRIVER_READQUANTUM_10EBF725,9,2,4,1,8
raw,M_CONSOLEDRIVER_READQUANTUM_10EBF725,14,4,8,1,16
raw,M_CONSOLEDRIVER_ARRIVAL_EC6B7DA9,0,0,4,1,8
raw,M_CONSOLEDRIVER_ARRIVAL_EC6B7DA9,3,1,3,0,6
raw,M_CONSOLEDRIVER_ARRIVAL_EC6B7DA9,4,2,4,1,8
raw,M_CONSOLEDRIVER_INITIALIZE_D6CB2592,0,2,8,1,16
raw,M_CONSOLEDRIVER_INITIALIZE_D6CB2592,0,6,8,1,16
raw,M_CONSOLEDRIVER_INITIALIZE_D6CB2592,3,5,14,1,28
raw,M_CONSOLEDRIVER_INITIALIZE_D6CB2592,7,1,3,0,6
raw,M_CONSOLEDRIVER_INITIALIZE_D6CB2592,7,2,0,1,0
raw,M_CONSOLEDRIVER_INITIALIZE_D6CB2592,8,2,6,1,12
raw,M_CONSOLEDRIVER_INITIALIZE_D6CB2592,8,13,8,1,16
raw,M_CONSOLEDRIVER_INITIALIZE_D6CB2592,10,4,9,0,18
raw,M_CONSOLEDRIVER_INITIALIZE_D6CB2592,12,0,1,0,2
raw,M_CONSOLEDRIVER_INITIALIZE_D6CB2592,14,0,1,0,2
raw,M_CONSOLEDRIVER_INITIALIZE_D6CB2592,15,0,1,0,2
raw,M_CONSOLEDRIVER_INITIALIZE_D6CB2592,16,0,3,0,6
raw,M_CONSOLEDRIVER_INITIALIZE_D6CB2592,16,1,7,2,14
raw,M_CONSOLEDRIVER_INITIALIZE_D6CB2592,17,0,1,0,2
raw,M_CONSOLEDRIVER_INITIALIZE_D6CB2592,17,1,1,0,2
raw,M_CONSOLEDRIVER_FREESTORAGE_02676B4B,0,4,3,0,6
raw,M_CONSOLEDRIVER_FREESTORAGE_02676B4B,1,3,7,2,14
raw,M_CONSOLEDRIVER_FREESTORAGE_02676B4B,3,3,7,2,14
raw,M_CONSOLEDRIVER_FREESTORAGE_02676B4B,5,3,7,2,14
raw,M_CONSOLEDRIVER_WORKER_589B3ABC,0,0,0,1,0
raw,M_CONSOLEDRIVER_WORKER_589B3ABC,0,2,0,1,0
raw,M_CONSOLEDRIVER_WORKER_589B3ABC,0,6,6,1,12
raw,M_CONSOLEDRIVER_WORKER_589B3ABC,1,2,6,1,12
raw,M_CONSOLEDRIVER_WORKER_589B3ABC,1,6,4,1,8
raw,M_CONSOLEDRIVER_WORKER_589B3ABC,2,0,4,1,8
raw,M_CONSOLEDRIVER_WORKER_589B3ABC,4,0,0,1,0
raw,M_CONSOLEDRIVER_WORKER_589B3ABC,4,2,3,0,6
raw,M_CONSOLEDRIVER_WORKER_589B3ABC,4,4,0,1,0
raw,M_CONSOLEDRIVER_WORKER_589B3ABC,4,7,6,1,12
raw,M_CONSOLEDRIVER_WORKER_589B3ABC,4,10,6,1,12
raw,M_CONSOLEDRIVER_WORKER_589B3ABC,4,12,3,0,6
raw,M_CONSOLEDRIVER_WORKER_589B3ABC,4,17,6,1,12
raw,M_CONSOLEDRIVER_WORKER_589B3ABC,4,18,4,1,8
raw,M_CONSOLEDRIVER_WORKER_589B3ABC,5,0,0,1,0
raw,M_CONSOLEDRIVER_WORKER_589B3ABC,5,1,1,0,2
raw,M_CONSOLEDRIVER_WORKER_589B3ABC,5,2,1,0,2
raw,M_CONSOLEDRIVER_WORKER_589B3ABC,5,5,6,1,12
raw,M_CONSOLEDRIVER_WORKER_589B3ABC,5,6,4,1,8
raw,M_CONSOLEDRIVER_WORKER_589B3ABC,6,0,4,1,8
raw,M_CONSOLEDRIVER_WORKER_589B3ABC,7,0,0,1,0
raw,M_CONSOLEDRIVER_START_3E6AAC44,0,1,4,1,8
raw,M_CONSOLEDRIVER_START_3E6AAC44,3,1,2,1,4
raw,M_CONSOLEDRIVER_START_3E6AAC44,3,3,4,1,8
raw,M_CONSOLEDRIVER_STOP_093D3500,0,0,4,1,8
raw,M_CONSOLEDRIVER_STOP_093D3500,3,0,4,1,8
raw,M_CONSOLEDRIVER_STOP_093D3500,4,1,2,1,4
raw,M_PORTCORE_CREATEMSGPORT_A47550A3,0,3,8,1,16
raw,M_PORTCORE_CREATEMSGPORT_A47550A3,2,0,1,0,2
raw,M_PORTCORE_CREATEMSGPORT_A47550A3,3,3,7,2,14
raw,M_PORTCORE_CREATEMSGPORT_A47550A3,4,12,3,0,6
raw,M_PORTCORE_CREATEMSGPORT_A47550A3,4,16,3,0,6
raw,M_PORTCORE_DELETEMSGPORT_9136F7C6,2,1,3,0,6
raw,M_PORTCORE_DELETEMSGPORT_9136F7C6,2,4,1,0,2
raw,M_PORTCORE_DELETEMSGPORT_9136F7C6,2,8,7,2,14
raw,M_SIODRIVER_SIOMAPPED_D1D9A9D6,7,2,5,0,10
raw,M_SIODRIVER_SIOVALIDATE_7D355271,25,1,3,0,6
raw,M_SIODRIVER_SIOVALIDATE_7D355271,29,4,7,2,14
raw,M_SIODRIVER_PREPARE_D10BF723,4,5,6,1,12
raw,M_SIODRIVER_HARDWAREINIT_3568BDA6,0,0,1,0,2
raw,M_SIODRIVER_HARDWAREINIT_3568BDA6,0,2,1,0,2
raw,M_SIODRIVER_HARDWAREINIT_3568BDA6,3,0,3,0,6
raw,M_SIODRIVER_HARDWAREINIT_3568BDA6,3,2,7,2,14
raw,M_SIODRIVER_HARDWAREINIT_3568BDA6,4,1,1,0,2
raw,M_SIODRIVER_HARDWAREINIT_3568BDA6,6,1,1,0,2
raw,M_SIODRIVER_HARDWAREINIT_3568BDA6,8,0,0,1,0
raw,M_SIODRIVER_HARDWAREINIT_3568BDA6,9,0,1,0,2
raw,M_SIODRIVER_HARDWAREINIT_3568BDA6,9,1,1,0,2
raw,M_SIODRIVER_HARDWAREINIT_3568BDA6,11,0,0,1,0
raw,M_SIODRIVER_HARDWAREINIT_3568BDA6,11,1,0,1,0
raw,M_SIODRIVER_RUNREQUEST_4500BA50,1,5,4,1,8
raw,M_SIODRIVER_RUNREQUEST_4500BA50,2,4,3,0,6
raw,M_SIODRIVER_RUNREQUEST_4500BA50,3,0,4,1,8
raw,M_SIODRIVER_RUNREQUEST_4500BA50,4,1,3,0,6
raw,M_SIODRIVER_RUNREQUEST_4500BA50,4,2,4,1,8
raw,M_SIODRIVER_RUNREQUEST_4500BA50,4,4,0,1,0
raw,M_SIODRIVER_RUNREQUEST_4500BA50,7,0,2,1,4
raw,M_SIODRIVER_RUNREQUEST_4500BA50,8,9,4,1,8
raw,M_SIODRIVER_RUNREQUEST_4500BA50,10,1,4,1,8
raw,M_SIODRIVER_RUNREQUEST_4500BA50,11,0,0,1,0
raw,M_SIODRIVER_RUNREQUEST_4500BA50,12,0,2,1,4
raw,M_SIODRIVER_RUNREQUEST_4500BA50,13,3,4,1,8
raw,M_SIODRIVER_RUNREQUEST_4500BA50,14,1,2,1,4
raw,M_SIODRIVER_RUNREQUEST_4500BA50,15,0,0,1,0
raw,M_SIODRIVER_WORKER_374ADF8C,0,0,0,1,0
raw,M_SIODRIVER_WORKER_374ADF8C,0,1,0,1,0
raw,M_SIODRIVER_WORKER_374ADF8C,1,0,4,1,8
raw,M_SIODRIVER_WORKER_374ADF8C,1,2,0,1,0
raw,M_SIODRIVER_WORKER_374ADF8C,2,0,4,1,8
raw,M_SIODRIVER_WORKER_374ADF8C,2,2,0,1,0
raw,M_SIODRIVER_WORKER_374ADF8C,3,0,4,1,8
raw,M_SIODRIVER_WORKER_374ADF8C,4,0,4,1,8
raw,M_SIODRIVER_WORKER_374ADF8C,5,0,0,1,0
raw,M_SIODRIVER_WORKER_374ADF8C,5,1,0,1,0
raw,M_SIODRIVER_WORKER_374ADF8C,5,2,0,1,0
raw,M_SIODRIVER_WORKER_374ADF8C,5,3,0,1,0
raw,M_SIODRIVER_WORKER_374ADF8C,5,4,1,0,2
raw,M_SIODRIVER_WORKER_374ADF8C,5,5,1,0,2
raw,M_SIODRIVER_WORKER_374ADF8C,5,6,4,1,8
raw,M_SIODRIVER_WORKER_374ADF8C,5,8,0,1,0
raw,M_SIODRIVER_WORKER_374ADF8C,6,1,4,1,8
raw,M_SIODRIVER_WORKER_374ADF8C,7,1,3,0,6
raw,M_SIODRIVER_UNAVAILABLE_B7013E26,0,0,4,1,8
raw,M_SIODRIVER_START_4928F5B4,0,1,4,1,8
raw,M_SIODRIVER_START_4928F5B4,3,0,4,1,8
raw,M_SIODRIVER_START_4928F5B4,3,2,4,1,8
raw,M_SIODRIVER_STOP_B26AF28A,0,0,4,1,8
raw,M_SIODRIVER_STOP_B26AF28A,1,0,4,1,8
raw,M_SIODRIVER_STOP_B26AF28A,2,0,4,1,8
raw,M_IOCORE_OPENDEVICE_A2787528,0,1,3,0,6
raw,M_IOCORE_OPENDEVICE_A2787528,1,0,0,1,0
raw,M_IOCORE_OPENDEVICE_A2787528,2,4,14,3,28
raw,M_IOCORE_CREATEIOREQUEST_DE10015D,0,1,3,0,6
raw,M_IOCORE_CREATEIOREQUEST_DE10015D,4,3,8,1,16
raw,M_IOCORE_DELETEIOREQUEST_93A87E78,2,1,3,0,6
raw,M_IOCORE_DELETEIOREQUEST_93A87E78,2,7,7,2,14
raw,M_IOCORE_WAITIO_8CA35F61,0,1,3,0,6
raw,M_IOCORE_WAITIO_8CA35F61,2,5,4,1,8
raw,M_IOCORE_WAITIO_8CA35F61,2,8,3,0,6
raw,M_IOCORE_DOIO_173DC4A1,0,1,3,0,6
raw,M_IOCORE_DOIO_173DC4A1,1,1,3,0,6
raw,M_DOSCLIENT_IOERR_BF9E8A97,0,0,0,1,0
raw,M_DOSCLIENT_SETERROR_F2B11A26,0,0,0,1,0
raw,M_DOSCLIENT_NEWCLIENT_41735729,0,5,8,1,16
raw,M_DOSCLIENT_NEWCLIENT_41735729,2,5,0,1,0
raw,M_DOSCLIENT_NEWCLIENT_41735729,3,3,7,2,14
raw,M_DOSCLIENT_ENSURE_1859B044,0,0,0,1,0
raw,M_DOSCLIENT_ENSURE_1859B044,4,1,3,0,6
raw,M_DOSCLIENT_ENSURE_1859B044,5,0,2,1,4
raw,M_DOSCLIENT_RELEASECONTEXT_90CB2A06,0,0,0,1,0
raw,M_DOSCLIENT_RELEASECONTEXT_90CB2A06,5,0,2,1,4
raw,M_DOSCLIENT_RELEASECONTEXT_90CB2A06,19,3,3,0,6
raw,M_DOSCLIENT_RELEASECONTEXT_90CB2A06,20,2,3,0,6
raw,M_DOSCLIENT_RELEASECONTEXT_90CB2A06,20,6,7,2,14
raw,M_DOSCLIENT_CHECKREPLY_4530772C,1,0,2,1,4
raw,M_DOSCLIENT_CHECKREPLY_4530772C,3,0,2,1,4
raw,M_DOSCLIENT_CHECKREPLY_4530772C,6,0,2,1,4
raw,M_DOSCLIENT_CALL_35DB3B22,0,0,0,1,0
raw,M_DOSCLIENT_CALL_35DB3B22,4,0,2,1,4
raw,M_DOSCLIENT_CALL_35DB3B22,8,14,6,1,12
raw,M_DOSCLIENT_CALL_35DB3B22,8,17,3,0,6
raw,M_DOSCLIENT_CALL_35DB3B22,8,21,3,0,6
raw,M_DOSCLIENT_CALL_35DB3B22,8,25,6,1,12
raw,M_DOSOBJECTS_LINK_9FA00D0F,1,0,2,1,4
raw,M_DOSOBJECTS_UNLINK_C978FCF4,6,0,2,1,4
raw,M_BLOCKWIRE_TRANSFER_0A2F17CC,0,2,3,0,6
raw,M_BLOCKIO_MAPPED_A9EEA713,9,2,5,0,10
raw,M_BLOCKIO_CREATE_DF5BA086,0,3,8,1,16
raw,M_BLOCKIO_CREATE_DF5BA086,2,1,0,1,0
raw,M_BLOCKIO_CREATE_DF5BA086,3,4,7,2,14
raw,M_BLOCKIO_CREATE_DF5BA086,4,3,7,2,14
raw,M_BLOCKIO_CREATE_DF5BA086,5,3,8,1,16
raw,M_BLOCKIO_CREATE_DF5BA086,6,2,3,0,6
raw,M_BLOCKIO_CREATE_DF5BA086,8,3,3,0,6
raw,M_BLOCKIO_DESTROY_0CC5CBD8,5,3,7,2,14
raw,M_BLOCKIO_DESTROY_0CC5CBD8,5,7,3,0,6
raw,M_BLOCKIO_DESTROY_0CC5CBD8,5,10,3,0,6
raw,M_BLOCKIO_DESTROY_0CC5CBD8,5,14,7,2,14
raw,M_BLOCKIO_OPENVOLUME_36B90798,0,4,7,2,14
raw,M_BLOCKIO_OPENVOLUME_36B90798,2,1,3,0,6
raw,M_BLOCKIO_OPENVOLUME_36B90798,2,6,3,0,6
raw,M_BLOCKIO_OPENVOLUME_36B90798,2,15,14,3,28
raw,M_BLOCKIO_OPENVOLUME_36B90798,3,7,3,0,6
raw,M_BLOCKIO_ATTACH_A1159825,3,6,15,2,30
raw,M_BLOCKIO_ATTACH_A1159825,5,3,8,1,16
raw,M_BLOCKIO_ATTACH_A1159825,7,26,6,1,12
raw,M_BLOCKIO_ATTACH_A1159825,8,3,7,2,14
raw,M_BLOCKIO_DETACH_FC4FFB83,7,8,3,0,6
raw,M_BLOCKIO_DETACH_FC4FFB83,7,12,3,0,6
raw,M_BLOCKIO_DETACH_FC4FFB83,7,16,7,2,14
raw,M_BLOCKIO_CHECK_A5B41A2A,2,2,7,2,14
raw,M_BLOCKIO_CHECK_A5B41A2A,3,1,3,0,6
raw,M_BLOCKIO_CHECK_A5B41A2A,5,1,3,0,6
raw,M_BLOCKIO_CHECK_A5B41A2A,7,3,10,1,20
raw,M_BLOCKIO_CHECK_A5B41A2A,9,1,3,0,6
raw,M_BLOCKIO_BEGINFETCH_6B9D7F07,0,3,10,1,20
raw,M_BLOCKIO_BEGINFETCH_6B9D7F07,4,23,15,0,30
raw,M_BLOCKIO_FINISHFETCH_D55D2AA5,0,2,7,2,14
raw,M_BLOCKIO_FINISHFETCH_D55D2AA5,0,9,12,1,24
raw,M_BLOCKIO_FINISHFETCH_D55D2AA5,1,4,12,1,24
raw,M_BLOCKIO_FETCH_124BDACE,0,3,10,1,20
raw,M_BLOCKIO_FETCH_124BDACE,2,2,3,0,6
raw,M_BLOCKIO_FETCH_124BDACE,2,9,14,1,28
raw,M_BLOCKIO_READSECTOR_D918C668,0,2,7,2,14
raw,M_BLOCKIO_READSECTOR_D918C668,1,1,3,0,6
raw,M_BLOCKIO_READSECTOR_D918C668,3,3,7,2,14
raw,M_BLOCKIO_READSECTOR_D918C668,4,1,3,0,6
raw,M_BLOCKIO_READSECTOR_D918C668,5,3,10,1,20
raw,M_MYDOSNAMES_STORED_9F1E578A,14,3,1,0,2
raw,M_MYDOSNAMES_MATCH_52630F12,5,3,1,0,2
raw,M_MYDOSNAMES_MATCH_52630F12,5,7,1,0,2
raw,M_MYDOSNAMES_COMPONENT_FF2F5328,10,1,1,0,2
raw,M_MYDOSNAMES_COMPONENT_FF2F5328,23,2,3,0,6
raw,M_FSNAMES_STREAM_12DD2A4A,1,2,1,0,2
raw,M_FSNAMES_STREAM_12DD2A4A,3,2,1,0,2
raw,M_FSNAMES_STREAM_12DD2A4A,4,2,1,0,2
raw,M_FSNAMES_STREAM_12DD2A4A,5,2,1,0,2
raw,M_FSNAMES_STREAM_12DD2A4A,7,2,1,0,2
raw,M_FSNAMES_STREAM_12DD2A4A,8,2,1,0,2
raw,M_FSNAMES_STREAM_12DD2A4A,9,2,1,0,2
raw,M_FSNAMES_STREAM_12DD2A4A,11,2,1,0,2
raw,M_FSNAMES_STREAM_12DD2A4A,13,2,1,0,2
raw,M_FSNAMES_STREAM_12DD2A4A,16,2,1,0,2
raw,M_FSNAMES_STREAM_12DD2A4A,17,2,1,0,2
raw,M_FSNAMES_STREAM_12DD2A4A,19,2,1,0,2
raw,M_FSNAMES_STREAM_12DD2A4A,20,2,1,0,2
raw,M_FSNAMES_STREAM_12DD2A4A,21,2,1,0,2
raw,M_FSNAMES_STREAM_12DD2A4A,22,2,1,0,2
raw,M_FSNAMES_STREAM_12DD2A4A,23,2,1,0,2
raw,M_FSNAMES_MAPPED_324F42A3,2,2,7,2,14
raw,M_FSNAMES_PATH_CFBF830F,10,2,5,0,10
raw,M_FSNAMES_PATH_CFBF830F,25,3,1,0,2
raw,M_FSNAMES_ALIAS_A2F2B006,2,3,1,0,2
raw,M_FSNAMES_ALIAS_A2F2B006,2,7,1,0,2
raw,M_FSNAMES_SAMEALIAS_76260CCC,2,3,1,0,2
raw,M_FSNAMES_SAMEALIAS_76260CCC,2,7,1,0,2
raw,M_FSNAMES_VALIDALIAS_36EB4E14,4,5,5,2,10
raw,M_FSNAMES_VALIDALIAS_36EB4E14,5,1,1,0,2
raw,M_DOSSTREAMS_VALIDBUFFER_D67D80FE,1,1,4,1,8
raw,M_DOSSTREAMS_VALIDBUFFER_D67D80FE,4,3,7,2,14
raw,M_DOSSTREAMS_VALIDBUFFER_D67D80FE,5,1,4,1,8
raw,M_DOSSTREAMS_OPENNIL_7EDE8F17,0,0,0,1,0
raw,M_DOSSTREAMS_OPENNIL_7EDE8F17,0,7,8,1,16
raw,M_DOSSTREAMS_OPENNIL_7EDE8F17,2,7,6,1,12
raw,M_DOSSTREAMS_TRANSFERNIL_E7EA5C2C,0,4,7,2,14
raw,M_DOSSTREAMS_TRANSFERNIL_E7EA5C2C,2,1,4,1,8
raw,M_DOSSTREAMS_CLOSENIL_3520E24B,0,0,0,1,0
raw,M_DOSSTREAMS_CLOSENIL_3520E24B,0,7,6,1,12
raw,M_DOSSTREAMS_CLOSENIL_3520E24B,0,10,6,1,12
raw,M_DOSSTREAMS_CLOSENIL_3520E24B,1,0,2,1,4
raw,M_DOSSTREAMS_CLOSENIL_3520E24B,2,3,7,2,14
raw,M_DOSRAW_LIVE_14427091,0,0,0,1,0
raw,M_DOSRAW_INITIALIZE_D871F7B7,0,2,3,0,6
raw,M_DOSRAW_ROLLBACK_4A7594F5,0,0,0,1,0
raw,M_DOSRAW_ROLLBACK_4A7594F5,0,5,0,1,0
raw,M_DOSRAW_ACQUIRE_CC49A145,0,0,0,1,0
raw,M_DOSRAW_ACQUIRE_CC49A145,0,2,0,1,0
raw,M_DOSRAW_ACQUIRE_CC49A145,3,0,0,1,0
raw,M_DOSRAW_ACQUIRE_CC49A145,3,2,4,1,8
raw,M_DOSRAW_ACQUIRE_CC49A145,4,4,0,1,0
raw,M_DOSRAW_ACQUIRE_CC49A145,5,0,0,1,0
raw,M_DOSRAW_ACQUIRE_CC49A145,5,2,4,1,8
raw,M_DOSRAW_ACQUIRE_CC49A145,7,9,0,1,0
raw,M_DOSRAW_ACQUIRE_CC49A145,7,13,8,1,16
raw,M_DOSRAW_ACQUIRE_CC49A145,8,1,3,0,6
raw,M_DOSRAW_ACQUIRE_CC49A145,8,3,4,1,8
raw,M_DOSRAW_ACQUIRE_CC49A145,9,2,7,2,14
raw,M_DOSRAW_ACQUIRE_CC49A145,9,10,14,3,28
raw,M_DOSRAW_ACQUIRE_CC49A145,10,3,7,2,14
raw,M_DOSRAW_ACQUIRE_CC49A145,10,5,3,0,6
raw,M_DOSRAW_ACQUIRE_CC49A145,11,0,0,1,0
raw,M_DOSRAW_ACQUIRE_CC49A145,11,7,0,1,0
raw,M_DOSRAW_ACQUIRE_CC49A145,12,1,4,1,8
raw,M_DOSRAW_ACQUIRE_CC49A145,15,1,4,1,8
raw,M_DOSRAW_ACQUIRE_CC49A145,16,2,4,1,8
raw,M_DOSRAW_OPEN_5F7F2547,0,5,8,1,16
raw,M_DOSRAW_OPEN_5F7F2547,1,3,4,1,8
raw,M_DOSRAW_OPEN_5F7F2547,2,0,0,1,0
raw,M_DOSRAW_OPEN_5F7F2547,3,3,7,2,14
raw,M_DOSRAW_OPEN_5F7F2547,4,12,0,1,0
raw,M_DOSRAW_OPEN_5F7F2547,4,15,6,1,12
raw,M_DOSRAW_OPEN_5F7F2547,4,17,4,1,8
raw,M_DOSRAW_VALIDEXTENT_84EF7CCB,0,2,7,2,14
raw,M_DOSRAW_VALIDEXTENT_84EF7CCB,5,7,4,1,8
raw,M_DOSRAW_VALIDEXTENT_84EF7CCB,6,1,4,1,8
raw,M_DOSRAW_RELEASEOPERATION_C2E80557,0,0,0,1,0
raw,M_DOSRAW_RELEASEOPERATION_C2E80557,1,0,2,1,4
raw,M_DOSRAW_RELEASEOPERATION_C2E80557,4,4,0,1,0
raw,M_DOSRAW_RELEASEOPERATION_C2E80557,5,0,2,1,4
raw,M_DOSRAW_PREPARE_F51F1B68,0,3,3,0,6
raw,M_DOSRAW_PREPARE_F51F1B68,1,3,4,1,8
raw,M_DOSRAW_PREPARE_F51F1B68,2,2,7,2,14
raw,M_DOSRAW_PREPARE_F51F1B68,5,1,4,1,8
raw,M_DOSRAW_PREPARE_F51F1B68,6,4,0,1,0
raw,M_DOSRAW_PREPARE_F51F1B68,7,0,0,1,0
raw,M_DOSRAW_PREPARE_F51F1B68,7,4,4,1,8
raw,M_DOSRAW_PREPARE_F51F1B68,12,0,0,1,0
raw,M_DOSRAW_PREPARE_F51F1B68,13,3,7,2,14
raw,M_DOSRAW_PREPARE_F51F1B68,15,3,7,0,14
raw,M_DOSRAW_PREPARE_F51F1B68,15,7,4,1,8
raw,M_DOSRAW_COMPLETE_0FD428DA,1,0,2,1,4
raw,M_DOSRAW_COMPLETE_0FD428DA,8,18,7,0,14
raw,M_DOSRAW_COMPLETE_0FD428DA,8,20,4,1,8
raw,M_DOSRAW_CLOSEDEVICE_DECAF50F,0,3,3,0,6
raw,M_DOSRAW_CLOSE_4F38859D,0,1,3,0,6
raw,M_DOSRAW_CLOSE_4F38859D,1,1,4,1,8
raw,M_DOSRAW_CLOSE_4F38859D,2,0,0,1,0
raw,M_DOSRAW_CLOSE_4F38859D,2,9,0,1,0
raw,M_DOSRAW_CLOSE_4F38859D,4,4,0,1,0
raw,M_DOSRAW_CLOSE_4F38859D,4,8,6,1,12
raw,M_DOSRAW_CLOSE_4F38859D,4,9,0,1,0
raw,M_DOSRAW_CLOSE_4F38859D,4,12,6,1,12
raw,M_DOSRAW_CLOSE_4F38859D,5,0,0,1,0
raw,M_DOSRAW_CLOSE_4F38859D,5,4,4,1,8
raw,M_DOSRAW_CLOSE_4F38859D,8,0,2,1,4
raw,M_DOSRAW_CLOSE_4F38859D,9,3,7,2,14
raw,M_DOSRAW_CLOSE_4F38859D,10,1,3,0,6
raw,M_DOSRAW_CLOSE_4F38859D,10,3,0,1,0
raw,M_DOSRAW_CLOSE_4F38859D,10,6,0,1,0
raw,M_DOSRAW_CLOSE_4F38859D,10,10,7,2,14
raw,M_DOSRAW_CLOSE_4F38859D,10,11,0,1,0
raw,M_DOSRAW_CLOSE_4F38859D,10,14,0,1,0
raw,M_DOSRAW_CLOSE_4F38859D,12,1,4,1,8
raw,M_FSREGISTRY_GETREGISTRY_3C838C00,0,0,4,1,8
raw,M_FSREGISTRY_SERVICE_31663004,0,0,0,1,0
raw,M_FSREGISTRY_RETAIN_218C5FAC,0,1,0,1,0
raw,M_FSREGISTRY_RETAIN_218C5FAC,2,0,0,1,0
raw,M_FSREGISTRY_RETAINBASE_94E5BA0B,0,0,0,1,0
raw,M_FSREGISTRY_RETAINBASE_94E5BA0B,0,4,0,1,0
raw,M_FSREGISTRY_RETAINBASE_94E5BA0B,2,0,0,1,0
raw,M_FSREGISTRY_RELEASE_E0E99364,0,0,0,1,0
raw,M_FSREGISTRY_RELEASE_E0E99364,0,5,0,1,0
raw,M_FSREGISTRY_LOOKUP_AD8B60C1,0,0,0,1,0
raw,M_FSREGISTRY_LOOKUP_AD8B60C1,0,3,0,1,0
raw,M_FSREGISTRY_LOOKUP_AD8B60C1,2,0,0,1,0
raw,M_FSREGISTRY_LOOKUP_AD8B60C1,9,4,8,1,16
raw,M_FSREGISTRY_FINDOBJECT_780CC443,0,3,7,0,14
raw,M_FSREGISTRY_FINDOBJECT_780CC443,0,6,3,0,6
raw,M_FSREGISTRY_STAMP_BE264D84,0,0,0,1,0
raw,M_FSLOCKS_ALLOCATION_5B5A6C20,2,1,3,0,6
raw,M_FSLOCKS_APPEND_3EC68462,3,1,4,1,8
raw,M_FSLOCKS_APPEND_3EC68462,11,6,4,1,8
raw,M_FSLOCKS_APPEND_3EC68462,14,1,4,1,8
raw,M_FSLOCKS_APPEND_3EC68462,22,6,4,1,8
raw,M_FSLOCKS_ALLOCATE_39B5BEE3,2,4,8,1,16
raw,M_FSLOCKS_ALLOCATE_39B5BEE3,5,3,3,0,6
raw,M_FSLOCKS_ALLOCATE_39B5BEE3,5,10,3,0,6
raw,M_FSPACKET_REPLY_F0943484,0,35,3,0,6
raw,M_FSPACKET_ERROR_61E70414,2,5,3,0,6
raw,M_FSPACKET_IDENTITY_6B3677B2,0,14,4,1,8
raw,M_FSPACKET_IDENTITY_6B3677B2,1,0,2,1,4
raw,M_FSPACKET_IDENTITY_6B3677B2,3,0,2,1,4
raw,M_FSPACKET_IDENTITY_6B3677B2,7,0,2,1,4
raw,M_FSPACKET_IDENTITY_6B3677B2,10,0,2,1,4
raw,M_FSPACKET_PUBLISHOPENSTEP_55EACFB5,0,23,6,1,12
raw,M_FSPACKET_PUBLISHOPENSTEP_55EACFB5,3,1,3,0,6
raw,M_FSPACKET_CLOSESTEP_61A48B9C,0,10,6,1,12
raw,M_FSPACKET_CLOSESTEP_61A48B9C,1,0,2,1,4
raw,M_FSPACKET_CLOSESTEP_61A48B9C,2,2,3,0,6
raw,M_FSPACKET_CLOSESTEP_61A48B9C,2,6,3,0,6
raw,M_FSPACKET_CLOSESTEP_61A48B9C,2,8,7,2,14
raw,M_FSPACKET_CLOSESTEP_61A48B9C,2,16,3,0,6
raw,M_FSPORTS_CREATE_D9675AD2,0,3,8,1,16
raw,M_FSPORTS_CREATE_D9675AD2,2,5,3,0,6
raw,M_FSPORTS_CREATE_D9675AD2,2,12,3,0,6
raw,M_FSPORTS_DELETE_FC342961,1,3,7,2,14
raw,M_MYDOS_READPHYSICAL_AF05229A,0,17,10,1,20
raw,M_MYDOS_VALIDDIRECTORY_1CF8F62E,0,8,7,2,14
raw,M_MYDOS_VALIDDIRECTORY_1CF8F62E,2,2,7,2,14
raw,M_MYDOS_HEADER_A95A323A,0,8,3,0,6
raw,M_MYDOS_MOUNTBUFFERED_114678B9,0,9,6,1,12
raw,M_MYDOS_MOUNT_2B42A118,0,1,3,0,6
raw,M_MYDOS_MOUNT_2B42A118,2,2,5,2,10
raw,M_MYDOS_MOUNT_2B42A118,4,1,3,0,6
raw,M_MYDOS_LIVE_1E4E1377,2,2,3,0,6
raw,M_MYDOS_LIVE_1E4E1377,10,4,5,2,10
raw,M_MYDOS_BUFFEREDENTRY_DC465C80,4,7,9,0,18
raw,M_MYDOS_BUFFEREDENTRY_DC465C80,4,9,3,0,6
raw,M_MYDOS_BEGINENTRY_95F170F4,5,3,5,2,10
raw,M_MYDOS_GETENTRY_7D00AFBD,0,3,6,1,12
raw,M_MYDOS_GETENTRY_7D00AFBD,2,3,5,2,10
raw,M_MYDOS_GETENTRY_7D00AFBD,4,1,3,0,6
raw,M_MYDOS_SELECTMATCH_8984C9A2,0,4,6,1,12
raw,M_MYDOS_SELECTMATCH_8984C9A2,3,8,6,1,12
raw,M_MYDOS_SELECTMATCH_8984C9A2,6,4,6,1,12
raw,M_MYDOS_CHOOSE_61B23C5E,6,4,6,1,12
raw,M_MYDOS_STARTRESOLVE_24B3B079,12,1,3,0,6
raw,M_MYDOS_RESOLVECOMPONENT_8F2130C4,0,1,3,0,6
raw,M_MYDOS_RESOLVECOMPONENT_8F2130C4,2,1,3,0,6
raw,M_MYDOS_BEGINRESOLVE_3F47247C,0,2,6,1,12
raw,M_MYDOS_BEGINRESOLVE_3F47247C,1,1,3,0,6
raw,M_MYDOS_RESOLVESTEP_4ADA26D9,1,1,3,0,6
raw,M_MYDOS_RESOLVESTEP_4ADA26D9,6,1,3,0,6
raw,M_MYDOS_RESOLVESTEP_4ADA26D9,7,1,3,0,6
raw,M_MYDOS_RESOLVESTEP_4ADA26D9,16,1,3,0,6
raw,M_MYDOS_RESOLVESTEP_4ADA26D9,17,1,3,0,6
raw,M_MYDOS_RESOLVE_25FA7BCB,0,2,6,1,12
raw,M_MYDOS_RESOLVE_25FA7BCB,4,1,3,0,6
raw,M_MYDOS_RESOLVE_25FA7BCB,5,3,5,2,10
raw,M_MYDOS_RESOLVE_25FA7BCB,8,1,3,0,6
raw,M_FSINIT_CONFIG_A7C873FA,0,0,0,1,0
raw,M_FSINIT_CONFIG_A7C873FA,5,3,3,0,6
raw,M_FSINIT_CONFIG_A7C873FA,10,16,15,2,30
raw,M_FSINIT_CONFIG_A7C873FA,19,6,6,1,12
raw,M_FSINIT_WORKSPACE_ED5E2107,0,4,8,1,16
raw,M_FSINIT_WORKSPACE_ED5E2107,2,4,8,1,16
raw,M_FSINIT_ARRIVAL_302FF83F,0,4,1,0,2
raw,M_FSINIT_ARRIVAL_302FF83F,2,0,0,1,0
raw,M_FSINIT_ARRIVAL_302FF83F,2,12,1,0,2
raw,M_FSINIT_ALLOCATEMOUNT_EF481898,0,0,0,1,0
raw,M_FSINIT_ALLOCATEMOUNT_EF481898,2,3,8,1,16
raw,M_FSINIT_ALLOCATEMOUNT_EF481898,7,12,8,1,16
raw,M_FSINIT_ALLOCATEBLOCK_5C0916F0,0,6,8,1,16
raw,M_FSINIT_ALLOCATEBLOCK_5C0916F0,2,41,1,0,2
raw,M_FSINIT_PUBLISH_12D6516B,0,0,0,1,0
raw,M_FSINIT_FIRST_60F42DBA,0,7,3,0,6
raw,M_FSINIT_ADAPTERSTEP_4F860EAF,0,4,0,1,0
raw,M_FSINIT_WORKSPACESTEP_AC19D935,0,4,3,0,6
raw,M_FSINIT_WORKSPACESTEP_AC19D935,2,1,3,0,6
raw,M_FSINIT_MOUNTSTEP_D16E7745,0,7,3,0,6
raw,M_FSINIT_MOUNTSTEP_D16E7745,1,1,3,0,6
raw,M_FSINIT_BLOCKSTEP_FC8F9559,0,4,3,0,6
raw,M_FSINIT_BLOCKSTEP_FC8F9559,1,1,3,0,6
raw,M_FSINIT_OPENEDSTEP_3B4623A1,1,6,3,0,6
raw,M_FSINIT_OPENEDSTEP_3B4623A1,2,8,3,0,6
raw,M_FSINIT_OPENEDSTEP_3B4623A1,3,6,3,0,6
raw,M_FSINIT_MOUNTEDSTEP_D00F6B02,1,6,3,0,6
raw,M_FSINIT_MOUNTEDSTEP_D00F6B02,2,2,3,0,6
raw,M_FSINIT_MOUNTEDSTEP_D00F6B02,3,6,3,0,6
raw,M_FSINIT_MOUNTEDSTEP_D00F6B02,5,0,0,1,0
raw,M_FSINIT_MOUNTEDSTEP_D00F6B02,5,4,0,1,0
raw,M_FSINIT_MOUNTEDSTEP_D00F6B02,5,12,3,0,6
raw,M_FSINIT_MOUNTEDSTEP_D00F6B02,8,1,3,0,6
raw,M_FSINIT_ROLLBACKSTEP_8166A722,0,9,6,1,12
raw,M_FSINIT_ROLLBACKSTEP_8166A722,0,18,7,2,14
raw,M_FSINIT_DESTROYMOUNT_00D5D10B,3,0,2,1,4
raw,M_FSINIT_DESTROYMOUNT_00D5D10B,5,3,3,0,6
raw,M_FSINIT_DESTROYMOUNT_00D5D10B,7,0,2,1,4
raw,M_FSINIT_DESTROYMOUNT_00D5D10B,10,2,3,0,6
raw,M_FSINIT_DESTROYMOUNT_00D5D10B,11,4,6,1,12
raw,M_FSINIT_DESTROYMOUNT_00D5D10B,12,4,7,2,14
raw,M_FSINIT_DESTROYMOUNT_00D5D10B,13,0,2,1,4
raw,M_FSINIT_DESTROYMOUNT_00D5D10B,16,4,7,2,14
raw,M_FSINIT_DESTROYMOUNT_00D5D10B,17,3,7,2,14
raw,M_FSINIT_CLEANUP_26675F9E,2,5,6,1,12
raw,M_FSINIT_CLEANUP_26675F9E,3,2,3,0,6
raw,M_FSINIT_CLEANUP_26675F9E,4,2,1,0,2
raw,M_FSINIT_CLEANUP_26675F9E,6,4,7,2,14
raw,M_FSINIT_CLEANUP_26675F9E,8,4,7,2,14
raw,M_FSINIT_CLEANUP_26675F9E,10,2,3,0,6
raw,M_FSINIT_CLEANUP_26675F9E,12,0,2,1,4
raw,M_FSRELATIVE_VALIDATE_0372B7FC,20,7,5,2,10
raw,M_FSRELATIVE_SEED_FD9BA1BB,0,5,6,1,12
raw,M_FSRELATIVE_SEED_FD9BA1BB,3,1,3,0,6
raw,M_FSRELATIVE_SEED_FD9BA1BB,3,4,3,0,6
raw,M_FSRELATIVE_ROOT_94E4441A,0,1,3,0,6
raw,M_FSRELATIVE_ROOT_94E4441A,0,5,6,1,12
raw,M_FSRELATIVE_ROOT_94E4441A,1,4,7,2,14
raw,M_FSRELATIVE_BEGIN_CB9D8F8D,3,1,4,1,8
raw,M_FSRELATIVE_BEGIN_CB9D8F8D,4,2,7,2,14
raw,M_FSRELATIVE_BEGIN_CB9D8F8D,6,2,6,1,12
raw,M_FSRELATIVE_BEGIN_CB9D8F8D,7,5,7,0,14
raw,M_FSRELATIVE_BEGIN_CB9D8F8D,8,2,7,2,14
raw,M_FSRELATIVE_BEGIN_CB9D8F8D,9,2,6,1,12
raw,M_FSRELATIVE_BEGIN_CB9D8F8D,10,2,7,2,14
raw,M_FSRELATIVE_BEGIN_CB9D8F8D,12,6,6,1,12
raw,M_FSRELATIVE_BEGIN_CB9D8F8D,13,3,6,1,12
raw,M_FSRELATIVE_BEGIN_CB9D8F8D,14,4,7,2,14
raw,M_FSRELATIVE_BEGIN_CB9D8F8D,15,2,6,1,12
raw,M_FSRELATIVE_BEGIN_CB9D8F8D,25,9,6,1,12
raw,M_FSRELATIVE_BEGIN_CB9D8F8D,28,1,3,0,6
raw,M_FSRELATIVE_BEGIN_CB9D8F8D,29,21,6,1,12
raw,M_FSRELATIVE_BEGIN_CB9D8F8D,31,4,7,2,14
raw,M_FSRELATIVE_PARENTRESULT_7CE6B959,1,4,7,2,14
raw,M_FSRELATIVE_PARENTRESULT_7CE6B959,3,2,3,0,6
raw,M_FSRELATIVE_PARENTRESULT_7CE6B959,4,4,7,2,14
raw,M_FSRELATIVE_PARENTRESULT_7CE6B959,12,2,7,2,14
raw,M_FSRELATIVE_PARENTRESULT_7CE6B959,13,11,6,1,12
raw,M_FSRELATIVE_PARENTRESULT_7CE6B959,18,2,7,2,14
raw,M_FSRELATIVE_PARENTRESULT_7CE6B959,19,6,6,1,12
raw,M_FSRELATIVE_PARENTRESULT_7CE6B959,19,9,3,0,6
raw,M_FSRELATIVE_PARENTRESULT_7CE6B959,20,4,7,2,14
raw,M_FSRELATIVE_PARENTRESULT_7CE6B959,21,1,3,0,6
raw,M_FSINFO_SAVE_B1E7031F,0,1,3,0,6
raw,M_MYDOSFILE_OPEN_0FD3469F,7,4,6,1,12
raw,M_MYDOSFILE_OPEN_0FD3469F,13,1,3,0,6
raw,M_MYDOSFILE_OPEN_0FD3469F,14,4,8,1,16
raw,M_MYDOSFILE_SECTORALLOWED_E72DFCC7,0,6,7,2,14
raw,M_MYDOSFILE_VALIDATE_CCD11D35,4,4,8,1,16
raw,M_MYDOSFILE_VALIDATE_CCD11D35,5,1,3,0,6
raw,M_MYDOSFILE_VALIDATE_CCD11D35,6,2,6,1,12
raw,M_MYDOSFILE_VALIDATE_CCD11D35,7,2,6,1,12
raw,M_MYDOSFILE_VALIDATE_CCD11D35,9,4,8,1,16
raw,M_MYDOSFILE_BEGINREAD_56DCAA56,0,1,3,0,6
raw,M_MYDOSFILE_BEGINREAD_56DCAA56,1,2,7,2,14
raw,M_MYDOSFILE_BEGINREAD_56DCAA56,3,1,3,0,6
raw,M_MYDOSFILE_BEGINREAD_56DCAA56,5,2,7,2,14
raw,M_MYDOSFILE_BEGINREAD_56DCAA56,6,5,7,2,14
raw,M_MYDOSFILE_BEGINREAD_56DCAA56,7,2,7,2,14
raw,M_MYDOSFILE_BEGINREAD_56DCAA56,11,1,3,0,6
raw,M_MYDOSFILE_BEGINREAD_56DCAA56,12,2,3,0,6
raw,M_MYDOSFILE_TARGET_3D0FAE04,3,2,7,2,14
raw,M_MYDOSFILE_TARGET_3D0FAE04,6,2,7,2,14
raw,M_MYDOSFILE_TARGET_3D0FAE04,9,2,3,0,6
raw,M_MYDOSFILE_TARGET_3D0FAE04,10,2,7,2,14
raw,M_MYDOSFILE_TARGET_3D0FAE04,11,1,3,0,6
raw,M_MYDOSFILE_BEGINSEEK_007E9A86,0,1,3,0,6
raw,M_MYDOSFILE_BEGINSEEK_007E9A86,1,2,7,2,14
raw,M_MYDOSFILE_BEGINSEEK_007E9A86,3,3,7,2,14
raw,M_MYDOSFILE_BEGINSEEK_007E9A86,5,2,7,2,14
raw,M_MYDOSFILE_BEGINSEEK_007E9A86,7,4,7,2,14
raw,M_MYDOSFILE_BEGINSEEK_007E9A86,8,2,3,0,6
raw,M_MYDOSFILE_LOCATE_F172D4F1,3,1,3,0,6
raw,M_MYDOSFILE_LOCATE_F172D4F1,5,2,7,2,14
raw,M_MYDOSFILE_LOCATE_F172D4F1,6,2,3,0,6
raw,M_MYDOSFILE_CONSUME_CDF927EF,3,2,5,2,10
raw,M_MYDOSFILE_CONSUME_CDF927EF,5,1,3,0,6
raw,M_MYDOSFILE_CONSUME_CDF927EF,7,2,3,0,6
raw,M_MYDOSFILE_CONTINUEOPERATION_DDF4199B,0,4,6,1,12
raw,M_MYDOSFILE_CONTINUEOPERATION_DDF4199B,1,4,7,2,14
raw,M_MYDOSFILE_CONTINUEOPERATION_DDF4199B,5,4,7,2,14
raw,M_MYDOSFILE_CONTINUEOPERATION_DDF4199B,6,2,3,0,6
raw,M_MYDOSFILE_CONTINUEOPERATION_DDF4199B,7,1,3,0,6
raw,M_MYDOSFILE_CONTINUEOPERATION_DDF4199B,8,1,3,0,6
raw,M_MYDOSFILE_RUN_01B89F42,2,5,5,2,10
raw,M_MYDOSFILE_RUN_01B89F42,4,4,7,2,14
raw,M_MYDOSFILE_RUN_01B89F42,5,1,3,0,6
raw,M_FSDIRECTORY_LOCKCURSORSTEP_29BACC3E,0,9,6,1,12
raw,M_FSDIRECTORY_SELECTSTEP_815DA095,0,6,4,1,8
raw,M_FSDIRECTORY_SELECTSTEP_815DA095,1,2,7,2,14
raw,M_FSDIRECTORY_SELECTSTEP_815DA095,2,8,7,0,14
raw,M_FSDIRECTORY_SELECTSTEP_815DA095,3,2,7,2,14
raw,M_FSDIRECTORY_SELECTSTEP_815DA095,5,2,7,2,14
raw,M_FSDIRECTORY_INFOSTEP_3CC6E53D,0,6,4,1,8
raw,M_FSDIRECTORY_INFOSTEP_3CC6E53D,1,2,7,2,14
raw,M_FSDIRECTORY_INFOSTEP_3CC6E53D,2,10,7,2,14
raw,M_FSDIRECTORY_INFOSTEP_3CC6E53D,3,2,7,2,14
raw,M_FSDIRECTORY_RESTORESTEP_8AADA789,5,6,6,1,12
raw,M_FSDIRECTORY_RESTORESTEP_8AADA789,7,2,7,2,14
raw,M_FSDIRECTORY_STATESTEP_73ED4FBC,0,6,3,0,6
raw,M_FSDIRECTORY_STATESTEP_73ED4FBC,1,2,7,2,14
raw,M_FSDIRECTORY_STATESTEP_73ED4FBC,6,2,7,2,14
raw,M_FSDIRECTORY_END_806A2136,0,5,7,0,14
raw,M_FSDIRECTORY_END_806A2136,0,8,7,2,14
raw,M_FSDIRECTORY_ENTRYSTEP_D4EA4ABB,0,10,6,1,12
raw,M_FSDIRECTORY_ENTRYSTEP_D4EA4ABB,1,4,7,2,14
raw,M_FSDIRECTORY_ENTRYSTEP_D4EA4ABB,3,1,3,0,6
raw,M_FSDIRECTORY_ENTRYRESULTSTEP_4C458A60,1,4,7,2,14
raw,M_FSDIRECTORY_ENTRYRESULTSTEP_4C458A60,2,2,3,0,6
raw,M_FSDIRECTORY_ENTRYRESULTSTEP_4C458A60,3,4,7,2,14
raw,M_FSDIRECTORY_ENTRYRESULTSTEP_4C458A60,5,1,3,0,6
raw,M_FSDIRECTORY_SIZESTEP_0C182F8A,2,4,6,1,12
raw,M_FSDIRECTORY_SIZESTEP_0C182F8A,3,2,3,0,6
raw,M_FSDIRECTORY_SIZESTEP_0C182F8A,5,4,7,2,14
raw,M_FSDIRECTORY_SIZESTEP_0C182F8A,7,4,7,2,14
raw,M_FSDIRECTORY_SIZECONTINUESTEP_1EAFA525,1,4,7,2,14
raw,M_FSDIRECTORY_SIZECONTINUESTEP_1EAFA525,2,4,6,1,12
raw,M_FSDIRECTORY_SIZECONTINUESTEP_1EAFA525,3,4,7,2,14
raw,M_FSDIRECTORY_SIZECONTINUESTEP_1EAFA525,6,2,3,0,6
raw,M_FSDIRECTORY_CLEARSTEP_2A4A8FB8,0,6,3,0,6
raw,M_FSDIRECTORY_NAMESTEP_97C5C3EC,0,11,9,0,18
raw,M_FSDIRECTORY_FILLSTEP_E0581636,0,11,10,1,20
raw,M_FSDIRECTORY_PUBLISHSTEP_CC8DC0F6,0,10,7,0,14
raw,M_FSDIRECTORY_PUBLISHSTEP_CC8DC0F6,0,18,3,0,6
raw,M_FSIO_BEGIN_68AD59C5,0,15,10,1,20
raw,M_FSIO_COMPLETE_3A967BA3,0,14,14,1,28
raw,M_FSIO_COMPLETE_3A967BA3,1,4,0,1,0
raw,M_FSIO_COMPLETE_3A967BA3,3,1,3,0,6
raw,M_FSHANDLER_OPENRESULTSTEP_0C25E5DB,2,2,3,0,6
raw,M_FSHANDLER_OPENRESULTSTEP_0C25E5DB,3,2,7,2,14
raw,M_FSHANDLER_OPENRESULTSTEP_0C25E5DB,4,2,7,2,14
raw,M_FSHANDLER_OPENRESULTSTEP_0C25E5DB,5,2,3,0,6
raw,M_FSHANDLER_OPENRESULTSTEP_0C25E5DB,6,5,3,0,6
raw,M_FSHANDLER_OPENRESULTSTEP_0C25E5DB,6,7,7,2,14
raw,M_FSHANDLER_OPENRESULTSTEP_0C25E5DB,6,10,7,2,14
raw,M_FSHANDLER_CURSORSTEP_0CA2CA5E,0,8,6,1,12
raw,M_FSHANDLER_CURSORSTEP_0CA2CA5E,1,5,3,0,6
raw,M_FSHANDLER_CURSORSTEP_0CA2CA5E,1,7,7,2,14
raw,M_FSHANDLER_CURSORSTEP_0CA2CA5E,1,12,7,2,14
raw,M_FSHANDLER_OPENSTEP_A7675710,0,6,4,1,8
raw,M_FSHANDLER_OPENSTEP_A7675710,1,2,7,2,14
raw,M_FSHANDLER_OPENSTEP_A7675710,2,3,4,1,8
raw,M_FSHANDLER_OPENSTEP_A7675710,3,9,7,2,14
raw,M_FSHANDLER_OPENSTEP_A7675710,4,2,7,2,14
raw,M_FSHANDLER_LOCKSTEP_E0A0D2D5,0,6,4,1,8
raw,M_FSHANDLER_LOCKSTEP_E0A0D2D5,1,2,7,2,14
raw,M_FSHANDLER_RESOLVESTARTSTEP_40B69900,0,8,3,0,6
raw,M_FSHANDLER_OPERATIONRESULT_4184CBFA,4,1,3,0,6
raw,M_FSHANDLER_FILESELECTSTEP_BED2DD8A,0,6,4,1,8
raw,M_FSHANDLER_FILESELECTSTEP_BED2DD8A,1,2,7,2,14
raw,M_FSHANDLER_FILESELECTSTEP_BED2DD8A,2,8,7,0,14
raw,M_FSHANDLER_FILESELECTSTEP_BED2DD8A,3,2,7,2,14
raw,M_FSHANDLER_FILESELECTSTEP_BED2DD8A,5,2,7,2,14
raw,M_FSHANDLER_ARGUMENTSSTEP_DD745A90,1,3,4,1,8
raw,M_FSHANDLER_ARGUMENTSSTEP_DD745A90,3,2,7,2,14
raw,M_FSHANDLER_READSTEP_5B9B1990,0,5,3,0,6
raw,M_FSHANDLER_READSTEP_5B9B1990,0,9,4,1,8
raw,M_FSHANDLER_SEEKSTEP_90261C60,0,5,3,0,6
raw,M_FSHANDLER_SEEKSTEP_90261C60,0,9,4,1,8
raw,M_FSHANDLER_DISPATCHSTEP_D149BF3A,0,4,3,0,6
raw,M_FSHANDLER_MEDIASTEP_8DCF2858,4,4,7,2,14
raw,M_FSHANDLER_MEDIASTEP_8DCF2858,5,0,0,1,0
raw,M_FSHANDLER_MEDIASTEP_8DCF2858,6,5,3,0,6
raw,M_FSHANDLER_MEDIASTEP_8DCF2858,6,10,7,2,14
raw,M_FSHANDLER_ACTIONSTEP_7D527A4E,12,2,7,2,14
raw,M_FSHANDLER_TAKESTEP_E4E18A11,6,2,3,0,6
raw,M_FSHANDLER_COMPONENTSTEP_389CA8B9,0,5,3,0,6
raw,M_FSHANDLER_COMPONENTSTEP_389CA8B9,1,4,7,2,14
raw,M_FSHANDLER_RESOLVESTEP_D6E79D38,1,4,7,2,14
raw,M_FSHANDLER_RESOLVESTEP_D6E79D38,2,2,3,0,6
raw,M_FSHANDLER_RESOLVESTEP_D6E79D38,3,1,3,0,6
raw,M_FSHANDLER_RESOLVESTEP_D6E79D38,6,4,7,2,14
raw,M_FSHANDLER_RESOLVESTEP_D6E79D38,12,4,7,2,14
raw,M_FSHANDLER_FILESTEP_A93D50C2,1,5,7,2,14
raw,M_FSHANDLER_FILESTEP_A93D50C2,2,2,3,0,6
raw,M_FSHANDLER_FILESTEP_A93D50C2,3,2,4,1,8
raw,M_FSWORKER_WORKER_2BB473B0,0,0,3,0,6
raw,M_FSWORKER_WORKER_2BB473B0,0,2,0,1,0
raw,M_FSWORKER_WORKER_2BB473B0,0,6,0,1,0
raw,M_FSWORKER_WORKER_2BB473B0,0,7,0,1,0
raw,M_FSWORKER_WORKER_2BB473B0,3,8,3,0,6
raw,M_FSWORKER_WORKER_2BB473B0,5,3,7,0,14
raw,M_FSWORKER_WORKER_2BB473B0,8,2,3,0,6
raw,M_FSWORKER_WORKER_2BB473B0,10,4,3,0,6
raw,M_FSWORKER_WORKER_2BB473B0,10,9,3,0,6
raw,M_FSWORKER_WORKER_2BB473B0,12,6,6,1,12
raw,M_FSWORKER_WORKER_2BB473B0,14,2,4,1,8
raw,M_FSWORKER_FINISH_EC2E5E2B,0,5,3,0,6
raw,M_FSWORKER_FINISH_EC2E5E2B,0,9,7,2,14
raw,M_FSMOUNT_DISPATCH_FD59F08F,0,4,3,0,6
raw,M_FSMOUNT_SELECTSTEP_8E807607,0,3,0,1,0
raw,M_FSMOUNT_SELECTSTEP_8E807607,1,0,0,1,0
raw,M_FSMOUNT_SELECTSTEP_8E807607,1,6,0,1,0
raw,M_FSMOUNT_SELECTSTEP_8E807607,1,14,3,0,6
raw,M_FSMOUNT_SELECTSTEP_8E807607,3,2,7,2,14
raw,M_FSMOUNT_COMMANDSTEP_B1883B1A,0,3,0,1,0
raw,M_FSMOUNT_COMMANDSTEP_B1883B1A,4,2,7,2,14
raw,M_FSMOUNT_COMMANDSTEP_B1883B1A,5,2,7,2,14
raw,M_FSMOUNT_REMOVESTEP_BBB2975B,1,2,7,2,14
raw,M_FSMOUNT_REMOVESTEP_BBB2975B,2,1,0,1,0
raw,M_FSMOUNT_REMOVESTEP_BBB2975B,5,0,0,1,0
raw,M_FSMOUNT_REMOVESTEP_BBB2975B,6,2,7,2,14
raw,M_FSMOUNT_DESTROYSTEP_4CF540E7,0,6,6,1,12
raw,M_FSMOUNT_DESTROYSTEP_4CF540E7,0,14,3,0,6
raw,M_FSMUX_CONTROL_16FCB25F,0,2,3,0,6
raw,M_FSMUX_TAKE_F08F7501,1,3,3,0,6
raw,M_FSMUX_TAKE_F08F7501,2,1,3,0,6
raw,M_FSMUX_TAKE_F08F7501,6,1,3,0,6
raw,M_FSBOOT_BEGINSERVICE_BC5D2672,0,3,8,1,16
raw,M_FSBOOT_BEGINSERVICE_BC5D2672,2,11,4,1,8
raw,M_FSBOOT_BEGINSERVICE_BC5D2672,3,3,7,2,14
raw,M_FSBOOT_ENSURE_06ED6F00,0,0,0,1,0
raw,M_FSBOOT_ENSURE_06ED6F00,0,3,0,1,0
raw,M_FSBOOT_ENSURE_06ED6F00,3,0,0,1,0
raw,M_FSBOOT_ENSURE_06ED6F00,11,1,3,0,6
raw,M_FSBOOT_ENSURE_06ED6F00,16,1,2,1,4
raw,M_FSBOOT_STOP_AD5246E2,0,0,0,1,0
raw,M_FSBOOT_STOP_AD5246E2,0,2,0,1,0
raw,M_FSBOOT_STOP_AD5246E2,1,0,0,1,0
raw,M_FSBOOT_STOP_AD5246E2,3,0,0,1,0
raw,M_FSBOOT_STOP_AD5246E2,18,0,0,1,0
raw,M_FSBOOT_STOP_AD5246E2,20,11,7,2,14
raw,M_FSBOOT_STOP_AD5246E2,22,1,2,1,4
raw,M_FSBOOT_STOP_AD5246E2,23,0,0,1,0
raw,M_FSBOOT_STOP_AD5246E2,23,3,0,1,0
raw,M_DOSCALLS_ACQUIRE_C423433E,0,4,0,1,0
raw,M_DOSCALLS_ACQUIRE_C423433E,2,0,0,1,0
raw,M_DOSCALLS_ACQUIRE_C423433E,3,1,3,0,6
raw,M_DOSCALLS_ACQUIRE_C423433E,5,0,0,1,0
raw,M_DOSCALLS_ACQUIRE_C423433E,7,4,3,0,6
raw,M_DOSCALLS_ACQUIRE_C423433E,10,2,6,1,12
raw,M_DOSCALLS_ACQUIRE_C423433E,10,8,13,2,26
raw,M_DOSCALLS_ACQUIRE_C423433E,11,0,0,1,0
raw,M_DOSCALLS_ACQUIRE_C423433E,12,2,5,2,10
raw,M_DOSCALLS_ACQUIRE_C423433E,16,4,10,1,20
raw,M_DOSCALLS_ACQUIRE_C423433E,20,1,3,0,6
raw,M_DOSCALLS_CONFIGURED_B6EDEF76,0,0,0,1,0
raw,M_DOSCALLS_CONFIGURED_B6EDEF76,4,5,8,1,16
raw,M_DOSCALLS_DESTINATION_E6EBC832,1,1,4,1,8
raw,M_DOSCALLS_DESTINATION_E6EBC832,3,0,0,1,0
raw,M_DOSCALLS_DESTINATION_E6EBC832,3,1,3,0,6
raw,M_DOSCALLS_DESTINATION_E6EBC832,5,2,5,2,10
raw,M_DOSCALLS_DESTINATION_E6EBC832,9,2,5,2,10
raw,M_DOSCALLS_DESTINATION_E6EBC832,10,1,4,1,8
raw,M_DOSCALLS_DESTINATION_E6EBC832,12,1,4,1,8
raw,M_DOSCALLS_OPEN_390423B6,0,1,3,0,6
raw,M_DOSCALLS_OPEN_390423B6,0,5,5,2,10
raw,M_DOSCALLS_OPEN_390423B6,3,1,4,1,8
raw,M_DOSCALLS_OPEN_390423B6,6,1,4,1,8
raw,M_DOSCALLS_OPEN_390423B6,7,1,4,1,8
raw,M_DOSCALLS_OPEN_390423B6,8,3,9,2,18
raw,M_DOSCALLS_OPEN_390423B6,9,1,4,1,8
raw,M_DOSCALLS_OPEN_390423B6,10,0,0,1,0
raw,M_DOSCALLS_OPEN_390423B6,13,1,3,0,6
raw,M_DOSCALLS_OPEN_390423B6,14,1,3,0,6
raw,M_DOSCALLS_LOCK_DE185F87,0,1,3,0,6
raw,M_DOSCALLS_LOCK_DE185F87,0,5,5,2,10
raw,M_DOSCALLS_LOCK_DE185F87,3,1,4,1,8
raw,M_DOSCALLS_LOCK_DE185F87,5,1,4,1,8
raw,M_DOSCALLS_LOCK_DE185F87,6,3,9,2,18
raw,M_DOSCALLS_BADOBJECT_51D88018,1,1,4,1,8
raw,M_DOSCALLS_BADOBJECT_51D88018,2,1,4,1,8
raw,M_DOSCALLS_OBJECT_E89E37D3,0,0,0,1,0
raw,M_DOSCALLS_OBJECT_E89E37D3,0,3,7,0,14
raw,M_DOSCALLS_OBJECT_E89E37D3,2,1,1,0,2
raw,M_DOSCALLS_FILE_E8D1DABC,0,1,3,0,6
raw,M_DOSCALLS_FILE_E8D1DABC,1,2,1,0,2
raw,M_DOSCALLS_FILE_E8D1DABC,2,2,3,0,6
raw,M_DOSCALLS_FILE_E8D1DABC,3,1,4,1,8
raw,M_DOSCALLS_FILE_E8D1DABC,4,3,6,1,12
raw,M_DOSCALLS_READ_BEE8BE36,0,0,0,1,0
raw,M_DOSCALLS_READ_BEE8BE36,2,1,4,1,8
raw,M_DOSCALLS_READ_BEE8BE36,5,3,11,0,22
raw,M_DOSCALLS_READ_BEE8BE36,7,5,14,1,28
raw,M_DOSCALLS_READ_BEE8BE36,8,2,6,1,12
raw,M_DOSCALLS_READ_BEE8BE36,10,2,3,0,6
raw,M_DOSCALLS_READ_BEE8BE36,10,5,3,0,6
raw,M_DOSCALLS_READ_BEE8BE36,10,11,8,1,16
raw,M_DOSCALLS_READ_BEE8BE36,11,0,0,1,0
raw,M_DOSCALLS_READ_BEE8BE36,15,15,10,1,20
raw,M_DOSCALLS_READ_BEE8BE36,15,18,3,0,6
raw,M_DOSCALLS_WRITE_8E98A1A7,0,0,0,1,0
raw,M_DOSCALLS_WRITE_8E98A1A7,2,1,4,1,8
raw,M_DOSCALLS_WRITE_8E98A1A7,5,3,11,0,22
raw,M_DOSCALLS_WRITE_8E98A1A7,7,5,14,1,28
raw,M_DOSCALLS_WRITE_8E98A1A7,8,1,3,0,6
raw,M_DOSCALLS_WRITE_8E98A1A7,10,2,3,0,6
raw,M_DOSCALLS_WRITE_8E98A1A7,10,5,3,0,6
raw,M_DOSCALLS_WRITE_8E98A1A7,10,11,8,1,16
raw,M_DOSCALLS_WRITE_8E98A1A7,11,0,0,1,0
raw,M_DOSCALLS_WRITE_8E98A1A7,14,0,1,0,2
raw,M_DOSCALLS_WRITE_8E98A1A7,15,2,7,2,14
raw,M_DOSCALLS_WRITE_8E98A1A7,18,1,4,1,8
raw,M_DOSCALLS_WRITE_8E98A1A7,19,1,4,1,8
raw,M_DOSCALLS_SEEK_17FC33E6,0,0,0,1,0
raw,M_DOSCALLS_SEEK_17FC33E6,2,1,4,1,8
raw,M_DOSCALLS_SEEK_17FC33E6,5,2,3,0,6
raw,M_DOSCALLS_SEEK_17FC33E6,7,1,4,1,8
raw,M_DOSCALLS_SEEK_17FC33E6,9,1,4,1,8
raw,M_DOSCALLS_SEEK_17FC33E6,10,2,6,1,12
raw,M_DOSCALLS_SEEK_17FC33E6,12,13,10,1,20
raw,M_DOSCALLS_SEEK_17FC33E6,12,16,3,0,6
raw,M_DOSCALLS_CLOSE_97169B3A,0,0,0,1,0
raw,M_DOSCALLS_CLOSE_97169B3A,2,1,4,1,8
raw,M_DOSCALLS_CLOSE_97169B3A,5,2,6,1,12
raw,M_DOSCALLS_CLOSE_97169B3A,7,3,6,1,12
raw,M_DOSCALLS_CLOSE_97169B3A,8,2,6,1,12
raw,M_DOSCALLS_CLOSE_97169B3A,10,5,6,1,12
raw,M_DOSCALLS_CLOSE_97169B3A,10,10,10,1,20
raw,M_DOSCALLS_CLOSE_97169B3A,10,13,3,0,6
raw,M_DOSCALLS_UNLOCK_2871018C,2,0,0,1,0
raw,M_DOSCALLS_UNLOCK_2871018C,4,1,4,1,8
raw,M_DOSCALLS_UNLOCK_2871018C,7,1,4,1,8
raw,M_DOSCALLS_UNLOCK_2871018C,8,2,6,1,12
raw,M_DOSCALLS_UNLOCK_2871018C,10,7,10,1,20
raw,M_DOSCALLS_UNLOCK_2871018C,10,10,3,0,6
raw,M_DOSCALLS_INFORMATION_13F25DEC,0,0,0,1,0
raw,M_DOSCALLS_INFORMATION_13F25DEC,2,1,4,1,8
raw,M_DOSCALLS_INFORMATION_13F25DEC,4,2,6,1,12
raw,M_DOSCALLS_INFORMATION_13F25DEC,6,12,10,1,20
raw,M_DOSCALLS_INFORMATION_13F25DEC,6,15,3,0,6
raw,M_DOSCALLS_SELECTED_604EA3D9,0,0,0,1,0
raw,M_DOSCALLS_LIVESELECTION_2BE04852,0,1,4,1,8
raw,M_DOSCALLS_LIVESELECTION_2BE04852,3,2,3,0,6
raw,M_DOSCALLS_LIVESELECTION_2BE04852,5,0,1,0,2
raw,M_DOSCALLS_LIVESELECTION_2BE04852,7,1,3,0,6
raw,M_DOSCALLS_LIVESELECTION_2BE04852,9,0,1,0,2
raw,M_DOSCALLS_SELECT_1EDDE386,0,0,0,1,0
raw,M_DOSCALLS_SELECT_1EDDE386,0,3,3,0,6
raw,M_DOSCALLS_SELECT_1EDDE386,3,1,3,0,6
raw,M_DOSCALLS_DIRECTORY_C8028D6B,0,1,3,0,6
raw,M_DOSCALLS_DIRECTORY_C8028D6B,6,3,7,0,14
raw,M_DOSCALLS_CURRENTDIR_1AA7335E,0,0,0,1,0
raw,M_DOSCALLS_CURRENTDIR_1AA7335E,0,3,3,0,6
raw,M_DOSCALLS_CURRENTDIR_1AA7335E,3,1,4,1,8
raw,M_DOSCALLS_CURRENTDIR_1AA7335E,6,1,3,0,6
raw,M_DOSCALLS_CURRENTDIR_1AA7335E,7,0,1,0,2
raw,M_DOSCALLS_NAMEFROMLOCK_92457C4A,0,0,0,1,0
raw,M_DOSCALLS_NAMEFROMLOCK_92457C4A,0,3,3,0,6
raw,M_DOSCALLS_NAMEFROMLOCK_92457C4A,2,1,4,1,8
raw,M_DOSCALLS_NAMEFROMLOCK_92457C4A,4,1,3,0,6
raw,M_DOSCALLS_NAMEFROMLOCK_92457C4A,5,0,1,0,2
raw,M_DOSCALLS_NAMEFROMLOCK_92457C4A,8,3,7,2,14
raw,M_DOSCALLS_NAMEFROMLOCK_92457C4A,10,1,3,0,6
raw,M_DOSCALLS_NAMEFROMLOCK_92457C4A,10,4,3,0,6
raw,M_DOSCALLS_ISINTERACTIVE_18CACEEA,0,0,0,1,0
raw,M_DOSCALLS_ISINTERACTIVE_18CACEEA,0,3,3,0,6
raw,M_DOSCALLS_ISINTERACTIVE_18CACEEA,2,1,3,0,6
raw,M_DOS_OPEN_87DAE823,0,2,7,2,14
raw,M_DOS_READ_BCD2228F,0,4,10,1,20
raw,M_DOS_WRITE_BE4FDE64,0,4,10,1,20
raw,M_DOS_SEEK_DE9F46FB,0,4,11,2,22
raw,M_DOS_CLOSE_4C224801,0,2,3,0,6
raw,M_DOS_IOERR_E649FF90,0,0,0,1,0
raw,M_DOS_RELEASECONTEXT_9DB9F883,0,0,0,1,0
raw,M_DOS_LOCK_4DEC517E,0,2,7,2,14
raw,M_DOS_UNLOCK_74209499,0,2,3,0,6
raw,M_DOS_EXAMINE_1F15C1B0,0,5,10,1,20
raw,M_DOS_EXNEXT_623C7B53,0,5,10,1,20
raw,M_DOS_INPUT_41B1DDE9,0,0,1,0,2
raw,M_DOS_OUTPUT_DF7018DC,0,0,1,0,2
raw,M_DOS_SELECTINPUT_FF0F4771,0,2,4,1,8
raw,M_DOS_SELECTOUTPUT_3A928904,0,2,4,1,8
raw,M_DOS_ISINTERACTIVE_FD05AE49,0,2,3,0,6
raw,M_DOS_CURRENTDIR_764577CB,0,2,3,0,6
raw,M_DOS_NAMEFROMLOCK_8794AD67,0,4,10,1,20
raw,M_TASKINSPECT_SNAPSHOT_72A67CF0,3,2,0,1,0
raw,M_TASKINSPECT_SNAPSHOT_72A67CF0,6,0,0,1,0
raw,M_DEVICEINSPECT_SNAPSHOT_EBB6295F,3,2,0,1,0
raw,M_DEVICEINSPECT_SNAPSHOT_EBB6295F,5,5,4,1,8
raw,M_DEVICEINSPECT_SNAPSHOT_EBB6295F,5,8,0,1,0
raw,M_DEVICEINSPECT_SNAPSHOT_EBB6295F,10,3,0,1,0
raw,M_FSINSPECT_SNAPSHOT_873CF8A6,3,0,0,1,0
raw,M_FSINSPECT_SNAPSHOT_873CF8A6,3,4,0,1,0
raw,M_FSINSPECT_SNAPSHOT_873CF8A6,5,0,0,1,0
raw,M_SHELLAPP_SHELLWRITE_F4A8AD7D,4,4,10,1,20
raw,M_SHELLAPP_SHELLWRITE_F4A8AD7D,4,6,0,1,0
raw,M_SHELLAPP_SHELLWRITE_F4A8AD7D,9,2,8,1,16
raw,M_SHELLAPP_SHELLWRITE_F4A8AD7D,10,2,8,1,16
raw,M_SHELLAPP_SHELLBYTE_1EE28596,0,0,0,1,0
raw,M_SHELLAPP_SHELLBYTE_1EE28596,0,10,8,1,16
raw,M_SHELLAPP_SHELLTEXT_7D109071,0,3,3,0,6
raw,M_SHELLAPP_SHELLTEXT_7D109071,0,4,8,1,16
raw,M_SHELLAPP_SHELLPASCAL_09C83940,0,6,8,1,16
raw,M_SHELLAPP_SHELLNUMBER_7C65BFBB,0,0,0,1,0
raw,M_SHELLAPP_SHELLNUMBER_7C65BFBB,6,3,8,1,16
raw,M_SHELLAPP_SHELLDIAGNOSTIC_F84A4C35,1,3,6,1,12
raw,M_SHELLAPP_SHELLDIAGNOSTIC_F84A4C35,1,8,7,2,14
raw,M_SHELLAPP_SHELLDIAGNOSTIC_F84A4C35,1,11,4,1,8
raw,M_SHELLAPP_SHELLREDRAW_2EDE4915,0,0,0,1,0
raw,M_SHELLAPP_SHELLREDRAW_2EDE4915,0,2,0,1,0
raw,M_SHELLAPP_SHELLREDRAW_2EDE4915,11,7,8,1,16
raw,M_SHELLAPP_SHELLCLEAR_52BB640F,0,0,0,1,0
raw,M_SHELLAPP_SHELLPARSE_A4976CAB,0,0,0,1,0
raw,M_SHELLAPP_SHELLPARSE_A4976CAB,65,6,6,1,12
raw,M_SHELLAPP_SHELLPARSE_A4976CAB,67,2,6,1,12
raw,M_SHELLAPP_SHELLPARSE_A4976CAB,70,2,6,1,12
raw,M_SHELLAPP_SHELLPARSE_A4976CAB,72,2,6,1,12
raw,M_SHELLAPP_SHELLPARSE_A4976CAB,74,2,6,1,12
raw,M_SHELLAPP_SHELLPARSE_A4976CAB,76,2,6,1,12
raw,M_SHELLAPP_SHELLPARSE_A4976CAB,78,2,6,1,12
raw,M_SHELLAPP_SHELLPARSE_A4976CAB,80,2,6,1,12
raw,M_SHELLAPP_SHELLPARSE_A4976CAB,82,2,6,1,12
raw,M_SHELLAPP_SHELLPARSE_A4976CAB,84,2,6,1,12
raw,M_SHELLAPP_SHELLPARSE_A4976CAB,86,2,6,1,12
raw,M_SHELLAPP_SHELLPARSE_A4976CAB,88,2,8,1,16
raw,M_SHELLAPP_SHELLCHANGE_E2B81D98,0,2,7,2,14
raw,M_SHELLAPP_SHELLCHANGE_E2B81D98,0,4,0,1,0
raw,M_SHELLAPP_SHELLCHANGE_E2B81D98,1,2,8,1,16
raw,M_SHELLAPP_SHELLCHANGE_E2B81D98,2,4,3,0,6
raw,M_SHELLAPP_SHELLCHANGE_E2B81D98,2,6,0,1,0
raw,M_SHELLAPP_SHELLCHANGE_E2B81D98,3,2,8,1,16
raw,M_SHELLAPP_SHELLCHANGE_E2B81D98,3,5,3,0,6
raw,M_SHELLAPP_SHELLCHANGE_E2B81D98,3,7,0,1,0
raw,M_SHELLAPP_SHELLCHANGE_E2B81D98,5,1,0,1,0
raw,M_SHELLAPP_SHELLCHANGE_E2B81D98,5,2,8,1,16
raw,M_SHELLAPP_SHELLCHANGE_E2B81D98,7,2,3,0,6
raw,M_SHELLAPP_SHELLCHANGE_E2B81D98,7,3,0,1,0
raw,M_SHELLAPP_SHELLCHANGE_E2B81D98,8,1,0,1,0
raw,M_SHELLAPP_SHELLCHANGE_E2B81D98,8,2,8,1,16
raw,M_SHELLAPP_SHELLRELEASELOCK_7049A622,0,2,3,0,6
raw,M_SHELLAPP_SHELLRELEASELOCK_7049A622,0,4,0,1,0
raw,M_SHELLAPP_SHELLRELEASELOCK_7049A622,1,1,0,1,0
raw,M_SHELLAPP_SHELLRELEASELOCK_7049A622,1,2,8,1,16
raw,M_SHELLAPP_SHELLRELEASELOCK_7049A622,2,2,3,0,6
raw,M_SHELLAPP_SHELLRELEASELOCK_7049A622,2,3,0,1,0
raw,M_SHELLAPP_SHELLRELEASELOCK_7049A622,3,1,0,1,0
raw,M_SHELLAPP_SHELLRELEASELOCK_7049A622,3,2,8,1,16
raw,M_SHELLAPP_SHELLDIR_EB67AED9,2,3,7,2,14
raw,M_SHELLAPP_SHELLDIR_EB67AED9,3,1,0,1,0
raw,M_SHELLAPP_SHELLDIR_EB67AED9,3,2,8,1,16
raw,M_SHELLAPP_SHELLDIR_EB67AED9,4,0,0,1,0
raw,M_SHELLAPP_SHELLDIR_EB67AED9,4,6,6,1,12
raw,M_SHELLAPP_SHELLDIR_EB67AED9,4,8,0,1,0
raw,M_SHELLAPP_SHELLDIR_EB67AED9,5,2,8,1,16
raw,M_SHELLAPP_SHELLDIR_EB67AED9,7,0,0,1,0
raw,M_SHELLAPP_SHELLDIR_EB67AED9,8,2,8,1,16
raw,M_SHELLAPP_SHELLDIR_EB67AED9,10,3,6,1,12
raw,M_SHELLAPP_SHELLDIR_EB67AED9,10,5,0,1,0
raw,M_SHELLAPP_SHELLDIR_EB67AED9,12,0,0,1,0
raw,M_SHELLAPP_SHELLDIR_EB67AED9,12,3,6,1,12
raw,M_SHELLAPP_SHELLDIR_EB67AED9,13,2,8,1,16
raw,M_SHELLAPP_SHELLDIR_EB67AED9,16,0,0,1,0
raw,M_SHELLAPP_SHELLDIR_EB67AED9,16,1,4,1,8
raw,M_SHELLAPP_SHELLDIR_EB67AED9,17,0,0,1,0
raw,M_SHELLAPP_SHELLDIR_EB67AED9,17,1,4,1,8
raw,M_SHELLAPP_SHELLDIR_EB67AED9,17,2,0,1,0
raw,M_SHELLAPP_SHELLDIR_EB67AED9,17,5,7,2,14
raw,M_SHELLAPP_SHELLDIR_EB67AED9,18,0,0,1,0
raw,M_SHELLAPP_SHELLDIR_EB67AED9,18,1,4,1,8
raw,M_SHELLAPP_SHELLCONVERT_8185A927,0,0,0,1,0
raw,M_SHELLAPP_SHELLCLOSECOMMANDINPUT_5DFC114D,1,2,3,0,6
raw,M_SHELLAPP_SHELLCLOSECOMMANDINPUT_5DFC114D,3,1,0,1,0
raw,M_SHELLAPP_SHELLCLOSECOMMANDINPUT_5DFC114D,3,2,8,1,16
raw,M_SHELLAPP_SHELLTYPE_D64CE23C,1,5,7,2,14
raw,M_SHELLAPP_SHELLTYPE_D64CE23C,2,0,0,1,0
raw,M_SHELLAPP_SHELLTYPE_D64CE23C,4,0,0,1,0
raw,M_SHELLAPP_SHELLTYPE_D64CE23C,7,2,8,1,16
raw,M_SHELLAPP_SHELLTYPE_D64CE23C,8,1,3,0,6
raw,M_SHELLAPP_SHELLTYPE_D64CE23C,8,3,0,1,0
raw,M_SHELLAPP_SHELLTYPE_D64CE23C,10,2,8,1,16
raw,M_SHELLAPP_SHELLTYPE_D64CE23C,12,2,8,1,16
raw,M_SHELLAPP_SHELLTYPE_D64CE23C,14,1,0,1,0
raw,M_SHELLAPP_SHELLTYPE_D64CE23C,14,3,10,1,20
raw,M_SHELLAPP_SHELLTYPE_D64CE23C,14,5,0,1,0
raw,M_SHELLAPP_SHELLTYPE_D64CE23C,15,2,8,1,16
raw,M_SHELLAPP_SHELLTYPE_D64CE23C,17,0,0,1,0
raw,M_SHELLAPP_SHELLTYPE_D64CE23C,20,2,8,1,16
raw,M_SHELLAPP_SHELLTYPE_D64CE23C,21,2,2,1,4
raw,M_SHELLAPP_SHELLTYPE_D64CE23C,21,4,0,1,0
raw,M_SHELLAPP_SHELLTYPE_D64CE23C,21,5,0,1,0
raw,M_SHELLAPP_SHELLTYPE_D64CE23C,21,7,8,1,16
raw,M_SHELLAPP_SHELLMEM_399A3E7B,0,0,0,1,0
raw,M_SHELLAPP_SHELLMEM_399A3E7B,0,2,6,1,12
raw,M_SHELLAPP_SHELLMEM_399A3E7B,0,3,0,1,0
raw,M_SHELLAPP_SHELLMEM_399A3E7B,0,5,4,1,8
raw,M_SHELLAPP_SHELLMEM_399A3E7B,0,7,7,2,14
raw,M_SHELLAPP_SHELLMEM_399A3E7B,0,8,0,1,0
raw,M_SHELLAPP_SHELLMEM_399A3E7B,0,9,4,1,8
raw,M_SHELLAPP_SHELLMEM_399A3E7B,0,10,0,1,0
raw,M_SHELLAPP_SHELLMEM_399A3E7B,0,12,6,1,12
raw,M_SHELLAPP_SHELLMEM_399A3E7B,0,13,0,1,0
raw,M_SHELLAPP_SHELLMEM_399A3E7B,0,14,4,1,8
raw,M_SHELLAPP_SHELLMEM_399A3E7B,0,16,7,2,14
raw,M_SHELLAPP_SHELLMEM_399A3E7B,0,17,0,1,0
raw,M_SHELLAPP_SHELLMEM_399A3E7B,0,18,4,1,8
raw,M_SHELLAPP_SHELLMEM_399A3E7B,0,19,0,1,0
raw,M_SHELLAPP_SHELLMEM_399A3E7B,0,21,6,1,12
raw,M_SHELLAPP_SHELLMEM_399A3E7B,0,22,0,1,0
raw,M_SHELLAPP_SHELLMEM_399A3E7B,0,23,4,1,8
raw,M_SHELLAPP_SHELLMEM_399A3E7B,0,25,7,2,14
raw,M_SHELLAPP_SHELLMEM_399A3E7B,0,26,0,1,0
raw,M_SHELLAPP_SHELLMEM_399A3E7B,0,27,4,1,8
raw,M_SHELLAPP_SHELLMEM_399A3E7B,0,28,0,1,0
raw,M_SHELLAPP_SHELLMEM_399A3E7B,0,30,6,1,12
raw,M_SHELLAPP_SHELLMEM_399A3E7B,0,31,0,1,0
raw,M_SHELLAPP_SHELLMEM_399A3E7B,0,33,4,1,8
raw,M_SHELLAPP_SHELLMEM_399A3E7B,0,35,7,2,14
raw,M_SHELLAPP_SHELLMEM_399A3E7B,0,36,0,1,0
raw,M_SHELLAPP_SHELLMEM_399A3E7B,0,37,4,1,8
raw,M_SHELLAPP_SHELLTASKSTATE_6E5D5B16,3,2,6,1,12
raw,M_SHELLAPP_SHELLTASKS_1B8DD8E2,0,0,0,1,0
raw,M_SHELLAPP_SHELLTASKS_1B8DD8E2,0,5,5,2,10
raw,M_SHELLAPP_SHELLTASKS_1B8DD8E2,0,9,6,1,12
raw,M_SHELLAPP_SHELLTASKS_1B8DD8E2,0,11,4,1,8
raw,M_SHELLAPP_SHELLTASKS_1B8DD8E2,4,5,7,2,14
raw,M_SHELLAPP_SHELLTASKS_1B8DD8E2,6,1,4,1,8
raw,M_SHELLAPP_SHELLTASKS_1B8DD8E2,7,1,4,1,8
raw,M_SHELLAPP_SHELLTASKS_1B8DD8E2,7,3,4,1,8
raw,M_SHELLAPP_SHELLTASKS_1B8DD8E2,7,5,4,1,8
raw,M_SHELLAPP_SHELLTASKS_1B8DD8E2,7,10,4,1,8
raw,M_SHELLAPP_SHELLTASKS_1B8DD8E2,7,12,4,1,8
raw,M_SHELLAPP_SHELLTASKS_1B8DD8E2,8,2,6,1,12
raw,M_SHELLAPP_SHELLTASKS_1B8DD8E2,9,4,6,1,12
raw,M_SHELLAPP_SHELLTASKS_1B8DD8E2,10,1,4,1,8
raw,M_SHELLAPP_SHELLDEVICES_E5FACF4D,0,0,0,1,0
raw,M_SHELLAPP_SHELLDEVICES_E5FACF4D,0,5,5,2,10
raw,M_SHELLAPP_SHELLDEVICES_E5FACF4D,0,9,6,1,12
raw,M_SHELLAPP_SHELLDEVICES_E5FACF4D,0,11,4,1,8
raw,M_SHELLAPP_SHELLDEVICES_E5FACF4D,6,2,6,1,12
raw,M_SHELLAPP_SHELLDEVICES_E5FACF4D,7,2,6,1,12
raw,M_SHELLAPP_SHELLDEVICES_E5FACF4D,11,2,6,1,12
raw,M_SHELLAPP_SHELLDEVICES_E5FACF4D,11,4,4,1,8
raw,M_SHELLAPP_SHELLMOUNTS_13BE84C6,0,0,0,1,0
raw,M_SHELLAPP_SHELLMOUNTS_13BE84C6,0,5,5,2,10
raw,M_SHELLAPP_SHELLMOUNTS_13BE84C6,0,9,6,1,12
raw,M_SHELLAPP_SHELLMOUNTS_13BE84C6,0,11,4,1,8
raw,M_SHELLAPP_SHELLMOUNTS_13BE84C6,1,2,6,1,12
raw,M_SHELLAPP_SHELLMOUNTS_13BE84C6,1,4,4,1,8
raw,M_SHELLAPP_SHELLMOUNTS_13BE84C6,4,4,6,1,12
raw,M_SHELLAPP_SHELLMOUNTS_13BE84C6,4,6,4,1,8
raw,M_SHELLAPP_SHELLMOUNTS_13BE84C6,4,10,3,0,6
raw,M_SHELLAPP_SHELLMOUNTS_13BE84C6,7,1,4,1,8
raw,M_SHELLAPP_SHELLMOUNTS_13BE84C6,8,1,4,1,8
raw,M_SHELLAPP_SHELLMOUNTS_13BE84C6,8,4,6,1,12
raw,M_SHELLAPP_SHELLMOUNTS_13BE84C6,9,2,6,1,12
raw,M_SHELLAPP_SHELLMOUNTS_13BE84C6,10,2,6,1,12
raw,M_SHELLAPP_SHELLMOUNTS_13BE84C6,11,1,4,1,8
raw,M_SHELLAPP_SHELLUNREDIRECT_630E066D,3,2,3,0,6
raw,M_SHELLAPP_SHELLUNREDIRECT_630E066D,3,4,0,1,0
raw,M_SHELLAPP_SHELLUNREDIRECT_630E066D,5,1,0,1,0
raw,M_SHELLAPP_SHELLUNREDIRECT_630E066D,5,2,8,1,16
raw,M_SHELLAPP_SHELLUNREDIRECT_630E066D,6,2,3,0,6
raw,M_SHELLAPP_SHELLUNREDIRECT_630E066D,6,4,0,1,0
raw,M_SHELLAPP_SHELLUNREDIRECT_630E066D,7,1,0,1,0
raw,M_SHELLAPP_SHELLUNREDIRECT_630E066D,7,2,8,1,16
raw,M_SHELLAPP_SHELLUNREDIRECT_630E066D,11,2,3,0,6
raw,M_SHELLAPP_SHELLUNREDIRECT_630E066D,13,1,0,1,0
raw,M_SHELLAPP_SHELLUNREDIRECT_630E066D,13,2,8,1,16
raw,M_SHELLAPP_SHELLUNREDIRECT_630E066D,16,2,3,0,6
raw,M_SHELLAPP_SHELLUNREDIRECT_630E066D,18,1,0,1,0
raw,M_SHELLAPP_SHELLUNREDIRECT_630E066D,18,2,8,1,16
raw,M_SHELLAPP_SHELLREDIRECT_BB31A89E,2,0,0,1,0
raw,M_SHELLAPP_SHELLREDIRECT_BB31A89E,2,3,0,1,0
raw,M_SHELLAPP_SHELLREDIRECT_BB31A89E,2,6,0,1,0
raw,M_SHELLAPP_SHELLREDIRECT_BB31A89E,4,7,7,2,14
raw,M_SHELLAPP_SHELLREDIRECT_BB31A89E,6,1,0,1,0
raw,M_SHELLAPP_SHELLREDIRECT_BB31A89E,6,2,8,1,16
raw,M_SHELLAPP_SHELLREDIRECT_BB31A89E,8,7,7,2,14
raw,M_SHELLAPP_SHELLREDIRECT_BB31A89E,10,1,0,1,0
raw,M_SHELLAPP_SHELLREDIRECT_BB31A89E,10,2,8,1,16
raw,M_SHELLAPP_SHELLREDIRECT_BB31A89E,12,2,3,0,6
raw,M_SHELLAPP_SHELLREDIRECT_BB31A89E,12,4,0,1,0
raw,M_SHELLAPP_SHELLREDIRECT_BB31A89E,14,1,0,1,0
raw,M_SHELLAPP_SHELLREDIRECT_BB31A89E,14,2,8,1,16
raw,M_SHELLAPP_SHELLREDIRECT_BB31A89E,16,2,3,0,6
raw,M_SHELLAPP_SHELLREDIRECT_BB31A89E,16,4,0,1,0
raw,M_SHELLAPP_SHELLREDIRECT_BB31A89E,18,1,0,1,0
raw,M_SHELLAPP_SHELLREDIRECT_BB31A89E,18,2,8,1,16
raw,M_SHELLAPP_SHELLDISPATCH_02D6964A,1,0,0,1,0
raw,M_SHELLAPP_SHELLDISPATCH_02D6964A,1,2,6,1,12
raw,M_SHELLAPP_SHELLDISPATCH_02D6964A,1,3,0,1,0
raw,M_SHELLAPP_SHELLDISPATCH_02D6964A,1,4,4,1,8
raw,M_SHELLAPP_SHELLDISPATCH_02D6964A,7,0,0,1,0
raw,M_SHELLAPP_SHELLDISPATCH_02D6964A,7,1,4,1,8
raw,M_SHELLAPP_SHELLDISPATCH_02D6964A,11,0,0,1,0
raw,M_SHELLAPP_SHELLDISPATCH_02D6964A,11,1,4,1,8
raw,M_SHELLAPP_SHELLDISPATCH_02D6964A,12,0,0,1,0
raw,M_SHELLAPP_SHELLDISPATCH_02D6964A,12,5,6,1,12
raw,M_SHELLAPP_SHELLDISPATCH_02D6964A,16,3,3,0,6
raw,M_SHELLAPP_SHELLDISPATCH_02D6964A,17,2,0,1,0
raw,M_SHELLAPP_SHELLDISPATCH_02D6964A,17,4,10,1,20
raw,M_SHELLAPP_SHELLDISPATCH_02D6964A,19,1,0,1,0
raw,M_SHELLAPP_SHELLDISPATCH_02D6964A,19,2,8,1,16
raw,M_SHELLAPP_SHELLDISPATCH_02D6964A,20,0,0,1,0
raw,M_SHELLAPP_SHELLDISPATCH_02D6964A,20,1,0,1,0
raw,M_SHELLAPP_SHELLDISPATCH_02D6964A,20,2,6,1,12
raw,M_SHELLAPP_SHELLDISPATCH_02D6964A,20,3,0,1,0
raw,M_SHELLAPP_SHELLDISPATCH_02D6964A,20,4,4,1,8
raw,M_SHELLAPP_SHELLDISPATCH_02D6964A,23,0,0,1,0
raw,M_SHELLAPP_SHELLDISPATCH_02D6964A,25,0,0,1,0
raw,M_SHELLAPP_SHELLDISPATCH_02D6964A,27,0,0,1,0
raw,M_SHELLAPP_SHELLDISPATCH_02D6964A,29,0,0,1,0
raw,M_SHELLAPP_SHELLDISPATCH_02D6964A,29,1,3,0,6
raw,M_SHELLAPP_SHELLDISPATCH_02D6964A,31,0,0,1,0
raw,M_SHELLAPP_SHELLDISPATCH_02D6964A,31,2,6,1,12
raw,M_SHELLAPP_SHELLDISPATCH_02D6964A,33,0,0,1,0
raw,M_SHELLAPP_SHELLDISPATCH_02D6964A,33,1,3,0,6
raw,M_SHELLAPP_SHELLDISPATCH_02D6964A,35,0,0,1,0
raw,M_SHELLAPP_SHELLDISPATCH_02D6964A,35,1,3,0,6
raw,M_SHELLAPP_SHELLCOMMAND_01DF848F,2,6,0,1,0
raw,M_SHELLAPP_SHELLCOMMAND_01DF848F,3,2,8,1,16
raw,M_SHELLAPP_SHELLCOMMAND_01DF848F,4,0,0,1,0
raw,M_SHELLAPP_SHELLCOMMAND_01DF848F,5,0,0,1,0
raw,M_SHELLAPP_SHELLCOMMAND_01DF848F,5,1,0,1,0
raw,M_SHELLAPP_SHELLCOMMAND_01DF848F,6,0,0,1,0
raw,M_SHELLAPP_SHELLFEED_19C6DEC4,0,0,0,1,0
raw,M_SHELLAPP_SHELLFEED_19C6DEC4,5,2,4,1,8
raw,M_SHELLAPP_SHELLFEED_19C6DEC4,5,3,0,1,0
raw,M_SHELLAPP_SHELLFEED_19C6DEC4,5,4,0,1,0
raw,M_SHELLAPP_SHELLFEED_19C6DEC4,10,2,4,1,8
raw,M_SHELLAPP_SHELLFEED_19C6DEC4,10,3,0,1,0
raw,M_SHELLAPP_SHELLFEED_19C6DEC4,10,4,0,1,0
raw,M_SHELLAPP_SHELLFEED_19C6DEC4,11,2,4,1,8
raw,M_SHELLAPP_SHELLFEED_19C6DEC4,11,3,0,1,0
raw,M_SHELLAPP_SHELLFEED_19C6DEC4,11,4,0,1,0
raw,M_SHELLAPP_SHELLFEED_19C6DEC4,14,2,4,1,8
raw,M_SHELLAPP_SHELLFEED_19C6DEC4,14,3,0,1,0
raw,M_SHELLAPP_SHELLFEED_19C6DEC4,14,4,0,1,0
raw,M_SHELLAPP_SHELLFEED_19C6DEC4,17,0,0,1,0
raw,M_SHELLAPP_SHELLFEED_19C6DEC4,21,8,0,1,0
raw,M_SHELLAPP_SHELLFEED_19C6DEC4,28,19,4,1,8
raw,M_SHELLAPP_SHELLFEED_19C6DEC4,28,20,0,1,0
raw,M_SHELLAPP_SHELLFEED_19C6DEC4,29,13,0,1,0
raw,M_SHELLAPP_SHELLREADSTEP_5848FDA6,0,0,0,1,0
raw,M_SHELLAPP_SHELLREADSTEP_5848FDA6,0,6,10,1,20
raw,M_SHELLAPP_SHELLREADSTEP_5848FDA6,0,8,0,1,0
raw,M_SHELLAPP_SHELLREADSTEP_5848FDA6,1,2,1,0,2
raw,M_SHELLAPP_SHELLREADSTEP_5848FDA6,5,2,8,1,16
raw,M_SHELLAPP_SHELLREADSTEP_5848FDA6,6,3,0,1,0
raw,M_SHELLAPP_SHELLREADSTEP_5848FDA6,6,25,4,1,8
raw,M_SHELLAPP_SHELLREADSTEP_5848FDA6,6,29,6,1,12
raw,M_SHELLAPP_SHELLREADSTEP_5848FDA6,6,32,4,1,8
raw,M_SHELLAPP_SHELLOPEN_DC32811A,0,3,8,1,16
raw,M_SHELLAPP_SHELLOPEN_DC32811A,2,3,7,2,14
raw,M_SHELLAPP_SHELLOPEN_DC32811A,3,1,0,1,0
raw,M_SHELLAPP_SHELLOPEN_DC32811A,3,2,8,1,16
raw,M_SHELLAPP_SHELLOPEN_DC32811A,4,3,3,0,6
raw,M_SHELLAPP_SHELLOPEN_DC32811A,4,5,0,1,0
raw,M_SHELLAPP_SHELLOPEN_DC32811A,5,1,0,1,0
raw,M_SHELLAPP_SHELLOPEN_DC32811A,5,2,8,1,16
raw,M_SHELLAPP_SHELLOPEN_DC32811A,6,5,3,0,6
raw,M_SHELLAPP_SHELLOPEN_DC32811A,6,7,0,1,0
raw,M_SHELLAPP_SHELLOPEN_DC32811A,7,1,0,1,0
raw,M_SHELLAPP_SHELLOPEN_DC32811A,7,2,8,1,16
raw,M_SHELLAPP_SHELLINITIALPROMPT_9A2AE0BA,0,8,0,1,0
raw,M_SHELLAPP_SHELLINITIALPROMPT_9A2AE0BA,0,9,0,1,0
raw,M_SHELLAPP_SHELLSTART_D37857EA,0,0,0,1,0
raw,M_SHELLAPP_SHELLSTART_D37857EA,3,1,3,0,6
raw,M_SHELLAPP_SHELLSTART_D37857EA,4,0,0,1,0
raw,M_SHELLAPP_SHELLFINISH_77CE18A3,2,0,0,1,0
raw,M_SHELLAPP_SHELLFINISH_77CE18A3,5,2,3,0,6
raw,M_SHELLAPP_SHELLFINISH_77CE18A3,5,4,0,1,0
raw,M_SHELLAPP_SHELLFINISH_77CE18A3,7,1,0,1,0
raw,M_SHELLAPP_SHELLFINISH_77CE18A3,7,2,8,1,16
raw,M_SHELLAPP_SHELLFINISH_77CE18A3,9,2,3,0,6
raw,M_SHELLAPP_SHELLFINISH_77CE18A3,9,4,0,1,0
raw,M_SHELLAPP_SHELLFINISH_77CE18A3,10,0,3,0,6
raw,M_SHELLAPP_SHELLFINISH_77CE18A3,10,2,0,1,0
raw,M_SHELLAPP_SHELLFINISH_77CE18A3,11,1,0,1,0
raw,M_SHELLAPP_SHELLFINISH_77CE18A3,11,2,8,1,16
raw,M_SHELLAPP_SHELLFINISH_77CE18A3,13,1,0,1,0
raw,M_SHELLAPP_SHELLFINISH_77CE18A3,13,2,8,1,16
raw,M_SHELLAPP_SHELLFINISH_77CE18A3,14,1,3,0,6
raw,M_SHELLAPP_SHELLFINISH_77CE18A3,14,2,0,1,0
raw,M_SHELLAPP_SHELLFINISH_77CE18A3,15,1,0,1,0
raw,M_SHELLAPP_SHELLFINISH_77CE18A3,15,2,8,1,16
raw,M_SHELLAPP_SHELLFINISH_77CE18A3,16,4,3,0,6
raw,M_SHELLAPP_SHELLFINISH_77CE18A3,16,5,0,1,0
raw,M_SHELLAPP_SHELLFINISH_77CE18A3,17,1,0,1,0
raw,M_SHELLAPP_SHELLFINISH_77CE18A3,17,2,8,1,16
raw,M_SHELLAPP_SHELLFINISH_77CE18A3,18,2,0,1,0
raw,M_SHELLAPP_SHELLFINISH_77CE18A3,21,2,3,0,6
raw,M_SHELLAPP_SHELLFINISH_77CE18A3,22,0,0,1,0
raw,M_SHELLAPP_SHELLFINISH_77CE18A3,23,1,0,1,0
raw,M_SHELLAPP_SHELLFINISH_77CE18A3,23,2,8,1,16
raw,M_SHELLAPP_SHELLFINISH_77CE18A3,25,1,0,1,0
raw,M_SHELLAPP_SHELLFINISH_77CE18A3,25,2,8,1,16
raw,M_SHELLAPP_SHELLFINISH_77CE18A3,26,6,7,2,14
raw,M_SHELLAPP_SHELLBOOTSIO_1538A419,0,0,0,1,0
raw,M_SHELLAPP_SHELLBOOTSIO_1538A419,1,2,8,1,16
raw,M_SHELLAPP_SHELLBOOTSIO_1538A419,2,2,7,2,14
raw,M_SHELLAPP_SHELLBOOTSIO_1538A419,3,1,3,0,6
raw,M_SHELLAPP_SHELLBOOTSIO_1538A419,3,4,8,1,16
raw,M_SHELLAPP_SHELLBOOTSIO_1538A419,4,4,14,3,28
raw,M_SHELLAPP_SHELLBOOTSIO_1538A419,5,1,3,0,6
raw,M_SHELLAPP_SHELLBOOTSIO_1538A419,6,1,3,0,6
raw,M_SHELLAPP_SHELLBOOTSIO_1538A419,6,3,3,0,6
raw,M_SHELLAPP_SHELLBOOTSIO_1538A419,7,3,8,1,16
raw,M_SHELLAPP_SHELLBOOTSTART_6A4872BE,0,0,0,1,0
raw,M_SHELLAPP_SHELLBOOTSTART_6A4872BE,2,0,3,0,6
raw,M_SHELLAPP_SHELLBOOTSTART_6A4872BE,2,2,0,1,0
raw,M_SHELLAPP_SHELLBOOTSTART_6A4872BE,2,6,0,1,0
raw,M_SHELLAPP_SHELLBOOTSTART_6A4872BE,2,10,6,1,12
raw,M_SHELLAPP_SHELLBOOTSTART_6A4872BE,2,14,6,1,12
raw,M_SHELLAPP_SHELLBOOTSTART_6A4872BE,2,18,6,1,12
raw,M_SHELLAPP_SHELLBOOTSTART_6A4872BE,2,22,6,1,12
raw,M_SHELLAPP_SHELLBOOTSTART_6A4872BE,2,25,4,1,8
raw,M_SHELLAPP_SHELLBOOTSTART_6A4872BE,5,0,0,1,0
raw,M_SHELLAPP_SHELLBOOTSTART_6A4872BE,7,3,6,1,12
raw,M_SHELLAPP_SHELLBOOTSTART_6A4872BE,7,6,4,1,8
raw,M_SHELLAPP_SHELLBOOTSTART_6A4872BE,7,7,0,1,0
raw,M_SHELLAPP_SHELLBOOTSTART_6A4872BE,8,3,6,1,12
raw,M_SHELLAPP_SHELLBOOTSTART_6A4872BE,10,3,6,1,12
raw,M_SHELLAPP_SHELLBOOTSTART_6A4872BE,12,1,3,0,6
raw,M_SHELLAPP_SHELLBOOTSTART_6A4872BE,13,3,6,1,12
raw,M_SHELLAPP_SHELLBOOTSTART_6A4872BE,13,6,4,1,8
raw,M_SHELLAPP_SHELLBOOTSTART_6A4872BE,14,3,6,1,12
raw,M_SHELLAPP_SHELLBOOTSTART_6A4872BE,14,6,4,1,8
raw,M_SHELLAPP_SHELLBOOTSTART_6A4872BE,15,2,4,1,8
raw,M_SHELLAPP_SHELLBOOTSTART_6A4872BE,15,3,0,1,0
raw,M_SHELLAPP_MAIN_168A375D,0,0,0,1,0
raw,M_SHELLAPP_MAIN_168A375D,2,0,0,1,0
raw,M_SHELLAPP_MAIN_168A375D,4,0,0,1,0
opt,M_EXECMEMORY_QUERY_D2E34F9F,2,1,2,1,4
opt,M_EXECMEMORY_RESERVEEXACT_88D3D2C8,2,1,2,1,4
opt,M_EXECMEMORY_RESERVEEXACT_88D3D2C8,4,1,2,1,4
opt,M_EXECMEMORY_ACQUIRE_EAA019EB,2,1,2,1,4
opt,M_EXECMEMORY_RELEASE_A6E307FC,2,1,2,1,4
opt,M_EXECMEMORY_RELEASE_A6E307FC,4,1,2,1,4
opt,M_EXECMEMORY_INIT_F4EA07E3,0,0,0,1,0
opt,M_EXECLISTS_NEWMINLIST_A2695943,0,2,3,0,6
opt,M_EXECLISTS_ISMINLISTEMPTY_6D517164,0,2,3,0,6
opt,M_EXECLISTS_INSERT_468B11BA,1,2,6,1,12
opt,M_EXECLISTS_INSERT_468B11BA,4,2,6,1,12
opt,M_EXECLISTS_REMHEAD_F8063CE7,2,1,3,0,6
opt,M_EXECLISTS_REMTAIL_292EAA27,2,1,3,0,6
opt,M_EXECLISTS_ENQUEUE_763E1E61,3,2,6,1,12
opt,M_EXECLISTS_ENQUEUE_763E1E61,4,3,9,0,18
opt,M_HEAPCORE_BOUNDS_2387CB05,1,0,2,1,4
opt,M_HEAPCORE_BOUNDS_2387CB05,3,0,2,1,4
opt,M_HEAPCORE_BOUNDS_2387CB05,5,0,2,1,4
opt,M_HEAPCORE_BOUNDS_2387CB05,9,0,2,1,4
opt,M_HEAPCORE_BOUNDS_2387CB05,11,0,2,1,4
opt,M_HEAPCORE_CHUNKADDRESS_A551D41B,1,0,2,1,4
opt,M_HEAPCORE_CHUNKADDRESS_A551D41B,3,0,2,1,4
opt,M_HEAPCORE_NEXTADDRESS_E32592FF,3,0,2,1,4
opt,M_HEAPCORE_CHUNKEND_0E0C27CE,0,2,6,1,12
opt,M_HEAPCORE_CHUNKEND_0E0C27CE,1,0,2,1,4
opt,M_HEAPCORE_CHUNKEND_0E0C27CE,4,0,2,1,4
opt,M_HEAPCORE_CHUNKEND_0E0C27CE,5,9,10,1,20
opt,M_HEAPCORE_VALIDATE_B397AD34,0,1,3,0,6
opt,M_HEAPCORE_VALIDATE_B397AD34,2,1,6,1,12
opt,M_HEAPCORE_VALIDATE_B397AD34,4,0,2,1,4
opt,M_HEAPCORE_SPLIT_B6117102,1,9,10,1,20
opt,M_HEAPCORE_SPLIT_B6117102,4,3,9,0,18
opt,M_HEAPCORE_RESERVE_2192E9C0,0,1,4,1,8
opt,M_HEAPCORE_RESERVE_2192E9C0,4,1,3,0,6
opt,M_HEAPCORE_RESERVE_2192E9C0,9,1,8,1,16
opt,M_HEAPCORE_RESERVE_2192E9C0,13,2,17,2,34
opt,M_HEAPCORE_ALLOCATE_E39F1AF5,0,2,8,1,16
opt,M_HEAPCORE_LARGEST_AA9886E8,0,1,3,0,6
opt,M_HEAPCORE_LARGEST_AA9886E8,2,1,6,1,12
opt,M_HEAPCORE_LARGEST_AA9886E8,4,0,8,1,16
opt,M_HEAPCORE_LARGEST_AA9886E8,17,0,2,1,4
opt,M_HEAPCORE_INSERTFREE_129E41BB,6,5,10,1,20
opt,M_HEAPCORE_INSERTFREE_129E41BB,6,9,9,0,18
opt,M_HEAPCORE_RETURNRANGE_11C95A83,1,0,2,1,4
opt,M_HEAPCORE_RETURNRANGE_11C95A83,4,0,2,1,4
opt,M_HEAPCORE_RETURNRANGE_11C95A83,13,0,2,1,4
opt,M_HEAPCORE_RETURNRANGE_11C95A83,16,4,17,2,34
opt,M_HEAPCORE_RETURNRANGE_11C95A83,17,0,2,1,4
opt,M_HEAPCORE_DEALLOCATE_60F97CF2,3,0,2,1,4
opt,M_HEAPCORE_DEALLOCATE_60F97CF2,5,6,4,1,8
opt,M_HEAPCORE_DEALLOCATE_60F97CF2,5,9,3,0,6
opt,M_HEAPCORE_DEALLOCATE_60F97CF2,5,13,11,2,22
opt,M_HEAPPOLICY_SHUTDOWN_9E341637,0,0,0,1,0
opt,M_HEAPPOLICY_SHUTDOWN_9E341637,3,4,3,0,6
opt,M_HEAPPOLICY_SHUTDOWN_9E341637,4,0,4,1,8
opt,M_HEAPPOLICY_RUNS_07A33D25,2,1,5,0,10
opt,M_HEAPPOLICY_REGION_F42DC07D,0,1,2,1,4
opt,M_HEAPPOLICY_START_1455FA91,0,0,0,1,0
opt,M_HEAPPOLICY_START_1455FA91,2,0,0,1,0
opt,M_HEAPPOLICY_START_1455FA91,8,0,0,1,0
opt,M_HEAPPOLICY_START_1455FA91,9,1,5,0,10
opt,M_HEAPPOLICY_START_1455FA91,13,0,0,1,0
opt,M_HEAPPOLICY_START_1455FA91,25,1,6,1,12
opt,M_HEAPPOLICY_START_1455FA91,28,1,6,1,12
opt,M_HEAPPOLICY_START_1455FA91,33,2,2,1,4
opt,M_HEAPPOLICY_START_1455FA91,33,4,6,1,12
opt,M_HEAPPOLICY_INIT_69D6AA0D,0,0,0,1,0
opt,M_HEAPPOLICY_INIT_69D6AA0D,3,2,3,0,6
opt,M_HEAPPOLICY_INIT_69D6AA0D,3,3,4,1,8
opt,M_HEAPPOLICY_DESCRIPTOR_8971C45E,1,0,2,1,4
opt,M_HEAPPOLICY_DESCRIPTOR_8971C45E,3,0,2,1,4
opt,M_HEAPPOLICY_VALIDATEREGIONS_C3A52ACE,0,0,0,1,0
opt,M_HEAPPOLICY_VALIDATEREGIONS_C3A52ACE,1,0,2,1,4
opt,M_HEAPPOLICY_VALIDATEREGIONS_C3A52ACE,7,0,2,1,4
opt,M_HEAPPOLICY_VALIDATEREGIONS_C3A52ACE,8,1,5,2,10
opt,M_HEAPPOLICY_VALIDATEREGIONS_C3A52ACE,9,0,2,1,4
opt,M_HEAPPOLICY_VALIDATEREGIONS_C3A52ACE,12,0,2,1,4
opt,M_HEAPPOLICY_VALIDATEREGIONS_C3A52ACE,15,0,2,1,4
opt,M_HEAPPOLICY_RESERVE_42F2499D,0,1,5,0,10
opt,M_HEAPPOLICY_RESERVE_42F2499D,2,1,4,1,8
opt,M_HEAPPOLICY_RESERVE_42F2499D,5,0,0,1,0
opt,M_HEAPPOLICY_RESERVE_42F2499D,5,1,0,1,0
opt,M_HEAPPOLICY_RESERVE_42F2499D,8,3,7,2,14
opt,M_HEAPPOLICY_RESERVE_42F2499D,10,3,8,1,16
opt,M_HEAPPOLICY_LOCATE_7B91FF59,0,0,0,1,0
opt,M_HEAPPOLICY_LOCATE_7B91FF59,0,1,0,1,0
opt,M_HEAPPOLICY_LOCATE_7B91FF59,2,1,3,0,6
opt,M_HEAPPOLICY_FREE_3EA2E1EF,2,5,4,1,8
opt,M_HEAPPOLICY_FREE_3EA2E1EF,3,0,2,1,4
opt,M_HEAPPOLICY_FREE_3EA2E1EF,6,1,3,0,6
opt,M_HEAPPOLICY_FREE_3EA2E1EF,7,0,2,1,4
opt,M_HEAPPOLICY_FREE_3EA2E1EF,9,0,2,1,4
opt,M_HEAPPOLICY_FREE_3EA2E1EF,10,3,10,1,20
opt,M_HEAPPOLICY_AVAIL_22774B2C,0,1,5,0,10
opt,M_HEAPPOLICY_AVAIL_22774B2C,2,0,0,1,0
opt,M_HEAPPOLICY_AVAIL_22774B2C,2,1,0,1,0
opt,M_HEAPPOLICY_AVAIL_22774B2C,4,2,7,2,14
opt,M_HEAPPOLICY_AVAIL_22774B2C,6,0,3,0,6
opt,M_HEAPPOLICY_AVAIL_22774B2C,11,3,4,1,8
opt,M_HEAPPOLICY_MEMORYTYPE_D394B206,0,1,3,0,6
opt,M_HEAPPOLICY_VECTORBYTES_E6541B8F,0,1,4,1,8
opt,M_HEAPPOLICY_RESERVEVECTOR_C09ED6F4,0,1,4,1,8
opt,M_HEAPPOLICY_RESERVEVECTOR_C09ED6F4,2,2,8,1,16
opt,M_HEAPPOLICY_FREEVECTOR_698EC5DE,3,0,2,1,4
opt,M_HEAPPOLICY_FREEVECTOR_698EC5DE,5,5,3,0,6
opt,M_HEAPPOLICY_FREEVECTOR_698EC5DE,6,0,2,1,4
opt,M_HEAPPOLICY_FREEVECTOR_698EC5DE,8,0,2,1,4
opt,M_HEAPPOLICY_FREEVECTOR_698EC5DE,9,5,4,1,8
opt,M_HEAPPOLICY_FREEVECTOR_698EC5DE,10,0,2,1,4
opt,M_HEAPPOLICY_FREEVECTOR_698EC5DE,13,0,2,1,4
opt,M_HEAPPOLICY_FREEVECTOR_698EC5DE,14,5,10,1,20
opt,M_TASKPOLICY_POINTERRESULT_E8D88610,0,4,4,1,8
opt,M_TASKPOLICY_ARGUMENTPOINTER_A19325C6,0,1,4,1,8
opt,M_TASKPOLICY_ARGUMENTPOINTER_A19325C6,0,4,4,1,8
opt,M_TASKPOLICY_PROTECTED_FCDCE808,0,7,2,1,4
opt,M_TASKPOLICY_AVAILABLERECORD_80983EA0,0,4,6,1,12
opt,M_TASKPOLICY_AVAILABLERECORD_80983EA0,4,0,1,0,2
opt,M_TASKPOLICY_STACKSLOT_2A322EEA,6,0,1,0,2
opt,M_TASKPOLICY_READY_679992F5,0,4,5,0,10
opt,M_TASKPOLICY_READY_679992F5,0,6,3,0,6
opt,M_TASKPOLICY_READY_679992F5,0,10,6,1,12
opt,M_TASKPOLICY_INITSIGNALS_5C831CB9,0,2,6,1,12
opt,M_TASKPOLICY_ADMIT_CF1671AB,0,19,3,0,6
opt,M_TASKPOLICY_ADMIT_CF1671AB,0,21,3,0,6
opt,M_TASKPOLICY_ADMIT_CF1671AB,0,36,6,1,12
opt,M_TASKPOLICY_ADMIT_CF1671AB,0,38,3,0,6
opt,M_TASKPOLICY_INIT_57A5FAC8,0,0,0,1,0
opt,M_TASKPOLICY_INIT_57A5FAC8,2,0,0,1,0
opt,M_TASKPOLICY_INIT_57A5FAC8,2,1,0,1,0
opt,M_TASKPOLICY_INIT_57A5FAC8,2,2,0,1,0
opt,M_TASKPOLICY_INIT_57A5FAC8,2,3,0,1,0
opt,M_TASKPOLICY_INIT_57A5FAC8,4,3,3,0,6
opt,M_TASKPOLICY_INIT_57A5FAC8,4,4,3,0,6
opt,M_TASKPOLICY_INIT_57A5FAC8,6,0,1,0,2
opt,M_TASKPOLICY_INIT_57A5FAC8,6,11,3,0,6
opt,M_TASKPOLICY_INIT_57A5FAC8,6,14,3,0,6
opt,M_TASKPOLICY_INIT_57A5FAC8,6,15,3,0,6
opt,M_TASKPOLICY_INIT_57A5FAC8,7,30,3,0,6
opt,M_TASKPOLICY_INIT_57A5FAC8,7,31,1,0,2
opt,M_TASKPOLICY_INIT_57A5FAC8,7,35,6,1,12
opt,M_TASKPOLICY_INIT_57A5FAC8,7,36,5,0,10
opt,M_TASKPOLICY_INIT_57A5FAC8,7,37,1,0,2
opt,M_TASKPOLICY_WAKE_9E9C7518,2,0,1,0,2
opt,M_TASKPOLICY_WAKE_9E9C7518,6,1,1,0,2
opt,M_TASKPOLICY_WAKE_9E9C7518,6,2,3,0,6
opt,M_TASKPOLICY_SELECT_1A709B3E,0,0,0,1,0
opt,M_TASKPOLICY_SELECT_1A709B3E,2,1,3,0,6
opt,M_TASKPOLICY_SELECT_1A709B3E,3,0,1,0,2
opt,M_TASKPOLICY_SELECT_1A709B3E,4,2,3,0,6
opt,M_TASKPOLICY_SELECT_1A709B3E,7,1,3,0,6
opt,M_TASKPOLICY_SELECT_1A709B3E,9,1,5,0,10
opt,M_TASKPOLICY_SWITCH_98522C9E,0,5,5,2,10
opt,M_TASKPOLICY_SWITCH_98522C9E,2,2,3,0,6
opt,M_TASKPOLICY_SWITCH_98522C9E,5,1,3,0,6
opt,M_TASKPOLICY_SWITCH_98522C9E,7,1,3,0,6
opt,M_TASKPOLICY_ADD_A5E7C92B,0,1,2,1,4
opt,M_TASKPOLICY_ADD_A5E7C92B,0,15,3,0,6
opt,M_TASKPOLICY_ADD_A5E7C92B,1,1,5,0,10
opt,M_TASKPOLICY_ADD_A5E7C92B,3,1,5,0,10
opt,M_TASKPOLICY_ADD_A5E7C92B,6,1,3,0,6
opt,M_TASKPOLICY_ADD_A5E7C92B,7,1,5,0,10
opt,M_TASKPOLICY_ADD_A5E7C92B,8,1,3,0,6
opt,M_TASKPOLICY_ADD_A5E7C92B,9,1,5,0,10
opt,M_TASKPOLICY_ADD_A5E7C92B,10,1,3,0,6
opt,M_TASKPOLICY_ADD_A5E7C92B,12,1,3,0,6
opt,M_TASKPOLICY_ADD_A5E7C92B,13,1,3,0,6
opt,M_TASKPOLICY_ADD_A5E7C92B,14,1,5,0,10
opt,M_TASKPOLICY_ADD_A5E7C92B,15,1,5,0,10
opt,M_TASKPOLICY_ADD_A5E7C92B,16,2,1,0,2
opt,M_TASKPOLICY_ADD_A5E7C92B,16,6,12,1,24
opt,M_TASKPOLICY_ADD_A5E7C92B,16,9,5,0,10
opt,M_TASKPOLICY_ADD_A5E7C92B,16,11,1,0,2
opt,M_TASKPOLICY_ADD_A5E7C92B,16,16,5,2,10
opt,M_TASKPOLICY_REMOVETASK_35F29A21,2,1,2,1,4
opt,M_TASKPOLICY_REMOVETASK_35F29A21,3,1,2,1,4
opt,M_TASKPOLICY_REMOVETASK_35F29A21,5,1,3,0,6
opt,M_TASKPOLICY_REMOVETASK_35F29A21,7,1,3,0,6
opt,M_TASKPOLICY_REMOVETASK_35F29A21,9,1,3,0,6
opt,M_TASKPOLICY_REMOVETASK_35F29A21,10,1,3,0,6
opt,M_TASKPOLICY_REMOVETASK_35F29A21,11,1,3,0,6
opt,M_TASKPOLICY_REMOVETASK_35F29A21,12,1,3,0,6
opt,M_TASKPOLICY_REMOVETASK_35F29A21,13,0,1,0,2
opt,M_TASKPOLICY_REMOVETASK_35F29A21,15,2,3,0,6
opt,M_TASKPOLICY_REMOVETASK_35F29A21,16,29,3,0,6
opt,M_TASKPOLICY_REMOVETASK_35F29A21,16,31,3,0,6
opt,M_TASKPOLICY_REMOVETASK_35F29A21,16,33,3,0,6
opt,M_TASKPOLICY_REMOVETASK_35F29A21,17,1,3,0,6
opt,M_TASKPOLICY_FIND_0D9A09D7,1,1,1,0,2
opt,M_TASKPOLICY_FIND_0D9A09D7,4,0,1,0,2
opt,M_TASKPOLICY_FIND_0D9A09D7,6,5,6,1,12
opt,M_TASKPOLICY_PRIORITY_7FE7EE8A,0,1,2,1,4
opt,M_TASKPOLICY_PRIORITY_7FE7EE8A,0,4,3,0,6
opt,M_TASKPOLICY_PRIORITY_7FE7EE8A,2,5,4,1,8
opt,M_TASKPOLICY_PRIORITY_7FE7EE8A,2,12,4,1,8
opt,M_TASKPOLICY_EXCLUSION_DFE541A6,5,8,5,2,10
opt,M_TASKPOLICY_SLEEPTASK_6A909BCC,0,1,4,1,8
opt,M_TASKPOLICY_SLEEPTASK_6A909BCC,1,1,4,1,8
opt,M_TASKPOLICY_SLEEPTASK_6A909BCC,2,2,5,2,10
opt,M_TASKPOLICY_SLEEPTASK_6A909BCC,3,1,4,1,8
opt,M_TASKPOLICY_SLEEPTASK_6A909BCC,4,1,4,1,8
opt,M_TASKPOLICY_SLEEPTASK_6A909BCC,5,4,5,2,10
opt,M_TASKPOLICY_SLEEPTASK_6A909BCC,6,0,1,0,2
opt,M_TASKPOLICY_SLEEPTASK_6A909BCC,6,11,5,0,10
opt,M_TASKPOLICY_SLEEPTASK_6A909BCC,6,13,3,0,6
opt,M_TASKPOLICY_MASKRESULT_220A6FAB,0,3,4,1,8
opt,M_TASKPOLICY_ALLOCATEBIT_A349E154,4,0,1,0,2
opt,M_TASKPOLICY_ALLOCATEBIT_A349E154,10,1,1,0,2
opt,M_TASKPOLICY_ALLOCATEBIT_A349E154,12,5,11,2,22
opt,M_TASKPOLICY_MASKS_49833CE1,0,4,2,1,4
opt,M_TASKPOLICY_MASKS_49833CE1,1,4,4,1,8
opt,M_TASKPOLICY_MASKS_49833CE1,1,6,4,1,8
opt,M_TASKPOLICY_MASKS_49833CE1,4,8,11,2,22
opt,M_TASKPOLICY_MASKS_49833CE1,4,12,6,1,12
opt,M_TASKPOLICY_MASKS_49833CE1,9,1,1,0,2
opt,M_TASKPOLICY_COMPLETEWAIT_31FB45E4,2,1,3,0,6
opt,M_TASKPOLICY_COMPLETEWAIT_31FB45E4,4,3,6,1,12
opt,M_TASKPOLICY_WAITTASK_AD94C4A2,0,1,2,1,4
opt,M_TASKPOLICY_WAITTASK_AD94C4A2,2,1,2,1,4
opt,M_TASKPOLICY_WAITTASK_AD94C4A2,2,7,7,2,14
opt,M_TASKPOLICY_WAITTASK_AD94C4A2,3,2,6,1,12
opt,M_TASKPOLICY_WAITTASK_AD94C4A2,4,1,3,0,6
opt,M_TASKPOLICY_POSTSIGNAL_10773240,0,3,11,2,22
opt,M_TASKPOLICY_POSTSIGNAL_10773240,0,5,3,0,6
opt,M_TASKPOLICY_POSTSIGNAL_10773240,1,1,3,0,6
opt,M_TASKPOLICY_SIGNALTASK_806F80F5,0,1,2,1,4
opt,M_TASKPOLICY_SIGNALTASK_806F80F5,0,5,3,0,6
opt,M_TASKPOLICY_SIGNALTASK_806F80F5,4,2,7,2,14
opt,M_TASKPOLICY_SIGNALTASK_806F80F5,5,4,5,2,10
opt,M_TASKPOLICY_CANCELWAKE_8ADC984A,1,1,3,0,6
opt,M_TASKPOLICY_DRAINONE_68E56764,0,0,0,1,0
opt,M_TASKPOLICY_DRAINONE_68E56764,4,2,3,0,6
opt,M_TASKPOLICY_DRAINONE_68E56764,6,1,3,0,6
opt,M_TASKPOLICY_DRAINONE_68E56764,7,1,3,0,6
opt,M_TASKPOLICY_DRAINWAKES_15F017CB,0,0,0,1,0
opt,M_TASKPOLICY_DRAINWAKES_15F017CB,1,0,0,1,0
opt,M_TASKPOLICY_DRAINWAKES_15F017CB,4,1,0,1,0
opt,M_TASKPOLICY_BOUNDPRODUCER_6D7B4E54,0,1,3,0,6
opt,M_TASKPOLICY_BOUNDPRODUCER_6D7B4E54,2,1,3,0,6
opt,M_TASKPOLICY_BOUNDPRODUCER_6D7B4E54,3,1,3,0,6
opt,M_TASKPOLICY_BOUNDPRODUCER_6D7B4E54,4,1,3,0,6
opt,M_TASKPOLICY_PRODUCERCONTROL_52F9499B,0,2,2,1,4
opt,M_TASKPOLICY_PRODUCERCONTROL_52F9499B,4,0,0,1,0
opt,M_TASKPOLICY_PRODUCERCONTROL_52F9499B,6,0,0,1,0
opt,M_TASKPOLICY_PRODUCERCONTROL_52F9499B,9,4,5,2,10
opt,M_TASKPOLICY_PRODUCERCONTROL_52F9499B,10,1,4,1,8
opt,M_TASKPOLICY_PRODUCERCONTROL_52F9499B,11,1,2,1,4
opt,M_TASKPOLICY_PRODUCERCONTROL_52F9499B,11,5,3,0,6
opt,M_TASKPOLICY_PRODUCERCONTROL_52F9499B,14,12,0,1,0
opt,M_TASKPOLICY_PRODUCERCONTROL_52F9499B,14,14,4,1,8
opt,M_TASKPOLICY_MEMORYPACKET_B36B55BB,0,1,4,1,8
opt,M_TASKPOLICY_MEMORYCALL_E7816C43,0,3,6,1,12
opt,M_TASKPOLICY_MEMORYCALL_E7816C43,2,1,2,1,4
opt,M_TASKPOLICY_MEMORYCALL_E7816C43,6,5,8,1,16
opt,M_TASKPOLICY_MEMORYCALL_E7816C43,6,8,6,1,12
opt,M_TASKPOLICY_MEMORYCALL_E7816C43,7,5,8,1,16
opt,M_TASKPOLICY_MEMORYCALL_E7816C43,7,8,6,1,12
opt,M_TASKPOLICY_MEMORYCALL_E7816C43,9,6,7,2,14
opt,M_TASKPOLICY_MEMORYCALL_E7816C43,11,3,3,0,6
opt,M_TASKPOLICY_MEMORYCALL_E7816C43,13,6,4,1,8
opt,M_TASKPOLICY_MEMORYCALL_E7816C43,13,7,6,1,12
opt,M_TASKPOLICY_MEMORYCALL_E7816C43,15,6,3,0,6
opt,M_TASKPOLICY_MEMORYCALL_E7816C43,15,7,6,1,12
opt,M_TASKPOLICY_INITPORTS_2CB7E92A,0,2,3,0,6
opt,M_TASKPOLICY_VALIDPORT_7710F985,0,1,3,0,6
opt,M_TASKPOLICY_SENDMESSAGE_7332557D,0,1,3,0,6
opt,M_TASKPOLICY_SENDMESSAGE_7332557D,4,7,6,1,12
opt,M_TASKPOLICY_SENDMESSAGE_7332557D,6,2,3,0,6
opt,M_TASKPOLICY_SENDMESSAGE_7332557D,8,2,1,0,2
opt,M_TASKPOLICY_SENDMESSAGE_7332557D,9,2,7,2,14
opt,M_TASKPOLICY_PORTHEAD_A12A0751,0,1,3,0,6
opt,M_TASKPOLICY_PORTHEAD_A12A0751,2,1,2,1,4
opt,M_TASKPOLICY_PORTHEAD_A12A0751,8,3,3,0,6
opt,M_TASKPOLICY_PORTHEAD_A12A0751,10,3,5,0,10
opt,M_TASKPOLICY_PORTDELETE_CF47DFE6,0,1,3,0,6
opt,M_TASKPOLICY_PORTDELETE_CF47DFE6,7,2,1,0,2
opt,M_TASKPOLICY_PORTDELETE_CF47DFE6,9,2,3,0,6
opt,M_TASKPOLICY_PORTDELETE_CF47DFE6,11,4,4,1,8
opt,M_TASKPOLICY_REGISTRYCALL_6B5FFB7F,3,2,6,1,12
opt,M_TASKPOLICY_REGISTRYCALL_6B5FFB7F,3,8,5,0,10
opt,M_TASKPOLICY_REGISTRYCALL_6B5FFB7F,5,1,3,0,6
opt,M_TASKPOLICY_REGISTRYCALL_6B5FFB7F,6,1,3,0,6
opt,M_TASKPOLICY_REGISTRYCALL_6B5FFB7F,8,2,3,0,6
opt,M_TASKPOLICY_REGISTRYCALL_6B5FFB7F,12,4,3,0,6
opt,M_TASKPOLICY_REGISTRYCALL_6B5FFB7F,12,12,6,1,12
opt,M_TASKPOLICY_QUEUECALL_62B0545B,1,3,3,0,6
opt,M_TASKPOLICY_QUEUECALL_62B0545B,4,2,3,0,6
opt,M_TASKPOLICY_QUEUECALL_62B0545B,4,8,5,0,10
opt,M_TASKPOLICY_QUEUECALL_62B0545B,5,3,3,0,6
opt,M_TASKPOLICY_QUEUECALL_62B0545B,6,4,3,0,6
opt,M_TASKPOLICY_QUEUECALL_62B0545B,8,5,12,1,24
opt,M_TASKPOLICY_QUEUECALL_62B0545B,12,4,12,1,24
opt,M_TASKPOLICY_PORTCALL_70989793,0,1,4,1,8
opt,M_TASKPOLICY_PORTCALL_70989793,7,1,2,1,4
opt,M_TASKPOLICY_PORTCALL_70989793,8,5,6,1,12
opt,M_TASKPOLICY_PORTCALL_70989793,10,4,8,1,16
opt,M_TASKPOLICY_PORTCALL_70989793,12,4,8,1,16
opt,M_TASKPOLICY_PORTCALL_70989793,13,4,9,2,18
opt,M_TASKPOLICY_INITIO_35D5D1E4,4,13,3,0,6
opt,M_TASKPOLICY_INITIO_35D5D1E4,4,28,0,1,0
opt,M_TASKPOLICY_IOEXTENT_9818C08A,0,3,3,0,6
opt,M_TASKPOLICY_IOERROR_9413450C,2,3,6,1,12
opt,M_TASKPOLICY_IONAME_8B922013,2,2,6,1,12
opt,M_TASKPOLICY_IOBOUND_33A4879E,0,1,3,0,6
opt,M_TASKPOLICY_IOBOUND_33A4879E,2,1,3,0,6
opt,M_TASKPOLICY_IOOPEN_15F8E966,0,3,5,2,10
opt,M_TASKPOLICY_IOOPEN_15F8E966,2,6,3,0,6
opt,M_TASKPOLICY_IOOPEN_15F8E966,3,2,5,0,10
opt,M_TASKPOLICY_IOOPEN_15F8E966,4,3,6,1,12
opt,M_TASKPOLICY_IOOPEN_15F8E966,5,2,5,0,10
opt,M_TASKPOLICY_IOOPEN_15F8E966,6,2,5,0,10
opt,M_TASKPOLICY_IOOPENTEST_C4ABA6E6,2,4,3,0,6
opt,M_TASKPOLICY_IOCOMPLETE_88BA0BF3,1,5,3,0,6
opt,M_TASKPOLICY_IOCOMPLETE_88BA0BF3,2,6,12,1,24
opt,M_TASKPOLICY_IOWAITOWNER_63A51E9E,0,3,3,0,6
opt,M_TASKPOLICY_IOCOLLECT_D169FE6C,0,2,6,1,12
opt,M_TASKPOLICY_IOCOLLECT_D169FE6C,3,6,6,1,12
opt,M_TASKPOLICY_IOCOLLECT_D169FE6C,5,2,3,0,6
opt,M_TASKPOLICY_IOCOLLECT_D169FE6C,7,3,3,0,6
opt,M_TASKPOLICY_IOENQUEUE_EC975914,1,5,8,1,16
opt,M_TASKPOLICY_IOENQUEUE_EC975914,3,5,8,1,16
opt,M_TASKPOLICY_IOENQUEUE_EC975914,5,5,8,1,16
opt,M_TASKPOLICY_IOENQUEUE_EC975914,7,4,6,1,12
opt,M_TASKPOLICY_IOENQUEUE_EC975914,7,9,7,2,14
opt,M_TASKPOLICY_IOBEGIN_A0C610B5,0,1,3,0,6
opt,M_TASKPOLICY_IOBEGIN_A0C610B5,2,2,3,0,6
opt,M_TASKPOLICY_IOBEGIN_A0C610B5,6,2,6,1,12
opt,M_TASKPOLICY_IOBEGIN_A0C610B5,7,5,3,0,6
opt,M_TASKPOLICY_IOBEGIN_A0C610B5,9,3,6,1,12
opt,M_TASKPOLICY_IOBEGIN_A0C610B5,10,3,8,1,16
opt,M_TASKPOLICY_IOBEGIN_A0C610B5,12,3,8,1,16
opt,M_TASKPOLICY_IOBEGIN_A0C610B5,13,3,8,1,16
opt,M_TASKPOLICY_IOTESTBEGIN_2E780855,10,3,8,1,16
opt,M_TASKPOLICY_IOTESTBEGIN_2E780855,11,3,8,1,16
opt,M_TASKPOLICY_IOABORT_1EC95CFC,0,1,3,0,6
opt,M_TASKPOLICY_IOABORT_1EC95CFC,4,1,3,0,6
opt,M_TASKPOLICY_IOABORT_1EC95CFC,5,3,8,1,16
opt,M_TASKPOLICY_IOABORT_1EC95CFC,7,3,8,1,16
opt,M_TASKPOLICY_IOABORT_1EC95CFC,12,2,3,0,6
opt,M_TASKPOLICY_IOABORT_1EC95CFC,12,8,8,1,16
opt,M_TASKPOLICY_IOWORKERCONTROL_3D43EE5B,6,1,6,1,12
opt,M_TASKPOLICY_IOWORKERCONTROL_3D43EE5B,10,2,3,0,6
opt,M_TASKPOLICY_IOCLAIM_E59988BA,2,2,3,0,6
opt,M_TASKPOLICY_IOCLAIM_E59988BA,4,4,6,1,12
opt,M_TASKPOLICY_IOTESTFINISH_35E02F77,5,7,6,1,12
opt,M_TASKPOLICY_IOTESTFINISH_35E02F77,5,11,8,1,16
opt,M_TASKPOLICY_IOCALL_78031962,0,1,4,1,8
opt,M_TASKPOLICY_IOCALL_78031962,11,1,2,1,4
opt,M_TASKPOLICY_IOCALL_78031962,12,4,8,1,16
opt,M_TASKPOLICY_IOCALL_78031962,14,5,6,1,12
opt,M_TASKPOLICY_IOCALL_78031962,16,4,3,0,6
opt,M_TASKPOLICY_IOCALL_78031962,16,6,4,1,8
opt,M_TASKPOLICY_IOCALL_78031962,18,3,5,0,10
opt,M_TASKPOLICY_IOCALL_78031962,20,1,5,2,10
opt,M_TASKPOLICY_IOCALL_78031962,21,4,9,2,18
opt,M_TASKPOLICY_IOCALL_78031962,23,3,4,1,8
opt,M_TASKPOLICY_IOREQUESTCALL_7ACD78BD,0,1,5,2,10
opt,M_TASKPOLICY_IOREQUESTCALL_7ACD78BD,3,4,9,2,18
opt,M_TASKPOLICY_IOREQUESTCALL_7ACD78BD,6,4,9,2,18
opt,M_TASKPOLICY_IOSETTLEDCALL_042AE5B9,4,1,3,0,6
opt,M_TASKPOLICY_IOSETTLEDCALL_042AE5B9,6,1,3,0,6
opt,M_TASKPOLICY_IOSETTLEDCALL_042AE5B9,7,2,5,0,10
opt,M_TASKPOLICY_IOSETTLEDCALL_042AE5B9,9,1,3,0,6
opt,M_TASKPOLICY_IOSETTLEDCALL_042AE5B9,11,3,8,1,16
opt,M_TASKPOLICY_IOSETTLEDCALL_042AE5B9,13,3,8,1,16
opt,M_TASKPOLICY_IOSETTLEDCALL_042AE5B9,18,3,5,0,10
opt,M_TASKPOLICY_SIOOPEN_38E97F75,3,3,3,0,6
opt,M_TASKPOLICY_SIOOPEN_38E97F75,6,5,3,0,6
opt,M_TASKPOLICY_SIOENQUEUE_F49C65E1,1,5,8,1,16
opt,M_TASKPOLICY_SIOENQUEUE_F49C65E1,3,5,8,1,16
opt,M_TASKPOLICY_SIOENQUEUE_F49C65E1,5,6,12,1,24
opt,M_TASKPOLICY_SIOABORT_410D8B25,2,2,3,0,6
opt,M_TASKPOLICY_SIOABORT_410D8B25,2,8,8,1,16
opt,M_TASKPOLICY_SIOPREPAREWORKER_A27B8738,3,25,3,0,6
opt,M_TASKPOLICY_SIOPREPAREBUS_A2AD2C52,0,16,3,0,6
opt,M_TASKPOLICY_SIOADMIT_DC2C0CF4,6,0,1,0,2
opt,M_TASKPOLICY_SIOADMIT_DC2C0CF4,11,1,3,0,6
opt,M_TASKPOLICY_SIOADMIT_DC2C0CF4,11,5,6,1,12
opt,M_TASKPOLICY_SIOADMIT_DC2C0CF4,11,9,12,1,24
opt,M_TASKPOLICY_SIOTAKE_23947030,4,2,3,0,6
opt,M_TASKPOLICY_SIOTAKE_23947030,6,5,6,1,12
opt,M_TASKPOLICY_SIOFINISH_B1C2A78C,5,7,6,1,12
opt,M_TASKPOLICY_SIOFINISH_B1C2A78C,5,11,8,1,16
opt,M_TASKPOLICY_SIOSTOP_31FA5BA1,3,2,3,0,6
opt,M_TASKPOLICY_SIOSTOP_31FA5BA1,5,1,6,1,12
opt,M_TASKPOLICY_SIOSTOP_31FA5BA1,6,6,7,2,14
opt,M_TASKPOLICY_SIOSTOP_31FA5BA1,8,1,6,1,12
opt,M_TASKPOLICY_SIOWORKERCONTROL_ABEF18A6,3,3,6,1,12
opt,M_TASKPOLICY_SIOWORKERCONTROL_ABEF18A6,5,2,5,0,10
opt,M_TASKPOLICY_SIOWORKERCONTROL_ABEF18A6,13,4,6,1,12
opt,M_TASKPOLICY_SIOWORKERCONTROL_ABEF18A6,16,3,8,1,16
opt,M_TASKPOLICY_SIOWORKERCONTROL_ABEF18A6,18,5,8,1,16
opt,M_TASKPOLICY_SIOWORKERCONTROL_ABEF18A6,20,3,6,1,12
opt,M_TASKPOLICY_SIOWORKERCONTROL_ABEF18A6,22,4,6,1,12
opt,M_TASKPOLICY_SIOPAUSE_4B7D62A1,0,1,6,1,12
opt,M_TASKPOLICY_SIOPAUSE_4B7D62A1,0,2,1,0,2
opt,M_TASKPOLICY_SIOPAUSE_4B7D62A1,0,12,5,0,10
opt,M_TASKPOLICY_SIOPAUSE_4B7D62A1,0,14,3,0,6
opt,M_TASKPOLICY_SIOCONTROL_0EC256A4,1,3,6,1,12
opt,M_TASKPOLICY_SIOCONTROL_0EC256A4,3,4,3,0,6
opt,M_TASKPOLICY_SIOCONTROL_0EC256A4,3,6,6,1,12
opt,M_TASKPOLICY_SIOCONTROL_0EC256A4,5,2,5,2,10
opt,M_TASKPOLICY_SIOCONTROL_0EC256A4,7,4,6,1,12
opt,M_TASKPOLICY_SIOCONTROL_0EC256A4,9,3,8,1,16
opt,M_TASKPOLICY_SIOCONTROL_0EC256A4,10,5,9,2,18
opt,M_TASKPOLICY_SIOREMOVED_B08060ED,2,1,0,1,0
opt,M_TASKPOLICY_SIOREMOVED_B08060ED,2,3,0,1,0
opt,M_TASKPOLICY_SIOREMOVED_B08060ED,7,2,3,0,6
opt,M_TASKPOLICY_SIOREMOVED_B08060ED,9,4,7,2,14
opt,M_TASKPOLICY_DOSRESET_224DFB33,0,1,3,0,6
opt,M_TASKPOLICY_DOSCANREMOVE_DB41E74E,0,1,3,0,6
opt,M_TASKPOLICY_DOSCURRENT_4399DFDB,2,1,3,0,6
opt,M_TASKPOLICY_DOSCURRENT_4399DFDB,4,3,5,0,10
opt,M_TASKPOLICY_DOSREMOVED_D36757B2,6,2,0,1,0
opt,M_TASKPOLICY_DOSREMOVED_D36757B2,10,9,7,2,14
opt,M_TASKPOLICY_DOSPREPARE_61B1CC0D,3,22,3,0,6
opt,M_TASKPOLICY_DOSADMIT_DEA63DC3,6,0,1,0,2
opt,M_TASKPOLICY_DOSADMIT_DEA63DC3,11,2,6,1,12
opt,M_TASKPOLICY_DOSADMIT_DEA63DC3,11,15,12,1,24
opt,M_TASKPOLICY_DOSCONTROL_C7F82CE3,0,1,2,1,4
opt,M_TASKPOLICY_DOSCONTROL_C7F82CE3,1,2,5,0,10
opt,M_TASKPOLICY_DOSCONTROL_C7F82CE3,3,4,3,0,6
opt,M_TASKPOLICY_DOSCONTROL_C7F82CE3,3,5,5,0,10
opt,M_TASKPOLICY_DOSCONTROL_C7F82CE3,5,11,6,1,12
opt,M_TASKPOLICY_DOSCONTROL_C7F82CE3,5,14,5,0,10
opt,M_TASKPOLICY_CONSOLEINIT_02CC0011,6,0,0,1,0
opt,M_TASKPOLICY_CONSOLEPACKETVALID_068AA429,0,1,4,1,8
opt,M_TASKPOLICY_CONSOLEUNBIND_D1E0D209,2,0,0,1,0
opt,M_TASKPOLICY_CONSOLEUNBIND_D1E0D209,2,1,0,1,0
opt,M_TASKPOLICY_CONSOLEUNBIND_D1E0D209,5,4,11,2,22
opt,M_TASKPOLICY_CONSOLEUNBIND_D1E0D209,5,5,0,1,0
opt,M_TASKPOLICY_CONSOLEPRODUCERCONTROL_28DEB132,1,2,5,2,10
opt,M_TASKPOLICY_CONSOLEPRODUCERCONTROL_28DEB132,2,3,6,1,12
opt,M_TASKPOLICY_CONSOLEBINDCONTROL_DC86D25B,0,3,2,1,4
opt,M_TASKPOLICY_CONSOLEBINDCONTROL_DC86D25B,4,3,8,1,16
opt,M_TASKPOLICY_CONSOLEBINDCONTROL_DC86D25B,6,1,4,1,8
opt,M_TASKPOLICY_CONSOLEBINDCONTROL_DC86D25B,7,2,7,2,14
opt,M_TASKPOLICY_CONSOLEBINDCONTROL_DC86D25B,9,1,2,1,4
opt,M_TASKPOLICY_CONSOLEBINDCONTROL_DC86D25B,10,1,4,1,8
opt,M_TASKPOLICY_CONSOLEBINDCONTROL_DC86D25B,13,1,4,1,8
opt,M_TASKPOLICY_CONSOLEBINDCONTROL_DC86D25B,14,11,0,1,0
opt,M_TASKPOLICY_CONSOLEBINDCONTROL_DC86D25B,15,0,0,1,0
opt,M_TASKPOLICY_CONSOLEBINDCONTROL_DC86D25B,16,3,4,1,8
opt,M_TASKPOLICY_CONSOLENAME_0C46F590,0,2,6,1,12
opt,M_TASKPOLICY_CONSOLEBOUND_8755F553,0,0,0,1,0
opt,M_TASKPOLICY_CONSOLEBOUND_8755F553,0,3,3,0,6
opt,M_TASKPOLICY_CONSOLEOPEN_4090447D,0,0,0,1,0
opt,M_TASKPOLICY_CONSOLEOPEN_4090447D,0,2,0,1,0
opt,M_TASKPOLICY_CONSOLEOPEN_4090447D,2,5,3,0,6
opt,M_TASKPOLICY_CONSOLEOPEN_4090447D,10,0,0,1,0
opt,M_TASKPOLICY_CONSOLEIDLE_D6547573,4,2,3,0,6
opt,M_TASKPOLICY_CONSOLEIDLE_D6547573,6,2,3,0,6
opt,M_TASKPOLICY_CONSOLECLOSE_04E65EB3,0,0,0,1,0
opt,M_TASKPOLICY_CONSOLECLOSE_04E65EB3,0,2,0,1,0
opt,M_TASKPOLICY_CONSOLECLOSE_04E65EB3,0,6,6,1,12
opt,M_TASKPOLICY_CONSOLECLOSE_04E65EB3,2,12,0,1,0
opt,M_TASKPOLICY_CONSOLEENQUEUE_BE188809,0,0,0,1,0
opt,M_TASKPOLICY_CONSOLEENQUEUE_BE188809,0,2,0,1,0
opt,M_TASKPOLICY_CONSOLEENQUEUE_BE188809,0,9,3,0,6
opt,M_TASKPOLICY_CONSOLEENQUEUE_BE188809,1,3,8,1,16
opt,M_TASKPOLICY_CONSOLEENQUEUE_BE188809,3,5,8,1,16
opt,M_TASKPOLICY_CONSOLEENQUEUE_BE188809,8,3,8,1,16
opt,M_TASKPOLICY_CONSOLEENQUEUE_BE188809,10,11,12,1,24
opt,M_TASKPOLICY_CONSOLEENQUEUE_BE188809,11,5,8,1,16
opt,M_TASKPOLICY_CONSOLEWAKE_FE0543B3,0,3,7,2,14
opt,M_TASKPOLICY_CONSOLEABORT_CCCE9F0D,0,0,0,1,0
opt,M_TASKPOLICY_CONSOLEABORT_CCCE9F0D,0,2,0,1,0
opt,M_TASKPOLICY_CONSOLEABORT_CCCE9F0D,1,4,6,1,12
opt,M_TASKPOLICY_CONSOLEABORT_CCCE9F0D,3,4,6,1,12
opt,M_TASKPOLICY_CONSOLEABORT_CCCE9F0D,6,2,3,0,6
opt,M_TASKPOLICY_CONSOLEABORT_CCCE9F0D,6,8,8,1,16
opt,M_TASKPOLICY_CONSOLEABORT_CCCE9F0D,7,4,6,1,12
opt,M_TASKPOLICY_CONSOLEPREPARE_8098E872,3,25,3,0,6
opt,M_TASKPOLICY_CONSOLEADMIT_A01C3E0C,0,0,0,1,0
opt,M_TASKPOLICY_CONSOLEADMIT_A01C3E0C,0,2,0,1,0
opt,M_TASKPOLICY_CONSOLEADMIT_A01C3E0C,7,0,1,0,2
opt,M_TASKPOLICY_CONSOLEADMIT_A01C3E0C,12,2,6,1,12
opt,M_TASKPOLICY_CONSOLEADMIT_A01C3E0C,12,24,3,0,6
opt,M_TASKPOLICY_CONSOLEADMIT_A01C3E0C,12,37,3,0,6
opt,M_TASKPOLICY_CONSOLEADMIT_A01C3E0C,12,41,12,1,24
opt,M_TASKPOLICY_CONSOLETAKEARRIVAL_2A1E971F,2,2,3,0,6
opt,M_TASKPOLICY_CONSOLETAKEARRIVAL_2A1E971F,2,6,6,1,12
opt,M_TASKPOLICY_CONSOLETAKEARRIVAL_2A1E971F,7,5,6,1,12
opt,M_TASKPOLICY_CONSOLETAKEARRIVAL_2A1E971F,8,10,6,1,12
opt,M_TASKPOLICY_CONSOLETAKEWRITE_96FEA12D,2,3,3,0,6
opt,M_TASKPOLICY_CONSOLETAKEWRITE_96FEA12D,2,13,6,1,12
opt,M_TASKPOLICY_CONSOLEFINISH_F43924B4,0,0,0,1,0
opt,M_TASKPOLICY_CONSOLEFINISH_F43924B4,10,1,6,1,12
opt,M_TASKPOLICY_CONSOLEFINISH_F43924B4,10,5,8,1,16
opt,M_TASKPOLICY_CONSOLERUNNABLE_8934D92E,7,2,3,0,6
opt,M_TASKPOLICY_CONSOLERUNNABLE_8934D92E,10,2,3,0,6
opt,M_TASKPOLICY_CONSOLESTOP_DAEB4759,1,1,6,1,12
opt,M_TASKPOLICY_CONSOLESTOP_DAEB4759,2,2,6,1,12
opt,M_TASKPOLICY_CONSOLESTOP_DAEB4759,4,6,6,1,12
opt,M_TASKPOLICY_CONSOLESTOP_DAEB4759,5,1,6,1,12
opt,M_TASKPOLICY_CONSOLEWORKERCONTROL_3CA89D3E,0,0,0,1,0
opt,M_TASKPOLICY_CONSOLEWORKERCONTROL_3CA89D3E,0,2,0,1,0
opt,M_TASKPOLICY_CONSOLEWORKERCONTROL_3CA89D3E,3,3,6,1,12
opt,M_TASKPOLICY_CONSOLEWORKERCONTROL_3CA89D3E,5,3,8,1,16
opt,M_TASKPOLICY_CONSOLEWORKERCONTROL_3CA89D3E,7,2,5,0,10
opt,M_TASKPOLICY_CONSOLEWORKERCONTROL_3CA89D3E,9,5,12,1,24
opt,M_TASKPOLICY_CONSOLEWORKERCONTROL_3CA89D3E,13,3,6,1,12
opt,M_TASKPOLICY_CONSOLEWORKERCONTROL_3CA89D3E,15,3,6,1,12
opt,M_TASKPOLICY_CONSOLEWORKERCONTROL_3CA89D3E,15,5,6,1,12
opt,M_TASKPOLICY_CONSOLEWORKERCONTROL_3CA89D3E,17,4,5,0,10
opt,M_TASKPOLICY_CONSOLECHECKEXTENT_830BDAF3,0,7,6,1,12
opt,M_TASKPOLICY_CONSOLECHECKEXTENT_830BDAF3,0,9,6,1,12
opt,M_TASKPOLICY_CONSOLECONTROL_F218511C,0,2,7,2,14
opt,M_TASKPOLICY_CONSOLECONTROL_F218511C,2,1,2,1,4
opt,M_TASKPOLICY_CONSOLECONTROL_F218511C,2,6,0,1,0
opt,M_TASKPOLICY_CONSOLECONTROL_F218511C,3,4,3,0,6
opt,M_TASKPOLICY_CONSOLECONTROL_F218511C,3,6,6,1,12
opt,M_TASKPOLICY_CONSOLECONTROL_F218511C,5,4,6,1,12
opt,M_TASKPOLICY_CONSOLECONTROL_F218511C,7,3,0,1,0
opt,M_TASKPOLICY_CONSOLECONTROL_F218511C,7,4,11,2,22
opt,M_TASKPOLICY_CONSOLECONTROL_F218511C,8,3,8,1,16
opt,M_TASKPOLICY_CONSOLEWORKERBOUND_96318375,0,0,0,1,0
opt,M_TASKPOLICY_CONSOLERESIDENTCOUNT_6078C646,0,0,0,1,0
opt,M_TASKPOLICY_CONSOLECANREMOVE_6BA935F9,0,0,0,1,0
opt,M_TASKPOLICY_CONSOLECANREMOVE_6BA935F9,0,2,0,1,0
opt,M_TASKPOLICY_CONSOLECANREMOVE_6BA935F9,6,1,0,1,0
opt,M_TASKPOLICY_CONSOLECANREMOVE_6BA935F9,6,3,0,1,0
opt,M_TASKPOLICY_CONSOLECANREMOVE_6BA935F9,6,5,0,1,0
opt,M_TASKPOLICY_CONSOLECANREMOVE_6BA935F9,10,2,6,1,12
opt,M_TASKPOLICY_CONSOLEREMOVED_E0E10625,0,0,0,1,0
opt,M_TASKPOLICY_CONSOLEREMOVED_E0E10625,0,2,0,1,0
opt,M_TASKPOLICY_CONSOLEREMOVED_E0E10625,5,1,0,1,0
opt,M_TASKPOLICY_CONSOLEREMOVED_E0E10625,5,3,0,1,0
opt,M_TASKPOLICY_CONSOLEREMOVED_E0E10625,8,2,6,1,12
opt,M_TASKPOLICY_CONSOLEREMOVED_E0E10625,10,7,7,2,14
opt,M_TASKPOLICY_REQUESTVALID_195CAC51,0,1,1,0,2
opt,M_TASKPOLICY_REQUESTVALID_195CAC51,1,1,2,1,4
opt,M_TASKPOLICY_REQUESTVALID_195CAC51,4,1,4,1,8
opt,M_TASKPOLICY_REQUESTVALID_195CAC51,5,1,4,1,8
opt,M_TASKPOLICY_REQUESTVALID_195CAC51,6,1,2,1,4
opt,M_TASKPOLICY_REQUESTVALID_195CAC51,8,1,1,0,2
opt,M_TASKPOLICY_REQUESTVALID_195CAC51,10,1,4,1,8
opt,M_TASKPOLICY_REQUESTVALID_195CAC51,11,1,4,1,8
opt,M_TASKPOLICY_REQUESTVALID_195CAC51,12,1,2,1,4
opt,M_TASKPOLICY_REQUESTVALID_195CAC51,13,1,1,0,2
opt,M_TASKPOLICY_REQUESTVALID_195CAC51,14,1,1,0,2
opt,M_TASKPOLICY_REQUESTVALID_195CAC51,15,1,1,0,2
opt,M_TASKPOLICY_REQUESTVALID_195CAC51,17,1,4,1,8
opt,M_TASKPOLICY_REQUESTVALID_195CAC51,18,1,4,1,8
opt,M_TASKPOLICY_REQUESTVALID_195CAC51,21,1,2,1,4
opt,M_TASKPOLICY_REQUESTVALID_195CAC51,26,1,2,1,4
opt,M_TASKPOLICY_REQUESTVALID_195CAC51,28,1,4,1,8
opt,M_TASKPOLICY_REQUESTVALID_195CAC51,32,1,2,1,4
opt,M_TASKPOLICY_REQUESTVALID_195CAC51,34,1,4,1,8
opt,M_TASKPOLICY_REQUESTVALID_195CAC51,37,1,4,1,8
opt,M_TASKPOLICY_REQUESTVALID_195CAC51,42,1,2,1,4
opt,M_TASKPOLICY_REQUESTVALID_195CAC51,44,1,4,1,8
opt,M_TASKPOLICY_REQUESTVALID_195CAC51,45,1,4,1,8
opt,M_TASKPOLICY_REQUESTVALID_195CAC51,48,1,2,1,4
opt,M_TASKPOLICY_ROUTE_3006B749,0,1,1,0,2
opt,M_TASKPOLICY_ROUTE_3006B749,1,3,6,1,12
opt,M_TASKPOLICY_ROUTE_3006B749,3,2,5,2,10
opt,M_TASKPOLICY_ROUTE_3006B749,5,2,5,2,10
opt,M_TASKPOLICY_ROUTE_3006B749,9,3,6,1,12
opt,M_TASKPOLICY_ROUTE_3006B749,13,2,5,2,10
opt,M_TASKPOLICY_ROUTE_3006B749,15,2,5,2,10
opt,M_TASKPOLICY_ROUTE_3006B749,16,3,6,1,12
opt,M_TASKPOLICY_ROUTE_3006B749,17,1,4,1,8
opt,M_TASKPOLICY_ROUTE_3006B749,19,4,5,2,10
opt,M_TASKPOLICY_ROUTE_3006B749,21,2,5,2,10
opt,M_TASKPOLICY_ROUTE_3006B749,23,1,2,1,4
opt,M_TASKPOLICY_ROUTE_3006B749,25,2,5,2,10
opt,M_TASKPOLICY_ROUTE_3006B749,27,1,2,1,4
opt,M_TASKPOLICY_ROUTE_3006B749,27,3,3,0,6
opt,M_TASKPOLICY_ROUTE_3006B749,27,4,5,0,10
opt,M_TASKPOLICY_ROUTE_3006B749,29,1,2,1,4
opt,M_TASKPOLICY_ROUTE_3006B749,31,3,6,1,12
opt,M_TASKPOLICY_ROUTE_3006B749,34,2,5,2,10
opt,M_TASKPOLICY_ROUTE_3006B749,35,1,4,1,8
opt,M_TASKPOLICY_FINISHDISPATCH_46CD5A79,4,0,0,1,0
opt,M_TASKPOLICY_FINISHDISPATCH_46CD5A79,8,2,5,2,10
opt,M_TASKPOLICY_DISPATCH_2D7B283C,0,2,3,0,6
opt,M_TASKPOLICY_DISPATCH_2D7B283C,2,2,1,0,2
opt,M_TASKPOLICY_DISPATCH_2D7B283C,5,2,0,1,0
opt,M_TASKPOLICY_DISPATCH_2D7B283C,7,0,0,1,0
opt,M_TASKPOLICY_DISPATCH_2D7B283C,10,1,1,0,2
opt,M_TASKPOLICY_DISPATCH_2D7B283C,12,2,0,1,0
opt,M_TASKPOLICY_DISPATCH_2D7B283C,14,2,5,2,10
opt,M_TASKPOLICY_DISPATCH_2D7B283C,15,3,6,1,12
opt,M_TASKPOLICY_DISPATCH_2D7B283C,15,4,7,2,14
opt,M_TASKPOLICY_DISPATCH_2D7B283C,16,1,1,0,2
opt,M_TASKPOLICY_DISPATCH_2D7B283C,17,3,6,1,12
opt,M_TASKPOLICY_DISPATCH_2D7B283C,17,4,7,2,14
opt,M_TASKPOLICY_DISPATCH_2D7B283C,18,1,1,0,2
opt,M_TASKPOLICY_DISPATCH_2D7B283C,19,3,6,1,12
opt,M_TASKPOLICY_DISPATCH_2D7B283C,19,4,7,2,14
opt,M_TASKPOLICY_DISPATCH_2D7B283C,20,3,6,1,12
opt,M_TASKPOLICY_DISPATCH_2D7B283C,20,4,7,2,14
opt,M_CONSOLECORE_INIT_F63331F9,8,3,12,1,24
opt,M_CONSOLECORE_EDITQUANTUM_E6CDEC54,7,2,7,2,14
opt,M_CONSOLECORE_CHARACTER_94A5011A,5,14,7,2,14
opt,M_CONSOLECORE_CHARACTER_94A5011A,6,1,3,0,6
opt,M_CONSOLECORE_CHARACTER_94A5011A,15,1,3,0,6
opt,M_CONSOLECORE_CHARACTER_94A5011A,18,1,3,0,6
opt,M_CONSOLECORE_FEED_287D49E7,1,1,3,0,6
opt,M_CONSOLECORE_FEED_287D49E7,6,3,4,1,8
opt,M_CONSOLEINPUT_CLEAR_3DEF4D2B,0,0,0,1,0
opt,M_CONSOLEINPUT_DELIVER_8B43A137,3,2,7,2,14
opt,M_CONSOLEINPUT_DELIVER_8B43A137,6,1,3,0,6
opt,M_CONSOLEINPUT_PUMP_600356CC,2,0,0,1,0
opt,M_CONSOLEINPUT_PUMP_600356CC,6,1,3,0,6
opt,M_CONSOLEINPUT_PUMP_600356CC,7,1,7,2,14
opt,M_CONSOLEINPUT_READ_9E7D5EC6,3,1,3,0,6
opt,M_CONSOLEDISPLAY_VALIDATE_33E36106,16,2,4,1,8
opt,M_CONSOLEDISPLAY_COPYSCREEN_6781A699,6,0,0,1,0
opt,M_CONSOLEDISPLAY_CLAIM_0FF5CDD8,2,0,0,1,0
opt,M_CONSOLEDISPLAY_CLAIM_0FF5CDD8,6,24,6,1,12
opt,M_CONSOLEDISPLAY_CLAIM_0FF5CDD8,8,2,6,1,12
opt,M_CONSOLEDISPLAY_RELEASE_C2AC22C5,2,6,6,1,12
opt,M_CONSOLEDISPLAY_CURSOR_3EC7579C,4,10,4,1,8
opt,M_CONSOLEDISPLAY_CURSOR_3EC7579C,4,17,1,0,2
opt,M_CONSOLEDISPLAY_CELLS_58FB51DD,10,6,4,1,8
opt,M_CONSOLEDISPLAY_CELLS_58FB51DD,10,14,1,0,2
opt,M_CONSOLEDISPLAY_QUANTUM_5F98A18D,3,2,6,1,12
opt,M_CONSOLEDISPLAY_QUANTUM_5F98A18D,6,2,6,1,12
opt,M_CONSOLEDISPLAY_QUANTUM_5F98A18D,6,5,6,1,12
opt,M_CONSOLEDRIVER_MAPPED_DAA6A481,7,1,5,0,10
opt,M_CONSOLEDRIVER_VALIDATE_72D30322,11,2,4,1,8
opt,M_CONSOLEDRIVER_VALIDATE_72D30322,12,4,7,2,14
opt,M_CONSOLEDRIVER_FINISHWRITE_E8555190,2,2,4,1,8
opt,M_CONSOLEDRIVER_WRITEQUANTUM_AEE13626,1,0,4,1,8
opt,M_CONSOLEDRIVER_WRITEQUANTUM_AEE13626,4,1,3,0,6
opt,M_CONSOLEDRIVER_WRITEQUANTUM_AEE13626,5,5,6,1,12
opt,M_CONSOLEDRIVER_WRITEQUANTUM_AEE13626,7,1,3,0,6
opt,M_CONSOLEDRIVER_WRITEQUANTUM_AEE13626,9,2,6,1,12
opt,M_CONSOLEDRIVER_WRITEQUANTUM_AEE13626,13,10,8,1,16
opt,M_CONSOLEDRIVER_READQUANTUM_10EBF725,4,1,3,0,6
opt,M_CONSOLEDRIVER_READQUANTUM_10EBF725,9,2,4,1,8
opt,M_CONSOLEDRIVER_READQUANTUM_10EBF725,14,4,8,1,16
opt,M_CONSOLEDRIVER_ARRIVAL_EC6B7DA9,0,0,4,1,8
opt,M_CONSOLEDRIVER_ARRIVAL_EC6B7DA9,3,1,3,0,6
opt,M_CONSOLEDRIVER_ARRIVAL_EC6B7DA9,4,2,4,1,8
opt,M_CONSOLEDRIVER_INITIALIZE_D6CB2592,0,0,8,1,16
opt,M_CONSOLEDRIVER_INITIALIZE_D6CB2592,0,2,8,1,16
opt,M_CONSOLEDRIVER_INITIALIZE_D6CB2592,3,2,14,1,28
opt,M_CONSOLEDRIVER_INITIALIZE_D6CB2592,7,1,3,0,6
opt,M_CONSOLEDRIVER_INITIALIZE_D6CB2592,7,2,0,1,0
opt,M_CONSOLEDRIVER_INITIALIZE_D6CB2592,8,2,6,1,12
opt,M_CONSOLEDRIVER_INITIALIZE_D6CB2592,8,10,8,1,16
opt,M_CONSOLEDRIVER_INITIALIZE_D6CB2592,10,4,9,0,18
opt,M_CONSOLEDRIVER_INITIALIZE_D6CB2592,12,0,1,0,2
opt,M_CONSOLEDRIVER_INITIALIZE_D6CB2592,14,0,1,0,2
opt,M_CONSOLEDRIVER_INITIALIZE_D6CB2592,15,0,1,0,2
opt,M_CONSOLEDRIVER_INITIALIZE_D6CB2592,16,0,3,0,6
opt,M_CONSOLEDRIVER_INITIALIZE_D6CB2592,16,1,7,2,14
opt,M_CONSOLEDRIVER_INITIALIZE_D6CB2592,17,0,1,0,2
opt,M_CONSOLEDRIVER_INITIALIZE_D6CB2592,17,1,1,0,2
opt,M_CONSOLEDRIVER_FREESTORAGE_02676B4B,0,2,3,0,6
opt,M_CONSOLEDRIVER_FREESTORAGE_02676B4B,1,2,7,2,14
opt,M_CONSOLEDRIVER_FREESTORAGE_02676B4B,3,2,7,2,14
opt,M_CONSOLEDRIVER_FREESTORAGE_02676B4B,5,2,7,2,14
opt,M_CONSOLEDRIVER_WORKER_589B3ABC,0,0,0,1,0
opt,M_CONSOLEDRIVER_WORKER_589B3ABC,0,1,0,1,0
opt,M_CONSOLEDRIVER_WORKER_589B3ABC,0,2,6,1,12
opt,M_CONSOLEDRIVER_WORKER_589B3ABC,1,0,6,1,12
opt,M_CONSOLEDRIVER_WORKER_589B3ABC,1,2,4,1,8
opt,M_CONSOLEDRIVER_WORKER_589B3ABC,2,0,4,1,8
opt,M_CONSOLEDRIVER_WORKER_589B3ABC,4,0,0,1,0
opt,M_CONSOLEDRIVER_WORKER_589B3ABC,4,1,3,0,6
opt,M_CONSOLEDRIVER_WORKER_589B3ABC,4,2,0,1,0
opt,M_CONSOLEDRIVER_WORKER_589B3ABC,4,3,6,1,12
opt,M_CONSOLEDRIVER_WORKER_589B3ABC,4,4,6,1,12
opt,M_CONSOLEDRIVER_WORKER_589B3ABC,4,5,3,0,6
opt,M_CONSOLEDRIVER_WORKER_589B3ABC,4,8,6,1,12
opt,M_CONSOLEDRIVER_WORKER_589B3ABC,4,9,4,1,8
opt,M_CONSOLEDRIVER_WORKER_589B3ABC,5,0,0,1,0
opt,M_CONSOLEDRIVER_WORKER_589B3ABC,5,1,1,0,2
opt,M_CONSOLEDRIVER_WORKER_589B3ABC,5,2,1,0,2
opt,M_CONSOLEDRIVER_WORKER_589B3ABC,5,3,6,1,12
opt,M_CONSOLEDRIVER_WORKER_589B3ABC,5,4,4,1,8
opt,M_CONSOLEDRIVER_WORKER_589B3ABC,6,0,4,1,8
opt,M_CONSOLEDRIVER_WORKER_589B3ABC,7,0,0,1,0
opt,M_CONSOLEDRIVER_START_3E6AAC44,0,1,4,1,8
opt,M_CONSOLEDRIVER_START_3E6AAC44,3,0,2,1,4
opt,M_CONSOLEDRIVER_START_3E6AAC44,3,1,4,1,8
opt,M_CONSOLEDRIVER_STOP_093D3500,0,0,4,1,8
opt,M_CONSOLEDRIVER_STOP_093D3500,3,0,4,1,8
opt,M_CONSOLEDRIVER_STOP_093D3500,4,0,2,1,4
opt,M_PORTCORE_CREATEMSGPORT_A47550A3,0,0,8,1,16
opt,M_PORTCORE_CREATEMSGPORT_A47550A3,2,0,1,0,2
opt,M_PORTCORE_CREATEMSGPORT_A47550A3,3,2,7,2,14
opt,M_PORTCORE_CREATEMSGPORT_A47550A3,4,12,3,0,6
opt,M_PORTCORE_CREATEMSGPORT_A47550A3,4,16,3,0,6
opt,M_PORTCORE_DELETEMSGPORT_9136F7C6,2,1,3,0,6
opt,M_PORTCORE_DELETEMSGPORT_9136F7C6,2,2,1,0,2
opt,M_PORTCORE_DELETEMSGPORT_9136F7C6,2,5,7,2,14
opt,M_SIODRIVER_SIOMAPPED_D1D9A9D6,7,1,5,0,10
opt,M_SIODRIVER_SIOVALIDATE_7D355271,25,1,3,0,6
opt,M_SIODRIVER_SIOVALIDATE_7D355271,29,4,7,2,14
opt,M_SIODRIVER_PREPARE_D10BF723,4,5,6,1,12
opt,M_SIODRIVER_HARDWAREINIT_3568BDA6,0,0,1,0,2
opt,M_SIODRIVER_HARDWAREINIT_3568BDA6,0,2,1,0,2
opt,M_SIODRIVER_HARDWAREINIT_3568BDA6,3,0,3,0,6
opt,M_SIODRIVER_HARDWAREINIT_3568BDA6,3,1,7,2,14
opt,M_SIODRIVER_HARDWAREINIT_3568BDA6,4,1,1,0,2
opt,M_SIODRIVER_HARDWAREINIT_3568BDA6,6,1,1,0,2
opt,M_SIODRIVER_HARDWAREINIT_3568BDA6,8,0,0,1,0
opt,M_SIODRIVER_HARDWAREINIT_3568BDA6,9,0,1,0,2
opt,M_SIODRIVER_HARDWAREINIT_3568BDA6,9,1,1,0,2
opt,M_SIODRIVER_HARDWAREINIT_3568BDA6,11,0,0,1,0
opt,M_SIODRIVER_HARDWAREINIT_3568BDA6,11,1,0,1,0
opt,M_SIODRIVER_RUNREQUEST_4500BA50,1,4,4,1,8
opt,M_SIODRIVER_RUNREQUEST_4500BA50,2,2,3,0,6
opt,M_SIODRIVER_RUNREQUEST_4500BA50,3,0,4,1,8
opt,M_SIODRIVER_RUNREQUEST_4500BA50,4,1,3,0,6
opt,M_SIODRIVER_RUNREQUEST_4500BA50,4,2,4,1,8
opt,M_SIODRIVER_RUNREQUEST_4500BA50,4,3,0,1,0
opt,M_SIODRIVER_RUNREQUEST_4500BA50,7,0,2,1,4
opt,M_SIODRIVER_RUNREQUEST_4500BA50,8,6,4,1,8
opt,M_SIODRIVER_RUNREQUEST_4500BA50,10,0,4,1,8
opt,M_SIODRIVER_RUNREQUEST_4500BA50,11,0,0,1,0
opt,M_SIODRIVER_RUNREQUEST_4500BA50,12,0,2,1,4
opt,M_SIODRIVER_RUNREQUEST_4500BA50,13,2,4,1,8
opt,M_SIODRIVER_RUNREQUEST_4500BA50,14,0,2,1,4
opt,M_SIODRIVER_RUNREQUEST_4500BA50,15,0,0,1,0
opt,M_SIODRIVER_WORKER_374ADF8C,0,0,0,1,0
opt,M_SIODRIVER_WORKER_374ADF8C,0,1,0,1,0
opt,M_SIODRIVER_WORKER_374ADF8C,1,0,4,1,8
opt,M_SIODRIVER_WORKER_374ADF8C,1,1,0,1,0
opt,M_SIODRIVER_WORKER_374ADF8C,2,0,4,1,8
opt,M_SIODRIVER_WORKER_374ADF8C,2,1,0,1,0
opt,M_SIODRIVER_WORKER_374ADF8C,3,0,4,1,8
opt,M_SIODRIVER_WORKER_374ADF8C,4,0,4,1,8
opt,M_SIODRIVER_WORKER_374ADF8C,5,0,0,1,0
opt,M_SIODRIVER_WORKER_374ADF8C,5,1,0,1,0
opt,M_SIODRIVER_WORKER_374ADF8C,5,2,0,1,0
opt,M_SIODRIVER_WORKER_374ADF8C,5,3,0,1,0
opt,M_SIODRIVER_WORKER_374ADF8C,5,4,1,0,2
opt,M_SIODRIVER_WORKER_374ADF8C,5,5,1,0,2
opt,M_SIODRIVER_WORKER_374ADF8C,5,6,4,1,8
opt,M_SIODRIVER_WORKER_374ADF8C,5,7,0,1,0
opt,M_SIODRIVER_WORKER_374ADF8C,6,0,4,1,8
opt,M_SIODRIVER_WORKER_374ADF8C,7,1,3,0,6
opt,M_SIODRIVER_UNAVAILABLE_B7013E26,0,0,4,1,8
opt,M_SIODRIVER_START_4928F5B4,0,1,4,1,8
opt,M_SIODRIVER_START_4928F5B4,3,0,4,1,8
opt,M_SIODRIVER_START_4928F5B4,3,1,4,1,8
opt,M_SIODRIVER_STOP_B26AF28A,0,0,4,1,8
opt,M_SIODRIVER_STOP_B26AF28A,1,0,4,1,8
opt,M_SIODRIVER_STOP_B26AF28A,2,0,4,1,8
opt,M_IOCORE_OPENDEVICE_A2787528,0,1,3,0,6
opt,M_IOCORE_OPENDEVICE_A2787528,1,0,0,1,0
opt,M_IOCORE_OPENDEVICE_A2787528,2,4,14,3,28
opt,M_IOCORE_CREATEIOREQUEST_DE10015D,0,1,3,0,6
opt,M_IOCORE_CREATEIOREQUEST_DE10015D,4,1,8,1,16
opt,M_IOCORE_DELETEIOREQUEST_93A87E78,2,1,3,0,6
opt,M_IOCORE_DELETEIOREQUEST_93A87E78,2,7,7,2,14
opt,M_IOCORE_WAITIO_8CA35F61,0,1,3,0,6
opt,M_IOCORE_WAITIO_8CA35F61,2,3,4,1,8
opt,M_IOCORE_WAITIO_8CA35F61,2,5,3,0,6
opt,M_IOCORE_DOIO_173DC4A1,0,1,3,0,6
opt,M_IOCORE_DOIO_173DC4A1,1,1,3,0,6
opt,M_DOSCLIENT_IOERR_BF9E8A97,0,0,0,1,0
opt,M_DOSCLIENT_SETERROR_F2B11A26,0,0,0,1,0
opt,M_DOSCLIENT_NEWCLIENT_41735729,0,2,8,1,16
opt,M_DOSCLIENT_NEWCLIENT_41735729,2,5,0,1,0
opt,M_DOSCLIENT_NEWCLIENT_41735729,3,2,7,2,14
opt,M_DOSCLIENT_ENSURE_1859B044,0,0,0,1,0
opt,M_DOSCLIENT_ENSURE_1859B044,4,1,3,0,6
opt,M_DOSCLIENT_ENSURE_1859B044,5,0,2,1,4
opt,M_DOSCLIENT_RELEASECONTEXT_90CB2A06,0,0,0,1,0
opt,M_DOSCLIENT_RELEASECONTEXT_90CB2A06,5,0,2,1,4
opt,M_DOSCLIENT_RELEASECONTEXT_90CB2A06,19,3,3,0,6
opt,M_DOSCLIENT_RELEASECONTEXT_90CB2A06,20,2,3,0,6
opt,M_DOSCLIENT_RELEASECONTEXT_90CB2A06,20,5,7,2,14
opt,M_DOSCLIENT_CHECKREPLY_4530772C,1,0,2,1,4
opt,M_DOSCLIENT_CHECKREPLY_4530772C,3,0,2,1,4
opt,M_DOSCLIENT_CHECKREPLY_4530772C,6,0,2,1,4
opt,M_DOSCLIENT_CALL_35DB3B22,0,0,0,1,0
opt,M_DOSCLIENT_CALL_35DB3B22,4,0,2,1,4
opt,M_DOSCLIENT_CALL_35DB3B22,8,12,6,1,12
opt,M_DOSCLIENT_CALL_35DB3B22,8,15,3,0,6
opt,M_DOSCLIENT_CALL_35DB3B22,8,18,3,0,6
opt,M_DOSCLIENT_CALL_35DB3B22,8,22,6,1,12
opt,M_DOSOBJECTS_LINK_9FA00D0F,1,0,2,1,4
opt,M_DOSOBJECTS_UNLINK_C978FCF4,6,0,2,1,4
opt,M_BLOCKWIRE_TRANSFER_0A2F17CC,0,2,3,0,6
opt,M_BLOCKIO_MAPPED_A9EEA713,9,1,5,0,10
opt,M_BLOCKIO_CREATE_DF5BA086,0,0,8,1,16
opt,M_BLOCKIO_CREATE_DF5BA086,2,1,0,1,0
opt,M_BLOCKIO_CREATE_DF5BA086,3,2,7,2,14
opt,M_BLOCKIO_CREATE_DF5BA086,4,2,7,2,14
opt,M_BLOCKIO_CREATE_DF5BA086,5,1,8,1,16
opt,M_BLOCKIO_CREATE_DF5BA086,6,2,3,0,6
opt,M_BLOCKIO_CREATE_DF5BA086,8,3,3,0,6
opt,M_BLOCKIO_DESTROY_0CC5CBD8,5,2,7,2,14
opt,M_BLOCKIO_DESTROY_0CC5CBD8,5,6,3,0,6
opt,M_BLOCKIO_DESTROY_0CC5CBD8,5,9,3,0,6
opt,M_BLOCKIO_DESTROY_0CC5CBD8,5,12,7,2,14
opt,M_BLOCKIO_OPENVOLUME_36B90798,0,3,7,2,14
opt,M_BLOCKIO_OPENVOLUME_36B90798,2,1,3,0,6
opt,M_BLOCKIO_OPENVOLUME_36B90798,2,5,3,0,6
opt,M_BLOCKIO_OPENVOLUME_36B90798,2,13,14,3,28
opt,M_BLOCKIO_OPENVOLUME_36B90798,3,7,3,0,6
opt,M_BLOCKIO_ATTACH_A1159825,3,6,15,2,30
opt,M_BLOCKIO_ATTACH_A1159825,5,0,8,1,16
opt,M_BLOCKIO_ATTACH_A1159825,7,26,6,1,12
opt,M_BLOCKIO_ATTACH_A1159825,8,2,7,2,14
opt,M_BLOCKIO_DETACH_FC4FFB83,7,7,3,0,6
opt,M_BLOCKIO_DETACH_FC4FFB83,7,11,3,0,6
opt,M_BLOCKIO_DETACH_FC4FFB83,7,14,7,2,14
opt,M_BLOCKIO_CHECK_A5B41A2A,2,2,7,2,14
opt,M_BLOCKIO_CHECK_A5B41A2A,3,1,3,0,6
opt,M_BLOCKIO_CHECK_A5B41A2A,5,1,3,0,6
opt,M_BLOCKIO_CHECK_A5B41A2A,7,3,10,1,20
opt,M_BLOCKIO_CHECK_A5B41A2A,9,1,3,0,6
opt,M_BLOCKIO_BEGINFETCH_6B9D7F07,0,3,10,1,20
opt,M_BLOCKIO_BEGINFETCH_6B9D7F07,4,23,15,0,30
opt,M_BLOCKIO_FINISHFETCH_D55D2AA5,0,2,7,2,14
opt,M_BLOCKIO_FINISHFETCH_D55D2AA5,0,8,12,1,24
opt,M_BLOCKIO_FINISHFETCH_D55D2AA5,1,4,12,1,24
opt,M_BLOCKIO_FETCH_124BDACE,0,3,10,1,20
opt,M_BLOCKIO_FETCH_124BDACE,2,2,3,0,6
opt,M_BLOCKIO_FETCH_124BDACE,2,9,14,1,28
opt,M_BLOCKIO_READSECTOR_D918C668,0,2,7,2,14
opt,M_BLOCKIO_READSECTOR_D918C668,1,1,3,0,6
opt,M_BLOCKIO_READSECTOR_D918C668,3,2,7,2,14
opt,M_BLOCKIO_READSECTOR_D918C668,4,1,3,0,6
opt,M_BLOCKIO_READSECTOR_D918C668,5,3,10,1,20
opt,M_MYDOSNAMES_STORED_9F1E578A,14,2,1,0,2
opt,M_MYDOSNAMES_MATCH_52630F12,5,2,1,0,2
opt,M_MYDOSNAMES_MATCH_52630F12,5,5,1,0,2
opt,M_MYDOSNAMES_COMPONENT_FF2F5328,10,0,1,0,2
opt,M_MYDOSNAMES_COMPONENT_FF2F5328,23,2,3,0,6
opt,M_FSNAMES_STREAM_12DD2A4A,1,2,1,0,2
opt,M_FSNAMES_STREAM_12DD2A4A,3,2,1,0,2
opt,M_FSNAMES_STREAM_12DD2A4A,4,2,1,0,2
opt,M_FSNAMES_STREAM_12DD2A4A,5,2,1,0,2
opt,M_FSNAMES_STREAM_12DD2A4A,7,2,1,0,2
opt,M_FSNAMES_STREAM_12DD2A4A,8,2,1,0,2
opt,M_FSNAMES_STREAM_12DD2A4A,9,2,1,0,2
opt,M_FSNAMES_STREAM_12DD2A4A,11,2,1,0,2
opt,M_FSNAMES_STREAM_12DD2A4A,13,2,1,0,2
opt,M_FSNAMES_STREAM_12DD2A4A,16,2,1,0,2
opt,M_FSNAMES_STREAM_12DD2A4A,17,2,1,0,2
opt,M_FSNAMES_STREAM_12DD2A4A,19,2,1,0,2
opt,M_FSNAMES_STREAM_12DD2A4A,20,2,1,0,2
opt,M_FSNAMES_STREAM_12DD2A4A,21,2,1,0,2
opt,M_FSNAMES_STREAM_12DD2A4A,22,2,1,0,2
opt,M_FSNAMES_STREAM_12DD2A4A,23,2,1,0,2
opt,M_FSNAMES_MAPPED_324F42A3,2,2,7,2,14
opt,M_FSNAMES_PATH_CFBF830F,10,1,5,0,10
opt,M_FSNAMES_PATH_CFBF830F,25,2,1,0,2
opt,M_FSNAMES_ALIAS_A2F2B006,2,2,1,0,2
opt,M_FSNAMES_ALIAS_A2F2B006,2,5,1,0,2
opt,M_FSNAMES_SAMEALIAS_76260CCC,2,2,1,0,2
opt,M_FSNAMES_SAMEALIAS_76260CCC,2,5,1,0,2
opt,M_FSNAMES_VALIDALIAS_36EB4E14,4,3,5,2,10
opt,M_FSNAMES_VALIDALIAS_36EB4E14,5,1,1,0,2
opt,M_DOSSTREAMS_VALIDBUFFER_D67D80FE,1,0,4,1,8
opt,M_DOSSTREAMS_VALIDBUFFER_D67D80FE,4,3,7,2,14
opt,M_DOSSTREAMS_VALIDBUFFER_D67D80FE,5,0,4,1,8
opt,M_DOSSTREAMS_OPENNIL_7EDE8F17,0,0,0,1,0
opt,M_DOSSTREAMS_OPENNIL_7EDE8F17,0,4,8,1,16
opt,M_DOSSTREAMS_OPENNIL_7EDE8F17,2,7,6,1,12
opt,M_DOSSTREAMS_TRANSFERNIL_E7EA5C2C,0,4,7,2,14
opt,M_DOSSTREAMS_TRANSFERNIL_E7EA5C2C,2,0,4,1,8
opt,M_DOSSTREAMS_CLOSENIL_3520E24B,0,0,0,1,0
opt,M_DOSSTREAMS_CLOSENIL_3520E24B,0,7,6,1,12
opt,M_DOSSTREAMS_CLOSENIL_3520E24B,0,10,6,1,12
opt,M_DOSSTREAMS_CLOSENIL_3520E24B,1,0,2,1,4
opt,M_DOSSTREAMS_CLOSENIL_3520E24B,2,2,7,2,14
opt,M_DOSRAW_LIVE_14427091,0,0,0,1,0
opt,M_DOSRAW_INITIALIZE_D871F7B7,0,2,3,0,6
opt,M_DOSRAW_ROLLBACK_4A7594F5,0,0,0,1,0
opt,M_DOSRAW_ROLLBACK_4A7594F5,0,5,0,1,0
opt,M_DOSRAW_ACQUIRE_CC49A145,0,0,0,1,0
opt,M_DOSRAW_ACQUIRE_CC49A145,0,2,0,1,0
opt,M_DOSRAW_ACQUIRE_CC49A145,3,0,0,1,0
opt,M_DOSRAW_ACQUIRE_CC49A145,3,1,4,1,8
opt,M_DOSRAW_ACQUIRE_CC49A145,4,4,0,1,0
opt,M_DOSRAW_ACQUIRE_CC49A145,5,0,0,1,0
opt,M_DOSRAW_ACQUIRE_CC49A145,5,1,4,1,8
opt,M_DOSRAW_ACQUIRE_CC49A145,7,9,0,1,0
opt,M_DOSRAW_ACQUIRE_CC49A145,7,10,8,1,16
opt,M_DOSRAW_ACQUIRE_CC49A145,8,1,3,0,6
opt,M_DOSRAW_ACQUIRE_CC49A145,8,2,4,1,8
opt,M_DOSRAW_ACQUIRE_CC49A145,9,2,7,2,14
opt,M_DOSRAW_ACQUIRE_CC49A145,9,8,14,3,28
opt,M_DOSRAW_ACQUIRE_CC49A145,10,2,7,2,14
opt,M_DOSRAW_ACQUIRE_CC49A145,10,4,3,0,6
opt,M_DOSRAW_ACQUIRE_CC49A145,11,0,0,1,0
opt,M_DOSRAW_ACQUIRE_CC49A145,11,7,0,1,0
opt,M_DOSRAW_ACQUIRE_CC49A145,12,0,4,1,8
opt,M_DOSRAW_ACQUIRE_CC49A145,15,0,4,1,8
opt,M_DOSRAW_ACQUIRE_CC49A145,16,2,4,1,8
opt,M_DOSRAW_OPEN_5F7F2547,0,2,8,1,16
opt,M_DOSRAW_OPEN_5F7F2547,1,2,4,1,8
opt,M_DOSRAW_OPEN_5F7F2547,2,0,0,1,0
opt,M_DOSRAW_OPEN_5F7F2547,3,2,7,2,14
opt,M_DOSRAW_OPEN_5F7F2547,4,12,0,1,0
opt,M_DOSRAW_OPEN_5F7F2547,4,15,6,1,12
opt,M_DOSRAW_OPEN_5F7F2547,4,16,4,1,8
opt,M_DOSRAW_VALIDEXTENT_84EF7CCB,0,2,7,2,14
opt,M_DOSRAW_VALIDEXTENT_84EF7CCB,5,7,4,1,8
opt,M_DOSRAW_VALIDEXTENT_84EF7CCB,6,0,4,1,8
opt,M_DOSRAW_RELEASEOPERATION_C2E80557,0,0,0,1,0
opt,M_DOSRAW_RELEASEOPERATION_C2E80557,1,0,2,1,4
opt,M_DOSRAW_RELEASEOPERATION_C2E80557,4,4,0,1,0
opt,M_DOSRAW_RELEASEOPERATION_C2E80557,5,0,2,1,4
opt,M_DOSRAW_PREPARE_F51F1B68,0,3,3,0,6
opt,M_DOSRAW_PREPARE_F51F1B68,1,2,4,1,8
opt,M_DOSRAW_PREPARE_F51F1B68,2,2,7,2,14
opt,M_DOSRAW_PREPARE_F51F1B68,5,0,4,1,8
opt,M_DOSRAW_PREPARE_F51F1B68,6,4,0,1,0
opt,M_DOSRAW_PREPARE_F51F1B68,7,0,0,1,0
opt,M_DOSRAW_PREPARE_F51F1B68,7,3,4,1,8
opt,M_DOSRAW_PREPARE_F51F1B68,12,0,0,1,0
opt,M_DOSRAW_PREPARE_F51F1B68,13,2,7,2,14
opt,M_DOSRAW_PREPARE_F51F1B68,15,3,7,0,14
opt,M_DOSRAW_PREPARE_F51F1B68,15,6,4,1,8
opt,M_DOSRAW_COMPLETE_0FD428DA,1,0,2,1,4
opt,M_DOSRAW_COMPLETE_0FD428DA,8,15,7,0,14
opt,M_DOSRAW_COMPLETE_0FD428DA,8,17,4,1,8
opt,M_DOSRAW_CLOSEDEVICE_DECAF50F,0,3,3,0,6
opt,M_DOSRAW_CLOSE_4F38859D,0,1,3,0,6
opt,M_DOSRAW_CLOSE_4F38859D,1,0,4,1,8
opt,M_DOSRAW_CLOSE_4F38859D,2,0,0,1,0
opt,M_DOSRAW_CLOSE_4F38859D,2,9,0,1,0
opt,M_DOSRAW_CLOSE_4F38859D,4,4,0,1,0
opt,M_DOSRAW_CLOSE_4F38859D,4,8,6,1,12
opt,M_DOSRAW_CLOSE_4F38859D,4,9,0,1,0
opt,M_DOSRAW_CLOSE_4F38859D,4,12,6,1,12
opt,M_DOSRAW_CLOSE_4F38859D,5,0,0,1,0
opt,M_DOSRAW_CLOSE_4F38859D,5,3,4,1,8
opt,M_DOSRAW_CLOSE_4F38859D,8,0,2,1,4
opt,M_DOSRAW_CLOSE_4F38859D,9,2,7,2,14
opt,M_DOSRAW_CLOSE_4F38859D,10,1,3,0,6
opt,M_DOSRAW_CLOSE_4F38859D,10,3,0,1,0
opt,M_DOSRAW_CLOSE_4F38859D,10,6,0,1,0
opt,M_DOSRAW_CLOSE_4F38859D,10,9,7,2,14
opt,M_DOSRAW_CLOSE_4F38859D,10,10,0,1,0
opt,M_DOSRAW_CLOSE_4F38859D,10,13,0,1,0
opt,M_DOSRAW_CLOSE_4F38859D,12,1,4,1,8
opt,M_FSREGISTRY_GETREGISTRY_3C838C00,0,0,4,1,8
opt,M_FSREGISTRY_SERVICE_31663004,0,0,0,1,0
opt,M_FSREGISTRY_RETAIN_218C5FAC,0,1,0,1,0
opt,M_FSREGISTRY_RETAIN_218C5FAC,2,0,0,1,0
opt,M_FSREGISTRY_RETAINBASE_94E5BA0B,0,0,0,1,0
opt,M_FSREGISTRY_RETAINBASE_94E5BA0B,0,3,0,1,0
opt,M_FSREGISTRY_RETAINBASE_94E5BA0B,2,0,0,1,0
opt,M_FSREGISTRY_RELEASE_E0E99364,0,0,0,1,0
opt,M_FSREGISTRY_RELEASE_E0E99364,0,5,0,1,0
opt,M_FSREGISTRY_LOOKUP_AD8B60C1,0,0,0,1,0
opt,M_FSREGISTRY_LOOKUP_AD8B60C1,0,2,0,1,0
opt,M_FSREGISTRY_LOOKUP_AD8B60C1,2,0,0,1,0
opt,M_FSREGISTRY_LOOKUP_AD8B60C1,9,3,8,1,16
opt,M_FSREGISTRY_FINDOBJECT_780CC443,0,3,7,0,14
opt,M_FSREGISTRY_FINDOBJECT_780CC443,0,4,3,0,6
opt,M_FSREGISTRY_STAMP_BE264D84,0,0,0,1,0
opt,M_FSLOCKS_ALLOCATION_5B5A6C20,2,1,3,0,6
opt,M_FSLOCKS_APPEND_3EC68462,3,1,4,1,8
opt,M_FSLOCKS_APPEND_3EC68462,11,4,4,1,8
opt,M_FSLOCKS_APPEND_3EC68462,14,1,4,1,8
opt,M_FSLOCKS_APPEND_3EC68462,22,4,4,1,8
opt,M_FSLOCKS_ALLOCATE_39B5BEE3,2,2,8,1,16
opt,M_FSLOCKS_ALLOCATE_39B5BEE3,5,3,3,0,6
opt,M_FSLOCKS_ALLOCATE_39B5BEE3,5,8,3,0,6
opt,M_FSPACKET_REPLY_F0943484,0,34,3,0,6
opt,M_FSPACKET_ERROR_61E70414,2,5,3,0,6
opt,M_FSPACKET_IDENTITY_6B3677B2,0,13,4,1,8
opt,M_FSPACKET_IDENTITY_6B3677B2,1,0,2,1,4
opt,M_FSPACKET_IDENTITY_6B3677B2,3,0,2,1,4
opt,M_FSPACKET_IDENTITY_6B3677B2,7,0,2,1,4
opt,M_FSPACKET_IDENTITY_6B3677B2,10,0,2,1,4
opt,M_FSPACKET_PUBLISHOPENSTEP_55EACFB5,0,21,6,1,12
opt,M_FSPACKET_PUBLISHOPENSTEP_55EACFB5,3,1,3,0,6
opt,M_FSPACKET_CLOSESTEP_61A48B9C,0,9,6,1,12
opt,M_FSPACKET_CLOSESTEP_61A48B9C,1,0,2,1,4
opt,M_FSPACKET_CLOSESTEP_61A48B9C,2,2,3,0,6
opt,M_FSPACKET_CLOSESTEP_61A48B9C,2,6,3,0,6
opt,M_FSPACKET_CLOSESTEP_61A48B9C,2,8,7,2,14
opt,M_FSPACKET_CLOSESTEP_61A48B9C,2,13,3,0,6
opt,M_FSPORTS_CREATE_D9675AD2,0,0,8,1,16
opt,M_FSPORTS_CREATE_D9675AD2,2,5,3,0,6
opt,M_FSPORTS_CREATE_D9675AD2,2,12,3,0,6
opt,M_FSPORTS_DELETE_FC342961,1,2,7,2,14
opt,M_MYDOS_READPHYSICAL_AF05229A,0,16,10,1,20
opt,M_MYDOS_VALIDDIRECTORY_1CF8F62E,0,7,7,2,14
opt,M_MYDOS_VALIDDIRECTORY_1CF8F62E,2,2,7,2,14
opt,M_MYDOS_HEADER_A95A323A,0,7,3,0,6
opt,M_MYDOS_MOUNTBUFFERED_114678B9,0,9,6,1,12
opt,M_MYDOS_MOUNT_2B42A118,0,1,3,0,6
opt,M_MYDOS_MOUNT_2B42A118,2,1,5,2,10
opt,M_MYDOS_MOUNT_2B42A118,4,1,3,0,6
opt,M_MYDOS_LIVE_1E4E1377,2,2,3,0,6
opt,M_MYDOS_LIVE_1E4E1377,10,4,5,2,10
opt,M_MYDOS_BUFFEREDENTRY_DC465C80,4,7,9,0,18
opt,M_MYDOS_BUFFEREDENTRY_DC465C80,4,9,3,0,6
opt,M_MYDOS_BEGINENTRY_95F170F4,5,3,5,2,10
opt,M_MYDOS_GETENTRY_7D00AFBD,0,3,6,1,12
opt,M_MYDOS_GETENTRY_7D00AFBD,2,2,5,2,10
opt,M_MYDOS_GETENTRY_7D00AFBD,4,1,3,0,6
opt,M_MYDOS_SELECTMATCH_8984C9A2,0,4,6,1,12
opt,M_MYDOS_SELECTMATCH_8984C9A2,3,8,6,1,12
opt,M_MYDOS_SELECTMATCH_8984C9A2,6,4,6,1,12
opt,M_MYDOS_CHOOSE_61B23C5E,6,4,6,1,12
opt,M_MYDOS_STARTRESOLVE_24B3B079,12,1,3,0,6
opt,M_MYDOS_RESOLVECOMPONENT_8F2130C4,0,1,3,0,6
opt,M_MYDOS_RESOLVECOMPONENT_8F2130C4,2,1,3,0,6
opt,M_MYDOS_BEGINRESOLVE_3F47247C,0,2,6,1,12
opt,M_MYDOS_BEGINRESOLVE_3F47247C,1,1,3,0,6
opt,M_MYDOS_RESOLVESTEP_4ADA26D9,1,1,3,0,6
opt,M_MYDOS_RESOLVESTEP_4ADA26D9,6,1,3,0,6
opt,M_MYDOS_RESOLVESTEP_4ADA26D9,7,1,3,0,6
opt,M_MYDOS_RESOLVESTEP_4ADA26D9,16,1,3,0,6
opt,M_MYDOS_RESOLVESTEP_4ADA26D9,17,1,3,0,6
opt,M_MYDOS_RESOLVE_25FA7BCB,0,2,6,1,12
opt,M_MYDOS_RESOLVE_25FA7BCB,4,1,3,0,6
opt,M_MYDOS_RESOLVE_25FA7BCB,5,2,5,2,10
opt,M_MYDOS_RESOLVE_25FA7BCB,8,1,3,0,6
opt,M_FSINIT_CONFIG_A7C873FA,0,0,0,1,0
opt,M_FSINIT_CONFIG_A7C873FA,5,1,3,0,6
opt,M_FSINIT_CONFIG_A7C873FA,10,5,15,2,30
opt,M_FSINIT_CONFIG_A7C873FA,19,2,6,1,12
opt,M_FSINIT_WORKSPACE_ED5E2107,0,1,8,1,16
opt,M_FSINIT_WORKSPACE_ED5E2107,2,1,8,1,16
opt,M_FSINIT_ARRIVAL_302FF83F,0,1,1,0,2
opt,M_FSINIT_ARRIVAL_302FF83F,2,0,0,1,0
opt,M_FSINIT_ARRIVAL_302FF83F,2,8,1,0,2
opt,M_FSINIT_ALLOCATEMOUNT_EF481898,0,0,0,1,0
opt,M_FSINIT_ALLOCATEMOUNT_EF481898,2,0,8,1,16
opt,M_FSINIT_ALLOCATEMOUNT_EF481898,7,9,8,1,16
opt,M_FSINIT_ALLOCATEBLOCK_5C0916F0,0,3,8,1,16
opt,M_FSINIT_ALLOCATEBLOCK_5C0916F0,2,41,1,0,2
opt,M_FSINIT_PUBLISH_12D6516B,0,0,0,1,0
opt,M_FSINIT_FIRST_60F42DBA,0,5,3,0,6
opt,M_FSINIT_ADAPTERSTEP_4F860EAF,0,3,0,1,0
opt,M_FSINIT_WORKSPACESTEP_AC19D935,0,3,3,0,6
opt,M_FSINIT_WORKSPACESTEP_AC19D935,2,1,3,0,6
opt,M_FSINIT_MOUNTSTEP_D16E7745,0,5,3,0,6
opt,M_FSINIT_MOUNTSTEP_D16E7745,1,1,3,0,6
opt,M_FSINIT_BLOCKSTEP_FC8F9559,0,3,3,0,6
opt,M_FSINIT_BLOCKSTEP_FC8F9559,1,1,3,0,6
opt,M_FSINIT_OPENEDSTEP_3B4623A1,1,5,3,0,6
opt,M_FSINIT_OPENEDSTEP_3B4623A1,2,8,3,0,6
opt,M_FSINIT_OPENEDSTEP_3B4623A1,3,5,3,0,6
opt,M_FSINIT_MOUNTEDSTEP_D00F6B02,1,5,3,0,6
opt,M_FSINIT_MOUNTEDSTEP_D00F6B02,2,2,3,0,6
opt,M_FSINIT_MOUNTEDSTEP_D00F6B02,3,5,3,0,6
opt,M_FSINIT_MOUNTEDSTEP_D00F6B02,5,0,0,1,0
opt,M_FSINIT_MOUNTEDSTEP_D00F6B02,5,4,0,1,0
opt,M_FSINIT_MOUNTEDSTEP_D00F6B02,5,9,3,0,6
opt,M_FSINIT_MOUNTEDSTEP_D00F6B02,8,1,3,0,6
opt,M_FSINIT_ROLLBACKSTEP_8166A722,0,7,6,1,12
opt,M_FSINIT_ROLLBACKSTEP_8166A722,0,15,7,2,14
opt,M_FSINIT_DESTROYMOUNT_00D5D10B,3,0,2,1,4
opt,M_FSINIT_DESTROYMOUNT_00D5D10B,5,3,3,0,6
opt,M_FSINIT_DESTROYMOUNT_00D5D10B,7,0,2,1,4
opt,M_FSINIT_DESTROYMOUNT_00D5D10B,10,2,3,0,6
opt,M_FSINIT_DESTROYMOUNT_00D5D10B,11,4,6,1,12
opt,M_FSINIT_DESTROYMOUNT_00D5D10B,12,3,7,2,14
opt,M_FSINIT_DESTROYMOUNT_00D5D10B,13,0,2,1,4
opt,M_FSINIT_DESTROYMOUNT_00D5D10B,16,3,7,2,14
opt,M_FSINIT_DESTROYMOUNT_00D5D10B,17,2,7,2,14
opt,M_FSINIT_CLEANUP_26675F9E,2,3,6,1,12
opt,M_FSINIT_CLEANUP_26675F9E,3,2,3,0,6
opt,M_FSINIT_CLEANUP_26675F9E,4,2,1,0,2
opt,M_FSINIT_CLEANUP_26675F9E,6,3,7,2,14
opt,M_FSINIT_CLEANUP_26675F9E,8,3,7,2,14
opt,M_FSINIT_CLEANUP_26675F9E,10,2,3,0,6
opt,M_FSINIT_CLEANUP_26675F9E,12,0,2,1,4
opt,M_FSRELATIVE_VALIDATE_0372B7FC,20,6,5,2,10
opt,M_FSRELATIVE_SEED_FD9BA1BB,0,5,6,1,12
opt,M_FSRELATIVE_SEED_FD9BA1BB,3,1,3,0,6
opt,M_FSRELATIVE_SEED_FD9BA1BB,3,3,3,0,6
opt,M_FSRELATIVE_ROOT_94E4441A,0,1,3,0,6
opt,M_FSRELATIVE_ROOT_94E4441A,0,5,6,1,12
opt,M_FSRELATIVE_ROOT_94E4441A,1,3,7,2,14
opt,M_FSRELATIVE_BEGIN_CB9D8F8D,3,1,4,1,8
opt,M_FSRELATIVE_BEGIN_CB9D8F8D,4,1,7,2,14
opt,M_FSRELATIVE_BEGIN_CB9D8F8D,6,1,6,1,12
opt,M_FSRELATIVE_BEGIN_CB9D8F8D,7,5,7,0,14
opt,M_FSRELATIVE_BEGIN_CB9D8F8D,8,1,7,2,14
opt,M_FSRELATIVE_BEGIN_CB9D8F8D,9,1,6,1,12
opt,M_FSRELATIVE_BEGIN_CB9D8F8D,10,2,7,2,14
opt,M_FSRELATIVE_BEGIN_CB9D8F8D,12,4,6,1,12
opt,M_FSRELATIVE_BEGIN_CB9D8F8D,13,2,6,1,12
opt,M_FSRELATIVE_BEGIN_CB9D8F8D,14,3,7,2,14
opt,M_FSRELATIVE_BEGIN_CB9D8F8D,15,1,6,1,12
opt,M_FSRELATIVE_BEGIN_CB9D8F8D,25,7,6,1,12
opt,M_FSRELATIVE_BEGIN_CB9D8F8D,28,1,3,0,6
opt,M_FSRELATIVE_BEGIN_CB9D8F8D,29,16,6,1,12
opt,M_FSRELATIVE_BEGIN_CB9D8F8D,31,3,7,2,14
opt,M_FSRELATIVE_PARENTRESULT_7CE6B959,1,2,7,2,14
opt,M_FSRELATIVE_PARENTRESULT_7CE6B959,3,1,3,0,6
opt,M_FSRELATIVE_PARENTRESULT_7CE6B959,4,2,7,2,14
opt,M_FSRELATIVE_PARENTRESULT_7CE6B959,12,0,7,2,14
opt,M_FSRELATIVE_PARENTRESULT_7CE6B959,13,8,6,1,12
opt,M_FSRELATIVE_PARENTRESULT_7CE6B959,18,0,7,2,14
opt,M_FSRELATIVE_PARENTRESULT_7CE6B959,19,4,6,1,12
opt,M_FSRELATIVE_PARENTRESULT_7CE6B959,19,6,3,0,6
opt,M_FSRELATIVE_PARENTRESULT_7CE6B959,20,2,7,2,14
opt,M_FSRELATIVE_PARENTRESULT_7CE6B959,21,0,3,0,6
opt,M_FSINFO_SAVE_B1E7031F,0,1,3,0,6
opt,M_MYDOSFILE_OPEN_0FD3469F,7,4,6,1,12
opt,M_MYDOSFILE_OPEN_0FD3469F,13,1,3,0,6
opt,M_MYDOSFILE_OPEN_0FD3469F,14,3,8,1,16
opt,M_MYDOSFILE_SECTORALLOWED_E72DFCC7,0,4,7,2,14
opt,M_MYDOSFILE_VALIDATE_CCD11D35,4,3,8,1,16
opt,M_MYDOSFILE_VALIDATE_CCD11D35,5,1,3,0,6
opt,M_MYDOSFILE_VALIDATE_CCD11D35,6,2,6,1,12
opt,M_MYDOSFILE_VALIDATE_CCD11D35,7,2,6,1,12
opt,M_MYDOSFILE_VALIDATE_CCD11D35,9,3,8,1,16
opt,M_MYDOSFILE_BEGINREAD_56DCAA56,0,1,3,0,6
opt,M_MYDOSFILE_BEGINREAD_56DCAA56,1,1,7,2,14
opt,M_MYDOSFILE_BEGINREAD_56DCAA56,3,1,3,0,6
opt,M_MYDOSFILE_BEGINREAD_56DCAA56,5,1,7,2,14
opt,M_MYDOSFILE_BEGINREAD_56DCAA56,6,5,7,2,14
opt,M_MYDOSFILE_BEGINREAD_56DCAA56,7,1,7,2,14
opt,M_MYDOSFILE_BEGINREAD_56DCAA56,11,1,3,0,6
opt,M_MYDOSFILE_BEGINREAD_56DCAA56,12,2,3,0,6
opt,M_MYDOSFILE_TARGET_3D0FAE04,3,1,7,2,14
opt,M_MYDOSFILE_TARGET_3D0FAE04,6,1,7,2,14
opt,M_MYDOSFILE_TARGET_3D0FAE04,9,2,3,0,6
opt,M_MYDOSFILE_TARGET_3D0FAE04,10,1,7,2,14
opt,M_MYDOSFILE_TARGET_3D0FAE04,11,1,3,0,6
opt,M_MYDOSFILE_BEGINSEEK_007E9A86,0,1,3,0,6
opt,M_MYDOSFILE_BEGINSEEK_007E9A86,1,1,7,2,14
opt,M_MYDOSFILE_BEGINSEEK_007E9A86,3,2,7,2,14
opt,M_MYDOSFILE_BEGINSEEK_007E9A86,5,1,7,2,14
opt,M_MYDOSFILE_BEGINSEEK_007E9A86,7,3,7,2,14
opt,M_MYDOSFILE_BEGINSEEK_007E9A86,8,2,3,0,6
opt,M_MYDOSFILE_LOCATE_F172D4F1,3,1,3,0,6
opt,M_MYDOSFILE_LOCATE_F172D4F1,5,1,7,2,14
opt,M_MYDOSFILE_LOCATE_F172D4F1,6,2,3,0,6
opt,M_MYDOSFILE_CONSUME_CDF927EF,3,2,5,2,10
opt,M_MYDOSFILE_CONSUME_CDF927EF,5,1,3,0,6
opt,M_MYDOSFILE_CONSUME_CDF927EF,7,2,3,0,6
opt,M_MYDOSFILE_CONTINUEOPERATION_DDF4199B,0,4,6,1,12
opt,M_MYDOSFILE_CONTINUEOPERATION_DDF4199B,1,3,7,2,14
opt,M_MYDOSFILE_CONTINUEOPERATION_DDF4199B,5,3,7,2,14
opt,M_MYDOSFILE_CONTINUEOPERATION_DDF4199B,6,2,3,0,6
opt,M_MYDOSFILE_CONTINUEOPERATION_DDF4199B,7,1,3,0,6
opt,M_MYDOSFILE_CONTINUEOPERATION_DDF4199B,8,1,3,0,6
opt,M_MYDOSFILE_RUN_01B89F42,2,5,5,2,10
opt,M_MYDOSFILE_RUN_01B89F42,4,3,7,2,14
opt,M_MYDOSFILE_RUN_01B89F42,5,1,3,0,6
opt,M_FSDIRECTORY_LOCKCURSORSTEP_29BACC3E,0,6,6,1,12
opt,M_FSDIRECTORY_SELECTSTEP_815DA095,0,5,4,1,8
opt,M_FSDIRECTORY_SELECTSTEP_815DA095,1,1,7,2,14
opt,M_FSDIRECTORY_SELECTSTEP_815DA095,2,6,7,0,14
opt,M_FSDIRECTORY_SELECTSTEP_815DA095,3,1,7,2,14
opt,M_FSDIRECTORY_SELECTSTEP_815DA095,5,1,7,2,14
opt,M_FSDIRECTORY_INFOSTEP_3CC6E53D,0,5,4,1,8
opt,M_FSDIRECTORY_INFOSTEP_3CC6E53D,1,1,7,2,14
opt,M_FSDIRECTORY_INFOSTEP_3CC6E53D,2,8,7,2,14
opt,M_FSDIRECTORY_INFOSTEP_3CC6E53D,3,1,7,2,14
opt,M_FSDIRECTORY_RESTORESTEP_8AADA789,5,4,6,1,12
opt,M_FSDIRECTORY_RESTORESTEP_8AADA789,7,0,7,2,14
opt,M_FSDIRECTORY_STATESTEP_73ED4FBC,0,5,3,0,6
opt,M_FSDIRECTORY_STATESTEP_73ED4FBC,1,1,7,2,14
opt,M_FSDIRECTORY_STATESTEP_73ED4FBC,6,1,7,2,14
opt,M_FSDIRECTORY_END_806A2136,0,5,7,0,14
opt,M_FSDIRECTORY_END_806A2136,0,7,7,2,14
opt,M_FSDIRECTORY_ENTRYSTEP_D4EA4ABB,0,9,6,1,12
opt,M_FSDIRECTORY_ENTRYSTEP_D4EA4ABB,1,3,7,2,14
opt,M_FSDIRECTORY_ENTRYSTEP_D4EA4ABB,3,1,3,0,6
opt,M_FSDIRECTORY_ENTRYRESULTSTEP_4C458A60,1,3,7,2,14
opt,M_FSDIRECTORY_ENTRYRESULTSTEP_4C458A60,2,2,3,0,6
opt,M_FSDIRECTORY_ENTRYRESULTSTEP_4C458A60,3,3,7,2,14
opt,M_FSDIRECTORY_ENTRYRESULTSTEP_4C458A60,5,1,3,0,6
opt,M_FSDIRECTORY_SIZESTEP_0C182F8A,2,4,6,1,12
opt,M_FSDIRECTORY_SIZESTEP_0C182F8A,3,2,3,0,6
opt,M_FSDIRECTORY_SIZESTEP_0C182F8A,5,3,7,2,14
opt,M_FSDIRECTORY_SIZESTEP_0C182F8A,7,3,7,2,14
opt,M_FSDIRECTORY_SIZECONTINUESTEP_1EAFA525,1,3,7,2,14
opt,M_FSDIRECTORY_SIZECONTINUESTEP_1EAFA525,2,4,6,1,12
opt,M_FSDIRECTORY_SIZECONTINUESTEP_1EAFA525,3,3,7,2,14
opt,M_FSDIRECTORY_SIZECONTINUESTEP_1EAFA525,6,2,3,0,6
opt,M_FSDIRECTORY_CLEARSTEP_2A4A8FB8,0,5,3,0,6
opt,M_FSDIRECTORY_NAMESTEP_97C5C3EC,0,10,9,0,18
opt,M_FSDIRECTORY_FILLSTEP_E0581636,0,10,10,1,20
opt,M_FSDIRECTORY_PUBLISHSTEP_CC8DC0F6,0,9,7,0,14
opt,M_FSDIRECTORY_PUBLISHSTEP_CC8DC0F6,0,14,3,0,6
opt,M_FSIO_BEGIN_68AD59C5,0,15,10,1,20
opt,M_FSIO_COMPLETE_3A967BA3,0,14,14,1,28
opt,M_FSIO_COMPLETE_3A967BA3,1,3,0,1,0
opt,M_FSIO_COMPLETE_3A967BA3,3,1,3,0,6
opt,M_FSHANDLER_OPENRESULTSTEP_0C25E5DB,2,1,3,0,6
opt,M_FSHANDLER_OPENRESULTSTEP_0C25E5DB,3,1,7,2,14
opt,M_FSHANDLER_OPENRESULTSTEP_0C25E5DB,4,1,7,2,14
opt,M_FSHANDLER_OPENRESULTSTEP_0C25E5DB,5,2,3,0,6
opt,M_FSHANDLER_OPENRESULTSTEP_0C25E5DB,6,5,3,0,6
opt,M_FSHANDLER_OPENRESULTSTEP_0C25E5DB,6,7,7,2,14
opt,M_FSHANDLER_OPENRESULTSTEP_0C25E5DB,6,9,7,2,14
opt,M_FSHANDLER_CURSORSTEP_0CA2CA5E,0,7,6,1,12
opt,M_FSHANDLER_CURSORSTEP_0CA2CA5E,1,5,3,0,6
opt,M_FSHANDLER_CURSORSTEP_0CA2CA5E,1,7,7,2,14
opt,M_FSHANDLER_CURSORSTEP_0CA2CA5E,1,11,7,2,14
opt,M_FSHANDLER_OPENSTEP_A7675710,0,5,4,1,8
opt,M_FSHANDLER_OPENSTEP_A7675710,1,1,7,2,14
opt,M_FSHANDLER_OPENSTEP_A7675710,2,3,4,1,8
opt,M_FSHANDLER_OPENSTEP_A7675710,3,7,7,2,14
opt,M_FSHANDLER_OPENSTEP_A7675710,4,1,7,2,14
opt,M_FSHANDLER_LOCKSTEP_E0A0D2D5,0,5,4,1,8
opt,M_FSHANDLER_LOCKSTEP_E0A0D2D5,1,1,7,2,14
opt,M_FSHANDLER_RESOLVESTARTSTEP_40B69900,0,7,3,0,6
opt,M_FSHANDLER_OPERATIONRESULT_4184CBFA,4,1,3,0,6
opt,M_FSHANDLER_FILESELECTSTEP_BED2DD8A,0,5,4,1,8
opt,M_FSHANDLER_FILESELECTSTEP_BED2DD8A,1,1,7,2,14
opt,M_FSHANDLER_FILESELECTSTEP_BED2DD8A,2,6,7,0,14
opt,M_FSHANDLER_FILESELECTSTEP_BED2DD8A,3,1,7,2,14
opt,M_FSHANDLER_FILESELECTSTEP_BED2DD8A,5,1,7,2,14
opt,M_FSHANDLER_ARGUMENTSSTEP_DD745A90,1,3,4,1,8
opt,M_FSHANDLER_ARGUMENTSSTEP_DD745A90,3,1,7,2,14
opt,M_FSHANDLER_READSTEP_5B9B1990,0,4,3,0,6
opt,M_FSHANDLER_READSTEP_5B9B1990,0,8,4,1,8
opt,M_FSHANDLER_SEEKSTEP_90261C60,0,4,3,0,6
opt,M_FSHANDLER_SEEKSTEP_90261C60,0,8,4,1,8
opt,M_FSHANDLER_DISPATCHSTEP_D149BF3A,0,3,3,0,6
opt,M_FSHANDLER_MEDIASTEP_8DCF2858,4,3,7,2,14
opt,M_FSHANDLER_MEDIASTEP_8DCF2858,5,0,0,1,0
opt,M_FSHANDLER_MEDIASTEP_8DCF2858,6,4,3,0,6
opt,M_FSHANDLER_MEDIASTEP_8DCF2858,6,8,7,2,14
opt,M_FSHANDLER_ACTIONSTEP_7D527A4E,12,1,7,2,14
opt,M_FSHANDLER_TAKESTEP_E4E18A11,6,1,3,0,6
opt,M_FSHANDLER_COMPONENTSTEP_389CA8B9,0,4,3,0,6
opt,M_FSHANDLER_COMPONENTSTEP_389CA8B9,1,3,7,2,14
opt,M_FSHANDLER_RESOLVESTEP_D6E79D38,1,3,7,2,14
opt,M_FSHANDLER_RESOLVESTEP_D6E79D38,2,2,3,0,6
opt,M_FSHANDLER_RESOLVESTEP_D6E79D38,3,1,3,0,6
opt,M_FSHANDLER_RESOLVESTEP_D6E79D38,6,3,7,2,14
opt,M_FSHANDLER_RESOLVESTEP_D6E79D38,12,3,7,2,14
opt,M_FSHANDLER_FILESTEP_A93D50C2,1,5,7,2,14
opt,M_FSHANDLER_FILESTEP_A93D50C2,2,2,3,0,6
opt,M_FSHANDLER_FILESTEP_A93D50C2,3,2,4,1,8
opt,M_FSWORKER_WORKER_2BB473B0,0,0,3,0,6
opt,M_FSWORKER_WORKER_2BB473B0,0,2,0,1,0
opt,M_FSWORKER_WORKER_2BB473B0,0,6,0,1,0
opt,M_FSWORKER_WORKER_2BB473B0,0,7,0,1,0
opt,M_FSWORKER_WORKER_2BB473B0,3,4,3,0,6
opt,M_FSWORKER_WORKER_2BB473B0,5,1,7,0,14
opt,M_FSWORKER_WORKER_2BB473B0,8,0,3,0,6
opt,M_FSWORKER_WORKER_2BB473B0,10,2,3,0,6
opt,M_FSWORKER_WORKER_2BB473B0,10,5,3,0,6
opt,M_FSWORKER_WORKER_2BB473B0,12,3,6,1,12
opt,M_FSWORKER_WORKER_2BB473B0,14,1,4,1,8
opt,M_FSWORKER_FINISH_EC2E5E2B,0,5,3,0,6
opt,M_FSWORKER_FINISH_EC2E5E2B,0,8,7,2,14
opt,M_FSMOUNT_DISPATCH_FD59F08F,0,3,3,0,6
opt,M_FSMOUNT_SELECTSTEP_8E807607,0,3,0,1,0
opt,M_FSMOUNT_SELECTSTEP_8E807607,1,0,0,1,0
opt,M_FSMOUNT_SELECTSTEP_8E807607,1,5,0,1,0
opt,M_FSMOUNT_SELECTSTEP_8E807607,1,10,3,0,6
opt,M_FSMOUNT_SELECTSTEP_8E807607,3,1,7,2,14
opt,M_FSMOUNT_COMMANDSTEP_B1883B1A,0,3,0,1,0
opt,M_FSMOUNT_COMMANDSTEP_B1883B1A,4,1,7,2,14
opt,M_FSMOUNT_COMMANDSTEP_B1883B1A,5,1,7,2,14
opt,M_FSMOUNT_REMOVESTEP_BBB2975B,1,1,7,2,14
opt,M_FSMOUNT_REMOVESTEP_BBB2975B,2,1,0,1,0
opt,M_FSMOUNT_REMOVESTEP_BBB2975B,5,0,0,1,0
opt,M_FSMOUNT_REMOVESTEP_BBB2975B,6,1,7,2,14
opt,M_FSMOUNT_DESTROYSTEP_4CF540E7,0,4,6,1,12
opt,M_FSMOUNT_DESTROYSTEP_4CF540E7,0,9,3,0,6
opt,M_FSMUX_CONTROL_16FCB25F,0,2,3,0,6
opt,M_FSMUX_TAKE_F08F7501,1,3,3,0,6
opt,M_FSMUX_TAKE_F08F7501,2,1,3,0,6
opt,M_FSMUX_TAKE_F08F7501,6,1,3,0,6
opt,M_FSBOOT_BEGINSERVICE_BC5D2672,0,0,8,1,16
opt,M_FSBOOT_BEGINSERVICE_BC5D2672,2,11,4,1,8
opt,M_FSBOOT_BEGINSERVICE_BC5D2672,3,2,7,2,14
opt,M_FSBOOT_ENSURE_06ED6F00,0,0,0,1,0
opt,M_FSBOOT_ENSURE_06ED6F00,0,2,0,1,0
opt,M_FSBOOT_ENSURE_06ED6F00,3,0,0,1,0
opt,M_FSBOOT_ENSURE_06ED6F00,11,0,3,0,6
opt,M_FSBOOT_ENSURE_06ED6F00,16,0,2,1,4
opt,M_FSBOOT_STOP_AD5246E2,0,0,0,1,0
opt,M_FSBOOT_STOP_AD5246E2,0,1,0,1,0
opt,M_FSBOOT_STOP_AD5246E2,1,0,0,1,0
opt,M_FSBOOT_STOP_AD5246E2,3,0,0,1,0
opt,M_FSBOOT_STOP_AD5246E2,18,0,0,1,0
opt,M_FSBOOT_STOP_AD5246E2,20,7,7,2,14
opt,M_FSBOOT_STOP_AD5246E2,22,0,2,1,4
opt,M_FSBOOT_STOP_AD5246E2,23,0,0,1,0
opt,M_FSBOOT_STOP_AD5246E2,23,2,0,1,0
opt,M_DOSCALLS_ACQUIRE_C423433E,0,4,0,1,0
opt,M_DOSCALLS_ACQUIRE_C423433E,2,0,0,1,0
opt,M_DOSCALLS_ACQUIRE_C423433E,3,1,3,0,6
opt,M_DOSCALLS_ACQUIRE_C423433E,5,0,0,1,0
opt,M_DOSCALLS_ACQUIRE_C423433E,7,3,3,0,6
opt,M_DOSCALLS_ACQUIRE_C423433E,10,2,6,1,12
opt,M_DOSCALLS_ACQUIRE_C423433E,10,8,13,2,26
opt,M_DOSCALLS_ACQUIRE_C423433E,11,0,0,1,0
opt,M_DOSCALLS_ACQUIRE_C423433E,12,2,5,2,10
opt,M_DOSCALLS_ACQUIRE_C423433E,16,4,10,1,20
opt,M_DOSCALLS_ACQUIRE_C423433E,20,1,3,0,6
opt,M_DOSCALLS_CONFIGURED_B6EDEF76,0,0,0,1,0
opt,M_DOSCALLS_CONFIGURED_B6EDEF76,4,4,8,1,16
opt,M_DOSCALLS_DESTINATION_E6EBC832,1,0,4,1,8
opt,M_DOSCALLS_DESTINATION_E6EBC832,3,0,0,1,0
opt,M_DOSCALLS_DESTINATION_E6EBC832,3,1,3,0,6
opt,M_DOSCALLS_DESTINATION_E6EBC832,5,2,5,2,10
opt,M_DOSCALLS_DESTINATION_E6EBC832,9,2,5,2,10
opt,M_DOSCALLS_DESTINATION_E6EBC832,10,0,4,1,8
opt,M_DOSCALLS_DESTINATION_E6EBC832,12,0,4,1,8
opt,M_DOSCALLS_OPEN_390423B6,0,1,3,0,6
opt,M_DOSCALLS_OPEN_390423B6,0,5,5,2,10
opt,M_DOSCALLS_OPEN_390423B6,3,0,4,1,8
opt,M_DOSCALLS_OPEN_390423B6,6,1,4,1,8
opt,M_DOSCALLS_OPEN_390423B6,7,0,4,1,8
opt,M_DOSCALLS_OPEN_390423B6,8,2,9,2,18
opt,M_DOSCALLS_OPEN_390423B6,9,0,4,1,8
opt,M_DOSCALLS_OPEN_390423B6,10,0,0,1,0
opt,M_DOSCALLS_OPEN_390423B6,13,1,3,0,6
opt,M_DOSCALLS_OPEN_390423B6,14,1,3,0,6
opt,M_DOSCALLS_LOCK_DE185F87,0,1,3,0,6
opt,M_DOSCALLS_LOCK_DE185F87,0,5,5,2,10
opt,M_DOSCALLS_LOCK_DE185F87,3,0,4,1,8
opt,M_DOSCALLS_LOCK_DE185F87,5,0,4,1,8
opt,M_DOSCALLS_LOCK_DE185F87,6,2,9,2,18
opt,M_DOSCALLS_BADOBJECT_51D88018,1,0,4,1,8
opt,M_DOSCALLS_BADOBJECT_51D88018,2,0,4,1,8
opt,M_DOSCALLS_OBJECT_E89E37D3,0,0,0,1,0
opt,M_DOSCALLS_OBJECT_E89E37D3,0,3,7,0,14
opt,M_DOSCALLS_OBJECT_E89E37D3,2,1,1,0,2
opt,M_DOSCALLS_FILE_E8D1DABC,0,1,3,0,6
opt,M_DOSCALLS_FILE_E8D1DABC,1,2,1,0,2
opt,M_DOSCALLS_FILE_E8D1DABC,2,2,3,0,6
opt,M_DOSCALLS_FILE_E8D1DABC,3,0,4,1,8
opt,M_DOSCALLS_FILE_E8D1DABC,4,3,6,1,12
opt,M_DOSCALLS_READ_BEE8BE36,0,0,0,1,0
opt,M_DOSCALLS_READ_BEE8BE36,2,1,4,1,8
opt,M_DOSCALLS_READ_BEE8BE36,5,3,11,0,22
opt,M_DOSCALLS_READ_BEE8BE36,7,5,14,1,28
opt,M_DOSCALLS_READ_BEE8BE36,8,2,6,1,12
opt,M_DOSCALLS_READ_BEE8BE36,10,2,3,0,6
opt,M_DOSCALLS_READ_BEE8BE36,10,5,3,0,6
opt,M_DOSCALLS_READ_BEE8BE36,10,11,8,1,16
opt,M_DOSCALLS_READ_BEE8BE36,11,0,0,1,0
opt,M_DOSCALLS_READ_BEE8BE36,15,14,10,1,20
opt,M_DOSCALLS_READ_BEE8BE36,15,17,3,0,6
opt,M_DOSCALLS_WRITE_8E98A1A7,0,0,0,1,0
opt,M_DOSCALLS_WRITE_8E98A1A7,2,1,4,1,8
opt,M_DOSCALLS_WRITE_8E98A1A7,5,3,11,0,22
opt,M_DOSCALLS_WRITE_8E98A1A7,7,5,14,1,28
opt,M_DOSCALLS_WRITE_8E98A1A7,8,1,3,0,6
opt,M_DOSCALLS_WRITE_8E98A1A7,10,2,3,0,6
opt,M_DOSCALLS_WRITE_8E98A1A7,10,5,3,0,6
opt,M_DOSCALLS_WRITE_8E98A1A7,10,11,8,1,16
opt,M_DOSCALLS_WRITE_8E98A1A7,11,0,0,1,0
opt,M_DOSCALLS_WRITE_8E98A1A7,14,0,1,0,2
opt,M_DOSCALLS_WRITE_8E98A1A7,15,2,7,2,14
opt,M_DOSCALLS_WRITE_8E98A1A7,18,0,4,1,8
opt,M_DOSCALLS_WRITE_8E98A1A7,19,0,4,1,8
opt,M_DOSCALLS_SEEK_17FC33E6,0,0,0,1,0
opt,M_DOSCALLS_SEEK_17FC33E6,2,1,4,1,8
opt,M_DOSCALLS_SEEK_17FC33E6,5,2,3,0,6
opt,M_DOSCALLS_SEEK_17FC33E6,7,0,4,1,8
opt,M_DOSCALLS_SEEK_17FC33E6,9,0,4,1,8
opt,M_DOSCALLS_SEEK_17FC33E6,10,2,6,1,12
opt,M_DOSCALLS_SEEK_17FC33E6,12,12,10,1,20
opt,M_DOSCALLS_SEEK_17FC33E6,12,15,3,0,6
opt,M_DOSCALLS_CLOSE_97169B3A,0,0,0,1,0
opt,M_DOSCALLS_CLOSE_97169B3A,2,1,4,1,8
opt,M_DOSCALLS_CLOSE_97169B3A,5,2,6,1,12
opt,M_DOSCALLS_CLOSE_97169B3A,7,3,6,1,12
opt,M_DOSCALLS_CLOSE_97169B3A,8,2,6,1,12
opt,M_DOSCALLS_CLOSE_97169B3A,10,5,6,1,12
opt,M_DOSCALLS_CLOSE_97169B3A,10,9,10,1,20
opt,M_DOSCALLS_CLOSE_97169B3A,10,12,3,0,6
opt,M_DOSCALLS_UNLOCK_2871018C,2,0,0,1,0
opt,M_DOSCALLS_UNLOCK_2871018C,4,1,4,1,8
opt,M_DOSCALLS_UNLOCK_2871018C,7,0,4,1,8
opt,M_DOSCALLS_UNLOCK_2871018C,8,2,6,1,12
opt,M_DOSCALLS_UNLOCK_2871018C,10,6,10,1,20
opt,M_DOSCALLS_UNLOCK_2871018C,10,8,3,0,6
opt,M_DOSCALLS_INFORMATION_13F25DEC,0,0,0,1,0
opt,M_DOSCALLS_INFORMATION_13F25DEC,2,1,4,1,8
opt,M_DOSCALLS_INFORMATION_13F25DEC,4,2,6,1,12
opt,M_DOSCALLS_INFORMATION_13F25DEC,6,12,10,1,20
opt,M_DOSCALLS_INFORMATION_13F25DEC,6,15,3,0,6
opt,M_DOSCALLS_SELECTED_604EA3D9,0,0,0,1,0
opt,M_DOSCALLS_LIVESELECTION_2BE04852,0,1,4,1,8
opt,M_DOSCALLS_LIVESELECTION_2BE04852,3,2,3,0,6
opt,M_DOSCALLS_LIVESELECTION_2BE04852,5,0,1,0,2
opt,M_DOSCALLS_LIVESELECTION_2BE04852,7,1,3,0,6
opt,M_DOSCALLS_LIVESELECTION_2BE04852,9,0,1,0,2
opt,M_DOSCALLS_SELECT_1EDDE386,0,0,0,1,0
opt,M_DOSCALLS_SELECT_1EDDE386,0,2,3,0,6
opt,M_DOSCALLS_SELECT_1EDDE386,3,1,3,0,6
opt,M_DOSCALLS_DIRECTORY_C8028D6B,0,1,3,0,6
opt,M_DOSCALLS_DIRECTORY_C8028D6B,6,3,7,0,14
opt,M_DOSCALLS_CURRENTDIR_1AA7335E,0,0,0,1,0
opt,M_DOSCALLS_CURRENTDIR_1AA7335E,0,2,3,0,6
opt,M_DOSCALLS_CURRENTDIR_1AA7335E,3,1,4,1,8
opt,M_DOSCALLS_CURRENTDIR_1AA7335E,6,1,3,0,6
opt,M_DOSCALLS_CURRENTDIR_1AA7335E,7,0,1,0,2
opt,M_DOSCALLS_NAMEFROMLOCK_92457C4A,0,0,0,1,0
opt,M_DOSCALLS_NAMEFROMLOCK_92457C4A,0,2,3,0,6
opt,M_DOSCALLS_NAMEFROMLOCK_92457C4A,2,1,4,1,8
opt,M_DOSCALLS_NAMEFROMLOCK_92457C4A,4,1,3,0,6
opt,M_DOSCALLS_NAMEFROMLOCK_92457C4A,5,0,1,0,2
opt,M_DOSCALLS_NAMEFROMLOCK_92457C4A,8,3,7,2,14
opt,M_DOSCALLS_NAMEFROMLOCK_92457C4A,10,1,3,0,6
opt,M_DOSCALLS_NAMEFROMLOCK_92457C4A,10,3,3,0,6
opt,M_DOSCALLS_ISINTERACTIVE_18CACEEA,0,0,0,1,0
opt,M_DOSCALLS_ISINTERACTIVE_18CACEEA,0,2,3,0,6
opt,M_DOSCALLS_ISINTERACTIVE_18CACEEA,2,1,3,0,6
opt,M_DOS_OPEN_87DAE823,0,2,7,2,14
opt,M_DOS_READ_BCD2228F,0,4,10,1,20
opt,M_DOS_WRITE_BE4FDE64,0,4,10,1,20
opt,M_DOS_SEEK_DE9F46FB,0,4,11,2,22
opt,M_DOS_CLOSE_4C224801,0,2,3,0,6
opt,M_DOS_IOERR_E649FF90,0,0,0,1,0
opt,M_DOS_RELEASECONTEXT_9DB9F883,0,0,0,1,0
opt,M_DOS_LOCK_4DEC517E,0,2,7,2,14
opt,M_DOS_UNLOCK_74209499,0,2,3,0,6
opt,M_DOS_EXAMINE_1F15C1B0,0,4,10,1,20
opt,M_DOS_EXNEXT_623C7B53,0,4,10,1,20
opt,M_DOS_INPUT_41B1DDE9,0,0,1,0,2
opt,M_DOS_OUTPUT_DF7018DC,0,0,1,0,2
opt,M_DOS_SELECTINPUT_FF0F4771,0,2,4,1,8
opt,M_DOS_SELECTOUTPUT_3A928904,0,2,4,1,8
opt,M_DOS_ISINTERACTIVE_FD05AE49,0,2,3,0,6
opt,M_DOS_CURRENTDIR_764577CB,0,2,3,0,6
opt,M_DOS_NAMEFROMLOCK_8794AD67,0,4,10,1,20
opt,M_TASKINSPECT_SNAPSHOT_72A67CF0,3,0,0,1,0
opt,M_TASKINSPECT_SNAPSHOT_72A67CF0,6,0,0,1,0
opt,M_DEVICEINSPECT_SNAPSHOT_EBB6295F,3,1,0,1,0
opt,M_DEVICEINSPECT_SNAPSHOT_EBB6295F,5,5,4,1,8
opt,M_DEVICEINSPECT_SNAPSHOT_EBB6295F,5,8,0,1,0
opt,M_DEVICEINSPECT_SNAPSHOT_EBB6295F,10,3,0,1,0
opt,M_FSINSPECT_SNAPSHOT_873CF8A6,3,0,0,1,0
opt,M_FSINSPECT_SNAPSHOT_873CF8A6,3,2,0,1,0
opt,M_FSINSPECT_SNAPSHOT_873CF8A6,5,0,0,1,0
opt,M_SHELLAPP_SHELLWRITE_F4A8AD7D,4,4,10,1,20
opt,M_SHELLAPP_SHELLWRITE_F4A8AD7D,4,6,0,1,0
opt,M_SHELLAPP_SHELLWRITE_F4A8AD7D,9,1,8,1,16
opt,M_SHELLAPP_SHELLWRITE_F4A8AD7D,10,1,8,1,16
opt,M_SHELLAPP_SHELLBYTE_1EE28596,0,0,0,1,0
opt,M_SHELLAPP_SHELLBYTE_1EE28596,0,7,8,1,16
opt,M_SHELLAPP_SHELLTEXT_7D109071,0,2,3,0,6
opt,M_SHELLAPP_SHELLTEXT_7D109071,0,3,8,1,16
opt,M_SHELLAPP_SHELLPASCAL_09C83940,0,6,8,1,16
opt,M_SHELLAPP_SHELLNUMBER_7C65BFBB,0,0,0,1,0
opt,M_SHELLAPP_SHELLNUMBER_7C65BFBB,6,1,8,1,16
opt,M_SHELLAPP_SHELLDIAGNOSTIC_F84A4C35,1,3,6,1,12
opt,M_SHELLAPP_SHELLDIAGNOSTIC_F84A4C35,1,8,7,2,14
opt,M_SHELLAPP_SHELLDIAGNOSTIC_F84A4C35,1,11,4,1,8
opt,M_SHELLAPP_SHELLREDRAW_2EDE4915,0,0,0,1,0
opt,M_SHELLAPP_SHELLREDRAW_2EDE4915,0,1,0,1,0
opt,M_SHELLAPP_SHELLREDRAW_2EDE4915,11,4,8,1,16
opt,M_SHELLAPP_SHELLCLEAR_52BB640F,0,0,0,1,0
opt,M_SHELLAPP_SHELLPARSE_A4976CAB,0,0,0,1,0
opt,M_SHELLAPP_SHELLPARSE_A4976CAB,65,4,6,1,12
opt,M_SHELLAPP_SHELLPARSE_A4976CAB,67,1,6,1,12
opt,M_SHELLAPP_SHELLPARSE_A4976CAB,70,1,6,1,12
opt,M_SHELLAPP_SHELLPARSE_A4976CAB,72,1,6,1,12
opt,M_SHELLAPP_SHELLPARSE_A4976CAB,74,1,6,1,12
opt,M_SHELLAPP_SHELLPARSE_A4976CAB,76,1,6,1,12
opt,M_SHELLAPP_SHELLPARSE_A4976CAB,78,1,6,1,12
opt,M_SHELLAPP_SHELLPARSE_A4976CAB,80,1,6,1,12
opt,M_SHELLAPP_SHELLPARSE_A4976CAB,82,1,6,1,12
opt,M_SHELLAPP_SHELLPARSE_A4976CAB,84,1,6,1,12
opt,M_SHELLAPP_SHELLPARSE_A4976CAB,86,1,6,1,12
opt,M_SHELLAPP_SHELLPARSE_A4976CAB,88,0,8,1,16
opt,M_SHELLAPP_SHELLCHANGE_E2B81D98,0,1,7,2,14
opt,M_SHELLAPP_SHELLCHANGE_E2B81D98,0,3,0,1,0
opt,M_SHELLAPP_SHELLCHANGE_E2B81D98,1,1,8,1,16
opt,M_SHELLAPP_SHELLCHANGE_E2B81D98,2,4,3,0,6
opt,M_SHELLAPP_SHELLCHANGE_E2B81D98,2,6,0,1,0
opt,M_SHELLAPP_SHELLCHANGE_E2B81D98,3,1,8,1,16
opt,M_SHELLAPP_SHELLCHANGE_E2B81D98,3,4,3,0,6
opt,M_SHELLAPP_SHELLCHANGE_E2B81D98,3,5,0,1,0
opt,M_SHELLAPP_SHELLCHANGE_E2B81D98,5,0,0,1,0
opt,M_SHELLAPP_SHELLCHANGE_E2B81D98,5,1,8,1,16
opt,M_SHELLAPP_SHELLCHANGE_E2B81D98,7,2,3,0,6
opt,M_SHELLAPP_SHELLCHANGE_E2B81D98,7,3,0,1,0
opt,M_SHELLAPP_SHELLCHANGE_E2B81D98,8,0,0,1,0
opt,M_SHELLAPP_SHELLCHANGE_E2B81D98,8,1,8,1,16
opt,M_SHELLAPP_SHELLRELEASELOCK_7049A622,0,2,3,0,6
opt,M_SHELLAPP_SHELLRELEASELOCK_7049A622,0,3,0,1,0
opt,M_SHELLAPP_SHELLRELEASELOCK_7049A622,1,0,0,1,0
opt,M_SHELLAPP_SHELLRELEASELOCK_7049A622,1,1,8,1,16
opt,M_SHELLAPP_SHELLRELEASELOCK_7049A622,2,2,3,0,6
opt,M_SHELLAPP_SHELLRELEASELOCK_7049A622,2,3,0,1,0
opt,M_SHELLAPP_SHELLRELEASELOCK_7049A622,3,0,0,1,0
opt,M_SHELLAPP_SHELLRELEASELOCK_7049A622,3,1,8,1,16
opt,M_SHELLAPP_SHELLDIR_EB67AED9,2,2,7,2,14
opt,M_SHELLAPP_SHELLDIR_EB67AED9,3,0,0,1,0
opt,M_SHELLAPP_SHELLDIR_EB67AED9,3,1,8,1,16
opt,M_SHELLAPP_SHELLDIR_EB67AED9,4,0,0,1,0
opt,M_SHELLAPP_SHELLDIR_EB67AED9,4,4,6,1,12
opt,M_SHELLAPP_SHELLDIR_EB67AED9,4,5,0,1,0
opt,M_SHELLAPP_SHELLDIR_EB67AED9,5,1,8,1,16
opt,M_SHELLAPP_SHELLDIR_EB67AED9,7,0,0,1,0
opt,M_SHELLAPP_SHELLDIR_EB67AED9,8,0,8,1,16
opt,M_SHELLAPP_SHELLDIR_EB67AED9,10,2,6,1,12
opt,M_SHELLAPP_SHELLDIR_EB67AED9,10,3,0,1,0
opt,M_SHELLAPP_SHELLDIR_EB67AED9,12,0,0,1,0
opt,M_SHELLAPP_SHELLDIR_EB67AED9,12,2,6,1,12
opt,M_SHELLAPP_SHELLDIR_EB67AED9,13,1,8,1,16
opt,M_SHELLAPP_SHELLDIR_EB67AED9,16,0,0,1,0
opt,M_SHELLAPP_SHELLDIR_EB67AED9,16,1,4,1,8
opt,M_SHELLAPP_SHELLDIR_EB67AED9,17,0,0,1,0
opt,M_SHELLAPP_SHELLDIR_EB67AED9,17,1,4,1,8
opt,M_SHELLAPP_SHELLDIR_EB67AED9,17,2,0,1,0
opt,M_SHELLAPP_SHELLDIR_EB67AED9,17,4,7,2,14
opt,M_SHELLAPP_SHELLDIR_EB67AED9,18,0,0,1,0
opt,M_SHELLAPP_SHELLDIR_EB67AED9,18,1,4,1,8
opt,M_SHELLAPP_SHELLCONVERT_8185A927,0,0,0,1,0
opt,M_SHELLAPP_SHELLCLOSECOMMANDINPUT_5DFC114D,1,2,3,0,6
opt,M_SHELLAPP_SHELLCLOSECOMMANDINPUT_5DFC114D,3,0,0,1,0
opt,M_SHELLAPP_SHELLCLOSECOMMANDINPUT_5DFC114D,3,1,8,1,16
opt,M_SHELLAPP_SHELLTYPE_D64CE23C,1,3,7,2,14
opt,M_SHELLAPP_SHELLTYPE_D64CE23C,2,0,0,1,0
opt,M_SHELLAPP_SHELLTYPE_D64CE23C,4,0,0,1,0
opt,M_SHELLAPP_SHELLTYPE_D64CE23C,7,1,8,1,16
opt,M_SHELLAPP_SHELLTYPE_D64CE23C,8,0,3,0,6
opt,M_SHELLAPP_SHELLTYPE_D64CE23C,8,2,0,1,0
opt,M_SHELLAPP_SHELLTYPE_D64CE23C,10,1,8,1,16
opt,M_SHELLAPP_SHELLTYPE_D64CE23C,12,0,8,1,16
opt,M_SHELLAPP_SHELLTYPE_D64CE23C,14,0,0,1,0
opt,M_SHELLAPP_SHELLTYPE_D64CE23C,14,1,10,1,20
opt,M_SHELLAPP_SHELLTYPE_D64CE23C,14,2,0,1,0
opt,M_SHELLAPP_SHELLTYPE_D64CE23C,15,1,8,1,16
opt,M_SHELLAPP_SHELLTYPE_D64CE23C,17,0,0,1,0
opt,M_SHELLAPP_SHELLTYPE_D64CE23C,20,0,8,1,16
opt,M_SHELLAPP_SHELLTYPE_D64CE23C,21,1,2,1,4
opt,M_SHELLAPP_SHELLTYPE_D64CE23C,21,3,0,1,0
opt,M_SHELLAPP_SHELLTYPE_D64CE23C,21,4,0,1,0
opt,M_SHELLAPP_SHELLTYPE_D64CE23C,21,6,8,1,16
opt,M_SHELLAPP_SHELLMEM_399A3E7B,0,0,0,1,0
opt,M_SHELLAPP_SHELLMEM_399A3E7B,0,2,6,1,12
opt,M_SHELLAPP_SHELLMEM_399A3E7B,0,3,0,1,0
opt,M_SHELLAPP_SHELLMEM_399A3E7B,0,4,4,1,8
opt,M_SHELLAPP_SHELLMEM_399A3E7B,0,6,7,2,14
opt,M_SHELLAPP_SHELLMEM_399A3E7B,0,7,0,1,0
opt,M_SHELLAPP_SHELLMEM_399A3E7B,0,8,4,1,8
opt,M_SHELLAPP_SHELLMEM_399A3E7B,0,9,0,1,0
opt,M_SHELLAPP_SHELLMEM_399A3E7B,0,11,6,1,12
opt,M_SHELLAPP_SHELLMEM_399A3E7B,0,12,0,1,0
opt,M_SHELLAPP_SHELLMEM_399A3E7B,0,13,4,1,8
opt,M_SHELLAPP_SHELLMEM_399A3E7B,0,15,7,2,14
opt,M_SHELLAPP_SHELLMEM_399A3E7B,0,16,0,1,0
opt,M_SHELLAPP_SHELLMEM_399A3E7B,0,17,4,1,8
opt,M_SHELLAPP_SHELLMEM_399A3E7B,0,18,0,1,0
opt,M_SHELLAPP_SHELLMEM_399A3E7B,0,20,6,1,12
opt,M_SHELLAPP_SHELLMEM_399A3E7B,0,21,0,1,0
opt,M_SHELLAPP_SHELLMEM_399A3E7B,0,22,4,1,8
opt,M_SHELLAPP_SHELLMEM_399A3E7B,0,24,7,2,14
opt,M_SHELLAPP_SHELLMEM_399A3E7B,0,25,0,1,0
opt,M_SHELLAPP_SHELLMEM_399A3E7B,0,26,4,1,8
opt,M_SHELLAPP_SHELLMEM_399A3E7B,0,27,0,1,0
opt,M_SHELLAPP_SHELLMEM_399A3E7B,0,29,6,1,12
opt,M_SHELLAPP_SHELLMEM_399A3E7B,0,30,0,1,0
opt,M_SHELLAPP_SHELLMEM_399A3E7B,0,31,4,1,8
opt,M_SHELLAPP_SHELLMEM_399A3E7B,0,33,7,2,14
opt,M_SHELLAPP_SHELLMEM_399A3E7B,0,34,0,1,0
opt,M_SHELLAPP_SHELLMEM_399A3E7B,0,35,4,1,8
opt,M_SHELLAPP_SHELLTASKSTATE_6E5D5B16,3,2,6,1,12
opt,M_SHELLAPP_SHELLTASKS_1B8DD8E2,0,0,0,1,0
opt,M_SHELLAPP_SHELLTASKS_1B8DD8E2,0,2,5,2,10
opt,M_SHELLAPP_SHELLTASKS_1B8DD8E2,0,5,6,1,12
opt,M_SHELLAPP_SHELLTASKS_1B8DD8E2,0,7,4,1,8
opt,M_SHELLAPP_SHELLTASKS_1B8DD8E2,4,3,7,2,14
opt,M_SHELLAPP_SHELLTASKS_1B8DD8E2,6,1,4,1,8
opt,M_SHELLAPP_SHELLTASKS_1B8DD8E2,7,1,4,1,8
opt,M_SHELLAPP_SHELLTASKS_1B8DD8E2,7,3,4,1,8
opt,M_SHELLAPP_SHELLTASKS_1B8DD8E2,7,5,4,1,8
opt,M_SHELLAPP_SHELLTASKS_1B8DD8E2,7,8,4,1,8
opt,M_SHELLAPP_SHELLTASKS_1B8DD8E2,7,10,4,1,8
opt,M_SHELLAPP_SHELLTASKS_1B8DD8E2,8,2,6,1,12
opt,M_SHELLAPP_SHELLTASKS_1B8DD8E2,9,2,6,1,12
opt,M_SHELLAPP_SHELLTASKS_1B8DD8E2,10,1,4,1,8
opt,M_SHELLAPP_SHELLDEVICES_E5FACF4D,0,0,0,1,0
opt,M_SHELLAPP_SHELLDEVICES_E5FACF4D,0,2,5,2,10
opt,M_SHELLAPP_SHELLDEVICES_E5FACF4D,0,5,6,1,12
opt,M_SHELLAPP_SHELLDEVICES_E5FACF4D,0,7,4,1,8
opt,M_SHELLAPP_SHELLDEVICES_E5FACF4D,6,2,6,1,12
opt,M_SHELLAPP_SHELLDEVICES_E5FACF4D,7,2,6,1,12
opt,M_SHELLAPP_SHELLDEVICES_E5FACF4D,11,2,6,1,12
opt,M_SHELLAPP_SHELLDEVICES_E5FACF4D,11,4,4,1,8
opt,M_SHELLAPP_SHELLMOUNTS_13BE84C6,0,0,0,1,0
opt,M_SHELLAPP_SHELLMOUNTS_13BE84C6,0,2,5,2,10
opt,M_SHELLAPP_SHELLMOUNTS_13BE84C6,0,5,6,1,12
opt,M_SHELLAPP_SHELLMOUNTS_13BE84C6,0,7,4,1,8
opt,M_SHELLAPP_SHELLMOUNTS_13BE84C6,1,2,6,1,12
opt,M_SHELLAPP_SHELLMOUNTS_13BE84C6,1,4,4,1,8
opt,M_SHELLAPP_SHELLMOUNTS_13BE84C6,4,2,6,1,12
opt,M_SHELLAPP_SHELLMOUNTS_13BE84C6,4,4,4,1,8
opt,M_SHELLAPP_SHELLMOUNTS_13BE84C6,4,6,3,0,6
opt,M_SHELLAPP_SHELLMOUNTS_13BE84C6,7,1,4,1,8
opt,M_SHELLAPP_SHELLMOUNTS_13BE84C6,8,1,4,1,8
opt,M_SHELLAPP_SHELLMOUNTS_13BE84C6,8,4,6,1,12
opt,M_SHELLAPP_SHELLMOUNTS_13BE84C6,9,2,6,1,12
opt,M_SHELLAPP_SHELLMOUNTS_13BE84C6,10,2,6,1,12
opt,M_SHELLAPP_SHELLMOUNTS_13BE84C6,11,1,4,1,8
opt,M_SHELLAPP_SHELLUNREDIRECT_630E066D,3,2,3,0,6
opt,M_SHELLAPP_SHELLUNREDIRECT_630E066D,3,3,0,1,0
opt,M_SHELLAPP_SHELLUNREDIRECT_630E066D,5,0,0,1,0
opt,M_SHELLAPP_SHELLUNREDIRECT_630E066D,5,1,8,1,16
opt,M_SHELLAPP_SHELLUNREDIRECT_630E066D,6,2,3,0,6
opt,M_SHELLAPP_SHELLUNREDIRECT_630E066D,6,3,0,1,0
opt,M_SHELLAPP_SHELLUNREDIRECT_630E066D,7,0,0,1,0
opt,M_SHELLAPP_SHELLUNREDIRECT_630E066D,7,1,8,1,16
opt,M_SHELLAPP_SHELLUNREDIRECT_630E066D,11,2,3,0,6
opt,M_SHELLAPP_SHELLUNREDIRECT_630E066D,13,0,0,1,0
opt,M_SHELLAPP_SHELLUNREDIRECT_630E066D,13,1,8,1,16
opt,M_SHELLAPP_SHELLUNREDIRECT_630E066D,16,2,3,0,6
opt,M_SHELLAPP_SHELLUNREDIRECT_630E066D,18,0,0,1,0
opt,M_SHELLAPP_SHELLUNREDIRECT_630E066D,18,1,8,1,16
opt,M_SHELLAPP_SHELLREDIRECT_BB31A89E,2,0,0,1,0
opt,M_SHELLAPP_SHELLREDIRECT_BB31A89E,2,3,0,1,0
opt,M_SHELLAPP_SHELLREDIRECT_BB31A89E,2,6,0,1,0
opt,M_SHELLAPP_SHELLREDIRECT_BB31A89E,4,5,7,2,14
opt,M_SHELLAPP_SHELLREDIRECT_BB31A89E,6,0,0,1,0
opt,M_SHELLAPP_SHELLREDIRECT_BB31A89E,6,1,8,1,16
opt,M_SHELLAPP_SHELLREDIRECT_BB31A89E,8,5,7,2,14
opt,M_SHELLAPP_SHELLREDIRECT_BB31A89E,10,0,0,1,0
opt,M_SHELLAPP_SHELLREDIRECT_BB31A89E,10,1,8,1,16
opt,M_SHELLAPP_SHELLREDIRECT_BB31A89E,12,2,3,0,6
opt,M_SHELLAPP_SHELLREDIRECT_BB31A89E,12,3,0,1,0
opt,M_SHELLAPP_SHELLREDIRECT_BB31A89E,14,0,0,1,0
opt,M_SHELLAPP_SHELLREDIRECT_BB31A89E,14,1,8,1,16
opt,M_SHELLAPP_SHELLREDIRECT_BB31A89E,16,2,3,0,6
opt,M_SHELLAPP_SHELLREDIRECT_BB31A89E,16,3,0,1,0
opt,M_SHELLAPP_SHELLREDIRECT_BB31A89E,18,0,0,1,0
opt,M_SHELLAPP_SHELLREDIRECT_BB31A89E,18,1,8,1,16
opt,M_SHELLAPP_SHELLDISPATCH_02D6964A,1,0,0,1,0
opt,M_SHELLAPP_SHELLDISPATCH_02D6964A,1,2,6,1,12
opt,M_SHELLAPP_SHELLDISPATCH_02D6964A,1,3,0,1,0
opt,M_SHELLAPP_SHELLDISPATCH_02D6964A,1,4,4,1,8
opt,M_SHELLAPP_SHELLDISPATCH_02D6964A,7,0,0,1,0
opt,M_SHELLAPP_SHELLDISPATCH_02D6964A,7,1,4,1,8
opt,M_SHELLAPP_SHELLDISPATCH_02D6964A,11,0,0,1,0
opt,M_SHELLAPP_SHELLDISPATCH_02D6964A,11,1,4,1,8
opt,M_SHELLAPP_SHELLDISPATCH_02D6964A,12,0,0,1,0
opt,M_SHELLAPP_SHELLDISPATCH_02D6964A,12,4,6,1,12
opt,M_SHELLAPP_SHELLDISPATCH_02D6964A,16,3,3,0,6
opt,M_SHELLAPP_SHELLDISPATCH_02D6964A,17,2,0,1,0
opt,M_SHELLAPP_SHELLDISPATCH_02D6964A,17,3,10,1,20
opt,M_SHELLAPP_SHELLDISPATCH_02D6964A,19,0,0,1,0
opt,M_SHELLAPP_SHELLDISPATCH_02D6964A,19,1,8,1,16
opt,M_SHELLAPP_SHELLDISPATCH_02D6964A,20,0,0,1,0
opt,M_SHELLAPP_SHELLDISPATCH_02D6964A,20,1,0,1,0
opt,M_SHELLAPP_SHELLDISPATCH_02D6964A,20,2,6,1,12
opt,M_SHELLAPP_SHELLDISPATCH_02D6964A,20,3,0,1,0
opt,M_SHELLAPP_SHELLDISPATCH_02D6964A,20,4,4,1,8
opt,M_SHELLAPP_SHELLDISPATCH_02D6964A,23,0,0,1,0
opt,M_SHELLAPP_SHELLDISPATCH_02D6964A,25,0,0,1,0
opt,M_SHELLAPP_SHELLDISPATCH_02D6964A,27,0,0,1,0
opt,M_SHELLAPP_SHELLDISPATCH_02D6964A,29,0,0,1,0
opt,M_SHELLAPP_SHELLDISPATCH_02D6964A,29,1,3,0,6
opt,M_SHELLAPP_SHELLDISPATCH_02D6964A,31,0,0,1,0
opt,M_SHELLAPP_SHELLDISPATCH_02D6964A,31,2,6,1,12
opt,M_SHELLAPP_SHELLDISPATCH_02D6964A,33,0,0,1,0
opt,M_SHELLAPP_SHELLDISPATCH_02D6964A,33,1,3,0,6
opt,M_SHELLAPP_SHELLDISPATCH_02D6964A,35,0,0,1,0
opt,M_SHELLAPP_SHELLDISPATCH_02D6964A,35,1,3,0,6
opt,M_SHELLAPP_SHELLCOMMAND_01DF848F,2,4,0,1,0
opt,M_SHELLAPP_SHELLCOMMAND_01DF848F,3,0,8,1,16
opt,M_SHELLAPP_SHELLCOMMAND_01DF848F,4,0,0,1,0
opt,M_SHELLAPP_SHELLCOMMAND_01DF848F,5,0,0,1,0
opt,M_SHELLAPP_SHELLCOMMAND_01DF848F,5,1,0,1,0
opt,M_SHELLAPP_SHELLCOMMAND_01DF848F,6,0,0,1,0
opt,M_SHELLAPP_SHELLFEED_19C6DEC4,0,0,0,1,0
opt,M_SHELLAPP_SHELLFEED_19C6DEC4,5,2,4,1,8
opt,M_SHELLAPP_SHELLFEED_19C6DEC4,5,3,0,1,0
opt,M_SHELLAPP_SHELLFEED_19C6DEC4,5,4,0,1,0
opt,M_SHELLAPP_SHELLFEED_19C6DEC4,10,2,4,1,8
opt,M_SHELLAPP_SHELLFEED_19C6DEC4,10,3,0,1,0
opt,M_SHELLAPP_SHELLFEED_19C6DEC4,10,4,0,1,0
opt,M_SHELLAPP_SHELLFEED_19C6DEC4,11,2,4,1,8
opt,M_SHELLAPP_SHELLFEED_19C6DEC4,11,3,0,1,0
opt,M_SHELLAPP_SHELLFEED_19C6DEC4,11,4,0,1,0
opt,M_SHELLAPP_SHELLFEED_19C6DEC4,14,2,4,1,8
opt,M_SHELLAPP_SHELLFEED_19C6DEC4,14,3,0,1,0
opt,M_SHELLAPP_SHELLFEED_19C6DEC4,14,4,0,1,0
opt,M_SHELLAPP_SHELLFEED_19C6DEC4,17,0,0,1,0
opt,M_SHELLAPP_SHELLFEED_19C6DEC4,21,8,0,1,0
opt,M_SHELLAPP_SHELLFEED_19C6DEC4,28,15,4,1,8
opt,M_SHELLAPP_SHELLFEED_19C6DEC4,28,16,0,1,0
opt,M_SHELLAPP_SHELLFEED_19C6DEC4,29,13,0,1,0
opt,M_SHELLAPP_SHELLREADSTEP_5848FDA6,0,0,0,1,0
opt,M_SHELLAPP_SHELLREADSTEP_5848FDA6,0,5,10,1,20
opt,M_SHELLAPP_SHELLREADSTEP_5848FDA6,0,7,0,1,0
opt,M_SHELLAPP_SHELLREADSTEP_5848FDA6,1,2,1,0,2
opt,M_SHELLAPP_SHELLREADSTEP_5848FDA6,5,1,8,1,16
opt,M_SHELLAPP_SHELLREADSTEP_5848FDA6,6,2,0,1,0
opt,M_SHELLAPP_SHELLREADSTEP_5848FDA6,6,20,4,1,8
opt,M_SHELLAPP_SHELLREADSTEP_5848FDA6,6,24,6,1,12
opt,M_SHELLAPP_SHELLREADSTEP_5848FDA6,6,27,4,1,8
opt,M_SHELLAPP_SHELLOPEN_DC32811A,0,0,8,1,16
opt,M_SHELLAPP_SHELLOPEN_DC32811A,2,2,7,2,14
opt,M_SHELLAPP_SHELLOPEN_DC32811A,3,0,0,1,0
opt,M_SHELLAPP_SHELLOPEN_DC32811A,3,1,8,1,16
opt,M_SHELLAPP_SHELLOPEN_DC32811A,4,2,3,0,6
opt,M_SHELLAPP_SHELLOPEN_DC32811A,4,4,0,1,0
opt,M_SHELLAPP_SHELLOPEN_DC32811A,5,0,0,1,0
opt,M_SHELLAPP_SHELLOPEN_DC32811A,5,1,8,1,16
opt,M_SHELLAPP_SHELLOPEN_DC32811A,6,4,3,0,6
opt,M_SHELLAPP_SHELLOPEN_DC32811A,6,6,0,1,0
opt,M_SHELLAPP_SHELLOPEN_DC32811A,7,0,0,1,0
opt,M_SHELLAPP_SHELLOPEN_DC32811A,7,1,8,1,16
opt,M_SHELLAPP_SHELLINITIALPROMPT_9A2AE0BA,0,6,0,1,0
opt,M_SHELLAPP_SHELLINITIALPROMPT_9A2AE0BA,0,7,0,1,0
opt,M_SHELLAPP_SHELLSTART_D37857EA,0,0,0,1,0
opt,M_SHELLAPP_SHELLSTART_D37857EA,3,1,3,0,6
opt,M_SHELLAPP_SHELLSTART_D37857EA,4,0,0,1,0
opt,M_SHELLAPP_SHELLFINISH_77CE18A3,2,0,0,1,0
opt,M_SHELLAPP_SHELLFINISH_77CE18A3,5,2,3,0,6
opt,M_SHELLAPP_SHELLFINISH_77CE18A3,5,3,0,1,0
opt,M_SHELLAPP_SHELLFINISH_77CE18A3,7,0,0,1,0
opt,M_SHELLAPP_SHELLFINISH_77CE18A3,7,1,8,1,16
opt,M_SHELLAPP_SHELLFINISH_77CE18A3,9,2,3,0,6
opt,M_SHELLAPP_SHELLFINISH_77CE18A3,9,3,0,1,0
opt,M_SHELLAPP_SHELLFINISH_77CE18A3,10,0,3,0,6
opt,M_SHELLAPP_SHELLFINISH_77CE18A3,10,2,0,1,0
opt,M_SHELLAPP_SHELLFINISH_77CE18A3,11,0,0,1,0
opt,M_SHELLAPP_SHELLFINISH_77CE18A3,11,1,8,1,16
opt,M_SHELLAPP_SHELLFINISH_77CE18A3,13,0,0,1,0
opt,M_SHELLAPP_SHELLFINISH_77CE18A3,13,1,8,1,16
opt,M_SHELLAPP_SHELLFINISH_77CE18A3,14,1,3,0,6
opt,M_SHELLAPP_SHELLFINISH_77CE18A3,14,2,0,1,0
opt,M_SHELLAPP_SHELLFINISH_77CE18A3,15,0,0,1,0
opt,M_SHELLAPP_SHELLFINISH_77CE18A3,15,1,8,1,16
opt,M_SHELLAPP_SHELLFINISH_77CE18A3,16,4,3,0,6
opt,M_SHELLAPP_SHELLFINISH_77CE18A3,16,5,0,1,0
opt,M_SHELLAPP_SHELLFINISH_77CE18A3,17,0,0,1,0
opt,M_SHELLAPP_SHELLFINISH_77CE18A3,17,1,8,1,16
opt,M_SHELLAPP_SHELLFINISH_77CE18A3,18,2,0,1,0
opt,M_SHELLAPP_SHELLFINISH_77CE18A3,21,2,3,0,6
opt,M_SHELLAPP_SHELLFINISH_77CE18A3,22,0,0,1,0
opt,M_SHELLAPP_SHELLFINISH_77CE18A3,23,0,0,1,0
opt,M_SHELLAPP_SHELLFINISH_77CE18A3,23,1,8,1,16
opt,M_SHELLAPP_SHELLFINISH_77CE18A3,25,0,0,1,0
opt,M_SHELLAPP_SHELLFINISH_77CE18A3,25,1,8,1,16
opt,M_SHELLAPP_SHELLFINISH_77CE18A3,26,5,7,2,14
opt,M_SHELLAPP_SHELLBOOTSIO_1538A419,0,0,0,1,0
opt,M_SHELLAPP_SHELLBOOTSIO_1538A419,1,0,8,1,16
opt,M_SHELLAPP_SHELLBOOTSIO_1538A419,2,1,7,2,14
opt,M_SHELLAPP_SHELLBOOTSIO_1538A419,3,1,3,0,6
opt,M_SHELLAPP_SHELLBOOTSIO_1538A419,3,2,8,1,16
opt,M_SHELLAPP_SHELLBOOTSIO_1538A419,4,2,14,3,28
opt,M_SHELLAPP_SHELLBOOTSIO_1538A419,5,1,3,0,6
opt,M_SHELLAPP_SHELLBOOTSIO_1538A419,6,1,3,0,6
opt,M_SHELLAPP_SHELLBOOTSIO_1538A419,6,3,3,0,6
opt,M_SHELLAPP_SHELLBOOTSIO_1538A419,7,2,8,1,16
opt,M_SHELLAPP_SHELLBOOTSTART_6A4872BE,0,0,0,1,0
opt,M_SHELLAPP_SHELLBOOTSTART_6A4872BE,2,0,3,0,6
opt,M_SHELLAPP_SHELLBOOTSTART_6A4872BE,2,2,0,1,0
opt,M_SHELLAPP_SHELLBOOTSTART_6A4872BE,2,6,0,1,0
opt,M_SHELLAPP_SHELLBOOTSTART_6A4872BE,2,10,6,1,12
opt,M_SHELLAPP_SHELLBOOTSTART_6A4872BE,2,14,6,1,12
opt,M_SHELLAPP_SHELLBOOTSTART_6A4872BE,2,18,6,1,12
opt,M_SHELLAPP_SHELLBOOTSTART_6A4872BE,2,22,6,1,12
opt,M_SHELLAPP_SHELLBOOTSTART_6A4872BE,2,25,4,1,8
opt,M_SHELLAPP_SHELLBOOTSTART_6A4872BE,5,0,0,1,0
opt,M_SHELLAPP_SHELLBOOTSTART_6A4872BE,7,3,6,1,12
opt,M_SHELLAPP_SHELLBOOTSTART_6A4872BE,7,6,4,1,8
opt,M_SHELLAPP_SHELLBOOTSTART_6A4872BE,7,7,0,1,0
opt,M_SHELLAPP_SHELLBOOTSTART_6A4872BE,8,3,6,1,12
opt,M_SHELLAPP_SHELLBOOTSTART_6A4872BE,10,3,6,1,12
opt,M_SHELLAPP_SHELLBOOTSTART_6A4872BE,12,1,3,0,6
opt,M_SHELLAPP_SHELLBOOTSTART_6A4872BE,13,3,6,1,12
opt,M_SHELLAPP_SHELLBOOTSTART_6A4872BE,13,6,4,1,8
opt,M_SHELLAPP_SHELLBOOTSTART_6A4872BE,14,3,6,1,12
opt,M_SHELLAPP_SHELLBOOTSTART_6A4872BE,14,6,4,1,8
opt,M_SHELLAPP_SHELLBOOTSTART_6A4872BE,15,2,4,1,8
opt,M_SHELLAPP_SHELLBOOTSTART_6A4872BE,15,3,0,1,0
opt,M_SHELLAPP_MAIN_168A375D,0,0,0,1,0
opt,M_SHELLAPP_MAIN_168A375D,2,0,0,1,0
opt,M_SHELLAPP_MAIN_168A375D,4,0,0,1,0
