profile,analysis_seconds,blocks,captures,checked_reachable_uses,cyclic_blocks,edge_arguments,edges,id,identities,max_live_values,name,reachable_blocks,solver_evaluations,uses,values
optimized-release,4.4375e-05,3,1,2,0,0,2,0,2,1,M_EXECMEMORY_VALIDBANK_E9E0A79B,3,6,2,2
optimized-release,1.65e-05,4,2,4,0,0,4,1,4,1,M_EXECMEMORY_VALIDOWNER_462B929A,4,8,4,4
optimized-release,0.000139209,25,17,45,6,4,30,2,39,3,M_EXECMEMORY_ADOPT_494D3B99,25,52,45,39
optimized-release,2.7958e-05,5,14,17,0,0,4,3,17,3,M_EXECMEMORY_QUERY_D2E34F9F,5,10,17,17
optimized-release,5.7292e-05,13,19,27,0,0,12,4,27,3,M_EXECMEMORY_RESERVEEXACT_88D3D2C8,13,26,27,27
optimized-release,4.3583e-05,10,9,22,3,2,10,5,16,3,M_EXECMEMORY_ACQUIRE_EAA019EB,10,21,22,16
optimized-release,6.3125e-05,15,22,31,0,0,14,6,31,2,M_EXECMEMORY_RELEASE_A6E307FC,15,30,31,31
optimized-release,5.5e-06,1,0,1,0,0,0,7,1,1,M_EXECMEMORY_INIT_F4EA07E3,1,2,1,1
optimized-release,9.875e-06,1,3,9,0,0,0,8,5,2,M_EXECLISTS_NEWLIST_B3502541,1,2,9,7
optimized-release,5.75e-06,1,1,2,0,0,0,9,1,1,M_EXECLISTS_NEWMINLIST_A2695943,1,2,2,2
optimized-release,6.958e-06,1,3,6,0,0,0,10,5,2,M_EXECLISTS_ISLISTEMPTY_6EEB0796,1,2,6,6
optimized-release,5.625e-06,1,1,3,0,0,0,11,2,1,M_EXECLISTS_ISMINLISTEMPTY_6D517164,1,2,3,3
optimized-release,7.792e-06,1,3,11,0,0,0,12,4,4,M_EXECLISTS_ADDHEAD_3AE3E6E4,1,2,11,5
optimized-release,1.2458e-05,1,10,12,0,0,0,13,11,2,M_EXECLISTS_ADDTAIL_A1C0F364,1,2,12,12
optimized-release,3.6125e-05,6,19,26,0,0,6,14,24,2,M_EXECLISTS_INSERT_468B11BA,6,12,26,26
optimized-release,6.458e-06,1,3,6,0,0,0,15,3,2,M_EXECLISTS_REMOVE_2E26C2C1,1,2,6,3
optimized-release,1.3875e-05,3,5,7,0,0,2,16,6,1,M_EXECLISTS_REMHEAD_F8063CE7,3,6,7,6
optimized-release,1.2e-05,3,5,7,0,0,2,17,6,1,M_EXECLISTS_REMTAIL_292EAA27,3,6,7,6
optimized-release,3.0416e-05,6,12,20,3,2,6,18,17,3,M_EXECLISTS_ENQUEUE_763E1E61,6,13,20,17
optimized-release,5.5792e-05,11,9,29,8,6,13,19,22,5,M_EXECLISTS_FINDNAME_2659CDBB,11,26,29,22
optimized-release,6.9584e-05,12,12,34,7,2,15,20,27,4,M_TASKMEMORY_WRITABLE_FBC2061D,12,25,34,28
optimized-release,1.6667e-05,4,3,7,0,0,4,22,7,1,M_HEAPCORE_ROUNDED_9D79FA03,4,8,7,7
optimized-release,6.8708e-05,13,19,35,0,0,19,23,34,3,M_HEAPCORE_BOUNDS_2387CB05,13,26,35,34
optimized-release,3.1625e-05,6,7,17,0,0,8,24,16,2,M_HEAPCORE_CHUNKADDRESS_A551D41B,6,12,17,16
optimized-release,3.5875e-05,7,7,16,0,0,10,25,15,2,M_HEAPCORE_NEXTADDRESS_E32592FF,7,14,16,15
optimized-release,3.6917e-05,6,20,28,0,0,8,26,28,3,M_HEAPCORE_CHUNKEND_0E0C27CE,6,12,28,28
optimized-release,2.7333e-05,6,8,17,2,4,7,27,14,3,M_HEAPCORE_VALIDATE_B397AD34,6,13,17,14
optimized-release,1.7667e-05,4,5,6,0,0,4,28,6,2,M_HEAPCORE_LINK_9B47F952,4,8,6,6
optimized-release,8.042e-06,1,3,5,0,0,0,29,3,2,M_HEAPCORE_WRITECHUNK_D768FC26,1,2,5,3
optimized-release,4.925e-05,6,27,43,0,0,7,30,41,3,M_HEAPCORE_SPLIT_B6117102,6,12,43,41
optimized-release,2.6333e-05,5,6,14,0,0,6,31,14,2,M_HEAPCORE_CANDIDATE_07CF3557,5,10,14,14
optimized-release,9.8333e-05,15,12,43,5,2,17,32,28,5,M_HEAPCORE_RESERVE_2192E9C0,15,42,43,28
optimized-release,7.167e-06,1,2,3,0,0,0,33,3,2,M_HEAPCORE_ALLOCATE_E39F1AF5,1,2,3,3
optimized-release,0.00010775,19,11,55,15,18,25,34,36,6,M_HEAPCORE_LARGEST_AA9886E8,19,39,55,36
optimized-release,8.4167e-05,12,36,57,0,0,16,35,54,4,M_HEAPCORE_INSERTFREE_129E41BB,12,24,57,54
optimized-release,0.0001455,19,28,58,3,2,27,36,52,5,M_HEAPCORE_RETURNRANGE_11C95A83,19,54,58,52
optimized-release,3.8584e-05,6,11,21,0,0,7,37,20,3,M_HEAPCORE_DEALLOCATE_60F97CF2,6,12,21,20
optimized-release,5.583e-06,1,0,1,0,0,0,38,1,1,M_HEAPPOLICY_GETSTATE_9B9EAF7C,1,2,1,1
optimized-release,7.667e-06,1,1,5,0,0,0,39,5,1,M_HEAPPOLICY_HEADER_A992FDFC,1,2,5,5
optimized-release,3.2042e-05,6,3,16,4,2,7,40,11,3,M_HEAPPOLICY_SHUTDOWN_9E341637,6,16,16,11
optimized-release,5.825e-05,11,2,19,8,8,13,41,14,3,M_HEAPPOLICY_RUNS_07A33D25,11,31,19,14
optimized-release,2.4958e-05,1,22,34,0,0,0,42,32,3,M_HEAPPOLICY_REGION_F42DC07D,1,2,34,33
optimized-release,0.000362666,36,20,83,23,22,47,43,59,5,M_HEAPPOLICY_START_1455FA91,36,147,83,60
optimized-release,2.5584e-05,4,2,11,2,2,4,44,9,2,M_HEAPPOLICY_INIT_69D6AA0D,4,11,11,9
optimized-release,4.6375e-05,11,6,16,0,0,12,45,16,2,M_HEAPPOLICY_FLAGSVALID_4BF22F96,11,22,16,16
optimized-release,3.0542e-05,6,4,16,0,0,8,46,15,2,M_HEAPPOLICY_DESCRIPTOR_8971C45E,6,12,16,15
optimized-release,0.00010075,17,12,47,7,6,25,47,28,5,M_HEAPPOLICY_VALIDATEREGIONS_C3A52ACE,17,39,47,30
optimized-release,1.9583e-05,3,6,14,0,0,3,48,13,2,M_HEAPPOLICY_MATCHES_ACC95206,3,6,14,13
optimized-release,8.9958e-05,14,13,37,5,2,17,49,29,4,M_HEAPPOLICY_RESERVE_42F2499D,14,29,37,31
optimized-release,4.375e-05,7,7,26,4,2,8,50,17,4,M_HEAPPOLICY_LOCATE_7B91FF59,7,18,26,19
optimized-release,5.7541e-05,11,14,27,0,0,15,51,26,3,M_HEAPPOLICY_FREE_3EA2E1EF,11,22,27,26
optimized-release,0.000116375,19,13,57,15,14,24,52,41,4,M_HEAPPOLICY_AVAIL_22774B2C,19,39,57,43
optimized-release,1.4292e-05,3,3,7,0,0,2,53,6,1,M_HEAPPOLICY_MEMORYTYPE_D394B206,3,6,7,6
optimized-release,1.6833e-05,4,3,8,0,0,4,54,7,1,M_HEAPPOLICY_VECTORBYTES_E6541B8F,4,8,8,7
optimized-release,1.2583e-05,3,3,7,0,0,2,55,6,2,M_HEAPPOLICY_RESERVEVECTOR_C09ED6F4,3,6,7,6
optimized-release,9.475e-05,15,19,46,0,0,21,56,41,3,M_HEAPPOLICY_FREEVECTOR_698EC5DE,15,30,46,41
optimized-release,5.875e-06,1,0,1,0,0,0,57,1,1,M_PROCESSSTATE_REGISTRY_559AFD20,1,2,1,1
optimized-release,5.333e-06,1,1,2,0,0,0,58,2,1,M_BOOTCONFIG_CACHEBLOCKS_B221B0CF,1,2,2,2
optimized-release,4.167e-06,1,1,2,0,0,0,59,2,1,M_BOOTCONFIG_STATUS_B93FBCBB,1,2,2,2
optimized-release,3.917e-06,1,1,2,0,0,0,60,2,1,M_BOOTCONFIG_SYSTEMDRIVE_62E82846,1,2,2,2
optimized-release,1.1333e-05,1,4,14,0,0,0,61,13,4,M_BOOTCONFIG_VALIDBLOCKS_EA50F717,1,2,14,13
optimized-release,8.1542e-05,13,24,38,0,0,16,62,37,2,M_BOOTCONFIG_INIT_610CE665,13,26,38,37
optimized-release,7.708e-06,1,1,5,0,0,0,69,5,1,M_TASKPOLICY_RECORDFOR_833E2B66,1,2,5,5
optimized-release,7.125e-06,1,3,6,0,0,0,70,6,2,M_TASKPOLICY_SAVEDWORD_D1C8E663,1,2,6,6
optimized-release,7.417e-06,1,2,5,0,0,0,71,5,2,M_TASKPOLICY_RESULT_DA2077E3,1,2,5,5
optimized-release,1.0833e-05,1,4,12,0,0,0,72,12,2,M_TASKPOLICY_POINTERRESULT_E8D88610,1,2,12,12
optimized-release,9.083e-06,1,2,10,0,0,0,73,9,2,M_TASKPOLICY_ARGUMENTPOINTER_A19325C6,1,2,10,10
optimized-release,5.833e-06,1,2,5,0,0,0,74,5,1,M_TASKPOLICY_FLAGS_56B3B4FF,1,2,5,5
optimized-release,8.833e-06,1,4,11,0,0,0,75,11,2,M_TASKPOLICY_PROTECTED_FCDCE808,1,2,11,11
optimized-release,4.9416e-05,11,12,23,0,0,12,76,21,2,M_TASKPOLICY_LOOKUP_41F6D1E4,11,22,23,22
optimized-release,5.833e-06,1,2,3,0,0,0,77,3,2,M_TASKPOLICY_WRITABLE_0565D862,1,2,3,3
optimized-release,8.3459e-05,15,12,33,6,2,19,78,30,3,M_TASKPOLICY_AVAILABLERECORD_80983EA0,15,31,33,30
optimized-release,1.4167e-05,1,8,19,0,0,0,79,16,3,M_TASKPOLICY_EMPTYMEMORY_C893BDB0,1,2,19,18
optimized-release,3.0125e-05,7,3,12,4,2,8,80,9,3,M_TASKPOLICY_VALIDENTRY_58BA8A58,7,15,12,9
optimized-release,7.35e-05,14,16,46,4,2,16,81,37,4,M_TASKPOLICY_STACKSLOT_2A322EEA,14,29,46,37
optimized-release,4.0166e-05,5,16,34,3,2,6,82,29,4,M_TASKPOLICY_PREPARESTACK_1A1C583B,5,13,34,29
optimized-release,3.4375e-05,4,18,37,2,2,4,83,34,3,M_TASKPOLICY_PREPAREDOMAIN_45DA3401,4,11,37,34
optimized-release,4.7292e-05,7,14,34,2,2,8,84,31,2,M_TASKPOLICY_PREPAREFRAME_D5FF2FA0,7,17,34,31
optimized-release,1.7292e-05,3,6,8,0,0,3,85,7,2,M_TASKPOLICY_SETSTATE_52D88FAF,3,6,8,7
optimized-release,8.75e-06,1,5,7,0,0,0,86,7,2,M_TASKPOLICY_READY_679992F5,1,2,7,7
optimized-release,1.1542e-05,1,12,13,0,0,0,87,13,2,M_TASKPOLICY_INITSIGNALS_5C831CB9,1,2,13,13
optimized-release,2.4542e-05,1,30,38,0,0,0,88,35,2,M_TASKPOLICY_ADMIT_CF1671AB,1,2,38,35
optimized-release,2.3791e-05,4,6,14,2,2,4,89,11,2,M_TASKPOLICY_INITRESIDENTSTORAGE_FCEF7175,4,11,14,11
optimized-release,5.7375e-05,8,25,63,2,2,8,90,42,3,M_TASKPOLICY_INIT_57A5FAC8,8,17,63,42
optimized-release,4.792e-06,1,1,1,0,0,0,91,1,1,M_TASKPOLICY_TIMEDCOUNT_C3B59E74,1,2,1,1
optimized-release,2.0333e-05,4,3,6,0,0,4,92,6,1,M_TASKPOLICY_ADJUSTTIMED_DDC1BE1E,4,8,6,6
optimized-release,5.1625e-05,7,4,17,5,2,9,93,12,4,M_TASKPOLICY_WAKE_9E9C7518,7,20,17,12
optimized-release,7.0208e-05,12,11,25,0,0,13,94,23,2,M_TASKPOLICY_SELECT_1A709B3E,12,24,25,24
optimized-release,6.7292e-05,8,12,20,0,0,8,95,20,3,M_TASKPOLICY_SWITCH_98522C9E,8,16,20,20
optimized-release,1.5417e-05,1,10,19,0,0,0,96,19,2,M_TASKPOLICY_EMPTYSIGNALS_EA2224E4,1,2,19,19
optimized-release,0.000135375,17,40,67,0,0,20,97,64,4,M_TASKPOLICY_ADD_A5E7C92B,17,34,67,64
optimized-release,0.000279583,24,62,128,9,11,35,98,108,4,M_TASKPOLICY_CREATE_EE96600A,24,66,128,110
optimized-release,0.000138125,20,41,68,0,0,27,99,65,2,M_TASKPOLICY_REMOVETASK_35F29A21,20,40,68,65
optimized-release,4.1792e-05,8,9,18,3,0,8,100,18,2,M_TASKPOLICY_SAMENAME_968CD62D,8,21,18,18
optimized-release,4.5917e-05,10,9,22,5,2,11,101,18,3,M_TASKPOLICY_FIND_0D9A09D7,10,21,22,18
optimized-release,1.95e-05,3,8,17,0,0,2,102,16,2,M_TASKPOLICY_PRIORITY_7FE7EE8A,3,6,17,16
optimized-release,3.45e-05,7,19,28,0,0,6,103,27,3,M_TASKPOLICY_SLEEPTASK_6A909BCC,7,14,28,27
optimized-release,1.0125e-05,1,4,10,0,0,0,104,10,2,M_TASKPOLICY_MASKRESULT_220A6FAB,1,2,10,10
optimized-release,5.916e-06,1,1,3,0,0,0,105,3,1,M_TASKPOLICY_SIGNALBIT_7E52F9EF,1,2,3,3
optimized-release,6.975e-05,13,12,31,3,2,16,106,26,3,M_TASKPOLICY_ALLOCATEBIT_A349E154,13,27,31,26
optimized-release,0.000106958,15,37,59,0,0,16,107,56,3,M_TASKPOLICY_MASKS_49833CE1,15,30,59,57
optimized-release,2.0875e-05,5,6,10,0,0,4,108,9,2,M_TASKPOLICY_COMPLETEWAIT_31FB45E4,5,10,10,9
optimized-release,2.5333e-05,5,9,18,0,0,4,109,17,2,M_TASKPOLICY_WAITTASK_AD94C4A2,5,10,18,17
optimized-release,1.3375e-05,3,5,8,0,0,2,110,8,2,M_TASKPOLICY_POSTSIGNAL_10773240,3,6,8,8
optimized-release,3.2292e-05,7,11,22,0,0,6,111,19,2,M_TASKPOLICY_SIGNALTASK_806F80F5,7,14,22,19
optimized-release,1.3042e-05,3,3,4,0,0,3,117,4,1,M_TASKPOLICY_CANCELWAKE_8ADC984A,3,6,4,4
optimized-release,2.8833e-05,9,6,14,0,0,8,118,13,2,M_TASKPOLICY_DRAINONE_68E56764,9,18,14,13
optimized-release,2.6125e-05,7,0,12,4,4,8,119,8,3,M_TASKPOLICY_DRAINWAKES_15F017CB,7,15,12,8
optimized-release,2.5208e-05,9,4,10,0,0,8,120,10,1,M_TASKPOLICY_PRODUCERBINDING_1B8E711F,9,18,10,10
optimized-release,5.6667e-05,12,7,22,7,2,15,121,17,4,M_TASKPOLICY_BOUNDPRODUCER_6D7B4E54,12,25,22,17
optimized-release,3.9084e-05,9,4,16,6,2,11,122,12,4,M_TASKPOLICY_PRODUCERSIGNALBOUND_5677CF48,9,19,16,12
optimized-release,0.00046225,55,92,148,0,0,74,123,143,3,M_TASKPOLICY_PRODUCERCONTROL_52F9499B,55,110,148,143
optimized-release,1.0458e-05,1,4,11,0,0,0,124,11,3,M_TASKPOLICY_MEMORYSERVICE_7FAD083C,1,2,11,11
optimized-release,4.9125e-05,9,14,23,0,0,12,125,23,3,M_TASKPOLICY_MEMORYPACKET_B36B55BB,9,18,23,23
optimized-release,0.000125083,18,32,61,0,0,24,126,55,3,M_TASKPOLICY_MEMORYCALL_E7816C43,18,36,61,55
optimized-release,7.458e-06,1,2,5,0,0,0,127,5,2,M_TASKPOLICY_PORTSERVICE_8D598BCC,1,2,5,5
optimized-release,6.458e-06,1,2,4,0,0,0,128,3,1,M_TASKPOLICY_INITPORTS_2CB7E92A,1,2,4,3
optimized-release,1.2459e-05,3,2,7,0,0,2,129,7,1,M_TASKPOLICY_PORTSTORAGE_D3468DA2,3,6,7,7
optimized-release,2.7208e-05,8,7,12,0,0,8,130,12,1,M_TASKPOLICY_VALIDPORT_7710F985,8,16,12,12
optimized-release,1.6667e-05,4,3,11,0,0,4,131,11,1,M_TASKPOLICY_VALIDMESSAGE_C0DE7739,4,8,11,11
optimized-release,7.4792e-05,13,18,31,0,0,15,132,30,2,M_TASKPOLICY_SENDMESSAGE_7332557D,13,26,31,30
optimized-release,5.1667e-05,11,16,29,0,0,13,133,27,2,M_TASKPOLICY_PORTHEAD_A12A0751,11,22,29,29
optimized-release,6.0333e-05,12,20,32,0,0,12,134,32,2,M_TASKPOLICY_PORTDELETE_CF47DFE6,12,24,32,32
optimized-release,7.3791e-05,14,24,41,0,0,14,135,38,2,M_TASKPOLICY_REGISTRYCALL_6B5FFB7F,14,28,41,41
optimized-release,4.5167e-05,9,18,30,0,0,8,136,26,4,M_TASKPOLICY_QUEUECALL_62B0545B,9,18,30,27
optimized-release,8.125e-05,14,32,49,0,0,15,137,48,4,M_TASKPOLICY_PORTCALL_70989793,14,28,49,49
optimized-release,7.458e-06,1,2,5,0,0,0,138,5,2,M_TASKPOLICY_IOSERVICE_1E6CF653,1,2,5,5
optimized-release,1.3208e-05,1,15,17,0,0,0,139,16,1,M_TASKPOLICY_INITIONAMES_D8642B1E,1,2,17,16
optimized-release,2.075e-05,4,9,16,0,0,3,140,13,1,M_TASKPOLICY_INITIO_35D5D1E4,4,8,16,13
optimized-release,2.325e-05,5,7,17,0,0,4,141,15,2,M_TASKPOLICY_IOEXTENT_9818C08A,5,10,17,16
optimized-release,1.5917e-05,3,6,10,0,0,3,142,10,2,M_TASKPOLICY_IOERROR_9413450C,3,6,10,10
optimized-release,1.1e-05,3,3,5,0,0,2,143,5,2,M_TASKPOLICY_IONAME_8B922013,3,6,5,5
optimized-release,4.375e-06,1,0,0,0,0,0,144,0,0,M_TASKPOLICY_IOBOUND_33A4879E,1,2,0,0
optimized-release,3.3083e-05,8,14,23,0,0,7,145,22,2,M_TASKPOLICY_IOOPEN_15F8E966,8,16,23,22
optimized-release,1.1459e-05,2,5,6,0,0,1,146,6,2,M_TASKPOLICY_IOOPENTEST_C4ABA6E6,2,4,6,6
optimized-release,1.6416e-05,3,11,16,0,0,2,147,16,4,M_TASKPOLICY_IOCOMPLETE_88BA0BF3,3,6,16,16
optimized-release,1.5708e-05,3,10,18,0,0,2,148,17,3,M_TASKPOLICY_IOWAITOWNER_63A51E9E,3,6,18,17
optimized-release,3.8042e-05,9,18,27,0,0,9,149,27,2,M_TASKPOLICY_IOCOLLECT_D169FE6C,9,18,27,27
optimized-release,6.1125e-05,10,33,51,0,0,11,150,49,3,M_TASKPOLICY_IOENQUEUE_EC975914,10,20,51,50
optimized-release,4.6833e-05,10,15,24,0,0,12,151,24,3,M_TASKPOLICY_IOBEGIN_A0C610B5,10,20,24,24
optimized-release,7.0125e-05,13,22,32,0,0,17,152,31,3,M_TASKPOLICY_IOTESTBEGIN_2E780855,13,26,32,32
optimized-release,3.8625e-05,9,15,25,0,0,8,153,24,3,M_TASKPOLICY_IOABORT_1EC95CFC,9,18,25,24
optimized-release,6.4083e-05,12,19,28,0,0,14,154,28,2,M_TASKPOLICY_IOWORKERCONTROL_3D43EE5B,12,24,28,28
optimized-release,2.6875e-05,5,12,19,0,0,5,155,18,2,M_TASKPOLICY_IOCLAIM_E59988BA,5,10,19,19
optimized-release,5.375e-06,1,0,0,0,0,0,156,0,0,M_TASKPOLICY_IOTEST_D46D842E,1,2,0,0
optimized-release,3.2417e-05,6,19,23,0,0,6,157,22,3,M_TASKPOLICY_IOTESTFINISH_35E02F77,6,12,23,23
optimized-release,0.000123333,20,39,63,0,0,22,158,60,4,M_TASKPOLICY_IOCALL_78031962,20,40,63,63
optimized-release,0.000149625,26,33,55,0,0,34,159,55,4,M_TASKPOLICY_IOREQUESTCALL_7ACD78BD,26,52,55,55
optimized-release,7.5583e-05,15,25,39,0,0,15,160,36,3,M_TASKPOLICY_IOSETTLEDCALL_042AE5B9,15,30,39,38
optimized-release,5.6958e-05,11,14,36,0,0,13,161,35,2,M_TASKPOLICY_LEASESTORAGE_C3092E33,11,22,36,36
optimized-release,3.3917e-05,7,3,18,5,7,9,162,12,3,M_TASKPOLICY_APPLICATIONCOUNT_B3468565,7,15,18,12
optimized-release,3.3375e-05,9,3,16,5,2,11,163,12,3,M_TASKPOLICY_NOTIFYRESIDENTS_D29836FE,9,19,16,12
optimized-release,4.825e-05,11,18,31,0,0,12,164,28,2,M_TASKPOLICY_RETAIN_6B38DA95,11,22,31,28
optimized-release,4.4084e-05,11,19,31,0,0,12,165,29,2,M_TASKPOLICY_RELEASE_25BFE7A9,11,22,31,29
optimized-release,3.5041e-05,8,15,21,0,0,10,166,21,2,M_TASKPOLICY_REGISTER_6BEAF001,8,16,21,21
optimized-release,0.000135125,20,34,59,0,0,28,167,58,3,M_TASKPOLICY_LIFETIMECALL_A2B2E727,20,40,59,58
optimized-release,8.25e-06,1,2,6,0,0,0,168,6,1,M_TASKPOLICY_DOSSLOTFOR_362EB215,1,2,6,6
optimized-release,8.75e-06,1,6,8,0,0,0,169,7,2,M_TASKPOLICY_DOSRESET_224DFB33,1,2,8,7
optimized-release,1.8166e-05,3,10,18,0,0,2,170,17,2,M_TASKPOLICY_DOSCANREMOVE_DB41E74E,3,6,18,17
optimized-release,2.1583e-05,5,9,14,0,0,4,171,12,2,M_TASKPOLICY_DOSCURRENT_4399DFDB,5,10,14,13
optimized-release,5.0292e-05,7,11,34,4,4,8,172,28,3,M_TASKPOLICY_DOSINIT_97B41A44,7,23,34,29
optimized-release,1.1375e-05,1,6,14,0,0,0,173,12,2,M_TASKPOLICY_DOSWORKERBOUND_DB9BCF66,1,2,14,13
optimized-release,1.4084e-05,3,3,7,0,0,3,174,5,2,M_TASKPOLICY_DOSREMOVED_D36757B2,3,6,7,6
optimized-release,3.525e-05,4,16,29,2,2,4,175,25,3,M_TASKPOLICY_DOSPREPARE_61B1CC0D,4,11,29,26
optimized-release,7.65e-05,12,17,34,3,2,15,176,29,3,M_TASKPOLICY_DOSADMIT_DEA63DC3,12,27,34,30
optimized-release,3.8833e-05,8,18,29,0,0,8,177,28,3,M_TASKPOLICY_DOSCONTROL_C7F82CE3,8,16,29,28
optimized-release,6.708e-06,1,1,4,0,0,0,178,4,2,M_TASKPOLICY_PROCESSFOR_0276CBEE,1,2,4,4
optimized-release,1.2208e-05,1,8,15,0,0,0,179,15,2,M_TASKPOLICY_SLOTFREE_73C36B44,1,2,15,15
optimized-release,2.0542e-05,4,2,8,2,2,4,180,5,2,M_TASKPOLICY_PROCESSCLEAR_BCDB987A,4,11,8,6
optimized-release,1.3375e-05,4,0,7,2,2,4,181,5,2,M_TASKPOLICY_PROCESSINIT_C857F965,4,9,7,5
optimized-release,1.2333e-05,1,6,14,0,0,0,182,14,3,M_TASKPOLICY_PROCESSRECORDAVAILABLE_0E5B31EF,1,2,14,14
optimized-release,1.325e-05,1,6,19,0,0,0,183,17,2,M_TASKPOLICY_PROCESSRESIDENT_478DA1B5,1,2,19,18
optimized-release,3.4083e-05,8,3,17,3,2,8,184,14,3,M_TASKPOLICY_VALIDPROCESSENTRY_D56EBBFD,8,17,17,14
optimized-release,0.000150917,22,49,91,3,2,26,185,84,3,M_TASKPOLICY_PROCESSRESERVE_23A33DDB,22,45,91,85
optimized-release,3.9333e-05,8,5,19,5,2,10,186,12,4,M_TASKPOLICY_PROCESSOWNED_DDA89718,8,17,19,14
optimized-release,3.9459e-05,9,7,21,6,2,12,187,15,4,M_TASKPOLICY_PROCESSFIND_A9822214,9,19,21,16
optimized-release,2.6167e-05,6,10,17,0,0,6,188,16,2,M_TASKPOLICY_PROCESSCURRENT_78571A20,6,12,17,17
optimized-release,0.000125333,20,56,87,0,0,25,189,84,4,M_TASKPOLICY_PROCESSLAUNCH_8314A6C0,20,40,87,85
optimized-release,4.7208e-05,9,13,38,4,2,10,190,30,3,M_TASKPOLICY_PROCESSCANREMOVE_140447A5,9,19,38,32
optimized-release,1.7958e-05,3,9,14,0,0,2,191,13,2,M_TASKPOLICY_PROCESSREMOVED_46C99271,3,6,14,14
optimized-release,2.3875e-05,1,22,43,0,0,0,192,43,2,M_TASKPOLICY_PROCESSSTORAGEEMPTY_D996E6A7,1,2,43,43
optimized-release,0.00041125,59,62,117,0,0,79,193,106,2,M_TASKPOLICY_PROCESSCHANGE_3BBD0041,59,118,117,109
optimized-release,1.1792e-05,1,8,10,0,0,0,194,9,3,M_TASKPOLICY_PROCESSCONTROL_6911FE90,1,2,10,10
optimized-release,7.7958e-05,16,0,30,10,10,20,199,20,3,M_TASKPOLICY_INPUTINIT_B07DD496,16,42,30,20
optimized-release,5.416e-06,1,0,1,0,0,0,200,1,1,M_TASKPOLICY_KEYBOARDBINDING_7A2395A8,1,2,1,1
optimized-release,4.125e-06,1,0,1,0,0,0,201,1,1,M_TASKPOLICY_KEYBOARDCLAIM_2C621EDB,1,2,1,1
optimized-release,3.25e-06,1,0,0,0,0,0,202,0,0,M_TASKPOLICY_KEYBOARDRELEASE_69338836,1,2,0,0
optimized-release,3.709e-06,1,0,1,0,0,0,203,1,1,M_TASKPOLICY_POINTERBINDING_D35CECAC,1,2,1,1
optimized-release,3.625e-06,1,0,1,0,0,0,204,1,1,M_TASKPOLICY_POINTERCLAIM_44D64EBF,1,2,1,1
optimized-release,2.708e-06,1,0,0,0,0,0,205,0,0,M_TASKPOLICY_POINTERRELEASE_E1BB47AA,1,2,0,0
optimized-release,2.0333e-05,4,1,7,2,2,4,206,5,2,M_TASKPOLICY_CONSOLEINIT_02CC0011,4,11,7,5
optimized-release,9.916e-06,1,7,10,0,0,0,207,8,1,M_TASKPOLICY_CONSOLENAMES_B9E6EA95,1,2,10,9
optimized-release,5.667e-06,1,1,3,0,0,0,208,3,2,M_TASKPOLICY_CONSOLENAME_0C46F590,1,2,3,3
optimized-release,5.792e-06,1,2,4,0,0,0,209,4,2,M_TASKPOLICY_CONSOLEDEVICE_34497CA3,1,2,4,4
optimized-release,0.00028475,49,36,102,0,0,65,210,102,2,M_TASKPOLICY_REQUESTVALID_195CAC51,49,98,102,102
optimized-release,0.000201958,37,47,92,0,0,39,211,83,3,M_TASKPOLICY_ROUTE_3006B749,37,74,92,83
optimized-release,4.4208e-05,9,10,18,0,0,11,212,17,2,M_TASKPOLICY_FINISHDISPATCH_46CD5A79,9,18,18,17
optimized-release,0.000169458,21,35,74,0,0,23,213,63,3,M_TASKPOLICY_DISPATCH_2D7B283C,21,42,74,63
optimized-release,7.541e-06,1,3,3,0,0,0,246,3,2,M_TASKSTACKS_STACKLOWER_64542B4C,1,2,3,3
optimized-release,5.042e-06,1,3,3,0,0,0,247,3,2,M_TASKSTACKS_STACKUPPER_7AF4EA13,1,2,3,3
optimized-release,7.9916e-05,13,15,31,0,0,16,251,30,2,M_CONSOLECORE_EXTENT_83D9960B,13,26,31,30
optimized-release,1.925e-05,3,9,13,0,0,3,252,12,2,M_CONSOLECORE_CELLOFFSET_711520EE,3,6,13,12
optimized-release,2.3125e-05,4,6,14,2,2,4,253,11,3,M_CONSOLECORE_CLEAN_3E747584,4,11,14,11
optimized-release,2.3625e-05,5,9,14,0,0,6,254,12,2,M_CONSOLECORE_CHANGED_16194333,5,10,14,12
optimized-release,4.1334e-05,7,22,33,0,0,9,255,32,3,M_CONSOLECORE_MARKROW_74F1B9FE,7,14,33,32
optimized-release,9.275e-05,13,29,44,6,4,16,256,41,4,M_CONSOLECORE_DIRTY_4A63B073,13,36,44,41
optimized-release,6.8125e-05,12,31,45,0,0,15,257,44,3,M_CONSOLECORE_PRESENTED_91E62DC9,12,24,45,44
optimized-release,8.65e-05,14,26,48,4,6,18,258,41,4,M_CONSOLECORE_INIT_F63331F9,14,29,48,41
optimized-release,4.3292e-05,8,24,34,0,0,9,259,32,3,M_CONSOLECORE_EDITRETAINED_2E59361D,8,16,34,32
optimized-release,1.2333e-05,3,5,7,0,0,2,260,6,2,M_CONSOLECORE_EDITQUANTUM_E6CDEC54,3,6,7,6
optimized-release,1.9375e-05,4,11,18,0,0,4,261,15,3,M_CONSOLECORE_NEWLINE_97A73E23,4,8,18,15
optimized-release,8.5208e-05,17,18,34,0,0,23,262,28,2,M_CONSOLECORE_CONTROL_7E220524,17,34,34,28
optimized-release,0.000336666,35,49,120,27,15,49,263,87,6,M_CONSOLECORE_FEEDINTO_F0C48569,35,125,120,87
optimized-release,8.541e-06,1,3,4,0,0,0,264,4,3,M_CONSOLECORE_FEED_287D49E7,1,2,4,4
optimized-release,2.1958e-05,3,11,15,0,0,3,265,14,4,M_CONSOLECORE_FEEDBATCH_FBB9A7C1,3,6,15,14
optimized-release,5.3916e-05,9,20,41,5,4,12,266,34,5,M_CONSOLECORE_BATCHDAMAGE_51FD9990,9,19,41,34
optimized-release,4.917e-06,1,0,1,0,0,0,267,1,1,M_CONSOLEBATCH_GET_1DDD9652,1,2,1,1
optimized-release,0.000112917,12,24,40,2,2,17,268,37,3,M_CONSOLEBATCH_BEGIN_A348F06D,12,25,40,37
optimized-release,3.975e-05,9,8,16,0,0,12,269,15,2,M_CONSOLEBATCH_DUE_DFFF17C0,9,18,16,16
optimized-release,3.5667e-05,6,14,25,0,0,7,270,24,4,M_CONSOLEBATCH_FEED_F2D299EE,6,12,25,24
optimized-release,1.9417e-05,5,4,7,0,0,5,271,7,2,M_CONSOLEBATCH_PUBLISH_28F83695,5,10,7,7
optimized-release,5.709e-06,1,0,0,0,0,0,272,0,0,M_CONSOLEBATCH_RESET_8C5BFDE1,1,2,0,0
optimized-release,3.0334e-05,4,19,35,0,0,4,273,35,3,M_DISPLAY_VALID_AD4A9CEB,4,8,35,35
optimized-release,4.375e-06,1,1,1,0,0,0,274,1,1,M_DISPLAY_STATE_1869A6F2,1,2,1,1
optimized-release,3.458e-06,1,1,1,0,0,0,275,1,1,M_DISPLAY_KIND_52F443B1,1,2,1,1
optimized-release,0.000119584,21,29,51,0,0,28,276,51,2,M_DISPLAY_ACQUIRE_D4F205A1,21,42,51,51
optimized-release,1.675e-05,5,2,5,0,0,4,277,5,1,M_DISPLAY_CHECK_D0D668F5,5,10,5,5
optimized-release,1.8917e-05,4,3,6,0,0,4,278,6,1,M_DISPLAY_ACTIVATE_FA0B49D8,4,8,6,6
optimized-release,1.8e-05,5,4,8,0,0,6,279,8,1,M_DISPLAY_BEGINRELEASE_D060B9F5,5,10,8,8
optimized-release,2.4167e-05,6,6,12,0,0,7,280,12,1,M_DISPLAY_RELEASE_49E3CB4A,6,12,12,12
optimized-release,1.0041e-05,3,2,4,0,0,2,281,4,1,M_DISPLAY_FAULT_17A2F7BD,3,6,4,4
optimized-release,5.875e-06,1,0,1,0,0,0,283,1,1,M_CONSOLEBITMAP_GETBINDING_4C301254,1,2,1,1
optimized-release,5.5e-06,1,1,2,0,0,0,284,2,1,M_CONSOLEBITMAP_ENABLED_B5633DC6,1,2,2,2
optimized-release,3.542e-06,1,1,2,0,0,0,285,2,1,M_CONSOLEBITMAP_FAILED_26B87568,1,2,2,2
optimized-release,4.9458e-05,9,14,27,0,0,14,286,27,2,M_CONSOLEBITMAP_BIND_37A88456,9,18,27,27
optimized-release,4.416e-06,1,1,3,0,0,0,287,2,1,M_CONSOLEBITMAP_GETPACKET_5A801E1D,1,2,3,3
optimized-release,7.2042e-05,13,18,32,0,0,17,288,30,2,M_CONSOLEBITMAP_RUN_859D3E7A,13,26,32,31
optimized-release,1.75e-05,5,2,9,0,0,4,289,8,1,M_CONSOLEBITMAP_OPEN_C85D6197,5,10,9,8
optimized-release,4.416e-06,1,0,0,0,0,0,290,1,0,M_CONSOLEBITMAP_CLOSE_9D29479F,1,2,0,1
optimized-release,3.459e-06,1,1,1,0,0,0,291,1,1,M_CONSOLEBITMAP_MASK_8BB047A7,1,2,1,1
optimized-release,1.4125e-05,1,9,12,0,0,0,292,11,2,M_CONSOLEBITMAP_FILL_0D7F3514,1,2,12,11
optimized-release,1.2292e-05,1,9,14,0,0,0,293,13,2,M_CONSOLEBITMAP_TEXT_D480A0BE,1,2,14,13
optimized-release,1.5667e-05,1,16,21,0,0,0,294,20,2,M_CONSOLEBITMAP_TEXTCARET_18ADBDA7,1,2,21,20
optimized-release,4.7e-05,7,27,42,0,0,8,295,41,3,M_CONSOLEBITMAP_SCROLL_377D53B8,7,14,42,41
optimized-release,3.792e-06,1,1,1,0,0,0,296,1,1,M_CONSOLEBITMAP_PENDING_D6383590,1,2,1,1
optimized-release,2.4083e-05,8,2,7,0,0,9,297,7,1,M_CONSOLEBITMAP_POLL_6E3B6F9E,8,16,7,7
optimized-release,4.167e-06,1,0,1,0,0,0,298,1,1,M_CONSOLEWINDOWS_REGISTRY_F9AAFFE0,1,2,1,1
optimized-release,6.792e-06,1,4,7,0,0,0,299,7,2,M_CONSOLEWINDOWS_LIVE_CF72384F,1,2,7,7
optimized-release,1.85e-05,4,5,14,0,0,4,300,13,2,M_CONSOLEWINDOWS_FIND_07AFDE1C,4,8,14,13
optimized-release,3.475e-05,7,2,20,4,2,8,301,14,4,M_CONSOLEWINDOWS_BOUND_2C2AAE27,7,18,20,14
optimized-release,5.0084e-05,10,11,35,3,2,10,302,26,4,M_CONSOLEWINDOWS_RESERVE_27D75673,10,23,35,27
optimized-release,2.35e-05,5,10,14,0,0,6,303,14,1,M_CONSOLEWINDOWS_RETIRED_09D5DC06,5,10,14,14
optimized-release,0.000123084,23,34,58,0,0,29,304,55,3,M_CONSOLEWINDOWS_RUNNABLE_B9919222,23,46,58,57
optimized-release,7.35e-05,16,5,38,5,2,18,305,23,4,M_CONSOLEWINDOWS_TAKE_9FD09734,16,38,38,23
optimized-release,3.3792e-05,8,6,15,0,0,10,316,15,2,M_INPUT_SHAPE_12014EFC,8,16,15,15
optimized-release,2.7791e-05,5,8,26,0,0,4,317,26,3,M_INPUT_EXTENT_FA4C9281,5,10,26,26
optimized-release,1.0417e-05,1,3,9,0,0,0,318,8,3,M_INPUT_FILTERVALID_D26629FB,1,2,9,9
optimized-release,0.000285125,45,81,124,0,0,61,319,124,2,M_INPUT_CHECKCONFIG_58BFFC0D,45,90,124,124
optimized-release,1.2042e-05,3,1,4,0,0,2,320,4,1,M_INPUT_SOURCESTATE_ED5DBA81,3,6,4,4
optimized-release,3.2667e-05,8,4,14,3,2,8,321,10,3,M_INPUT_SHARED_40B1C6BE,8,17,14,11
optimized-release,1.5292e-05,4,1,5,0,2,4,322,5,1,M_INPUT_SOURCEOF_A387FC4D,4,8,5,5
optimized-release,1.0708e-05,3,1,5,0,0,2,323,5,1,M_INPUT_CAPTURE_307447C1,3,6,5,5
optimized-release,0.00011725,16,39,59,0,0,26,324,57,2,M_INPUT_VALID_32EBD3E5,16,32,59,59
optimized-release,1.0334e-05,1,5,11,0,0,0,325,11,3,M_INPUT_ROUTEVALID_38FC4B26,1,2,11,11
optimized-release,0.000135916,22,27,68,8,4,26,326,57,5,M_INPUT_REFERENCED_138D8154,22,56,68,57
optimized-release,0.000206375,29,43,99,7,6,33,327,78,5,M_INPUT_ACQUIRE_69C538CF,29,66,99,82
optimized-release,6.3167e-05,12,8,35,3,2,12,328,23,5,M_INPUT_CREATEROUTE_F78B5B60,12,27,35,23
optimized-release,7.5875e-05,9,9,17,0,0,10,329,16,2,M_INPUT_PUBLISHROUTE_D1782DE9,9,18,17,16
optimized-release,4.3292e-05,7,9,20,0,0,6,330,19,3,M_INPUT_RETIREROUTE_2881C61B,7,14,20,19
optimized-release,3.4e-05,8,6,13,0,0,8,331,12,2,M_INPUT_DISCARD_ACB1BF45,8,16,13,12
optimized-release,8.575e-05,13,16,31,0,0,17,332,29,2,M_INPUT_PENDING_94D4AB06,13,26,31,29
optimized-release,1.8875e-05,3,6,15,0,0,2,333,15,2,M_INPUT_POINTERDELTAVALID_367584F0,3,6,15,15
optimized-release,3.7792e-05,7,14,32,0,0,6,334,30,3,M_INPUT_POINTERCOORDINATE_C979CE22,7,14,32,30
optimized-release,0.000376083,36,107,172,10,6,47,335,154,5,M_INPUT_POINTERREAD_16C85D8C,36,79,172,160
optimized-release,0.0001585,21,31,73,4,4,26,336,63,3,M_INPUT_TAKE_28320780,21,43,73,63
optimized-release,0.000105917,15,10,47,4,4,17,337,32,3,M_INPUT_RELEASE_78D4EBB0,15,40,47,33
optimized-release,5.459e-06,1,0,1,0,0,0,338,1,1,M_CONSOLECAPTURE_GETLEASE_6E44FE9A,1,2,1,1
optimized-release,7.333e-06,1,0,4,0,0,0,339,4,2,M_CONSOLECAPTURE_ACQUIRE_39D4E6A8,1,2,4,4
optimized-release,2.7625e-05,6,0,13,2,2,7,340,9,3,M_CONSOLECAPTURE_RELEASE_DD04AD8D,6,14,13,9
optimized-release,1.2875e-05,3,1,4,0,0,3,341,4,2,M_CONSOLECAPTURE_PUBLISH_C5573D67,3,6,4,4
optimized-release,3.9e-05,7,4,20,5,2,9,342,15,4,M_CONSOLECAPTURE_CLEARUNIT_43522FE3,7,19,20,15
optimized-release,4.542e-06,1,0,1,0,0,0,343,1,1,M_CONSOLEFOREGROUND_REGISTRY_ABF9F388,1,2,1,1
optimized-release,0.000121875,16,14,51,14,4,22,344,38,5,M_CONSOLEFOREGROUND_RECLAIM_59B58C70,16,65,51,38
optimized-release,6.9792e-05,10,14,44,4,6,12,345,33,4,M_CONSOLEFOREGROUND_ALLOCATE_F1C749CC,10,25,44,33
optimized-release,1.4958e-05,3,6,9,0,0,2,346,8,2,M_CONSOLEFOREGROUND_REGISTER_0F2DE106,3,6,9,8
optimized-release,2.7125e-05,5,9,15,0,0,6,347,15,2,M_CONSOLEFOREGROUND_UNREGISTER_54DD2BA5,5,10,15,15
optimized-release,3.9084e-05,6,11,34,4,12,7,348,25,6,M_CONSOLEFOREGROUND_RETIREUNBOUNDBREAKS_24224B11,6,17,34,25
optimized-release,6.9875e-05,12,28,45,0,0,13,349,40,2,M_CONSOLEFOREGROUND_BEGIN_4DD9FFD0,12,24,45,44
optimized-release,7.6958e-05,12,20,43,4,2,16,350,35,4,M_CONSOLEFOREGROUND_END_65D34F46,12,28,43,37
optimized-release,0.000143125,19,45,88,5,2,24,351,68,5,M_CONSOLEFOREGROUND_HANDOFF_CB9B2D39,19,44,88,74
optimized-release,3.0583e-05,6,8,18,0,0,6,352,17,2,M_CONSOLEFOREGROUND_RESOLVE_9B8D664B,6,12,18,17
optimized-release,2.3917e-05,6,10,14,0,0,7,353,13,2,M_CONSOLEFOREGROUND_NOTIFYONE_981F2C18,6,12,14,14
optimized-release,8.667e-06,1,5,7,0,0,0,354,5,1,M_CONSOLEFOREGROUND_NOTIFY_A30EB7D0,1,2,7,7
optimized-release,5.7583e-05,11,17,35,0,0,12,355,30,2,M_CONSOLEFOREGROUND_DELIVER_8D52BBDC,11,22,35,32
optimized-release,7.584e-06,1,2,8,0,0,0,356,2,2,M_CONSOLEINPUT_INIT_5076ECFA,1,2,8,2
optimized-release,5.208e-06,1,1,4,0,0,0,357,1,1,M_CONSOLEINPUT_LOSE_42C88EE3,1,2,4,1
optimized-release,1.6333e-05,3,7,11,0,0,3,358,9,1,M_CONSOLEINPUT_CLEAR_3DEF4D2B,3,6,11,10
optimized-release,0.000301833,39,41,90,0,0,45,359,81,3,M_CONSOLEINPUT_DECODE_A428056C,39,78,90,81
optimized-release,3.9959e-05,8,18,30,0,0,8,360,27,3,M_CONSOLEINPUT_DELIVER_8B43A137,8,16,30,27
optimized-release,0.000145083,20,13,47,17,2,28,361,34,4,M_CONSOLEINPUT_PUMP_600356CC,20,61,47,37
optimized-release,2.5541e-05,5,5,10,0,0,6,362,10,1,M_CONSOLEINPUT_SERVICE_4560B6F3,5,10,10,10
optimized-release,6.1125e-05,11,18,33,3,2,13,363,28,4,M_CONSOLEINPUT_READ_9E7D5EC6,11,26,33,28
optimized-release,9.125e-06,3,0,2,0,0,2,364,2,1,M_CONSOLEDISPLAY_WIDTH_10C212F0,3,6,2,2
optimized-release,7.042e-06,3,0,2,0,0,2,365,2,1,M_CONSOLEDISPLAY_HEIGHT_F3C514AD,3,6,2,2
optimized-release,1.1459e-05,3,4,6,0,0,2,367,6,2,M_CONSOLEDISPLAY_GLYPH_DCC4F92E,3,6,6,6
optimized-release,0.000195458,22,19,57,3,2,28,368,46,3,M_CONSOLEDISPLAY_LISTVALID_C50FC922,22,47,57,46
optimized-release,8.3625e-05,17,16,30,0,0,24,369,30,2,M_CONSOLEDISPLAY_VALIDATE_33E36106,17,34,30,30
optimized-release,7.2334e-05,12,24,38,0,0,16,370,38,3,M_CONSOLEDISPLAY_GEOMETRY_B00D0334,12,24,38,38
optimized-release,0.0001215,18,57,87,0,0,20,371,81,3,M_CONSOLEDISPLAY_CLAIM_0FF5CDD8,18,36,87,83
optimized-release,5.025e-05,9,24,37,0,0,10,372,35,2,M_CONSOLEDISPLAY_RELEASE_C2AC22C5,9,18,37,35
optimized-release,9.5e-06,1,3,7,0,0,0,373,7,2,M_CONSOLEDISPLAY_POSITION_5668E3AD,1,2,7,7
optimized-release,2.4625e-05,3,12,18,0,0,2,374,18,3,M_CONSOLEDISPLAY_CURSORPOSITION_6D01F173,3,6,18,18
optimized-release,0.000100417,14,54,80,0,0,17,375,78,4,M_CONSOLEDISPLAY_CURSOR_3EC7579C,14,28,80,78
optimized-release,0.000375083,33,98,231,24,16,47,376,184,14,M_CONSOLEDISPLAY_CELLS_40A0DF53,33,96,231,184
optimized-release,6.0583e-05,8,33,50,0,0,9,377,50,5,M_CONSOLEDISPLAY_REMOVECURSOR_56933EEC,8,16,50,51
optimized-release,0.00011725,18,25,58,7,4,22,378,52,4,M_CONSOLEDISPLAY_ERASE_7308FAA4,18,38,58,52
optimized-release,0.000107417,17,34,54,0,0,28,379,54,3,M_CONSOLEDISPLAY_BEGINBATCH_E8453865,17,34,54,54
optimized-release,2.975e-05,3,20,22,0,0,3,380,22,2,M_CONSOLEDISPLAY_FLUSHBATCH_36B2DD3C,3,6,22,22
optimized-release,7.6458e-05,9,26,44,0,0,13,381,39,2,M_CONSOLEDISPLAY_DISCARDBATCH_161CED78,9,18,44,41
optimized-release,8.9958e-05,12,29,44,0,0,16,382,43,2,M_CONSOLEDISPLAY_PRESENTBATCH_DC8CCBC5,12,24,44,44
optimized-release,0.000159208,23,46,71,0,0,33,383,68,3,M_CONSOLEDISPLAY_BITMAPEDIT_EF95A6DB,23,46,71,70
optimized-release,0.000178416,25,60,91,0,0,40,384,85,2,M_CONSOLEDISPLAY_BITMAPCOMPLETE_8FE2FF3C,25,50,91,87
optimized-release,4.1667e-05,10,2,10,0,0,14,385,10,1,M_CONSOLEDISPLAY_POLL_204D6C85,10,20,10,10
optimized-release,5.541e-06,1,1,1,0,0,0,386,1,1,M_CONSOLEDISPLAY_COMPLETIONREADY_755EF473,1,2,1,1
optimized-release,0.000230583,31,88,124,0,0,44,387,120,5,M_CONSOLEDISPLAY_ADVANCE_74F2C1A4,31,62,124,120
optimized-release,0.00020025,29,57,104,3,2,41,388,97,5,M_CONSOLEDISPLAY_EDIT_379C99EA,29,61,104,97
optimized-release,0.000185333,28,45,71,0,0,39,389,72,3,M_CONSOLEDISPLAY_PRESENT_E192ED9F,28,56,71,72
optimized-release,2.1042e-05,3,4,6,0,0,3,390,6,2,M_CONSOLEDISPLAY_QUANTUM_5F98A18D,3,6,6,6
optimized-release,1.9792e-05,5,3,6,0,0,4,391,5,2,M_CONSOLECONTROL_APPLY_DCB506BB,5,10,6,5
optimized-release,5.1375e-05,9,16,30,0,0,11,392,27,2,M_CONSOLECONTROL_PROCESS_46BB287E,9,18,30,29
optimized-release,0.000101084,14,22,48,2,0,18,393,36,3,M_CONSOLECONTROL_SUBMIT_2C979A45,14,31,48,38
optimized-release,5.708e-06,1,0,1,0,0,0,395,1,1,M_CONSOLEDRIVER_GETSERVICE_BEE5E55D,1,2,1,1
optimized-release,4e-06,1,0,1,0,0,0,396,1,1,M_CONSOLEDRIVER_GETINSTANCE_7919D405,1,2,1,1
optimized-release,2.5917e-05,5,5,11,0,0,7,397,11,1,M_CONSOLEDRIVER_SCREENWIDTH_857AD658,5,10,11,11
optimized-release,2.0292e-05,5,5,11,0,0,7,398,11,1,M_CONSOLEDRIVER_SCREENHEIGHT_C12F3455,5,10,11,11
optimized-release,8.1083e-05,14,10,36,5,2,16,399,33,2,M_CONSOLEDRIVER_MAPPED_DAA6A481,14,29,36,33
optimized-release,7.8292e-05,17,24,42,0,0,18,400,42,2,M_CONSOLEDRIVER_VALIDATE_72D30322,17,34,42,42
optimized-release,2.3167e-05,5,7,15,0,0,4,401,12,2,M_CONSOLEDRIVER_BOUND_DEB813D0,5,10,15,14
optimized-release,6.3792e-05,13,17,32,3,2,15,402,26,3,M_CONSOLEDRIVER_IDLE_F6EAB10E,13,27,32,30
optimized-release,2.2416e-05,5,5,11,0,0,5,403,10,2,M_CONSOLEDRIVER_RETAINOPENER_B80DF9C6,5,10,11,10
optimized-release,0.000139833,20,34,58,0,0,27,404,55,2,M_CONSOLEDRIVER_OPEN_434F52B0,20,40,58,58
optimized-release,4.3708e-05,7,18,29,0,0,9,405,27,2,M_CONSOLEDRIVER_CLOSE_60C60326,7,14,29,29
optimized-release,1.5917e-05,4,4,7,0,0,4,406,7,1,M_CONSOLEDRIVER_COMPLETE_39781A87,4,8,7,7
optimized-release,9.9125e-05,22,25,42,0,0,24,407,42,2,M_CONSOLEDRIVER_IMMEDIATE_01EBE21F,22,44,42,42
optimized-release,7.7208e-05,13,33,49,0,0,15,408,45,2,M_CONSOLEDRIVER_BEGINIO_76358745,13,26,49,48
optimized-release,7.075e-05,13,25,40,0,0,16,409,34,2,M_CONSOLEDRIVER_ABORTIO_EFA380E8,13,26,40,39
optimized-release,1.1459e-05,1,5,10,0,0,0,410,7,2,M_CONSOLEDRIVER_CLAIMWRITE_0313F299,1,2,10,10
optimized-release,3.1584e-05,6,11,16,0,0,8,411,14,2,M_CONSOLEDRIVER_FINISHWRITE_E8555190,6,12,16,16
optimized-release,2.4167e-05,5,10,14,0,0,6,412,12,2,M_CONSOLEDRIVER_FINISHREAD_49C55BD3,5,10,14,14
optimized-release,0.000127583,21,28,53,0,0,28,413,45,2,M_CONSOLEDRIVER_ARRIVAL_EC6B7DA9,21,42,53,50
optimized-release,6.275e-05,12,3,23,5,2,15,414,19,3,M_CONSOLEDRIVER_RUNNABLE_F91A82EB,12,29,23,19
optimized-release,7.083e-06,1,2,3,0,0,0,415,3,1,M_CONSOLEDRIVER_STATE_C6409A7F,1,2,3,3
optimized-release,3.9875e-05,4,7,14,2,2,4,416,9,2,M_CONSOLEDRIVER_NOTIFY_2C61AA6D,4,9,14,10
optimized-release,2.925e-05,5,12,21,0,0,4,417,20,2,M_CONSOLEDRIVER_PREPAREWAITER_2678D1F7,5,10,21,20
optimized-release,1.4167e-05,3,3,6,0,0,3,418,6,1,M_CONSOLEDRIVER_FREEWAITER_5FC08D72,3,6,6,6
optimized-release,1.0375e-05,1,7,9,0,0,0,419,8,2,M_CONSOLEDRIVER_WAITCHANGE_4E83E195,1,2,9,10
optimized-release,0.000119167,15,26,77,6,2,18,420,55,4,M_CONSOLEDRIVER_ADMITWORKER_8B81C455,15,41,77,58
optimized-release,0.000106125,18,15,52,3,0,24,421,38,4,M_CONSOLEDRIVER_START_3E6AAC44,18,39,52,38
optimized-release,6.8291e-05,13,6,26,7,2,15,422,18,4,M_CONSOLEDRIVER_ALLIDLE_23B19503,13,32,26,19
optimized-release,2.9792e-05,7,8,13,0,0,7,423,13,1,M_CONSOLEDRIVER_REQUESTSTOP_763F8D8B,7,14,13,13
optimized-release,5.3e-05,10,6,24,3,0,12,424,18,3,M_CONSOLEDRIVER_STOP_093D3500,10,22,24,18
optimized-release,1.675e-05,3,5,8,0,0,3,425,8,1,M_CONSOLEDRIVER_RETIREWORKER_09E7B3B9,3,6,8,8
optimized-release,0.000121667,16,43,66,0,0,25,426,64,3,M_CONSOLEDRIVER_BATCHWRITE_60F6B557,16,32,66,64
optimized-release,0.000411459,50,100,157,0,0,67,427,149,3,M_CONSOLEDRIVER_WRITEQUANTUM_3CD4DB9C,50,100,157,150
optimized-release,0.00013175,20,31,50,0,0,27,428,46,3,M_CONSOLEDRIVER_READQUANTUM_10EBF725,20,40,50,47
optimized-release,0.000179709,24,47,83,2,0,29,429,78,5,M_CONSOLEDRIVER_INITIALIZE_D6CB2592,24,49,83,80
optimized-release,4.5958e-05,7,22,32,0,0,9,430,30,2,M_CONSOLEDRIVER_FREESTORAGE_02676B4B,7,14,32,30
optimized-release,7.75e-06,1,2,5,0,0,0,431,5,2,M_CONSOLEDRIVER_COLLECT_102291BE,1,2,5,5
optimized-release,0.00057775,64,30,163,38,12,93,432,106,10,M_CONSOLEDRIVER_WORKER_589B3ABC,64,177,163,110
optimized-release,2.9875e-05,5,13,23,0,0,4,434,19,2,M_PORTCORE_CREATEMSGPORT_A47550A3,5,10,23,21
optimized-release,1.2333e-05,3,3,6,0,0,2,435,5,1,M_PORTCORE_DELETEMSGPORT_9136F7C6,3,6,6,6
optimized-release,5.3459e-05,8,16,37,0,0,8,443,36,3,M_SIODRIVER_BOUND_DC2366E0,8,16,37,36
optimized-release,0.000114875,17,31,58,0,0,25,444,55,2,M_SIODRIVER_OPEN_9AA3F320,17,34,58,56
optimized-release,2.7583e-05,4,15,25,0,0,5,445,22,2,M_SIODRIVER_CLOSE_01A37B96,4,8,25,23
optimized-release,4.4292e-05,9,16,26,0,0,11,446,25,2,M_SIODRIVER_BEGINIO_E1378755,9,18,26,25
optimized-release,2.05e-05,5,8,14,0,0,4,447,13,2,M_SIODRIVER_ABORTIO_689758F8,5,10,14,13
optimized-release,4.5958e-05,10,12,20,0,0,15,448,20,2,M_SIODRIVER_TRYCANCEL_BDB03575,10,20,20,20
optimized-release,3.3125e-05,7,13,20,0,0,9,449,19,2,M_SIODRIVER_CLAIM_64B130D4,7,14,20,20
optimized-release,2.6875e-05,7,5,10,0,0,9,450,10,1,M_SIODRIVER_ACTIVATE_5F9BFB05,7,14,10,10
optimized-release,4.6917e-05,9,18,28,0,0,12,451,25,2,M_SIODRIVER_FINISH_D94C5F1F,9,18,28,26
optimized-release,2.2917e-05,6,10,13,0,0,8,452,13,1,M_SIODRIVER_REAP_531B42EA,6,12,13,13
optimized-release,1.7083e-05,4,5,10,0,0,5,453,8,1,M_SIODRIVER_STATE_C8F9434F,4,8,10,8
optimized-release,4.417e-06,1,1,1,0,0,0,454,1,1,M_SIODRIVER_UNAVAILABLE_B7013E26,1,2,1,1
optimized-release,2.1042e-05,4,7,13,2,2,4,455,9,2,M_SIODRIVER_NOTIFY_7F90C49D,4,9,13,9
optimized-release,2.4e-05,5,12,21,0,0,4,456,20,2,M_SIODRIVER_PREPAREWAITER_A5456107,5,10,21,20
optimized-release,1.3875e-05,3,3,6,0,0,3,457,6,1,M_SIODRIVER_FREEWAITER_3A54C422,3,6,6,6
optimized-release,7.916e-06,1,7,7,0,0,0,458,8,2,M_SIODRIVER_WAITCHANGE_D2A1FD05,1,2,7,8
optimized-release,0.000104167,15,24,67,5,4,17,459,47,3,M_SIODRIVER_ADMITWORKER_05019805,15,40,67,48
optimized-release,9.95e-05,18,14,51,3,0,24,460,35,4,M_SIODRIVER_START_4928F5B4,18,39,51,35
optimized-release,7.2833e-05,14,9,37,2,0,20,461,24,3,M_SIODRIVER_STOP_B26AF28A,14,30,37,24
optimized-release,3.375e-05,5,13,27,0,0,6,462,27,2,M_SIODRIVER_STOPPING_28442DD8,5,10,27,27
optimized-release,1.3666e-05,3,3,6,0,0,3,463,6,1,M_SIODRIVER_RETIREWORKER_47CA3A29,3,6,6,6
optimized-release,8.0125e-05,14,10,36,5,2,16,464,33,2,M_SIODRIVER_SIOMAPPED_D1D9A9D6,14,29,36,33
optimized-release,4.0625e-05,10,18,30,0,0,10,465,30,3,M_SIODRIVER_PAYLOADLENGTH_9F5C9B06,10,20,30,30
optimized-release,0.000168917,32,38,60,0,0,37,466,58,2,M_SIODRIVER_SIOVALIDATE_7D355271,32,64,60,59
optimized-release,6.1083e-05,12,5,27,4,9,15,467,20,4,M_SIODRIVER_DEADLINETICKS_83CDA5CA,12,25,27,20
optimized-release,6.1e-05,10,30,50,4,6,13,468,45,3,M_SIODRIVER_PREPARE_D10BF723,10,21,50,45
optimized-release,7.675e-05,16,8,23,0,0,20,469,24,1,M_SIODRIVER_HARDWAREINIT_3568BDA6,16,32,23,24
optimized-release,7.8875e-05,16,14,26,2,0,19,470,27,2,M_SIODRIVER_RUNREQUEST_4500BA50,16,33,26,28
optimized-release,7.3541e-05,13,5,28,5,0,16,471,18,3,M_SIODRIVER_WORKER_374ADF8C,13,34,28,19
optimized-release,3.3958e-05,8,5,14,3,2,8,472,11,3,M_SIODRIVER_MATCHES_AEE1C237,8,17,14,11
optimized-release,1.7875e-05,5,4,8,0,0,4,473,8,1,M_IORESIDENT_BOUND_C1F0BA89,5,10,8,8
optimized-release,2.2541e-05,5,10,14,0,0,4,474,14,4,M_IORESIDENT_OPEN_6086F993,5,10,14,14
optimized-release,1.4625e-05,5,4,6,0,0,4,475,6,1,M_IORESIDENT_CLOSE_FE2B0633,5,10,6,6
optimized-release,1.2833e-05,5,4,6,0,0,4,476,6,1,M_IORESIDENT_BEGINIO_914C855C,5,10,6,6
optimized-release,1.275e-05,5,4,6,0,0,4,477,6,1,M_IORESIDENT_ABORTIO_0DA61711,5,10,6,6
optimized-release,3.6334e-05,6,12,22,0,0,7,484,22,5,M_IOCORE_OPENDEVICE_A2787528,6,12,22,22
optimized-release,2.3375e-05,5,5,13,0,0,6,485,12,2,M_IOCORE_CLOSEDEVICE_667F761E,5,10,13,12
optimized-release,0.000123083,20,24,46,0,0,28,486,44,2,M_IOCORE_SUBMIT_5D7CB97A,20,40,46,44
optimized-release,5.833e-06,1,1,1,0,0,0,487,2,1,M_IOCORE_BEGINIO_FAB52593,1,2,1,2
optimized-release,4.417e-06,1,1,1,0,0,0,488,2,1,M_IOCORE_SENDIO_CA4E16BA,1,2,1,2
optimized-release,2.3583e-05,5,5,13,0,0,6,489,12,2,M_IOCORE_ABORTIO_125E3726,5,10,13,12
optimized-release,3.3875e-05,7,11,20,0,0,8,492,18,2,M_IOCORE_CREATEIOREQUEST_DE10015D,7,14,20,19
optimized-release,1.3458e-05,3,4,8,0,0,2,493,7,2,M_IOCORE_DELETEIOREQUEST_93A87E78,3,6,8,8
optimized-release,5.208e-06,1,1,2,0,0,0,495,2,1,M_IOCORE_START_4033F51A,1,2,2,2
optimized-release,2.1375e-05,4,2,14,2,2,4,496,13,2,M_IOCORE_WAITIO_8CA35F61,4,9,14,13
optimized-release,1.3458e-05,3,3,10,0,0,2,497,9,1,M_IOCORE_DOIO_173DC4A1,3,6,10,9
optimized-release,0.000135458,23,12,50,9,4,29,498,36,3,M_CONSOLETILING_LOCK_D1C61C32,23,55,50,39
optimized-release,5.1666e-05,10,3,23,4,2,13,499,16,3,M_CONSOLETILING_UNLOCK_9D80F64D,10,30,23,16
optimized-release,1.3875e-05,3,5,11,0,0,2,500,10,3,M_CONSOLETILING_OWNED_E442B6FE,3,6,11,11
optimized-release,4.2917e-05,8,17,30,0,0,10,501,25,2,M_CONSOLETILING_SELECT_D724C265,8,16,30,27
optimized-release,8.4084e-05,14,14,44,5,2,17,502,33,3,M_CONSOLETILING_HIDELOCKED_54ED13CF,14,33,44,35
optimized-release,0.000237541,28,57,120,11,2,36,503,96,7,M_CONSOLETILING_SHOW_26065EE8,28,71,120,100
optimized-release,2.4166e-05,5,2,8,0,0,4,504,7,1,M_CONSOLETILING_HIDE_B9E54D0B,5,10,8,7
optimized-release,2.6583e-05,7,5,13,0,0,6,505,11,1,M_CONSOLETILING_FOCUS_1EF2C0A5,7,14,13,12
optimized-release,4.459e-06,1,0,1,0,0,0,506,1,1,M_CONSOLE_SCREENWIDTH_02A0531A,1,2,1,1
optimized-release,3.292e-06,1,0,1,0,0,0,507,1,1,M_CONSOLE_SCREENHEIGHT_21CB6DFB,1,2,1,1
optimized-release,7.7084e-05,9,17,25,0,0,12,508,22,2,M_CONSOLE_FREEINSTANCE_35A7F9E7,9,18,25,24
optimized-release,0.0003225,36,45,117,5,6,50,509,88,5,M_CONSOLE_CREATE_AA57C2F6,36,77,117,94
optimized-release,9.4416e-05,17,23,45,0,0,20,510,40,2,M_CONSOLE_DESTROY_8B3B48E8,17,34,45,42
optimized-release,7.75e-06,1,3,4,0,0,0,511,4,3,M_CONSOLE_SHOW_21D86251,1,2,4,4
optimized-release,5.291e-06,1,1,2,0,0,0,512,2,1,M_CONSOLE_HIDE_EC93B70A,1,2,2,2
optimized-release,4.375e-06,1,1,2,0,0,0,513,2,1,M_CONSOLE_FOCUS_1C4A8DCE,1,2,2,2
optimized-release,5.458e-06,1,0,1,0,0,0,516,1,1,M_DOSCORE_GETREGISTRY_D528A1F7,1,2,1,1
optimized-release,2.2083e-05,1,13,38,0,0,0,517,38,2,M_FSOPERATION_CANCELLABLE_CAA34525,1,2,38,38
optimized-release,7.525e-05,12,32,46,0,0,16,518,40,2,M_FSOPERATION_PREPARE_EA34E162,12,24,46,44
optimized-release,7.1292e-05,12,33,56,0,0,14,519,51,3,M_FSOPERATION_AUTHORITY_2081E9D0,12,24,56,54
optimized-release,3.5167e-05,9,8,14,0,0,10,520,14,1,M_FSOPERATION_CANCELED_56B92A04,9,18,14,14
optimized-release,3.225e-05,8,8,14,0,0,9,521,13,2,M_FSOPERATION_CLAIM_4C8DDFC1,8,16,14,14
optimized-release,6.0625e-05,10,18,31,0,0,14,522,28,2,M_FSOPERATION_REQUEST_3F73D6DE,10,20,31,30
optimized-release,9.2625e-05,13,12,29,5,2,16,523,19,3,M_FSOPERATION_UNLINK_B5280A26,13,37,29,21
optimized-release,4.1792e-05,9,11,19,0,0,11,524,18,2,M_FSOPERATION_REPLYREADY_532E4DE6,9,18,19,19
optimized-release,2.1167e-05,4,10,12,0,0,5,525,12,1,M_FSOPERATION_COLLECT_397028AF,4,8,12,12
optimized-release,0.000107625,18,13,44,13,0,25,526,26,3,M_FSOPERATION_PUMP_B18C8A95,18,44,44,28
optimized-release,5.875e-06,1,1,2,0,0,0,527,2,1,M_DOSCLIENT_IOERR_BF9E8A97,1,2,2,2
optimized-release,8.541e-06,1,4,6,0,0,0,528,5,2,M_DOSCLIENT_SETIOERR_93E1A287,1,2,6,5
optimized-release,5.042e-06,1,1,2,0,0,0,529,2,2,M_DOSCLIENT_SETERROR_F2B11A26,1,2,2,2
optimized-release,3.6042e-05,5,24,39,0,0,4,530,30,2,M_DOSCLIENT_NEWCLIENT_41735729,5,10,39,34
optimized-release,4.3083e-05,10,16,24,0,0,11,531,22,2,M_DOSCLIENT_ENSURESLOT_00C71048,10,20,24,23
optimized-release,4.708e-06,1,0,2,0,0,0,532,2,1,M_DOSCLIENT_ENSURE_1859B044,1,2,2,2
optimized-release,2.2583e-05,5,8,10,0,0,6,533,10,2,M_DOSCLIENT_CLEARSELECTIONS_93A1D5D6,5,10,10,10
optimized-release,0.000177958,28,54,78,0,0,41,534,73,2,M_DOSCLIENT_RELEASECONTEXT_90CB2A06,28,56,78,76
optimized-release,4.5334e-05,9,16,24,0,0,13,535,23,2,M_DOSCLIENT_CHECKREPLY_4530772C,9,18,24,24
optimized-release,0.000270541,35,54,98,7,4,50,536,85,5,M_DOSCLIENT_CALL_35DB3B22,35,77,98,88
optimized-release,4.5583e-05,9,8,22,3,2,10,537,13,3,M_DOSOBJECTS_FIND_2E898C70,9,19,22,16
optimized-release,2.1792e-05,3,12,18,0,0,3,538,14,2,M_DOSOBJECTS_LINK_9FA00D0F,3,6,18,16
optimized-release,8.7584e-05,12,21,36,3,2,15,539,28,2,M_DOSOBJECTS_UNLINK_C978FCF4,12,35,36,31
optimized-release,9.417e-06,1,2,8,0,0,0,540,7,2,M_BLOCKCACHE_METADATABYTES_EA4C1D98,1,2,8,8
optimized-release,5.075e-05,8,25,47,0,0,8,541,45,3,M_BLOCKCACHE_CREATE_BA82E51A,8,16,47,46
optimized-release,1.9667e-05,3,14,21,0,0,2,542,20,2,M_BLOCKCACHE_DESTROY_EB1A5F0C,3,6,21,21
optimized-release,5.2459e-05,10,11,23,6,2,13,543,19,3,M_BLOCKCACHE_INVALIDATE_4E66AC31,10,27,23,19
optimized-release,2.5542e-05,3,11,25,0,0,3,544,24,2,M_BLOCKCACHE_SETINDEX_5318FF18,3,6,25,24
optimized-release,6.1541e-05,10,13,32,7,2,14,545,24,4,M_BLOCKCACHE_FIND_1946044D,10,21,32,24
optimized-release,4.4792e-05,8,8,22,4,2,9,546,15,5,M_BLOCKCACHE_FORGET_8D9AE1E1,8,21,22,15
optimized-release,2.7334e-05,4,5,13,2,2,4,547,8,3,M_BLOCKCACHE_COPY_EC1E9165,4,11,13,10
optimized-release,8.042e-06,1,3,6,0,0,0,548,6,2,M_BLOCKCACHE_PAYLOAD_A5530E46,1,2,6,6
optimized-release,0.000104167,14,25,52,0,0,19,549,42,5,M_BLOCKCACHE_READ_6E9EB2D8,14,28,52,42
optimized-release,8.9e-05,11,37,70,4,2,15,550,57,5,M_BLOCKCACHE_STOREPART_C61D91FE,11,25,70,57
optimized-release,3.1375e-05,6,15,18,0,0,6,551,18,4,M_BLOCKCACHE_STORE_364610B1,6,12,18,18
optimized-release,0.000101958,18,13,26,0,0,26,552,26,1,M_BLOCKIO_GEOMETRY_4529DFEE,18,36,26,26
optimized-release,3.5542e-05,9,9,14,0,0,10,553,14,2,M_BLOCKIO_SECTORBYTES_B8369631,9,18,14,14
optimized-release,9.0708e-05,16,11,38,5,2,18,554,35,2,M_BLOCKIO_MAPPED_A9EEA713,16,33,38,35
optimized-release,4.4917e-05,9,17,33,0,0,10,555,27,2,M_BLOCKIO_CREATE_DF5BA086,9,18,33,31
optimized-release,2.6417e-05,6,13,19,0,0,6,556,17,1,M_BLOCKIO_DESTROY_0CC5CBD8,6,12,19,19
optimized-release,8.292e-06,1,1,11,0,0,0,557,1,1,M_BLOCKIO_DEVICENAME_55BC3EC3,1,2,11,1
optimized-release,3.3333e-05,5,22,35,0,0,4,558,29,3,M_BLOCKIO_OPENVOLUME_36B90798,5,10,35,32
optimized-release,4.9625e-05,10,22,35,0,0,13,559,30,2,M_BLOCKIO_DETACH_FC4FFB83,10,20,35,34
optimized-release,6e-06,1,1,2,0,0,0,560,1,1,M_BLOCKIO_DISCARDBUFFER_3EED9C90,1,2,2,1
optimized-release,6.417e-06,1,2,3,0,0,0,561,3,1,M_BLOCKIO_INVALIDATE_E4DCC90F,1,2,3,3
optimized-release,2.4416e-05,5,12,16,0,0,6,562,16,2,M_BLOCKIO_CACHED_7ABF0DB0,5,10,16,16
optimized-release,8.959e-06,1,5,9,0,0,0,563,5,2,M_BLOCKIO_PUBLISH_42B93901,1,2,9,5
optimized-release,1.725e-05,1,18,23,0,0,0,564,23,2,M_BLOCKIO_PREPARE_810BFFA1,1,2,23,23
optimized-release,4.5625e-05,10,19,29,0,0,10,565,28,2,M_BLOCKIO_COMPLETE_80F6A54F,10,20,29,28
optimized-release,3.65e-05,8,16,23,0,0,8,566,21,2,M_BLOCKIO_CHECK_A5B41A2A,8,16,23,22
optimized-release,4.0584e-05,7,36,45,0,0,6,567,44,5,M_BLOCKIO_BEGINFETCH_6B9D7F07,7,14,45,44
optimized-release,9.4625e-05,11,38,58,3,2,13,568,51,5,M_BLOCKIO_BEGINSTORE_D38E59E4,11,27,58,51
optimized-release,3.5833e-05,4,24,31,0,0,4,569,30,5,M_BLOCKIO_FINISHFETCH_D55D2AA5,4,8,31,30
optimized-release,8.792e-06,1,4,5,0,0,0,570,5,4,M_BLOCKIO_FINISHSTORE_0115A3DE,1,2,5,5
optimized-release,2.8458e-05,4,5,13,2,2,4,571,8,3,M_FSCORE_COPYENTRY_48DFB26E,4,11,13,10
optimized-release,1.05e-05,1,7,14,0,0,0,572,7,2,M_FSCORE_BEGINOPERATION_525CBD4F,1,2,14,7
optimized-release,2.2833e-05,4,17,21,0,0,4,573,19,3,M_FSCORE_FINISHOPERATION_46633DF1,4,8,21,19
optimized-release,3.6709e-05,10,6,12,0,0,12,574,12,1,M_FS83_LEGAL_57119700,10,20,12,12
optimized-release,1.55e-05,4,4,7,0,0,4,575,7,1,M_FS83_FOLD_0A64C6B8,4,8,7,7
optimized-release,9.2792e-05,16,11,26,9,2,21,576,22,2,M_FS83_STORED_D2BF7200,16,37,26,22
optimized-release,5.5209e-05,10,9,22,5,2,11,577,17,3,M_FS83_MATCH_C3E96F9C,10,27,22,17
optimized-release,5.0042e-05,10,29,37,3,0,10,578,35,2,M_FS83_STARTRESOLVE_ED05839D,10,21,37,35
optimized-release,0.000201,29,28,74,14,10,39,579,58,4,M_FS83_COMPONENT_3DA5FCEA,29,90,74,58
optimized-release,5.4667e-05,11,17,34,0,0,14,580,31,2,M_FS83_SELECTMATCH_2C823C16,11,22,34,31
optimized-release,2.975e-05,7,12,18,0,0,8,581,18,2,M_FS83_CHOOSE_D3525E62,7,14,18,18
optimized-release,0.000142375,25,34,68,0,0,36,582,68,1,M_FSNAMES_STREAM_12DD2A4A,25,50,68,68
optimized-release,2.9916e-05,6,7,16,0,0,6,583,15,2,M_FSNAMES_MAPPED_324F42A3,6,12,16,15
optimized-release,0.000219167,30,7,60,23,10,39,584,42,5,M_FSNAMES_PATH_CFBF830F,30,79,60,42
optimized-release,1.9917e-05,3,7,16,0,0,2,585,16,2,M_FSNAMES_SYSTEM_7AF4AE7D,3,6,16,16
optimized-release,4.0959e-05,8,5,26,4,2,8,586,20,4,M_FSNAMES_VALIDALIAS_36EB4E14,8,17,26,20
optimized-release,8.791e-06,1,3,8,0,0,0,587,8,2,M_DOSSTREAMS_VALIDMODE_6A43AE29,1,2,8,8
optimized-release,2.5e-05,7,4,9,0,0,6,588,9,2,M_DOSSTREAMS_VALIDBUFFER_D67D80FE,7,14,9,9
optimized-release,2.0791e-05,3,10,17,0,0,2,589,14,2,M_DOSSTREAMS_OPENNIL_7EDE8F17,3,6,17,16
optimized-release,2.1875e-05,5,7,10,0,0,4,590,10,2,M_DOSSTREAMS_TRANSFERNIL_E7EA5C2C,5,10,10,10
optimized-release,2.0208e-05,3,7,12,0,0,3,591,10,2,M_DOSSTREAMS_CLOSENIL_3520E24B,3,6,12,12
optimized-release,1.9875e-05,4,5,12,2,2,4,592,7,3,M_DOSPIPE_WAKE_206F5695,4,9,12,9
optimized-release,5.125e-05,9,12,21,3,2,10,593,16,2,M_DOSPIPE_UNWAIT_23BF06C3,9,25,21,18
optimized-release,0.000105834,15,34,60,0,0,19,594,50,2,M_DOSPIPE_CREATE_3311B233,15,30,60,59
optimized-release,7.2792e-05,12,22,36,0,0,14,595,30,2,M_DOSPIPE_CLONE_F42CC55A,12,24,36,33
optimized-release,7.6042e-05,13,22,38,0,0,18,596,33,2,M_DOSPIPE_DISCARD_EA487971,13,26,38,35
optimized-release,1.925e-05,3,6,11,0,0,3,597,10,2,M_DOSPIPE_CLOSE_E3C2D505,3,6,11,11
optimized-release,0.000686916,57,42,198,38,30,78,598,125,10,M_DOSPIPE_TRANSFER_59D539F6,57,188,198,127
optimized-release,5.958e-06,1,0,1,0,0,0,599,1,1,M_DOSRAW_GETREGISTRY_976423CC,1,2,1,1
optimized-release,3.2834e-05,1,1,6,0,0,0,600,6,1,M_DOSRAW_UNITREGISTRY_DD0D5704,1,2,6,6
optimized-release,0.000100958,16,9,38,11,5,21,601,27,4,M_DOSRAW_UNIT_B2527969,16,33,38,27
optimized-release,5.3209e-05,10,16,34,5,2,12,602,28,4,M_DOSRAW_LIVE_14427091,10,21,34,29
optimized-release,2.25e-05,1,26,31,0,0,0,603,29,2,M_DOSRAW_INITIALIZE_D871F7B7,1,2,31,29
optimized-release,6.25e-06,1,2,2,0,0,0,604,2,1,M_DOSRAW_ROLLBACK_4A7594F5,1,2,2,2
optimized-release,0.000104666,18,38,65,0,0,18,605,55,3,M_DOSRAW_ACQUIRE_CC49A145,18,36,65,60
optimized-release,3.7041e-05,5,18,32,0,0,4,606,26,2,M_DOSRAW_OPENSIZED_F1E27B78,5,10,32,30
optimized-release,6.709e-06,1,2,3,0,0,0,607,3,2,M_DOSRAW_OPEN_5F7F2547,1,2,3,3
optimized-release,3.0791e-05,8,6,15,0,0,8,608,15,2,M_DOSRAW_VALIDEXTENT_84EF7CCB,8,16,15,15
optimized-release,3.2833e-05,7,9,15,0,0,9,609,13,2,M_DOSRAW_RELEASEOPERATION_C2E80557,7,14,15,14
optimized-release,0.000164584,20,49,70,0,0,24,610,64,3,M_DOSRAW_PREPARE_F51F1B68,20,40,70,67
optimized-release,2.6625e-05,3,14,17,0,0,3,611,15,3,M_DOSRAW_FINISH_BB47E14C,3,6,17,16
optimized-release,0.000134708,21,33,48,0,0,30,612,49,3,M_DOSRAW_COMPLETE_0FD428DA,21,42,48,49
optimized-release,2.1959e-05,5,6,13,0,0,4,613,10,2,M_DOSRAW_RETAIN_4DF2DE08,5,10,13,11
optimized-release,3.9958e-05,8,17,30,0,0,8,614,25,2,M_DOSRAW_RELEASEENDPOINT_3E946265,8,16,30,28
optimized-release,4.7917e-05,9,15,30,0,0,10,615,24,2,M_DOSRAW_CLOSESIZED_2208AD92,9,18,30,28
optimized-release,6.667e-06,1,2,3,0,0,0,616,3,2,M_DOSRAW_CLOSE_4F38859D,1,2,3,3
optimized-release,1.3625e-05,3,5,7,0,0,3,617,6,1,M_COOKEDLINE_FREEHISTORY_E31E705E,3,6,7,7
optimized-release,1.3e-05,3,8,9,0,0,3,618,9,1,M_COOKEDLINE_RESETHISTORY_27C90F73,3,6,9,9
optimized-release,7.25e-06,1,2,6,0,0,0,619,6,2,M_COOKEDLINE_HISTORYSLOT_205258CE,1,2,6,6
optimized-release,0.000251042,31,46,91,10,6,41,620,78,3,M_COOKEDLINE_REMEMBER_E39B9025,31,72,91,78
optimized-release,0.000145625,22,51,90,3,6,27,621,81,4,M_COOKEDLINE_RECALL_089A5861,22,47,90,81
optimized-release,8.75e-06,1,1,16,0,0,0,622,1,1,M_COOKEDLINE_INIT_553F5E46,1,2,16,1
optimized-release,1.5125e-05,3,2,6,0,0,3,623,4,1,M_COOKEDLINE_CREATE_35929826,3,6,6,5
optimized-release,2.5292e-05,6,8,12,0,0,6,624,11,1,M_COOKEDLINE_DESTROY_77CB15F8,6,12,12,12
optimized-release,1.7583e-05,4,6,10,0,0,4,625,9,2,M_COOKEDLINE_RETAIN_F54817A1,4,8,10,9
optimized-release,3.3833e-05,7,13,21,0,0,8,626,19,2,M_COOKEDLINE_RELEASE_68B6E005,7,14,21,20
optimized-release,1.4708e-05,4,5,7,0,0,4,627,7,1,M_COOKEDLINE_ENTER_AF5023D0,4,8,7,7
optimized-release,5.417e-06,1,1,1,0,0,0,628,1,1,M_COOKEDLINE_LEAVE_C362F351,1,2,1,1
optimized-release,6.05e-05,12,16,26,0,0,15,629,25,2,M_COOKEDLINE_SETHISTORY_7BFEF58A,12,24,26,26
optimized-release,6.292e-06,1,1,5,0,0,0,630,1,1,M_COOKEDLINE_EMPTY_73E023F3,1,2,5,1
optimized-release,3.0125e-05,4,13,26,2,2,4,631,22,4,M_COOKEDLINE_ERASE_F76E1DAE,4,11,26,22
optimized-release,8.75e-06,1,7,7,0,0,0,632,7,2,M_COOKEDLINE_LOSE_A2B86A77,1,2,7,7
optimized-release,0.00055825,70,101,188,8,17,89,633,165,4,M_COOKEDLINE_FEED_E5727982,70,143,188,165
optimized-release,7.9292e-05,14,33,48,0,0,16,634,46,3,M_COOKEDLINE_DRAIN_A743CD2C,14,28,48,46
optimized-release,0.000371042,44,89,233,12,30,65,635,180,6,M_COOKEDLINE_RENDER_D6B4258E,44,105,233,180
optimized-release,9.5875e-05,16,18,34,5,2,19,636,33,2,M_DOSCANCEL_TRANSFER_DC8DFD88,16,34,34,33
optimized-release,3.4041e-05,5,8,16,0,0,4,637,13,2,M_DOSCOOKED_OPEN_FB0901F4,5,10,16,15
optimized-release,3.3542e-05,6,9,16,0,0,7,638,15,2,M_DOSCOOKED_CLOSE_1355CA48,6,12,16,15
optimized-release,0.000137334,19,32,52,0,0,27,639,48,2,M_DOSCOOKED_WIRE_7D812E8B,19,38,52,50
optimized-release,5.3792e-05,9,20,32,0,0,9,640,30,2,M_DOSCOOKED_BEGIN_9BFE5F7B,9,18,32,31
optimized-release,3.6458e-05,5,23,30,0,0,5,641,30,2,M_DOSCOOKED_CANCELLINE_F449849C,5,10,30,32
optimized-release,0.000202125,31,32,75,14,0,34,642,69,3,M_DOSCOOKED_ACQUIRELINE_772F100E,31,84,75,69
optimized-release,0.000112917,17,34,55,0,0,19,643,54,3,M_DOSCOOKED_READLOCKED_B41BFB52,17,34,55,54
optimized-release,2.0875e-05,3,9,12,0,0,2,644,12,4,M_DOSCOOKED_READ_AAA4E8F8,3,6,12,12
optimized-release,1.275e-05,3,3,8,0,0,2,645,5,1,M_DOSBREAK_CURRENT_B838AC0B,3,6,8,7
optimized-release,3.2416e-05,5,14,25,0,0,4,646,20,2,M_DOSBREAK_ALLOCATE_10964711,5,10,25,23
optimized-release,8.625e-06,1,5,6,0,0,0,647,6,1,M_DOSBREAK_FREE_76D15FA8,1,2,6,7
optimized-release,0.00016225,26,26,54,0,0,28,648,44,2,M_DOSBREAK_BEGIN_A70D4CB3,26,52,54,49
optimized-release,3.6e-05,9,7,15,0,0,8,649,13,1,M_DOSBREAK_END_B7800793,9,18,15,13
optimized-release,1.6417e-05,5,2,6,0,0,4,650,5,1,M_DOSBREAK_PENDING_1B1DF51D,5,10,6,5
optimized-release,2.4875e-05,6,8,14,0,0,6,651,13,1,M_DOSBREAK_CLEAR_B7EEEC7D,6,12,14,14
optimized-release,6.167e-06,1,1,2,0,0,0,652,2,1,M_FSSYSTEM_SELECTED_9418F47A,1,2,2,2
optimized-release,8.75e-06,2,0,3,0,0,1,653,3,1,M_FSSYSTEM_SYSTEMUNIT_F93F9C60,2,4,3,3
optimized-release,1.4166e-05,3,3,6,0,0,2,654,6,1,M_FSSYSTEM_UNIT_D8E8C927,3,6,6,6
optimized-release,2.9e-05,7,5,13,0,0,6,655,12,2,M_FSSYSTEM_NAMEBYTE_29131912,7,14,13,12
optimized-release,5.2084e-05,9,11,31,4,2,10,656,27,3,M_FSSYSTEM_MATCHES_6FF2F0E4,9,19,31,27
optimized-release,4.0709e-05,8,5,18,4,2,8,657,14,4,M_FSSYSTEM_SAMENAME_3086AACE,8,17,18,14
optimized-release,1.9666e-05,3,5,13,0,0,3,658,13,2,M_FSSYSTEM_APPLY_F77568D5,3,6,13,13
optimized-release,5.458e-06,1,1,3,0,0,0,659,2,1,M_FSREGISTRY_SERVICE_31663004,1,2,3,3
optimized-release,1.4625e-05,3,5,8,0,0,3,660,7,2,M_FSREGISTRY_RETAIN_218C5FAC,3,6,8,7
optimized-release,3.6125e-05,7,11,18,0,0,10,661,17,2,M_FSREGISTRY_RETAINBASE_94E5BA0B,7,14,18,17
optimized-release,2.65e-05,5,11,19,0,0,7,662,17,2,M_FSREGISTRY_RELEASE_E0E99364,5,10,19,18
optimized-release,0.000103,15,13,43,9,8,22,663,31,6,M_FSREGISTRY_LOOKUP_AD8B60C1,15,42,43,32
optimized-release,8.459e-06,1,3,5,0,0,0,664,5,3,M_FSREGISTRY_FINDOBJECT_780CC443,1,2,5,5
optimized-release,8.4958e-05,18,22,35,0,0,19,665,31,2,M_FSREGISTRY_FROMHEADER_DCD07C60,18,36,35,33
optimized-release,1.6417e-05,3,7,11,0,0,2,666,10,2,M_FSREGISTRY_STAMP_BE264D84,3,6,11,10
optimized-release,6.125e-06,1,1,4,0,0,0,667,4,1,M_DOSWIRE_ISPOINTER_E1AC855F,1,2,4,4
optimized-release,1.6417e-05,3,9,12,0,0,3,668,10,2,M_FSLEASES_LINK_92921FD5,3,6,12,11
optimized-release,6.1583e-05,11,17,27,4,2,14,669,22,2,M_FSLEASES_UNLINK_039AB2C8,11,29,27,24
optimized-release,1.3917e-05,3,5,10,0,0,2,670,8,1,M_FSLEASES_OBJECTENTRY_FCD8C666,3,6,10,10
optimized-release,2.625e-05,3,18,26,0,0,3,671,26,3,M_FSLEASES_SAME_B25DFB61,3,6,26,26
optimized-release,0.000185917,24,23,74,21,22,34,672,50,7,M_FSLEASES_BUSY_31143750,24,52,74,54
optimized-release,6.8292e-05,11,13,35,6,2,14,673,24,5,M_FSLEASES_LIVE_C7D42DE5,11,28,35,28
optimized-release,1.375e-05,3,5,8,0,0,2,674,6,1,M_FSLEASES_WRITABLE_932CF683,3,6,8,7
optimized-release,1.2417e-05,3,2,6,0,0,3,675,4,1,M_FSFILES_ALLOCATE_3EE5B3A2,3,6,6,5
optimized-release,1.2042e-05,3,3,7,0,0,2,676,5,2,M_FSFILES_CREATE_5EA85CDB,3,6,7,6
optimized-release,2.7916e-05,6,10,16,0,0,6,677,14,2,M_FSFILES_RETAIN_1627AB28,6,12,16,14
optimized-release,2.6458e-05,5,11,16,0,0,6,678,15,2,M_FSFILES_DROPSHARED_A840009F,5,10,16,15
optimized-release,3.3e-05,7,11,19,0,0,8,679,16,2,M_FSFILES_RELEASE_91585E60,7,14,19,17
optimized-release,7e-06,1,1,4,0,0,0,680,4,1,M_FSLOCKS_TRAILER_B3BA463B,1,2,4,4
optimized-release,5.458e-06,1,1,4,0,0,0,681,4,1,M_FSLOCKS_TEXT_C72F70F3,1,2,4,4
optimized-release,6.959e-06,1,2,6,0,0,0,682,5,1,M_FSLOCKS_ALLOCATION_5B5A6C20,1,2,6,6
optimized-release,2.7583e-05,4,10,25,2,2,4,683,19,3,M_FSLOCKS_ROOT_D04E0C54,4,11,25,19
optimized-release,1.9875e-05,3,13,18,0,0,2,684,17,3,M_FSLOCKS_ADD_DEA4C903,3,6,18,17
optimized-release,0.000126208,25,24,58,8,4,28,685,50,3,M_FSLOCKS_APPEND_3EC68462,25,52,58,50
optimized-release,1.7542e-05,3,5,13,0,0,2,686,11,2,M_FSLOCKS_ALLOCATE_39B5BEE3,3,6,13,12
optimized-release,3.7959e-05,7,9,22,3,2,8,687,17,3,M_FSLOCKS_CREATE_34BC7CB2,7,17,22,17
optimized-release,7.791e-06,1,2,5,0,0,0,688,4,2,M_FSLOCKS_FREE_701F260A,1,2,5,5
optimized-release,2.6166e-05,6,6,12,0,0,7,689,8,2,M_FSOBJECTS_FREE_154D29BE,6,12,12,11
optimized-release,3.9458e-05,10,13,21,0,0,11,690,18,2,M_FSACTIVE_CURRENTSCOPE_BF6A95BD,10,20,21,20
optimized-release,0.000193208,21,22,52,8,4,29,691,48,2,M_BLOCKWIRE_EXCHANGE_9F443072,21,67,52,51
optimized-release,7.75e-06,1,3,4,0,0,0,692,4,3,M_BLOCKWIRE_TRANSFER_0A2F17CC,1,2,4,4
optimized-release,5.959e-06,1,3,4,0,0,0,693,4,3,M_BLOCKWIRE_TRANSFERCOMMITTED_FEB13FCA,1,2,4,4
optimized-release,8.875e-06,1,6,11,0,0,0,694,11,3,M_SDFS_WORD_9040534F,1,2,11,11
optimized-release,7.625e-06,1,5,11,0,0,0,695,11,3,M_SDFS_LENGTH_0EB65DB7,1,2,11,11
optimized-release,5.334e-06,1,2,3,0,0,0,696,2,1,M_SDFS_GETSTATE_E428DC88,1,2,3,3
optimized-release,6.167e-06,1,3,5,0,0,0,697,5,2,M_SDFS_CREATEWORK_894591E8,1,2,5,5
optimized-release,1.3708e-05,3,5,6,0,0,3,698,6,1,M_SDFS_DESTROYWORK_D1F8FE6A,3,6,6,6
optimized-release,5.958e-06,1,3,5,0,0,0,699,5,2,M_SDFS_CREATEVOLUME_B12DE8AD,1,2,5,5
optimized-release,1.1583e-05,3,5,6,0,0,3,700,6,1,M_SDFS_DESTROYVOLUME_8A02EFB7,3,6,6,6
optimized-release,6.583e-06,1,3,5,0,0,0,701,4,1,M_SDFS_INVALIDATE_8CE6E30A,1,2,5,4
optimized-release,3.2417e-05,7,13,19,0,0,8,702,18,2,M_SDFS_ALLOWED_D687D449,7,14,19,19
optimized-release,7.042e-06,1,6,6,0,0,0,703,6,1,M_SDFS_BEGINMOUNT_68830325,1,2,6,6
optimized-release,0.000242792,31,72,118,0,0,43,704,116,2,M_SDFS_HEADER_D37EFF70,31,62,118,117
optimized-release,1.8e-05,3,10,13,0,0,2,705,12,2,M_SDFS_MOUNTBUFFERED_7F8C68E7,3,6,13,13
optimized-release,5.917e-06,1,1,4,0,0,0,706,3,1,M_SDFS_MAP_D6A7DDA3,1,2,4,4
optimized-release,8.75e-06,1,8,10,0,0,0,707,9,2,M_SDFS_RESTART_887C29F6,1,2,10,9
optimized-release,1.5375e-05,1,15,24,0,0,0,708,23,3,M_SDFS_CACHED_B7AA1E89,1,2,24,23
optimized-release,4.2e-05,5,19,35,3,2,6,709,26,4,M_SDFS_CACHE_55DBD7B1,5,15,35,27
optimized-release,7.3083e-05,13,14,29,8,2,17,710,26,3,M_SDFS_SECTORALLOWED_D0C4D1BB,13,27,29,26
optimized-release,0.00015725,25,27,80,9,2,35,711,57,7,M_SDFS_VALIDATEMAP_D7214A91,25,60,80,57
optimized-release,2.3458e-05,3,16,24,0,0,2,712,20,3,M_SDFS_ADVANCE_66AE3A9F,3,6,24,21
optimized-release,7.5e-06,1,4,6,0,0,0,713,6,2,M_MYDOS_CREATEVOLUME_8FA50CD3,1,2,6,6
optimized-release,1.2917e-05,3,5,6,0,0,3,714,6,1,M_MYDOS_DESTROYVOLUME_8DF1D5D5,3,6,6,6
optimized-release,3.8333e-05,8,12,19,0,0,10,715,18,2,M_MYDOS_DATASECTOR_95277D3B,8,16,19,19
optimized-release,3.7375e-05,7,13,26,0,0,8,716,25,2,M_MYDOS_VALIDDIRECTORY_1CF8F62E,7,14,26,26
optimized-release,8.2875e-05,13,29,50,0,0,15,717,47,2,M_MYDOS_EXTENT_5BCD29B5,13,26,50,48
optimized-release,4.9375e-05,7,24,44,0,0,8,718,41,2,M_MYDOS_HEADER_A95A323A,7,14,44,42
optimized-release,1.5375e-05,3,10,11,0,0,2,719,11,1,M_MYDOS_BEGINMOUNT_AA58F6DF,3,6,11,11
optimized-release,1.5792e-05,3,10,13,0,0,2,720,12,2,M_MYDOS_MOUNTBUFFERED_114678B9,3,6,13,13
optimized-release,4.05e-05,4,27,49,2,2,4,721,46,4,M_MYDOS_DECODE_69B6DF25,4,9,49,46
optimized-release,5.8208e-05,12,15,29,0,0,14,722,28,2,M_MYDOS_LIVE_1E4E1377,12,24,29,28
optimized-release,5.3959e-05,11,24,42,0,0,10,723,40,4,M_MYDOS_BUFFEREDENTRY_DC465C80,11,22,42,41
optimized-release,5.0166e-05,8,19,27,0,0,8,724,27,3,M_MYDOS_BEGINENTRY_95F170F4,8,16,27,27
optimized-release,7.5917e-05,12,24,47,5,2,14,725,40,4,M_MYDOS_DESCEND_C497F8DD,12,25,47,40
optimized-release,2.4875e-05,4,11,17,2,2,4,726,15,2,M_MYDOS_ROOTENTRY_E3F00029,4,9,17,15
optimized-release,1.95e-05,5,5,8,0,0,4,727,8,2,M_MYDOS_STARTRESOLVE_24B3B079,5,10,8,8
optimized-release,1.3042e-05,3,6,9,0,0,2,728,8,2,M_MYDOS_RESOLVECOMPONENT_8F2130C4,3,6,9,8
optimized-release,0.000104584,21,20,44,7,0,23,729,39,3,M_MYDOS_RESOLVESTEP_4ADA26D9,21,50,44,39
optimized-release,0.000170833,26,26,71,10,4,32,730,57,6,M_MYDOS_VALIDATEBASE_0A85139C,26,69,71,57
optimized-release,7.5e-06,1,1,4,0,0,0,731,3,1,M_MYDOSFILE_CHAIN_94A5D226,1,2,4,4
optimized-release,1.2875e-05,1,12,14,0,0,0,732,13,2,M_MYDOSFILE_RESTART_75C66A72,1,2,14,13
optimized-release,0.000110125,18,35,60,3,4,24,733,54,3,M_MYDOSFILE_OPEN_0FD3469F,18,37,60,54
optimized-release,5.2917e-05,10,7,25,5,2,12,734,19,4,M_MYDOSFILE_SECTORALLOWED_E72DFCC7,10,25,25,19
optimized-release,4.2875e-05,9,25,40,0,0,8,735,34,2,M_MYDOSFILE_VISIT_2F7F40D0,9,18,40,34
optimized-release,4.9917e-05,7,31,49,0,0,7,736,48,4,M_MYDOSFILE_TRAILER_58DD2DFC,7,14,49,49
optimized-release,3.825e-05,9,20,32,0,0,8,737,31,3,M_MYDOSFILE_LINK_86A70D17,9,18,32,31
optimized-release,8.6375e-05,13,25,40,0,0,17,738,39,3,M_MYDOSFILE_VALIDATE_CCD11D35,13,26,40,39
optimized-release,1.4791e-05,1,12,13,0,0,0,739,13,2,M_MYDOSFILE_FAIL_8A60C23B,1,2,13,13
optimized-release,3.1666e-05,4,23,28,0,0,5,740,27,3,M_MYDOSFILE_CANCEL_40161F05,4,8,28,27
optimized-release,1.1667e-05,1,7,14,0,0,0,741,10,3,M_MYDOSFILE_ADVANCE_71346BED,1,2,14,10
optimized-release,8.083e-06,1,6,7,0,0,0,742,7,2,M_MYDOSFILE_NEEDSECTOR_4EE2E2C1,1,2,7,7
optimized-release,7.5958e-05,14,36,55,0,0,15,743,53,2,M_MYDOSFILE_BEGINREAD_56DCAA56,14,28,55,53
optimized-release,6.2667e-05,12,29,44,0,0,13,744,43,3,M_MYDOSFILE_TARGET_3D0FAE04,12,24,44,43
optimized-release,4.4917e-05,10,17,30,0,0,9,745,26,2,M_MYDOSFILE_BEGINSEEK_007E9A86,10,20,30,26
optimized-release,3.8208e-05,7,22,35,0,0,6,746,33,3,M_MYDOSFILE_LOCATE_F172D4F1,7,14,35,33
optimized-release,4.7209e-05,5,19,33,3,2,6,747,28,3,M_MYDOSFILE_COPY_B45932A2,5,13,33,29
optimized-release,5.075e-05,8,29,49,0,0,10,748,44,3,M_MYDOSFILE_CONSUME_CDF927EF,8,16,49,44
optimized-release,5.1833e-05,11,24,39,0,0,11,749,36,2,M_MYDOSFILE_CONTINUEOPERATION_DDF4199B,11,22,39,36
optimized-release,7.5584e-05,13,21,34,0,0,15,750,33,2,M_MYDOSFILE_MEASURE_660762A9,13,26,34,33
optimized-release,0.000100292,18,35,58,3,2,22,751,53,3,M_SDFSFILE_OPEN_2046DF25,18,37,58,53
optimized-release,1.2833e-05,1,13,13,0,0,0,752,13,2,M_SDFSFILE_FAIL_23FC14B5,1,2,13,13
optimized-release,2.2e-05,4,13,17,0,0,4,753,17,3,M_SDFSFILE_CANCEL_B60AB817,4,8,17,17
optimized-release,5.5958e-05,11,27,39,0,0,13,754,38,3,M_SDFSFILE_BEGINSEEK_80AE6CDC,11,22,39,38
optimized-release,7.2375e-05,14,35,54,0,0,16,755,51,3,M_SDFSFILE_BEGINREAD_A4D537D8,14,28,54,51
optimized-release,0.000102792,12,36,74,6,4,15,756,61,6,M_SDFSFILE_CONSUME_19CF3939,12,34,74,62
optimized-release,0.000154667,21,72,109,0,0,23,757,106,3,M_SDFSFILE_DRIVE_59FB4F1B,21,42,109,107
optimized-release,3.1625e-05,7,17,24,0,0,6,758,24,2,M_SDFSFILE_CONTINUEOPERATION_077FC395,7,14,24,24
optimized-release,0.000216958,31,73,134,11,4,36,759,119,4,M_SDFSFILE_MEASURE_B257955B,31,66,134,120
optimized-release,6.959e-06,1,1,3,0,0,0,760,3,1,M_SDFSDATE_LEAP_5FE3C9CD,1,2,3,3
optimized-release,3.5167e-05,8,6,14,0,0,10,761,14,1,M_SDFSDATE_MONTHDAYS_18463582,8,16,14,14
optimized-release,0.000156042,21,27,89,3,10,31,762,72,5,M_SDFSDATE_DECODE_E4AFE2B3,21,46,89,72
optimized-release,7.459e-06,1,3,3,0,0,0,763,3,2,M_SDFSDIR_ERROR_F11B3DDA,1,2,3,3
optimized-release,3.975e-05,5,13,36,3,2,6,764,22,4,M_SDFSDIR_SEED_AE4E45A1,5,13,36,22
optimized-release,8.8042e-05,14,40,56,0,0,16,765,55,2,M_SDFSDIR_BEGINENTRY_4CCF1AF9,14,28,56,55
optimized-release,4.9208e-05,9,23,33,0,0,10,766,33,2,M_SDFSDIR_VALIDATEPARENT_CC71085A,9,18,33,33
optimized-release,3.6e-05,6,18,34,0,0,6,767,31,2,M_SDFSDIR_HEADER_A6C13D37,6,12,34,31
optimized-release,0.000170042,27,44,101,2,2,32,768,87,5,M_SDFSDIR_DECODE_445A4286,27,56,101,87
optimized-release,7.3459e-05,15,21,41,0,0,14,769,38,2,M_SDFSDIR_BUFFEREDENTRY_374F4FF7,15,30,41,38
optimized-release,3.8625e-05,7,19,27,0,0,8,770,26,2,M_SDFSDIR_BEGINHEADER_0CDE2CA0,7,14,27,26
optimized-release,9.1709e-05,15,42,58,0,0,17,771,57,3,M_SDFSDIR_MEASURE_2E677570,15,30,58,57
optimized-release,6.7333e-05,13,29,47,4,2,14,772,42,3,M_SDFSNAME_DESCEND_5D259778,13,27,47,42
optimized-release,0.000123125,22,33,63,8,4,27,773,56,4,M_SDFSNAME_VALIDATEBASE_03C615D3,22,48,63,56
optimized-release,3.9042e-05,8,17,27,2,2,8,774,24,2,M_SDFSNAME_STARTRESOLVE_EBBD5226,8,17,27,24
optimized-release,2.1458e-05,5,9,17,0,0,4,775,15,2,M_SDFSNAME_RESOLVECOMPONENT_CCDFB63B,5,10,17,15
optimized-release,4.0125e-05,9,12,18,0,0,9,776,18,2,M_SDFSNAME_DONE_34A5B326,9,18,18,18
optimized-release,1.9709e-05,5,7,15,0,0,4,777,14,2,M_SDFSNAME_CHOOSE_8F0B0401,5,10,15,14
optimized-release,6.8416e-05,13,21,39,0,0,15,778,35,3,M_SDFSNAME_RESOLVESTEP_B2924B88,13,26,39,35
optimized-release,7.541e-06,1,2,5,0,0,0,779,5,2,M_FSBACKEND_AVAILABLE_56F19E57,1,2,5,5
optimized-release,1.75e-05,5,6,11,0,0,4,780,11,1,M_FSBACKEND_CREATEVOLUME_26C12EFC,5,10,11,11
optimized-release,1.9042e-05,6,5,7,0,0,6,781,7,1,M_FSBACKEND_DESTROYVOLUME_B6078DE8,6,12,7,7
optimized-release,5.334e-06,1,1,2,0,0,0,782,2,1,M_FSBACKEND_CREATEWORK_8A6F92A5,1,2,2,2
optimized-release,9.375e-06,3,2,3,0,0,2,783,3,1,M_FSBACKEND_DESTROYWORK_CA11D009,3,6,3,3
optimized-release,1.525e-05,5,4,6,0,0,5,784,6,1,M_FSBACKEND_INVALIDATE_9F423887,5,10,6,6
optimized-release,8.708e-06,3,2,3,0,0,2,785,3,1,M_FSBACKEND_ENUMLIMIT_D60FC50E,3,6,3,3
optimized-release,1e-05,3,5,8,0,0,2,786,8,1,M_FSBACKEND_BEGINMOUNT_3F96891C,3,6,8,8
optimized-release,8.75e-06,3,5,8,0,0,2,787,8,1,M_FSBACKEND_MOUNTBUFFERED_E1BCDBDC,3,6,8,8
optimized-release,8.959e-06,3,5,8,0,0,2,788,8,1,M_FSBACKEND_BUFFEREDENTRY_A53297ED,3,6,8,8
optimized-release,8.292e-06,3,5,8,0,0,2,789,8,1,M_FSBACKEND_RESOLVECOMPONENT_25BBEDCF,3,6,8,8
optimized-release,8.625e-06,3,5,8,0,0,2,790,8,1,M_FSBACKEND_RESOLVESTEP_71F5161C,3,6,8,8
optimized-release,8.083e-06,3,5,8,0,0,2,791,8,1,M_FSBACKEND_DESCEND_696B876C,3,6,8,8
optimized-release,9.875e-06,3,6,9,0,0,2,792,9,1,M_FSBACKEND_BEGINREAD_9B747D7D,3,6,9,9
optimized-release,8.958e-06,3,6,9,0,0,2,793,9,1,M_FSBACKEND_BEGINSEEK_65568135,3,6,9,9
optimized-release,8.875e-06,3,6,9,0,0,2,794,9,1,M_FSBACKEND_CONTINUEOPERATION_B2B07804,3,6,9,9
optimized-release,8.5e-06,3,6,9,0,0,2,795,9,1,M_FSBACKEND_CANCEL_CF93E684,3,6,9,9
optimized-release,1.3417e-05,3,9,12,0,0,2,796,12,3,M_FSBACKEND_BEGINENTRY_D3F74E4F,3,6,12,12
optimized-release,1.0875e-05,3,7,10,0,0,2,797,10,2,M_FSBACKEND_STARTRESOLVE_75FDEFE2,3,6,10,10
optimized-release,1.0458e-05,3,7,10,0,0,2,798,10,2,M_FSBACKEND_OPEN_70C2A6B2,3,6,10,10
optimized-release,1.1041e-05,3,8,11,0,0,2,799,11,2,M_FSBACKEND_FAIL_FA955312,3,6,11,11
optimized-release,1.2792e-05,3,9,12,0,0,2,800,12,3,M_FSBACKEND_MEASURE_AD470D66,3,6,12,12
optimized-release,1.05e-05,3,7,10,0,0,2,801,10,2,M_FSBACKEND_VALIDATEBASE_C7106A97,3,6,10,10
optimized-release,2.3416e-05,3,23,28,0,0,3,802,27,3,M_FSIO_BEGIN_68AD59C5,3,6,28,27
optimized-release,3.5041e-05,7,26,32,0,0,7,803,32,5,M_FSIO_COMPLETE_3A967BA3,7,14,32,32
optimized-release,4.5709e-05,9,10,25,7,2,12,804,18,3,M_FSIO_OFFLINE_B7567A31,9,25,25,18
optimized-release,5.834e-06,1,2,3,0,0,0,805,2,1,M_FSWRITEIO_STATE_A0FFD18A,1,2,3,3
optimized-release,1.5875e-05,3,16,17,0,0,2,806,17,2,M_FSWRITEIO_ERROR_9F481FB3,3,6,17,17
optimized-release,1.5333e-05,4,4,10,0,0,4,807,10,1,M_FSWRITEIO_CHECKPOINT_86192BF5,4,8,10,10
optimized-release,3.2667e-05,7,22,26,0,0,8,808,26,2,M_FSWRITEIO_FAILED_0CF5DEA4,7,14,26,26
optimized-release,7.7042e-05,12,38,64,0,0,13,809,61,4,M_FSWRITEIO_READ_66641E67,12,24,64,61
optimized-release,4.0375e-05,7,29,44,0,0,6,810,43,4,M_FSWRITEIO_WRITE_4F85FADC,7,14,44,43
optimized-release,1.7042e-05,4,1,6,2,2,4,811,4,2,M_FSWRITEIO_ZERO_F685105B,4,11,6,4
optimized-release,9.25e-06,1,6,10,0,0,0,812,10,3,M_FSWRITEIO_WORD_326DCDF9,1,2,10,10
optimized-release,7e-06,1,6,10,0,0,0,813,10,3,M_FSWRITEIO_LENGTH_F339C741,1,2,10,10
optimized-release,2.1292e-05,1,30,34,0,0,0,814,31,2,M_FSPACKET_REPLY_F0943484,1,2,34,33
optimized-release,2.7875e-05,6,15,18,0,0,8,815,19,2,M_FSPACKET_ERROR_61E70414,6,12,18,19
optimized-release,8.2875e-05,13,46,66,0,0,20,816,62,2,M_FSPACKET_IDENTITY_6B3677B2,13,26,66,65
optimized-release,3.7042e-05,5,29,40,0,0,6,817,36,2,M_FSPACKET_PUBLISHOPENSTEP_55EACFB5,5,10,40,38
optimized-release,2.5833e-05,5,16,20,0,0,6,818,20,2,M_FSPACKET_CLOSE_01E28282,5,10,20,20
optimized-release,1.6209e-05,3,8,14,0,0,2,819,12,2,M_FSPORTS_CREATE_D9675AD2,3,6,14,13
optimized-release,1.1125e-05,3,2,4,0,0,3,820,3,1,M_FSPORTS_DELETE_FC342961,3,6,4,4
optimized-release,0.000211875,31,30,97,18,4,40,821,69,8,M_FSINIT_CONFIG_A7C873FA,31,69,97,69
optimized-release,7.9833e-05,15,20,46,3,6,17,822,39,3,M_FSINIT_WORKSPACE_ED5E2107,15,31,46,41
optimized-release,2.9458e-05,5,17,33,0,0,4,823,29,3,M_FSINIT_ARRIVAL_302FF83F,5,10,33,29
optimized-release,4.8125e-05,7,34,55,0,0,6,824,47,3,M_FSINIT_ALLOCATEMOUNT_EF481898,7,14,55,52
optimized-release,2.8209e-05,3,33,42,0,0,2,825,39,2,M_FSINIT_ALLOCATEBLOCK_5C0916F0,3,6,42,41
optimized-release,3.0958e-05,5,10,21,3,2,6,826,17,2,M_FSINIT_PUBLISH_12D6516B,5,13,21,17
optimized-release,3.0125e-05,8,9,19,0,0,8,827,17,2,M_FSINIT_FIRST_60F42DBA,8,16,19,18
optimized-release,1.7666e-05,4,5,12,0,0,4,828,10,1,M_FSINIT_MOUNTSTEP_D16E7745,4,8,12,11
optimized-release,2.6208e-05,5,19,29,0,0,4,829,24,2,M_FSINIT_OPENEDSTEP_3B4623A1,5,10,29,25
optimized-release,4.2e-05,9,32,45,0,0,8,830,40,2,M_FSINIT_MOUNTEDSTEP_D00F6B02,9,18,45,41
optimized-release,1.65e-05,3,12,18,0,0,2,831,16,3,M_FSINIT_FAILED_4FB7E0CF,3,6,18,16
optimized-release,6.5833e-05,13,22,33,0,0,17,832,31,2,M_FSINIT_DESTROYMOUNT_00D5D10B,13,26,33,33
optimized-release,9.55e-05,18,30,49,2,2,25,833,43,3,M_FSINIT_CLEANUP_26675F9E,18,37,49,45
optimized-release,0.000109458,20,26,59,9,4,24,834,51,3,M_FSALLOC_ALLOWED_1FF175A3,20,42,59,51
optimized-release,5.7334e-05,7,32,58,0,0,8,835,56,3,M_FSALLOC_BITMAP_55D4E3AC,7,14,58,57
optimized-release,2.2167e-05,5,9,17,0,0,4,836,16,2,M_FSALLOC_ALLOCATED_A8A57AF0,5,10,17,16
optimized-release,0.000360042,38,41,116,16,10,49,837,91,7,M_FSALLOC_FIND_C860CAEC,38,96,116,91
optimized-release,0.000171209,22,60,98,0,0,26,838,98,4,M_FSALLOC_CHANGE_B0E87AF9,22,44,98,98
optimized-release,4.3125e-05,7,22,32,0,0,7,839,31,2,M_FSALLOC_TAKE_9AD436E4,7,14,32,31
optimized-release,1.9959e-05,3,11,13,0,0,3,840,13,2,M_FSALLOC_FREE_BE46C827,3,6,13,13
optimized-release,6.0375e-05,10,18,36,0,0,12,841,36,3,M_FSALLOC_COUNTROOM_E5C7D397,10,20,36,36
optimized-release,6.541e-06,1,1,2,0,0,0,842,2,1,M_MYDOSWRITE_BAD_ECEFF42B,1,2,2,2
optimized-release,1.175e-05,3,2,4,0,0,2,843,4,1,M_MYDOSWRITE_LIMIT_E01793D7,3,6,4,4
optimized-release,0.000208167,26,57,118,5,2,34,844,114,4,M_MYDOSWRITE_READPAYLOAD_AC32DCA4,26,53,118,114
optimized-release,3.7459e-05,3,21,40,0,0,3,845,40,4,M_MYDOSWRITE_TRAILER_BFA640A1,3,6,40,40
optimized-release,3.975e-05,5,20,40,0,0,4,846,40,3,M_MYDOSWRITE_ENTRYIO_ACBE3032,5,10,40,40
optimized-release,6.4208e-05,11,21,45,5,6,12,847,39,6,M_MYDOSWRITE_VALIDATE_B3BA3338,11,24,45,39
optimized-release,3.5625e-05,5,18,33,0,0,5,848,33,2,M_MYDOSWRITE_MARK_0E6D7B2D,5,10,33,33
optimized-release,7.5083e-05,12,7,38,8,6,14,849,27,5,M_MYDOSWRITE_SLOT_AA2228B6,12,30,38,27
optimized-release,0.000168084,23,26,104,9,8,28,850,68,6,M_MYDOSWRITE_CREATE_CDAAF016,23,54,104,68
optimized-release,0.000380459,39,66,165,7,8,48,851,138,8,M_MYDOSWRITE_WRITE_992B7BC3,39,107,165,138
optimized-release,6.8916e-05,10,15,25,5,0,10,852,24,3,M_MYDOSWRITE_RECLAIM_F1DD6F57,10,27,25,24
optimized-release,3.9125e-05,7,20,31,0,0,6,853,30,3,M_MYDOSWRITE_TRUNCATE_A6EAB42C,7,14,31,30
optimized-release,7.9667e-05,14,7,33,9,4,16,854,25,4,M_MYDOSWRITE_EMPTY_B06BE841,14,36,33,25
optimized-release,7.1291e-05,13,16,36,4,2,14,855,32,3,M_MYDOSWRITE_DELETE_256A83D3,13,27,36,32
optimized-release,3.7084e-05,6,8,20,2,2,6,856,17,4,M_MYDOSWRITE_RENAME_E308DCF0,6,15,20,17
optimized-release,6.25e-06,1,1,2,0,0,0,857,2,1,M_SDFSWRITE_BAD_5E3D66D1,1,2,2,2
optimized-release,7.65e-05,13,17,32,8,2,17,858,29,3,M_SDFSWRITE_VALIDSECTOR_67FAADEC,13,27,32,29
optimized-release,0.000218125,27,36,109,10,4,32,859,82,6,M_SDFSWRITE_LOCATE_55E19A5E,27,69,109,82
optimized-release,9.7292e-05,15,42,69,0,0,15,860,67,3,M_SDFSWRITE_GROW_073A6F69,15,30,69,67
optimized-release,0.000166792,21,18,80,14,4,24,861,59,7,M_SDFSWRITE_ROWIO_EF8D2430,21,72,80,59
optimized-release,1.8208e-05,1,6,10,0,0,0,862,10,4,M_SDFSWRITE_ENTRYIO_D3D74C00,1,2,10,10
optimized-release,0.000375625,45,36,147,27,18,55,863,107,11,M_SDFSWRITE_VALIDATE_3C808422,45,118,147,107
optimized-release,9.6791e-05,17,12,50,5,2,21,864,37,5,M_SDFSWRITE_SLOT_E3DFD014,17,37,50,37
optimized-release,6.325e-05,9,26,45,0,0,11,865,44,3,M_SDFSWRITE_SPACE_ED9B8102,9,18,45,44
optimized-release,0.000299375,41,44,154,8,8,48,866,107,5,M_SDFSWRITE_CREATE_5E5E06BC,41,91,154,107
optimized-release,3.7833e-05,6,18,31,0,0,6,867,31,2,M_SDFSWRITE_MARK_BAD71DEB,6,12,31,31
optimized-release,0.000172666,23,58,104,0,0,26,868,100,4,M_SDFSWRITE_WRITE_40A16F7D,23,46,104,100
optimized-release,0.000170833,24,18,57,18,6,31,869,46,6,M_SDFSWRITE_RECLAIM_B35C64A9,24,66,57,46
optimized-release,4.4333e-05,9,17,29,0,0,8,870,29,3,M_SDFSWRITE_TRUNCATE_031B9696,9,18,29,29
optimized-release,7.9667e-05,14,11,38,5,2,16,871,31,5,M_SDFSWRITE_EMPTY_E038B2BB,14,35,38,31
optimized-release,2.425e-05,5,9,16,0,0,4,872,16,2,M_SDFSWRITE_DELETE_04723F49,5,10,16,16
optimized-release,9.6333e-05,15,17,44,4,4,16,873,37,5,M_SDFSWRITE_RENAME_68E1123E,15,45,44,37
optimized-release,2.075e-05,5,9,14,0,0,4,874,14,1,M_FSWRITE_ACCESS_0C7E9E15,5,10,14,14
optimized-release,2.7875e-05,6,11,16,0,0,6,875,16,2,M_FSWRITE_VALIDATE_5FCFD495,6,12,16,16
optimized-release,1.525e-05,3,9,12,0,0,2,876,12,3,M_FSWRITE_MARK_8F6D7604,3,6,12,12
optimized-release,8.9833e-05,15,28,50,0,0,18,877,48,3,M_FSWRITE_NORMALIZE_5C686BA8,15,30,50,48
optimized-release,5.9791e-05,11,18,35,2,2,12,878,32,3,M_FSWRITE_CREATE_47C6C0B3,11,30,35,32
optimized-release,0.000118334,23,28,51,0,0,26,879,50,2,M_FSWRITE_OPEN_799F737F,23,46,51,50
optimized-release,0.000115167,16,61,85,0,0,22,880,79,4,M_FSWRITE_WRITESTEP_AD20D8EE,16,32,85,80
optimized-release,9.3709e-05,13,53,79,0,0,17,881,77,3,M_FSWRITE_BEGIN_06B2C6FE,13,26,79,77
optimized-release,4.4333e-05,10,25,32,0,0,10,882,32,2,M_FSWRITE_FINALIZE_1B960C91,10,20,32,32
optimized-release,0.00017675,30,29,77,4,2,35,883,63,3,M_FSWRITE_DELETE_68B67BAA,30,63,77,63
optimized-release,1.9416e-05,3,10,19,0,0,2,884,17,3,M_FSWRITE_RENAME_4C9B6B85,3,6,19,17
optimized-release,2.1667e-05,5,9,14,0,0,4,885,14,2,M_FSRELATIVE_VALIDATE_0372B7FC,5,10,14,14
optimized-release,8.3042e-05,9,25,49,6,4,12,886,40,4,M_FSRELATIVE_SEED_FD9BA1BB,9,23,49,40
optimized-release,4.2125e-05,8,17,29,4,0,10,887,27,2,M_FSRELATIVE_TRIM_C4B2DBD8,8,24,29,27
optimized-release,1.6209e-05,3,9,14,0,0,2,888,12,2,M_FSRELATIVE_ROOT_94E4441A,3,6,14,12
optimized-release,0.000243083,31,67,137,8,6,36,889,111,5,M_FSRELATIVE_BEGIN_CB9D8F8D,31,85,137,112
optimized-release,3.0542e-05,6,16,27,0,0,6,890,25,2,M_FSRELATIVE_PARENTDONE_9C191F46,6,12,27,25
optimized-release,2.5167e-05,5,15,24,0,0,4,891,20,3,M_FSRELATIVE_PARENTBEGIN_7E4CAA55,5,10,24,21
optimized-release,9.5125e-05,17,39,64,0,0,19,892,58,2,M_FSRELATIVE_PARENTRESULT_7CE6B959,17,34,64,59
optimized-release,1.6792e-05,3,10,15,0,0,2,893,13,2,M_FSNAMESPACE_DONE_F475AF73,3,6,15,13
optimized-release,0.000138417,23,64,110,2,2,24,894,105,3,M_FSNAMESPACE_RESOLVED_0E070C27,23,51,110,105
optimized-release,7.208e-06,1,1,3,0,0,0,895,2,1,M_FSINFO_ENUMERATIONSTATE_A9C412AA,1,2,3,3
optimized-release,2.1292e-05,4,2,8,2,2,4,896,5,2,M_FSINFO_CLEAR_E168B3AB,4,11,8,6
optimized-release,0.000131958,20,21,69,9,12,26,897,53,4,M_FSINFO_NAME_B42C963D,20,52,69,53
optimized-release,4.0459e-05,7,28,34,0,0,9,898,33,2,M_FSINFO_FILL_CDFFBE8F,7,14,34,33
optimized-release,1.6208e-05,1,16,21,0,0,0,899,18,2,M_FSINFO_SAVE_B1E7031F,1,2,21,20
optimized-release,3.1292e-05,5,13,28,3,2,6,900,21,4,M_FSDIRECTORY_INITLOCKSTATE_606A2BB5,5,13,28,22
optimized-release,0.000202709,30,81,143,3,2,34,901,126,4,M_FSDIRECTORY_SELECT_4CD1EDE7,30,63,143,130
optimized-release,1.5125e-05,1,8,12,0,0,0,902,10,3,M_FSDIRECTORY_END_806A2136,1,2,12,12
optimized-release,3.1291e-05,5,15,25,0,0,4,903,20,3,M_FSDIRECTORY_ENTRYSTEP_D4EA4ABB,5,10,25,22
optimized-release,6.3708e-05,12,20,38,0,0,12,904,32,2,M_FSDIRECTORY_ENTRYRESULTSTEP_4C458A60,12,24,38,33
optimized-release,3.3125e-05,6,16,26,0,0,7,905,25,2,M_FSDIRECTORY_MEASUREENTRY_E6EE6D03,6,12,26,25
optimized-release,1.9958e-05,5,8,12,0,0,4,906,11,2,M_FSDIRECTORY_SIZERESULT_7E5452EF,5,10,12,11
optimized-release,1.8291e-05,3,10,18,0,0,2,907,15,2,M_FSDIRECTORY_SIZECONTINUESTEP_1EAFA525,3,6,18,16
optimized-release,2.1042e-05,1,20,29,0,0,0,908,22,3,M_FSDIRECTORY_PUBLISHSTEP_CC8DC0F6,1,2,29,28
optimized-release,0.000311708,43,89,154,0,0,56,909,141,4,M_FSHANDLER_OPENRESULTSTEP_0C25E5DB,43,86,154,147
optimized-release,7.708e-06,1,3,4,0,0,0,910,4,1,M_FSHANDLER_BEGINRESOLVE_DD06EE7B,1,2,4,4
optimized-release,3.7834e-05,6,18,33,0,0,6,911,31,2,M_FSHANDLER_OPEN_99490956,6,12,33,32
optimized-release,2.1958e-05,4,13,20,0,0,4,912,20,2,M_FSHANDLER_LOCK_913FD727,4,8,20,20
optimized-release,1.5917e-05,3,8,13,0,0,2,913,11,2,M_FSHANDLER_RESOLVEREADYSTEP_BDBFDED1,3,6,13,12
optimized-release,3.2917e-05,6,24,27,0,0,7,914,27,2,M_FSHANDLER_OPERATIONRESULT_4184CBFA,6,12,27,27
optimized-release,0.000174458,24,86,131,3,2,27,915,120,4,M_FSHANDLER_FILE_3A9A315C,24,51,131,122
optimized-release,0.000265667,38,56,116,0,0,53,916,96,2,M_FSHANDLER_DISPATCHSTEP_D149BF3A,38,76,116,97
optimized-release,7.2208e-05,11,15,51,8,2,14,917,26,4,M_FSHANDLER_TAKESTEP_E4E18A11,11,30,51,30
optimized-release,1.725e-05,3,5,11,0,0,2,918,8,1,M_FSHANDLER_COMPONENTSTEP_389CA8B9,3,6,11,9
optimized-release,8.7625e-05,14,41,61,2,2,19,919,56,3,M_FSHANDLER_RESOLVEFAILURE_E91D28D8,14,29,61,56
optimized-release,7.9125e-05,15,20,38,0,0,17,920,33,2,M_FSHANDLER_RESOLVESTEP_D6E79D38,15,30,38,34
optimized-release,2.4416e-05,4,11,17,0,0,4,921,15,2,M_FSHANDLER_FILESTEP_A93D50C2,4,8,17,16
optimized-release,0.000217125,32,72,96,0,0,49,922,97,2,M_FSABORT_CHECKPOINT_5DD0EDAE,32,64,96,98
optimized-release,6.8542e-05,12,12,27,7,2,17,923,23,2,M_FSWORKER_DRAINED_7E6EAAA5,12,25,27,23
optimized-release,0.000290458,37,26,94,27,0,52,924,64,5,M_FSWORKER_WORKER_2BB473B0,37,115,94,66
optimized-release,2.5125e-05,4,10,12,0,0,4,925,11,2,M_FSWORKER_FINISH_EC2E5E2B,4,8,12,12
optimized-release,1.2084e-05,1,10,12,0,0,0,926,10,1,M_FSMOUNT_DISPATCH_FD59F08F,1,2,12,11
optimized-release,4.075e-05,6,22,34,0,0,6,927,30,3,M_FSMOUNT_SELECTSTEP_8E807607,6,12,34,31
optimized-release,3.8208e-05,8,13,22,0,0,8,928,20,1,M_FSMOUNT_COMMANDSTEP_B1883B1A,8,16,22,21
optimized-release,3.5959e-05,8,14,22,0,0,8,929,20,2,M_FSMOUNT_REMOVESTEP_BBB2975B,8,16,22,21
optimized-release,9.583e-06,1,5,8,0,0,0,930,5,2,M_FSMOUNT_DESTROYSTEP_4CF540E7,1,2,8,6
optimized-release,1.5875e-05,3,7,11,0,0,2,931,9,2,M_FSMUX_CONTROL_16FCB25F,3,6,11,10
optimized-release,4.0375e-05,9,10,19,0,0,9,932,17,1,M_FSMUX_TAKE_F08F7501,9,18,19,18
optimized-release,2.5375e-05,5,11,20,0,0,4,933,16,2,M_FSBOOT_BEGINSERVICE_BC5D2672,5,10,20,19
optimized-release,9.5708e-05,18,10,36,2,0,25,934,25,2,M_FSBOOT_ENSURE_06ED6F00,18,39,36,25
optimized-release,0.000155208,24,16,54,9,2,32,935,36,4,M_FSBOOT_STOP_AD5246E2,24,60,54,38
optimized-release,9.6458e-05,15,9,36,12,4,20,936,27,5,M_DOSCALLS_ASSIGNINDEX_01EA43CB,15,34,36,27
optimized-release,0.000374792,41,52,133,7,8,52,937,106,6,M_DOSCALLS_EXPAND_EA5329A2,41,106,133,107
optimized-release,1.1542e-05,1,8,10,0,0,0,938,10,2,M_DOSCALLS_ARGUMENTS_D4B63738,1,2,10,10
optimized-release,2.6958e-05,4,9,16,0,0,4,939,16,2,M_DOSCALLS_NAMEARGUMENTS_4FEB00BB,4,8,16,16
optimized-release,0.000184625,23,41,76,0,0,29,940,70,4,M_DOSCALLS_ACQUIRE_C423433E,23,46,76,71
optimized-release,4.9042e-05,9,6,23,4,2,10,941,17,5,M_DOSCALLS_CONFIGURED_B6EDEF76,9,23,23,17
optimized-release,0.000102,19,21,41,0,0,21,942,40,2,M_DOSCALLS_DESTINATION_E6EBC832,19,38,41,40
optimized-release,6.875e-06,1,1,3,0,0,0,943,2,1,M_DOSCALLS_PIPE_54310E12,1,2,3,3
optimized-release,0.000124167,22,28,55,0,0,24,944,52,5,M_DOSCALLS_OPEN_390423B6,22,44,55,52
optimized-release,4.6292e-05,9,14,27,0,0,8,945,25,4,M_DOSCALLS_LOCK_DE185F87,9,18,27,25
optimized-release,1.6416e-05,4,3,4,0,0,4,946,4,1,M_DOSCALLS_BADOBJECT_51D88018,4,8,4,4
optimized-release,4.7584e-05,9,16,24,0,0,13,947,23,3,M_DOSCALLS_OBJECT_E89E37D3,9,18,24,23
optimized-release,2.6417e-05,5,14,21,0,0,4,948,20,2,M_DOSCALLS_FILE_E8D1DABC,5,10,21,20
optimized-release,0.000135875,20,46,81,0,0,20,949,70,4,M_DOSCALLS_READ_BEE8BE36,20,40,81,76
optimized-release,0.0001775,25,47,85,0,0,26,950,75,4,M_DOSCALLS_WRITE_8E98A1A7,25,50,85,80
optimized-release,9.375e-05,14,23,41,0,0,15,951,36,3,M_DOSCALLS_SEEK_17FC33E6,14,28,41,37
optimized-release,0.000100167,17,35,59,0,0,17,952,52,3,M_DOSCALLS_CLOSE_97169B3A,17,34,59,55
optimized-release,5.125e-05,11,15,28,0,0,10,953,25,3,M_DOSCALLS_UNLOCK_2871018C,11,22,28,25
optimized-release,3.9542e-05,7,15,29,0,0,6,954,25,4,M_DOSCALLS_INFORMATION_13F25DEC,7,14,29,25
optimized-release,1.8666e-05,5,6,11,0,0,4,955,9,1,M_DOSCALLS_SELECTED_604EA3D9,5,10,11,10
optimized-release,2.9167e-05,8,10,16,0,0,8,956,14,1,M_DOSCALLS_SELECTIONREADY_28C831A1,8,16,16,15
optimized-release,5.6667e-05,12,12,23,0,0,13,957,21,2,M_DOSCALLS_LIVESELECTION_2BE04852,12,24,23,22
optimized-release,6.1542e-05,12,16,27,0,0,14,958,24,2,M_DOSCALLS_SELECT_1EDDE386,12,24,27,25
optimized-release,4.9541e-05,11,16,30,0,0,10,959,24,2,M_DOSCALLS_DIRECTORY_C8028D6B,11,22,30,28
optimized-release,6.8167e-05,13,16,33,0,0,14,960,27,2,M_DOSCALLS_CURRENTDIR_1AA7335E,13,26,33,29
optimized-release,0.000103125,17,19,47,3,2,18,961,38,4,M_DOSCALLS_NAMEFROMLOCK_92457C4A,17,40,47,39
optimized-release,3.3084e-05,8,7,17,0,0,8,962,14,2,M_DOSCALLS_ISINTERACTIVE_18CACEEA,8,16,17,15
optimized-release,2.4125e-05,7,5,13,0,0,6,963,11,2,M_DOSCALLS_OPENCONSOLE_77C02991,7,14,13,11
optimized-release,3.8458e-05,9,12,24,0,0,8,964,20,3,M_DOSCALLS_SETCONSOLEHISTORY_3DCB4BFF,9,18,24,22
optimized-release,7.375e-05,12,17,32,0,2,13,965,27,2,M_DOSCALLS_CONSOLEINFO_6FF559CD,12,24,32,31
optimized-release,6.5e-06,1,1,2,0,0,0,966,2,1,M_DOSCALLS_BEGINFOREGROUND_8F2474EA,1,2,2,2
optimized-release,4e-06,1,0,1,0,0,0,967,1,1,M_DOSCALLS_ENDFOREGROUND_13E30672,1,2,1,1
optimized-release,6.75e-06,1,0,1,0,0,0,968,1,1,M_DOSCALLS_BREAKPENDING_369675D8,1,2,1,1
optimized-release,5.625e-06,1,0,0,0,0,0,969,0,0,M_DOSCALLS_CLEARBREAK_3FA5821C,1,2,0,0
optimized-release,8.4166e-05,14,21,39,0,0,15,970,34,3,M_DOSCALLS_FLUSH_D2ADBAEC,14,28,39,35
optimized-release,3.6458e-05,7,14,26,0,0,6,971,24,4,M_DOSCALLS_CREATEDIR_E8A266C7,7,14,26,24
optimized-release,5.2167e-05,10,15,26,0,0,11,972,24,2,M_DOSCALLS_PATHMOUNT_48952362,10,20,26,24
optimized-release,0.00027075,31,66,117,0,0,37,973,111,4,M_DOSCALLS_NAMESPACE_643E89B3,31,62,117,111
optimized-release,7.25e-06,1,1,2,0,0,0,974,2,1,M_DOSCALLS_DELETEFILE_59D38A29,1,2,2,2
optimized-release,6.208e-06,1,2,3,0,0,0,975,3,2,M_DOSCALLS_RENAME_EEAD93B4,1,2,3,3
optimized-release,0.000596041,54,55,164,12,8,72,976,120,6,M_DOSCALLS_ASSIGNPATH_80851264,54,118,164,128
optimized-release,0.000133334,16,13,39,4,4,20,977,29,3,M_DOSCALLS_GETASSIGN_704BF595,16,45,39,32
optimized-release,2.3917e-05,4,5,8,2,0,4,978,7,2,M_CSTRING_IMPL_STRLEN_EB4E5981,4,11,8,8
optimized-release,3.3042e-05,6,8,13,3,0,6,979,11,2,M_CSTRING_IMPL_STRNLEN_AC461397,6,17,13,13
optimized-release,3.9666e-05,8,7,14,4,0,8,980,11,3,M_CSTRING_IMPL_STRCMP_87478B58,8,23,14,11
optimized-release,5.2833e-05,10,9,17,5,0,10,981,14,3,M_CSTRING_IMPL_STRNCMP_6395B42E,10,29,17,14
optimized-release,2.7792e-05,6,4,13,3,2,6,982,8,3,M_CSTRING_IMPL_STRCHR_2037DF45,6,13,13,10
optimized-release,9.8875e-05,14,19,28,4,0,18,983,26,3,M_CSTRING_IMPL_STRLCPY_C7039D62,14,38,28,27
optimized-release,0.000155834,19,32,49,7,0,25,984,47,3,M_CSTRING_IMPL_STRLCAT_C4908C8C,19,57,49,48
optimized-release,0.000186584,20,22,46,11,4,28,985,39,4,M_CSTRING_IMPL_U32TOA_D9A955C5,20,69,46,40
optimized-release,7.3e-05,14,6,32,6,5,17,986,23,4,M_DOSUTILITY_WRITEALL_BCEF29C3,14,29,32,23
optimized-release,9.333e-06,1,2,8,0,0,0,987,2,2,M_DOSUTILITY_READERINIT_DF037B30,1,2,8,3
optimized-release,9.0291e-05,16,35,53,0,0,18,988,51,2,M_DOSUTILITY_READBYTE_60ED3FBB,16,32,53,52
optimized-release,0.000100666,18,5,42,11,4,22,989,23,4,M_DOSUTILITY_READLINE_B96FCD33,18,42,42,24
optimized-release,0.000589333,79,1,78,0,0,78,990,40,2,M_DOSFAULT_MESSAGE_9D326B2A,79,158,78,40
optimized-release,0.000274208,34,64,140,4,4,42,991,134,4,M_DOSFAULT_FORMAT_76BA9D40,34,69,140,136
optimized-release,1.1959e-05,1,6,8,0,0,0,992,8,4,M_DOSFAULT_FAULT_7DB91D83,1,2,8,8
optimized-release,4.7375e-05,6,16,29,0,0,8,993,28,4,M_DOSFAULT_PRINTFAULT_CDC48706,6,12,29,28
optimized-release,6.416e-06,1,2,3,0,0,0,994,3,2,M_DOS_ASSIGNPATH_070E31B9,1,2,3,3
optimized-release,5.791e-06,1,2,4,0,0,0,995,3,2,M_DOS_GETASSIGN_06EFA68A,1,2,4,4
optimized-release,5.416e-06,1,2,4,0,0,0,996,3,2,M_DOS_SETCONSOLEHISTORY_1C523BD8,1,2,4,4
optimized-release,4.834e-06,1,1,3,0,0,0,997,2,1,M_DOS_FLUSH_47C61517,1,2,3,3
optimized-release,4.75e-06,1,1,3,0,0,0,998,2,1,M_DOS_CREATEDIR_239F3D94,1,2,3,3
optimized-release,4.416e-06,1,1,2,0,0,0,999,2,1,M_DOS_DELETEFILE_4D32A614,1,2,2,2
optimized-release,4.917e-06,1,2,3,0,0,0,1000,3,2,M_DOS_RENAME_F915C271,1,2,3,3
optimized-release,5e-06,1,2,4,0,0,0,1001,3,2,M_DOS_OPEN_87DAE823,1,2,4,4
optimized-release,6.333e-06,1,3,5,0,0,0,1002,4,3,M_DOS_READ_BCD2228F,1,2,5,5
optimized-release,5.416e-06,1,3,5,0,0,0,1003,4,3,M_DOS_WRITE_BE4FDE64,1,2,5,5
optimized-release,5.417e-06,1,3,5,0,0,0,1004,4,3,M_DOS_SEEK_DE9F46FB,1,2,5,5
optimized-release,4.667e-06,1,1,3,0,0,0,1005,2,1,M_DOS_CLOSE_4C224801,1,2,3,3
optimized-release,4.292e-06,1,1,2,0,0,0,1006,2,1,M_DOS_SETIOERR_7AEF42E2,1,2,2,2
optimized-release,3.417e-06,1,0,1,0,0,0,1007,1,1,M_DOS_IOERR_E649FF90,1,2,1,1
optimized-release,3.625e-06,1,0,1,0,0,0,1008,1,1,M_DOS_RELEASECONTEXT_9DB9F883,1,2,1,1
optimized-release,5.375e-06,1,2,4,0,0,0,1009,3,2,M_DOS_LOCK_4DEC517E,1,2,4,4
optimized-release,4.667e-06,1,1,2,0,0,0,1010,1,1,M_DOS_UNLOCK_74209499,1,2,2,2
optimized-release,5.959e-06,1,2,5,0,0,0,1011,3,2,M_DOS_EXAMINE_1F15C1B0,1,2,5,5
optimized-release,5.458e-06,1,2,5,0,0,0,1012,3,2,M_DOS_EXNEXT_623C7B53,1,2,5,5
optimized-release,4.208e-06,1,0,2,0,0,0,1013,1,1,M_DOS_INPUT_41B1DDE9,1,2,2,2
optimized-release,3.959e-06,1,0,2,0,0,0,1014,1,1,M_DOS_OUTPUT_DF7018DC,1,2,2,2
optimized-release,5.167e-06,1,1,4,0,0,0,1015,2,1,M_DOS_SELECTINPUT_FF0F4771,1,2,4,4
optimized-release,4.708e-06,1,1,4,0,0,0,1016,2,1,M_DOS_SELECTOUTPUT_3A928904,1,2,4,4
optimized-release,4.667e-06,1,1,3,0,0,0,1017,2,1,M_DOS_ISINTERACTIVE_FD05AE49,1,2,3,3
optimized-release,4.958e-06,1,1,4,0,0,0,1018,2,1,M_DOS_CURRENTDIR_764577CB,1,2,4,4
optimized-release,6e-06,1,3,5,0,0,0,1019,4,3,M_DOS_NAMEFROMLOCK_8794AD67,1,2,5,5
optimized-release,4.5e-06,1,1,3,0,0,0,1020,2,1,M_DOS_BEGINFOREGROUND_987C8D99,1,2,3,3
optimized-release,3.333e-06,1,0,1,0,0,0,1021,1,1,M_DOS_ENDFOREGROUND_8BF477E5,1,2,1,1
optimized-release,3.459e-06,1,0,1,0,0,0,1022,1,1,M_DOS_BREAKPENDING_07C42681,1,2,1,1
optimized-release,2.958e-06,1,0,0,0,0,0,1023,0,0,M_DOS_CLEARBREAK_6F85C46D,1,2,0,0
optimized-release,4.666e-06,1,1,3,0,0,0,1024,2,1,M_DOS_PIPE_1D28B7D3,1,2,3,3
optimized-release,3.917e-06,1,0,2,0,0,0,1025,1,1,M_DOS_OPENCONSOLE_2100231A,1,2,2,2
optimized-release,5.167e-06,1,2,4,0,0,0,1026,3,2,M_DOS_CONSOLEINFO_BA8927CE,1,2,4,4
optimized-release,6.25e-06,1,4,5,0,0,0,1027,5,4,M_DOS_FAULT_8C83808D,1,2,5,5
optimized-release,7.625e-06,1,5,7,0,0,0,1028,6,5,M_DOS_PRINTFAULT_C841DC04,1,2,7,7
optimized-release,0.000143,19,14,60,14,12,26,1029,41,5,M_TASKINSPECT_SNAPSHOT_72A67CF0,19,49,60,41
optimized-release,6.3042e-05,11,22,32,0,0,14,1030,32,3,M_DEVICEINSPECT_SNAPSHOT_EBB6295F,11,22,32,32
optimized-release,4.2875e-05,7,26,33,0,0,9,1031,32,2,M_FSINSPECT_CACHESTATUS_E621CC2A,7,14,33,33
optimized-release,0.000214583,26,25,87,15,20,38,1032,58,7,M_FSINSPECT_SNAPSHOT_873CF8A6,26,93,87,59
optimized-release,3.6334e-05,7,10,17,0,0,9,1033,15,1,M_FSINSPECT_SYSTEMWRITABLE_448881D5,7,14,17,16
optimized-release,7.125e-06,1,2,5,0,0,0,1034,5,2,M_O65MEMORY_RESERVE_67ABB944,1,2,5,5
optimized-release,5.25e-06,1,1,2,0,0,0,1035,2,1,M_O65MEMORY_ALLOCATE_1084F809,1,2,2,2
optimized-release,4.333e-06,1,1,2,0,0,0,1036,2,1,M_O65MEMORY_STORAGE_289ABF3F,1,2,2,2
optimized-release,1.3792e-05,3,4,5,0,0,3,1037,5,2,M_O65READ_FAIL_6B141CC7,3,6,5,5
optimized-release,2.75e-05,6,15,21,0,0,6,1038,20,3,M_O65READ_TAKE_D99B2660,6,12,21,20
optimized-release,1.3292e-05,3,6,10,0,0,2,1039,10,2,M_O65READ_U8_A5F42EC2,3,6,10,10
optimized-release,7.541e-06,1,2,8,0,0,0,1040,8,2,M_O65READ_U16_9E5A6B5F,1,2,8,8
optimized-release,6.459e-06,1,2,8,0,0,0,1041,8,2,M_O65READ_U32_BA2CF799,1,2,8,8
optimized-release,2.3458e-05,5,11,17,0,0,4,1042,16,3,M_O65READ_COUNT_2EF12376,5,10,17,16
optimized-release,2.6958e-05,6,5,13,3,2,6,1043,10,4,M_O65READ_EQUAL_AD4D340B,6,13,13,10
optimized-release,1.3416e-05,3,7,10,0,0,2,1044,10,3,M_O65READ_LITERAL_8D1D12D6,3,6,10,10
optimized-release,3.0459e-05,7,8,18,0,0,10,1045,18,2,M_O65READ_NAMEBYTE_937CC326,7,14,18,18
optimized-release,6.5e-05,13,20,33,5,0,14,1046,31,3,M_O65READ_NAME_0A34D852,13,27,33,31
optimized-release,6.3292e-05,12,19,36,3,2,12,1047,32,3,M_O65READ_STRING_E289F21C,12,25,36,32
optimized-release,2.4625e-05,7,7,12,0,0,6,1048,10,2,M_O65READ_SECTIONSIZE_0E90CADD,7,14,12,10
optimized-release,8.75e-06,1,5,9,0,0,0,1049,9,4,M_O65READ_EXTENT_816E81E1,1,2,9,9
optimized-release,0.00039675,54,32,139,27,6,67,1050,89,8,M_O65WIRE_HEADER_58EA710F,54,143,139,90
optimized-release,0.000156375,21,9,58,11,6,27,1051,41,6,M_O65WIRE_EXPORTS_13C8B799,21,66,58,41
optimized-release,0.000109209,18,8,57,13,2,24,1052,43,5,M_O65PROFILE_IMPORTS_FC0170BC,18,46,57,43
optimized-release,3.7833e-05,7,20,24,0,0,9,1053,23,2,M_PROGRAMIMAGE_FREE_CFEA1DF0,7,14,24,24
optimized-release,3.6208e-05,8,12,17,0,0,11,1054,17,1,M_PROGRAMIMAGE_ATTACH_B33B47DB,8,16,17,17
optimized-release,4.75e-05,11,14,22,0,0,15,1055,21,2,M_PROGRAMIMAGE_DROPOWNER_EE15CDE2,11,22,22,21
optimized-release,3.8917e-05,9,13,20,0,0,13,1056,19,2,M_PROGRAMIMAGE_DETACH_807AC96B,9,18,20,19
optimized-release,2.8041e-05,7,7,17,0,0,6,1057,15,2,M_O65RELOCATIONS_BASE_44BA7C79,7,14,17,15
optimized-release,0.000870458,84,34,229,68,30,114,1058,146,15,M_O65RELOCATIONS_WALK_0850572F,84,224,229,146
optimized-release,7.417e-06,1,2,2,0,0,0,1059,2,2,M_O65RELOCATIONS_READ_4B7C0B1C,1,2,2,2
optimized-release,8.708e-06,1,5,7,0,0,0,1060,7,3,M_O65RELOCATIONS_PATCHES_74DD4940,1,2,7,7
optimized-release,2.5459e-05,5,8,15,0,0,5,1061,13,2,M_O65_RELEASE_DA7FFCCE,5,10,15,15
optimized-release,6.1959e-05,11,32,51,0,0,12,1062,49,4,M_O65_DESCRIPTOR_41119D04,11,22,51,49
optimized-release,0.000100541,18,27,44,0,0,22,1063,41,2,M_O65_VALIDATE_31EC2383,18,36,44,42
optimized-release,3.6125e-05,7,17,28,0,0,6,1064,26,2,M_DOSINHERIT_CLONEFILE_B3A0D025,7,14,28,27
optimized-release,3.5708e-05,7,18,31,0,0,6,1065,27,3,M_DOSINHERIT_CLONELOCK_889C592A,7,14,31,30
optimized-release,8.1667e-05,15,21,43,0,0,18,1066,35,3,M_DOSINHERIT_STREAM_24BB16AC,15,30,43,42
optimized-release,8.6166e-05,18,15,38,0,0,18,1067,30,3,M_DOSINHERIT_CLONE_1DB40F0B,18,36,38,34
optimized-release,0.000168333,28,37,66,0,0,35,1068,56,2,M_DOSINHERIT_DISCARD_44133C6A,28,56,66,62
optimized-release,5.7791e-05,10,26,43,0,0,10,1069,41,3,M_DOSINHERIT_FINALIZEDETACHED_E855A6F0,10,20,43,42
optimized-release,2.35e-05,5,5,9,0,0,5,1070,7,2,M_DOSINHERIT_ADOPT_35538564,5,10,9,8
optimized-release,6.1917e-05,13,11,25,0,0,15,1071,21,1,M_DOSGROUP_BEGIN_073142E7,13,26,25,21
optimized-release,1.9334e-05,4,6,12,0,0,4,1072,12,2,M_DOSGROUP_VALID_7D621B56,4,8,12,12
optimized-release,3.1708e-05,8,9,16,0,0,8,1073,14,1,M_DOSGROUP_SEAL_B243143B,8,16,16,15
optimized-release,1.5917e-05,3,7,13,0,0,2,1074,12,2,M_DOSGROUP_READY_271F659D,3,6,13,13
optimized-release,1.0667e-05,3,2,4,0,0,2,1075,4,1,M_DOSGROUP_CANCEL_B8897A90,3,6,4,4
optimized-release,9.4416e-05,16,31,44,0,0,22,1076,40,2,M_DOSGROUP_JOIN_A4542070,16,32,44,43
optimized-release,7.875e-05,15,25,38,0,0,20,1077,34,2,M_DOSGROUP_LEAVE_AF8BE2F5,15,30,38,37
optimized-release,5.2583e-05,11,16,27,0,0,14,1078,25,1,M_DOSGROUP_END_0E9A4197,11,22,27,26
optimized-release,6.3e-05,14,26,37,0,0,16,1079,37,2,M_DOSPROCESS_DISCARD_B47D4E40,14,28,37,37
optimized-release,0.000126542,22,49,67,0,0,27,1080,64,3,M_DOSPROCESS_SNAPSHOT_8415B6DE,22,44,67,64
optimized-release,0.000149042,24,36,61,0,0,31,1081,54,4,M_DOSPROCESS_PREPARE_AF74B007,24,48,61,58
optimized-release,7.125e-05,12,17,33,0,0,13,1082,29,4,M_DOSPROCESS_PREPAREGROUP_5B2830CC,12,24,33,30
optimized-release,5.95e-05,7,17,26,0,0,7,1083,23,2,M_DOSPROCESS_ENTERFOREGROUND_ADB53B83,7,14,26,25
optimized-release,6.45e-05,10,47,56,0,0,12,1084,55,3,M_DOSPROCESS_ADOPT_5B5DBE18,10,20,56,56
optimized-release,5.6667e-05,11,18,28,0,0,13,1085,25,2,M_DOSPROCESS_RESTOREFOREGROUND_D0EE9507,11,22,28,27
optimized-release,0.000255333,40,30,84,12,7,49,1086,63,5,M_DOSPROCESS_CLEANUP_CE292B9A,40,83,84,66
optimized-release,6.325e-05,11,24,37,0,0,16,1087,31,2,M_DOSPROCESS_RELEASEPARENT_43E07877,11,22,37,35
optimized-release,7.958e-06,1,2,4,0,0,0,1088,3,2,M_PROCESS_CONTROL_D28A63F1,1,2,4,4
optimized-release,4.667e-06,1,0,1,0,0,0,1089,1,1,M_PROCESS_CURRENT_07EFB7F5,1,2,1,1
optimized-release,1.3208e-05,3,2,6,0,0,2,1090,4,1,M_PROCESS_GETARGSTR_37000207,3,6,6,5
optimized-release,3.7e-05,8,8,17,0,0,11,1091,14,1,M_PROCESS_EXECUTEIMAGE_8428E44E,8,16,17,15
optimized-release,3.0666e-05,7,9,22,0,0,7,1092,19,2,M_PROCESS_RUN_4C2ABD87,7,14,22,19
optimized-release,3.525e-05,9,5,16,0,0,12,1093,13,2,M_PROCESS_FINISH_AE17E2ED,9,18,16,15
optimized-release,4.0625e-05,9,21,30,0,0,12,1094,30,2,M_PROCESS_RELEASESTORAGE_F7C3DB6E,9,18,30,31
optimized-release,0.000266917,37,30,97,4,2,47,1095,67,4,M_PROCESS_STARTINTERNAL_08C34541,37,77,97,72
optimized-release,8.625e-06,1,3,4,0,0,0,1096,4,3,M_PROCESS_START_10858ECA,1,2,4,4
optimized-release,6.541e-06,1,3,4,0,0,0,1097,4,3,M_PROCESS_STARTFOREGROUND_F931F4E9,1,2,4,4
optimized-release,1.65e-05,3,5,8,0,0,2,1098,7,4,M_PROCESS_STARTLOADED_CDAA1C3D,3,6,8,8
optimized-release,2.0292e-05,4,6,10,0,0,4,1099,9,4,M_PROCESS_PREPARELOADED_143E0750,4,8,10,10
optimized-release,2.3292e-05,5,4,15,0,0,4,1100,11,2,M_PROCESS_STARTPREPARED_C79EF329,5,10,15,14
optimized-release,1.8375e-05,5,3,11,0,0,4,1101,8,2,M_PROCESS_DISCARDPREPARED_9F7D5787,5,10,11,10
optimized-release,3.0875e-05,7,10,19,0,0,6,1102,16,2,M_PROCESS_COLLECT_3A4F29C8,7,14,19,18
optimized-release,3.2875e-05,8,5,14,3,0,8,1103,12,2,M_PROCESS_WAIT_BEBC9E91,8,17,14,13
optimized-release,3.2291e-05,7,3,12,3,2,9,1104,9,2,M_DOSARGS_CLEAR_67E19159,7,17,12,9
optimized-release,2.5583e-05,6,3,11,3,2,6,1105,7,2,M_DOSARGS_BOUNDEDLENGTH_E004A013,6,13,11,7
optimized-release,1.55e-05,4,4,7,0,0,4,1106,7,1,M_DOSARGS_UPPER_7F315E6C,4,8,7,7
optimized-release,1.175e-05,1,5,14,0,0,0,1107,14,3,M_DOSARGS_LETTER_897462C0,1,2,14,14
optimized-release,3.8375e-05,7,7,21,4,2,8,1108,17,4,M_DOSARGS_SAME_51AE7922,7,15,21,17
optimized-release,0.000478833,58,23,136,43,24,75,1109,84,9,M_DOSARGS_DESCRIBE_D600A84B,58,165,136,84
optimized-release,0.0002095,33,44,88,16,4,42,1110,69,3,M_DOSARGS_WORD_271132B0,33,67,88,69
optimized-release,0.000100709,16,19,52,7,4,18,1111,41,4,M_DOSARGS_NUMERIC_B3350961,16,33,52,42
optimized-release,0.00108925,83,90,260,65,42,107,1112,193,10,M_DOSARGS_DECODE_CCDE93B6,83,266,260,195
optimized-release,0.000115208,19,21,39,0,0,21,1113,37,7,M_DOSARGS_PARSE_ACA8C265,19,38,39,37
optimized-release,9.6292e-05,19,13,38,8,4,22,1114,28,2,M_DOSCOMMAND_HELP_D3856E13,19,40,38,28
optimized-release,0.000113666,20,12,42,0,0,28,1115,39,3,M_DOSCOMMAND_SHOWTEMPLATE_03EA47A3,20,40,42,40
optimized-release,0.000126333,20,22,45,0,4,27,1116,43,6,M_DOSCOMMAND_READARGSORHELP_AC23446B,20,40,45,44
optimized-release,7.5e-06,1,2,3,0,0,0,1117,3,2,M_PROGRAMAPI_ASSIGNPATH_70177325,1,2,3,3
optimized-release,6.291e-06,1,2,4,0,0,0,1118,3,2,M_PROGRAMAPI_GETASSIGN_8DA1FFAE,1,2,4,4
optimized-release,5.292e-06,1,2,3,0,0,0,1119,3,2,M_PROGRAMAPI_OPEN_8638DB5F,1,2,3,3
optimized-release,5.75e-06,1,3,4,0,0,0,1120,4,3,M_PROGRAMAPI_READ_3155DB03,1,2,4,4
optimized-release,5.125e-06,1,3,4,0,0,0,1121,4,3,M_PROGRAMAPI_WRITE_84FB7088,1,2,4,4
optimized-release,5.041e-06,1,3,4,0,0,0,1122,4,3,M_PROGRAMAPI_SEEK_31854D3F,1,2,4,4
optimized-release,4.625e-06,1,1,2,0,0,0,1123,2,1,M_PROGRAMAPI_CLOSE_24FF6A65,1,2,2,2
optimized-release,4e-06,1,1,2,0,0,0,1124,2,1,M_PROGRAMAPI_FLUSH_DB8CCFBB,1,2,2,2
optimized-release,4.125e-06,1,1,2,0,0,0,1125,2,1,M_PROGRAMAPI_CREATEDIR_28E82C70,1,2,2,2
optimized-release,4.292e-06,1,1,2,0,0,0,1126,2,1,M_PROGRAMAPI_DELETEFILE_1B5DE7B0,1,2,2,2
optimized-release,5.042e-06,1,2,3,0,0,0,1127,3,2,M_PROGRAMAPI_RENAME_C087BEE5,1,2,3,3
optimized-release,4.167e-06,1,0,1,0,0,0,1128,1,1,M_PROGRAMAPI_INPUT_CF30B53D,1,2,1,1
optimized-release,4e-06,1,0,1,0,0,0,1129,1,1,M_PROGRAMAPI_OUTPUT_24288338,1,2,1,1
optimized-release,3.584e-06,1,0,1,0,0,0,1130,1,1,M_PROGRAMAPI_IOERR_5170B12C,1,2,1,1
optimized-release,3.084e-06,1,0,1,0,0,0,1131,1,1,M_PROGRAMAPI_GETARGSTR_01F4859C,1,2,1,1
optimized-release,1.9334e-05,3,6,11,0,0,2,1132,11,6,M_PROGRAMAPI_READARGS_BFA789E0,3,6,11,11
optimized-release,4.834e-06,1,1,2,0,0,0,1133,2,1,M_PROGRAMAPI_SETIOERR_D3F44706,1,2,2,2
optimized-release,3.375e-06,1,0,1,0,0,0,1134,1,1,M_PROGRAMAPI_BREAKPENDING_F12A3675,1,2,1,1
optimized-release,3e-06,1,0,0,0,0,0,1135,0,0,M_PROGRAMAPI_YIELD_8B32D3B0,1,2,0,0
optimized-release,6.084e-06,1,3,4,0,0,0,1136,4,3,M_PROGRAMAPI_WRITEALL_2F9D9EC1,1,2,4,4
optimized-release,5.333e-06,1,2,2,0,0,0,1137,2,2,M_PROGRAMAPI_READERINIT_0B3A5F6A,1,2,2,2
optimized-release,4.667e-06,1,1,2,0,0,0,1138,2,1,M_PROGRAMAPI_READBYTE_268CDC31,1,2,2,2
optimized-release,5.5e-06,1,3,4,0,0,0,1139,4,3,M_PROGRAMAPI_READLINE_D25FAB11,1,2,4,4
optimized-release,5.208e-06,1,2,3,0,0,0,1140,3,2,M_PROGRAMAPI_LOCK_D0030F12,1,2,3,3
optimized-release,4.375e-06,1,1,1,0,0,0,1141,1,1,M_PROGRAMAPI_UNLOCK_3CF9C02D,1,2,1,1
optimized-release,4.958e-06,1,2,3,0,0,0,1142,3,2,M_PROGRAMAPI_EXAMINE_6478E83C,1,2,3,3
optimized-release,4.667e-06,1,2,3,0,0,0,1143,3,2,M_PROGRAMAPI_EXNEXT_3BA57C27,1,2,3,3
optimized-release,4.166e-06,1,1,2,0,0,0,1144,2,1,M_PROGRAMAPI_ISINTERACTIVE_056AF905,1,2,2,2
optimized-release,3.333e-06,1,0,1,0,0,0,1145,1,1,M_PROGRAMAPI_OPENCONSOLE_E4ECC506,1,2,1,1
optimized-release,4.875e-06,1,2,3,0,0,0,1146,3,2,M_PROGRAMAPI_CONSOLEINFO_2608391A,1,2,3,3
optimized-release,6.541e-06,1,4,5,0,0,0,1147,5,4,M_PROGRAMAPI_FAULT_DA8736E9,1,2,5,5
optimized-release,7.167e-06,1,5,6,0,0,0,1148,6,5,M_PROGRAMAPI_PRINTFAULT_2BBE94D8,1,2,6,6
optimized-release,7.333e-06,1,5,7,0,0,0,1149,7,6,M_PROGRAMAPI_READARGSORHELP_0AAF8D06,1,2,7,7
optimized-release,0.000473458,44,27,112,18,8,59,1150,94,8,M_PROGRAMPROVIDERS_RESOLVE_0AD38ACF,44,145,112,94
optimized-release,0.000123708,19,45,79,0,0,21,1151,74,3,M_PROGRAMPLACE_ALLOCATE_8CF1E5BF,19,38,79,74
optimized-release,8.375e-06,1,3,4,0,0,0,1152,4,3,M_PROGRAMPLACE_PATCHES_2338CDC0,1,2,4,4
optimized-release,2.5292e-05,4,4,11,2,2,4,1153,8,4,M_PROGRAMPLACE_COPY_75B5AA8B,4,11,11,8
optimized-release,9.9125e-05,15,39,65,0,0,18,1154,61,3,M_PROGRAM_LOAD_3AF1DE19,15,30,65,63
optimized-release,5.75e-06,1,1,1,0,0,0,1155,1,1,M_PROGRAM_UNLOAD_C8BC2432,1,2,1,1
optimized-release,0.000307166,44,12,103,14,41,63,1156,75,6,M_PROGRAMFILE_LOAD_6B2BC763,44,101,103,75
optimized-release,0.000700792,70,101,200,0,0,89,1157,189,4,M_PIPELINE_RUN_E96AA47C,70,140,200,191
optimized-release,7.583e-06,1,1,4,0,0,0,1158,4,1,M_DEMO_SHELLLINE_05385AFA,1,2,4,4
optimized-release,4.75e-06,1,1,4,0,0,0,1159,4,1,M_DEMO_SHELLDRAWBUFFER_40A1F650,1,2,4,4
optimized-release,4.166e-06,1,1,4,0,0,0,1160,4,1,M_DEMO_SHELLSCRATCH_4CC9A4C2,1,2,4,4
optimized-release,3.75e-06,1,1,4,0,0,0,1161,4,1,M_DEMO_SHELLTRANSFER_5E61BE6D,1,2,4,4
optimized-release,2.5875e-05,5,9,11,0,0,6,1162,11,2,M_DEMO_SHELLFAIL_8B3FAF62,5,10,11,11
optimized-release,1.2125e-05,1,1,3,0,0,0,1163,3,1,M_DEMO_SHELLLENGTH_41312048,1,2,3,3
optimized-release,5.0458e-05,9,8,27,6,5,11,1164,18,3,M_DEMO_SHELLEQUAL_87D888CC,9,19,27,19
optimized-release,1.05e-05,3,0,2,0,0,2,1165,2,1,M_DEMO_SHELLPOLL_FD68673B,3,6,2,2
optimized-release,9.125e-06,3,2,5,0,0,2,1166,5,1,M_DEMO_SHELLSCOPE_835D7600,3,6,5,5
optimized-release,4.5958e-05,10,5,16,3,2,11,1167,15,3,M_DEMO_SHELLRETIREBREAK_55533B4C,10,21,16,15
optimized-release,0.000102292,17,20,37,0,2,22,1168,36,3,M_DEMO_SHELLWRITE_F024753B,17,34,37,36
optimized-release,8.958e-06,1,3,6,0,0,0,1169,5,2,M_DEMO_SHELLBYTE_63E82DA4,1,2,6,5
optimized-release,0.000100792,16,9,43,11,6,21,1170,27,7,M_DEMO_SHELLTEXT_3AA6BB8B,16,46,43,29
optimized-release,3.3042e-05,4,13,28,0,0,4,1171,28,3,M_DEMO_SHELLNUMBER_CB70AEA1,4,8,28,28
optimized-release,0.000101542,15,46,62,0,0,21,1172,61,3,M_DEMO_SHELLDIAGNOSTIC_90251983,15,30,62,62
optimized-release,4.025e-05,9,8,16,0,0,11,1173,17,2,M_DEMO_SHELLHISTORY_253D1EFE,9,18,16,17
optimized-release,1.425e-05,3,6,9,0,0,2,1174,8,2,M_DEMO_SHELLPROMPT_49927678,3,6,9,8
optimized-release,6.416e-06,1,2,3,0,0,0,1175,3,1,M_DEMO_SHELLCLEAR_C99F4545,1,2,3,3
optimized-release,0.00013325,29,14,42,0,0,28,1176,42,1,M_DEMO_SHELLCLASSIFY_4EDF64CA,29,58,42,42
optimized-release,3.1209e-05,7,16,26,0,0,8,1177,24,2,M_DEMO_SHELLPIPEBOUNDARY_12E051D2,7,14,26,24
optimized-release,0.000102167,16,27,59,3,6,18,1178,47,4,M_DEMO_SHELLARGUMENT_06FF7069,16,34,59,47
optimized-release,0.001439417,126,118,353,81,39,181,1179,246,9,M_DEMO_SHELLPARSE_A0346EB9,126,296,353,246
optimized-release,8.2708e-05,13,3,39,9,2,18,1180,24,5,M_DEMO_SHELLALIASNAME_AB73FBF9,13,27,39,26
optimized-release,0.000106875,16,3,25,12,2,23,1181,15,3,M_DEMO_SHELLALIASTEXT_A6FBD7BD,16,53,25,15
optimized-release,4.3084e-05,9,5,20,4,2,10,1182,15,3,M_DEMO_SHELLALIASINDEX_3346373C,9,19,20,16
optimized-release,1.4292e-05,1,7,15,0,0,0,1183,12,3,M_DEMO_SHELLALIASSHOW_53099C95,1,2,15,14
optimized-release,0.00026875,45,21,93,15,13,57,1184,68,5,M_DEMO_SHELLALIASCOMMAND_96FDFCD5,45,103,93,70
optimized-release,1.8333e-05,3,7,14,0,0,2,1185,13,2,M_DEMO_SHELLUNALIASCOMMAND_0E212A24,3,6,14,13
optimized-release,0.000213417,28,24,106,12,12,37,1186,74,11,M_DEMO_SHELLALIASREPLACE_D1C41638,28,71,106,74
optimized-release,2.1542e-05,6,3,8,0,0,6,1187,8,1,M_DEMO_SHELLALIASEXPAND_1DD100F8,6,12,8,8
optimized-release,7.3417e-05,13,16,31,0,0,14,1188,31,2,M_DEMO_SHELLCHANGE_9A7AB49E,13,26,31,31
optimized-release,2.1709e-05,6,5,11,0,0,6,1189,12,1,M_DEMO_SHELLRELEASELOCK_B96B0C1C,6,12,11,12
optimized-release,0.000153833,23,22,56,7,0,30,1190,47,3,M_DEMO_SHELLDIR_42E4EEF3,23,52,56,51
optimized-release,9.7792e-05,16,3,37,12,13,23,1191,21,5,M_DEMO_SHELLCONVERT_E2CF79D9,16,51,37,21
optimized-release,1.9333e-05,5,5,8,0,0,6,1192,8,1,M_DEMO_SHELLCLOSECOMMANDINPUT_4078E4EF,5,10,8,8
optimized-release,0.00016575,27,14,50,7,2,35,1193,41,4,M_DEMO_SHELLTYPE_1AFF6CB6,27,61,50,41
optimized-release,1.6084e-05,1,0,20,0,0,0,1194,20,2,M_DEMO_SHELLMEM_AF895CA1,1,2,20,20
optimized-release,4.5708e-05,10,3,10,0,0,13,1195,7,2,M_DEMO_SHELLTASKSTATE_696E6DB8,10,20,10,7
optimized-release,9.0458e-05,14,18,48,9,2,18,1196,33,5,M_DEMO_SHELLTASKS_EC8AA98C,14,39,48,35
optimized-release,0.000150834,25,11,40,20,2,34,1197,27,5,M_DEMO_SHELLDEVICES_F77A45DF,25,76,40,28
optimized-release,0.000140792,23,21,59,18,4,30,1198,42,5,M_DEMO_SHELLMOUNTS_AF3EE75C,23,70,59,44
optimized-release,3.2375e-05,7,8,16,0,0,6,1199,15,2,M_DEMO_SHELLCLOSETEMPORARY_12B1A0C5,7,14,16,16
optimized-release,0.000103375,22,29,46,0,0,30,1200,48,1,M_DEMO_SHELLUNREDIRECT_A96C796F,22,44,46,48
optimized-release,9.4792e-05,20,30,57,0,0,23,1201,57,3,M_DEMO_SHELLREDIRECT_189A437C,20,40,57,57
optimized-release,9.584e-06,1,2,8,0,0,0,1202,8,2,M_DEMO_SHELLPATHENTRY_DB7471EF,1,2,8,8
optimized-release,5.5e-06,1,1,2,0,0,0,1203,3,1,M_DEMO_SHELLPATHRESET_72A30C98,1,2,2,3
optimized-release,6.3791e-05,12,4,27,9,8,16,1204,16,4,M_DEMO_SHELLPATHEQUAL_1BAC498B,12,25,27,16
optimized-release,0.000171708,26,11,61,18,9,37,1205,40,6,M_DEMO_SHELLPATHASSIGNED_B6DA4F91,26,71,61,41
optimized-release,0.000195375,31,26,73,3,4,38,1206,68,3,M_DEMO_SHELLPATHUPDATE_51351508,31,63,73,71
optimized-release,8.4917e-05,18,19,43,2,2,20,1207,40,3,M_DEMO_SHELLPATH_505E8FAB,18,37,43,41
optimized-release,7.834e-06,1,2,5,0,0,0,1208,5,2,M_DEMO_SHELLPATHMISS_F697D8DD,1,2,5,5
optimized-release,0.000157541,25,11,75,12,6,31,1209,59,7,M_DEMO_SHELLLOADCOMMAND_919DB943,25,71,75,61
optimized-release,4.4125e-05,7,16,30,0,0,6,1210,29,3,M_DEMO_SHELLEXTERNAL_6FFCDB1B,7,14,30,30
optimized-release,9.925e-05,13,43,69,0,0,17,1211,64,7,M_DEMO_SHELLPIPELINE_3089A788,13,26,69,66
optimized-release,0.000265583,48,18,86,5,2,69,1212,65,3,M_DEMO_SHELLDISPATCH_61C1EC5C,48,97,86,68
optimized-release,8.9542e-05,21,12,32,0,0,29,1213,30,2,M_DEMO_SHELLCOMMAND_F85F9F19,21,42,32,30
optimized-release,0.000175917,29,54,85,0,0,39,1214,80,3,M_DEMO_SHELLREADSTEP_67245C10,29,58,85,80
optimized-release,4.2333e-05,9,12,30,0,0,8,1215,26,2,M_DEMO_SHELLOPEN_309B1844,9,18,30,27
optimized-release,6.333e-06,1,4,6,0,0,0,1216,4,2,M_DEMO_SHELLINITIALPROMPT_533D0DC4,1,2,6,4
optimized-release,1.95e-05,5,4,9,0,0,5,1217,9,1,M_DEMO_SHELLSTART_EB23C688,5,10,9,9
optimized-release,0.0001535,31,29,63,0,0,34,1218,63,1,M_DEMO_SHELLFINISH_96C56219,31,62,63,65
optimized-release,2.6417e-05,6,6,11,0,0,8,1219,11,1,M_DEMO_SHELLCACHESTATUS_0F6F58DA,6,12,11,11
optimized-release,3.9291e-05,9,8,22,0,0,9,1220,19,3,M_DEMO_SHELLBOOTSIO_CB000C63,9,18,22,19
optimized-release,0.000135708,23,63,96,0,0,27,1221,91,2,M_DEMO_SHELLBOOTSTART_83789768,23,46,96,96
optimized-release,4.0125e-05,7,7,27,5,4,8,1222,22,4,M_DEMO_DEMONAME_3669E60C,7,15,27,22
optimized-release,2.8083e-05,5,8,17,3,2,6,1223,14,4,M_DEMO_DEMOTEXT_C012A5A2,5,13,17,14
optimized-release,8.3125e-05,11,11,29,9,4,15,1224,23,4,M_DEMO_DEMONUMBER_B404F7D0,11,43,29,23
optimized-release,4.4958e-05,10,10,34,2,2,10,1225,28,5,M_DEMO_DEMOPRIME_7F18EBC0,10,23,34,28
optimized-release,0.000212209,36,24,80,31,10,47,1226,71,4,M_DEMO_DEMOCOMPUTE_108F568E,36,80,80,71
optimized-release,0.000143875,28,23,64,0,0,30,1227,63,2,M_DEMO_DEMOSTART_FC398735,28,56,64,63
optimized-release,0.000159584,33,19,43,0,0,41,1228,43,2,M_DEMO_DEMOFINISH_E4DD1D06,33,66,43,43
optimized-release,3.1458e-05,9,4,11,2,0,12,1229,10,1,M_DEMO_MAIN_C5B18743,9,19,11,10
optimized-guarded,3.7708e-05,3,1,2,0,0,2,0,2,1,M_EXECMEMORY_VALIDBANK_E9E0A79B,3,6,2,2
optimized-guarded,1.7667e-05,4,2,4,0,0,4,1,4,1,M_EXECMEMORY_VALIDOWNER_462B929A,4,8,4,4
optimized-guarded,0.000137208,25,17,45,6,4,30,2,39,3,M_EXECMEMORY_ADOPT_494D3B99,25,52,45,39
optimized-guarded,2.6791e-05,5,14,17,0,0,4,3,17,3,M_EXECMEMORY_QUERY_D2E34F9F,5,10,17,17
optimized-guarded,5.6333e-05,13,19,27,0,0,12,4,27,3,M_EXECMEMORY_RESERVEEXACT_88D3D2C8,13,26,27,27
optimized-guarded,4.8375e-05,10,9,22,3,2,10,5,16,3,M_EXECMEMORY_ACQUIRE_EAA019EB,10,21,22,16
optimized-guarded,6.3333e-05,15,22,31,0,0,14,6,31,2,M_EXECMEMORY_RELEASE_A6E307FC,15,30,31,31
optimized-guarded,5.5e-06,1,0,1,0,0,0,7,1,1,M_EXECMEMORY_INIT_F4EA07E3,1,2,1,1
optimized-guarded,9.541e-06,1,3,9,0,0,0,8,5,2,M_EXECLISTS_NEWLIST_B3502541,1,2,9,7
optimized-guarded,5.833e-06,1,1,2,0,0,0,9,1,1,M_EXECLISTS_NEWMINLIST_A2695943,1,2,2,2
optimized-guarded,6.75e-06,1,3,6,0,0,0,10,5,2,M_EXECLISTS_ISLISTEMPTY_6EEB0796,1,2,6,6
optimized-guarded,5.458e-06,1,1,3,0,0,0,11,2,1,M_EXECLISTS_ISMINLISTEMPTY_6D517164,1,2,3,3
optimized-guarded,7.959e-06,1,3,11,0,0,0,12,4,4,M_EXECLISTS_ADDHEAD_3AE3E6E4,1,2,11,5
optimized-guarded,1.2958e-05,1,10,12,0,0,0,13,11,2,M_EXECLISTS_ADDTAIL_A1C0F364,1,2,12,12
optimized-guarded,3.6666e-05,6,19,26,0,0,6,14,24,2,M_EXECLISTS_INSERT_468B11BA,6,12,26,26
optimized-guarded,6.792e-06,1,3,6,0,0,0,15,3,2,M_EXECLISTS_REMOVE_2E26C2C1,1,2,6,3
optimized-guarded,1.3792e-05,3,5,7,0,0,2,16,6,1,M_EXECLISTS_REMHEAD_F8063CE7,3,6,7,6
optimized-guarded,1.2125e-05,3,5,7,0,0,2,17,6,1,M_EXECLISTS_REMTAIL_292EAA27,3,6,7,6
optimized-guarded,3.0959e-05,6,12,20,3,2,6,18,17,3,M_EXECLISTS_ENQUEUE_763E1E61,6,13,20,17
optimized-guarded,5.6958e-05,11,9,29,8,6,13,19,22,5,M_EXECLISTS_FINDNAME_2659CDBB,11,26,29,22
optimized-guarded,7.1833e-05,12,12,34,7,2,15,20,27,4,M_TASKMEMORY_WRITABLE_FBC2061D,12,25,34,28
optimized-guarded,1.6083e-05,4,3,7,0,0,4,22,7,1,M_HEAPCORE_ROUNDED_9D79FA03,4,8,7,7
optimized-guarded,7.0708e-05,13,19,35,0,0,19,23,34,3,M_HEAPCORE_BOUNDS_2387CB05,13,26,35,34
optimized-guarded,7.7667e-05,6,7,17,0,0,8,24,16,2,M_HEAPCORE_CHUNKADDRESS_A551D41B,6,12,17,16
optimized-guarded,4.0375e-05,7,7,16,0,0,10,25,15,2,M_HEAPCORE_NEXTADDRESS_E32592FF,7,14,16,15
optimized-guarded,3.9416e-05,6,20,28,0,0,8,26,28,3,M_HEAPCORE_CHUNKEND_0E0C27CE,6,12,28,28
optimized-guarded,2.8167e-05,6,8,17,2,4,7,27,14,3,M_HEAPCORE_VALIDATE_B397AD34,6,13,17,14
optimized-guarded,1.7916e-05,4,5,6,0,0,4,28,6,2,M_HEAPCORE_LINK_9B47F952,4,8,6,6
optimized-guarded,7.958e-06,1,3,5,0,0,0,29,3,2,M_HEAPCORE_WRITECHUNK_D768FC26,1,2,5,3
optimized-guarded,5.1e-05,6,27,43,0,0,7,30,41,3,M_HEAPCORE_SPLIT_B6117102,6,12,43,41
optimized-guarded,2.5959e-05,5,6,14,0,0,6,31,14,2,M_HEAPCORE_CANDIDATE_07CF3557,5,10,14,14
optimized-guarded,0.000101625,15,12,43,5,2,17,32,28,5,M_HEAPCORE_RESERVE_2192E9C0,15,42,43,28
optimized-guarded,7.417e-06,1,2,3,0,0,0,33,3,2,M_HEAPCORE_ALLOCATE_E39F1AF5,1,2,3,3
optimized-guarded,0.000106291,19,11,55,15,18,25,34,36,6,M_HEAPCORE_LARGEST_AA9886E8,19,39,55,36
optimized-guarded,8.2875e-05,12,36,57,0,0,16,35,54,4,M_HEAPCORE_INSERTFREE_129E41BB,12,24,57,54
optimized-guarded,0.000138709,19,28,58,3,2,27,36,52,5,M_HEAPCORE_RETURNRANGE_11C95A83,19,54,58,52
optimized-guarded,3.6791e-05,6,11,21,0,0,7,37,20,3,M_HEAPCORE_DEALLOCATE_60F97CF2,6,12,21,20
optimized-guarded,5.5e-06,1,0,1,0,0,0,38,1,1,M_HEAPPOLICY_GETSTATE_9B9EAF7C,1,2,1,1
optimized-guarded,7.25e-06,1,1,5,0,0,0,39,5,1,M_HEAPPOLICY_HEADER_A992FDFC,1,2,5,5
optimized-guarded,3.075e-05,6,3,16,4,2,7,40,11,3,M_HEAPPOLICY_SHUTDOWN_9E341637,6,16,16,11
optimized-guarded,5.4583e-05,11,2,19,8,8,13,41,14,3,M_HEAPPOLICY_RUNS_07A33D25,11,31,19,14
optimized-guarded,2.4208e-05,1,22,34,0,0,0,42,32,3,M_HEAPPOLICY_REGION_F42DC07D,1,2,34,33
optimized-guarded,0.000352708,36,20,83,23,22,47,43,59,5,M_HEAPPOLICY_START_1455FA91,36,147,83,60
optimized-guarded,2.3958e-05,4,2,11,2,2,4,44,9,2,M_HEAPPOLICY_INIT_69D6AA0D,4,11,11,9
optimized-guarded,4.45e-05,11,6,16,0,0,12,45,16,2,M_HEAPPOLICY_FLAGSVALID_4BF22F96,11,22,16,16
optimized-guarded,2.8667e-05,6,4,16,0,0,8,46,15,2,M_HEAPPOLICY_DESCRIPTOR_8971C45E,6,12,16,15
optimized-guarded,9.3292e-05,17,12,47,7,6,25,47,28,5,M_HEAPPOLICY_VALIDATEREGIONS_C3A52ACE,17,39,47,30
optimized-guarded,1.875e-05,3,6,14,0,0,3,48,13,2,M_HEAPPOLICY_MATCHES_ACC95206,3,6,14,13
optimized-guarded,8.5833e-05,14,13,37,5,2,17,49,29,4,M_HEAPPOLICY_RESERVE_42F2499D,14,29,37,31
optimized-guarded,4.1208e-05,7,7,26,4,2,8,50,17,4,M_HEAPPOLICY_LOCATE_7B91FF59,7,18,26,19
optimized-guarded,5.5333e-05,11,14,27,0,0,15,51,26,3,M_HEAPPOLICY_FREE_3EA2E1EF,11,22,27,26
optimized-guarded,0.000114084,19,13,57,15,14,24,52,41,4,M_HEAPPOLICY_AVAIL_22774B2C,19,39,57,43
optimized-guarded,1.3667e-05,3,3,7,0,0,2,53,6,1,M_HEAPPOLICY_MEMORYTYPE_D394B206,3,6,7,6
optimized-guarded,1.6333e-05,4,3,8,0,0,4,54,7,1,M_HEAPPOLICY_VECTORBYTES_E6541B8F,4,8,8,7
optimized-guarded,1.1959e-05,3,3,7,0,0,2,55,6,2,M_HEAPPOLICY_RESERVEVECTOR_C09ED6F4,3,6,7,6
optimized-guarded,8.9709e-05,15,19,46,0,0,21,56,41,3,M_HEAPPOLICY_FREEVECTOR_698EC5DE,15,30,46,41
optimized-guarded,5.25e-06,1,0,1,0,0,0,57,1,1,M_PROCESSSTATE_REGISTRY_559AFD20,1,2,1,1
optimized-guarded,4.416e-06,1,1,2,0,0,0,58,2,1,M_BOOTCONFIG_CACHEBLOCKS_B221B0CF,1,2,2,2
optimized-guarded,4.042e-06,1,1,2,0,0,0,59,2,1,M_BOOTCONFIG_STATUS_B93FBCBB,1,2,2,2
optimized-guarded,3.583e-06,1,1,2,0,0,0,60,2,1,M_BOOTCONFIG_SYSTEMDRIVE_62E82846,1,2,2,2
optimized-guarded,1.05e-05,1,4,14,0,0,0,61,13,4,M_BOOTCONFIG_VALIDBLOCKS_EA50F717,1,2,14,13
optimized-guarded,7.8875e-05,13,24,38,0,0,16,62,37,2,M_BOOTCONFIG_INIT_610CE665,13,26,38,37
optimized-guarded,7.375e-06,1,1,5,0,0,0,69,5,1,M_TASKPOLICY_RECORDFOR_833E2B66,1,2,5,5
optimized-guarded,6.75e-06,1,3,6,0,0,0,70,6,2,M_TASKPOLICY_SAVEDWORD_D1C8E663,1,2,6,6
optimized-guarded,6e-06,1,2,5,0,0,0,71,5,2,M_TASKPOLICY_RESULT_DA2077E3,1,2,5,5
optimized-guarded,1.0166e-05,1,4,12,0,0,0,72,12,2,M_TASKPOLICY_POINTERRESULT_E8D88610,1,2,12,12
optimized-guarded,8.25e-06,1,2,10,0,0,0,73,9,2,M_TASKPOLICY_ARGUMENTPOINTER_A19325C6,1,2,10,10
optimized-guarded,5.375e-06,1,2,5,0,0,0,74,5,1,M_TASKPOLICY_FLAGS_56B3B4FF,1,2,5,5
optimized-guarded,8.375e-06,1,4,11,0,0,0,75,11,2,M_TASKPOLICY_PROTECTED_FCDCE808,1,2,11,11
optimized-guarded,4.7458e-05,11,12,23,0,0,12,76,21,2,M_TASKPOLICY_LOOKUP_41F6D1E4,11,22,23,22
optimized-guarded,5.459e-06,1,2,3,0,0,0,77,3,2,M_TASKPOLICY_WRITABLE_0565D862,1,2,3,3
optimized-guarded,7.9834e-05,15,12,33,6,2,19,78,30,3,M_TASKPOLICY_AVAILABLERECORD_80983EA0,15,31,33,30
optimized-guarded,1.3333e-05,1,8,19,0,0,0,79,16,3,M_TASKPOLICY_EMPTYMEMORY_C893BDB0,1,2,19,18
optimized-guarded,2.9041e-05,7,3,12,4,2,8,80,9,3,M_TASKPOLICY_VALIDENTRY_58BA8A58,7,15,12,9
optimized-guarded,7.025e-05,14,16,46,4,2,16,81,37,4,M_TASKPOLICY_STACKSLOT_2A322EEA,14,29,46,37
optimized-guarded,3.8958e-05,5,16,34,3,2,6,82,29,4,M_TASKPOLICY_PREPARESTACK_1A1C583B,5,13,34,29
optimized-guarded,3.425e-05,4,18,37,2,2,4,83,34,3,M_TASKPOLICY_PREPAREDOMAIN_45DA3401,4,11,37,34
optimized-guarded,4.5291e-05,7,14,34,2,2,8,84,31,2,M_TASKPOLICY_PREPAREFRAME_D5FF2FA0,7,17,34,31
optimized-guarded,1.5916e-05,3,6,8,0,0,3,85,7,2,M_TASKPOLICY_SETSTATE_52D88FAF,3,6,8,7
optimized-guarded,8.292e-06,1,5,7,0,0,0,86,7,2,M_TASKPOLICY_READY_679992F5,1,2,7,7
optimized-guarded,1.1042e-05,1,12,13,0,0,0,87,13,2,M_TASKPOLICY_INITSIGNALS_5C831CB9,1,2,13,13
optimized-guarded,2.3292e-05,1,30,38,0,0,0,88,35,2,M_TASKPOLICY_ADMIT_CF1671AB,1,2,38,35
optimized-guarded,2.2583e-05,4,6,14,2,2,4,89,11,2,M_TASKPOLICY_INITRESIDENTSTORAGE_FCEF7175,4,11,14,11
optimized-guarded,5.5e-05,8,25,63,2,2,8,90,42,3,M_TASKPOLICY_INIT_57A5FAC8,8,17,63,42
optimized-guarded,3.875e-06,1,1,1,0,0,0,91,1,1,M_TASKPOLICY_TIMEDCOUNT_C3B59E74,1,2,1,1
optimized-guarded,1.4833e-05,4,3,6,0,0,4,92,6,1,M_TASKPOLICY_ADJUSTTIMED_DDC1BE1E,4,8,6,6
optimized-guarded,3.4667e-05,7,4,17,5,2,9,93,12,4,M_TASKPOLICY_WAKE_9E9C7518,7,20,17,12
optimized-guarded,5.7833e-05,12,11,25,0,0,13,94,23,2,M_TASKPOLICY_SELECT_1A709B3E,12,24,25,24
optimized-guarded,3.2791e-05,8,12,20,0,0,8,95,20,3,M_TASKPOLICY_SWITCH_98522C9E,8,16,20,20
optimized-guarded,1.2916e-05,1,10,19,0,0,0,96,19,2,M_TASKPOLICY_EMPTYSIGNALS_EA2224E4,1,2,19,19
optimized-guarded,0.00010875,17,40,67,0,0,20,97,64,4,M_TASKPOLICY_ADD_A5E7C92B,17,34,67,64
optimized-guarded,0.000255,24,62,128,9,11,35,98,108,4,M_TASKPOLICY_CREATE_EE96600A,24,66,128,110
optimized-guarded,0.000127292,20,41,68,0,0,27,99,65,2,M_TASKPOLICY_REMOVETASK_35F29A21,20,40,68,65
optimized-guarded,3.8667e-05,8,9,18,3,0,8,100,18,2,M_TASKPOLICY_SAMENAME_968CD62D,8,21,18,18
optimized-guarded,4.4375e-05,10,9,22,5,2,11,101,18,3,M_TASKPOLICY_FIND_0D9A09D7,10,21,22,18
optimized-guarded,1.85e-05,3,8,17,0,0,2,102,16,2,M_TASKPOLICY_PRIORITY_7FE7EE8A,3,6,17,16
optimized-guarded,3.4042e-05,7,19,28,0,0,6,103,27,3,M_TASKPOLICY_SLEEPTASK_6A909BCC,7,14,28,27
optimized-guarded,9.333e-06,1,4,10,0,0,0,104,10,2,M_TASKPOLICY_MASKRESULT_220A6FAB,1,2,10,10
optimized-guarded,5.167e-06,1,1,3,0,0,0,105,3,1,M_TASKPOLICY_SIGNALBIT_7E52F9EF,1,2,3,3
optimized-guarded,6.5292e-05,13,12,31,3,2,16,106,26,3,M_TASKPOLICY_ALLOCATEBIT_A349E154,13,27,31,26
optimized-guarded,9.6792e-05,15,37,59,0,0,16,107,56,3,M_TASKPOLICY_MASKS_49833CE1,15,30,59,57
optimized-guarded,1.8875e-05,5,6,10,0,0,4,108,9,2,M_TASKPOLICY_COMPLETEWAIT_31FB45E4,5,10,10,9
optimized-guarded,2.275e-05,5,9,18,0,0,4,109,17,2,M_TASKPOLICY_WAITTASK_AD94C4A2,5,10,18,17
optimized-guarded,1.2125e-05,3,5,8,0,0,2,110,8,2,M_TASKPOLICY_POSTSIGNAL_10773240,3,6,8,8
optimized-guarded,3.0417e-05,7,11,22,0,0,6,111,19,2,M_TASKPOLICY_SIGNALTASK_806F80F5,7,14,22,19
optimized-guarded,1.2083e-05,3,3,4,0,0,3,117,4,1,M_TASKPOLICY_CANCELWAKE_8ADC984A,3,6,4,4
optimized-guarded,2.7042e-05,9,6,14,0,0,8,118,13,2,M_TASKPOLICY_DRAINONE_68E56764,9,18,14,13
optimized-guarded,2.4583e-05,7,0,12,4,4,8,119,8,3,M_TASKPOLICY_DRAINWAKES_15F017CB,7,15,12,8
optimized-guarded,2.3667e-05,9,4,10,0,0,8,120,10,1,M_TASKPOLICY_PRODUCERBINDING_1B8E711F,9,18,10,10
optimized-guarded,5.5416e-05,12,7,22,7,2,15,121,17,4,M_TASKPOLICY_BOUNDPRODUCER_6D7B4E54,12,25,22,17
optimized-guarded,3.8e-05,9,4,16,6,2,11,122,12,4,M_TASKPOLICY_PRODUCERSIGNALBOUND_5677CF48,9,19,16,12
optimized-guarded,0.000454042,55,92,148,0,0,74,123,143,3,M_TASKPOLICY_PRODUCERCONTROL_52F9499B,55,110,148,143
optimized-guarded,1.0291e-05,1,4,11,0,0,0,124,11,3,M_TASKPOLICY_MEMORYSERVICE_7FAD083C,1,2,11,11
optimized-guarded,4.7708e-05,9,14,23,0,0,12,125,23,3,M_TASKPOLICY_MEMORYPACKET_B36B55BB,9,18,23,23
optimized-guarded,0.000120417,18,32,61,0,0,24,126,55,3,M_TASKPOLICY_MEMORYCALL_E7816C43,18,36,61,55
optimized-guarded,7.25e-06,1,2,5,0,0,0,127,5,2,M_TASKPOLICY_PORTSERVICE_8D598BCC,1,2,5,5
optimized-guarded,6.125e-06,1,2,4,0,0,0,128,3,1,M_TASKPOLICY_INITPORTS_2CB7E92A,1,2,4,3
optimized-guarded,1.2833e-05,3,2,7,0,0,2,129,7,1,M_TASKPOLICY_PORTSTORAGE_D3468DA2,3,6,7,7
optimized-guarded,2.7667e-05,8,7,12,0,0,8,130,12,1,M_TASKPOLICY_VALIDPORT_7710F985,8,16,12,12
optimized-guarded,1.6375e-05,4,3,11,0,0,4,131,11,1,M_TASKPOLICY_VALIDMESSAGE_C0DE7739,4,8,11,11
optimized-guarded,7.1708e-05,13,18,31,0,0,15,132,30,2,M_TASKPOLICY_SENDMESSAGE_7332557D,13,26,31,30
optimized-guarded,5.25e-05,11,16,29,0,0,13,133,27,2,M_TASKPOLICY_PORTHEAD_A12A0751,11,22,29,29
optimized-guarded,5.7917e-05,12,20,32,0,0,12,134,32,2,M_TASKPOLICY_PORTDELETE_CF47DFE6,12,24,32,32
optimized-guarded,7.15e-05,14,24,41,0,0,14,135,38,2,M_TASKPOLICY_REGISTRYCALL_6B5FFB7F,14,28,41,41
optimized-guarded,4.4416e-05,9,18,30,0,0,8,136,26,4,M_TASKPOLICY_QUEUECALL_62B0545B,9,18,30,27
optimized-guarded,7.6708e-05,14,32,49,0,0,15,137,48,4,M_TASKPOLICY_PORTCALL_70989793,14,28,49,49
optimized-guarded,7e-06,1,2,5,0,0,0,138,5,2,M_TASKPOLICY_IOSERVICE_1E6CF653,1,2,5,5
optimized-guarded,1.3166e-05,1,15,17,0,0,0,139,16,1,M_TASKPOLICY_INITIONAMES_D8642B1E,1,2,17,16
optimized-guarded,2.0583e-05,4,9,16,0,0,3,140,13,1,M_TASKPOLICY_INITIO_35D5D1E4,4,8,16,13
optimized-guarded,2.3291e-05,5,7,17,0,0,4,141,15,2,M_TASKPOLICY_IOEXTENT_9818C08A,5,10,17,16
optimized-guarded,1.6e-05,3,6,10,0,0,3,142,10,2,M_TASKPOLICY_IOERROR_9413450C,3,6,10,10
optimized-guarded,1.0833e-05,3,3,5,0,0,2,143,5,2,M_TASKPOLICY_IONAME_8B922013,3,6,5,5
optimized-guarded,4.083e-06,1,0,0,0,0,0,144,0,0,M_TASKPOLICY_IOBOUND_33A4879E,1,2,0,0
optimized-guarded,3.2959e-05,8,14,23,0,0,7,145,22,2,M_TASKPOLICY_IOOPEN_15F8E966,8,16,23,22
optimized-guarded,1.1292e-05,2,5,6,0,0,1,146,6,2,M_TASKPOLICY_IOOPENTEST_C4ABA6E6,2,4,6,6
optimized-guarded,1.65e-05,3,11,16,0,0,2,147,16,4,M_TASKPOLICY_IOCOMPLETE_88BA0BF3,3,6,16,16
optimized-guarded,1.6125e-05,3,10,18,0,0,2,148,17,3,M_TASKPOLICY_IOWAITOWNER_63A51E9E,3,6,18,17
optimized-guarded,3.8083e-05,9,18,27,0,0,9,149,27,2,M_TASKPOLICY_IOCOLLECT_D169FE6C,9,18,27,27
optimized-guarded,5.7375e-05,10,33,51,0,0,11,150,49,3,M_TASKPOLICY_IOENQUEUE_EC975914,10,20,51,50
optimized-guarded,4.4416e-05,10,15,24,0,0,12,151,24,3,M_TASKPOLICY_IOBEGIN_A0C610B5,10,20,24,24
optimized-guarded,6.8917e-05,13,22,32,0,0,17,152,31,3,M_TASKPOLICY_IOTESTBEGIN_2E780855,13,26,32,32
optimized-guarded,3.6e-05,9,15,25,0,0,8,153,24,3,M_TASKPOLICY_IOABORT_1EC95CFC,9,18,25,24
optimized-guarded,6.1458e-05,12,19,28,0,0,14,154,28,2,M_TASKPOLICY_IOWORKERCONTROL_3D43EE5B,12,24,28,28
optimized-guarded,2.5167e-05,5,12,19,0,0,5,155,18,2,M_TASKPOLICY_IOCLAIM_E59988BA,5,10,19,19
optimized-guarded,4.875e-06,1,0,0,0,0,0,156,0,0,M_TASKPOLICY_IOTEST_D46D842E,1,2,0,0
optimized-guarded,3.125e-05,6,19,23,0,0,6,157,22,3,M_TASKPOLICY_IOTESTFINISH_35E02F77,6,12,23,23
optimized-guarded,0.000120666,20,39,63,0,0,22,158,60,4,M_TASKPOLICY_IOCALL_78031962,20,40,63,63
optimized-guarded,0.000144834,26,33,55,0,0,34,159,55,4,M_TASKPOLICY_IOREQUESTCALL_7ACD78BD,26,52,55,55
optimized-guarded,0.000140667,15,25,39,0,0,15,160,36,3,M_TASKPOLICY_IOSETTLEDCALL_042AE5B9,15,30,39,38
optimized-guarded,5.675e-05,11,14,36,0,0,13,161,35,2,M_TASKPOLICY_LEASESTORAGE_C3092E33,11,22,36,36
optimized-guarded,3.6708e-05,7,3,18,5,7,9,162,12,3,M_TASKPOLICY_APPLICATIONCOUNT_B3468565,7,15,18,12
optimized-guarded,3.2917e-05,9,3,16,5,2,11,163,12,3,M_TASKPOLICY_NOTIFYRESIDENTS_D29836FE,9,19,16,12
optimized-guarded,4.775e-05,11,18,31,0,0,12,164,28,2,M_TASKPOLICY_RETAIN_6B38DA95,11,22,31,28
optimized-guarded,4.5208e-05,11,19,31,0,0,12,165,29,2,M_TASKPOLICY_RELEASE_25BFE7A9,11,22,31,29
optimized-guarded,3.55e-05,8,15,21,0,0,10,166,21,2,M_TASKPOLICY_REGISTER_6BEAF001,8,16,21,21
optimized-guarded,0.000140084,20,34,59,0,0,28,167,58,3,M_TASKPOLICY_LIFETIMECALL_A2B2E727,20,40,59,58
optimized-guarded,8.333e-06,1,2,6,0,0,0,168,6,1,M_TASKPOLICY_DOSSLOTFOR_362EB215,1,2,6,6
optimized-guarded,9.458e-06,1,6,8,0,0,0,169,7,2,M_TASKPOLICY_DOSRESET_224DFB33,1,2,8,7
optimized-guarded,1.825e-05,3,10,18,0,0,2,170,17,2,M_TASKPOLICY_DOSCANREMOVE_DB41E74E,3,6,18,17
optimized-guarded,2.175e-05,5,9,14,0,0,4,171,12,2,M_TASKPOLICY_DOSCURRENT_4399DFDB,5,10,14,13
optimized-guarded,5.2708e-05,7,11,34,4,4,8,172,28,3,M_TASKPOLICY_DOSINIT_97B41A44,7,23,34,29
optimized-guarded,1.2083e-05,1,6,14,0,0,0,173,12,2,M_TASKPOLICY_DOSWORKERBOUND_DB9BCF66,1,2,14,13
optimized-guarded,1.5042e-05,3,3,7,0,0,3,174,5,2,M_TASKPOLICY_DOSREMOVED_D36757B2,3,6,7,6
optimized-guarded,3.4875e-05,4,16,29,2,2,4,175,25,3,M_TASKPOLICY_DOSPREPARE_61B1CC0D,4,11,29,26
optimized-guarded,7.8917e-05,12,17,34,3,2,15,176,29,3,M_TASKPOLICY_DOSADMIT_DEA63DC3,12,27,34,30
optimized-guarded,3.8917e-05,8,18,29,0,0,8,177,28,3,M_TASKPOLICY_DOSCONTROL_C7F82CE3,8,16,29,28
optimized-guarded,6.75e-06,1,1,4,0,0,0,178,4,2,M_TASKPOLICY_PROCESSFOR_0276CBEE,1,2,4,4
optimized-guarded,1.2667e-05,1,8,15,0,0,0,179,15,2,M_TASKPOLICY_SLOTFREE_73C36B44,1,2,15,15
optimized-guarded,2.0458e-05,4,2,8,2,2,4,180,5,2,M_TASKPOLICY_PROCESSCLEAR_BCDB987A,4,11,8,6
optimized-guarded,1.3417e-05,4,0,7,2,2,4,181,5,2,M_TASKPOLICY_PROCESSINIT_C857F965,4,9,7,5
optimized-guarded,1.3417e-05,1,6,14,0,0,0,182,14,3,M_TASKPOLICY_PROCESSRECORDAVAILABLE_0E5B31EF,1,2,14,14
optimized-guarded,1.3417e-05,1,6,19,0,0,0,183,17,2,M_TASKPOLICY_PROCESSRESIDENT_478DA1B5,1,2,19,18
optimized-guarded,3.3959e-05,8,3,17,3,2,8,184,14,3,M_TASKPOLICY_VALIDPROCESSENTRY_D56EBBFD,8,17,17,14
optimized-guarded,0.000166083,22,49,91,3,2,26,185,84,3,M_TASKPOLICY_PROCESSRESERVE_23A33DDB,22,45,91,85
optimized-guarded,3.7792e-05,8,5,19,5,2,10,186,12,4,M_TASKPOLICY_PROCESSOWNED_DDA89718,8,17,19,14
optimized-guarded,4.0042e-05,9,7,21,6,2,12,187,15,4,M_TASKPOLICY_PROCESSFIND_A9822214,9,19,21,16
optimized-guarded,2.5125e-05,6,10,17,0,0,6,188,16,2,M_TASKPOLICY_PROCESSCURRENT_78571A20,6,12,17,17
optimized-guarded,0.000129334,20,56,87,0,0,25,189,84,4,M_TASKPOLICY_PROCESSLAUNCH_8314A6C0,20,40,87,85
optimized-guarded,4.7292e-05,9,13,38,4,2,10,190,30,3,M_TASKPOLICY_PROCESSCANREMOVE_140447A5,9,19,38,32
optimized-guarded,1.7458e-05,3,9,14,0,0,2,191,13,2,M_TASKPOLICY_PROCESSREMOVED_46C99271,3,6,14,14
optimized-guarded,2.4167e-05,1,22,43,0,0,0,192,43,2,M_TASKPOLICY_PROCESSSTORAGEEMPTY_D996E6A7,1,2,43,43
optimized-guarded,0.000424542,59,62,117,0,0,79,193,106,2,M_TASKPOLICY_PROCESSCHANGE_3BBD0041,59,118,117,109
optimized-guarded,1.4792e-05,1,8,10,0,0,0,194,9,3,M_TASKPOLICY_PROCESSCONTROL_6911FE90,1,2,10,10
optimized-guarded,8.1125e-05,16,0,30,10,10,20,199,20,3,M_TASKPOLICY_INPUTINIT_B07DD496,16,42,30,20
optimized-guarded,4.667e-06,1,0,1,0,0,0,200,1,1,M_TASKPOLICY_KEYBOARDBINDING_7A2395A8,1,2,1,1
optimized-guarded,3.916e-06,1,0,1,0,0,0,201,1,1,M_TASKPOLICY_KEYBOARDCLAIM_2C621EDB,1,2,1,1
optimized-guarded,3e-06,1,0,0,0,0,0,202,0,0,M_TASKPOLICY_KEYBOARDRELEASE_69338836,1,2,0,0
optimized-guarded,3.708e-06,1,0,1,0,0,0,203,1,1,M_TASKPOLICY_POINTERBINDING_D35CECAC,1,2,1,1
optimized-guarded,3.875e-06,1,0,1,0,0,0,204,1,1,M_TASKPOLICY_POINTERCLAIM_44D64EBF,1,2,1,1
optimized-guarded,2.708e-06,1,0,0,0,0,0,205,0,0,M_TASKPOLICY_POINTERRELEASE_E1BB47AA,1,2,0,0
optimized-guarded,2.0458e-05,4,1,7,2,2,4,206,5,2,M_TASKPOLICY_CONSOLEINIT_02CC0011,4,11,7,5
optimized-guarded,9.833e-06,1,7,10,0,0,0,207,8,1,M_TASKPOLICY_CONSOLENAMES_B9E6EA95,1,2,10,9
optimized-guarded,5.459e-06,1,1,3,0,0,0,208,3,2,M_TASKPOLICY_CONSOLENAME_0C46F590,1,2,3,3
optimized-guarded,5.458e-06,1,2,4,0,0,0,209,4,2,M_TASKPOLICY_CONSOLEDEVICE_34497CA3,1,2,4,4
optimized-guarded,0.000294875,49,36,102,0,0,65,210,102,2,M_TASKPOLICY_REQUESTVALID_195CAC51,49,98,102,102
optimized-guarded,0.000209083,37,47,92,0,0,39,211,83,3,M_TASKPOLICY_ROUTE_3006B749,37,74,92,83
optimized-guarded,4.5666e-05,9,10,18,0,0,11,212,17,2,M_TASKPOLICY_FINISHDISPATCH_46CD5A79,9,18,18,17
optimized-guarded,0.000117791,21,35,74,0,0,23,213,63,3,M_TASKPOLICY_DISPATCH_2D7B283C,21,42,74,63
optimized-guarded,6.459e-06,1,3,3,0,0,0,246,3,2,M_TASKSTACKS_STACKLOWER_64542B4C,1,2,3,3
optimized-guarded,4.5e-06,1,3,3,0,0,0,247,3,2,M_TASKSTACKS_STACKUPPER_7AF4EA13,1,2,3,3
optimized-guarded,7.5292e-05,13,15,31,0,0,16,251,30,2,M_CONSOLECORE_EXTENT_83D9960B,13,26,31,30
optimized-guarded,1.9125e-05,3,9,13,0,0,3,252,12,2,M_CONSOLECORE_CELLOFFSET_711520EE,3,6,13,12
optimized-guarded,2.2583e-05,4,6,14,2,2,4,253,11,3,M_CONSOLECORE_CLEAN_3E747584,4,11,14,11
optimized-guarded,2.1959e-05,5,9,14,0,0,6,254,12,2,M_CONSOLECORE_CHANGED_16194333,5,10,14,12
optimized-guarded,4.0875e-05,7,22,33,0,0,9,255,32,3,M_CONSOLECORE_MARKROW_74F1B9FE,7,14,33,32
optimized-guarded,9.2375e-05,13,29,44,6,4,16,256,41,4,M_CONSOLECORE_DIRTY_4A63B073,13,36,44,41
optimized-guarded,6.8083e-05,12,31,45,0,0,15,257,44,3,M_CONSOLECORE_PRESENTED_91E62DC9,12,24,45,44
optimized-guarded,8.6292e-05,14,26,48,4,6,18,258,41,4,M_CONSOLECORE_INIT_F63331F9,14,29,48,41
optimized-guarded,4.2958e-05,8,24,34,0,0,9,259,32,3,M_CONSOLECORE_EDITRETAINED_2E59361D,8,16,34,32
optimized-guarded,1.225e-05,3,5,7,0,0,2,260,6,2,M_CONSOLECORE_EDITQUANTUM_E6CDEC54,3,6,7,6
optimized-guarded,1.925e-05,4,11,18,0,0,4,261,15,3,M_CONSOLECORE_NEWLINE_97A73E23,4,8,18,15
optimized-guarded,8.5333e-05,17,18,34,0,0,23,262,28,2,M_CONSOLECORE_CONTROL_7E220524,17,34,34,28
optimized-guarded,0.000334209,35,49,120,27,15,49,263,87,6,M_CONSOLECORE_FEEDINTO_F0C48569,35,125,120,87
optimized-guarded,8.042e-06,1,3,4,0,0,0,264,4,3,M_CONSOLECORE_FEED_287D49E7,1,2,4,4
optimized-guarded,2.1791e-05,3,11,15,0,0,3,265,14,4,M_CONSOLECORE_FEEDBATCH_FBB9A7C1,3,6,15,14
optimized-guarded,5.2709e-05,9,20,41,5,4,12,266,34,5,M_CONSOLECORE_BATCHDAMAGE_51FD9990,9,19,41,34
optimized-guarded,4.791e-06,1,0,1,0,0,0,267,1,1,M_CONSOLEBATCH_GET_1DDD9652,1,2,1,1
optimized-guarded,7.275e-05,12,24,40,2,2,17,268,37,3,M_CONSOLEBATCH_BEGIN_A348F06D,12,25,40,37
optimized-guarded,3.7791e-05,9,8,16,0,0,12,269,15,2,M_CONSOLEBATCH_DUE_DFFF17C0,9,18,16,16
optimized-guarded,3.4042e-05,6,14,25,0,0,7,270,24,4,M_CONSOLEBATCH_FEED_F2D299EE,6,12,25,24
optimized-guarded,1.8625e-05,5,4,7,0,0,5,271,7,2,M_CONSOLEBATCH_PUBLISH_28F83695,5,10,7,7
optimized-guarded,4.042e-06,1,0,0,0,0,0,272,0,0,M_CONSOLEBATCH_RESET_8C5BFDE1,1,2,0,0
optimized-guarded,2.7417e-05,4,19,35,0,0,4,273,35,3,M_DISPLAY_VALID_AD4A9CEB,4,8,35,35
optimized-guarded,4.292e-06,1,1,1,0,0,0,274,1,1,M_DISPLAY_STATE_1869A6F2,1,2,1,1
optimized-guarded,3.584e-06,1,1,1,0,0,0,275,1,1,M_DISPLAY_KIND_52F443B1,1,2,1,1
optimized-guarded,0.000113208,21,29,51,0,0,28,276,51,2,M_DISPLAY_ACQUIRE_D4F205A1,21,42,51,51
optimized-guarded,1.6792e-05,5,2,5,0,0,4,277,5,1,M_DISPLAY_CHECK_D0D668F5,5,10,5,5
optimized-guarded,1.4042e-05,4,3,6,0,0,4,278,6,1,M_DISPLAY_ACTIVATE_FA0B49D8,4,8,6,6
optimized-guarded,1.7667e-05,5,4,8,0,0,6,279,8,1,M_DISPLAY_BEGINRELEASE_D060B9F5,5,10,8,8
optimized-guarded,2.3792e-05,6,6,12,0,0,7,280,12,1,M_DISPLAY_RELEASE_49E3CB4A,6,12,12,12
optimized-guarded,1.0291e-05,3,2,4,0,0,2,281,4,1,M_DISPLAY_FAULT_17A2F7BD,3,6,4,4
optimized-guarded,4.375e-06,1,0,1,0,0,0,283,1,1,M_CONSOLEBITMAP_GETBINDING_4C301254,1,2,1,1
optimized-guarded,4.333e-06,1,1,2,0,0,0,284,2,1,M_CONSOLEBITMAP_ENABLED_B5633DC6,1,2,2,2
optimized-guarded,3.958e-06,1,1,2,0,0,0,285,2,1,M_CONSOLEBITMAP_FAILED_26B87568,1,2,2,2
optimized-guarded,4.7833e-05,9,14,27,0,0,14,286,27,2,M_CONSOLEBITMAP_BIND_37A88456,9,18,27,27
optimized-guarded,5.209e-06,1,1,3,0,0,0,287,2,1,M_CONSOLEBITMAP_GETPACKET_5A801E1D,1,2,3,3
optimized-guarded,7.0167e-05,13,18,32,0,0,17,288,30,2,M_CONSOLEBITMAP_RUN_859D3E7A,13,26,32,31
optimized-guarded,1.7417e-05,5,2,9,0,0,4,289,8,1,M_CONSOLEBITMAP_OPEN_C85D6197,5,10,9,8
optimized-guarded,4.417e-06,1,0,0,0,0,0,290,1,0,M_CONSOLEBITMAP_CLOSE_9D29479F,1,2,0,1
optimized-guarded,3.958e-06,1,1,1,0,0,0,291,1,1,M_CONSOLEBITMAP_MASK_8BB047A7,1,2,1,1
optimized-guarded,1.1209e-05,1,9,12,0,0,0,292,11,2,M_CONSOLEBITMAP_FILL_0D7F3514,1,2,12,11
optimized-guarded,1.2875e-05,1,9,14,0,0,0,293,13,2,M_CONSOLEBITMAP_TEXT_D480A0BE,1,2,14,13
optimized-guarded,1.5667e-05,1,16,21,0,0,0,294,20,2,M_CONSOLEBITMAP_TEXTCARET_18ADBDA7,1,2,21,20
optimized-guarded,4.6167e-05,7,27,42,0,0,8,295,41,3,M_CONSOLEBITMAP_SCROLL_377D53B8,7,14,42,41
optimized-guarded,3.583e-06,1,1,1,0,0,0,296,1,1,M_CONSOLEBITMAP_PENDING_D6383590,1,2,1,1
optimized-guarded,2.3541e-05,8,2,7,0,0,9,297,7,1,M_CONSOLEBITMAP_POLL_6E3B6F9E,8,16,7,7
optimized-guarded,4.042e-06,1,0,1,0,0,0,298,1,1,M_CONSOLEWINDOWS_REGISTRY_F9AAFFE0,1,2,1,1
optimized-guarded,6.875e-06,1,4,7,0,0,0,299,7,2,M_CONSOLEWINDOWS_LIVE_CF72384F,1,2,7,7
optimized-guarded,1.875e-05,4,5,14,0,0,4,300,13,2,M_CONSOLEWINDOWS_FIND_07AFDE1C,4,8,14,13
optimized-guarded,3.3375e-05,7,2,20,4,2,8,301,14,4,M_CONSOLEWINDOWS_BOUND_2C2AAE27,7,18,20,14
optimized-guarded,4.7208e-05,10,11,35,3,2,10,302,26,4,M_CONSOLEWINDOWS_RESERVE_27D75673,10,23,35,27
optimized-guarded,2.1917e-05,5,10,14,0,0,6,303,14,1,M_CONSOLEWINDOWS_RETIRED_09D5DC06,5,10,14,14
optimized-guarded,0.000119625,23,34,58,0,0,29,304,55,3,M_CONSOLEWINDOWS_RUNNABLE_B9919222,23,46,58,57
optimized-guarded,7.2625e-05,16,5,38,5,2,18,305,23,4,M_CONSOLEWINDOWS_TAKE_9FD09734,16,38,38,23
optimized-guarded,3.275e-05,8,6,15,0,0,10,316,15,2,M_INPUT_SHAPE_12014EFC,8,16,15,15
optimized-guarded,2.7e-05,5,8,26,0,0,4,317,26,3,M_INPUT_EXTENT_FA4C9281,5,10,26,26
optimized-guarded,8.958e-06,1,3,9,0,0,0,318,8,3,M_INPUT_FILTERVALID_D26629FB,1,2,9,9
optimized-guarded,0.000287833,45,81,124,0,0,61,319,124,2,M_INPUT_CHECKCONFIG_58BFFC0D,45,90,124,124
optimized-guarded,1.2625e-05,3,1,4,0,0,2,320,4,1,M_INPUT_SOURCESTATE_ED5DBA81,3,6,4,4
optimized-guarded,3.2333e-05,8,4,14,3,2,8,321,10,3,M_INPUT_SHARED_40B1C6BE,8,17,14,11
optimized-guarded,1.4917e-05,4,1,5,0,2,4,322,5,1,M_INPUT_SOURCEOF_A387FC4D,4,8,5,5
optimized-guarded,1.0375e-05,3,1,5,0,0,2,323,5,1,M_INPUT_CAPTURE_307447C1,3,6,5,5
optimized-guarded,0.0001025,16,39,59,0,0,26,324,57,2,M_INPUT_VALID_32EBD3E5,16,32,59,59
optimized-guarded,9.875e-06,1,5,11,0,0,0,325,11,3,M_INPUT_ROUTEVALID_38FC4B26,1,2,11,11
optimized-guarded,0.000131541,22,27,68,8,4,26,326,57,5,M_INPUT_REFERENCED_138D8154,22,56,68,57
optimized-guarded,0.000203084,29,43,99,7,6,33,327,78,5,M_INPUT_ACQUIRE_69C538CF,29,66,99,82
optimized-guarded,6.25e-05,12,8,35,3,2,12,328,23,5,M_INPUT_CREATEROUTE_F78B5B60,12,27,35,23
optimized-guarded,4.0042e-05,9,9,17,0,0,10,329,16,2,M_INPUT_PUBLISHROUTE_D1782DE9,9,18,17,16
optimized-guarded,3.1417e-05,7,9,20,0,0,6,330,19,3,M_INPUT_RETIREROUTE_2881C61B,7,14,20,19
optimized-guarded,2.8709e-05,8,6,13,0,0,8,331,12,2,M_INPUT_DISCARD_ACB1BF45,8,16,13,12
optimized-guarded,7.05e-05,13,16,31,0,0,17,332,29,2,M_INPUT_PENDING_94D4AB06,13,26,31,29
optimized-guarded,1.675e-05,3,6,15,0,0,2,333,15,2,M_INPUT_POINTERDELTAVALID_367584F0,3,6,15,15
optimized-guarded,3.6375e-05,7,14,32,0,0,6,334,30,3,M_INPUT_POINTERCOORDINATE_C979CE22,7,14,32,30
optimized-guarded,0.000375667,36,107,172,10,6,47,335,154,5,M_INPUT_POINTERREAD_16C85D8C,36,79,172,160
optimized-guarded,0.000153709,21,31,73,4,4,26,336,63,3,M_INPUT_TAKE_28320780,21,43,73,63
optimized-guarded,0.000101333,15,10,47,4,4,17,337,32,3,M_INPUT_RELEASE_78D4EBB0,15,40,47,33
optimized-guarded,5.125e-06,1,0,1,0,0,0,338,1,1,M_CONSOLECAPTURE_GETLEASE_6E44FE9A,1,2,1,1
optimized-guarded,6.916e-06,1,0,4,0,0,0,339,4,2,M_CONSOLECAPTURE_ACQUIRE_39D4E6A8,1,2,4,4
optimized-guarded,2.625e-05,6,0,13,2,2,7,340,9,3,M_CONSOLECAPTURE_RELEASE_DD04AD8D,6,14,13,9
optimized-guarded,1.2417e-05,3,1,4,0,0,3,341,4,2,M_CONSOLECAPTURE_PUBLISH_C5573D67,3,6,4,4
optimized-guarded,3.8042e-05,7,4,20,5,2,9,342,15,4,M_CONSOLECAPTURE_CLEARUNIT_43522FE3,7,19,20,15
optimized-guarded,4.875e-06,1,0,1,0,0,0,343,1,1,M_CONSOLEFOREGROUND_REGISTRY_ABF9F388,1,2,1,1
optimized-guarded,0.000123875,16,14,51,14,4,22,344,38,5,M_CONSOLEFOREGROUND_RECLAIM_59B58C70,16,65,51,38
optimized-guarded,6.575e-05,10,14,44,4,6,12,345,33,4,M_CONSOLEFOREGROUND_ALLOCATE_F1C749CC,10,25,44,33
optimized-guarded,1.5541e-05,3,6,9,0,0,2,346,8,2,M_CONSOLEFOREGROUND_REGISTER_0F2DE106,3,6,9,8
optimized-guarded,2.8417e-05,5,9,15,0,0,6,347,15,2,M_CONSOLEFOREGROUND_UNREGISTER_54DD2BA5,5,10,15,15
optimized-guarded,3.8542e-05,6,11,34,4,12,7,348,25,6,M_CONSOLEFOREGROUND_RETIREUNBOUNDBREAKS_24224B11,6,17,34,25
optimized-guarded,7.0875e-05,12,28,45,0,0,13,349,40,2,M_CONSOLEFOREGROUND_BEGIN_4DD9FFD0,12,24,45,44
optimized-guarded,7.725e-05,12,20,43,4,2,16,350,35,4,M_CONSOLEFOREGROUND_END_65D34F46,12,28,43,37
optimized-guarded,0.00014675,19,45,88,5,2,24,351,68,5,M_CONSOLEFOREGROUND_HANDOFF_CB9B2D39,19,44,88,74
optimized-guarded,3.0541e-05,6,8,18,0,0,6,352,17,2,M_CONSOLEFOREGROUND_RESOLVE_9B8D664B,6,12,18,17
optimized-guarded,3.5375e-05,6,10,14,0,0,7,353,13,2,M_CONSOLEFOREGROUND_NOTIFYONE_981F2C18,6,12,14,14
optimized-guarded,8.75e-06,1,5,7,0,0,0,354,5,1,M_CONSOLEFOREGROUND_NOTIFY_A30EB7D0,1,2,7,7
optimized-guarded,5.775e-05,11,17,35,0,0,12,355,30,2,M_CONSOLEFOREGROUND_DELIVER_8D52BBDC,11,22,35,32
optimized-guarded,7.5e-06,1,2,8,0,0,0,356,2,2,M_CONSOLEINPUT_INIT_5076ECFA,1,2,8,2
optimized-guarded,4.958e-06,1,1,4,0,0,0,357,1,1,M_CONSOLEINPUT_LOSE_42C88EE3,1,2,4,1
optimized-guarded,1.6833e-05,3,7,11,0,0,3,358,9,1,M_CONSOLEINPUT_CLEAR_3DEF4D2B,3,6,11,10
optimized-guarded,0.000303792,39,41,90,0,0,45,359,81,3,M_CONSOLEINPUT_DECODE_A428056C,39,78,90,81
optimized-guarded,4.05e-05,8,18,30,0,0,8,360,27,3,M_CONSOLEINPUT_DELIVER_8B43A137,8,16,30,27
optimized-guarded,0.000148166,20,13,47,17,2,28,361,34,4,M_CONSOLEINPUT_PUMP_600356CC,20,61,47,37
optimized-guarded,2.7292e-05,5,5,10,0,0,6,362,10,1,M_CONSOLEINPUT_SERVICE_4560B6F3,5,10,10,10
optimized-guarded,6.0959e-05,11,18,33,3,2,13,363,28,4,M_CONSOLEINPUT_READ_9E7D5EC6,11,26,33,28
optimized-guarded,8.833e-06,3,0,2,0,0,2,364,2,1,M_CONSOLEDISPLAY_WIDTH_10C212F0,3,6,2,2
optimized-guarded,7.666e-06,3,0,2,0,0,2,365,2,1,M_CONSOLEDISPLAY_HEIGHT_F3C514AD,3,6,2,2
optimized-guarded,1.1959e-05,3,4,6,0,0,2,367,6,2,M_CONSOLEDISPLAY_GLYPH_DCC4F92E,3,6,6,6
optimized-guarded,0.00012675,22,19,57,3,2,28,368,46,3,M_CONSOLEDISPLAY_LISTVALID_C50FC922,22,47,57,46
optimized-guarded,7.6041e-05,17,16,30,0,0,24,369,30,2,M_CONSOLEDISPLAY_VALIDATE_33E36106,17,34,30,30
optimized-guarded,6.2084e-05,12,24,38,0,0,16,370,38,3,M_CONSOLEDISPLAY_GEOMETRY_B00D0334,12,24,38,38
optimized-guarded,0.000111875,18,57,87,0,0,20,371,81,3,M_CONSOLEDISPLAY_CLAIM_0FF5CDD8,18,36,87,83
optimized-guarded,4.7042e-05,9,24,37,0,0,10,372,35,2,M_CONSOLEDISPLAY_RELEASE_C2AC22C5,9,18,37,35
optimized-guarded,8.625e-06,1,3,7,0,0,0,373,7,2,M_CONSOLEDISPLAY_POSITION_5668E3AD,1,2,7,7
optimized-guarded,1.8375e-05,3,12,18,0,0,2,374,18,3,M_CONSOLEDISPLAY_CURSORPOSITION_6D01F173,3,6,18,18
optimized-guarded,9.0916e-05,14,54,80,0,0,17,375,78,4,M_CONSOLEDISPLAY_CURSOR_3EC7579C,14,28,80,78
optimized-guarded,0.000358917,33,98,231,24,16,47,376,184,14,M_CONSOLEDISPLAY_CELLS_40A0DF53,33,96,231,184
optimized-guarded,5.55e-05,8,33,50,0,0,9,377,50,5,M_CONSOLEDISPLAY_REMOVECURSOR_56933EEC,8,16,50,51
optimized-guarded,9.8792e-05,18,25,58,7,4,22,378,52,4,M_CONSOLEDISPLAY_ERASE_7308FAA4,18,38,58,52
optimized-guarded,0.00010325,17,34,54,0,0,28,379,54,3,M_CONSOLEDISPLAY_BEGINBATCH_E8453865,17,34,54,54
optimized-guarded,2.5709e-05,3,20,22,0,0,3,380,22,2,M_CONSOLEDISPLAY_FLUSHBATCH_36B2DD3C,3,6,22,22
optimized-guarded,6.1125e-05,9,26,44,0,0,13,381,39,2,M_CONSOLEDISPLAY_DISCARDBATCH_161CED78,9,18,44,41
optimized-guarded,7.5417e-05,12,29,44,0,0,16,382,43,2,M_CONSOLEDISPLAY_PRESENTBATCH_DC8CCBC5,12,24,44,44
optimized-guarded,0.000148958,23,46,71,0,0,33,383,68,3,M_CONSOLEDISPLAY_BITMAPEDIT_EF95A6DB,23,46,71,70
optimized-guarded,0.000174,25,60,91,0,0,40,384,85,2,M_CONSOLEDISPLAY_BITMAPCOMPLETE_8FE2FF3C,25,50,91,87
optimized-guarded,4.0167e-05,10,2,10,0,0,14,385,10,1,M_CONSOLEDISPLAY_POLL_204D6C85,10,20,10,10
optimized-guarded,4.875e-06,1,1,1,0,0,0,386,1,1,M_CONSOLEDISPLAY_COMPLETIONREADY_755EF473,1,2,1,1
optimized-guarded,0.000226583,31,88,124,0,0,44,387,120,5,M_CONSOLEDISPLAY_ADVANCE_74F2C1A4,31,62,124,120
optimized-guarded,0.000195666,29,57,104,3,2,41,388,97,5,M_CONSOLEDISPLAY_EDIT_379C99EA,29,61,104,97
optimized-guarded,0.000165333,28,45,71,0,0,39,389,72,3,M_CONSOLEDISPLAY_PRESENT_E192ED9F,28,56,71,72
optimized-guarded,1.5667e-05,3,4,6,0,0,3,390,6,2,M_CONSOLEDISPLAY_QUANTUM_5F98A18D,3,6,6,6
optimized-guarded,1.9458e-05,5,3,6,0,0,4,391,5,2,M_CONSOLECONTROL_APPLY_DCB506BB,5,10,6,5
optimized-guarded,5.2708e-05,9,16,30,0,0,11,392,27,2,M_CONSOLECONTROL_PROCESS_46BB287E,9,18,30,29
optimized-guarded,9.3959e-05,14,22,48,2,0,18,393,36,3,M_CONSOLECONTROL_SUBMIT_2C979A45,14,31,48,38
optimized-guarded,5.375e-06,1,0,1,0,0,0,395,1,1,M_CONSOLEDRIVER_GETSERVICE_BEE5E55D,1,2,1,1
optimized-guarded,3.75e-06,1,0,1,0,0,0,396,1,1,M_CONSOLEDRIVER_GETINSTANCE_7919D405,1,2,1,1
optimized-guarded,2.4958e-05,5,5,11,0,0,7,397,11,1,M_CONSOLEDRIVER_SCREENWIDTH_857AD658,5,10,11,11
optimized-guarded,1.9833e-05,5,5,11,0,0,7,398,11,1,M_CONSOLEDRIVER_SCREENHEIGHT_C12F3455,5,10,11,11
optimized-guarded,7.9958e-05,14,10,36,5,2,16,399,33,2,M_CONSOLEDRIVER_MAPPED_DAA6A481,14,29,36,33
optimized-guarded,7.2083e-05,17,24,42,0,0,18,400,42,2,M_CONSOLEDRIVER_VALIDATE_72D30322,17,34,42,42
optimized-guarded,2.3125e-05,5,7,15,0,0,4,401,12,2,M_CONSOLEDRIVER_BOUND_DEB813D0,5,10,15,14
optimized-guarded,6.3208e-05,13,17,32,3,2,15,402,26,3,M_CONSOLEDRIVER_IDLE_F6EAB10E,13,27,32,30
optimized-guarded,2.2916e-05,5,5,11,0,0,5,403,10,2,M_CONSOLEDRIVER_RETAINOPENER_B80DF9C6,5,10,11,10
optimized-guarded,0.000137708,20,34,58,0,0,27,404,55,2,M_CONSOLEDRIVER_OPEN_434F52B0,20,40,58,58
optimized-guarded,4.2875e-05,7,18,29,0,0,9,405,27,2,M_CONSOLEDRIVER_CLOSE_60C60326,7,14,29,29
optimized-guarded,1.5958e-05,4,4,7,0,0,4,406,7,1,M_CONSOLEDRIVER_COMPLETE_39781A87,4,8,7,7
optimized-guarded,9.4208e-05,22,25,42,0,0,24,407,42,2,M_CONSOLEDRIVER_IMMEDIATE_01EBE21F,22,44,42,42
optimized-guarded,7.4958e-05,13,33,49,0,0,15,408,45,2,M_CONSOLEDRIVER_BEGINIO_76358745,13,26,49,48
optimized-guarded,6.9084e-05,13,25,40,0,0,16,409,34,2,M_CONSOLEDRIVER_ABORTIO_EFA380E8,13,26,40,39
optimized-guarded,1.0584e-05,1,5,10,0,0,0,410,7,2,M_CONSOLEDRIVER_CLAIMWRITE_0313F299,1,2,10,10
optimized-guarded,3.0958e-05,6,11,16,0,0,8,411,14,2,M_CONSOLEDRIVER_FINISHWRITE_E8555190,6,12,16,16
optimized-guarded,2.4208e-05,5,10,14,0,0,6,412,12,2,M_CONSOLEDRIVER_FINISHREAD_49C55BD3,5,10,14,14
optimized-guarded,0.000124458,21,28,53,0,0,28,413,45,2,M_CONSOLEDRIVER_ARRIVAL_EC6B7DA9,21,42,53,50
optimized-guarded,6.05e-05,12,3,23,5,2,15,414,19,3,M_CONSOLEDRIVER_RUNNABLE_F91A82EB,12,29,23,19
optimized-guarded,7.042e-06,1,2,3,0,0,0,415,3,1,M_CONSOLEDRIVER_STATE_C6409A7F,1,2,3,3
optimized-guarded,2.2542e-05,4,7,14,2,2,4,416,9,2,M_CONSOLEDRIVER_NOTIFY_2C61AA6D,4,9,14,10
optimized-guarded,2.5167e-05,5,12,21,0,0,4,417,20,2,M_CONSOLEDRIVER_PREPAREWAITER_2678D1F7,5,10,21,20
optimized-guarded,1.2833e-05,3,3,6,0,0,3,418,6,1,M_CONSOLEDRIVER_FREEWAITER_5FC08D72,3,6,6,6
optimized-guarded,8.792e-06,1,7,9,0,0,0,419,8,2,M_CONSOLEDRIVER_WAITCHANGE_4E83E195,1,2,9,10
optimized-guarded,0.000111833,15,26,77,6,2,18,420,55,4,M_CONSOLEDRIVER_ADMITWORKER_8B81C455,15,41,77,58
optimized-guarded,9.925e-05,18,15,52,3,0,24,421,38,4,M_CONSOLEDRIVER_START_3E6AAC44,18,39,52,38
optimized-guarded,6.2167e-05,13,6,26,7,2,15,422,18,4,M_CONSOLEDRIVER_ALLIDLE_23B19503,13,32,26,19
optimized-guarded,2.725e-05,7,8,13,0,0,7,423,13,1,M_CONSOLEDRIVER_REQUESTSTOP_763F8D8B,7,14,13,13
optimized-guarded,4.9833e-05,10,6,24,3,0,12,424,18,3,M_CONSOLEDRIVER_STOP_093D3500,10,22,24,18
optimized-guarded,1.5666e-05,3,5,8,0,0,3,425,8,1,M_CONSOLEDRIVER_RETIREWORKER_09E7B3B9,3,6,8,8
optimized-guarded,0.000114875,16,43,66,0,0,25,426,64,3,M_CONSOLEDRIVER_BATCHWRITE_60F6B557,16,32,66,64
optimized-guarded,0.000389958,50,100,157,0,0,67,427,149,3,M_CONSOLEDRIVER_WRITEQUANTUM_3CD4DB9C,50,100,157,150
optimized-guarded,0.000115667,20,31,50,0,0,27,428,46,3,M_CONSOLEDRIVER_READQUANTUM_10EBF725,20,40,50,47
optimized-guarded,0.000176375,24,47,83,2,0,29,429,78,5,M_CONSOLEDRIVER_INITIALIZE_D6CB2592,24,49,83,80
optimized-guarded,4.6125e-05,7,22,32,0,0,9,430,30,2,M_CONSOLEDRIVER_FREESTORAGE_02676B4B,7,14,32,30
optimized-guarded,8.125e-06,1,2,5,0,0,0,431,5,2,M_CONSOLEDRIVER_COLLECT_102291BE,1,2,5,5
optimized-guarded,0.000642625,64,30,163,38,12,93,432,106,10,M_CONSOLEDRIVER_WORKER_589B3ABC,64,177,163,110
optimized-guarded,4.3458e-05,5,13,23,0,0,4,434,19,2,M_PORTCORE_CREATEMSGPORT_A47550A3,5,10,23,21
optimized-guarded,1.425e-05,3,3,6,0,0,2,435,5,1,M_PORTCORE_DELETEMSGPORT_9136F7C6,3,6,6,6
optimized-guarded,4.9542e-05,8,16,37,0,0,8,443,36,3,M_SIODRIVER_BOUND_DC2366E0,8,16,37,36
optimized-guarded,0.000123917,17,31,58,0,0,25,444,55,2,M_SIODRIVER_OPEN_9AA3F320,17,34,58,56
optimized-guarded,2.9417e-05,4,15,25,0,0,5,445,22,2,M_SIODRIVER_CLOSE_01A37B96,4,8,25,23
optimized-guarded,4.6958e-05,9,16,26,0,0,11,446,25,2,M_SIODRIVER_BEGINIO_E1378755,9,18,26,25
optimized-guarded,2.1791e-05,5,8,14,0,0,4,447,13,2,M_SIODRIVER_ABORTIO_689758F8,5,10,14,13
optimized-guarded,4.8583e-05,10,12,20,0,0,15,448,20,2,M_SIODRIVER_TRYCANCEL_BDB03575,10,20,20,20
optimized-guarded,3.475e-05,7,13,20,0,0,9,449,19,2,M_SIODRIVER_CLAIM_64B130D4,7,14,20,20
optimized-guarded,2.8625e-05,7,5,10,0,0,9,450,10,1,M_SIODRIVER_ACTIVATE_5F9BFB05,7,14,10,10
optimized-guarded,5.2542e-05,9,18,28,0,0,12,451,25,2,M_SIODRIVER_FINISH_D94C5F1F,9,18,28,26
optimized-guarded,2.5458e-05,6,10,13,0,0,8,452,13,1,M_SIODRIVER_REAP_531B42EA,6,12,13,13
optimized-guarded,1.9e-05,4,5,10,0,0,5,453,8,1,M_SIODRIVER_STATE_C8F9434F,4,8,10,8
optimized-guarded,5.459e-06,1,1,1,0,0,0,454,1,1,M_SIODRIVER_UNAVAILABLE_B7013E26,1,2,1,1
optimized-guarded,2.1542e-05,4,7,13,2,2,4,455,9,2,M_SIODRIVER_NOTIFY_7F90C49D,4,9,13,9
optimized-guarded,2.5916e-05,5,12,21,0,0,4,456,20,2,M_SIODRIVER_PREPAREWAITER_A5456107,5,10,21,20
optimized-guarded,1.35e-05,3,3,6,0,0,3,457,6,1,M_SIODRIVER_FREEWAITER_3A54C422,3,6,6,6
optimized-guarded,8.959e-06,1,7,7,0,0,0,458,8,2,M_SIODRIVER_WAITCHANGE_D2A1FD05,1,2,7,8
optimized-guarded,0.000110292,15,24,67,5,4,17,459,47,3,M_SIODRIVER_ADMITWORKER_05019805,15,40,67,48
optimized-guarded,0.000126959,18,14,51,3,0,24,460,35,4,M_SIODRIVER_START_4928F5B4,18,39,51,35
optimized-guarded,8.3625e-05,14,9,37,2,0,20,461,24,3,M_SIODRIVER_STOP_B26AF28A,14,30,37,24
optimized-guarded,3.9625e-05,5,13,27,0,0,6,462,27,2,M_SIODRIVER_STOPPING_28442DD8,5,10,27,27
optimized-guarded,1.5167e-05,3,3,6,0,0,3,463,6,1,M_SIODRIVER_RETIREWORKER_47CA3A29,3,6,6,6
optimized-guarded,8.6917e-05,14,10,36,5,2,16,464,33,2,M_SIODRIVER_SIOMAPPED_D1D9A9D6,14,29,36,33
optimized-guarded,4.4083e-05,10,18,30,0,0,10,465,30,3,M_SIODRIVER_PAYLOADLENGTH_9F5C9B06,10,20,30,30
optimized-guarded,0.000173875,32,38,60,0,0,37,466,58,2,M_SIODRIVER_SIOVALIDATE_7D355271,32,64,60,59
optimized-guarded,6.6167e-05,12,5,27,4,9,15,467,20,4,M_SIODRIVER_DEADLINETICKS_83CDA5CA,12,25,27,20
optimized-guarded,6.7334e-05,10,30,50,4,6,13,468,45,3,M_SIODRIVER_PREPARE_D10BF723,10,21,50,45
optimized-guarded,8.1125e-05,16,8,23,0,0,20,469,24,1,M_SIODRIVER_HARDWAREINIT_3568BDA6,16,32,23,24
optimized-guarded,8.1209e-05,16,14,26,2,0,19,470,27,2,M_SIODRIVER_RUNREQUEST_4500BA50,16,33,26,28
optimized-guarded,7.3833e-05,13,5,28,5,0,16,471,18,3,M_SIODRIVER_WORKER_374ADF8C,13,34,28,19
optimized-guarded,3.55e-05,8,5,14,3,2,8,472,11,3,M_SIODRIVER_MATCHES_AEE1C237,8,17,14,11
optimized-guarded,2.0167e-05,5,4,8,0,0,4,473,8,1,M_IORESIDENT_BOUND_C1F0BA89,5,10,8,8
optimized-guarded,2.45e-05,5,10,14,0,0,4,474,14,4,M_IORESIDENT_OPEN_6086F993,5,10,14,14
optimized-guarded,1.6125e-05,5,4,6,0,0,4,475,6,1,M_IORESIDENT_CLOSE_FE2B0633,5,10,6,6
optimized-guarded,1.4791e-05,5,4,6,0,0,4,476,6,1,M_IORESIDENT_BEGINIO_914C855C,5,10,6,6
optimized-guarded,1.3875e-05,5,4,6,0,0,4,477,6,1,M_IORESIDENT_ABORTIO_0DA61711,5,10,6,6
optimized-guarded,3.9125e-05,6,12,22,0,0,7,484,22,5,M_IOCORE_OPENDEVICE_A2787528,6,12,22,22
optimized-guarded,2.4333e-05,5,5,13,0,0,6,485,12,2,M_IOCORE_CLOSEDEVICE_667F761E,5,10,13,12
optimized-guarded,0.000128875,20,24,46,0,0,28,486,44,2,M_IOCORE_SUBMIT_5D7CB97A,20,40,46,44
optimized-guarded,6.041e-06,1,1,1,0,0,0,487,2,1,M_IOCORE_BEGINIO_FAB52593,1,2,1,2
optimized-guarded,4.417e-06,1,1,1,0,0,0,488,2,1,M_IOCORE_SENDIO_CA4E16BA,1,2,1,2
optimized-guarded,2.425e-05,5,5,13,0,0,6,489,12,2,M_IOCORE_ABORTIO_125E3726,5,10,13,12
optimized-guarded,3.4125e-05,7,11,20,0,0,8,492,18,2,M_IOCORE_CREATEIOREQUEST_DE10015D,7,14,20,19
optimized-guarded,1.3542e-05,3,4,8,0,0,2,493,7,2,M_IOCORE_DELETEIOREQUEST_93A87E78,3,6,8,8
optimized-guarded,5.833e-06,1,1,2,0,0,0,495,2,1,M_IOCORE_START_4033F51A,1,2,2,2
optimized-guarded,2.1958e-05,4,2,14,2,2,4,496,13,2,M_IOCORE_WAITIO_8CA35F61,4,9,14,13
optimized-guarded,1.3875e-05,3,3,10,0,0,2,497,9,1,M_IOCORE_DOIO_173DC4A1,3,6,10,9
optimized-guarded,0.000143209,23,12,50,9,4,29,498,36,3,M_CONSOLETILING_LOCK_D1C61C32,23,55,50,39
optimized-guarded,5.575e-05,10,3,23,4,2,13,499,16,3,M_CONSOLETILING_UNLOCK_9D80F64D,10,30,23,16
optimized-guarded,1.4166e-05,3,5,11,0,0,2,500,10,3,M_CONSOLETILING_OWNED_E442B6FE,3,6,11,11
optimized-guarded,4.4375e-05,8,17,30,0,0,10,501,25,2,M_CONSOLETILING_SELECT_D724C265,8,16,30,27
optimized-guarded,8.7e-05,14,14,44,5,2,17,502,33,3,M_CONSOLETILING_HIDELOCKED_54ED13CF,14,33,44,35
optimized-guarded,0.000244292,28,57,120,11,2,36,503,96,7,M_CONSOLETILING_SHOW_26065EE8,28,71,120,100
optimized-guarded,2.1166e-05,5,2,8,0,0,4,504,7,1,M_CONSOLETILING_HIDE_B9E54D0B,5,10,8,7
optimized-guarded,2.6625e-05,7,5,13,0,0,6,505,11,1,M_CONSOLETILING_FOCUS_1EF2C0A5,7,14,13,12
optimized-guarded,5.083e-06,1,0,1,0,0,0,506,1,1,M_CONSOLE_SCREENWIDTH_02A0531A,1,2,1,1
optimized-guarded,3.792e-06,1,0,1,0,0,0,507,1,1,M_CONSOLE_SCREENHEIGHT_21CB6DFB,1,2,1,1
optimized-guarded,4.4917e-05,9,17,25,0,0,12,508,22,2,M_CONSOLE_FREEINSTANCE_35A7F9E7,9,18,25,24
optimized-guarded,0.000314792,36,45,117,5,6,50,509,88,5,M_CONSOLE_CREATE_AA57C2F6,36,77,117,94
optimized-guarded,9.8541e-05,17,23,45,0,0,20,510,40,2,M_CONSOLE_DESTROY_8B3B48E8,17,34,45,42
optimized-guarded,7.792e-06,1,3,4,0,0,0,511,4,3,M_CONSOLE_SHOW_21D86251,1,2,4,4
optimized-guarded,5.334e-06,1,1,2,0,0,0,512,2,1,M_CONSOLE_HIDE_EC93B70A,1,2,2,2
optimized-guarded,4.417e-06,1,1,2,0,0,0,513,2,1,M_CONSOLE_FOCUS_1C4A8DCE,1,2,2,2
optimized-guarded,4.459e-06,1,0,1,0,0,0,516,1,1,M_DOSCORE_GETREGISTRY_D528A1F7,1,2,1,1
optimized-guarded,2.1458e-05,1,13,38,0,0,0,517,38,2,M_FSOPERATION_CANCELLABLE_CAA34525,1,2,38,38
optimized-guarded,7.6167e-05,12,32,46,0,0,16,518,40,2,M_FSOPERATION_PREPARE_EA34E162,12,24,46,44
optimized-guarded,7.3958e-05,12,33,56,0,0,14,519,51,3,M_FSOPERATION_AUTHORITY_2081E9D0,12,24,56,54
optimized-guarded,3.5084e-05,9,8,14,0,0,10,520,14,1,M_FSOPERATION_CANCELED_56B92A04,9,18,14,14
optimized-guarded,3.1e-05,8,8,14,0,0,9,521,13,2,M_FSOPERATION_CLAIM_4C8DDFC1,8,16,14,14
optimized-guarded,5.3792e-05,10,18,31,0,0,14,522,28,2,M_FSOPERATION_REQUEST_3F73D6DE,10,20,31,30
optimized-guarded,9.1125e-05,13,12,29,5,2,16,523,19,3,M_FSOPERATION_UNLINK_B5280A26,13,37,29,21
optimized-guarded,3.6916e-05,9,11,19,0,0,11,524,18,2,M_FSOPERATION_REPLYREADY_532E4DE6,9,18,19,19
optimized-guarded,1.925e-05,4,10,12,0,0,5,525,12,1,M_FSOPERATION_COLLECT_397028AF,4,8,12,12
optimized-guarded,0.000107417,18,13,44,13,0,25,526,26,3,M_FSOPERATION_PUMP_B18C8A95,18,44,44,28
optimized-guarded,5.5e-06,1,1,2,0,0,0,527,2,1,M_DOSCLIENT_IOERR_BF9E8A97,1,2,2,2
optimized-guarded,8.625e-06,1,4,6,0,0,0,528,5,2,M_DOSCLIENT_SETIOERR_93E1A287,1,2,6,5
optimized-guarded,5.125e-06,1,1,2,0,0,0,529,2,2,M_DOSCLIENT_SETERROR_F2B11A26,1,2,2,2
optimized-guarded,3.4583e-05,5,24,39,0,0,4,530,30,2,M_DOSCLIENT_NEWCLIENT_41735729,5,10,39,34
optimized-guarded,4.2334e-05,10,16,24,0,0,11,531,22,2,M_DOSCLIENT_ENSURESLOT_00C71048,10,20,24,23
optimized-guarded,5.166e-06,1,0,2,0,0,0,532,2,1,M_DOSCLIENT_ENSURE_1859B044,1,2,2,2
optimized-guarded,2.1125e-05,5,8,10,0,0,6,533,10,2,M_DOSCLIENT_CLEARSELECTIONS_93A1D5D6,5,10,10,10
optimized-guarded,0.000183333,28,54,78,0,0,41,534,73,2,M_DOSCLIENT_RELEASECONTEXT_90CB2A06,28,56,78,76
optimized-guarded,4.6e-05,9,16,24,0,0,13,535,23,2,M_DOSCLIENT_CHECKREPLY_4530772C,9,18,24,24
optimized-guarded,0.000281542,35,54,98,7,4,50,536,85,5,M_DOSCLIENT_CALL_35DB3B22,35,77,98,88
optimized-guarded,4.7375e-05,9,8,22,3,2,10,537,13,3,M_DOSOBJECTS_FIND_2E898C70,9,19,22,16
optimized-guarded,2.1625e-05,3,12,18,0,0,3,538,14,2,M_DOSOBJECTS_LINK_9FA00D0F,3,6,18,16
optimized-guarded,8.7333e-05,12,21,36,3,2,15,539,28,2,M_DOSOBJECTS_UNLINK_C978FCF4,12,35,36,31
optimized-guarded,9.166e-06,1,2,8,0,0,0,540,7,2,M_BLOCKCACHE_METADATABYTES_EA4C1D98,1,2,8,8
optimized-guarded,5.1833e-05,8,25,47,0,0,8,541,45,3,M_BLOCKCACHE_CREATE_BA82E51A,8,16,47,46
optimized-guarded,1.9459e-05,3,14,21,0,0,2,542,20,2,M_BLOCKCACHE_DESTROY_EB1A5F0C,3,6,21,21
optimized-guarded,5.475e-05,10,11,23,6,2,13,543,19,3,M_BLOCKCACHE_INVALIDATE_4E66AC31,10,27,23,19
optimized-guarded,2.4334e-05,3,11,25,0,0,3,544,24,2,M_BLOCKCACHE_SETINDEX_5318FF18,3,6,25,24
optimized-guarded,6.1375e-05,10,13,32,7,2,14,545,24,4,M_BLOCKCACHE_FIND_1946044D,10,21,32,24
optimized-guarded,4.6792e-05,8,8,22,4,2,9,546,15,5,M_BLOCKCACHE_FORGET_8D9AE1E1,8,21,22,15
optimized-guarded,2.7375e-05,4,5,13,2,2,4,547,8,3,M_BLOCKCACHE_COPY_EC1E9165,4,11,13,10
optimized-guarded,7.333e-06,1,3,6,0,0,0,548,6,2,M_BLOCKCACHE_PAYLOAD_A5530E46,1,2,6,6
optimized-guarded,0.000102875,14,25,52,0,0,19,549,42,5,M_BLOCKCACHE_READ_6E9EB2D8,14,28,52,42
optimized-guarded,9.2875e-05,11,37,70,4,2,15,550,57,5,M_BLOCKCACHE_STOREPART_C61D91FE,11,25,70,57
optimized-guarded,3.225e-05,6,15,18,0,0,6,551,18,4,M_BLOCKCACHE_STORE_364610B1,6,12,18,18
optimized-guarded,0.000104667,18,13,26,0,0,26,552,26,1,M_BLOCKIO_GEOMETRY_4529DFEE,18,36,26,26
optimized-guarded,3.5916e-05,9,9,14,0,0,10,553,14,2,M_BLOCKIO_SECTORBYTES_B8369631,9,18,14,14
optimized-guarded,9.1167e-05,16,11,38,5,2,18,554,35,2,M_BLOCKIO_MAPPED_A9EEA713,16,33,38,35
optimized-guarded,4.4958e-05,9,17,33,0,0,10,555,27,2,M_BLOCKIO_CREATE_DF5BA086,9,18,33,31
optimized-guarded,2.6708e-05,6,13,19,0,0,6,556,17,1,M_BLOCKIO_DESTROY_0CC5CBD8,6,12,19,19
optimized-guarded,8.166e-06,1,1,11,0,0,0,557,1,1,M_BLOCKIO_DEVICENAME_55BC3EC3,1,2,11,1
optimized-guarded,3.3916e-05,5,22,35,0,0,4,558,29,3,M_BLOCKIO_OPENVOLUME_36B90798,5,10,35,32
optimized-guarded,4.9833e-05,10,22,35,0,0,13,559,30,2,M_BLOCKIO_DETACH_FC4FFB83,10,20,35,34
optimized-guarded,5.833e-06,1,1,2,0,0,0,560,1,1,M_BLOCKIO_DISCARDBUFFER_3EED9C90,1,2,2,1
optimized-guarded,6.125e-06,1,2,3,0,0,0,561,3,1,M_BLOCKIO_INVALIDATE_E4DCC90F,1,2,3,3
optimized-guarded,2.5583e-05,5,12,16,0,0,6,562,16,2,M_BLOCKIO_CACHED_7ABF0DB0,5,10,16,16
optimized-guarded,9e-06,1,5,9,0,0,0,563,5,2,M_BLOCKIO_PUBLISH_42B93901,1,2,9,5
optimized-guarded,5.6e-05,1,18,23,0,0,0,564,23,2,M_BLOCKIO_PREPARE_810BFFA1,1,2,23,23
optimized-guarded,5.8958e-05,10,19,29,0,0,10,565,28,2,M_BLOCKIO_COMPLETE_80F6A54F,10,20,29,28
optimized-guarded,3.8333e-05,8,16,23,0,0,8,566,21,2,M_BLOCKIO_CHECK_A5B41A2A,8,16,23,22
optimized-guarded,4.2959e-05,7,36,45,0,0,6,567,44,5,M_BLOCKIO_BEGINFETCH_6B9D7F07,7,14,45,44
optimized-guarded,7.7959e-05,11,38,58,3,2,13,568,51,5,M_BLOCKIO_BEGINSTORE_D38E59E4,11,27,58,51
optimized-guarded,3.0416e-05,4,24,31,0,0,4,569,30,5,M_BLOCKIO_FINISHFETCH_D55D2AA5,4,8,31,30
optimized-guarded,8.709e-06,1,4,5,0,0,0,570,5,4,M_BLOCKIO_FINISHSTORE_0115A3DE,1,2,5,5
optimized-guarded,2.625e-05,4,5,13,2,2,4,571,8,3,M_FSCORE_COPYENTRY_48DFB26E,4,11,13,10
optimized-guarded,1.05e-05,1,7,14,0,0,0,572,7,2,M_FSCORE_BEGINOPERATION_525CBD4F,1,2,14,7
optimized-guarded,2.1292e-05,4,17,21,0,0,4,573,19,3,M_FSCORE_FINISHOPERATION_46633DF1,4,8,21,19
optimized-guarded,3.5416e-05,10,6,12,0,0,12,574,12,1,M_FS83_LEGAL_57119700,10,20,12,12
optimized-guarded,1.4625e-05,4,4,7,0,0,4,575,7,1,M_FS83_FOLD_0A64C6B8,4,8,7,7
optimized-guarded,9.1375e-05,16,11,26,9,2,21,576,22,2,M_FS83_STORED_D2BF7200,16,37,26,22
optimized-guarded,5.2375e-05,10,9,22,5,2,11,577,17,3,M_FS83_MATCH_C3E96F9C,10,27,22,17
optimized-guarded,5.0083e-05,10,29,37,3,0,10,578,35,2,M_FS83_STARTRESOLVE_ED05839D,10,21,37,35
optimized-guarded,0.000193625,29,28,74,14,10,39,579,58,4,M_FS83_COMPONENT_3DA5FCEA,29,90,74,58
optimized-guarded,5.175e-05,11,17,34,0,0,14,580,31,2,M_FS83_SELECTMATCH_2C823C16,11,22,34,31
optimized-guarded,2.8292e-05,7,12,18,0,0,8,581,18,2,M_FS83_CHOOSE_D3525E62,7,14,18,18
optimized-guarded,0.00013,25,34,68,0,0,36,582,68,1,M_FSNAMES_STREAM_12DD2A4A,25,50,68,68
optimized-guarded,2.8125e-05,6,7,16,0,0,6,583,15,2,M_FSNAMES_MAPPED_324F42A3,6,12,16,15
optimized-guarded,0.000210417,30,7,60,23,10,39,584,42,5,M_FSNAMES_PATH_CFBF830F,30,79,60,42
optimized-guarded,1.95e-05,3,7,16,0,0,2,585,16,2,M_FSNAMES_SYSTEM_7AF4AE7D,3,6,16,16
optimized-guarded,4.0459e-05,8,5,26,4,2,8,586,20,4,M_FSNAMES_VALIDALIAS_36EB4E14,8,17,26,20
optimized-guarded,9e-06,1,3,8,0,0,0,587,8,2,M_DOSSTREAMS_VALIDMODE_6A43AE29,1,2,8,8
optimized-guarded,2.4e-05,7,4,9,0,0,6,588,9,2,M_DOSSTREAMS_VALIDBUFFER_D67D80FE,7,14,9,9
optimized-guarded,2.0583e-05,3,10,17,0,0,2,589,14,2,M_DOSSTREAMS_OPENNIL_7EDE8F17,3,6,17,16
optimized-guarded,2.1208e-05,5,7,10,0,0,4,590,10,2,M_DOSSTREAMS_TRANSFERNIL_E7EA5C2C,5,10,10,10
optimized-guarded,1.9208e-05,3,7,12,0,0,3,591,10,2,M_DOSSTREAMS_CLOSENIL_3520E24B,3,6,12,12
optimized-guarded,1.9458e-05,4,5,12,2,2,4,592,7,3,M_DOSPIPE_WAKE_206F5695,4,9,12,9
optimized-guarded,5.1041e-05,9,12,21,3,2,10,593,16,2,M_DOSPIPE_UNWAIT_23BF06C3,9,25,21,18
optimized-guarded,0.000106542,15,34,60,0,0,19,594,50,2,M_DOSPIPE_CREATE_3311B233,15,30,60,59
optimized-guarded,7e-05,12,22,36,0,0,14,595,30,2,M_DOSPIPE_CLONE_F42CC55A,12,24,36,33
optimized-guarded,7.4292e-05,13,22,38,0,0,18,596,33,2,M_DOSPIPE_DISCARD_EA487971,13,26,38,35
optimized-guarded,1.8333e-05,3,6,11,0,0,3,597,10,2,M_DOSPIPE_CLOSE_E3C2D505,3,6,11,11
optimized-guarded,0.0007135,57,42,198,38,30,78,598,125,10,M_DOSPIPE_TRANSFER_59D539F6,57,188,198,127
optimized-guarded,7.5e-06,1,0,1,0,0,0,599,1,1,M_DOSRAW_GETREGISTRY_976423CC,1,2,1,1
optimized-guarded,8.833e-06,1,1,6,0,0,0,600,6,1,M_DOSRAW_UNITREGISTRY_DD0D5704,1,2,6,6
optimized-guarded,9.9167e-05,16,9,38,11,5,21,601,27,4,M_DOSRAW_UNIT_B2527969,16,33,38,27
optimized-guarded,5.7833e-05,10,16,34,5,2,12,602,28,4,M_DOSRAW_LIVE_14427091,10,21,34,29
optimized-guarded,2.3875e-05,1,26,31,0,0,0,603,29,2,M_DOSRAW_INITIALIZE_D871F7B7,1,2,31,29
optimized-guarded,6.666e-06,1,2,2,0,0,0,604,2,1,M_DOSRAW_ROLLBACK_4A7594F5,1,2,2,2
optimized-guarded,0.000111708,18,38,65,0,0,18,605,55,3,M_DOSRAW_ACQUIRE_CC49A145,18,36,65,60
optimized-guarded,3.9875e-05,5,18,32,0,0,4,606,26,2,M_DOSRAW_OPENSIZED_F1E27B78,5,10,32,30
optimized-guarded,7.292e-06,1,2,3,0,0,0,607,3,2,M_DOSRAW_OPEN_5F7F2547,1,2,3,3
optimized-guarded,3.3083e-05,8,6,15,0,0,8,608,15,2,M_DOSRAW_VALIDEXTENT_84EF7CCB,8,16,15,15
optimized-guarded,3.4208e-05,7,9,15,0,0,9,609,13,2,M_DOSRAW_RELEASEOPERATION_C2E80557,7,14,15,14
optimized-guarded,0.000138667,20,49,70,0,0,24,610,64,3,M_DOSRAW_PREPARE_F51F1B68,20,40,70,67
optimized-guarded,2.4542e-05,3,14,17,0,0,3,611,15,3,M_DOSRAW_FINISH_BB47E14C,3,6,17,16
optimized-guarded,0.000140416,21,33,48,0,0,30,612,49,3,M_DOSRAW_COMPLETE_0FD428DA,21,42,48,49
optimized-guarded,2.3459e-05,5,6,13,0,0,4,613,10,2,M_DOSRAW_RETAIN_4DF2DE08,5,10,13,11
optimized-guarded,4.2875e-05,8,17,30,0,0,8,614,25,2,M_DOSRAW_RELEASEENDPOINT_3E946265,8,16,30,28
optimized-guarded,5.1459e-05,9,15,30,0,0,10,615,24,2,M_DOSRAW_CLOSESIZED_2208AD92,9,18,30,28
optimized-guarded,6.917e-06,1,2,3,0,0,0,616,3,2,M_DOSRAW_CLOSE_4F38859D,1,2,3,3
optimized-guarded,1.475e-05,3,5,7,0,0,3,617,6,1,M_COOKEDLINE_FREEHISTORY_E31E705E,3,6,7,7
optimized-guarded,1.4041e-05,3,8,9,0,0,3,618,9,1,M_COOKEDLINE_RESETHISTORY_27C90F73,3,6,9,9
optimized-guarded,7.916e-06,1,2,6,0,0,0,619,6,2,M_COOKEDLINE_HISTORYSLOT_205258CE,1,2,6,6
optimized-guarded,0.000258292,31,46,91,10,6,41,620,78,3,M_COOKEDLINE_REMEMBER_E39B9025,31,72,91,78
optimized-guarded,0.000150584,22,51,90,3,6,27,621,81,4,M_COOKEDLINE_RECALL_089A5861,22,47,90,81
optimized-guarded,9.25e-06,1,1,16,0,0,0,622,1,1,M_COOKEDLINE_INIT_553F5E46,1,2,16,1
optimized-guarded,1.5167e-05,3,2,6,0,0,3,623,4,1,M_COOKEDLINE_CREATE_35929826,3,6,6,5
optimized-guarded,2.7584e-05,6,8,12,0,0,6,624,11,1,M_COOKEDLINE_DESTROY_77CB15F8,6,12,12,12
optimized-guarded,1.825e-05,4,6,10,0,0,4,625,9,2,M_COOKEDLINE_RETAIN_F54817A1,4,8,10,9
optimized-guarded,3.3458e-05,7,13,21,0,0,8,626,19,2,M_COOKEDLINE_RELEASE_68B6E005,7,14,21,20
optimized-guarded,2.1375e-05,4,5,7,0,0,4,627,7,1,M_COOKEDLINE_ENTER_AF5023D0,4,8,7,7
optimized-guarded,5.584e-06,1,1,1,0,0,0,628,1,1,M_COOKEDLINE_LEAVE_C362F351,1,2,1,1
optimized-guarded,6.2792e-05,12,16,26,0,0,15,629,25,2,M_COOKEDLINE_SETHISTORY_7BFEF58A,12,24,26,26
optimized-guarded,1.3209e-05,1,1,5,0,0,0,630,1,1,M_COOKEDLINE_EMPTY_73E023F3,1,2,5,1
optimized-guarded,4.5625e-05,4,13,26,2,2,4,631,22,4,M_COOKEDLINE_ERASE_F76E1DAE,4,11,26,22
optimized-guarded,9.667e-06,1,7,7,0,0,0,632,7,2,M_COOKEDLINE_LOSE_A2B86A77,1,2,7,7
optimized-guarded,0.000566541,70,101,188,8,17,89,633,165,4,M_COOKEDLINE_FEED_E5727982,70,143,188,165
optimized-guarded,8.6458e-05,14,33,48,0,0,16,634,46,3,M_COOKEDLINE_DRAIN_A743CD2C,14,28,48,46
optimized-guarded,0.000389792,44,89,233,12,30,65,635,180,6,M_COOKEDLINE_RENDER_D6B4258E,44,105,233,180
optimized-guarded,8.9792e-05,16,18,34,5,2,19,636,33,2,M_DOSCANCEL_TRANSFER_DC8DFD88,16,34,34,33
optimized-guarded,2.9833e-05,5,8,16,0,0,4,637,13,2,M_DOSCOOKED_OPEN_FB0901F4,5,10,16,15
optimized-guarded,3.2083e-05,6,9,16,0,0,7,638,15,2,M_DOSCOOKED_CLOSE_1355CA48,6,12,16,15
optimized-guarded,0.000131792,19,32,52,0,0,27,639,48,2,M_DOSCOOKED_WIRE_7D812E8B,19,38,52,50
optimized-guarded,5.3e-05,9,20,32,0,0,9,640,30,2,M_DOSCOOKED_BEGIN_9BFE5F7B,9,18,32,31
optimized-guarded,3.5542e-05,5,23,30,0,0,5,641,30,2,M_DOSCOOKED_CANCELLINE_F449849C,5,10,30,32
optimized-guarded,0.000199875,31,32,75,14,0,34,642,69,3,M_DOSCOOKED_ACQUIRELINE_772F100E,31,84,75,69
optimized-guarded,0.000111667,17,34,55,0,0,19,643,54,3,M_DOSCOOKED_READLOCKED_B41BFB52,17,34,55,54
optimized-guarded,2.0083e-05,3,9,12,0,0,2,644,12,4,M_DOSCOOKED_READ_AAA4E8F8,3,6,12,12
optimized-guarded,1.2541e-05,3,3,8,0,0,2,645,5,1,M_DOSBREAK_CURRENT_B838AC0B,3,6,8,7
optimized-guarded,3.0875e-05,5,14,25,0,0,4,646,20,2,M_DOSBREAK_ALLOCATE_10964711,5,10,25,23
optimized-guarded,8.541e-06,1,5,6,0,0,0,647,6,1,M_DOSBREAK_FREE_76D15FA8,1,2,6,7
optimized-guarded,0.000158083,26,26,54,0,0,28,648,44,2,M_DOSBREAK_BEGIN_A70D4CB3,26,52,54,49
optimized-guarded,3.4417e-05,9,7,15,0,0,8,649,13,1,M_DOSBREAK_END_B7800793,9,18,15,13
optimized-guarded,2.5792e-05,5,2,6,0,0,4,650,5,1,M_DOSBREAK_PENDING_1B1DF51D,5,10,6,5
optimized-guarded,2.45e-05,6,8,14,0,0,6,651,13,1,M_DOSBREAK_CLEAR_B7EEEC7D,6,12,14,14
optimized-guarded,5.708e-06,1,1,2,0,0,0,652,2,1,M_FSSYSTEM_SELECTED_9418F47A,1,2,2,2
optimized-guarded,7.667e-06,2,0,3,0,0,1,653,3,1,M_FSSYSTEM_SYSTEMUNIT_F93F9C60,2,4,3,3
optimized-guarded,1.2084e-05,3,3,6,0,0,2,654,6,1,M_FSSYSTEM_UNIT_D8E8C927,3,6,6,6
optimized-guarded,2.6833e-05,7,5,13,0,0,6,655,12,2,M_FSSYSTEM_NAMEBYTE_29131912,7,14,13,12
optimized-guarded,5.4292e-05,9,11,31,4,2,10,656,27,3,M_FSSYSTEM_MATCHES_6FF2F0E4,9,19,31,27
optimized-guarded,4.0416e-05,8,5,18,4,2,8,657,14,4,M_FSSYSTEM_SAMENAME_3086AACE,8,17,18,14
optimized-guarded,1.7e-05,3,5,13,0,0,3,658,13,2,M_FSSYSTEM_APPLY_F77568D5,3,6,13,13
optimized-guarded,5e-06,1,1,3,0,0,0,659,2,1,M_FSREGISTRY_SERVICE_31663004,1,2,3,3
optimized-guarded,1.3833e-05,3,5,8,0,0,3,660,7,2,M_FSREGISTRY_RETAIN_218C5FAC,3,6,8,7
optimized-guarded,3.4375e-05,7,11,18,0,0,10,661,17,2,M_FSREGISTRY_RETAINBASE_94E5BA0B,7,14,18,17
optimized-guarded,3.6792e-05,5,11,19,0,0,7,662,17,2,M_FSREGISTRY_RELEASE_E0E99364,5,10,19,18
optimized-guarded,0.0001055,15,13,43,9,8,22,663,31,6,M_FSREGISTRY_LOOKUP_AD8B60C1,15,42,43,32
optimized-guarded,8.583e-06,1,3,5,0,0,0,664,5,3,M_FSREGISTRY_FINDOBJECT_780CC443,1,2,5,5
optimized-guarded,8.5041e-05,18,22,35,0,0,19,665,31,2,M_FSREGISTRY_FROMHEADER_DCD07C60,18,36,35,33
optimized-guarded,1.6625e-05,3,7,11,0,0,2,666,10,2,M_FSREGISTRY_STAMP_BE264D84,3,6,11,10
optimized-guarded,6.125e-06,1,1,4,0,0,0,667,4,1,M_DOSWIRE_ISPOINTER_E1AC855F,1,2,4,4
optimized-guarded,1.5958e-05,3,9,12,0,0,3,668,10,2,M_FSLEASES_LINK_92921FD5,3,6,12,11
optimized-guarded,6.1333e-05,11,17,27,4,2,14,669,22,2,M_FSLEASES_UNLINK_039AB2C8,11,29,27,24
optimized-guarded,1.3542e-05,3,5,10,0,0,2,670,8,1,M_FSLEASES_OBJECTENTRY_FCD8C666,3,6,10,10
optimized-guarded,2.675e-05,3,18,26,0,0,3,671,26,3,M_FSLEASES_SAME_B25DFB61,3,6,26,26
optimized-guarded,0.000179917,24,23,74,21,22,34,672,50,7,M_FSLEASES_BUSY_31143750,24,52,74,54
optimized-guarded,6.6083e-05,11,13,35,6,2,14,673,24,5,M_FSLEASES_LIVE_C7D42DE5,11,28,35,28
optimized-guarded,1.4167e-05,3,5,8,0,0,2,674,6,1,M_FSLEASES_WRITABLE_932CF683,3,6,8,7
optimized-guarded,1.2583e-05,3,2,6,0,0,3,675,4,1,M_FSFILES_ALLOCATE_3EE5B3A2,3,6,6,5
optimized-guarded,1.2042e-05,3,3,7,0,0,2,676,5,2,M_FSFILES_CREATE_5EA85CDB,3,6,7,6
optimized-guarded,2.7875e-05,6,10,16,0,0,6,677,14,2,M_FSFILES_RETAIN_1627AB28,6,12,16,14
optimized-guarded,2.6083e-05,5,11,16,0,0,6,678,15,2,M_FSFILES_DROPSHARED_A840009F,5,10,16,15
optimized-guarded,3.3084e-05,7,11,19,0,0,8,679,16,2,M_FSFILES_RELEASE_91585E60,7,14,19,17
optimized-guarded,6.792e-06,1,1,4,0,0,0,680,4,1,M_FSLOCKS_TRAILER_B3BA463B,1,2,4,4
optimized-guarded,5.459e-06,1,1,4,0,0,0,681,4,1,M_FSLOCKS_TEXT_C72F70F3,1,2,4,4
optimized-guarded,6.666e-06,1,2,6,0,0,0,682,5,1,M_FSLOCKS_ALLOCATION_5B5A6C20,1,2,6,6
optimized-guarded,2.8666e-05,4,10,25,2,2,4,683,19,3,M_FSLOCKS_ROOT_D04E0C54,4,11,25,19
optimized-guarded,1.7917e-05,3,13,18,0,0,2,684,17,3,M_FSLOCKS_ADD_DEA4C903,3,6,18,17
optimized-guarded,0.000128958,25,24,58,8,4,28,685,50,3,M_FSLOCKS_APPEND_3EC68462,25,52,58,50
optimized-guarded,1.6625e-05,3,5,13,0,0,2,686,11,2,M_FSLOCKS_ALLOCATE_39B5BEE3,3,6,13,12
optimized-guarded,3.8959e-05,7,9,22,3,2,8,687,17,3,M_FSLOCKS_CREATE_34BC7CB2,7,17,22,17
optimized-guarded,6.834e-06,1,2,5,0,0,0,688,4,2,M_FSLOCKS_FREE_701F260A,1,2,5,5
optimized-guarded,2.675e-05,6,6,12,0,0,7,689,8,2,M_FSOBJECTS_FREE_154D29BE,6,12,12,11
optimized-guarded,4.075e-05,10,13,21,0,0,11,690,18,2,M_FSACTIVE_CURRENTSCOPE_BF6A95BD,10,20,21,20
optimized-guarded,0.000190083,21,22,52,8,4,29,691,48,2,M_BLOCKWIRE_EXCHANGE_9F443072,21,67,52,51
optimized-guarded,8e-06,1,3,4,0,0,0,692,4,3,M_BLOCKWIRE_TRANSFER_0A2F17CC,1,2,4,4
optimized-guarded,6e-06,1,3,4,0,0,0,693,4,3,M_BLOCKWIRE_TRANSFERCOMMITTED_FEB13FCA,1,2,4,4
optimized-guarded,9.167e-06,1,6,11,0,0,0,694,11,3,M_SDFS_WORD_9040534F,1,2,11,11
optimized-guarded,8.083e-06,1,5,11,0,0,0,695,11,3,M_SDFS_LENGTH_0EB65DB7,1,2,11,11
optimized-guarded,5.125e-06,1,2,3,0,0,0,696,2,1,M_SDFS_GETSTATE_E428DC88,1,2,3,3
optimized-guarded,6.334e-06,1,3,5,0,0,0,697,5,2,M_SDFS_CREATEWORK_894591E8,1,2,5,5
optimized-guarded,1.4166e-05,3,5,6,0,0,3,698,6,1,M_SDFS_DESTROYWORK_D1F8FE6A,3,6,6,6
optimized-guarded,5.959e-06,1,3,5,0,0,0,699,5,2,M_SDFS_CREATEVOLUME_B12DE8AD,1,2,5,5
optimized-guarded,1.2333e-05,3,5,6,0,0,3,700,6,1,M_SDFS_DESTROYVOLUME_8A02EFB7,3,6,6,6
optimized-guarded,7.125e-06,1,3,5,0,0,0,701,4,1,M_SDFS_INVALIDATE_8CE6E30A,1,2,5,4
optimized-guarded,3.4583e-05,7,13,19,0,0,8,702,18,2,M_SDFS_ALLOWED_D687D449,7,14,19,19
optimized-guarded,7.792e-06,1,6,6,0,0,0,703,6,1,M_SDFS_BEGINMOUNT_68830325,1,2,6,6
optimized-guarded,0.000246167,31,72,118,0,0,43,704,116,2,M_SDFS_HEADER_D37EFF70,31,62,118,117
optimized-guarded,1.8875e-05,3,10,13,0,0,2,705,12,2,M_SDFS_MOUNTBUFFERED_7F8C68E7,3,6,13,13
optimized-guarded,6.5e-06,1,1,4,0,0,0,706,3,1,M_SDFS_MAP_D6A7DDA3,1,2,4,4
optimized-guarded,9.291e-06,1,8,10,0,0,0,707,9,2,M_SDFS_RESTART_887C29F6,1,2,10,9
optimized-guarded,1.6375e-05,1,15,24,0,0,0,708,23,3,M_SDFS_CACHED_B7AA1E89,1,2,24,23
optimized-guarded,4.3291e-05,5,19,35,3,2,6,709,26,4,M_SDFS_CACHE_55DBD7B1,5,15,35,27
optimized-guarded,7.6e-05,13,14,29,8,2,17,710,26,3,M_SDFS_SECTORALLOWED_D0C4D1BB,13,27,29,26
optimized-guarded,0.000156792,25,27,80,9,2,35,711,57,7,M_SDFS_VALIDATEMAP_D7214A91,25,60,80,57
optimized-guarded,2.4166e-05,3,16,24,0,0,2,712,20,3,M_SDFS_ADVANCE_66AE3A9F,3,6,24,21
optimized-guarded,8e-06,1,4,6,0,0,0,713,6,2,M_MYDOS_CREATEVOLUME_8FA50CD3,1,2,6,6
optimized-guarded,1.4e-05,3,5,6,0,0,3,714,6,1,M_MYDOS_DESTROYVOLUME_8DF1D5D5,3,6,6,6
optimized-guarded,3.9375e-05,8,12,19,0,0,10,715,18,2,M_MYDOS_DATASECTOR_95277D3B,8,16,19,19
optimized-guarded,3.6917e-05,7,13,26,0,0,8,716,25,2,M_MYDOS_VALIDDIRECTORY_1CF8F62E,7,14,26,26
optimized-guarded,7.9209e-05,13,29,50,0,0,15,717,47,2,M_MYDOS_EXTENT_5BCD29B5,13,26,50,48
optimized-guarded,4.9959e-05,7,24,44,0,0,8,718,41,2,M_MYDOS_HEADER_A95A323A,7,14,44,42
optimized-guarded,1.5584e-05,3,10,11,0,0,2,719,11,1,M_MYDOS_BEGINMOUNT_AA58F6DF,3,6,11,11
optimized-guarded,1.6334e-05,3,10,13,0,0,2,720,12,2,M_MYDOS_MOUNTBUFFERED_114678B9,3,6,13,13
optimized-guarded,4.1625e-05,4,27,49,2,2,4,721,46,4,M_MYDOS_DECODE_69B6DF25,4,9,49,46
optimized-guarded,6.0459e-05,12,15,29,0,0,14,722,28,2,M_MYDOS_LIVE_1E4E1377,12,24,29,28
optimized-guarded,5.6166e-05,11,24,42,0,0,10,723,40,4,M_MYDOS_BUFFEREDENTRY_DC465C80,11,22,42,41
optimized-guarded,3.9125e-05,8,19,27,0,0,8,724,27,3,M_MYDOS_BEGINENTRY_95F170F4,8,16,27,27
optimized-guarded,7.3875e-05,12,24,47,5,2,14,725,40,4,M_MYDOS_DESCEND_C497F8DD,12,25,47,40
optimized-guarded,2.325e-05,4,11,17,2,2,4,726,15,2,M_MYDOS_ROOTENTRY_E3F00029,4,9,17,15
optimized-guarded,1.8167e-05,5,5,8,0,0,4,727,8,2,M_MYDOS_STARTRESOLVE_24B3B079,5,10,8,8
optimized-guarded,1.275e-05,3,6,9,0,0,2,728,8,2,M_MYDOS_RESOLVECOMPONENT_8F2130C4,3,6,9,8
optimized-guarded,0.000104833,21,20,44,7,0,23,729,39,3,M_MYDOS_RESOLVESTEP_4ADA26D9,21,50,44,39
optimized-guarded,0.0001715,26,26,71,10,4,32,730,57,6,M_MYDOS_VALIDATEBASE_0A85139C,26,69,71,57
optimized-guarded,7.291e-06,1,1,4,0,0,0,731,3,1,M_MYDOSFILE_CHAIN_94A5D226,1,2,4,4
optimized-guarded,1.2208e-05,1,12,14,0,0,0,732,13,2,M_MYDOSFILE_RESTART_75C66A72,1,2,14,13
optimized-guarded,0.00010975,18,35,60,3,4,24,733,54,3,M_MYDOSFILE_OPEN_0FD3469F,18,37,60,54
optimized-guarded,5.2458e-05,10,7,25,5,2,12,734,19,4,M_MYDOSFILE_SECTORALLOWED_E72DFCC7,10,25,25,19
optimized-guarded,4.0875e-05,9,25,40,0,0,8,735,34,2,M_MYDOSFILE_VISIT_2F7F40D0,9,18,40,34
optimized-guarded,4.9042e-05,7,31,49,0,0,7,736,48,4,M_MYDOSFILE_TRAILER_58DD2DFC,7,14,49,49
optimized-guarded,3.7958e-05,9,20,32,0,0,8,737,31,3,M_MYDOSFILE_LINK_86A70D17,9,18,32,31
optimized-guarded,7.1208e-05,13,25,40,0,0,17,738,39,3,M_MYDOSFILE_VALIDATE_CCD11D35,13,26,40,39
optimized-guarded,1.275e-05,1,12,13,0,0,0,739,13,2,M_MYDOSFILE_FAIL_8A60C23B,1,2,13,13
optimized-guarded,2.8042e-05,4,23,28,0,0,5,740,27,3,M_MYDOSFILE_CANCEL_40161F05,4,8,28,27
optimized-guarded,9.875e-06,1,7,14,0,0,0,741,10,3,M_MYDOSFILE_ADVANCE_71346BED,1,2,14,10
optimized-guarded,7.792e-06,1,6,7,0,0,0,742,7,2,M_MYDOSFILE_NEEDSECTOR_4EE2E2C1,1,2,7,7
optimized-guarded,7.1166e-05,14,36,55,0,0,15,743,53,2,M_MYDOSFILE_BEGINREAD_56DCAA56,14,28,55,53
optimized-guarded,6.1625e-05,12,29,44,0,0,13,744,43,3,M_MYDOSFILE_TARGET_3D0FAE04,12,24,44,43
optimized-guarded,4.3417e-05,10,17,30,0,0,9,745,26,2,M_MYDOSFILE_BEGINSEEK_007E9A86,10,20,30,26
optimized-guarded,3.65e-05,7,22,35,0,0,6,746,33,3,M_MYDOSFILE_LOCATE_F172D4F1,7,14,35,33
optimized-guarded,4.4334e-05,5,19,33,3,2,6,747,28,3,M_MYDOSFILE_COPY_B45932A2,5,13,33,29
optimized-guarded,4.85e-05,8,29,49,0,0,10,748,44,3,M_MYDOSFILE_CONSUME_CDF927EF,8,16,49,44
optimized-guarded,4.925e-05,11,24,39,0,0,11,749,36,2,M_MYDOSFILE_CONTINUEOPERATION_DDF4199B,11,22,39,36
optimized-guarded,7.2333e-05,13,21,34,0,0,15,750,33,2,M_MYDOSFILE_MEASURE_660762A9,13,26,34,33
optimized-guarded,9.6833e-05,18,35,58,3,2,22,751,53,3,M_SDFSFILE_OPEN_2046DF25,18,37,58,53
optimized-guarded,1.25e-05,1,13,13,0,0,0,752,13,2,M_SDFSFILE_FAIL_23FC14B5,1,2,13,13
optimized-guarded,2.1333e-05,4,13,17,0,0,4,753,17,3,M_SDFSFILE_CANCEL_B60AB817,4,8,17,17
optimized-guarded,5.4458e-05,11,27,39,0,0,13,754,38,3,M_SDFSFILE_BEGINSEEK_80AE6CDC,11,22,39,38
optimized-guarded,7.025e-05,14,35,54,0,0,16,755,51,3,M_SDFSFILE_BEGINREAD_A4D537D8,14,28,54,51
optimized-guarded,9.8e-05,12,36,74,6,4,15,756,61,6,M_SDFSFILE_CONSUME_19CF3939,12,34,74,62
optimized-guarded,0.000144125,21,72,109,0,0,23,757,106,3,M_SDFSFILE_DRIVE_59FB4F1B,21,42,109,107
optimized-guarded,3.1166e-05,7,17,24,0,0,6,758,24,2,M_SDFSFILE_CONTINUEOPERATION_077FC395,7,14,24,24
optimized-guarded,0.000208708,31,73,134,11,4,36,759,119,4,M_SDFSFILE_MEASURE_B257955B,31,66,134,120
optimized-guarded,6.959e-06,1,1,3,0,0,0,760,3,1,M_SDFSDATE_LEAP_5FE3C9CD,1,2,3,3
optimized-guarded,3.3417e-05,8,6,14,0,0,10,761,14,1,M_SDFSDATE_MONTHDAYS_18463582,8,16,14,14
optimized-guarded,0.000151458,21,27,89,3,10,31,762,72,5,M_SDFSDATE_DECODE_E4AFE2B3,21,46,89,72
optimized-guarded,7.417e-06,1,3,3,0,0,0,763,3,2,M_SDFSDIR_ERROR_F11B3DDA,1,2,3,3
optimized-guarded,3.8792e-05,5,13,36,3,2,6,764,22,4,M_SDFSDIR_SEED_AE4E45A1,5,13,36,22
optimized-guarded,8.6709e-05,14,40,56,0,0,16,765,55,2,M_SDFSDIR_BEGINENTRY_4CCF1AF9,14,28,56,55
optimized-guarded,4.6833e-05,9,23,33,0,0,10,766,33,2,M_SDFSDIR_VALIDATEPARENT_CC71085A,9,18,33,33
optimized-guarded,3.3958e-05,6,18,34,0,0,6,767,31,2,M_SDFSDIR_HEADER_A6C13D37,6,12,34,31
optimized-guarded,0.000166458,27,44,101,2,2,32,768,87,5,M_SDFSDIR_DECODE_445A4286,27,56,101,87
optimized-guarded,7.25e-05,15,21,41,0,0,14,769,38,2,M_SDFSDIR_BUFFEREDENTRY_374F4FF7,15,30,41,38
optimized-guarded,3.6959e-05,7,19,27,0,0,8,770,26,2,M_SDFSDIR_BEGINHEADER_0CDE2CA0,7,14,27,26
optimized-guarded,9.1209e-05,15,42,58,0,0,17,771,57,3,M_SDFSDIR_MEASURE_2E677570,15,30,58,57
optimized-guarded,0.000107333,13,29,47,4,2,14,772,42,3,M_SDFSNAME_DESCEND_5D259778,13,27,47,42
optimized-guarded,0.00012975,22,33,63,8,4,27,773,56,4,M_SDFSNAME_VALIDATEBASE_03C615D3,22,48,63,56
optimized-guarded,3.9542e-05,8,17,27,2,2,8,774,24,2,M_SDFSNAME_STARTRESOLVE_EBBD5226,8,17,27,24
optimized-guarded,2.1959e-05,5,9,17,0,0,4,775,15,2,M_SDFSNAME_RESOLVECOMPONENT_CCDFB63B,5,10,17,15
optimized-guarded,3.1583e-05,9,12,18,0,0,9,776,18,2,M_SDFSNAME_DONE_34A5B326,9,18,18,18
optimized-guarded,1.8292e-05,5,7,15,0,0,4,777,14,2,M_SDFSNAME_CHOOSE_8F0B0401,5,10,15,14
optimized-guarded,6.7583e-05,13,21,39,0,0,15,778,35,3,M_SDFSNAME_RESOLVESTEP_B2924B88,13,26,39,35
optimized-guarded,7.125e-06,1,2,5,0,0,0,779,5,2,M_FSBACKEND_AVAILABLE_56F19E57,1,2,5,5
optimized-guarded,1.675e-05,5,6,11,0,0,4,780,11,1,M_FSBACKEND_CREATEVOLUME_26C12EFC,5,10,11,11
optimized-guarded,1.8584e-05,6,5,7,0,0,6,781,7,1,M_FSBACKEND_DESTROYVOLUME_B6078DE8,6,12,7,7
optimized-guarded,5.209e-06,1,1,2,0,0,0,782,2,1,M_FSBACKEND_CREATEWORK_8A6F92A5,1,2,2,2
optimized-guarded,9.333e-06,3,2,3,0,0,2,783,3,1,M_FSBACKEND_DESTROYWORK_CA11D009,3,6,3,3
optimized-guarded,1.525e-05,5,4,6,0,0,5,784,6,1,M_FSBACKEND_INVALIDATE_9F423887,5,10,6,6
optimized-guarded,8.875e-06,3,2,3,0,0,2,785,3,1,M_FSBACKEND_ENUMLIMIT_D60FC50E,3,6,3,3
optimized-guarded,1.0333e-05,3,5,8,0,0,2,786,8,1,M_FSBACKEND_BEGINMOUNT_3F96891C,3,6,8,8
optimized-guarded,9.458e-06,3,5,8,0,0,2,787,8,1,M_FSBACKEND_MOUNTBUFFERED_E1BCDBDC,3,6,8,8
optimized-guarded,9.75e-06,3,5,8,0,0,2,788,8,1,M_FSBACKEND_BUFFEREDENTRY_A53297ED,3,6,8,8
optimized-guarded,9.208e-06,3,5,8,0,0,2,789,8,1,M_FSBACKEND_RESOLVECOMPONENT_25BBEDCF,3,6,8,8
optimized-guarded,8.916e-06,3,5,8,0,0,2,790,8,1,M_FSBACKEND_RESOLVESTEP_71F5161C,3,6,8,8
optimized-guarded,8.959e-06,3,5,8,0,0,2,791,8,1,M_FSBACKEND_DESCEND_696B876C,3,6,8,8
optimized-guarded,1.05e-05,3,6,9,0,0,2,792,9,1,M_FSBACKEND_BEGINREAD_9B747D7D,3,6,9,9
optimized-guarded,9.416e-06,3,6,9,0,0,2,793,9,1,M_FSBACKEND_BEGINSEEK_65568135,3,6,9,9
optimized-guarded,8.958e-06,3,6,9,0,0,2,794,9,1,M_FSBACKEND_CONTINUEOPERATION_B2B07804,3,6,9,9
optimized-guarded,8.916e-06,3,6,9,0,0,2,795,9,1,M_FSBACKEND_CANCEL_CF93E684,3,6,9,9
optimized-guarded,1.3375e-05,3,9,12,0,0,2,796,12,3,M_FSBACKEND_BEGINENTRY_D3F74E4F,3,6,12,12
optimized-guarded,1.0708e-05,3,7,10,0,0,2,797,10,2,M_FSBACKEND_STARTRESOLVE_75FDEFE2,3,6,10,10
optimized-guarded,9.791e-06,3,7,10,0,0,2,798,10,2,M_FSBACKEND_OPEN_70C2A6B2,3,6,10,10
optimized-guarded,1.0708e-05,3,8,11,0,0,2,799,11,2,M_FSBACKEND_FAIL_FA955312,3,6,11,11
optimized-guarded,1.2333e-05,3,9,12,0,0,2,800,12,3,M_FSBACKEND_MEASURE_AD470D66,3,6,12,12
optimized-guarded,9.917e-06,3,7,10,0,0,2,801,10,2,M_FSBACKEND_VALIDATEBASE_C7106A97,3,6,10,10
optimized-guarded,2.3375e-05,3,23,28,0,0,3,802,27,3,M_FSIO_BEGIN_68AD59C5,3,6,28,27
optimized-guarded,3.375e-05,7,26,32,0,0,7,803,32,5,M_FSIO_COMPLETE_3A967BA3,7,14,32,32
optimized-guarded,4.6042e-05,9,10,25,7,2,12,804,18,3,M_FSIO_OFFLINE_B7567A31,9,25,25,18
optimized-guarded,5.584e-06,1,2,3,0,0,0,805,2,1,M_FSWRITEIO_STATE_A0FFD18A,1,2,3,3
optimized-guarded,1.6291e-05,3,16,17,0,0,2,806,17,2,M_FSWRITEIO_ERROR_9F481FB3,3,6,17,17
optimized-guarded,1.5416e-05,4,4,10,0,0,4,807,10,1,M_FSWRITEIO_CHECKPOINT_86192BF5,4,8,10,10
optimized-guarded,3.3709e-05,7,22,26,0,0,8,808,26,2,M_FSWRITEIO_FAILED_0CF5DEA4,7,14,26,26
optimized-guarded,7.8708e-05,12,38,64,0,0,13,809,61,4,M_FSWRITEIO_READ_66641E67,12,24,64,61
optimized-guarded,4.1125e-05,7,29,44,0,0,6,810,43,4,M_FSWRITEIO_WRITE_4F85FADC,7,14,44,43
optimized-guarded,1.6625e-05,4,1,6,2,2,4,811,4,2,M_FSWRITEIO_ZERO_F685105B,4,11,6,4
optimized-guarded,9.042e-06,1,6,10,0,0,0,812,10,3,M_FSWRITEIO_WORD_326DCDF9,1,2,10,10
optimized-guarded,7.709e-06,1,6,10,0,0,0,813,10,3,M_FSWRITEIO_LENGTH_F339C741,1,2,10,10
optimized-guarded,2.125e-05,1,30,34,0,0,0,814,31,2,M_FSPACKET_REPLY_F0943484,1,2,34,33
optimized-guarded,2.8166e-05,6,15,18,0,0,8,815,19,2,M_FSPACKET_ERROR_61E70414,6,12,18,19
optimized-guarded,8.2583e-05,13,46,66,0,0,20,816,62,2,M_FSPACKET_IDENTITY_6B3677B2,13,26,66,65
optimized-guarded,3.7209e-05,5,29,40,0,0,6,817,36,2,M_FSPACKET_PUBLISHOPENSTEP_55EACFB5,5,10,40,38
optimized-guarded,2.6666e-05,5,16,20,0,0,6,818,20,2,M_FSPACKET_CLOSE_01E28282,5,10,20,20
optimized-guarded,1.6875e-05,3,8,14,0,0,2,819,12,2,M_FSPORTS_CREATE_D9675AD2,3,6,14,13
optimized-guarded,1.1042e-05,3,2,4,0,0,3,820,3,1,M_FSPORTS_DELETE_FC342961,3,6,4,4
optimized-guarded,0.000209917,31,30,97,18,4,40,821,69,8,M_FSINIT_CONFIG_A7C873FA,31,69,97,69
optimized-guarded,7.9459e-05,15,20,46,3,6,17,822,39,3,M_FSINIT_WORKSPACE_ED5E2107,15,31,46,41
optimized-guarded,2.975e-05,5,17,33,0,0,4,823,29,3,M_FSINIT_ARRIVAL_302FF83F,5,10,33,29
optimized-guarded,4.7916e-05,7,34,55,0,0,6,824,47,3,M_FSINIT_ALLOCATEMOUNT_EF481898,7,14,55,52
optimized-guarded,2.9e-05,3,33,42,0,0,2,825,39,2,M_FSINIT_ALLOCATEBLOCK_5C0916F0,3,6,42,41
optimized-guarded,3.1625e-05,5,10,21,3,2,6,826,17,2,M_FSINIT_PUBLISH_12D6516B,5,13,21,17
optimized-guarded,3.075e-05,8,9,19,0,0,8,827,17,2,M_FSINIT_FIRST_60F42DBA,8,16,19,18
optimized-guarded,1.7666e-05,4,5,12,0,0,4,828,10,1,M_FSINIT_MOUNTSTEP_D16E7745,4,8,12,11
optimized-guarded,2.6125e-05,5,19,29,0,0,4,829,24,2,M_FSINIT_OPENEDSTEP_3B4623A1,5,10,29,25
optimized-guarded,4.1208e-05,9,32,45,0,0,8,830,40,2,M_FSINIT_MOUNTEDSTEP_D00F6B02,9,18,45,41
optimized-guarded,1.6375e-05,3,12,18,0,0,2,831,16,3,M_FSINIT_FAILED_4FB7E0CF,3,6,18,16
optimized-guarded,6.6e-05,13,22,33,0,0,17,832,31,2,M_FSINIT_DESTROYMOUNT_00D5D10B,13,26,33,33
optimized-guarded,9.6208e-05,18,30,49,2,2,25,833,43,3,M_FSINIT_CLEANUP_26675F9E,18,37,49,45
optimized-guarded,0.000109292,20,26,59,9,4,24,834,51,3,M_FSALLOC_ALLOWED_1FF175A3,20,42,59,51
optimized-guarded,5.7959e-05,7,32,58,0,0,8,835,56,3,M_FSALLOC_BITMAP_55D4E3AC,7,14,58,57
optimized-guarded,2.2792e-05,5,9,17,0,0,4,836,16,2,M_FSALLOC_ALLOCATED_A8A57AF0,5,10,17,16
optimized-guarded,0.000319166,38,41,116,16,10,49,837,91,7,M_FSALLOC_FIND_C860CAEC,38,96,116,91
optimized-guarded,0.000162333,22,60,98,0,0,26,838,98,4,M_FSALLOC_CHANGE_B0E87AF9,22,44,98,98
optimized-guarded,4.425e-05,7,22,32,0,0,7,839,31,2,M_FSALLOC_TAKE_9AD436E4,7,14,32,31
optimized-guarded,1.8541e-05,3,11,13,0,0,3,840,13,2,M_FSALLOC_FREE_BE46C827,3,6,13,13
optimized-guarded,5.8167e-05,10,18,36,0,0,12,841,36,3,M_FSALLOC_COUNTROOM_E5C7D397,10,20,36,36
optimized-guarded,6.208e-06,1,1,2,0,0,0,842,2,1,M_MYDOSWRITE_BAD_ECEFF42B,1,2,2,2
optimized-guarded,1.0791e-05,3,2,4,0,0,2,843,4,1,M_MYDOSWRITE_LIMIT_E01793D7,3,6,4,4
optimized-guarded,0.000207292,26,57,118,5,2,34,844,114,4,M_MYDOSWRITE_READPAYLOAD_AC32DCA4,26,53,118,114
optimized-guarded,3.5333e-05,3,21,40,0,0,3,845,40,4,M_MYDOSWRITE_TRAILER_BFA640A1,3,6,40,40
optimized-guarded,3.7041e-05,5,20,40,0,0,4,846,40,3,M_MYDOSWRITE_ENTRYIO_ACBE3032,5,10,40,40
optimized-guarded,6.275e-05,11,21,45,5,6,12,847,39,6,M_MYDOSWRITE_VALIDATE_B3BA3338,11,24,45,39
optimized-guarded,3.4083e-05,5,18,33,0,0,5,848,33,2,M_MYDOSWRITE_MARK_0E6D7B2D,5,10,33,33
optimized-guarded,7.4083e-05,12,7,38,8,6,14,849,27,5,M_MYDOSWRITE_SLOT_AA2228B6,12,30,38,27
optimized-guarded,0.000165625,23,26,104,9,8,28,850,68,6,M_MYDOSWRITE_CREATE_CDAAF016,23,54,104,68
optimized-guarded,0.000378333,39,66,165,7,8,48,851,138,8,M_MYDOSWRITE_WRITE_992B7BC3,39,107,165,138
optimized-guarded,6.7833e-05,10,15,25,5,0,10,852,24,3,M_MYDOSWRITE_RECLAIM_F1DD6F57,10,27,25,24
optimized-guarded,3.9834e-05,7,20,31,0,0,6,853,30,3,M_MYDOSWRITE_TRUNCATE_A6EAB42C,7,14,31,30
optimized-guarded,0.000112,14,7,33,9,4,16,854,25,4,M_MYDOSWRITE_EMPTY_B06BE841,14,36,33,25
optimized-guarded,7.1625e-05,13,16,36,4,2,14,855,32,3,M_MYDOSWRITE_DELETE_256A83D3,13,27,36,32
optimized-guarded,3.7584e-05,6,8,20,2,2,6,856,17,4,M_MYDOSWRITE_RENAME_E308DCF0,6,15,20,17
optimized-guarded,5.959e-06,1,1,2,0,0,0,857,2,1,M_SDFSWRITE_BAD_5E3D66D1,1,2,2,2
optimized-guarded,7.5458e-05,13,17,32,8,2,17,858,29,3,M_SDFSWRITE_VALIDSECTOR_67FAADEC,13,27,32,29
optimized-guarded,0.000208584,27,36,109,10,4,32,859,82,6,M_SDFSWRITE_LOCATE_55E19A5E,27,69,109,82
optimized-guarded,9.1458e-05,15,42,69,0,0,15,860,67,3,M_SDFSWRITE_GROW_073A6F69,15,30,69,67
optimized-guarded,0.000158375,21,18,80,14,4,24,861,59,7,M_SDFSWRITE_ROWIO_EF8D2430,21,72,80,59
optimized-guarded,1.0917e-05,1,6,10,0,0,0,862,10,4,M_SDFSWRITE_ENTRYIO_D3D74C00,1,2,10,10
optimized-guarded,0.000360916,45,36,147,27,18,55,863,107,11,M_SDFSWRITE_VALIDATE_3C808422,45,118,147,107
optimized-guarded,9.6083e-05,17,12,50,5,2,21,864,37,5,M_SDFSWRITE_SLOT_E3DFD014,17,37,50,37
optimized-guarded,6.4667e-05,9,26,45,0,0,11,865,44,3,M_SDFSWRITE_SPACE_ED9B8102,9,18,45,44
optimized-guarded,0.000301166,41,44,154,8,8,48,866,107,5,M_SDFSWRITE_CREATE_5E5E06BC,41,91,154,107
optimized-guarded,3.85e-05,6,18,31,0,0,6,867,31,2,M_SDFSWRITE_MARK_BAD71DEB,6,12,31,31
optimized-guarded,0.000169125,23,58,104,0,0,26,868,100,4,M_SDFSWRITE_WRITE_40A16F7D,23,46,104,100
optimized-guarded,0.000221625,24,18,57,18,6,31,869,46,6,M_SDFSWRITE_RECLAIM_B35C64A9,24,66,57,46
optimized-guarded,5.3875e-05,9,17,29,0,0,8,870,29,3,M_SDFSWRITE_TRUNCATE_031B9696,9,18,29,29
optimized-guarded,8.9041e-05,14,11,38,5,2,16,871,31,5,M_SDFSWRITE_EMPTY_E038B2BB,14,35,38,31
optimized-guarded,2.6459e-05,5,9,16,0,0,4,872,16,2,M_SDFSWRITE_DELETE_04723F49,5,10,16,16
optimized-guarded,9.9958e-05,15,17,44,4,4,16,873,37,5,M_SDFSWRITE_RENAME_68E1123E,15,45,44,37
optimized-guarded,2.2833e-05,5,9,14,0,0,4,874,14,1,M_FSWRITE_ACCESS_0C7E9E15,5,10,14,14
optimized-guarded,2.9875e-05,6,11,16,0,0,6,875,16,2,M_FSWRITE_VALIDATE_5FCFD495,6,12,16,16
optimized-guarded,1.6916e-05,3,9,12,0,0,2,876,12,3,M_FSWRITE_MARK_8F6D7604,3,6,12,12
optimized-guarded,9.4917e-05,15,28,50,0,0,18,877,48,3,M_FSWRITE_NORMALIZE_5C686BA8,15,30,50,48
optimized-guarded,6.0625e-05,11,18,35,2,2,12,878,32,3,M_FSWRITE_CREATE_47C6C0B3,11,30,35,32
optimized-guarded,0.000123375,23,28,51,0,0,26,879,50,2,M_FSWRITE_OPEN_799F737F,23,46,51,50
optimized-guarded,0.000114667,16,61,85,0,0,22,880,79,4,M_FSWRITE_WRITESTEP_AD20D8EE,16,32,85,80
optimized-guarded,9.6708e-05,13,53,79,0,0,17,881,77,3,M_FSWRITE_BEGIN_06B2C6FE,13,26,79,77
optimized-guarded,4.6292e-05,10,25,32,0,0,10,882,32,2,M_FSWRITE_FINALIZE_1B960C91,10,20,32,32
optimized-guarded,0.000172584,30,29,77,4,2,35,883,63,3,M_FSWRITE_DELETE_68B67BAA,30,63,77,63
optimized-guarded,1.9792e-05,3,10,19,0,0,2,884,17,3,M_FSWRITE_RENAME_4C9B6B85,3,6,19,17
optimized-guarded,2.1416e-05,5,9,14,0,0,4,885,14,2,M_FSRELATIVE_VALIDATE_0372B7FC,5,10,14,14
optimized-guarded,6.3208e-05,9,25,49,6,4,12,886,40,4,M_FSRELATIVE_SEED_FD9BA1BB,9,23,49,40
optimized-guarded,4.3583e-05,8,17,29,4,0,10,887,27,2,M_FSRELATIVE_TRIM_C4B2DBD8,8,24,29,27
optimized-guarded,1.6e-05,3,9,14,0,0,2,888,12,2,M_FSRELATIVE_ROOT_94E4441A,3,6,14,12
optimized-guarded,0.000233834,31,67,137,8,6,36,889,111,5,M_FSRELATIVE_BEGIN_CB9D8F8D,31,85,137,112
optimized-guarded,3.0917e-05,6,16,27,0,0,6,890,25,2,M_FSRELATIVE_PARENTDONE_9C191F46,6,12,27,25
optimized-guarded,2.6333e-05,5,15,24,0,0,4,891,20,3,M_FSRELATIVE_PARENTBEGIN_7E4CAA55,5,10,24,21
optimized-guarded,9.325e-05,17,39,64,0,0,19,892,58,2,M_FSRELATIVE_PARENTRESULT_7CE6B959,17,34,64,59
optimized-guarded,1.6625e-05,3,10,15,0,0,2,893,13,2,M_FSNAMESPACE_DONE_F475AF73,3,6,15,13
optimized-guarded,0.000139709,23,64,110,2,2,24,894,105,3,M_FSNAMESPACE_RESOLVED_0E070C27,23,51,110,105
optimized-guarded,7.125e-06,1,1,3,0,0,0,895,2,1,M_FSINFO_ENUMERATIONSTATE_A9C412AA,1,2,3,3
optimized-guarded,2.2542e-05,4,2,8,2,2,4,896,5,2,M_FSINFO_CLEAR_E168B3AB,4,11,8,6
optimized-guarded,0.000130834,20,21,69,9,12,26,897,53,4,M_FSINFO_NAME_B42C963D,20,52,69,53
optimized-guarded,4.1625e-05,7,28,34,0,0,9,898,33,2,M_FSINFO_FILL_CDFFBE8F,7,14,34,33
optimized-guarded,1.7416e-05,1,16,21,0,0,0,899,18,2,M_FSINFO_SAVE_B1E7031F,1,2,21,20
optimized-guarded,3.1666e-05,5,13,28,3,2,6,900,21,4,M_FSDIRECTORY_INITLOCKSTATE_606A2BB5,5,13,28,22
optimized-guarded,0.0002005,30,81,143,3,2,34,901,126,4,M_FSDIRECTORY_SELECT_4CD1EDE7,30,63,143,130
optimized-guarded,1.1792e-05,1,8,12,0,0,0,902,10,3,M_FSDIRECTORY_END_806A2136,1,2,12,12
optimized-guarded,2.9833e-05,5,15,25,0,0,4,903,20,3,M_FSDIRECTORY_ENTRYSTEP_D4EA4ABB,5,10,25,22
optimized-guarded,6.1208e-05,12,20,38,0,0,12,904,32,2,M_FSDIRECTORY_ENTRYRESULTSTEP_4C458A60,12,24,38,33
optimized-guarded,3.2625e-05,6,16,26,0,0,7,905,25,2,M_FSDIRECTORY_MEASUREENTRY_E6EE6D03,6,12,26,25
optimized-guarded,1.9791e-05,5,8,12,0,0,4,906,11,2,M_FSDIRECTORY_SIZERESULT_7E5452EF,5,10,12,11
optimized-guarded,1.8167e-05,3,10,18,0,0,2,907,15,2,M_FSDIRECTORY_SIZECONTINUESTEP_1EAFA525,3,6,18,16
optimized-guarded,2.0792e-05,1,20,29,0,0,0,908,22,3,M_FSDIRECTORY_PUBLISHSTEP_CC8DC0F6,1,2,29,28
optimized-guarded,0.000320542,43,89,154,0,0,56,909,141,4,M_FSHANDLER_OPENRESULTSTEP_0C25E5DB,43,86,154,147
optimized-guarded,7.959e-06,1,3,4,0,0,0,910,4,1,M_FSHANDLER_BEGINRESOLVE_DD06EE7B,1,2,4,4
optimized-guarded,5.45e-05,6,18,33,0,0,6,911,31,2,M_FSHANDLER_OPEN_99490956,6,12,33,32
optimized-guarded,2.4542e-05,4,13,20,0,0,4,912,20,2,M_FSHANDLER_LOCK_913FD727,4,8,20,20
optimized-guarded,2.5292e-05,3,8,13,0,0,2,913,11,2,M_FSHANDLER_RESOLVEREADYSTEP_BDBFDED1,3,6,13,12
optimized-guarded,3.6458e-05,6,24,27,0,0,7,914,27,2,M_FSHANDLER_OPERATIONRESULT_4184CBFA,6,12,27,27
optimized-guarded,0.000184083,24,86,131,3,2,27,915,120,4,M_FSHANDLER_FILE_3A9A315C,24,51,131,122
optimized-guarded,0.000273708,38,56,116,0,0,53,916,96,2,M_FSHANDLER_DISPATCHSTEP_D149BF3A,38,76,116,97
optimized-guarded,7.4125e-05,11,15,51,8,2,14,917,26,4,M_FSHANDLER_TAKESTEP_E4E18A11,11,30,51,30
optimized-guarded,1.75e-05,3,5,11,0,0,2,918,8,1,M_FSHANDLER_COMPONENTSTEP_389CA8B9,3,6,11,9
optimized-guarded,9.1333e-05,14,41,61,2,2,19,919,56,3,M_FSHANDLER_RESOLVEFAILURE_E91D28D8,14,29,61,56
optimized-guarded,7.9875e-05,15,20,38,0,0,17,920,33,2,M_FSHANDLER_RESOLVESTEP_D6E79D38,15,30,38,34
optimized-guarded,2.575e-05,4,11,17,0,0,4,921,15,2,M_FSHANDLER_FILESTEP_A93D50C2,4,8,17,16
optimized-guarded,0.000233959,32,72,96,0,0,49,922,97,2,M_FSABORT_CHECKPOINT_5DD0EDAE,32,64,96,98
optimized-guarded,6.8459e-05,12,12,27,7,2,17,923,23,2,M_FSWORKER_DRAINED_7E6EAAA5,12,25,27,23
optimized-guarded,0.0003035,37,26,94,27,0,52,924,64,5,M_FSWORKER_WORKER_2BB473B0,37,115,94,66
optimized-guarded,2.5292e-05,4,10,12,0,0,4,925,11,2,M_FSWORKER_FINISH_EC2E5E2B,4,8,12,12
optimized-guarded,1.175e-05,1,10,12,0,0,0,926,10,1,M_FSMOUNT_DISPATCH_FD59F08F,1,2,12,11
optimized-guarded,4.2625e-05,6,22,34,0,0,6,927,30,3,M_FSMOUNT_SELECTSTEP_8E807607,6,12,34,31
optimized-guarded,3.9708e-05,8,13,22,0,0,8,928,20,1,M_FSMOUNT_COMMANDSTEP_B1883B1A,8,16,22,21
optimized-guarded,3.7084e-05,8,14,22,0,0,8,929,20,2,M_FSMOUNT_REMOVESTEP_BBB2975B,8,16,22,21
optimized-guarded,9.917e-06,1,5,8,0,0,0,930,5,2,M_FSMOUNT_DESTROYSTEP_4CF540E7,1,2,8,6
optimized-guarded,1.5916e-05,3,7,11,0,0,2,931,9,2,M_FSMUX_CONTROL_16FCB25F,3,6,11,10
optimized-guarded,3.8708e-05,9,10,19,0,0,9,932,17,1,M_FSMUX_TAKE_F08F7501,9,18,19,18
optimized-guarded,2.6209e-05,5,11,20,0,0,4,933,16,2,M_FSBOOT_BEGINSERVICE_BC5D2672,5,10,20,19
optimized-guarded,9.8083e-05,18,10,36,2,0,25,934,25,2,M_FSBOOT_ENSURE_06ED6F00,18,39,36,25
optimized-guarded,0.000161208,24,16,54,9,2,32,935,36,4,M_FSBOOT_STOP_AD5246E2,24,60,54,38
optimized-guarded,0.000100125,15,9,36,12,4,20,936,27,5,M_DOSCALLS_ASSIGNINDEX_01EA43CB,15,34,36,27
optimized-guarded,0.000387084,41,52,133,7,8,52,937,106,6,M_DOSCALLS_EXPAND_EA5329A2,41,106,133,107
optimized-guarded,1.2291e-05,1,8,10,0,0,0,938,10,2,M_DOSCALLS_ARGUMENTS_D4B63738,1,2,10,10
optimized-guarded,2.7833e-05,4,9,16,0,0,4,939,16,2,M_DOSCALLS_NAMEARGUMENTS_4FEB00BB,4,8,16,16
optimized-guarded,0.000200291,23,41,76,0,0,29,940,70,4,M_DOSCALLS_ACQUIRE_C423433E,23,46,76,71
optimized-guarded,4.9875e-05,9,6,23,4,2,10,941,17,5,M_DOSCALLS_CONFIGURED_B6EDEF76,9,23,23,17
optimized-guarded,0.000102667,19,21,41,0,0,21,942,40,2,M_DOSCALLS_DESTINATION_E6EBC832,19,38,41,40
optimized-guarded,7e-06,1,1,3,0,0,0,943,2,1,M_DOSCALLS_PIPE_54310E12,1,2,3,3
optimized-guarded,0.000120917,22,28,55,0,0,24,944,52,5,M_DOSCALLS_OPEN_390423B6,22,44,55,52
optimized-guarded,4.4667e-05,9,14,27,0,0,8,945,25,4,M_DOSCALLS_LOCK_DE185F87,9,18,27,25
optimized-guarded,1.6334e-05,4,3,4,0,0,4,946,4,1,M_DOSCALLS_BADOBJECT_51D88018,4,8,4,4
optimized-guarded,4.3625e-05,9,16,24,0,0,13,947,23,3,M_DOSCALLS_OBJECT_E89E37D3,9,18,24,23
optimized-guarded,2.5083e-05,5,14,21,0,0,4,948,20,2,M_DOSCALLS_FILE_E8D1DABC,5,10,21,20
optimized-guarded,0.00013575,20,46,81,0,0,20,949,70,4,M_DOSCALLS_READ_BEE8BE36,20,40,81,76
optimized-guarded,0.000159666,25,47,85,0,0,26,950,75,4,M_DOSCALLS_WRITE_8E98A1A7,25,50,85,80
optimized-guarded,8.3e-05,14,23,41,0,0,15,951,36,3,M_DOSCALLS_SEEK_17FC33E6,14,28,41,37
optimized-guarded,9.4292e-05,17,35,59,0,0,17,952,52,3,M_DOSCALLS_CLOSE_97169B3A,17,34,59,55
optimized-guarded,4.9292e-05,11,15,28,0,0,10,953,25,3,M_DOSCALLS_UNLOCK_2871018C,11,22,28,25
optimized-guarded,3.8208e-05,7,15,29,0,0,6,954,25,4,M_DOSCALLS_INFORMATION_13F25DEC,7,14,29,25
optimized-guarded,1.825e-05,5,6,11,0,0,4,955,9,1,M_DOSCALLS_SELECTED_604EA3D9,5,10,11,10
optimized-guarded,2.875e-05,8,10,16,0,0,8,956,14,1,M_DOSCALLS_SELECTIONREADY_28C831A1,8,16,16,15
optimized-guarded,5.5041e-05,12,12,23,0,0,13,957,21,2,M_DOSCALLS_LIVESELECTION_2BE04852,12,24,23,22
optimized-guarded,6e-05,12,16,27,0,0,14,958,24,2,M_DOSCALLS_SELECT_1EDDE386,12,24,27,25
optimized-guarded,4.4708e-05,11,16,30,0,0,10,959,24,2,M_DOSCALLS_DIRECTORY_C8028D6B,11,22,30,28
optimized-guarded,6.575e-05,13,16,33,0,0,14,960,27,2,M_DOSCALLS_CURRENTDIR_1AA7335E,13,26,33,29
optimized-guarded,9.9875e-05,17,19,47,3,2,18,961,38,4,M_DOSCALLS_NAMEFROMLOCK_92457C4A,17,40,47,39
optimized-guarded,3.1167e-05,8,7,17,0,0,8,962,14,2,M_DOSCALLS_ISINTERACTIVE_18CACEEA,8,16,17,15
optimized-guarded,2.2875e-05,7,5,13,0,0,6,963,11,2,M_DOSCALLS_OPENCONSOLE_77C02991,7,14,13,11
optimized-guarded,3.7125e-05,9,12,24,0,0,8,964,20,3,M_DOSCALLS_SETCONSOLEHISTORY_3DCB4BFF,9,18,24,22
optimized-guarded,6.9833e-05,12,17,32,0,2,13,965,27,2,M_DOSCALLS_CONSOLEINFO_6FF559CD,12,24,32,31
optimized-guarded,6e-06,1,1,2,0,0,0,966,2,1,M_DOSCALLS_BEGINFOREGROUND_8F2474EA,1,2,2,2
optimized-guarded,4e-06,1,0,1,0,0,0,967,1,1,M_DOSCALLS_ENDFOREGROUND_13E30672,1,2,1,1
optimized-guarded,3.5e-06,1,0,1,0,0,0,968,1,1,M_DOSCALLS_BREAKPENDING_369675D8,1,2,1,1
optimized-guarded,3.084e-06,1,0,0,0,0,0,969,0,0,M_DOSCALLS_CLEARBREAK_3FA5821C,1,2,0,0
optimized-guarded,7.4167e-05,14,21,39,0,0,15,970,34,3,M_DOSCALLS_FLUSH_D2ADBAEC,14,28,39,35
optimized-guarded,3.4083e-05,7,14,26,0,0,6,971,24,4,M_DOSCALLS_CREATEDIR_E8A266C7,7,14,26,24
optimized-guarded,4.9708e-05,10,15,26,0,0,11,972,24,2,M_DOSCALLS_PATHMOUNT_48952362,10,20,26,24
optimized-guarded,0.000242708,31,66,117,0,0,37,973,111,4,M_DOSCALLS_NAMESPACE_643E89B3,31,62,117,111
optimized-guarded,8.584e-06,1,1,2,0,0,0,974,2,1,M_DOSCALLS_DELETEFILE_59D38A29,1,2,2,2
optimized-guarded,6.667e-06,1,2,3,0,0,0,975,3,2,M_DOSCALLS_RENAME_EEAD93B4,1,2,3,3
optimized-guarded,0.000498583,54,55,164,12,8,72,976,120,6,M_DOSCALLS_ASSIGNPATH_80851264,54,118,164,128
optimized-guarded,0.000127709,16,13,39,4,4,20,977,29,3,M_DOSCALLS_GETASSIGN_704BF595,16,45,39,32
optimized-guarded,2.5333e-05,4,5,8,2,0,4,978,7,2,M_CSTRING_IMPL_STRLEN_EB4E5981,4,11,8,8
optimized-guarded,3.5792e-05,6,8,13,3,0,6,979,11,2,M_CSTRING_IMPL_STRNLEN_AC461397,6,17,13,13
optimized-guarded,4.1208e-05,8,7,14,4,0,8,980,11,3,M_CSTRING_IMPL_STRCMP_87478B58,8,23,14,11
optimized-guarded,5.2292e-05,10,9,17,5,0,10,981,14,3,M_CSTRING_IMPL_STRNCMP_6395B42E,10,29,17,14
optimized-guarded,2.9125e-05,6,4,13,3,2,6,982,8,3,M_CSTRING_IMPL_STRCHR_2037DF45,6,13,13,10
optimized-guarded,0.000102625,14,19,28,4,0,18,983,26,3,M_CSTRING_IMPL_STRLCPY_C7039D62,14,38,28,27
optimized-guarded,0.000165458,19,32,49,7,0,25,984,47,3,M_CSTRING_IMPL_STRLCAT_C4908C8C,19,57,49,48
optimized-guarded,0.000198125,20,22,46,11,4,28,985,39,4,M_CSTRING_IMPL_U32TOA_D9A955C5,20,69,46,40
optimized-guarded,7.9625e-05,14,6,32,6,5,17,986,23,4,M_DOSUTILITY_WRITEALL_BCEF29C3,14,29,32,23
optimized-guarded,9.833e-06,1,2,8,0,0,0,987,2,2,M_DOSUTILITY_READERINIT_DF037B30,1,2,8,3
optimized-guarded,9.6125e-05,16,35,53,0,0,18,988,51,2,M_DOSUTILITY_READBYTE_60ED3FBB,16,32,53,52
optimized-guarded,0.000115042,18,5,42,11,4,22,989,23,4,M_DOSUTILITY_READLINE_B96FCD33,18,42,42,24
optimized-guarded,0.000601959,79,1,78,0,0,78,990,40,2,M_DOSFAULT_MESSAGE_9D326B2A,79,158,78,40
optimized-guarded,0.000278917,34,64,140,4,4,42,991,134,4,M_DOSFAULT_FORMAT_76BA9D40,34,69,140,136
optimized-guarded,1.3125e-05,1,6,8,0,0,0,992,8,4,M_DOSFAULT_FAULT_7DB91D83,1,2,8,8
optimized-guarded,4.8917e-05,6,16,29,0,0,8,993,28,4,M_DOSFAULT_PRINTFAULT_CDC48706,6,12,29,28
optimized-guarded,7.541e-06,1,2,3,0,0,0,994,3,2,M_DOS_ASSIGNPATH_070E31B9,1,2,3,3
optimized-guarded,6.75e-06,1,2,4,0,0,0,995,3,2,M_DOS_GETASSIGN_06EFA68A,1,2,4,4
optimized-guarded,6.334e-06,1,2,4,0,0,0,996,3,2,M_DOS_SETCONSOLEHISTORY_1C523BD8,1,2,4,4
optimized-guarded,5.5e-06,1,1,3,0,0,0,997,2,1,M_DOS_FLUSH_47C61517,1,2,3,3
optimized-guarded,1.4042e-05,1,1,3,0,0,0,998,2,1,M_DOS_CREATEDIR_239F3D94,1,2,3,3
optimized-guarded,5.625e-06,1,1,2,0,0,0,999,2,1,M_DOS_DELETEFILE_4D32A614,1,2,2,2
optimized-guarded,6.041e-06,1,2,3,0,0,0,1000,3,2,M_DOS_RENAME_F915C271,1,2,3,3
optimized-guarded,5.666e-06,1,2,4,0,0,0,1001,3,2,M_DOS_OPEN_87DAE823,1,2,4,4
optimized-guarded,6.875e-06,1,3,5,0,0,0,1002,4,3,M_DOS_READ_BCD2228F,1,2,5,5
optimized-guarded,6.042e-06,1,3,5,0,0,0,1003,4,3,M_DOS_WRITE_BE4FDE64,1,2,5,5
optimized-guarded,5.833e-06,1,3,5,0,0,0,1004,4,3,M_DOS_SEEK_DE9F46FB,1,2,5,5
optimized-guarded,4.709e-06,1,1,3,0,0,0,1005,2,1,M_DOS_CLOSE_4C224801,1,2,3,3
optimized-guarded,4.375e-06,1,1,2,0,0,0,1006,2,1,M_DOS_SETIOERR_7AEF42E2,1,2,2,2
optimized-guarded,3.75e-06,1,0,1,0,0,0,1007,1,1,M_DOS_IOERR_E649FF90,1,2,1,1
optimized-guarded,3.458e-06,1,0,1,0,0,0,1008,1,1,M_DOS_RELEASECONTEXT_9DB9F883,1,2,1,1
optimized-guarded,5.625e-06,1,2,4,0,0,0,1009,3,2,M_DOS_LOCK_4DEC517E,1,2,4,4
optimized-guarded,4.792e-06,1,1,2,0,0,0,1010,1,1,M_DOS_UNLOCK_74209499,1,2,2,2
optimized-guarded,6.042e-06,1,2,5,0,0,0,1011,3,2,M_DOS_EXAMINE_1F15C1B0,1,2,5,5
optimized-guarded,5.333e-06,1,2,5,0,0,0,1012,3,2,M_DOS_EXNEXT_623C7B53,1,2,5,5
optimized-guarded,3.875e-06,1,0,2,0,0,0,1013,1,1,M_DOS_INPUT_41B1DDE9,1,2,2,2
optimized-guarded,3.625e-06,1,0,2,0,0,0,1014,1,1,M_DOS_OUTPUT_DF7018DC,1,2,2,2
optimized-guarded,4.958e-06,1,1,4,0,0,0,1015,2,1,M_DOS_SELECTINPUT_FF0F4771,1,2,4,4
optimized-guarded,4.958e-06,1,1,4,0,0,0,1016,2,1,M_DOS_SELECTOUTPUT_3A928904,1,2,4,4
optimized-guarded,4.75e-06,1,1,3,0,0,0,1017,2,1,M_DOS_ISINTERACTIVE_FD05AE49,1,2,3,3
optimized-guarded,4.834e-06,1,1,4,0,0,0,1018,2,1,M_DOS_CURRENTDIR_764577CB,1,2,4,4
optimized-guarded,5.583e-06,1,3,5,0,0,0,1019,4,3,M_DOS_NAMEFROMLOCK_8794AD67,1,2,5,5
optimized-guarded,4.333e-06,1,1,3,0,0,0,1020,2,1,M_DOS_BEGINFOREGROUND_987C8D99,1,2,3,3
optimized-guarded,3.292e-06,1,0,1,0,0,0,1021,1,1,M_DOS_ENDFOREGROUND_8BF477E5,1,2,1,1
optimized-guarded,3.5e-06,1,0,1,0,0,0,1022,1,1,M_DOS_BREAKPENDING_07C42681,1,2,1,1
optimized-guarded,3.208e-06,1,0,0,0,0,0,1023,0,0,M_DOS_CLEARBREAK_6F85C46D,1,2,0,0
optimized-guarded,4.625e-06,1,1,3,0,0,0,1024,2,1,M_DOS_PIPE_1D28B7D3,1,2,3,3
optimized-guarded,3.625e-06,1,0,2,0,0,0,1025,1,1,M_DOS_OPENCONSOLE_2100231A,1,2,2,2
optimized-guarded,5.333e-06,1,2,4,0,0,0,1026,3,2,M_DOS_CONSOLEINFO_BA8927CE,1,2,4,4
optimized-guarded,6.459e-06,1,4,5,0,0,0,1027,5,4,M_DOS_FAULT_8C83808D,1,2,5,5
optimized-guarded,7.459e-06,1,5,7,0,0,0,1028,6,5,M_DOS_PRINTFAULT_C841DC04,1,2,7,7
optimized-guarded,0.000146417,19,14,60,14,12,26,1029,41,5,M_TASKINSPECT_SNAPSHOT_72A67CF0,19,49,60,41
optimized-guarded,6.2916e-05,11,22,32,0,0,14,1030,32,3,M_DEVICEINSPECT_SNAPSHOT_EBB6295F,11,22,32,32
optimized-guarded,4.4125e-05,7,26,33,0,0,9,1031,32,2,M_FSINSPECT_CACHESTATUS_E621CC2A,7,14,33,33
optimized-guarded,0.000221708,26,25,87,15,20,38,1032,58,7,M_FSINSPECT_SNAPSHOT_873CF8A6,26,93,87,59
optimized-guarded,3.6416e-05,7,10,17,0,0,9,1033,15,1,M_FSINSPECT_SYSTEMWRITABLE_448881D5,7,14,17,16
optimized-guarded,7.875e-06,1,2,5,0,0,0,1034,5,2,M_O65MEMORY_RESERVE_67ABB944,1,2,5,5
optimized-guarded,5.083e-06,1,1,2,0,0,0,1035,2,1,M_O65MEMORY_ALLOCATE_1084F809,1,2,2,2
optimized-guarded,4.542e-06,1,1,2,0,0,0,1036,2,1,M_O65MEMORY_STORAGE_289ABF3F,1,2,2,2
optimized-guarded,1.3333e-05,3,4,5,0,0,3,1037,5,2,M_O65READ_FAIL_6B141CC7,3,6,5,5
optimized-guarded,2.7334e-05,6,15,21,0,0,6,1038,20,3,M_O65READ_TAKE_D99B2660,6,12,21,20
optimized-guarded,1.2917e-05,3,6,10,0,0,2,1039,10,2,M_O65READ_U8_A5F42EC2,3,6,10,10
optimized-guarded,7.625e-06,1,2,8,0,0,0,1040,8,2,M_O65READ_U16_9E5A6B5F,1,2,8,8
optimized-guarded,6.291e-06,1,2,8,0,0,0,1041,8,2,M_O65READ_U32_BA2CF799,1,2,8,8
optimized-guarded,2.375e-05,5,11,17,0,0,4,1042,16,3,M_O65READ_COUNT_2EF12376,5,10,17,16
optimized-guarded,2.6583e-05,6,5,13,3,2,6,1043,10,4,M_O65READ_EQUAL_AD4D340B,6,13,13,10
optimized-guarded,1.3125e-05,3,7,10,0,0,2,1044,10,3,M_O65READ_LITERAL_8D1D12D6,3,6,10,10
optimized-guarded,3.0542e-05,7,8,18,0,0,10,1045,18,2,M_O65READ_NAMEBYTE_937CC326,7,14,18,18
optimized-guarded,6.6708e-05,13,20,33,5,0,14,1046,31,3,M_O65READ_NAME_0A34D852,13,27,33,31
optimized-guarded,6.6e-05,12,19,36,3,2,12,1047,32,3,M_O65READ_STRING_E289F21C,12,25,36,32
optimized-guarded,2.5375e-05,7,7,12,0,0,6,1048,10,2,M_O65READ_SECTIONSIZE_0E90CADD,7,14,12,10
optimized-guarded,9.084e-06,1,5,9,0,0,0,1049,9,4,M_O65READ_EXTENT_816E81E1,1,2,9,9
optimized-guarded,0.000454333,54,32,139,27,6,67,1050,89,8,M_O65WIRE_HEADER_58EA710F,54,143,139,90
optimized-guarded,0.000167666,21,9,58,11,6,27,1051,41,6,M_O65WIRE_EXPORTS_13C8B799,21,66,58,41
optimized-guarded,0.000112875,18,8,57,13,2,24,1052,43,5,M_O65PROFILE_IMPORTS_FC0170BC,18,46,57,43
optimized-guarded,3.875e-05,7,20,24,0,0,9,1053,23,2,M_PROGRAMIMAGE_FREE_CFEA1DF0,7,14,24,24
optimized-guarded,3.8333e-05,8,12,17,0,0,11,1054,17,1,M_PROGRAMIMAGE_ATTACH_B33B47DB,8,16,17,17
optimized-guarded,4.8417e-05,11,14,22,0,0,15,1055,21,2,M_PROGRAMIMAGE_DROPOWNER_EE15CDE2,11,22,22,21
optimized-guarded,3.8791e-05,9,13,20,0,0,13,1056,19,2,M_PROGRAMIMAGE_DETACH_807AC96B,9,18,20,19
optimized-guarded,2.7167e-05,7,7,17,0,0,6,1057,15,2,M_O65RELOCATIONS_BASE_44BA7C79,7,14,17,15
optimized-guarded,0.000896625,84,34,229,68,30,114,1058,146,15,M_O65RELOCATIONS_WALK_0850572F,84,224,229,146
optimized-guarded,7.458e-06,1,2,2,0,0,0,1059,2,2,M_O65RELOCATIONS_READ_4B7C0B1C,1,2,2,2
optimized-guarded,9.167e-06,1,5,7,0,0,0,1060,7,3,M_O65RELOCATIONS_PATCHES_74DD4940,1,2,7,7
optimized-guarded,2.6625e-05,5,8,15,0,0,5,1061,13,2,M_O65_RELEASE_DA7FFCCE,5,10,15,15
optimized-guarded,6.5167e-05,11,32,51,0,0,12,1062,49,4,M_O65_DESCRIPTOR_41119D04,11,22,51,49
optimized-guarded,0.000103459,18,27,44,0,0,22,1063,41,2,M_O65_VALIDATE_31EC2383,18,36,44,42
optimized-guarded,3.7375e-05,7,17,28,0,0,6,1064,26,2,M_DOSINHERIT_CLONEFILE_B3A0D025,7,14,28,27
optimized-guarded,3.5667e-05,7,18,31,0,0,6,1065,27,3,M_DOSINHERIT_CLONELOCK_889C592A,7,14,31,30
optimized-guarded,8.4792e-05,15,21,43,0,0,18,1066,35,3,M_DOSINHERIT_STREAM_24BB16AC,15,30,43,42
optimized-guarded,9.1e-05,18,15,38,0,0,18,1067,30,3,M_DOSINHERIT_CLONE_1DB40F0B,18,36,38,34
optimized-guarded,0.000175666,28,37,66,0,0,35,1068,56,2,M_DOSINHERIT_DISCARD_44133C6A,28,56,66,62
optimized-guarded,5.75e-05,10,26,43,0,0,10,1069,41,3,M_DOSINHERIT_FINALIZEDETACHED_E855A6F0,10,20,43,42
optimized-guarded,2.1916e-05,5,5,9,0,0,5,1070,7,2,M_DOSINHERIT_ADOPT_35538564,5,10,9,8
optimized-guarded,6.4583e-05,13,11,25,0,0,15,1071,21,1,M_DOSGROUP_BEGIN_073142E7,13,26,25,21
optimized-guarded,1.8875e-05,4,6,12,0,0,4,1072,12,2,M_DOSGROUP_VALID_7D621B56,4,8,12,12
optimized-guarded,3.2417e-05,8,9,16,0,0,8,1073,14,1,M_DOSGROUP_SEAL_B243143B,8,16,16,15
optimized-guarded,1.6125e-05,3,7,13,0,0,2,1074,12,2,M_DOSGROUP_READY_271F659D,3,6,13,13
optimized-guarded,1.0625e-05,3,2,4,0,0,2,1075,4,1,M_DOSGROUP_CANCEL_B8897A90,3,6,4,4
optimized-guarded,0.000140958,16,31,44,0,0,22,1076,40,2,M_DOSGROUP_JOIN_A4542070,16,32,44,43
optimized-guarded,8.7625e-05,15,25,38,0,0,20,1077,34,2,M_DOSGROUP_LEAVE_AF8BE2F5,15,30,38,37
optimized-guarded,5.4917e-05,11,16,27,0,0,14,1078,25,1,M_DOSGROUP_END_0E9A4197,11,22,27,26
optimized-guarded,6.525e-05,14,26,37,0,0,16,1079,37,2,M_DOSPROCESS_DISCARD_B47D4E40,14,28,37,37
optimized-guarded,0.000126917,22,49,67,0,0,27,1080,64,3,M_DOSPROCESS_SNAPSHOT_8415B6DE,22,44,67,64
optimized-guarded,0.000148167,24,36,61,0,0,31,1081,54,4,M_DOSPROCESS_PREPARE_AF74B007,24,48,61,58
optimized-guarded,6.9e-05,12,17,33,0,0,13,1082,29,4,M_DOSPROCESS_PREPAREGROUP_5B2830CC,12,24,33,30
optimized-guarded,4.1625e-05,7,17,26,0,0,7,1083,23,2,M_DOSPROCESS_ENTERFOREGROUND_ADB53B83,7,14,26,25
optimized-guarded,6.1542e-05,10,47,56,0,0,12,1084,55,3,M_DOSPROCESS_ADOPT_5B5DBE18,10,20,56,56
optimized-guarded,5.3834e-05,11,18,28,0,0,13,1085,25,2,M_DOSPROCESS_RESTOREFOREGROUND_D0EE9507,11,22,28,27
optimized-guarded,0.000250291,40,30,84,12,7,49,1086,63,5,M_DOSPROCESS_CLEANUP_CE292B9A,40,83,84,66
optimized-guarded,9.3792e-05,11,24,37,0,0,16,1087,31,2,M_DOSPROCESS_RELEASEPARENT_43E07877,11,22,37,35
optimized-guarded,8.084e-06,1,2,4,0,0,0,1088,3,2,M_PROCESS_CONTROL_D28A63F1,1,2,4,4
optimized-guarded,4.667e-06,1,0,1,0,0,0,1089,1,1,M_PROCESS_CURRENT_07EFB7F5,1,2,1,1
optimized-guarded,1.2459e-05,3,2,6,0,0,2,1090,4,1,M_PROCESS_GETARGSTR_37000207,3,6,6,5
optimized-guarded,3.6083e-05,8,8,17,0,0,11,1091,14,1,M_PROCESS_EXECUTEIMAGE_8428E44E,8,16,17,15
optimized-guarded,3.0125e-05,7,9,22,0,0,7,1092,19,2,M_PROCESS_RUN_4C2ABD87,7,14,22,19
optimized-guarded,3.4917e-05,9,5,16,0,0,12,1093,13,2,M_PROCESS_FINISH_AE17E2ED,9,18,16,15
optimized-guarded,4.0125e-05,9,21,30,0,0,12,1094,30,2,M_PROCESS_RELEASESTORAGE_F7C3DB6E,9,18,30,31
optimized-guarded,0.000262667,37,30,97,4,2,47,1095,67,4,M_PROCESS_STARTINTERNAL_08C34541,37,77,97,72
optimized-guarded,7.959e-06,1,3,4,0,0,0,1096,4,3,M_PROCESS_START_10858ECA,1,2,4,4
optimized-guarded,5.917e-06,1,3,4,0,0,0,1097,4,3,M_PROCESS_STARTFOREGROUND_F931F4E9,1,2,4,4
optimized-guarded,1.6417e-05,3,5,8,0,0,2,1098,7,4,M_PROCESS_STARTLOADED_CDAA1C3D,3,6,8,8
optimized-guarded,2.0292e-05,4,6,10,0,0,4,1099,9,4,M_PROCESS_PREPARELOADED_143E0750,4,8,10,10
optimized-guarded,2.375e-05,5,4,15,0,0,4,1100,11,2,M_PROCESS_STARTPREPARED_C79EF329,5,10,15,14
optimized-guarded,1.8375e-05,5,3,11,0,0,4,1101,8,2,M_PROCESS_DISCARDPREPARED_9F7D5787,5,10,11,10
optimized-guarded,3.025e-05,7,10,19,0,0,6,1102,16,2,M_PROCESS_COLLECT_3A4F29C8,7,14,19,18
optimized-guarded,3.2458e-05,8,5,14,3,0,8,1103,12,2,M_PROCESS_WAIT_BEBC9E91,8,17,14,13
optimized-guarded,3.2125e-05,7,3,12,3,2,9,1104,9,2,M_DOSARGS_CLEAR_67E19159,7,17,12,9
optimized-guarded,2.4167e-05,6,3,11,3,2,6,1105,7,2,M_DOSARGS_BOUNDEDLENGTH_E004A013,6,13,11,7
optimized-guarded,1.5e-05,4,4,7,0,0,4,1106,7,1,M_DOSARGS_UPPER_7F315E6C,4,8,7,7
optimized-guarded,1.1291e-05,1,5,14,0,0,0,1107,14,3,M_DOSARGS_LETTER_897462C0,1,2,14,14
optimized-guarded,3.7167e-05,7,7,21,4,2,8,1108,17,4,M_DOSARGS_SAME_51AE7922,7,15,21,17
optimized-guarded,0.0004485,58,23,136,43,24,75,1109,84,9,M_DOSARGS_DESCRIBE_D600A84B,58,165,136,84
optimized-guarded,0.00020225,33,44,88,16,4,42,1110,69,3,M_DOSARGS_WORD_271132B0,33,67,88,69
optimized-guarded,9.6167e-05,16,19,52,7,4,18,1111,41,4,M_DOSARGS_NUMERIC_B3350961,16,33,52,42
optimized-guarded,0.001030291,83,90,260,65,42,107,1112,193,10,M_DOSARGS_DECODE_CCDE93B6,83,266,260,195
optimized-guarded,0.000114708,19,21,39,0,0,21,1113,37,7,M_DOSARGS_PARSE_ACA8C265,19,38,39,37
optimized-guarded,9.3792e-05,19,13,38,8,4,22,1114,28,2,M_DOSCOMMAND_HELP_D3856E13,19,40,38,28
optimized-guarded,0.000112084,20,12,42,0,0,28,1115,39,3,M_DOSCOMMAND_SHOWTEMPLATE_03EA47A3,20,40,42,40
optimized-guarded,0.000125583,20,22,45,0,4,27,1116,43,6,M_DOSCOMMAND_READARGSORHELP_AC23446B,20,40,45,44
optimized-guarded,7.25e-06,1,2,3,0,0,0,1117,3,2,M_PROGRAMAPI_ASSIGNPATH_70177325,1,2,3,3
optimized-guarded,6.542e-06,1,2,4,0,0,0,1118,3,2,M_PROGRAMAPI_GETASSIGN_8DA1FFAE,1,2,4,4
optimized-guarded,5.375e-06,1,2,3,0,0,0,1119,3,2,M_PROGRAMAPI_OPEN_8638DB5F,1,2,3,3
optimized-guarded,5.958e-06,1,3,4,0,0,0,1120,4,3,M_PROGRAMAPI_READ_3155DB03,1,2,4,4
optimized-guarded,5.5e-06,1,3,4,0,0,0,1121,4,3,M_PROGRAMAPI_WRITE_84FB7088,1,2,4,4
optimized-guarded,5.416e-06,1,3,4,0,0,0,1122,4,3,M_PROGRAMAPI_SEEK_31854D3F,1,2,4,4
optimized-guarded,4.375e-06,1,1,2,0,0,0,1123,2,1,M_PROGRAMAPI_CLOSE_24FF6A65,1,2,2,2
optimized-guarded,4.458e-06,1,1,2,0,0,0,1124,2,1,M_PROGRAMAPI_FLUSH_DB8CCFBB,1,2,2,2
optimized-guarded,4.375e-06,1,1,2,0,0,0,1125,2,1,M_PROGRAMAPI_CREATEDIR_28E82C70,1,2,2,2
optimized-guarded,4.417e-06,1,1,2,0,0,0,1126,2,1,M_PROGRAMAPI_DELETEFILE_1B5DE7B0,1,2,2,2
optimized-guarded,4.959e-06,1,2,3,0,0,0,1127,3,2,M_PROGRAMAPI_RENAME_C087BEE5,1,2,3,3
optimized-guarded,4.125e-06,1,0,1,0,0,0,1128,1,1,M_PROGRAMAPI_INPUT_CF30B53D,1,2,1,1
optimized-guarded,3.917e-06,1,0,1,0,0,0,1129,1,1,M_PROGRAMAPI_OUTPUT_24288338,1,2,1,1
optimized-guarded,3.5e-06,1,0,1,0,0,0,1130,1,1,M_PROGRAMAPI_IOERR_5170B12C,1,2,1,1
optimized-guarded,3.333e-06,1,0,1,0,0,0,1131,1,1,M_PROGRAMAPI_GETARGSTR_01F4859C,1,2,1,1
optimized-guarded,1.9334e-05,3,6,11,0,0,2,1132,11,6,M_PROGRAMAPI_READARGS_BFA789E0,3,6,11,11
optimized-guarded,5.167e-06,1,1,2,0,0,0,1133,2,1,M_PROGRAMAPI_SETIOERR_D3F44706,1,2,2,2
optimized-guarded,3.375e-06,1,0,1,0,0,0,1134,1,1,M_PROGRAMAPI_BREAKPENDING_F12A3675,1,2,1,1
optimized-guarded,3e-06,1,0,0,0,0,0,1135,0,0,M_PROGRAMAPI_YIELD_8B32D3B0,1,2,0,0
optimized-guarded,5.959e-06,1,3,4,0,0,0,1136,4,3,M_PROGRAMAPI_WRITEALL_2F9D9EC1,1,2,4,4
optimized-guarded,5.125e-06,1,2,2,0,0,0,1137,2,2,M_PROGRAMAPI_READERINIT_0B3A5F6A,1,2,2,2
optimized-guarded,5.083e-06,1,1,2,0,0,0,1138,2,1,M_PROGRAMAPI_READBYTE_268CDC31,1,2,2,2
optimized-guarded,6.125e-06,1,3,4,0,0,0,1139,4,3,M_PROGRAMAPI_READLINE_D25FAB11,1,2,4,4
optimized-guarded,5.208e-06,1,2,3,0,0,0,1140,3,2,M_PROGRAMAPI_LOCK_D0030F12,1,2,3,3
optimized-guarded,4.667e-06,1,1,1,0,0,0,1141,1,1,M_PROGRAMAPI_UNLOCK_3CF9C02D,1,2,1,1
optimized-guarded,5.5e-06,1,2,3,0,0,0,1142,3,2,M_PROGRAMAPI_EXAMINE_6478E83C,1,2,3,3
optimized-guarded,5.167e-06,1,2,3,0,0,0,1143,3,2,M_PROGRAMAPI_EXNEXT_3BA57C27,1,2,3,3
optimized-guarded,5.209e-06,1,1,2,0,0,0,1144,2,1,M_PROGRAMAPI_ISINTERACTIVE_056AF905,1,2,2,2
optimized-guarded,3.541e-06,1,0,1,0,0,0,1145,1,1,M_PROGRAMAPI_OPENCONSOLE_E4ECC506,1,2,1,1
optimized-guarded,5.375e-06,1,2,3,0,0,0,1146,3,2,M_PROGRAMAPI_CONSOLEINFO_2608391A,1,2,3,3
optimized-guarded,7.166e-06,1,4,5,0,0,0,1147,5,4,M_PROGRAMAPI_FAULT_DA8736E9,1,2,5,5
optimized-guarded,8e-06,1,5,6,0,0,0,1148,6,5,M_PROGRAMAPI_PRINTFAULT_2BBE94D8,1,2,6,6
optimized-guarded,8.083e-06,1,5,7,0,0,0,1149,7,6,M_PROGRAMAPI_READARGSORHELP_0AAF8D06,1,2,7,7
optimized-guarded,0.000458667,44,27,112,18,8,59,1150,94,8,M_PROGRAMPROVIDERS_RESOLVE_0AD38ACF,44,145,112,94
optimized-guarded,0.000122875,19,45,79,0,0,21,1151,74,3,M_PROGRAMPLACE_ALLOCATE_8CF1E5BF,19,38,79,74
optimized-guarded,8.083e-06,1,3,4,0,0,0,1152,4,3,M_PROGRAMPLACE_PATCHES_2338CDC0,1,2,4,4
optimized-guarded,2.5125e-05,4,4,11,2,2,4,1153,8,4,M_PROGRAMPLACE_COPY_75B5AA8B,4,11,11,8
optimized-guarded,0.000101583,15,39,65,0,0,18,1154,61,3,M_PROGRAM_LOAD_3AF1DE19,15,30,65,63
optimized-guarded,5.709e-06,1,1,1,0,0,0,1155,1,1,M_PROGRAM_UNLOAD_C8BC2432,1,2,1,1
optimized-guarded,0.000314208,44,12,103,14,41,63,1156,75,6,M_PROGRAMFILE_LOAD_6B2BC763,44,101,103,75
optimized-guarded,0.000724125,70,101,200,0,0,89,1157,189,4,M_PIPELINE_RUN_E96AA47C,70,140,200,191
optimized-guarded,7.125e-06,1,1,4,0,0,0,1158,4,1,M_DEMO_SHELLLINE_05385AFA,1,2,4,4
optimized-guarded,4.584e-06,1,1,4,0,0,0,1159,4,1,M_DEMO_SHELLDRAWBUFFER_40A1F650,1,2,4,4
optimized-guarded,4.292e-06,1,1,4,0,0,0,1160,4,1,M_DEMO_SHELLSCRATCH_4CC9A4C2,1,2,4,4
optimized-guarded,4.084e-06,1,1,4,0,0,0,1161,4,1,M_DEMO_SHELLTRANSFER_5E61BE6D,1,2,4,4
optimized-guarded,2.9042e-05,5,9,11,0,0,6,1162,11,2,M_DEMO_SHELLFAIL_8B3FAF62,5,10,11,11
optimized-guarded,6e-06,1,1,3,0,0,0,1163,3,1,M_DEMO_SHELLLENGTH_41312048,1,2,3,3
optimized-guarded,7.8083e-05,9,8,27,6,5,11,1164,18,3,M_DEMO_SHELLEQUAL_87D888CC,9,19,27,19
optimized-guarded,1.0584e-05,3,0,2,0,0,2,1165,2,1,M_DEMO_SHELLPOLL_FD68673B,3,6,2,2
optimized-guarded,1.0041e-05,3,2,5,0,0,2,1166,5,1,M_DEMO_SHELLSCOPE_835D7600,3,6,5,5
optimized-guarded,4.5333e-05,10,5,16,3,2,11,1167,15,3,M_DEMO_SHELLRETIREBREAK_55533B4C,10,21,16,15
optimized-guarded,9.7791e-05,17,20,37,0,2,22,1168,36,3,M_DEMO_SHELLWRITE_F024753B,17,34,37,36
optimized-guarded,9.291e-06,1,3,6,0,0,0,1169,5,2,M_DEMO_SHELLBYTE_63E82DA4,1,2,6,5
optimized-guarded,0.000135666,16,9,43,11,6,21,1170,27,7,M_DEMO_SHELLTEXT_3AA6BB8B,16,46,43,29
optimized-guarded,3.8917e-05,4,13,28,0,0,4,1171,28,3,M_DEMO_SHELLNUMBER_CB70AEA1,4,8,28,28
optimized-guarded,0.000107125,15,46,62,0,0,21,1172,61,3,M_DEMO_SHELLDIAGNOSTIC_90251983,15,30,62,62
optimized-guarded,4.1958e-05,9,8,16,0,0,11,1173,17,2,M_DEMO_SHELLHISTORY_253D1EFE,9,18,16,17
optimized-guarded,1.5333e-05,3,6,9,0,0,2,1174,8,2,M_DEMO_SHELLPROMPT_49927678,3,6,9,8
optimized-guarded,7.416e-06,1,2,3,0,0,0,1175,3,1,M_DEMO_SHELLCLEAR_C99F4545,1,2,3,3
optimized-guarded,0.000137208,29,14,42,0,0,28,1176,42,1,M_DEMO_SHELLCLASSIFY_4EDF64CA,29,58,42,42
optimized-guarded,3.2583e-05,7,16,26,0,0,8,1177,24,2,M_DEMO_SHELLPIPEBOUNDARY_12E051D2,7,14,26,24
optimized-guarded,9.9833e-05,16,27,59,3,6,18,1178,47,4,M_DEMO_SHELLARGUMENT_06FF7069,16,34,59,47
optimized-guarded,0.001357375,126,118,353,81,39,181,1179,246,9,M_DEMO_SHELLPARSE_A0346EB9,126,296,353,246
optimized-guarded,8.9416e-05,13,3,39,9,2,18,1180,24,5,M_DEMO_SHELLALIASNAME_AB73FBF9,13,27,39,26
optimized-guarded,0.000109375,16,3,25,12,2,23,1181,15,3,M_DEMO_SHELLALIASTEXT_A6FBD7BD,16,53,25,15
optimized-guarded,4.3e-05,9,5,20,4,2,10,1182,15,3,M_DEMO_SHELLALIASINDEX_3346373C,9,19,20,16
optimized-guarded,1.4708e-05,1,7,15,0,0,0,1183,12,3,M_DEMO_SHELLALIASSHOW_53099C95,1,2,15,14
optimized-guarded,0.0002625,45,21,93,15,13,57,1184,68,5,M_DEMO_SHELLALIASCOMMAND_96FDFCD5,45,103,93,70
optimized-guarded,1.85e-05,3,7,14,0,0,2,1185,13,2,M_DEMO_SHELLUNALIASCOMMAND_0E212A24,3,6,14,13
optimized-guarded,0.000207416,28,24,106,12,12,37,1186,74,11,M_DEMO_SHELLALIASREPLACE_D1C41638,28,71,106,74
optimized-guarded,2.2083e-05,6,3,8,0,0,6,1187,8,1,M_DEMO_SHELLALIASEXPAND_1DD100F8,6,12,8,8
optimized-guarded,7.4333e-05,13,16,31,0,0,14,1188,31,2,M_DEMO_SHELLCHANGE_9A7AB49E,13,26,31,31
optimized-guarded,2.2667e-05,6,5,11,0,0,6,1189,12,1,M_DEMO_SHELLRELEASELOCK_B96B0C1C,6,12,11,12
optimized-guarded,0.000150708,23,22,56,7,0,30,1190,47,3,M_DEMO_SHELLDIR_42E4EEF3,23,52,56,51
optimized-guarded,9.9416e-05,16,3,37,12,13,23,1191,21,5,M_DEMO_SHELLCONVERT_E2CF79D9,16,51,37,21
optimized-guarded,2.0875e-05,5,5,8,0,0,6,1192,8,1,M_DEMO_SHELLCLOSECOMMANDINPUT_4078E4EF,5,10,8,8
optimized-guarded,0.000165,27,14,50,7,2,35,1193,41,4,M_DEMO_SHELLTYPE_1AFF6CB6,27,61,50,41
optimized-guarded,1.6709e-05,1,0,20,0,0,0,1194,20,2,M_DEMO_SHELLMEM_AF895CA1,1,2,20,20
optimized-guarded,4.6875e-05,10,3,10,0,0,13,1195,7,2,M_DEMO_SHELLTASKSTATE_696E6DB8,10,20,10,7
optimized-guarded,8.75e-05,14,18,48,9,2,18,1196,33,5,M_DEMO_SHELLTASKS_EC8AA98C,14,39,48,35
optimized-guarded,0.000176708,25,11,40,20,2,34,1197,27,5,M_DEMO_SHELLDEVICES_F77A45DF,25,76,40,28
optimized-guarded,0.000141041,23,21,59,18,4,30,1198,42,5,M_DEMO_SHELLMOUNTS_AF3EE75C,23,70,59,44
optimized-guarded,3.1083e-05,7,8,16,0,0,6,1199,15,2,M_DEMO_SHELLCLOSETEMPORARY_12B1A0C5,7,14,16,16
optimized-guarded,0.0001075,22,29,46,0,0,30,1200,48,1,M_DEMO_SHELLUNREDIRECT_A96C796F,22,44,46,48
optimized-guarded,9.3834e-05,20,30,57,0,0,23,1201,57,3,M_DEMO_SHELLREDIRECT_189A437C,20,40,57,57
optimized-guarded,8.833e-06,1,2,8,0,0,0,1202,8,2,M_DEMO_SHELLPATHENTRY_DB7471EF,1,2,8,8
optimized-guarded,5.375e-06,1,1,2,0,0,0,1203,3,1,M_DEMO_SHELLPATHRESET_72A30C98,1,2,2,3
optimized-guarded,6.1625e-05,12,4,27,9,8,16,1204,16,4,M_DEMO_SHELLPATHEQUAL_1BAC498B,12,25,27,16
optimized-guarded,0.000166875,26,11,61,18,9,37,1205,40,6,M_DEMO_SHELLPATHASSIGNED_B6DA4F91,26,71,61,41
optimized-guarded,0.000186417,31,26,73,3,4,38,1206,68,3,M_DEMO_SHELLPATHUPDATE_51351508,31,63,73,71
optimized-guarded,8.1e-05,18,19,43,2,2,20,1207,40,3,M_DEMO_SHELLPATH_505E8FAB,18,37,43,41
optimized-guarded,7.791e-06,1,2,5,0,0,0,1208,5,2,M_DEMO_SHELLPATHMISS_F697D8DD,1,2,5,5
optimized-guarded,0.000154375,25,11,75,12,6,31,1209,59,7,M_DEMO_SHELLLOADCOMMAND_919DB943,25,71,75,61
optimized-guarded,4.4917e-05,7,16,30,0,0,6,1210,29,3,M_DEMO_SHELLEXTERNAL_6FFCDB1B,7,14,30,30
optimized-guarded,9.9083e-05,13,43,69,0,0,17,1211,64,7,M_DEMO_SHELLPIPELINE_3089A788,13,26,69,66
optimized-guarded,0.000264791,48,18,86,5,2,69,1212,65,3,M_DEMO_SHELLDISPATCH_61C1EC5C,48,97,86,68
optimized-guarded,8.875e-05,21,12,32,0,0,29,1213,30,2,M_DEMO_SHELLCOMMAND_F85F9F19,21,42,32,30
optimized-guarded,0.000177958,29,54,85,0,0,39,1214,80,3,M_DEMO_SHELLREADSTEP_67245C10,29,58,85,80
optimized-guarded,4.2375e-05,9,12,30,0,0,8,1215,26,2,M_DEMO_SHELLOPEN_309B1844,9,18,30,27
optimized-guarded,6.459e-06,1,4,6,0,0,0,1216,4,2,M_DEMO_SHELLINITIALPROMPT_533D0DC4,1,2,6,4
optimized-guarded,1.9916e-05,5,4,9,0,0,5,1217,9,1,M_DEMO_SHELLSTART_EB23C688,5,10,9,9
optimized-guarded,0.0001545,31,29,63,0,0,34,1218,63,1,M_DEMO_SHELLFINISH_96C56219,31,62,63,65
optimized-guarded,2.6583e-05,6,6,11,0,0,8,1219,11,1,M_DEMO_SHELLCACHESTATUS_0F6F58DA,6,12,11,11
optimized-guarded,4.3959e-05,9,8,22,0,0,9,1220,19,3,M_DEMO_SHELLBOOTSIO_CB000C63,9,18,22,19
optimized-guarded,0.000136833,23,63,96,0,0,27,1221,91,2,M_DEMO_SHELLBOOTSTART_83789768,23,46,96,96
optimized-guarded,3.9792e-05,7,7,27,5,4,8,1222,22,4,M_DEMO_DEMONAME_3669E60C,7,15,27,22
optimized-guarded,2.8708e-05,5,8,17,3,2,6,1223,14,4,M_DEMO_DEMOTEXT_C012A5A2,5,13,17,14
optimized-guarded,8.2666e-05,11,11,29,9,4,15,1224,23,4,M_DEMO_DEMONUMBER_B404F7D0,11,43,29,23
optimized-guarded,4.5e-05,10,10,34,2,2,10,1225,28,5,M_DEMO_DEMOPRIME_7F18EBC0,10,23,34,28
optimized-guarded,0.000209125,36,24,80,31,10,47,1226,71,4,M_DEMO_DEMOCOMPUTE_108F568E,36,80,80,71
optimized-guarded,0.0001445,28,23,64,0,0,30,1227,63,2,M_DEMO_DEMOSTART_FC398735,28,56,64,63
optimized-guarded,0.000158209,33,19,43,0,0,41,1228,43,2,M_DEMO_DEMOFINISH_E4DD1D06,33,66,43,43
optimized-guarded,3.1875e-05,9,4,11,2,0,12,1229,10,1,M_DEMO_MAIN_C5B18743,9,19,11,10
raw-guarded,3.8333e-05,3,1,3,0,0,2,0,3,2,M_EXECMEMORY_VALIDBANK_E9E0A79B,3,6,3,3
raw-guarded,1.7458e-05,4,2,6,0,0,4,1,6,2,M_EXECMEMORY_VALIDOWNER_462B929A,4,8,6,6
raw-guarded,0.00015575,25,25,57,6,0,30,2,57,3,M_EXECMEMORY_ADOPT_494D3B99,25,64,57,57
raw-guarded,2.8e-05,5,14,19,0,0,4,3,19,3,M_EXECMEMORY_QUERY_D2E34F9F,5,10,19,19
raw-guarded,5.8166e-05,13,19,30,0,0,12,4,30,3,M_EXECMEMORY_RESERVEEXACT_88D3D2C8,13,26,30,30
raw-guarded,5.0584e-05,10,16,26,3,0,10,5,26,3,M_EXECMEMORY_ACQUIRE_EAA019EB,10,25,26,26
raw-guarded,6.2708e-05,15,22,35,0,0,14,6,35,3,M_EXECMEMORY_RELEASE_A6E307FC,15,30,35,35
raw-guarded,5.708e-06,1,0,1,0,0,0,7,1,1,M_EXECMEMORY_INIT_F4EA07E3,1,2,1,1
raw-guarded,1.0333e-05,1,5,9,0,0,0,8,7,2,M_EXECLISTS_NEWLIST_B3502541,1,2,9,9
raw-guarded,5.708e-06,1,1,2,0,0,0,9,1,1,M_EXECLISTS_NEWMINLIST_A2695943,1,2,2,2
raw-guarded,7.125e-06,1,3,6,0,0,0,10,5,2,M_EXECLISTS_ISLISTEMPTY_6EEB0796,1,2,6,6
raw-guarded,5.666e-06,1,1,3,0,0,0,11,2,1,M_EXECLISTS_ISMINLISTEMPTY_6D517164,1,2,3,3
raw-guarded,1.2125e-05,1,10,12,0,0,0,12,11,2,M_EXECLISTS_ADDHEAD_3AE3E6E4,1,2,12,12
raw-guarded,1.0375e-05,1,10,12,0,0,0,13,11,2,M_EXECLISTS_ADDTAIL_A1C0F364,1,2,12,12
raw-guarded,3.5208e-05,6,19,26,0,0,6,14,24,2,M_EXECLISTS_INSERT_468B11BA,6,12,26,26
raw-guarded,8.959e-06,1,8,8,0,0,0,15,8,2,M_EXECLISTS_REMOVE_2E26C2C1,1,2,8,8
raw-guarded,1.3625e-05,3,6,7,0,0,2,16,7,1,M_EXECLISTS_REMHEAD_F8063CE7,3,6,7,7
raw-guarded,1.1416e-05,3,6,7,0,0,2,17,7,1,M_EXECLISTS_REMTAIL_292EAA27,3,6,7,7
raw-guarded,3.4583e-05,6,16,20,3,0,6,18,20,3,M_EXECLISTS_ENQUEUE_763E1E61,6,17,20,20
raw-guarded,7.7959e-05,11,19,31,8,0,13,19,31,2,M_EXECLISTS_FINDNAME_2659CDBB,11,35,31,31
raw-guarded,0.000103334,12,23,40,7,0,15,20,39,3,M_TASKMEMORY_WRITABLE_FBC2061D,12,35,40,40
raw-guarded,1.7541e-05,4,3,10,0,0,4,22,10,2,M_HEAPCORE_ROUNDED_9D79FA03,4,8,10,10
raw-guarded,7.175e-05,13,20,43,0,0,19,23,43,3,M_HEAPCORE_BOUNDS_2387CB05,13,26,43,43
raw-guarded,3.3e-05,6,8,21,0,0,8,24,21,3,M_HEAPCORE_CHUNKADDRESS_A551D41B,6,12,21,21
raw-guarded,3.6e-05,7,8,21,0,0,10,25,21,3,M_HEAPCORE_NEXTADDRESS_E32592FF,7,14,21,21
raw-guarded,3.7709e-05,6,20,32,0,0,8,26,32,3,M_HEAPCORE_CHUNKEND_0E0C27CE,6,12,32,32
raw-guarded,3.7875e-05,6,14,19,2,0,7,27,19,2,M_HEAPCORE_VALIDATE_B397AD34,6,17,19,19
raw-guarded,1.6625e-05,4,5,6,0,0,4,28,6,2,M_HEAPCORE_LINK_9B47F952,4,8,6,6
raw-guarded,8.292e-06,1,5,5,0,0,0,29,5,2,M_HEAPCORE_WRITECHUNK_D768FC26,1,2,5,5
raw-guarded,4.8166e-05,6,28,45,0,0,7,30,44,3,M_HEAPCORE_SPLIT_B6117102,6,12,45,44
raw-guarded,2.6916e-05,5,6,18,0,0,6,31,18,2,M_HEAPCORE_CANDIDATE_07CF3557,5,10,18,18
raw-guarded,0.000114292,15,31,48,5,0,17,32,48,5,M_HEAPCORE_RESERVE_2192E9C0,15,38,48,48
raw-guarded,6.709e-06,1,2,3,0,0,0,33,3,2,M_HEAPCORE_ALLOCATE_E39F1AF5,1,2,3,3
raw-guarded,0.000173584,19,35,59,15,0,26,34,59,3,M_HEAPCORE_LARGEST_AA9886E8,19,57,59,59
raw-guarded,8.1083e-05,12,38,57,0,0,16,35,56,4,M_HEAPCORE_INSERTFREE_129E41BB,12,24,57,56
raw-guarded,0.0001475,19,35,58,3,0,27,36,58,5,M_HEAPCORE_RETURNRANGE_11C95A83,19,54,58,58
raw-guarded,3.9e-05,6,12,24,0,0,7,37,24,3,M_HEAPCORE_DEALLOCATE_60F97CF2,6,12,24,24
raw-guarded,5.292e-06,1,0,2,0,0,0,38,2,1,M_HEAPPOLICY_GETSTATE_9B9EAF7C,1,2,2,2
raw-guarded,7.208e-06,1,1,6,0,0,0,39,6,2,M_HEAPPOLICY_HEADER_A992FDFC,1,2,6,6
raw-guarded,4.1542e-05,6,11,23,4,0,7,40,23,2,M_HEAPPOLICY_SHUTDOWN_9E341637,6,17,23,23
raw-guarded,6.7625e-05,11,8,20,8,0,13,41,20,2,M_HEAPPOLICY_RUNS_07A33D25,11,32,20,20
raw-guarded,2.6375e-05,1,23,38,0,0,0,42,37,3,M_HEAPPOLICY_REGION_F42DC07D,1,2,38,38
raw-guarded,0.000445958,36,42,87,23,0,47,43,86,3,M_HEAPPOLICY_START_1455FA91,36,132,87,87
raw-guarded,2.9167e-05,4,5,15,2,0,4,44,15,2,M_HEAPPOLICY_INIT_69D6AA0D,4,11,15,15
raw-guarded,5.1709e-05,11,7,29,0,0,12,45,28,2,M_HEAPPOLICY_FLAGSVALID_4BF22F96,11,22,29,29
raw-guarded,3.225e-05,6,5,21,0,0,8,46,21,3,M_HEAPPOLICY_DESCRIPTOR_8971C45E,6,12,21,21
raw-guarded,0.0001355,17,33,50,7,0,25,47,48,2,M_HEAPPOLICY_VALIDATEREGIONS_C3A52ACE,17,49,50,50
raw-guarded,1.9875e-05,3,7,16,0,0,3,48,16,2,M_HEAPPOLICY_MATCHES_ACC95206,3,6,16,16
raw-guarded,0.000152834,14,20,40,5,0,17,49,38,3,M_HEAPPOLICY_RESERVE_42F2499D,14,36,40,40
raw-guarded,5.7292e-05,7,17,28,4,0,8,50,26,2,M_HEAPPOLICY_LOCATE_7B91FF59,7,20,28,28
raw-guarded,6.3333e-05,11,15,33,0,0,15,51,33,3,M_HEAPPOLICY_FREE_3EA2E1EF,11,22,33,33
raw-guarded,0.000230875,19,29,57,15,0,24,52,55,3,M_HEAPPOLICY_AVAIL_22774B2C,19,56,57,57
raw-guarded,1.5375e-05,3,4,7,0,0,2,53,7,1,M_HEAPPOLICY_MEMORYTYPE_D394B206,3,6,7,7
raw-guarded,1.8708e-05,4,4,10,0,0,4,54,10,2,M_HEAPPOLICY_VECTORBYTES_E6541B8F,4,8,10,10
raw-guarded,1.3667e-05,3,4,8,0,0,2,55,8,2,M_HEAPPOLICY_RESERVEVECTOR_C09ED6F4,3,6,8,8
raw-guarded,9.6167e-05,15,24,52,0,0,21,56,52,3,M_HEAPPOLICY_FREEVECTOR_698EC5DE,15,30,52,52
raw-guarded,5.375e-06,1,0,2,0,0,0,57,2,1,M_PROCESSSTATE_REGISTRY_559AFD20,1,2,2,2
raw-guarded,6.625e-06,1,2,4,0,0,0,58,4,1,M_BOOTCONFIG_CACHEBLOCKS_B221B0CF,1,2,4,4
raw-guarded,6.292e-06,1,2,6,0,0,0,59,6,1,M_BOOTCONFIG_STATUS_B93FBCBB,1,2,6,6
raw-guarded,5.708e-06,1,2,6,0,0,0,60,6,1,M_BOOTCONFIG_SYSTEMDRIVE_62E82846,1,2,6,6
raw-guarded,1.2083e-05,1,5,17,0,0,0,61,17,4,M_BOOTCONFIG_VALIDBLOCKS_EA50F717,1,2,17,17
raw-guarded,9.7333e-05,14,27,53,0,0,20,62,53,2,M_BOOTCONFIG_INIT_610CE665,14,28,53,53
raw-guarded,7.875e-06,1,1,6,0,0,0,69,6,2,M_TASKPOLICY_RECORDFOR_833E2B66,1,2,6,6
raw-guarded,8.291e-06,1,4,7,0,0,0,70,7,2,M_TASKPOLICY_SAVEDWORD_D1C8E663,1,2,7,7
raw-guarded,7e-06,1,3,6,0,0,0,71,6,2,M_TASKPOLICY_RESULT_DA2077E3,1,2,6,6
raw-guarded,1.1959e-05,1,5,13,0,0,0,72,13,2,M_TASKPOLICY_POINTERRESULT_E8D88610,1,2,13,13
raw-guarded,1.0209e-05,1,2,12,0,0,0,73,11,3,M_TASKPOLICY_ARGUMENTPOINTER_A19325C6,1,2,12,12
raw-guarded,6.792e-06,1,3,6,0,0,0,74,6,1,M_TASKPOLICY_FLAGS_56B3B4FF,1,2,6,6
raw-guarded,9.458e-06,1,4,12,0,0,0,75,12,2,M_TASKPOLICY_PROTECTED_FCDCE808,1,2,12,12
raw-guarded,5.2958e-05,11,13,31,0,0,12,76,30,3,M_TASKPOLICY_LOOKUP_41F6D1E4,11,22,31,31
raw-guarded,6.083e-06,1,2,3,0,0,0,77,3,2,M_TASKPOLICY_WRITABLE_0565D862,1,2,3,3
raw-guarded,0.000101709,15,16,42,6,0,19,78,42,3,M_TASKPOLICY_AVAILABLERECORD_80983EA0,15,39,42,42
raw-guarded,1.4667e-05,1,9,19,0,0,0,79,17,3,M_TASKPOLICY_EMPTYMEMORY_C893BDB0,1,2,19,19
raw-guarded,4.6917e-05,7,9,15,4,0,8,80,15,2,M_TASKPOLICY_VALIDENTRY_58BA8A58,7,21,15,15
raw-guarded,0.000100583,14,28,51,4,0,16,81,51,4,M_TASKPOLICY_STACKSLOT_2A322EEA,14,42,51,51
raw-guarded,4.3459e-05,5,22,35,3,0,6,82,35,4,M_TASKPOLICY_PREPARESTACK_1A1C583B,5,13,35,35
raw-guarded,4.3916e-05,4,25,43,2,0,4,83,43,3,M_TASKPOLICY_PREPAREDOMAIN_45DA3401,4,11,43,43
raw-guarded,5.4916e-05,7,20,41,2,0,8,84,41,2,M_TASKPOLICY_PREPAREFRAME_D5FF2FA0,7,17,41,41
raw-guarded,1.7917e-05,3,7,8,0,0,3,85,8,2,M_TASKPOLICY_SETSTATE_52D88FAF,3,6,8,8
raw-guarded,8.875e-06,1,5,7,0,0,0,86,7,2,M_TASKPOLICY_READY_679992F5,1,2,7,7
raw-guarded,1.4333e-05,1,12,17,0,0,0,87,17,2,M_TASKPOLICY_INITSIGNALS_5C831CB9,1,2,17,17
raw-guarded,2.6584e-05,1,30,42,0,0,0,88,39,2,M_TASKPOLICY_ADMIT_CF1671AB,1,2,42,39
raw-guarded,3.0958e-05,4,10,23,2,0,4,89,23,2,M_TASKPOLICY_INITRESIDENTSTORAGE_FCEF7175,4,11,23,23
raw-guarded,7.625e-05,8,51,77,2,0,8,90,77,3,M_TASKPOLICY_INIT_57A5FAC8,8,19,77,77
raw-guarded,6.667e-06,1,2,2,0,0,0,91,2,1,M_TASKPOLICY_TIMEDCOUNT_C3B59E74,1,2,2,2
raw-guarded,1.8417e-05,4,5,10,0,0,4,92,8,2,M_TASKPOLICY_ADJUSTTIMED_DDC1BE1E,4,8,10,8
raw-guarded,4.3166e-05,7,11,20,5,0,9,93,20,2,M_TASKPOLICY_WAKE_9E9C7518,7,20,20,20
raw-guarded,6.0791e-05,12,12,25,0,0,13,94,24,2,M_TASKPOLICY_SELECT_1A709B3E,12,24,25,25
raw-guarded,3.4292e-05,8,12,20,0,0,8,95,20,3,M_TASKPOLICY_SWITCH_98522C9E,8,16,20,20
raw-guarded,1.6041e-05,1,10,24,0,0,0,96,24,3,M_TASKPOLICY_EMPTYSIGNALS_EA2224E4,1,2,24,24
raw-guarded,0.000112125,17,44,69,0,0,20,97,69,4,M_TASKPOLICY_ADD_A5E7C92B,17,34,69,69
raw-guarded,0.000292666,24,79,140,9,0,35,98,139,4,M_TASKPOLICY_CREATE_EE96600A,24,65,140,141
raw-guarded,0.0001365,20,43,75,0,0,27,99,74,2,M_TASKPOLICY_REMOVETASK_35F29A21,20,40,75,74
raw-guarded,4.2041e-05,8,9,20,3,0,8,100,20,2,M_TASKPOLICY_SAMENAME_968CD62D,8,21,20,20
raw-guarded,5.9583e-05,10,15,24,5,0,11,101,24,2,M_TASKPOLICY_FIND_0D9A09D7,10,28,24,24
raw-guarded,2.075e-05,3,9,18,0,0,2,102,18,3,M_TASKPOLICY_PRIORITY_7FE7EE8A,3,6,18,18
raw-guarded,3.6458e-05,7,20,31,0,0,6,103,31,3,M_TASKPOLICY_SLEEPTASK_6A909BCC,7,14,31,31
raw-guarded,1.2375e-05,1,5,12,0,0,0,104,12,3,M_TASKPOLICY_MASKRESULT_220A6FAB,1,2,12,12
raw-guarded,6.25e-06,1,1,4,0,0,0,105,4,2,M_TASKPOLICY_SIGNALBIT_7E52F9EF,1,2,4,4
raw-guarded,9.3417e-05,13,21,38,3,0,16,106,38,3,M_TASKPOLICY_ALLOCATEBIT_A349E154,13,33,38,38
raw-guarded,0.000103584,15,39,61,0,0,16,107,60,3,M_TASKPOLICY_MASKS_49833CE1,15,30,61,61
raw-guarded,2.1792e-05,5,7,11,0,0,4,108,11,2,M_TASKPOLICY_COMPLETEWAIT_31FB45E4,5,10,11,11
raw-guarded,2.7875e-05,5,11,20,0,0,4,109,20,2,M_TASKPOLICY_WAITTASK_AD94C4A2,5,10,20,20
raw-guarded,1.5917e-05,3,6,9,0,0,2,110,9,3,M_TASKPOLICY_POSTSIGNAL_10773240,3,6,9,9
raw-guarded,3.6417e-05,7,15,24,0,0,6,111,24,2,M_TASKPOLICY_SIGNALTASK_806F80F5,7,14,24,24
raw-guarded,1.3375e-05,3,3,4,0,0,3,117,4,1,M_TASKPOLICY_CANCELWAKE_8ADC984A,3,6,4,4
raw-guarded,3.3333e-05,9,8,15,0,0,9,118,15,2,M_TASKPOLICY_DRAINONE_68E56764,9,18,15,15
raw-guarded,3.3334e-05,7,5,11,4,0,8,119,11,1,M_TASKPOLICY_DRAINWAKES_15F017CB,7,19,11,11
raw-guarded,2.85e-05,9,4,14,0,0,8,120,14,2,M_TASKPOLICY_PRODUCERBINDING_1B8E711F,9,18,14,14
raw-guarded,7.7333e-05,12,14,25,7,0,15,121,25,2,M_TASKPOLICY_BOUNDPRODUCER_6D7B4E54,12,36,25,25
raw-guarded,5.5458e-05,9,10,20,6,0,11,122,20,2,M_TASKPOLICY_PRODUCERSIGNALBOUND_5677CF48,9,27,20,20
raw-guarded,0.000468042,55,97,166,0,0,74,123,166,3,M_TASKPOLICY_PRODUCERCONTROL_52F9499B,55,110,166,166
raw-guarded,1.0958e-05,1,4,11,0,0,0,124,11,3,M_TASKPOLICY_MEMORYSERVICE_7FAD083C,1,2,11,11
raw-guarded,5.4375e-05,9,14,27,0,0,12,125,27,3,M_TASKPOLICY_MEMORYPACKET_B36B55BB,9,18,27,27
raw-guarded,0.000127583,18,34,62,0,0,24,126,57,3,M_TASKPOLICY_MEMORYCALL_E7816C43,18,36,62,57
raw-guarded,7.75e-06,1,2,5,0,0,0,127,5,2,M_TASKPOLICY_PORTSERVICE_8D598BCC,1,2,5,5
raw-guarded,7.875e-06,1,3,5,0,0,0,128,5,1,M_TASKPOLICY_INITPORTS_2CB7E92A,1,2,5,5
raw-guarded,1.4167e-05,3,2,9,0,0,2,129,9,2,M_TASKPOLICY_PORTSTORAGE_D3468DA2,3,6,9,9
raw-guarded,2.9083e-05,8,7,12,0,0,8,130,12,1,M_TASKPOLICY_VALIDPORT_7710F985,8,16,12,12
raw-guarded,1.9167e-05,4,3,15,0,0,4,131,15,2,M_TASKPOLICY_VALIDMESSAGE_C0DE7739,4,8,15,15
raw-guarded,7.5459e-05,13,19,32,0,0,15,132,32,2,M_TASKPOLICY_SENDMESSAGE_7332557D,13,26,32,32
raw-guarded,5.4125e-05,11,16,29,0,0,13,133,27,2,M_TASKPOLICY_PORTHEAD_A12A0751,11,22,29,29
raw-guarded,6.175e-05,12,20,33,0,0,12,134,33,2,M_TASKPOLICY_PORTDELETE_CF47DFE6,12,24,33,33
raw-guarded,7.5458e-05,14,24,42,0,0,14,135,39,2,M_TASKPOLICY_REGISTRYCALL_6B5FFB7F,14,28,42,42
raw-guarded,4.7333e-05,9,21,30,0,0,8,136,29,4,M_TASKPOLICY_QUEUECALL_62B0545B,9,18,30,30
raw-guarded,8.2292e-05,14,32,52,0,0,15,137,51,4,M_TASKPOLICY_PORTCALL_70989793,14,28,52,52
raw-guarded,7.708e-06,1,2,5,0,0,0,138,5,2,M_TASKPOLICY_IOSERVICE_1E6CF653,1,2,5,5
raw-guarded,1.6083e-05,1,16,21,0,0,0,139,21,2,M_TASKPOLICY_INITIONAMES_D8642B1E,1,2,21,21
raw-guarded,4.4208e-05,7,12,33,0,0,9,140,33,2,M_TASKPOLICY_INITIO_35D5D1E4,7,14,33,33
raw-guarded,2.4459e-05,5,8,18,0,0,4,141,17,2,M_TASKPOLICY_IOEXTENT_9818C08A,5,10,18,18
raw-guarded,1.7042e-05,3,6,10,0,0,3,142,10,2,M_TASKPOLICY_IOERROR_9413450C,3,6,10,10
raw-guarded,1.1041e-05,3,3,5,0,0,2,143,5,2,M_TASKPOLICY_IONAME_8B922013,3,6,5,5
raw-guarded,2.7542e-05,7,9,20,0,0,6,144,19,2,M_TASKPOLICY_IOBOUND_33A4879E,7,14,20,20
raw-guarded,5.2375e-05,11,19,41,0,0,11,145,41,2,M_TASKPOLICY_IOOPEN_15F8E966,11,22,41,41
raw-guarded,8.8583e-05,14,23,49,0,0,20,146,47,2,M_TASKPOLICY_IOOPENTEST_C4ABA6E6,14,28,49,48
raw-guarded,1.7792e-05,3,11,16,0,0,2,147,16,4,M_TASKPOLICY_IOCOMPLETE_88BA0BF3,3,6,16,16
raw-guarded,1.7e-05,3,11,18,0,0,2,148,18,3,M_TASKPOLICY_IOWAITOWNER_63A51E9E,3,6,18,18
raw-guarded,3.9125e-05,9,18,28,0,0,9,149,28,3,M_TASKPOLICY_IOCOLLECT_D169FE6C,9,18,28,28
raw-guarded,6.3458e-05,10,34,59,0,0,11,150,58,3,M_TASKPOLICY_IOENQUEUE_EC975914,10,20,59,59
raw-guarded,4.5834e-05,10,15,25,0,0,12,151,25,3,M_TASKPOLICY_IOBEGIN_A0C610B5,10,20,25,25
raw-guarded,7.6417e-05,13,23,44,0,0,17,152,43,3,M_TASKPOLICY_IOTESTBEGIN_2E780855,13,26,44,44
raw-guarded,3.925e-05,9,16,32,0,0,8,153,32,3,M_TASKPOLICY_IOABORT_1EC95CFC,9,18,32,32
raw-guarded,6.2917e-05,12,19,33,0,0,14,154,33,2,M_TASKPOLICY_IOWORKERCONTROL_3D43EE5B,12,24,33,33
raw-guarded,2.5667e-05,5,12,19,0,0,5,155,18,2,M_TASKPOLICY_IOCLAIM_E59988BA,5,10,19,19
raw-guarded,8.3916e-05,18,26,43,0,0,18,156,43,4,M_TASKPOLICY_IOTEST_D46D842E,18,36,43,43
raw-guarded,3.4166e-05,6,19,26,0,0,6,157,25,3,M_TASKPOLICY_IOTESTFINISH_35E02F77,6,12,26,26
raw-guarded,0.000117875,20,39,68,0,0,22,158,65,4,M_TASKPOLICY_IOCALL_78031962,20,40,68,68
raw-guarded,0.000163875,28,35,71,0,0,38,159,71,4,M_TASKPOLICY_IOREQUESTCALL_7ACD78BD,28,56,71,71
raw-guarded,7.3709e-05,15,26,40,0,0,15,160,37,3,M_TASKPOLICY_IOSETTLEDCALL_042AE5B9,15,30,40,39
raw-guarded,5.7792e-05,11,14,46,0,0,13,161,45,3,M_TASKPOLICY_LEASESTORAGE_C3092E33,11,22,46,46
raw-guarded,4.2042e-05,7,9,17,5,0,9,162,17,2,M_TASKPOLICY_APPLICATIONCOUNT_B3468565,7,21,17,17
raw-guarded,4.6375e-05,9,10,20,5,0,11,163,20,2,M_TASKPOLICY_NOTIFYRESIDENTS_D29836FE,9,25,20,20
raw-guarded,4.625e-05,11,20,33,0,0,12,164,32,2,M_TASKPOLICY_RETAIN_6B38DA95,11,22,33,32
raw-guarded,4.4041e-05,11,20,34,0,0,12,165,33,2,M_TASKPOLICY_RELEASE_25BFE7A9,11,22,34,33
raw-guarded,6.5959e-05,8,15,23,0,0,10,166,23,2,M_TASKPOLICY_REGISTER_6BEAF001,8,16,23,23
raw-guarded,0.000162708,20,36,68,0,0,28,167,68,3,M_TASKPOLICY_LIFETIMECALL_A2B2E727,20,40,68,68
raw-guarded,1.3125e-05,1,2,7,0,0,0,168,7,2,M_TASKPOLICY_DOSSLOTFOR_362EB215,1,2,7,7
raw-guarded,9.959e-06,1,7,9,0,0,0,169,9,2,M_TASKPOLICY_DOSRESET_224DFB33,1,2,9,9
raw-guarded,2.1084e-05,3,11,18,0,0,2,170,18,2,M_TASKPOLICY_DOSCANREMOVE_DB41E74E,3,6,18,18
raw-guarded,2.4375e-05,5,10,14,0,0,4,171,13,2,M_TASKPOLICY_DOSCURRENT_4399DFDB,5,10,14,14
raw-guarded,6.4666e-05,7,20,48,4,0,8,172,47,4,M_TASKPOLICY_DOSINIT_97B41A44,7,21,48,48
raw-guarded,1.3083e-05,1,7,15,0,0,0,173,14,2,M_TASKPOLICY_DOSWORKERBOUND_DB9BCF66,1,2,15,15
raw-guarded,1.6083e-05,3,4,8,0,0,3,174,7,2,M_TASKPOLICY_DOSREMOVED_D36757B2,3,6,8,8
raw-guarded,3.9708e-05,4,20,30,2,0,4,175,29,3,M_TASKPOLICY_DOSPREPARE_61B1CC0D,4,11,30,30
raw-guarded,9.3084e-05,12,22,38,3,0,15,176,37,4,M_TASKPOLICY_DOSADMIT_DEA63DC3,12,32,38,38
raw-guarded,4.4417e-05,8,19,32,0,0,8,177,32,3,M_TASKPOLICY_DOSCONTROL_C7F82CE3,8,16,32,32
raw-guarded,8.709e-06,1,2,5,0,0,0,178,5,2,M_TASKPOLICY_PROCESSFOR_0276CBEE,1,2,5,5
raw-guarded,1.3625e-05,1,8,16,0,0,0,179,16,3,M_TASKPOLICY_SLOTFREE_73C36B44,1,2,16,16
raw-guarded,2.4292e-05,4,5,10,2,0,4,180,9,2,M_TASKPOLICY_PROCESSCLEAR_BCDB987A,4,11,10,10
raw-guarded,2.0375e-05,4,4,10,2,0,4,181,10,2,M_TASKPOLICY_PROCESSINIT_C857F965,4,11,10,10
raw-guarded,1.4166e-05,1,6,17,0,0,0,182,17,3,M_TASKPOLICY_PROCESSRECORDAVAILABLE_0E5B31EF,1,2,17,17
raw-guarded,1.6916e-05,1,7,24,0,0,0,183,23,3,M_TASKPOLICY_PROCESSRESIDENT_478DA1B5,1,2,24,24
raw-guarded,4.5917e-05,8,8,21,3,0,8,184,21,2,M_TASKPOLICY_VALIDPROCESSENTRY_D56EBBFD,8,21,21,21
raw-guarded,0.000183209,22,55,98,3,0,26,185,96,2,M_TASKPOLICY_PROCESSRESERVE_23A33DDB,22,49,98,97
raw-guarded,5.5e-05,8,12,21,5,0,10,186,19,2,M_TASKPOLICY_PROCESSOWNED_DDA89718,8,24,21,21
raw-guarded,5.9833e-05,9,14,24,6,0,12,187,23,2,M_TASKPOLICY_PROCESSFIND_A9822214,9,28,24,24
raw-guarded,2.7083e-05,6,10,17,0,0,6,188,16,2,M_TASKPOLICY_PROCESSCURRENT_78571A20,6,12,17,17
raw-guarded,0.00013,20,58,91,0,0,25,189,90,4,M_TASKPOLICY_PROCESSLAUNCH_8314A6C0,20,40,91,91
raw-guarded,6.2e-05,9,22,41,4,0,10,190,39,3,M_TASKPOLICY_PROCESSCANREMOVE_140447A5,9,26,41,41
raw-guarded,1.8542e-05,3,10,15,0,0,2,191,14,2,M_TASKPOLICY_PROCESSREMOVED_46C99271,3,6,15,15
raw-guarded,2.3792e-05,1,22,44,0,0,0,192,44,3,M_TASKPOLICY_PROCESSSTORAGEEMPTY_D996E6A7,1,2,44,44
raw-guarded,0.0004125,59,63,120,0,0,79,193,110,2,M_TASKPOLICY_PROCESSCHANGE_3BBD0041,59,118,120,113
raw-guarded,1.1375e-05,1,8,10,0,0,0,194,9,3,M_TASKPOLICY_PROCESSCONTROL_6911FE90,1,2,10,10
raw-guarded,0.000103167,16,20,50,10,0,20,199,50,2,M_TASKPOLICY_INPUTINIT_B07DD496,16,47,50,50
raw-guarded,6.375e-06,1,0,4,0,0,0,200,4,1,M_TASKPOLICY_KEYBOARDBINDING_7A2395A8,1,2,4,4
raw-guarded,3.958e-06,1,0,1,0,0,0,201,1,1,M_TASKPOLICY_KEYBOARDCLAIM_2C621EDB,1,2,1,1
raw-guarded,2.917e-06,1,0,0,0,0,0,202,0,0,M_TASKPOLICY_KEYBOARDRELEASE_69338836,1,2,0,0
raw-guarded,4.208e-06,1,0,4,0,0,0,203,4,1,M_TASKPOLICY_POINTERBINDING_D35CECAC,1,2,4,4
raw-guarded,3.375e-06,1,0,1,0,0,0,204,1,1,M_TASKPOLICY_POINTERCLAIM_44D64EBF,1,2,1,1
raw-guarded,2.708e-06,1,0,0,0,0,0,205,0,0,M_TASKPOLICY_POINTERRELEASE_E1BB47AA,1,2,0,0
raw-guarded,2.2083e-05,4,4,10,2,0,4,206,10,2,M_TASKPOLICY_CONSOLEINIT_02CC0011,4,11,10,10
raw-guarded,1.3209e-05,1,9,14,0,0,0,207,13,1,M_TASKPOLICY_CONSOLENAMES_B9E6EA95,1,2,14,14
raw-guarded,6.75e-06,1,1,6,0,0,0,208,6,2,M_TASKPOLICY_CONSOLENAME_0C46F590,1,2,6,6
raw-guarded,6.333e-06,1,2,5,0,0,0,209,5,2,M_TASKPOLICY_CONSOLEDEVICE_34497CA3,1,2,5,5
raw-guarded,0.000293292,49,36,113,0,0,66,210,113,2,M_TASKPOLICY_REQUESTVALID_195CAC51,49,98,113,113
raw-guarded,0.000202625,37,48,92,0,0,39,211,84,3,M_TASKPOLICY_ROUTE_3006B749,37,74,92,84
raw-guarded,4.4083e-05,9,11,19,0,0,11,212,19,2,M_TASKPOLICY_FINISHDISPATCH_46CD5A79,9,18,19,19
raw-guarded,0.000115667,21,45,74,0,0,23,213,73,5,M_TASKPOLICY_DISPATCH_2D7B283C,21,42,74,73
raw-guarded,6.75e-06,1,3,3,0,0,0,246,3,2,M_TASKSTACKS_STACKLOWER_64542B4C,1,2,3,3
raw-guarded,5.042e-06,1,3,3,0,0,0,247,3,2,M_TASKSTACKS_STACKUPPER_7AF4EA13,1,2,3,3
raw-guarded,7.8458e-05,13,16,37,0,0,16,251,37,3,M_CONSOLECORE_EXTENT_83D9960B,13,26,37,37
raw-guarded,4.7791e-05,3,10,13,0,0,3,252,13,2,M_CONSOLECORE_CELLOFFSET_711520EE,3,6,13,13
raw-guarded,3.3584e-05,4,10,17,2,0,4,253,17,3,M_CONSOLECORE_CLEAN_3E747584,4,11,17,17
raw-guarded,2.5334e-05,5,10,16,0,0,6,254,15,2,M_CONSOLECORE_CHANGED_16194333,5,10,16,15
raw-guarded,4.2291e-05,7,22,34,0,0,9,255,33,3,M_CONSOLECORE_MARKROW_74F1B9FE,7,14,34,33
raw-guarded,0.00010375,13,33,45,6,0,16,256,45,4,M_CONSOLECORE_DIRTY_4A63B073,13,36,45,45
raw-guarded,7.1e-05,12,31,47,0,0,15,257,46,3,M_CONSOLECORE_PRESENTED_91E62DC9,12,24,47,46
raw-guarded,0.000117667,14,34,59,4,0,18,258,59,4,M_CONSOLECORE_INIT_F63331F9,14,37,59,59
raw-guarded,4.5333e-05,8,25,36,0,0,9,259,35,3,M_CONSOLECORE_EDITRETAINED_2E59361D,8,16,36,35
raw-guarded,1.3417e-05,3,6,8,0,0,2,260,8,3,M_CONSOLECORE_EDITQUANTUM_E6CDEC54,3,6,8,8
raw-guarded,1.9917e-05,4,12,19,0,0,4,261,17,3,M_CONSOLECORE_NEWLINE_97A73E23,4,8,19,17
raw-guarded,9.0709e-05,17,19,39,0,0,23,262,34,2,M_CONSOLECORE_CONTROL_7E220524,17,34,39,34
raw-guarded,0.0003815,35,84,117,27,0,51,263,117,4,M_CONSOLECORE_FEEDINTO_F0C48569,35,95,117,117
raw-guarded,7.792e-06,1,3,4,0,0,0,264,4,3,M_CONSOLECORE_FEED_287D49E7,1,2,4,4
raw-guarded,2.0916e-05,3,11,15,0,0,3,265,14,4,M_CONSOLECORE_FEEDBATCH_FBB9A7C1,3,6,15,14
raw-guarded,7.0209e-05,9,29,42,5,0,12,266,42,5,M_CONSOLECORE_BATCHDAMAGE_51FD9990,9,27,42,42
raw-guarded,4.459e-06,1,0,1,0,0,0,267,1,1,M_CONSOLEBATCH_GET_1DDD9652,1,2,1,1
raw-guarded,8.2542e-05,12,28,47,2,0,17,268,47,3,M_CONSOLEBATCH_BEGIN_A348F06D,12,27,47,47
raw-guarded,3.8042e-05,9,8,18,0,0,12,269,17,2,M_CONSOLEBATCH_DUE_DFFF17C0,9,18,18,18
raw-guarded,3.2959e-05,6,15,25,0,0,7,270,25,4,M_CONSOLEBATCH_FEED_F2D299EE,6,12,25,25
raw-guarded,1.8208e-05,5,4,7,0,0,5,271,7,2,M_CONSOLEBATCH_PUBLISH_28F83695,5,10,7,7
raw-guarded,4.125e-06,1,0,0,0,0,0,272,0,0,M_CONSOLEBATCH_RESET_8C5BFDE1,1,2,0,0
raw-guarded,2.75e-05,4,19,36,0,0,4,273,36,3,M_DISPLAY_VALID_AD4A9CEB,4,8,36,36
raw-guarded,4.041e-06,1,1,1,0,0,0,274,1,1,M_DISPLAY_STATE_1869A6F2,1,2,1,1
raw-guarded,3.291e-06,1,1,1,0,0,0,275,1,1,M_DISPLAY_KIND_52F443B1,1,2,1,1
raw-guarded,0.000120291,21,29,61,0,0,28,276,61,2,M_DISPLAY_ACQUIRE_D4F205A1,21,42,61,61
raw-guarded,1.6083e-05,5,2,5,0,0,4,277,5,1,M_DISPLAY_CHECK_D0D668F5,5,10,5,5
raw-guarded,1.3875e-05,4,3,6,0,0,4,278,6,1,M_DISPLAY_ACTIVATE_FA0B49D8,4,8,6,6
raw-guarded,1.6916e-05,5,4,8,0,0,6,279,8,1,M_DISPLAY_BEGINRELEASE_D060B9F5,5,10,8,8
raw-guarded,2.3791e-05,6,6,14,0,0,7,280,14,2,M_DISPLAY_RELEASE_49E3CB4A,6,12,14,14
raw-guarded,9.541e-06,3,2,4,0,0,2,281,4,1,M_DISPLAY_FAULT_17A2F7BD,3,6,4,4
raw-guarded,4.75e-06,1,0,2,0,0,0,283,2,1,M_CONSOLEBITMAP_GETBINDING_4C301254,1,2,2,2
raw-guarded,5.041e-06,1,2,3,0,0,0,284,3,1,M_CONSOLEBITMAP_ENABLED_B5633DC6,1,2,3,3
raw-guarded,4.208e-06,1,2,3,0,0,0,285,3,1,M_CONSOLEBITMAP_FAILED_26B87568,1,2,3,3
raw-guarded,5.25e-05,9,15,34,0,0,14,286,34,3,M_CONSOLEBITMAP_BIND_37A88456,9,18,34,34
raw-guarded,6.083e-06,1,2,4,0,0,0,287,3,1,M_CONSOLEBITMAP_GETPACKET_5A801E1D,1,2,4,4
raw-guarded,7.5542e-05,13,19,40,0,0,17,288,39,2,M_CONSOLEBITMAP_RUN_859D3E7A,13,26,40,40
raw-guarded,2.3083e-05,5,5,14,0,0,4,289,14,2,M_CONSOLEBITMAP_OPEN_C85D6197,5,10,14,14
raw-guarded,6e-06,1,0,3,0,0,0,290,3,1,M_CONSOLEBITMAP_CLOSE_9D29479F,1,2,3,3
raw-guarded,3.709e-06,1,1,1,0,0,0,291,1,1,M_CONSOLEBITMAP_MASK_8BB047A7,1,2,1,1
raw-guarded,1.225e-05,1,10,13,0,0,0,292,13,2,M_CONSOLEBITMAP_FILL_0D7F3514,1,2,13,13
raw-guarded,1.2459e-05,1,10,17,0,0,0,293,17,2,M_CONSOLEBITMAP_TEXT_D480A0BE,1,2,17,17
raw-guarded,1.7625e-05,1,17,27,0,0,0,294,27,2,M_CONSOLEBITMAP_TEXTCARET_18ADBDA7,1,2,27,27
raw-guarded,5.1833e-05,7,28,54,0,0,8,295,54,3,M_CONSOLEBITMAP_SCROLL_377D53B8,7,14,54,54
raw-guarded,3.916e-06,1,1,1,0,0,0,296,1,1,M_CONSOLEBITMAP_PENDING_D6383590,1,2,1,1
raw-guarded,2.75e-05,8,3,10,0,0,9,297,10,2,M_CONSOLEBITMAP_POLL_6E3B6F9E,8,16,10,10
raw-guarded,4.417e-06,1,0,2,0,0,0,298,2,1,M_CONSOLEWINDOWS_REGISTRY_F9AAFFE0,1,2,2,2
raw-guarded,6.375e-06,1,4,7,0,0,0,299,7,2,M_CONSOLEWINDOWS_LIVE_CF72384F,1,2,7,7
raw-guarded,1.9542e-05,4,7,16,0,0,4,300,16,3,M_CONSOLEWINDOWS_FIND_07AFDE1C,4,8,16,16
raw-guarded,4.0458e-05,7,10,22,4,0,8,301,22,2,M_CONSOLEWINDOWS_BOUND_2C2AAE27,7,20,22,22
raw-guarded,5.925e-05,10,20,39,3,0,10,302,37,3,M_CONSOLEWINDOWS_RESERVE_27D75673,10,27,39,38
raw-guarded,2.3792e-05,5,10,17,0,0,6,303,17,2,M_CONSOLEWINDOWS_RETIRED_09D5DC06,5,10,17,17
raw-guarded,0.000126959,23,35,59,0,0,30,304,57,3,M_CONSOLEWINDOWS_RUNNABLE_B9919222,23,46,59,59
raw-guarded,8.9625e-05,16,25,43,5,0,18,305,43,2,M_CONSOLEWINDOWS_TAKE_9FD09734,16,35,43,43
raw-guarded,3.5125e-05,8,6,20,0,0,10,316,20,4,M_INPUT_SHAPE_12014EFC,8,16,20,20
raw-guarded,2.8375e-05,5,8,30,0,0,4,317,30,3,M_INPUT_EXTENT_FA4C9281,5,10,30,30
raw-guarded,8.542e-06,1,3,9,0,0,0,318,8,3,M_INPUT_FILTERVALID_D26629FB,1,2,9,9
raw-guarded,0.000292458,45,81,143,0,0,62,319,143,2,M_INPUT_CHECKCONFIG_58BFFC0D,45,90,143,143
raw-guarded,1.2791e-05,3,1,7,0,0,2,320,7,2,M_INPUT_SOURCESTATE_ED5DBA81,3,6,7,7
raw-guarded,4.1084e-05,8,8,16,3,0,8,321,15,2,M_INPUT_SHARED_40B1C6BE,8,21,16,16
raw-guarded,1.5458e-05,4,1,6,0,2,4,322,6,2,M_INPUT_SOURCEOF_A387FC4D,4,8,6,6
raw-guarded,1.0958e-05,3,1,8,0,0,2,323,8,2,M_INPUT_CAPTURE_307447C1,3,6,8,8
raw-guarded,0.000107291,16,39,62,0,0,26,324,60,2,M_INPUT_VALID_32EBD3E5,16,32,62,62
raw-guarded,1.0708e-05,1,5,13,0,0,0,325,13,4,M_INPUT_ROUTEVALID_38FC4B26,1,2,13,13
raw-guarded,0.000161875,22,43,76,8,0,26,326,76,3,M_INPUT_REFERENCED_138D8154,22,56,76,76
raw-guarded,0.000329292,29,68,118,7,0,33,327,114,4,M_INPUT_ACQUIRE_69C538CF,29,79,118,118
raw-guarded,9.7667e-05,12,21,40,3,0,12,328,39,4,M_INPUT_CREATEROUTE_F78B5B60,12,29,40,39
raw-guarded,4.2375e-05,9,10,19,0,0,10,329,19,2,M_INPUT_PUBLISHROUTE_D1782DE9,9,18,19,19
raw-guarded,3.2834e-05,7,10,21,0,0,6,330,21,3,M_INPUT_RETIREROUTE_2881C61B,7,14,21,21
raw-guarded,2.9958e-05,8,7,14,0,0,8,331,14,2,M_INPUT_DISCARD_ACB1BF45,8,16,14,14
raw-guarded,8.3542e-05,13,20,39,0,0,17,332,39,2,M_INPUT_PENDING_94D4AB06,13,26,39,39
raw-guarded,1.8041e-05,3,6,15,0,0,2,333,15,2,M_INPUT_POINTERDELTAVALID_367584F0,3,6,15,15
raw-guarded,3.8167e-05,7,16,32,0,0,6,334,32,3,M_INPUT_POINTERCOORDINATE_C979CE22,7,14,32,32
raw-guarded,0.000458708,36,122,193,10,0,50,335,187,5,M_INPUT_POINTERREAD_16C85D8C,36,93,193,193
raw-guarded,0.000166166,21,43,86,4,0,26,336,86,3,M_INPUT_TAKE_28320780,21,45,86,86
raw-guarded,0.0001145,15,28,56,4,0,17,337,55,3,M_INPUT_RELEASE_78D4EBB0,15,37,56,56
raw-guarded,6.25e-06,1,0,1,0,0,0,338,1,1,M_CONSOLECAPTURE_GETLEASE_6E44FE9A,1,2,1,1
raw-guarded,8.25e-06,1,0,7,0,0,0,339,7,2,M_CONSOLECAPTURE_ACQUIRE_39D4E6A8,1,2,7,7
raw-guarded,3.4958e-05,6,6,16,2,0,7,340,16,2,M_CONSOLECAPTURE_RELEASE_DD04AD8D,6,15,16,16
raw-guarded,1.3708e-05,3,1,5,0,0,3,341,5,2,M_CONSOLECAPTURE_PUBLISH_C5573D67,3,6,5,5
raw-guarded,5.075e-05,7,12,24,5,0,9,342,24,3,M_CONSOLECAPTURE_CLEARUNIT_43522FE3,7,21,24,24
raw-guarded,5.333e-06,1,0,2,0,0,0,343,2,1,M_CONSOLEFOREGROUND_REGISTRY_ABF9F388,1,2,2,2
raw-guarded,0.000132583,16,30,55,14,0,22,344,55,3,M_CONSOLEFOREGROUND_RECLAIM_59B58C70,16,51,55,55
raw-guarded,8.1833e-05,10,27,48,4,0,12,345,48,3,M_CONSOLEFOREGROUND_ALLOCATE_F1C749CC,10,27,48,48
raw-guarded,1.5834e-05,3,7,10,0,0,2,346,10,2,M_CONSOLEFOREGROUND_REGISTER_0F2DE106,3,6,10,10
raw-guarded,2.9583e-05,5,9,20,0,0,6,347,20,3,M_CONSOLEFOREGROUND_UNREGISTER_54DD2BA5,5,10,20,20
raw-guarded,5.1792e-05,6,23,33,4,0,7,348,33,3,M_CONSOLEFOREGROUND_RETIREUNBOUNDBREAKS_24224B11,6,17,33,33
raw-guarded,7.625e-05,12,31,50,0,0,14,349,46,3,M_CONSOLEFOREGROUND_BEGIN_4DD9FFD0,12,24,50,50
raw-guarded,8.7959e-05,12,29,47,4,0,16,350,45,3,M_CONSOLEFOREGROUND_END_65D34F46,12,29,47,47
raw-guarded,0.000202875,19,63,96,5,0,25,351,90,3,M_CONSOLEFOREGROUND_HANDOFF_CB9B2D39,19,44,96,96
raw-guarded,3.8208e-05,6,10,21,0,0,6,352,21,3,M_CONSOLEFOREGROUND_RESOLVE_9B8D664B,6,12,21,21
raw-guarded,3.9625e-05,6,10,14,0,0,7,353,13,2,M_CONSOLEFOREGROUND_NOTIFYONE_981F2C18,6,12,14,14
raw-guarded,9.458e-06,1,5,7,0,0,0,354,5,1,M_CONSOLEFOREGROUND_NOTIFY_A30EB7D0,1,2,7,7
raw-guarded,6.8333e-05,11,21,37,0,0,12,355,35,3,M_CONSOLEFOREGROUND_DELIVER_8D52BBDC,11,22,37,37
raw-guarded,1.125e-05,1,8,11,0,0,0,356,11,2,M_CONSOLEINPUT_INIT_5076ECFA,1,2,11,11
raw-guarded,7.208e-06,1,4,7,0,0,0,357,7,2,M_CONSOLEINPUT_LOSE_42C88EE3,1,2,7,7
raw-guarded,1.9875e-05,3,8,14,0,0,3,358,13,2,M_CONSOLEINPUT_CLEAR_3DEF4D2B,3,6,14,14
raw-guarded,0.000320208,39,52,98,0,0,45,359,98,2,M_CONSOLEINPUT_DECODE_A428056C,39,78,98,98
raw-guarded,4.3083e-05,8,20,31,0,0,8,360,30,3,M_CONSOLEINPUT_DELIVER_8B43A137,8,16,31,30
raw-guarded,0.000183209,20,25,55,17,0,29,361,52,3,M_CONSOLEINPUT_PUMP_600356CC,20,62,55,55
raw-guarded,2.8375e-05,5,5,12,0,0,6,362,12,2,M_CONSOLEINPUT_SERVICE_4560B6F3,5,10,12,12
raw-guarded,6.5625e-05,11,23,38,3,0,13,363,37,4,M_CONSOLEINPUT_READ_9E7D5EC6,11,26,38,37
raw-guarded,9.292e-06,3,0,2,0,0,2,364,2,1,M_CONSOLEDISPLAY_WIDTH_10C212F0,3,6,2,2
raw-guarded,7.417e-06,3,0,2,0,0,2,365,2,1,M_CONSOLEDISPLAY_HEIGHT_F3C514AD,3,6,2,2
raw-guarded,1.2458e-05,3,4,7,0,0,2,367,7,2,M_CONSOLEDISPLAY_GLYPH_DCC4F92E,3,6,7,7
raw-guarded,0.000139125,22,32,60,3,0,28,368,60,2,M_CONSOLEDISPLAY_LISTVALID_C50FC922,22,53,60,60
raw-guarded,7.4542e-05,17,16,30,0,0,24,369,30,2,M_CONSOLEDISPLAY_VALIDATE_33E36106,17,34,30,30
raw-guarded,6.2583e-05,12,24,40,0,0,16,370,40,3,M_CONSOLEDISPLAY_GEOMETRY_B00D0334,12,24,40,40
raw-guarded,0.000124042,18,59,105,0,0,21,371,101,3,M_CONSOLEDISPLAY_CLAIM_0FF5CDD8,18,36,105,103
raw-guarded,4.975e-05,9,24,44,0,0,10,372,42,3,M_CONSOLEDISPLAY_RELEASE_C2AC22C5,9,18,44,42
raw-guarded,8.625e-06,1,3,7,0,0,0,373,7,2,M_CONSOLEDISPLAY_POSITION_5668E3AD,1,2,7,7
raw-guarded,1.8084e-05,3,12,18,0,0,2,374,18,3,M_CONSOLEDISPLAY_CURSORPOSITION_6D01F173,3,6,18,18
raw-guarded,9.7334e-05,14,57,84,0,0,17,375,84,5,M_CONSOLEDISPLAY_CURSOR_3EC7579C,14,28,84,84
raw-guarded,0.000484625,33,151,235,24,0,47,376,235,7,M_CONSOLEDISPLAY_CELLS_40A0DF53,33,96,235,235
raw-guarded,5.875e-05,8,33,52,0,0,9,377,51,5,M_CONSOLEDISPLAY_REMOVECURSOR_56933EEC,8,16,52,52
raw-guarded,0.000142125,18,34,64,7,0,22,378,64,5,M_CONSOLEDISPLAY_ERASE_7308FAA4,18,47,64,64
raw-guarded,0.000112,17,34,55,0,0,28,379,55,3,M_CONSOLEDISPLAY_BEGINBATCH_E8453865,17,34,55,55
raw-guarded,2.7333e-05,3,20,23,0,0,3,380,23,2,M_CONSOLEDISPLAY_FLUSHBATCH_36B2DD3C,3,6,23,23
raw-guarded,6.5916e-05,9,30,48,0,0,13,381,46,3,M_CONSOLEDISPLAY_DISCARDBATCH_161CED78,9,18,48,48
raw-guarded,7.9708e-05,12,30,46,0,0,16,382,45,3,M_CONSOLEDISPLAY_PRESENTBATCH_DC8CCBC5,12,24,46,46
raw-guarded,0.000152333,23,48,72,0,0,33,383,71,3,M_CONSOLEDISPLAY_BITMAPEDIT_EF95A6DB,23,46,72,73
raw-guarded,0.000181583,25,65,95,0,0,40,384,93,3,M_CONSOLEDISPLAY_BITMAPCOMPLETE_8FE2FF3C,25,50,95,95
raw-guarded,4.2333e-05,10,2,10,0,0,14,385,10,1,M_CONSOLEDISPLAY_POLL_204D6C85,10,20,10,10
raw-guarded,5.084e-06,1,1,1,0,0,0,386,1,1,M_CONSOLEDISPLAY_COMPLETIONREADY_755EF473,1,2,1,1
raw-guarded,0.000237292,31,93,136,0,0,44,387,135,5,M_CONSOLEDISPLAY_ADVANCE_74F2C1A4,31,62,136,135
raw-guarded,0.000219958,29,67,113,3,0,41,388,113,4,M_CONSOLEDISPLAY_EDIT_379C99EA,29,63,113,113
raw-guarded,0.000174958,28,46,73,0,0,39,389,73,3,M_CONSOLEDISPLAY_PRESENT_E192ED9F,28,56,73,73
raw-guarded,1.5375e-05,3,4,6,0,0,3,390,6,2,M_CONSOLEDISPLAY_QUANTUM_5F98A18D,3,6,6,6
raw-guarded,2.425e-05,6,3,6,0,0,6,391,5,2,M_CONSOLECONTROL_APPLY_DCB506BB,6,12,6,5
raw-guarded,5.0792e-05,9,17,32,0,0,11,392,30,2,M_CONSOLECONTROL_PROCESS_46BB287E,9,18,32,32
raw-guarded,9.5583e-05,14,33,50,2,0,18,393,48,2,M_CONSOLECONTROL_SUBMIT_2C979A45,14,29,50,50
raw-guarded,6e-06,1,0,2,0,0,0,395,2,1,M_CONSOLEDRIVER_GETSERVICE_BEE5E55D,1,2,2,2
raw-guarded,4.375e-06,1,0,2,0,0,0,396,2,1,M_CONSOLEDRIVER_GETINSTANCE_7919D405,1,2,2,2
raw-guarded,2.65e-05,5,5,12,0,0,7,397,12,1,M_CONSOLEDRIVER_SCREENWIDTH_857AD658,5,10,12,12
raw-guarded,2.1917e-05,5,5,12,0,0,7,398,12,1,M_CONSOLEDRIVER_SCREENHEIGHT_C12F3455,5,10,12,12
raw-guarded,0.000154084,14,14,41,5,0,16,399,41,3,M_CONSOLEDRIVER_MAPPED_DAA6A481,14,37,41,41
raw-guarded,9.2958e-05,17,24,53,0,0,19,400,53,3,M_CONSOLEDRIVER_VALIDATE_72D30322,17,34,53,53
raw-guarded,2.9875e-05,5,9,16,0,0,4,401,14,2,M_CONSOLEDRIVER_BOUND_DEB813D0,5,10,16,16
raw-guarded,7.5416e-05,13,22,34,3,0,15,402,30,2,M_CONSOLEDRIVER_IDLE_F6EAB10E,13,31,34,34
raw-guarded,2.3916e-05,5,6,11,0,0,5,403,11,2,M_CONSOLEDRIVER_RETAINOPENER_B80DF9C6,5,10,11,11
raw-guarded,0.000142125,20,34,70,0,0,27,404,67,2,M_CONSOLEDRIVER_OPEN_434F52B0,20,40,70,70
raw-guarded,5.0542e-05,7,19,36,0,0,9,405,34,2,M_CONSOLEDRIVER_CLOSE_60C60326,7,14,36,36
raw-guarded,1.6e-05,4,4,7,0,0,4,406,7,1,M_CONSOLEDRIVER_COMPLETE_39781A87,4,8,7,7
raw-guarded,0.000113875,22,25,58,0,0,25,407,58,3,M_CONSOLEDRIVER_IMMEDIATE_01EBE21F,22,44,58,58
raw-guarded,0.000113917,13,34,54,0,0,15,408,51,2,M_CONSOLEDRIVER_BEGINIO_76358745,13,26,54,54
raw-guarded,7.5708e-05,13,26,41,0,0,16,409,36,2,M_CONSOLEDRIVER_ABORTIO_EFA380E8,13,26,41,41
raw-guarded,1.1875e-05,1,5,10,0,0,0,410,7,2,M_CONSOLEDRIVER_CLAIMWRITE_0313F299,1,2,10,10
raw-guarded,3.1792e-05,6,11,18,0,0,8,411,16,2,M_CONSOLEDRIVER_FINISHWRITE_E8555190,6,12,18,18
raw-guarded,2.5042e-05,5,10,16,0,0,6,412,14,2,M_CONSOLEDRIVER_FINISHREAD_49C55BD3,5,10,16,16
raw-guarded,0.000129958,21,30,56,0,0,28,413,50,2,M_CONSOLEDRIVER_ARRIVAL_EC6B7DA9,21,42,56,55
raw-guarded,7.5625e-05,12,9,25,5,0,15,414,25,2,M_CONSOLEDRIVER_RUNNABLE_F91A82EB,12,32,25,25
raw-guarded,7.917e-06,1,3,4,0,0,0,415,4,1,M_CONSOLEDRIVER_STATE_C6409A7F,1,2,4,4
raw-guarded,2.5042e-05,4,12,14,2,0,4,416,13,2,M_CONSOLEDRIVER_NOTIFY_2C61AA6D,4,9,14,14
raw-guarded,2.8792e-05,5,13,27,0,0,4,417,27,3,M_CONSOLEDRIVER_PREPAREWAITER_2678D1F7,5,10,27,27
raw-guarded,1.5292e-05,3,3,7,0,0,3,418,7,1,M_CONSOLEDRIVER_FREEWAITER_5FC08D72,3,6,7,7
raw-guarded,1.0375e-05,1,7,10,0,0,0,419,8,2,M_CONSOLEDRIVER_WAITCHANGE_4E83E195,1,2,10,10
raw-guarded,0.000124083,15,46,83,6,0,18,420,79,3,M_CONSOLEDRIVER_ADMITWORKER_8B81C455,15,37,83,82
raw-guarded,0.0001065,18,31,54,3,0,24,421,54,3,M_CONSOLEDRIVER_START_3E6AAC44,18,37,54,54
raw-guarded,8.1167e-05,13,15,28,7,0,15,422,27,2,M_CONSOLEDRIVER_ALLIDLE_23B19503,13,38,28,28
raw-guarded,2.9334e-05,7,8,13,0,0,8,423,13,1,M_CONSOLEDRIVER_REQUESTSTOP_763F8D8B,7,14,13,13
raw-guarded,5.3916e-05,10,13,25,3,0,12,424,25,2,M_CONSOLEDRIVER_STOP_093D3500,10,21,25,25
raw-guarded,1.6292e-05,3,5,10,0,0,3,425,10,1,M_CONSOLEDRIVER_RETIREWORKER_09E7B3B9,3,6,10,10
raw-guarded,0.000119625,16,45,69,0,0,25,426,68,3,M_CONSOLEDRIVER_BATCHWRITE_60F6B557,16,32,69,68
raw-guarded,0.000417292,50,108,164,0,0,70,427,162,3,M_CONSOLEDRIVER_WRITEQUANTUM_3CD4DB9C,50,100,164,163
raw-guarded,0.000127417,20,34,55,0,0,27,428,54,3,M_CONSOLEDRIVER_READQUANTUM_10EBF725,20,40,55,55
raw-guarded,0.000187792,24,50,95,2,0,29,429,93,5,M_CONSOLEDRIVER_INITIALIZE_D6CB2592,24,49,95,95
raw-guarded,4.975e-05,7,24,35,0,0,9,430,35,2,M_CONSOLEDRIVER_FREESTORAGE_02676B4B,7,14,35,35
raw-guarded,9.041e-06,1,2,7,0,0,0,431,7,4,M_CONSOLEDRIVER_COLLECT_102291BE,1,2,7,7
raw-guarded,0.000773209,64,97,179,38,0,93,432,175,3,M_CONSOLEDRIVER_WORKER_589B3ABC,64,144,179,179
raw-guarded,3.3083e-05,5,15,27,0,0,4,434,25,2,M_PORTCORE_CREATEMSGPORT_A47550A3,5,10,27,27
raw-guarded,1.5042e-05,3,4,8,0,0,2,435,7,2,M_PORTCORE_DELETEMSGPORT_9136F7C6,3,6,8,8
raw-guarded,5.8e-05,8,17,57,0,0,8,443,54,3,M_SIODRIVER_BOUND_DC2366E0,8,16,57,57
raw-guarded,0.000128583,17,32,72,0,0,25,444,69,3,M_SIODRIVER_OPEN_9AA3F320,17,34,72,70
raw-guarded,3.1167e-05,4,16,29,0,0,5,445,26,2,M_SIODRIVER_CLOSE_01A37B96,4,8,29,27
raw-guarded,4.8291e-05,9,17,30,0,0,11,446,30,2,M_SIODRIVER_BEGINIO_E1378755,9,18,30,30
raw-guarded,2.3208e-05,5,9,18,0,0,4,447,18,2,M_SIODRIVER_ABORTIO_689758F8,5,10,18,18
raw-guarded,5.5125e-05,10,14,26,0,0,15,448,26,2,M_SIODRIVER_TRYCANCEL_BDB03575,10,20,26,26
raw-guarded,3.9291e-05,7,14,25,0,0,9,449,24,2,M_SIODRIVER_CLAIM_64B130D4,7,14,25,25
raw-guarded,4.9125e-05,10,9,25,0,0,14,450,25,1,M_SIODRIVER_ACTIVATE_5F9BFB05,10,20,25,25
raw-guarded,5.2667e-05,9,21,36,0,0,12,451,35,2,M_SIODRIVER_FINISH_D94C5F1F,9,18,36,36
raw-guarded,2.4125e-05,6,10,13,0,0,8,452,13,1,M_SIODRIVER_REAP_531B42EA,6,12,13,13
raw-guarded,1.8666e-05,4,7,13,0,0,5,453,13,1,M_SIODRIVER_STATE_C8F9434F,4,8,13,13
raw-guarded,5.791e-06,1,2,2,0,0,0,454,2,1,M_SIODRIVER_UNAVAILABLE_B7013E26,1,2,2,2
raw-guarded,2.2e-05,4,12,13,2,0,4,455,13,2,M_SIODRIVER_NOTIFY_7F90C49D,4,9,13,13
raw-guarded,2.7625e-05,5,13,27,0,0,4,456,27,3,M_SIODRIVER_PREPAREWAITER_A5456107,5,10,27,27
raw-guarded,1.4084e-05,3,4,8,0,0,3,457,8,1,M_SIODRIVER_FREEWAITER_3A54C422,3,6,8,8
raw-guarded,8.709e-06,1,7,8,0,0,0,458,8,2,M_SIODRIVER_WAITCHANGE_D2A1FD05,1,2,8,8
raw-guarded,0.0001245,15,45,78,5,0,17,459,76,3,M_SIODRIVER_ADMITWORKER_05019805,15,36,78,77
raw-guarded,0.000106958,18,32,56,3,0,24,460,56,3,M_SIODRIVER_START_4928F5B4,18,37,56,56
raw-guarded,7.9625e-05,14,23,45,2,0,20,461,45,2,M_SIODRIVER_STOP_B26AF28A,14,29,45,45
raw-guarded,3.7958e-05,5,14,33,0,0,6,462,33,3,M_SIODRIVER_STOPPING_28442DD8,5,10,33,33
raw-guarded,1.6084e-05,3,4,9,0,0,3,463,9,1,M_SIODRIVER_RETIREWORKER_47CA3A29,3,6,9,9
raw-guarded,9.8625e-05,14,14,41,5,0,16,464,41,3,M_SIODRIVER_SIOMAPPED_D1D9A9D6,14,37,41,41
raw-guarded,4.2959e-05,10,18,35,0,0,10,465,35,3,M_SIODRIVER_PAYLOADLENGTH_9F5C9B06,10,20,35,35
raw-guarded,0.000171042,32,39,82,0,0,37,466,81,2,M_SIODRIVER_SIOVALIDATE_7D355271,32,64,82,82
raw-guarded,8.4583e-05,12,14,36,4,0,16,467,36,2,M_SIODRIVER_DEADLINETICKS_83CDA5CA,12,31,36,36
raw-guarded,8.125e-05,10,44,62,4,0,13,468,62,3,M_SIODRIVER_PREPARE_D10BF723,10,25,62,62
raw-guarded,9.1083e-05,17,12,34,0,0,23,469,34,3,M_SIODRIVER_HARDWAREINIT_3568BDA6,17,34,34,34
raw-guarded,0.000101625,16,22,40,2,0,19,470,39,2,M_SIODRIVER_RUNREQUEST_4500BA50,16,33,40,40
raw-guarded,8.4042e-05,13,17,39,5,0,16,471,38,3,M_SIODRIVER_WORKER_374ADF8C,13,29,39,39
raw-guarded,4.1584e-05,8,9,17,3,0,8,472,17,3,M_SIODRIVER_MATCHES_AEE1C237,8,21,17,17
raw-guarded,2.0833e-05,5,4,11,0,0,4,473,11,2,M_IORESIDENT_BOUND_C1F0BA89,5,10,11,11
raw-guarded,2.4542e-05,5,10,17,0,0,4,474,17,4,M_IORESIDENT_OPEN_6086F993,5,10,17,17
raw-guarded,1.725e-05,5,4,9,0,0,4,475,9,2,M_IORESIDENT_CLOSE_FE2B0633,5,10,9,9
raw-guarded,1.5917e-05,5,4,9,0,0,4,476,9,2,M_IORESIDENT_BEGINIO_914C855C,5,10,9,9
raw-guarded,1.5083e-05,5,4,9,0,0,4,477,9,2,M_IORESIDENT_ABORTIO_0DA61711,5,10,9,9
raw-guarded,4.0625e-05,6,13,25,0,0,7,484,25,5,M_IOCORE_OPENDEVICE_A2787528,6,12,25,25
raw-guarded,2.5875e-05,5,6,16,0,0,6,485,16,2,M_IOCORE_CLOSEDEVICE_667F761E,5,10,16,16
raw-guarded,0.000122458,20,26,51,0,0,28,486,51,2,M_IOCORE_SUBMIT_5D7CB97A,20,40,51,51
raw-guarded,6.959e-06,1,1,2,0,0,0,487,2,1,M_IOCORE_BEGINIO_FAB52593,1,2,2,2
raw-guarded,6e-06,1,1,2,0,0,0,488,2,1,M_IOCORE_SENDIO_CA4E16BA,1,2,2,2
raw-guarded,2.6708e-05,5,6,16,0,0,6,489,16,2,M_IOCORE_ABORTIO_125E3726,5,10,16,16
raw-guarded,0.000120458,7,13,26,0,0,8,492,25,2,M_IOCORE_CREATEIOREQUEST_DE10015D,7,14,26,26
raw-guarded,1.6375e-05,3,4,8,0,0,2,493,7,2,M_IOCORE_DELETEIOREQUEST_93A87E78,3,6,8,8
raw-guarded,6.667e-06,1,1,2,0,0,0,495,2,1,M_IOCORE_START_4033F51A,1,2,2,2
raw-guarded,2.7667e-05,4,5,18,2,0,4,496,18,2,M_IOCORE_WAITIO_8CA35F61,4,11,18,18
raw-guarded,1.8042e-05,3,4,12,0,0,2,497,12,2,M_IOCORE_DOIO_173DC4A1,3,6,12,12
raw-guarded,0.0002045,23,27,54,9,0,29,498,51,2,M_CONSOLETILING_LOCK_D1C61C32,23,59,54,54
raw-guarded,6.5375e-05,10,12,27,4,0,13,499,27,2,M_CONSOLETILING_UNLOCK_9D80F64D,10,27,27,27
raw-guarded,1.9834e-05,3,5,12,0,0,2,500,11,3,M_CONSOLETILING_OWNED_E442B6FE,3,6,12,12
raw-guarded,4.6625e-05,8,20,33,0,0,10,501,31,3,M_CONSOLETILING_SELECT_D724C265,8,16,33,33
raw-guarded,0.000105583,14,25,50,5,0,17,502,47,3,M_CONSOLETILING_HIDELOCKED_54ED13CF,14,37,50,49
raw-guarded,0.00033075,28,80,126,11,0,36,503,121,3,M_CONSOLETILING_SHOW_26065EE8,28,72,126,125
raw-guarded,2.1625e-05,5,3,8,0,0,4,504,8,1,M_CONSOLETILING_HIDE_B9E54D0B,5,10,8,8
raw-guarded,2.8375e-05,7,7,14,0,0,6,505,13,1,M_CONSOLETILING_FOCUS_1EF2C0A5,7,14,14,14
raw-guarded,4.709e-06,1,0,1,0,0,0,506,1,1,M_CONSOLE_SCREENWIDTH_02A0531A,1,2,1,1
raw-guarded,3.375e-06,1,0,1,0,0,0,507,1,1,M_CONSOLE_SCREENHEIGHT_21CB6DFB,1,2,1,1
raw-guarded,4.4875e-05,9,18,28,0,0,12,508,26,2,M_CONSOLE_FREEINSTANCE_35A7F9E7,9,18,28,28
raw-guarded,0.000365792,36,70,132,5,0,50,509,125,5,M_CONSOLE_CREATE_AA57C2F6,36,77,132,131
raw-guarded,9.6833e-05,17,26,47,0,0,20,510,44,2,M_CONSOLE_DESTROY_8B3B48E8,17,34,47,46
raw-guarded,7.459e-06,1,3,4,0,0,0,511,4,3,M_CONSOLE_SHOW_21D86251,1,2,4,4
raw-guarded,4.875e-06,1,1,2,0,0,0,512,2,1,M_CONSOLE_HIDE_EC93B70A,1,2,2,2
raw-guarded,4.375e-06,1,1,2,0,0,0,513,2,1,M_CONSOLE_FOCUS_1C4A8DCE,1,2,2,2
raw-guarded,4.334e-06,1,0,2,0,0,0,516,2,1,M_DOSCORE_GETREGISTRY_D528A1F7,1,2,2,2
raw-guarded,2.7625e-05,1,13,51,0,0,0,517,51,3,M_FSOPERATION_CANCELLABLE_CAA34525,1,2,51,51
raw-guarded,7.3083e-05,12,33,47,0,0,16,518,42,2,M_FSOPERATION_PREPARE_EA34E162,12,24,47,46
raw-guarded,7.1083e-05,12,35,58,0,0,14,519,55,3,M_FSOPERATION_AUTHORITY_2081E9D0,12,24,58,58
raw-guarded,3.6667e-05,9,8,14,0,0,11,520,14,1,M_FSOPERATION_CANCELED_56B92A04,9,18,14,14
raw-guarded,3.075e-05,8,8,14,0,0,9,521,13,2,M_FSOPERATION_CLAIM_4C8DDFC1,8,16,14,14
raw-guarded,5.5e-05,10,20,33,0,0,14,522,31,3,M_FSOPERATION_REQUEST_3F73D6DE,10,20,33,33
raw-guarded,9.2125e-05,13,21,29,5,0,16,523,27,2,M_FSOPERATION_UNLINK_B5280A26,13,37,29,29
raw-guarded,3.6667e-05,9,11,19,0,0,11,524,18,2,M_FSOPERATION_REPLYREADY_532E4DE6,9,18,19,19
raw-guarded,2e-05,4,10,13,0,0,5,525,13,2,M_FSOPERATION_COLLECT_397028AF,4,8,13,13
raw-guarded,0.000121084,18,31,54,13,0,25,526,52,2,M_FSOPERATION_PUMP_B18C8A95,18,44,54,54
raw-guarded,6.125e-06,1,2,3,0,0,0,527,3,1,M_DOSCLIENT_IOERR_BF9E8A97,1,2,3,3
raw-guarded,7.667e-06,1,5,6,0,0,0,528,6,2,M_DOSCLIENT_SETIOERR_93E1A287,1,2,6,6
raw-guarded,5.541e-06,1,2,3,0,0,0,529,3,2,M_DOSCLIENT_SETERROR_F2B11A26,1,2,3,3
raw-guarded,3.8542e-05,5,29,46,0,0,4,530,42,2,M_DOSCLIENT_NEWCLIENT_41735729,5,10,46,46
raw-guarded,4.2708e-05,10,17,26,0,0,11,531,25,2,M_DOSCLIENT_ENSURESLOT_00C71048,10,20,26,26
raw-guarded,4.417e-06,1,0,2,0,0,0,532,2,1,M_DOSCLIENT_ENSURE_1859B044,1,2,2,2
raw-guarded,2.1291e-05,5,8,10,0,0,6,533,10,2,M_DOSCLIENT_CLEARSELECTIONS_93A1D5D6,5,10,10,10
raw-guarded,0.000192333,28,56,91,0,0,41,534,88,2,M_DOSCLIENT_RELEASECONTEXT_90CB2A06,28,56,91,91
raw-guarded,4.2875e-05,9,16,24,0,0,13,535,23,2,M_DOSCLIENT_CHECKREPLY_4530772C,9,18,24,24
raw-guarded,0.000302792,35,67,114,7,0,50,536,111,4,M_DOSCLIENT_CALL_35DB3B22,35,71,114,114
raw-guarded,6.3292e-05,9,15,22,3,0,10,537,19,2,M_DOSOBJECTS_FIND_2E898C70,9,26,22,22
raw-guarded,2.1792e-05,3,13,18,0,0,3,538,15,2,M_DOSOBJECTS_LINK_9FA00D0F,3,6,18,17
raw-guarded,9.1417e-05,12,26,37,3,0,15,539,33,2,M_DOSOBJECTS_UNLINK_C978FCF4,12,35,37,36
raw-guarded,8.959e-06,1,2,8,0,0,0,540,7,2,M_BLOCKCACHE_METADATABYTES_EA4C1D98,1,2,8,8
raw-guarded,5.2791e-05,8,26,52,0,0,8,541,51,3,M_BLOCKCACHE_CREATE_BA82E51A,8,16,52,52
raw-guarded,3.475e-05,3,14,23,0,0,2,542,22,2,M_BLOCKCACHE_DESTROY_EB1A5F0C,3,6,23,23
raw-guarded,5.7583e-05,10,16,25,6,0,13,543,25,2,M_BLOCKCACHE_INVALIDATE_4E66AC31,10,27,25,25
raw-guarded,2.5083e-05,3,13,26,0,0,3,544,26,2,M_BLOCKCACHE_SETINDEX_5318FF18,3,6,26,26
raw-guarded,9.1417e-05,10,23,34,7,0,14,545,34,2,M_BLOCKCACHE_FIND_1946044D,10,32,34,34
raw-guarded,4.7458e-05,8,16,23,4,0,9,546,23,8,M_BLOCKCACHE_FORGET_8D9AE1E1,8,21,23,23
raw-guarded,2.75e-05,4,9,15,2,0,4,547,13,4,M_BLOCKCACHE_COPY_EC1E9165,4,11,15,15
raw-guarded,7.584e-06,1,3,6,0,0,0,548,6,2,M_BLOCKCACHE_PAYLOAD_A5530E46,1,2,6,6
raw-guarded,9.775e-05,14,33,58,0,0,19,549,56,8,M_BLOCKCACHE_READ_6E9EB2D8,14,28,58,56
raw-guarded,0.000109459,11,51,73,4,0,15,550,72,5,M_BLOCKCACHE_STOREPART_C61D91FE,11,31,73,72
raw-guarded,3.0708e-05,6,15,21,0,0,6,551,21,5,M_BLOCKCACHE_STORE_364610B1,6,12,21,21
raw-guarded,0.0001025,18,13,38,0,0,26,552,38,2,M_BLOCKIO_GEOMETRY_4529DFEE,18,36,38,38
raw-guarded,3.3917e-05,9,9,17,0,0,10,553,17,2,M_BLOCKIO_SECTORBYTES_B8369631,9,18,17,17
raw-guarded,0.000113708,16,15,44,5,0,18,554,44,3,M_BLOCKIO_MAPPED_A9EEA713,16,41,44,44
raw-guarded,4.6041e-05,9,19,40,0,0,10,555,36,3,M_BLOCKIO_CREATE_DF5BA086,9,18,40,40
raw-guarded,2.7917e-05,6,13,22,0,0,6,556,20,2,M_BLOCKIO_DESTROY_0CC5CBD8,6,12,22,22
raw-guarded,1.0791e-05,1,11,11,0,0,0,557,11,1,M_BLOCKIO_DEVICENAME_55BC3EC3,1,2,11,11
raw-guarded,3.5125e-05,5,24,39,0,0,4,558,35,4,M_BLOCKIO_OPENVOLUME_36B90798,5,10,39,38
raw-guarded,4.8625e-05,10,22,37,0,0,13,559,32,2,M_BLOCKIO_DETACH_FC4FFB83,10,20,37,36
raw-guarded,6.667e-06,1,2,3,0,0,0,560,3,2,M_BLOCKIO_DISCARDBUFFER_3EED9C90,1,2,3,3
raw-guarded,5.667e-06,1,2,3,0,0,0,561,3,1,M_BLOCKIO_INVALIDATE_E4DCC90F,1,2,3,3
raw-guarded,3.8041e-05,5,12,17,0,0,6,562,17,2,M_BLOCKIO_CACHED_7ABF0DB0,5,10,17,17
raw-guarded,9.667e-06,1,9,9,0,0,0,563,9,2,M_BLOCKIO_PUBLISH_42B93901,1,2,9,9
raw-guarded,1.8875e-05,1,18,28,0,0,0,564,28,3,M_BLOCKIO_PREPARE_810BFFA1,1,2,28,28
raw-guarded,4.7291e-05,10,20,33,0,0,10,565,33,2,M_BLOCKIO_COMPLETE_80F6A54F,10,20,33,33
raw-guarded,4.2041e-05,8,17,28,0,0,8,566,27,2,M_BLOCKIO_CHECK_A5B41A2A,8,16,28,28
raw-guarded,4.1e-05,7,37,46,0,0,6,567,46,5,M_BLOCKIO_BEGINFETCH_6B9D7F07,7,14,46,46
raw-guarded,7.7458e-05,11,47,62,3,0,13,568,62,5,M_BLOCKIO_BEGINSTORE_D38E59E4,11,25,62,62
raw-guarded,2.9834e-05,4,25,32,0,0,4,569,32,5,M_BLOCKIO_FINISHFETCH_D55D2AA5,4,8,32,32
raw-guarded,7.459e-06,1,4,5,0,0,0,570,5,4,M_BLOCKIO_FINISHSTORE_0115A3DE,1,2,5,5
raw-guarded,2.875e-05,4,9,16,2,0,4,571,14,4,M_FSCORE_COPYENTRY_48DFB26E,4,11,16,16
raw-guarded,1.3958e-05,1,14,20,0,0,0,572,20,2,M_FSCORE_BEGINOPERATION_525CBD4F,1,2,20,20
raw-guarded,2.125e-05,4,19,21,0,0,4,573,21,3,M_FSCORE_FINISHOPERATION_46633DF1,4,8,21,21
raw-guarded,3.375e-05,10,6,12,0,0,12,574,12,1,M_FS83_LEGAL_57119700,10,20,12,12
raw-guarded,1.4708e-05,4,4,7,0,0,4,575,7,1,M_FS83_FOLD_0A64C6B8,4,8,7,7
raw-guarded,9.7e-05,16,16,27,9,0,21,576,27,2,M_FS83_STORED_D2BF7200,16,45,27,27
raw-guarded,5.575e-05,10,15,23,5,0,11,577,23,3,M_FS83_MATCH_C3E96F9C,10,29,23,23
raw-guarded,7.1834e-05,10,30,45,3,0,10,578,44,2,M_FS83_STARTRESOLVE_ED05839D,10,21,45,44
raw-guarded,0.000270958,29,45,77,14,0,40,579,75,3,M_FS83_COMPONENT_3DA5FCEA,29,90,77,75
raw-guarded,5.5625e-05,11,18,35,0,0,14,580,33,2,M_FS83_SELECTMATCH_2C823C16,11,22,35,33
raw-guarded,3.1625e-05,7,12,22,0,0,8,581,22,2,M_FS83_CHOOSE_D3525E62,7,14,22,22
raw-guarded,0.000135625,25,34,70,0,0,38,582,70,2,M_FSNAMES_STREAM_12DD2A4A,25,50,70,70
raw-guarded,3.1167e-05,6,8,20,0,0,6,583,20,3,M_FSNAMES_MAPPED_324F42A3,6,12,20,20
raw-guarded,0.000307708,30,29,69,23,0,39,584,69,2,M_FSNAMES_PATH_CFBF830F,30,98,69,69
raw-guarded,1.975e-05,3,7,17,0,0,2,585,17,2,M_FSNAMES_SYSTEM_7AF4AE7D,3,6,17,17
raw-guarded,4.8208e-05,8,12,26,4,0,8,586,26,3,M_FSNAMES_VALIDALIAS_36EB4E14,8,23,26,26
raw-guarded,1.0125e-05,1,3,11,0,0,0,587,11,3,M_DOSSTREAMS_VALIDMODE_6A43AE29,1,2,11,11
raw-guarded,2.6458e-05,7,4,13,0,0,6,588,13,2,M_DOSSTREAMS_VALIDBUFFER_D67D80FE,7,14,13,13
raw-guarded,2.3e-05,3,11,22,0,0,2,589,20,2,M_DOSSTREAMS_OPENNIL_7EDE8F17,3,6,22,22
raw-guarded,2.325e-05,5,7,14,0,0,4,590,14,2,M_DOSSTREAMS_TRANSFERNIL_E7EA5C2C,5,10,14,14
raw-guarded,2.0084e-05,3,7,16,0,0,3,591,14,2,M_DOSSTREAMS_CLOSENIL_3520E24B,3,6,16,16
raw-guarded,2.3e-05,4,9,12,2,0,4,592,10,2,M_DOSPIPE_WAKE_206F5695,4,11,12,12
raw-guarded,5.1833e-05,9,16,21,3,0,10,593,19,2,M_DOSPIPE_UNWAIT_23BF06C3,9,25,21,21
raw-guarded,0.000117042,15,35,80,0,0,19,594,71,2,M_DOSPIPE_CREATE_3311B233,15,30,80,80
raw-guarded,7.2e-05,12,23,42,0,0,14,595,37,2,M_DOSPIPE_CLONE_F42CC55A,12,24,42,40
raw-guarded,7.625e-05,13,23,44,0,0,18,596,40,3,M_DOSPIPE_DISCARD_EA487971,13,26,44,42
raw-guarded,1.9959e-05,3,6,15,0,0,3,597,14,2,M_DOSPIPE_CLOSE_E3C2D505,3,6,15,15
raw-guarded,0.000902334,57,114,223,38,2,78,598,219,4,M_DOSPIPE_TRANSFER_59D539F6,57,159,223,221
raw-guarded,6e-06,1,0,2,0,0,0,599,2,1,M_DOSRAW_GETREGISTRY_976423CC,1,2,2,2
raw-guarded,8.042e-06,1,1,8,0,0,0,600,8,3,M_DOSRAW_UNITREGISTRY_DD0D5704,1,2,8,8
raw-guarded,0.000120209,16,23,41,11,0,21,601,41,3,M_DOSRAW_UNIT_B2527969,16,47,41,41
raw-guarded,6.9667e-05,10,23,37,5,0,12,602,36,3,M_DOSRAW_LIVE_14427091,10,28,37,37
raw-guarded,2.35e-05,1,28,33,0,0,0,603,33,2,M_DOSRAW_INITIALIZE_D871F7B7,1,2,33,33
raw-guarded,5.917e-06,1,2,2,0,0,0,604,2,1,M_DOSRAW_ROLLBACK_4A7594F5,1,2,2,2
raw-guarded,0.000132375,19,41,78,0,0,21,605,71,4,M_DOSRAW_ACQUIRE_CC49A145,19,38,78,76
raw-guarded,4.2125e-05,5,20,36,0,0,4,606,32,2,M_DOSRAW_OPENSIZED_F1E27B78,5,10,36,36
raw-guarded,6.209e-06,1,2,3,0,0,0,607,3,2,M_DOSRAW_OPEN_5F7F2547,1,2,3,3
raw-guarded,5.2e-05,8,6,18,0,0,9,608,18,2,M_DOSRAW_VALIDEXTENT_84EF7CCB,8,16,18,18
raw-guarded,3.2708e-05,7,9,16,0,0,9,609,14,2,M_DOSRAW_RELEASEOPERATION_C2E80557,7,14,16,15
raw-guarded,0.000134417,20,51,80,0,0,24,610,76,3,M_DOSRAW_PREPARE_F51F1B68,20,40,80,79
raw-guarded,2.4125e-05,3,15,20,0,0,3,611,19,3,M_DOSRAW_FINISH_BB47E14C,3,6,20,20
raw-guarded,0.000149666,22,34,66,0,0,32,612,65,3,M_DOSRAW_COMPLETE_0FD428DA,22,44,66,66
raw-guarded,2.225e-05,5,7,13,0,0,4,613,11,2,M_DOSRAW_RETAIN_4DF2DE08,5,10,13,12
raw-guarded,4.1583e-05,8,18,33,0,0,8,614,29,2,M_DOSRAW_RELEASEENDPOINT_3E946265,8,16,33,32
raw-guarded,5.05e-05,9,17,35,0,0,10,615,31,2,M_DOSRAW_CLOSESIZED_2208AD92,9,18,35,35
raw-guarded,6.416e-06,1,2,3,0,0,0,616,3,2,M_DOSRAW_CLOSE_4F38859D,1,2,3,3
raw-guarded,1.3292e-05,3,5,8,0,0,3,617,7,2,M_COOKEDLINE_FREEHISTORY_E31E705E,3,6,8,8
raw-guarded,1.275e-05,3,8,11,0,0,3,618,11,2,M_COOKEDLINE_RESETHISTORY_27C90F73,3,6,11,11
raw-guarded,6.792e-06,1,2,6,0,0,0,619,6,2,M_COOKEDLINE_HISTORYSLOT_205258CE,1,2,6,6
raw-guarded,0.000282416,31,59,95,10,2,41,620,93,3,M_COOKEDLINE_REMEMBER_E39B9025,31,85,95,93
raw-guarded,0.000153875,22,60,93,3,0,27,621,91,3,M_COOKEDLINE_RECALL_089A5861,22,48,93,91
raw-guarded,1.6458e-05,1,16,22,0,0,0,622,22,2,M_COOKEDLINE_INIT_553F5E46,1,2,22,22
raw-guarded,1.5167e-05,3,3,9,0,0,3,623,8,2,M_COOKEDLINE_CREATE_35929826,3,6,9,9
raw-guarded,2.5417e-05,6,8,15,0,0,6,624,14,2,M_COOKEDLINE_DESTROY_77CB15F8,6,12,15,15
raw-guarded,1.6625e-05,4,6,11,0,0,4,625,10,2,M_COOKEDLINE_RETAIN_F54817A1,4,8,11,10
raw-guarded,3.425e-05,7,13,25,0,0,9,626,23,2,M_COOKEDLINE_RELEASE_68B6E005,7,14,25,24
raw-guarded,1.4583e-05,4,5,8,0,0,4,627,8,2,M_COOKEDLINE_ENTER_AF5023D0,4,8,8,8
raw-guarded,5.208e-06,1,1,1,0,0,0,628,1,1,M_COOKEDLINE_LEAVE_C362F351,1,2,1,1
raw-guarded,5.9042e-05,12,16,29,0,0,15,629,28,3,M_COOKEDLINE_SETHISTORY_7BFEF58A,12,24,29,29
raw-guarded,8.5e-06,1,5,9,0,0,0,630,9,2,M_COOKEDLINE_EMPTY_73E023F3,1,2,9,9
raw-guarded,3.275e-05,4,17,26,2,0,4,631,25,4,M_COOKEDLINE_ERASE_F76E1DAE,4,11,26,25
raw-guarded,8e-06,1,7,7,0,0,0,632,7,2,M_COOKEDLINE_LOSE_A2B86A77,1,2,7,7
raw-guarded,0.00060975,70,122,192,8,0,89,633,189,4,M_COOKEDLINE_FEED_E5727982,70,155,192,189
raw-guarded,8.8916e-05,14,34,54,0,0,16,634,53,3,M_COOKEDLINE_DRAIN_A743CD2C,14,28,54,53
raw-guarded,0.000444916,44,149,235,12,2,65,635,234,5,M_COOKEDLINE_RENDER_D6B4258E,44,107,235,234
raw-guarded,0.000101042,17,21,38,5,0,19,636,38,2,M_DOSCANCEL_TRANSFER_DC8DFD88,16,33,38,38
raw-guarded,3.0958e-05,5,10,18,0,0,4,637,16,2,M_DOSCOOKED_OPEN_FB0901F4,5,10,18,18
raw-guarded,3.4208e-05,6,11,20,0,0,7,638,20,2,M_DOSCOOKED_CLOSE_1355CA48,6,12,20,20
raw-guarded,0.000143125,20,35,68,0,0,29,639,66,2,M_DOSCOOKED_WIRE_7D812E8B,20,40,68,68
raw-guarded,5.475e-05,9,21,38,0,0,10,640,37,3,M_DOSCOOKED_BEGIN_9BFE5F7B,9,18,38,38
raw-guarded,4.6209e-05,5,25,48,0,0,5,641,46,3,M_DOSCOOKED_CANCELLINE_F449849C,5,10,48,48
raw-guarded,0.00022175,31,43,107,14,0,34,642,107,3,M_DOSCOOKED_ACQUIRELINE_772F100E,31,84,107,107
raw-guarded,0.000118459,17,36,78,0,0,19,643,78,4,M_DOSCOOKED_READLOCKED_B41BFB52,17,34,78,78
raw-guarded,2.05e-05,3,9,16,0,0,2,644,16,4,M_DOSCOOKED_READ_AAA4E8F8,3,6,16,16
raw-guarded,1.3667e-05,3,5,9,0,0,2,645,7,1,M_DOSBREAK_CURRENT_B838AC0B,3,6,9,9
raw-guarded,3.2959e-05,5,16,31,0,0,4,646,28,3,M_DOSBREAK_ALLOCATE_10964711,5,10,31,31
raw-guarded,1e-05,1,5,9,0,0,0,647,8,2,M_DOSBREAK_FREE_76D15FA8,1,2,9,9
raw-guarded,0.000158917,26,32,66,0,0,28,648,61,2,M_DOSBREAK_BEGIN_A70D4CB3,26,52,66,66
raw-guarded,3.6833e-05,9,9,23,0,0,8,649,23,1,M_DOSBREAK_END_B7800793,9,18,23,23
raw-guarded,1.7084e-05,5,3,9,0,0,4,650,9,1,M_DOSBREAK_PENDING_1B1DF51D,5,10,9,9
raw-guarded,2.6917e-05,6,10,18,0,0,6,651,17,2,M_DOSBREAK_CLEAR_B7EEEC7D,6,12,18,18
raw-guarded,5.917e-06,1,1,2,0,0,0,652,2,1,M_FSSYSTEM_SELECTED_9418F47A,1,2,2,2
raw-guarded,9.042e-06,3,0,4,0,0,2,653,4,1,M_FSSYSTEM_SYSTEMUNIT_F93F9C60,3,6,4,4
raw-guarded,1.125e-05,3,3,6,0,0,2,654,6,1,M_FSSYSTEM_UNIT_D8E8C927,3,6,6,6
raw-guarded,3.0625e-05,8,5,13,0,0,7,655,12,2,M_FSSYSTEM_NAMEBYTE_29131912,8,16,13,12
raw-guarded,5.8333e-05,9,16,31,4,0,10,656,31,3,M_FSSYSTEM_MATCHES_6FF2F0E4,9,25,31,31
raw-guarded,4.9417e-05,8,10,18,4,0,8,657,18,4,M_FSSYSTEM_SAMENAME_3086AACE,8,23,18,18
raw-guarded,1.725e-05,3,5,13,0,0,3,658,13,2,M_FSSYSTEM_APPLY_F77568D5,3,6,13,13
raw-guarded,6.666e-06,1,2,4,0,0,0,659,3,1,M_FSREGISTRY_SERVICE_31663004,1,2,4,4
raw-guarded,1.4167e-05,3,5,8,0,0,3,660,7,2,M_FSREGISTRY_RETAIN_218C5FAC,3,6,8,7
raw-guarded,3.5334e-05,7,11,21,0,0,10,661,20,2,M_FSREGISTRY_RETAINBASE_94E5BA0B,7,14,21,20
raw-guarded,2.7e-05,5,12,21,0,0,7,662,19,2,M_FSREGISTRY_RELEASE_E0E99364,5,10,21,20
raw-guarded,0.000123166,15,26,43,9,0,22,663,41,4,M_FSREGISTRY_LOOKUP_AD8B60C1,15,44,43,42
raw-guarded,8.875e-06,1,4,6,0,0,0,664,6,3,M_FSREGISTRY_FINDOBJECT_780CC443,1,2,6,6
raw-guarded,8.0084e-05,18,24,36,0,0,19,665,34,2,M_FSREGISTRY_FROMHEADER_DCD07C60,18,36,36,36
raw-guarded,1.6209e-05,3,7,12,0,0,2,666,11,2,M_FSREGISTRY_STAMP_BE264D84,3,6,12,11
raw-guarded,7e-06,1,1,6,0,0,0,667,6,2,M_DOSWIRE_ISPOINTER_E1AC855F,1,2,6,6
raw-guarded,1.6542e-05,3,10,12,0,0,3,668,11,2,M_FSLEASES_LINK_92921FD5,3,6,12,12
raw-guarded,6.1041e-05,11,21,27,4,0,14,669,25,2,M_FSLEASES_UNLINK_039AB2C8,11,29,27,27
raw-guarded,1.5417e-05,3,7,12,0,0,2,670,10,1,M_FSLEASES_OBJECTENTRY_FCD8C666,3,6,12,12
raw-guarded,2.6333e-05,3,18,28,0,0,3,671,28,3,M_FSLEASES_SAME_B25DFB61,3,6,28,28
raw-guarded,0.000297583,24,41,62,21,0,34,672,58,3,M_FSLEASES_BUSY_31143750,24,78,62,62
raw-guarded,8.0209e-05,11,23,37,6,0,14,673,33,3,M_FSLEASES_LIVE_C7D42DE5,11,32,37,37
raw-guarded,1.3417e-05,3,6,8,0,0,2,674,7,1,M_FSLEASES_WRITABLE_932CF683,3,6,8,8
raw-guarded,1.375e-05,3,3,9,0,0,3,675,8,2,M_FSFILES_ALLOCATE_3EE5B3A2,3,6,9,9
raw-guarded,1.325e-05,3,4,11,0,0,2,676,10,2,M_FSFILES_CREATE_5EA85CDB,3,6,11,11
raw-guarded,2.65e-05,6,11,17,0,0,6,677,16,2,M_FSFILES_RETAIN_1627AB28,6,12,17,16
raw-guarded,2.475e-05,5,11,17,0,0,6,678,16,2,M_FSFILES_DROPSHARED_A840009F,5,10,17,16
raw-guarded,3.3083e-05,7,12,22,0,0,8,679,20,2,M_FSFILES_RELEASE_91585E60,7,14,22,21
raw-guarded,6.583e-06,1,1,4,0,0,0,680,4,1,M_FSLOCKS_TRAILER_B3BA463B,1,2,4,4
raw-guarded,6.292e-06,1,1,6,0,0,0,681,6,2,M_FSLOCKS_TEXT_C72F70F3,1,2,6,6
raw-guarded,8.625e-06,1,3,9,0,0,0,682,8,2,M_FSLOCKS_ALLOCATION_5B5A6C20,1,2,9,9
raw-guarded,2.9125e-05,4,18,27,2,0,4,683,27,4,M_FSLOCKS_ROOT_D04E0C54,4,11,27,27
raw-guarded,1.7833e-05,3,13,20,0,0,2,684,19,3,M_FSLOCKS_ADD_DEA4C903,3,6,20,19
raw-guarded,0.000176208,25,34,59,8,0,30,685,59,3,M_FSLOCKS_APPEND_3EC68462,25,70,59,59
raw-guarded,2.5292e-05,3,7,18,0,0,2,686,17,2,M_FSLOCKS_ALLOCATE_39B5BEE3,3,6,18,18
raw-guarded,4.2958e-05,7,15,23,3,0,8,687,23,4,M_FSLOCKS_CREATE_34BC7CB2,7,17,23,23
raw-guarded,7.583e-06,1,2,5,0,0,0,688,4,2,M_FSLOCKS_FREE_701F260A,1,2,5,5
raw-guarded,2.7375e-05,6,6,13,0,0,7,689,9,2,M_FSOBJECTS_FREE_154D29BE,6,12,13,12
raw-guarded,4.2e-05,10,14,21,0,0,11,690,19,2,M_FSACTIVE_CURRENTSCOPE_BF6A95BD,10,20,21,21
raw-guarded,0.000204375,21,25,60,8,0,29,691,57,2,M_BLOCKWIRE_EXCHANGE_9F443072,21,56,60,60
raw-guarded,7.958e-06,1,3,4,0,0,0,692,4,3,M_BLOCKWIRE_TRANSFER_0A2F17CC,1,2,4,4
raw-guarded,5.5e-06,1,3,4,0,0,0,693,4,3,M_BLOCKWIRE_TRANSFERCOMMITTED_FEB13FCA,1,2,4,4
raw-guarded,9.167e-06,1,6,11,0,0,0,694,11,3,M_SDFS_WORD_9040534F,1,2,11,11
raw-guarded,1.0084e-05,1,5,12,0,0,0,695,12,3,M_SDFS_LENGTH_0EB65DB7,1,2,12,12
raw-guarded,5.208e-06,1,2,3,0,0,0,696,2,1,M_SDFS_GETSTATE_E428DC88,1,2,3,3
raw-guarded,7.5e-06,1,3,8,0,0,0,697,8,3,M_SDFS_CREATEWORK_894591E8,1,2,8,8
raw-guarded,1.4417e-05,3,5,7,0,0,3,698,7,2,M_SDFS_DESTROYWORK_D1F8FE6A,3,6,7,7
raw-guarded,8.584e-06,1,3,8,0,0,0,699,8,3,M_SDFS_CREATEVOLUME_B12DE8AD,1,2,8,8
raw-guarded,1.1459e-05,3,5,7,0,0,3,700,7,2,M_SDFS_DESTROYVOLUME_8A02EFB7,3,6,7,7
raw-guarded,7.417e-06,1,4,5,0,0,0,701,5,1,M_SDFS_INVALIDATE_8CE6E30A,1,2,5,5
raw-guarded,3.3208e-05,7,13,20,0,0,8,702,19,2,M_SDFS_ALLOWED_D687D449,7,14,20,20
raw-guarded,8.875e-06,1,6,9,0,0,0,703,9,2,M_SDFS_BEGINMOUNT_68830325,1,2,9,9
raw-guarded,0.000255458,31,73,130,0,0,43,704,130,2,M_SDFS_HEADER_D37EFF70,31,62,130,131
raw-guarded,1.8958e-05,3,10,14,0,0,2,705,13,2,M_SDFS_MOUNTBUFFERED_7F8C68E7,3,6,14,14
raw-guarded,7.792e-06,1,1,4,0,0,0,706,3,1,M_SDFS_MAP_D6A7DDA3,1,2,4,4
raw-guarded,1.1625e-05,1,9,14,0,0,0,707,14,2,M_SDFS_RESTART_887C29F6,1,2,14,14
raw-guarded,1.5833e-05,1,16,24,0,0,0,708,24,3,M_SDFS_CACHED_B7AA1E89,1,2,24,24
raw-guarded,4.5541e-05,5,29,37,3,0,6,709,36,4,M_SDFS_CACHE_55DBD7B1,5,13,37,37
raw-guarded,9.6792e-05,13,18,29,8,0,17,710,29,3,M_SDFS_SECTORALLOWED_D0C4D1BB,13,40,29,29
raw-guarded,0.000212666,25,54,90,9,0,35,711,89,3,M_SDFS_VALIDATEMAP_D7214A91,25,66,90,89
raw-guarded,2.525e-05,3,18,26,0,0,2,712,24,3,M_SDFS_ADVANCE_66AE3A9F,3,6,26,25
raw-guarded,9.25e-06,1,4,10,0,0,0,713,10,3,M_MYDOS_CREATEVOLUME_8FA50CD3,1,2,10,10
raw-guarded,1.325e-05,3,5,7,0,0,3,714,7,2,M_MYDOS_DESTROYVOLUME_8DF1D5D5,3,6,7,7
raw-guarded,3.85e-05,8,12,22,0,0,10,715,21,2,M_MYDOS_DATASECTOR_95277D3B,8,16,22,22
raw-guarded,3.7e-05,7,13,29,0,0,8,716,28,2,M_MYDOS_VALIDDIRECTORY_1CF8F62E,7,14,29,29
raw-guarded,8.3917e-05,13,31,62,0,0,15,717,61,3,M_MYDOS_EXTENT_5BCD29B5,13,26,62,62
raw-guarded,5.0292e-05,7,26,46,0,0,8,718,45,2,M_MYDOS_HEADER_A95A323A,7,14,46,46
raw-guarded,1.7e-05,3,10,16,0,0,2,719,16,2,M_MYDOS_BEGINMOUNT_AA58F6DF,3,6,16,16
raw-guarded,1.55e-05,3,10,14,0,0,2,720,13,2,M_MYDOS_MOUNTBUFFERED_114678B9,3,6,14,14
raw-guarded,4.7375e-05,4,31,56,2,0,4,721,56,4,M_MYDOS_DECODE_69B6DF25,4,11,56,56
raw-guarded,6.2333e-05,12,16,34,0,0,15,722,34,2,M_MYDOS_LIVE_1E4E1377,12,24,34,34
raw-guarded,5.4833e-05,11,25,44,0,0,10,723,43,4,M_MYDOS_BUFFEREDENTRY_DC465C80,11,22,44,44
raw-guarded,3.9417e-05,8,19,34,0,0,8,724,34,4,M_MYDOS_BEGINENTRY_95F170F4,8,16,34,34
raw-guarded,9.2292e-05,12,32,57,5,0,14,725,56,3,M_MYDOS_DESCEND_C497F8DD,12,32,57,56
raw-guarded,3.0834e-05,4,14,28,2,0,4,726,28,3,M_MYDOS_ROOTENTRY_E3F00029,4,11,28,28
raw-guarded,1.875e-05,5,5,9,0,0,4,727,9,2,M_MYDOS_STARTRESOLVE_24B3B079,5,10,9,9
raw-guarded,1.3833e-05,3,7,11,0,0,2,728,11,2,M_MYDOS_RESOLVECOMPONENT_8F2130C4,3,6,11,11
raw-guarded,0.000110958,21,25,49,7,0,23,729,48,4,M_MYDOS_RESOLVESTEP_4ADA26D9,21,50,49,48
raw-guarded,0.000246083,27,44,82,10,0,34,730,82,3,M_MYDOS_VALIDATEBASE_0A85139C,27,72,82,82
raw-guarded,3.3333e-05,1,1,4,0,0,0,731,3,1,M_MYDOSFILE_CHAIN_94A5D226,1,2,4,4
raw-guarded,1.8833e-05,1,13,22,0,0,0,732,22,2,M_MYDOSFILE_RESTART_75C66A72,1,2,22,22
raw-guarded,0.000170583,18,42,73,3,2,24,733,73,4,M_MYDOSFILE_OPEN_0FD3469F,18,39,73,73
raw-guarded,6.7084e-05,10,16,28,5,0,12,734,28,3,M_MYDOSFILE_SECTORALLOWED_E72DFCC7,10,28,28,28
raw-guarded,4.3084e-05,9,29,43,0,0,9,735,41,3,M_MYDOSFILE_VISIT_2F7F40D0,9,18,43,41
raw-guarded,5.0709e-05,7,32,53,0,0,7,736,52,4,M_MYDOSFILE_TRAILER_58DD2DFC,7,14,53,53
raw-guarded,3.8416e-05,9,21,33,0,0,9,737,33,3,M_MYDOSFILE_LINK_86A70D17,9,18,33,33
raw-guarded,7.225e-05,13,26,43,0,0,17,738,43,3,M_MYDOSFILE_VALIDATE_CCD11D35,13,26,43,43
raw-guarded,1.375e-05,1,12,16,0,0,0,739,16,2,M_MYDOSFILE_FAIL_8A60C23B,1,2,16,16
raw-guarded,2.875e-05,4,24,33,0,0,5,740,33,3,M_MYDOSFILE_CANCEL_40161F05,4,8,33,33
raw-guarded,1.1167e-05,1,10,15,0,0,0,741,14,3,M_MYDOSFILE_ADVANCE_71346BED,1,2,15,14
raw-guarded,7.625e-06,1,6,7,0,0,0,742,7,2,M_MYDOSFILE_NEEDSECTOR_4EE2E2C1,1,2,7,7
raw-guarded,7.4083e-05,14,39,61,0,0,15,743,61,2,M_MYDOSFILE_BEGINREAD_56DCAA56,14,28,61,61
raw-guarded,6.1583e-05,12,30,49,0,0,13,744,49,3,M_MYDOSFILE_TARGET_3D0FAE04,12,24,49,49
raw-guarded,4.1458e-05,10,19,32,0,0,9,745,30,2,M_MYDOSFILE_BEGINSEEK_007E9A86,10,20,32,30
raw-guarded,3.6417e-05,7,24,37,0,0,6,746,37,3,M_MYDOSFILE_LOCATE_F172D4F1,7,14,37,37
raw-guarded,4.4708e-05,5,24,34,3,0,6,747,33,4,M_MYDOSFILE_COPY_B45932A2,5,13,34,34
raw-guarded,4.8208e-05,8,31,52,0,0,10,748,49,3,M_MYDOSFILE_CONSUME_CDF927EF,8,16,52,49
raw-guarded,4.825e-05,11,27,40,0,0,11,749,40,2,M_MYDOSFILE_CONTINUEOPERATION_DDF4199B,11,22,40,40
raw-guarded,7e-05,13,22,36,0,0,15,750,36,2,M_MYDOSFILE_MEASURE_660762A9,13,26,36,36
raw-guarded,0.000106916,18,41,70,3,0,23,751,70,4,M_SDFSFILE_OPEN_2046DF25,18,39,70,70
raw-guarded,1.3042e-05,1,13,16,0,0,0,752,16,2,M_SDFSFILE_FAIL_23FC14B5,1,2,16,16
raw-guarded,2.3125e-05,4,14,20,0,0,5,753,20,3,M_SDFSFILE_CANCEL_B60AB817,4,8,20,20
raw-guarded,5.3417e-05,11,28,45,0,0,13,754,45,3,M_SDFSFILE_BEGINSEEK_80AE6CDC,11,22,45,45
raw-guarded,7.575e-05,14,38,60,0,0,16,755,60,3,M_SDFSFILE_BEGINREAD_A4D537D8,14,28,60,60
raw-guarded,0.000103625,12,50,78,6,0,15,756,75,5,M_SDFSFILE_CONSUME_19CF3939,12,29,78,76
raw-guarded,0.000148834,21,74,116,0,0,23,757,115,3,M_SDFSFILE_DRIVE_59FB4F1B,21,42,116,116
raw-guarded,3.0708e-05,7,17,25,0,0,6,758,25,2,M_SDFSFILE_CONTINUEOPERATION_077FC395,7,14,25,25
raw-guarded,0.000281167,31,91,150,11,0,36,759,147,4,M_SDFSFILE_MEASURE_B257955B,31,75,150,148
raw-guarded,7.25e-06,1,1,4,0,0,0,760,4,2,M_SDFSDATE_LEAP_5FE3C9CD,1,2,4,4
raw-guarded,3.2375e-05,8,6,14,0,0,10,761,14,1,M_SDFSDATE_MONTHDAYS_18463582,8,16,14,14
raw-guarded,0.000176542,21,47,98,3,0,31,762,98,3,M_SDFSDATE_DECODE_E4AFE2B3,21,47,98,98
raw-guarded,6.708e-06,1,3,3,0,0,0,763,3,2,M_SDFSDIR_ERROR_F11B3DDA,1,2,3,3
raw-guarded,4.7417e-05,5,29,40,3,0,6,764,40,4,M_SDFSDIR_SEED_AE4E45A1,5,13,40,40
raw-guarded,8.7875e-05,14,41,62,0,0,16,765,62,2,M_SDFSDIR_BEGINENTRY_4CCF1AF9,14,28,62,62
raw-guarded,4.8709e-05,9,23,36,0,0,10,766,36,2,M_SDFSDIR_VALIDATEPARENT_CC71085A,9,18,36,36
raw-guarded,3.7625e-05,6,21,40,0,0,6,767,40,3,M_SDFSDIR_HEADER_A6C13D37,6,12,40,40
raw-guarded,0.000198625,27,60,113,2,0,32,768,113,4,M_SDFSDIR_DECODE_445A4286,27,68,113,113
raw-guarded,7.5167e-05,15,24,46,0,0,14,769,46,2,M_SDFSDIR_BUFFEREDENTRY_374F4FF7,15,30,46,46
raw-guarded,4.0209e-05,7,20,31,0,0,8,770,31,3,M_SDFSDIR_BEGINHEADER_0CDE2CA0,7,14,31,31
raw-guarded,9.0208e-05,15,43,60,0,0,17,771,60,3,M_SDFSDIR_MEASURE_2E677570,15,30,60,60
raw-guarded,7.5666e-05,13,34,51,4,0,14,772,50,3,M_SDFSNAME_DESCEND_5D259778,13,33,51,50
raw-guarded,0.0001425,22,42,64,8,0,27,773,64,3,M_SDFSNAME_VALIDATEBASE_03C615D3,22,58,64,64
raw-guarded,4.7542e-05,8,21,35,2,0,8,774,35,2,M_SDFSNAME_STARTRESOLVE_EBBD5226,8,19,35,35
raw-guarded,2.5833e-05,5,12,21,0,0,4,775,21,3,M_SDFSNAME_RESOLVECOMPONENT_CCDFB63B,5,10,21,21
raw-guarded,3.2e-05,9,12,19,0,0,9,776,19,2,M_SDFSNAME_DONE_34A5B326,9,18,19,19
raw-guarded,2.0333e-05,5,9,16,0,0,4,777,16,2,M_SDFSNAME_CHOOSE_8F0B0401,5,10,16,16
raw-guarded,6.8166e-05,13,25,40,0,0,15,778,40,4,M_SDFSNAME_RESOLVESTEP_B2924B88,13,26,40,40
raw-guarded,7.333e-06,1,2,5,0,0,0,779,5,2,M_FSBACKEND_AVAILABLE_56F19E57,1,2,5,5
raw-guarded,1.6875e-05,5,6,11,0,0,4,780,11,1,M_FSBACKEND_CREATEVOLUME_26C12EFC,5,10,11,11
raw-guarded,1.8417e-05,6,5,7,0,0,6,781,7,1,M_FSBACKEND_DESTROYVOLUME_B6078DE8,6,12,7,7
raw-guarded,4.958e-06,1,1,2,0,0,0,782,2,1,M_FSBACKEND_CREATEWORK_8A6F92A5,1,2,2,2
raw-guarded,8.791e-06,3,2,3,0,0,2,783,3,1,M_FSBACKEND_DESTROYWORK_CA11D009,3,6,3,3
raw-guarded,1.4542e-05,5,4,6,0,0,5,784,6,1,M_FSBACKEND_INVALIDATE_9F423887,5,10,6,6
raw-guarded,8.291e-06,3,2,3,0,0,2,785,3,1,M_FSBACKEND_ENUMLIMIT_D60FC50E,3,6,3,3
raw-guarded,1e-05,3,5,8,0,0,2,786,8,1,M_FSBACKEND_BEGINMOUNT_3F96891C,3,6,8,8
raw-guarded,5.0667e-05,3,5,8,0,0,2,787,8,1,M_FSBACKEND_MOUNTBUFFERED_E1BCDBDC,3,6,8,8
raw-guarded,1.5375e-05,3,5,8,0,0,2,788,8,1,M_FSBACKEND_BUFFEREDENTRY_A53297ED,3,6,8,8
raw-guarded,9.541e-06,3,5,8,0,0,2,789,8,1,M_FSBACKEND_RESOLVECOMPONENT_25BBEDCF,3,6,8,8
raw-guarded,9.25e-06,3,5,8,0,0,2,790,8,1,M_FSBACKEND_RESOLVESTEP_71F5161C,3,6,8,8
raw-guarded,1.0125e-05,3,5,8,0,0,2,791,8,1,M_FSBACKEND_DESCEND_696B876C,3,6,8,8
raw-guarded,1.0208e-05,3,6,9,0,0,2,792,9,1,M_FSBACKEND_BEGINREAD_9B747D7D,3,6,9,9
raw-guarded,9.625e-06,3,6,9,0,0,2,793,9,1,M_FSBACKEND_BEGINSEEK_65568135,3,6,9,9
raw-guarded,1.1917e-05,3,6,9,0,0,2,794,9,1,M_FSBACKEND_CONTINUEOPERATION_B2B07804,3,6,9,9
raw-guarded,1.1875e-05,3,6,9,0,0,2,795,9,1,M_FSBACKEND_CANCEL_CF93E684,3,6,9,9
raw-guarded,1.575e-05,3,9,12,0,0,2,796,12,3,M_FSBACKEND_BEGINENTRY_D3F74E4F,3,6,12,12
raw-guarded,1.1292e-05,3,7,10,0,0,2,797,10,2,M_FSBACKEND_STARTRESOLVE_75FDEFE2,3,6,10,10
raw-guarded,1.0459e-05,3,7,10,0,0,2,798,10,2,M_FSBACKEND_OPEN_70C2A6B2,3,6,10,10
raw-guarded,1.125e-05,3,8,11,0,0,2,799,11,2,M_FSBACKEND_FAIL_FA955312,3,6,11,11
raw-guarded,1.3583e-05,3,9,12,0,0,2,800,12,3,M_FSBACKEND_MEASURE_AD470D66,3,6,12,12
raw-guarded,1.0541e-05,3,7,10,0,0,2,801,10,2,M_FSBACKEND_VALIDATEBASE_C7106A97,3,6,10,10
raw-guarded,2.5167e-05,3,23,29,0,0,3,802,28,3,M_FSIO_BEGIN_68AD59C5,3,6,29,28
raw-guarded,3.9125e-05,7,26,36,0,0,8,803,36,5,M_FSIO_COMPLETE_3A967BA3,7,14,36,36
raw-guarded,5.5291e-05,9,19,26,7,0,12,804,26,2,M_FSIO_OFFLINE_B7567A31,9,25,26,26
raw-guarded,6.5e-06,1,2,3,0,0,0,805,2,1,M_FSWRITEIO_STATE_A0FFD18A,1,2,3,3
raw-guarded,2.1417e-05,3,16,17,0,0,3,806,17,2,M_FSWRITEIO_ERROR_9F481FB3,3,6,17,17
raw-guarded,1.675e-05,4,4,11,0,0,4,807,11,2,M_FSWRITEIO_CHECKPOINT_86192BF5,4,8,11,11
raw-guarded,3.5917e-05,7,22,29,0,0,9,808,29,2,M_FSWRITEIO_FAILED_0CF5DEA4,7,14,29,29
raw-guarded,8.1459e-05,12,41,65,0,0,13,809,65,4,M_FSWRITEIO_READ_66641E67,12,24,65,65
raw-guarded,4.5417e-05,7,30,45,0,0,6,810,45,4,M_FSWRITEIO_WRITE_4F85FADC,7,14,45,45
raw-guarded,1.9917e-05,4,4,8,2,0,4,811,8,2,M_FSWRITEIO_ZERO_F685105B,4,11,8,8
raw-guarded,9.375e-06,1,6,10,0,0,0,812,10,3,M_FSWRITEIO_WORD_326DCDF9,1,2,10,10
raw-guarded,8.416e-06,1,6,11,0,0,0,813,11,4,M_FSWRITEIO_LENGTH_F339C741,1,2,11,11
raw-guarded,2.2042e-05,1,31,34,0,0,0,814,32,2,M_FSPACKET_REPLY_F0943484,1,2,34,34
raw-guarded,2.9958e-05,6,15,20,0,0,8,815,21,2,M_FSPACKET_ERROR_61E70414,6,12,20,21
raw-guarded,8.375e-05,13,47,67,0,0,20,816,64,3,M_FSPACKET_IDENTITY_6B3677B2,13,26,67,67
raw-guarded,4.2416e-05,5,32,46,0,0,6,817,44,2,M_FSPACKET_PUBLISHOPENSTEP_55EACFB5,5,10,46,46
raw-guarded,2.8125e-05,5,16,25,0,0,6,818,25,2,M_FSPACKET_CLOSE_01E28282,5,10,25,25
raw-guarded,1.7958e-05,3,9,17,0,0,2,819,16,2,M_FSPORTS_CREATE_D9675AD2,3,6,17,17
raw-guarded,1.2e-05,3,2,5,0,0,3,820,4,2,M_FSPORTS_DELETE_FC342961,3,6,5,5
raw-guarded,0.000322375,31,62,110,18,0,41,821,110,6,M_FSINIT_CONFIG_A7C873FA,31,95,110,110
raw-guarded,0.00010275,15,27,54,3,0,17,822,52,3,M_FSINIT_WORKSPACE_ED5E2107,15,36,54,54
raw-guarded,3.6542e-05,5,21,41,0,0,4,823,41,4,M_FSINIT_ARRIVAL_302FF83F,5,10,41,41
raw-guarded,9.3542e-05,7,36,63,0,0,6,824,57,3,M_FSINIT_ALLOCATEMOUNT_EF481898,7,14,63,62
raw-guarded,3.5917e-05,3,34,45,0,0,2,825,43,2,M_FSINIT_ALLOCATEBLOCK_5C0916F0,3,6,45,45
raw-guarded,3.7e-05,5,15,22,3,0,6,826,22,2,M_FSINIT_PUBLISH_12D6516B,5,13,22,22
raw-guarded,3.6709e-05,8,10,20,0,0,8,827,19,2,M_FSINIT_FIRST_60F42DBA,8,16,20,20
raw-guarded,1.9292e-05,4,6,13,0,0,4,828,12,2,M_FSINIT_MOUNTSTEP_D16E7745,4,8,13,13
raw-guarded,2.8e-05,5,23,29,0,0,4,829,28,2,M_FSINIT_OPENEDSTEP_3B4623A1,5,10,29,29
raw-guarded,4.8e-05,10,35,48,0,0,10,830,46,2,M_FSINIT_MOUNTEDSTEP_D00F6B02,10,20,48,47
raw-guarded,1.7416e-05,3,14,18,0,0,2,831,18,3,M_FSINIT_FAILED_4FB7E0CF,3,6,18,18
raw-guarded,6.5834e-05,13,22,36,0,0,17,832,34,2,M_FSINIT_DESTROYMOUNT_00D5D10B,13,26,36,36
raw-guarded,0.000115792,18,35,52,2,0,25,833,50,3,M_FSINIT_CLEANUP_26675F9E,18,49,52,52
raw-guarded,0.000142166,21,36,60,9,0,26,834,60,3,M_FSALLOC_ALLOWED_1FF175A3,21,58,60,60
raw-guarded,6.0292e-05,7,34,60,0,0,8,835,59,3,M_FSALLOC_BITMAP_55D4E3AC,7,14,60,60
raw-guarded,2.325e-05,5,10,18,0,0,4,836,18,2,M_FSALLOC_ALLOCATED_A8A57AF0,5,10,18,18
raw-guarded,0.000366667,38,69,128,16,0,49,837,127,3,M_FSALLOC_FIND_C860CAEC,38,89,128,127
raw-guarded,0.000186167,24,63,112,0,0,30,838,112,4,M_FSALLOC_CHANGE_B0E87AF9,24,48,112,112
raw-guarded,4.0375e-05,7,23,34,0,0,7,839,34,2,M_FSALLOC_TAKE_9AD436E4,7,14,34,34
raw-guarded,1.7833e-05,3,11,13,0,0,3,840,13,2,M_FSALLOC_FREE_BE46C827,3,6,13,13
raw-guarded,6.0167e-05,10,18,44,0,0,12,841,44,3,M_FSALLOC_COUNTROOM_E5C7D397,10,20,44,44
raw-guarded,6.5e-06,1,1,3,0,0,0,842,3,2,M_MYDOSWRITE_BAD_ECEFF42B,1,2,3,3
raw-guarded,1.1958e-05,3,2,6,0,0,2,843,6,2,M_MYDOSWRITE_LIMIT_E01793D7,3,6,6,6
raw-guarded,0.000278375,26,63,122,5,0,34,844,122,3,M_MYDOSWRITE_READPAYLOAD_AC32DCA4,26,80,122,122
raw-guarded,3.525e-05,3,21,41,0,0,3,845,41,4,M_MYDOSWRITE_TRAILER_BFA640A1,3,6,41,41
raw-guarded,3.9625e-05,5,20,45,0,0,4,846,45,3,M_MYDOSWRITE_ENTRYIO_ACBE3032,5,10,45,45
raw-guarded,8.9208e-05,11,31,49,5,0,12,847,49,3,M_MYDOSWRITE_VALIDATE_B3BA3338,11,33,49,49
raw-guarded,3.6125e-05,5,18,36,0,0,5,848,36,3,M_MYDOSWRITE_MARK_0E6D7B2D,5,10,36,36
raw-guarded,9.3667e-05,12,20,43,8,0,14,849,43,3,M_MYDOSWRITE_SLOT_AA2228B6,12,38,43,43
raw-guarded,0.000209334,23,68,115,9,0,28,850,115,4,M_MYDOSWRITE_CREATE_CDAAF016,23,61,115,115
raw-guarded,0.000464459,39,99,178,7,0,48,851,178,4,M_MYDOSWRITE_WRITE_992B7BC3,39,102,178,178
raw-guarded,6.8959e-05,10,16,27,5,0,10,852,27,3,M_MYDOSWRITE_RECLAIM_F1DD6F57,10,27,27,27
raw-guarded,4.0625e-05,7,21,34,0,0,6,853,34,3,M_MYDOSWRITE_TRUNCATE_A6EAB42C,7,14,34,34
raw-guarded,0.000104875,14,18,38,9,0,16,854,38,3,M_MYDOSWRITE_EMPTY_B06BE841,14,44,38,38
raw-guarded,7.8833e-05,13,21,36,4,0,14,855,36,3,M_MYDOSWRITE_DELETE_256A83D3,13,33,36,36
raw-guarded,4.0583e-05,6,12,20,2,0,6,856,20,4,M_MYDOSWRITE_RENAME_E308DCF0,6,15,20,20
raw-guarded,6.708e-06,1,1,3,0,0,0,857,3,2,M_SDFSWRITE_BAD_5E3D66D1,1,2,3,3
raw-guarded,9.6542e-05,13,21,32,8,0,17,858,32,3,M_SDFSWRITE_VALIDSECTOR_67FAADEC,13,40,32,32
raw-guarded,0.00024975,29,69,122,12,0,35,859,122,3,M_SDFSWRITE_LOCATE_55E19A5E,28,67,122,122
raw-guarded,9.6625e-05,15,44,75,0,0,15,860,75,3,M_SDFSWRITE_GROW_073A6F69,15,30,75,75
raw-guarded,0.0001915,21,44,86,14,0,24,861,86,4,M_SDFSWRITE_ROWIO_EF8D2430,21,63,86,86
raw-guarded,1.2708e-05,1,6,12,0,0,0,862,12,4,M_SDFSWRITE_ENTRYIO_D3D74C00,1,2,12,12
raw-guarded,0.000724708,45,84,162,27,0,55,863,162,3,M_SDFSWRITE_VALIDATE_3C808422,45,166,162,162
raw-guarded,0.000132833,17,28,61,5,0,21,864,61,3,M_SDFSWRITE_SLOT_E3DFD014,17,47,61,61
raw-guarded,7.2417e-05,9,27,50,0,0,11,865,50,3,M_SDFSWRITE_SPACE_ED9B8102,9,18,50,50
raw-guarded,0.000386667,41,97,175,8,0,49,866,175,4,M_SDFSWRITE_CREATE_5E5E06BC,41,106,175,175
raw-guarded,5.4875e-05,6,18,33,0,0,6,867,33,3,M_SDFSWRITE_MARK_BAD71DEB,6,12,33,33
raw-guarded,0.000207541,23,61,108,0,0,26,868,107,4,M_SDFSWRITE_WRITE_40A16F7D,23,46,108,107
raw-guarded,0.000241,24,33,65,18,0,31,869,65,3,M_SDFSWRITE_RECLAIM_B35C64A9,24,75,65,65
raw-guarded,4.6041e-05,9,17,31,0,0,8,870,31,3,M_SDFSWRITE_TRUNCATE_031B9696,9,18,31,31
raw-guarded,9.8583e-05,14,21,47,5,0,16,871,47,3,M_SDFSWRITE_EMPTY_E038B2BB,14,36,47,47
raw-guarded,2.6041e-05,5,9,16,0,0,4,872,16,2,M_SDFSWRITE_DELETE_04723F49,5,10,16,16
raw-guarded,0.000105834,15,27,47,4,0,16,873,47,4,M_SDFSWRITE_RENAME_68E1123E,15,43,47,47
raw-guarded,2.3458e-05,5,9,17,0,0,4,874,17,2,M_FSWRITE_ACCESS_0C7E9E15,5,10,17,17
raw-guarded,2.9083e-05,6,11,16,0,0,6,875,16,2,M_FSWRITE_VALIDATE_5FCFD495,6,12,16,16
raw-guarded,1.5791e-05,3,9,12,0,0,2,876,12,3,M_FSWRITE_MARK_8F6D7604,3,6,12,12
raw-guarded,9.0875e-05,15,30,58,0,0,18,877,58,3,M_FSWRITE_NORMALIZE_5C686BA8,15,30,58,58
raw-guarded,6.525e-05,11,22,36,2,0,12,878,36,4,M_FSWRITE_CREATE_47C6C0B3,11,30,36,36
raw-guarded,0.000116208,23,28,53,0,0,26,879,52,2,M_FSWRITE_OPEN_799F737F,23,46,53,52
raw-guarded,0.000117583,16,63,95,0,0,22,880,91,4,M_FSWRITE_WRITESTEP_AD20D8EE,16,32,95,92
raw-guarded,9.5625e-05,13,55,86,0,0,17,881,86,3,M_FSWRITE_BEGIN_06B2C6FE,13,26,86,86
raw-guarded,4.7541e-05,10,25,34,0,0,10,882,34,2,M_FSWRITE_FINALIZE_1B960C91,10,20,34,34
raw-guarded,0.000186333,30,45,83,4,0,35,883,83,2,M_FSWRITE_DELETE_68B67BAA,30,68,83,83
raw-guarded,2.4542e-05,3,13,20,0,0,2,884,20,3,M_FSWRITE_RENAME_4C9B6B85,3,6,20,20
raw-guarded,2.225e-05,5,9,14,0,0,4,885,14,2,M_FSRELATIVE_VALIDATE_0372B7FC,5,10,14,14
raw-guarded,7.8042e-05,9,37,51,6,0,12,886,51,4,M_FSRELATIVE_SEED_FD9BA1BB,9,24,51,51
raw-guarded,4.4125e-05,8,17,30,4,0,10,887,28,2,M_FSRELATIVE_TRIM_C4B2DBD8,8,24,30,28
raw-guarded,1.7416e-05,3,11,14,0,0,2,888,14,2,M_FSRELATIVE_ROOT_94E4441A,3,6,14,14
raw-guarded,0.000288625,31,95,147,8,0,36,889,145,3,M_FSRELATIVE_BEGIN_CB9D8F8D,31,81,147,146
raw-guarded,3.375e-05,6,18,29,0,0,6,890,29,2,M_FSRELATIVE_PARENTDONE_9C191F46,6,12,29,29
raw-guarded,2.7708e-05,5,18,24,0,0,4,891,23,3,M_FSRELATIVE_PARENTBEGIN_7E4CAA55,5,10,24,24
raw-guarded,0.000100042,17,43,68,0,0,19,892,66,2,M_FSRELATIVE_PARENTRESULT_7CE6B959,17,34,68,67
raw-guarded,1.9166e-05,3,11,18,0,0,2,893,17,2,M_FSNAMESPACE_DONE_F475AF73,3,6,18,17
raw-guarded,0.000155583,23,71,122,2,0,24,894,122,4,M_FSNAMESPACE_RESOLVED_0E070C27,23,51,122,122
raw-guarded,8.291e-06,1,2,4,0,0,0,895,3,1,M_FSINFO_ENUMERATIONSTATE_A9C412AA,1,2,4,4
raw-guarded,3.2375e-05,4,5,11,2,0,4,896,10,2,M_FSINFO_CLEAR_E168B3AB,4,11,11,11
raw-guarded,0.000158291,20,41,68,9,0,26,897,68,4,M_FSINFO_NAME_B42C963D,20,57,68,68
raw-guarded,4.6709e-05,7,29,41,0,0,9,898,41,2,M_FSINFO_FILL_CDFFBE8F,7,14,41,41
raw-guarded,1.825e-05,1,17,22,0,0,0,899,20,2,M_FSINFO_SAVE_B1E7031F,1,2,22,22
raw-guarded,3.85e-05,5,21,29,3,0,6,900,28,4,M_FSDIRECTORY_INITLOCKSTATE_606A2BB5,5,13,29,29
raw-guarded,0.00022525,30,96,158,3,0,34,901,154,4,M_FSDIRECTORY_SELECT_4CD1EDE7,30,63,158,158
raw-guarded,1.2583e-05,1,8,13,0,0,0,902,11,3,M_FSDIRECTORY_END_806A2136,1,2,13,13
raw-guarded,3.1542e-05,5,18,25,0,0,4,903,23,3,M_FSDIRECTORY_ENTRYSTEP_D4EA4ABB,5,10,25,25
raw-guarded,6.3541e-05,12,24,38,0,0,12,904,36,2,M_FSDIRECTORY_ENTRYRESULTSTEP_4C458A60,12,24,38,37
raw-guarded,3.2792e-05,6,17,27,0,0,7,905,27,2,M_FSDIRECTORY_MEASUREENTRY_E6EE6D03,6,12,27,27
raw-guarded,2.0792e-05,5,9,12,0,0,4,906,12,2,M_FSDIRECTORY_SIZERESULT_7E5452EF,5,10,12,12
raw-guarded,1.8875e-05,3,12,18,0,0,2,907,17,2,M_FSDIRECTORY_SIZECONTINUESTEP_1EAFA525,3,6,18,18
raw-guarded,2.2167e-05,1,21,32,0,0,0,908,26,3,M_FSDIRECTORY_PUBLISHSTEP_CC8DC0F6,1,2,32,32
raw-guarded,0.000319417,43,95,172,0,0,56,909,165,5,M_FSHANDLER_OPENRESULTSTEP_0C25E5DB,43,86,172,171
raw-guarded,7.667e-06,1,3,4,0,0,0,910,4,1,M_FSHANDLER_BEGINRESOLVE_DD06EE7B,1,2,4,4
raw-guarded,3.7291e-05,6,19,36,0,0,6,911,35,2,M_FSHANDLER_OPEN_99490956,6,12,36,36
raw-guarded,2.2916e-05,4,13,22,0,0,4,912,22,2,M_FSHANDLER_LOCK_913FD727,4,8,22,22
raw-guarded,1.55e-05,3,9,13,0,0,2,913,12,2,M_FSHANDLER_RESOLVEREADYSTEP_BDBFDED1,3,6,13,13
raw-guarded,3.2541e-05,6,24,28,0,0,7,914,28,2,M_FSHANDLER_OPERATIONRESULT_4184CBFA,6,12,28,28
raw-guarded,0.000185291,24,97,143,3,0,27,915,141,4,M_FSHANDLER_FILE_3A9A315C,24,51,143,143
raw-guarded,0.000280042,38,61,131,0,0,53,916,116,2,M_FSHANDLER_DISPATCHSTEP_D149BF3A,38,76,131,117
raw-guarded,8.1042e-05,11,38,55,8,0,14,917,50,2,M_FSHANDLER_TAKESTEP_E4E18A11,11,25,55,54
raw-guarded,1.6917e-05,3,7,11,0,0,2,918,10,1,M_FSHANDLER_COMPONENTSTEP_389CA8B9,3,6,11,11
raw-guarded,9.9333e-05,14,47,68,2,0,19,919,68,4,M_FSHANDLER_RESOLVEFAILURE_E91D28D8,14,34,68,68
raw-guarded,7.8e-05,15,24,38,0,0,17,920,37,2,M_FSHANDLER_RESOLVESTEP_D6E79D38,15,30,38,38
raw-guarded,2.4667e-05,4,12,17,0,0,4,921,16,2,M_FSHANDLER_FILESTEP_A93D50C2,4,8,17,17
raw-guarded,0.000243167,32,73,120,0,0,49,922,119,2,M_FSABORT_CHECKPOINT_5DD0EDAE,32,64,120,120
raw-guarded,8.0542e-05,12,17,29,7,0,17,923,29,2,M_FSWORKER_DRAINED_7E6EAAA5,12,34,29,29
raw-guarded,0.000298542,37,60,108,27,0,52,924,106,4,M_FSWORKER_WORKER_2BB473B0,37,77,108,108
raw-guarded,2.6208e-05,4,10,14,0,0,4,925,13,2,M_FSWORKER_FINISH_EC2E5E2B,4,8,14,14
raw-guarded,1.55e-05,1,11,16,0,0,0,926,15,2,M_FSMOUNT_DISPATCH_FD59F08F,1,2,16,16
raw-guarded,4.5584e-05,6,26,42,0,0,6,927,41,3,M_FSMOUNT_SELECTSTEP_8E807607,6,12,42,42
raw-guarded,3.975e-05,8,14,26,0,0,8,928,25,2,M_FSMOUNT_COMMANDSTEP_B1883B1A,8,16,26,26
raw-guarded,3.5958e-05,8,15,25,0,0,8,929,24,2,M_FSMOUNT_REMOVESTEP_BBB2975B,8,16,25,25
raw-guarded,1.1375e-05,1,7,11,0,0,0,930,10,2,M_FSMOUNT_DESTROYSTEP_4CF540E7,1,2,11,11
raw-guarded,1.55e-05,3,8,11,0,0,2,931,10,2,M_FSMUX_CONTROL_16FCB25F,3,6,11,11
raw-guarded,3.65e-05,9,11,19,0,0,9,932,18,1,M_FSMUX_TAKE_F08F7501,9,18,19,19
raw-guarded,2.9958e-05,5,13,27,0,0,4,933,24,2,M_FSBOOT_BEGINSERVICE_BC5D2672,5,10,27,27
raw-guarded,9.7791e-05,18,23,41,2,0,25,934,41,2,M_FSBOOT_ENSURE_06ED6F00,18,37,41,41
raw-guarded,0.000197042,24,37,61,9,0,32,935,59,2,M_FSBOOT_STOP_AD5246E2,24,63,61,61
raw-guarded,0.000130875,15,21,38,12,0,20,936,38,3,M_DOSCALLS_ASSIGNINDEX_01EA43CB,15,48,38,38
raw-guarded,0.000485416,41,83,144,7,0,52,937,143,4,M_DOSCALLS_EXPAND_EA5329A2,41,108,144,144
raw-guarded,1.5125e-05,1,8,16,0,0,0,938,16,2,M_DOSCALLS_ARGUMENTS_D4B63738,1,2,16,16
raw-guarded,2.7334e-05,4,9,19,0,0,4,939,19,2,M_DOSCALLS_NAMEARGUMENTS_4FEB00BB,4,8,19,19
raw-guarded,0.000221833,23,46,83,0,0,29,940,82,4,M_DOSCALLS_ACQUIRE_C423433E,23,46,83,83
raw-guarded,8.7208e-05,9,14,24,4,0,10,941,24,4,M_DOSCALLS_CONFIGURED_B6EDEF76,9,25,24,24
raw-guarded,0.000105333,19,22,46,0,0,21,942,46,2,M_DOSCALLS_DESTINATION_E6EBC832,19,38,46,46
raw-guarded,7e-06,1,1,3,0,0,0,943,2,1,M_DOSCALLS_PIPE_54310E12,1,2,3,3
raw-guarded,0.00013575,23,32,64,0,0,26,944,64,5,M_DOSCALLS_OPEN_390423B6,23,46,64,64
raw-guarded,4.7333e-05,9,16,31,0,0,8,945,31,5,M_DOSCALLS_LOCK_DE185F87,9,18,31,31
raw-guarded,1.7167e-05,4,3,6,0,0,4,946,6,2,M_DOSCALLS_BADOBJECT_51D88018,4,8,6,6
raw-guarded,4.6333e-05,9,17,24,0,0,13,947,24,3,M_DOSCALLS_OBJECT_E89E37D3,9,18,24,24
raw-guarded,2.6541e-05,5,15,22,0,0,4,948,22,2,M_DOSCALLS_FILE_E8D1DABC,5,10,22,22
raw-guarded,0.000145042,20,51,96,0,0,20,949,90,4,M_DOSCALLS_READ_BEE8BE36,20,40,96,96
raw-guarded,0.0001755,25,52,108,0,0,26,950,103,4,M_DOSCALLS_WRITE_8E98A1A7,25,50,108,108
raw-guarded,9.5334e-05,14,27,59,0,0,15,951,58,4,M_DOSCALLS_SEEK_17FC33E6,14,28,59,59
raw-guarded,9.9e-05,17,39,61,0,0,17,952,58,4,M_DOSCALLS_CLOSE_97169B3A,17,34,61,61
raw-guarded,5.4625e-05,11,19,31,0,0,10,953,31,4,M_DOSCALLS_UNLOCK_2871018C,11,22,31,31
raw-guarded,4.0458e-05,7,19,29,0,0,6,954,29,4,M_DOSCALLS_INFORMATION_13F25DEC,7,14,29,29
raw-guarded,2.1875e-05,5,8,12,0,0,4,955,11,1,M_DOSCALLS_SELECTED_604EA3D9,5,10,12,12
raw-guarded,3.4125e-05,8,11,18,0,0,9,956,17,2,M_DOSCALLS_SELECTIONREADY_28C831A1,8,16,18,18
raw-guarded,5.9667e-05,12,13,23,0,0,14,957,22,2,M_DOSCALLS_LIVESELECTION_2BE04852,12,24,23,23
raw-guarded,6.2333e-05,12,18,28,0,0,14,958,27,2,M_DOSCALLS_SELECT_1EDDE386,12,24,28,28
raw-guarded,4.8083e-05,11,18,34,0,0,10,959,30,2,M_DOSCALLS_DIRECTORY_C8028D6B,11,22,34,34
raw-guarded,7.05e-05,13,20,35,0,0,14,960,33,2,M_DOSCALLS_CURRENTDIR_1AA7335E,13,26,35,35
raw-guarded,0.000112667,17,29,57,3,0,18,961,56,4,M_DOSCALLS_NAMEFROMLOCK_92457C4A,17,37,57,57
raw-guarded,3.4125e-05,8,9,21,0,0,8,962,20,2,M_DOSCALLS_ISINTERACTIVE_18CACEEA,8,16,21,21
raw-guarded,2.5167e-05,7,7,15,0,0,6,963,15,2,M_DOSCALLS_OPENCONSOLE_77C02991,7,14,15,15
raw-guarded,4.9333e-05,10,14,31,0,2,10,964,29,3,M_DOSCALLS_SETCONSOLEHISTORY_3DCB4BFF,10,20,31,31
raw-guarded,8.1917e-05,12,19,44,0,2,14,965,40,2,M_DOSCALLS_CONSOLEINFO_6FF559CD,12,24,44,44
raw-guarded,6.25e-06,1,1,2,0,0,0,966,2,1,M_DOSCALLS_BEGINFOREGROUND_8F2474EA,1,2,2,2
raw-guarded,3.958e-06,1,0,1,0,0,0,967,1,1,M_DOSCALLS_ENDFOREGROUND_13E30672,1,2,1,1
raw-guarded,3.208e-06,1,0,1,0,0,0,968,1,1,M_DOSCALLS_BREAKPENDING_369675D8,1,2,1,1
raw-guarded,3.125e-06,1,0,0,0,0,0,969,0,0,M_DOSCALLS_CLEARBREAK_3FA5821C,1,2,0,0
raw-guarded,8.3291e-05,14,25,45,0,0,15,970,44,4,M_DOSCALLS_FLUSH_D2ADBAEC,14,28,45,45
raw-guarded,3.6083e-05,7,16,28,0,0,6,971,28,5,M_DOSCALLS_CREATEDIR_E8A266C7,7,14,28,28
raw-guarded,5.3041e-05,10,17,29,0,0,11,972,29,2,M_DOSCALLS_PATHMOUNT_48952362,10,20,29,29
raw-guarded,0.000250084,31,72,125,0,0,38,973,125,4,M_DOSCALLS_NAMESPACE_643E89B3,31,62,125,125
raw-guarded,6.584e-06,1,1,3,0,0,0,974,3,2,M_DOSCALLS_DELETEFILE_59D38A29,1,2,3,3
raw-guarded,6.209e-06,1,2,4,0,0,0,975,4,3,M_DOSCALLS_RENAME_EEAD93B4,1,2,4,4
raw-guarded,0.000827167,54,97,203,12,0,72,976,195,4,M_DOSCALLS_ASSIGNPATH_80851264,54,167,203,203
raw-guarded,0.000143583,16,23,53,4,0,20,977,50,4,M_DOSCALLS_GETASSIGN_704BF595,16,43,53,53
raw-guarded,2.3042e-05,4,5,9,2,0,4,978,8,2,M_CSTRING_IMPL_STRLEN_EB4E5981,4,11,9,9
raw-guarded,3.3042e-05,6,8,14,3,0,6,979,12,2,M_CSTRING_IMPL_STRNLEN_AC461397,6,17,14,14
raw-guarded,4.9667e-05,9,12,19,4,0,8,980,19,2,M_CSTRING_IMPL_STRCMP_87478B58,8,23,19,19
raw-guarded,6.0917e-05,10,14,22,5,0,10,981,22,2,M_CSTRING_IMPL_STRNCMP_6395B42E,10,29,22,22
raw-guarded,3.375e-05,7,8,13,3,0,6,982,11,2,M_CSTRING_IMPL_STRCHR_2037DF45,6,17,13,13
raw-guarded,9.8875e-05,14,20,32,4,0,18,983,31,3,M_CSTRING_IMPL_STRLCPY_C7039D62,14,38,32,32
raw-guarded,0.000156459,19,33,52,7,0,25,984,51,3,M_CSTRING_IMPL_STRLCAT_C4908C8C,19,57,52,52
raw-guarded,0.000207417,20,30,53,11,0,28,985,52,3,M_CSTRING_IMPL_U32TOA_D9A955C5,20,68,53,53
raw-guarded,0.000108875,14,17,45,6,0,17,986,45,4,M_DOSUTILITY_WRITEALL_BCEF29C3,14,41,45,45
raw-guarded,1.3625e-05,1,8,12,0,0,0,987,11,2,M_DOSUTILITY_READERINIT_DF037B30,1,2,12,12
raw-guarded,0.000107,17,35,76,0,2,20,988,74,3,M_DOSUTILITY_READBYTE_60ED3FBB,17,34,76,75
raw-guarded,0.000126417,20,25,64,11,2,24,989,66,3,M_DOSUTILITY_READLINE_B96FCD33,19,39,67,67
raw-guarded,0.000646959,80,1,78,0,0,79,990,40,2,M_DOSFAULT_MESSAGE_9D326B2A,80,160,78,40
raw-guarded,0.000327667,34,72,166,4,0,42,991,167,4,M_DOSFAULT_FORMAT_76BA9D40,34,79,166,169
raw-guarded,1.175e-05,1,6,8,0,0,0,992,8,4,M_DOSFAULT_FAULT_7DB91D83,1,2,8,8
raw-guarded,5.175e-05,6,17,37,0,0,8,993,37,4,M_DOSFAULT_PRINTFAULT_CDC48706,6,12,37,37
raw-guarded,6.666e-06,1,2,3,0,0,0,994,3,2,M_DOS_ASSIGNPATH_070E31B9,1,2,3,3
raw-guarded,5.875e-06,1,2,4,0,0,0,995,3,2,M_DOS_GETASSIGN_06EFA68A,1,2,4,4
raw-guarded,5.125e-06,1,2,4,0,0,0,996,3,2,M_DOS_SETCONSOLEHISTORY_1C523BD8,1,2,4,4
raw-guarded,4.541e-06,1,1,3,0,0,0,997,2,1,M_DOS_FLUSH_47C61517,1,2,3,3
raw-guarded,4.5e-06,1,1,3,0,0,0,998,2,1,M_DOS_CREATEDIR_239F3D94,1,2,3,3
raw-guarded,4.375e-06,1,1,2,0,0,0,999,2,1,M_DOS_DELETEFILE_4D32A614,1,2,2,2
raw-guarded,5e-06,1,2,3,0,0,0,1000,3,2,M_DOS_RENAME_F915C271,1,2,3,3
raw-guarded,5.5e-06,1,2,4,0,0,0,1001,3,2,M_DOS_OPEN_87DAE823,1,2,4,4
raw-guarded,6.333e-06,1,3,5,0,0,0,1002,4,3,M_DOS_READ_BCD2228F,1,2,5,5
raw-guarded,5.542e-06,1,3,5,0,0,0,1003,4,3,M_DOS_WRITE_BE4FDE64,1,2,5,5
raw-guarded,5.875e-06,1,3,5,0,0,0,1004,4,3,M_DOS_SEEK_DE9F46FB,1,2,5,5
raw-guarded,4.75e-06,1,1,3,0,0,0,1005,2,1,M_DOS_CLOSE_4C224801,1,2,3,3
raw-guarded,4.708e-06,1,1,2,0,0,0,1006,2,1,M_DOS_SETIOERR_7AEF42E2,1,2,2,2
raw-guarded,3.458e-06,1,0,1,0,0,0,1007,1,1,M_DOS_IOERR_E649FF90,1,2,1,1
raw-guarded,3.042e-06,1,0,1,0,0,0,1008,1,1,M_DOS_RELEASECONTEXT_9DB9F883,1,2,1,1
raw-guarded,5.417e-06,1,2,4,0,0,0,1009,3,2,M_DOS_LOCK_4DEC517E,1,2,4,4
raw-guarded,4.542e-06,1,1,2,0,0,0,1010,1,1,M_DOS_UNLOCK_74209499,1,2,2,2
raw-guarded,6.334e-06,1,2,6,0,0,0,1011,4,3,M_DOS_EXAMINE_1F15C1B0,1,2,6,6
raw-guarded,5.666e-06,1,2,6,0,0,0,1012,4,3,M_DOS_EXNEXT_623C7B53,1,2,6,6
raw-guarded,4e-06,1,0,2,0,0,0,1013,1,1,M_DOS_INPUT_41B1DDE9,1,2,2,2
raw-guarded,4.125e-06,1,0,2,0,0,0,1014,1,1,M_DOS_OUTPUT_DF7018DC,1,2,2,2
raw-guarded,5.458e-06,1,1,4,0,0,0,1015,2,1,M_DOS_SELECTINPUT_FF0F4771,1,2,4,4
raw-guarded,4.75e-06,1,1,4,0,0,0,1016,2,1,M_DOS_SELECTOUTPUT_3A928904,1,2,4,4
raw-guarded,4.583e-06,1,1,3,0,0,0,1017,2,1,M_DOS_ISINTERACTIVE_FD05AE49,1,2,3,3
raw-guarded,4.75e-06,1,1,4,0,0,0,1018,2,1,M_DOS_CURRENTDIR_764577CB,1,2,4,4
raw-guarded,5.834e-06,1,3,5,0,0,0,1019,4,3,M_DOS_NAMEFROMLOCK_8794AD67,1,2,5,5
raw-guarded,4.333e-06,1,1,3,0,0,0,1020,2,1,M_DOS_BEGINFOREGROUND_987C8D99,1,2,3,3
raw-guarded,3.292e-06,1,0,1,0,0,0,1021,1,1,M_DOS_ENDFOREGROUND_8BF477E5,1,2,1,1
raw-guarded,3.542e-06,1,0,1,0,0,0,1022,1,1,M_DOS_BREAKPENDING_07C42681,1,2,1,1
raw-guarded,3.083e-06,1,0,0,0,0,0,1023,0,0,M_DOS_CLEARBREAK_6F85C46D,1,2,0,0
raw-guarded,4.792e-06,1,1,3,0,0,0,1024,2,1,M_DOS_PIPE_1D28B7D3,1,2,3,3
raw-guarded,4.125e-06,1,0,2,0,0,0,1025,1,1,M_DOS_OPENCONSOLE_2100231A,1,2,2,2
raw-guarded,5.458e-06,1,2,4,0,0,0,1026,3,2,M_DOS_CONSOLEINFO_BA8927CE,1,2,4,4
raw-guarded,7.083e-06,1,4,5,0,0,0,1027,5,4,M_DOS_FAULT_8C83808D,1,2,5,5
raw-guarded,8.667e-06,1,5,7,0,0,0,1028,6,5,M_DOS_PRINTFAULT_C841DC04,1,2,7,7
raw-guarded,0.000165667,19,37,64,14,0,26,1029,64,3,M_TASKINSPECT_SNAPSHOT_72A67CF0,19,44,64,64
raw-guarded,6.4167e-05,11,23,38,0,0,15,1030,38,3,M_DEVICEINSPECT_SNAPSHOT_EBB6295F,11,22,38,38
raw-guarded,4.6041e-05,7,27,34,0,0,9,1031,33,2,M_FSINSPECT_CACHESTATUS_E621CC2A,7,14,34,34
raw-guarded,0.000248792,26,56,83,15,0,38,1032,82,3,M_FSINSPECT_SNAPSHOT_873CF8A6,26,70,83,83
raw-guarded,5.5041e-05,7,12,19,0,0,10,1033,18,1,M_FSINSPECT_SYSTEMWRITABLE_448881D5,7,14,19,19
raw-guarded,9.333e-06,1,2,7,0,0,0,1034,7,3,M_O65MEMORY_RESERVE_67ABB944,1,2,7,7
raw-guarded,4.791e-06,1,1,2,0,0,0,1035,2,1,M_O65MEMORY_ALLOCATE_1084F809,1,2,2,2
raw-guarded,4.959e-06,1,1,3,0,0,0,1036,3,2,M_O65MEMORY_STORAGE_289ABF3F,1,2,3,3
raw-guarded,1.4042e-05,3,4,6,0,0,3,1037,6,2,M_O65READ_FAIL_6B141CC7,3,6,6,6
raw-guarded,3.0666e-05,6,15,23,0,0,6,1038,22,3,M_O65READ_TAKE_D99B2660,6,12,23,22
raw-guarded,1.4791e-05,3,6,12,0,0,2,1039,12,3,M_O65READ_U8_A5F42EC2,3,6,12,12
raw-guarded,9.084e-06,1,3,9,0,0,0,1040,9,2,M_O65READ_U16_9E5A6B5F,1,2,9,9
raw-guarded,7.875e-06,1,3,10,0,0,0,1041,10,3,M_O65READ_U32_BA2CF799,1,2,10,10
raw-guarded,3.4375e-05,5,12,19,0,0,4,1042,19,3,M_O65READ_COUNT_2EF12376,5,10,19,19
raw-guarded,3.5209e-05,6,9,15,3,0,6,1043,15,3,M_O65READ_EQUAL_AD4D340B,6,17,15,15
raw-guarded,1.3875e-05,3,7,10,0,0,2,1044,10,3,M_O65READ_LITERAL_8D1D12D6,3,6,10,10
raw-guarded,3.1708e-05,7,8,19,0,0,10,1045,19,2,M_O65READ_NAMEBYTE_937CC326,7,14,19,19
raw-guarded,7.4208e-05,13,22,40,5,0,14,1046,39,3,M_O65READ_NAME_0A34D852,13,27,40,39
raw-guarded,7.2416e-05,12,24,41,3,0,12,1047,41,3,M_O65READ_STRING_E289F21C,12,29,41,41
raw-guarded,3.05e-05,8,7,12,0,0,7,1048,10,2,M_O65READ_SECTIONSIZE_0E90CADD,8,16,12,10
raw-guarded,8.792e-06,1,5,9,0,0,0,1049,9,4,M_O65READ_EXTENT_816E81E1,1,2,9,9
raw-guarded,0.000563167,56,88,175,29,0,71,1050,172,4,M_O65WIRE_HEADER_58EA710F,56,145,175,173
raw-guarded,0.000199708,21,30,67,11,0,27,1051,67,3,M_O65WIRE_EXPORTS_13C8B799,21,61,67,67
raw-guarded,0.00012175,18,25,71,13,0,24,1052,71,3,M_O65PROFILE_IMPORTS_FC0170BC,18,39,71,71
raw-guarded,3.725e-05,7,20,26,0,0,9,1053,25,2,M_PROGRAMIMAGE_FREE_CFEA1DF0,7,14,26,26
raw-guarded,3.7792e-05,8,12,19,0,0,11,1054,19,2,M_PROGRAMIMAGE_ATTACH_B33B47DB,8,16,19,19
raw-guarded,4.7625e-05,11,14,24,0,0,15,1055,23,2,M_PROGRAMIMAGE_DROPOWNER_EE15CDE2,11,22,24,23
raw-guarded,3.975e-05,9,13,22,0,0,13,1056,21,2,M_PROGRAMIMAGE_DETACH_807AC96B,9,18,22,21
raw-guarded,3.15e-05,8,7,17,0,0,7,1057,15,2,M_O65RELOCATIONS_BASE_44BA7C79,8,16,17,15
raw-guarded,0.001622916,84,126,263,68,0,114,1058,257,4,M_O65RELOCATIONS_WALK_0850572F,84,274,263,257
raw-guarded,7.458e-06,1,2,2,0,0,0,1059,2,2,M_O65RELOCATIONS_READ_4B7C0B1C,1,2,2,2
raw-guarded,8.834e-06,1,5,8,0,0,0,1060,8,3,M_O65RELOCATIONS_PATCHES_74DD4940,1,2,8,8
raw-guarded,2.5958e-05,5,8,16,0,0,5,1061,14,2,M_O65_RELEASE_DA7FFCCE,5,10,16,16
raw-guarded,6.6542e-05,11,34,59,0,0,12,1062,60,4,M_O65_DESCRIPTOR_41119D04,11,22,59,60
raw-guarded,0.000104292,18,29,53,0,0,22,1063,52,2,M_O65_VALIDATE_31EC2383,18,36,53,53
raw-guarded,3.75e-05,7,18,31,0,0,6,1064,30,2,M_DOSINHERIT_CLONEFILE_B3A0D025,7,14,31,31
raw-guarded,3.7958e-05,7,20,35,0,0,6,1065,32,3,M_DOSINHERIT_CLONELOCK_889C592A,7,14,35,35
raw-guarded,9.1083e-05,15,24,51,0,0,18,1066,44,3,M_DOSINHERIT_STREAM_24BB16AC,15,30,51,51
raw-guarded,9.9083e-05,19,17,42,0,0,19,1067,36,3,M_DOSINHERIT_CLONE_1DB40F0B,19,38,42,40
raw-guarded,0.000175084,28,41,81,0,0,35,1068,75,2,M_DOSINHERIT_DISCARD_44133C6A,28,56,81,81
raw-guarded,6.5917e-05,10,28,54,0,0,11,1069,54,4,M_DOSINHERIT_FINALIZEDETACHED_E855A6F0,10,20,54,55
raw-guarded,2.275e-05,5,6,9,0,0,5,1070,8,2,M_DOSINHERIT_ADOPT_35538564,5,10,9,9
raw-guarded,6.2667e-05,13,15,29,0,0,15,1071,29,2,M_DOSGROUP_BEGIN_073142E7,13,26,29,29
raw-guarded,1.8292e-05,4,6,12,0,0,4,1072,12,2,M_DOSGROUP_VALID_7D621B56,4,8,12,12
raw-guarded,3.2208e-05,8,10,19,0,0,8,1073,18,1,M_DOSGROUP_SEAL_B243143B,8,16,19,19
raw-guarded,1.5584e-05,3,7,13,0,0,2,1074,12,2,M_DOSGROUP_READY_271F659D,3,6,13,13
raw-guarded,9.541e-06,3,2,4,0,0,2,1075,4,1,M_DOSGROUP_CANCEL_B8897A90,3,6,4,4
raw-guarded,9.4875e-05,16,32,45,0,0,22,1076,42,2,M_DOSGROUP_JOIN_A4542070,16,32,45,45
raw-guarded,7.9292e-05,15,26,38,0,0,20,1077,35,2,M_DOSGROUP_LEAVE_AF8BE2F5,15,30,38,38
raw-guarded,5.8458e-05,11,18,32,0,0,14,1078,31,2,M_DOSGROUP_END_0E9A4197,11,22,32,32
raw-guarded,6.6459e-05,14,26,41,0,0,16,1079,41,2,M_DOSPROCESS_DISCARD_B47D4E40,14,28,41,41
raw-guarded,0.000129208,22,52,67,0,0,28,1080,67,3,M_DOSPROCESS_SNAPSHOT_8415B6DE,22,44,67,67
raw-guarded,0.000151917,24,39,65,0,0,31,1081,61,4,M_DOSPROCESS_PREPARE_AF74B007,24,48,65,65
raw-guarded,7.5625e-05,12,19,35,0,0,13,1082,33,4,M_DOSPROCESS_PREPAREGROUP_5B2830CC,12,24,35,34
raw-guarded,4.9167e-05,7,19,29,0,0,7,1083,27,2,M_DOSPROCESS_ENTERFOREGROUND_ADB53B83,7,14,29,29
raw-guarded,6.35e-05,10,47,56,0,0,12,1084,55,3,M_DOSPROCESS_ADOPT_5B5DBE18,10,20,56,56
raw-guarded,6.8875e-05,11,19,28,0,0,13,1085,26,2,M_DOSPROCESS_RESTOREFOREGROUND_D0EE9507,11,22,28,28
raw-guarded,0.000290375,40,47,89,12,0,49,1086,85,2,M_DOSPROCESS_CLEANUP_CE292B9A,40,81,89,88
raw-guarded,6.5459e-05,11,25,37,0,0,16,1087,32,2,M_DOSPROCESS_RELEASEPARENT_43E07877,11,22,37,36
raw-guarded,7.625e-06,1,2,4,0,0,0,1088,3,2,M_PROCESS_CONTROL_D28A63F1,1,2,4,4
raw-guarded,4.833e-06,1,0,1,0,0,0,1089,1,1,M_PROCESS_CURRENT_07EFB7F5,1,2,1,1
raw-guarded,1.3042e-05,3,3,6,0,0,2,1090,5,1,M_PROCESS_GETARGSTR_37000207,3,6,6,6
raw-guarded,3.625e-05,8,10,17,0,0,11,1091,16,1,M_PROCESS_EXECUTEIMAGE_8428E44E,8,16,17,17
raw-guarded,3.3167e-05,7,12,25,0,0,7,1092,25,2,M_PROCESS_RUN_4C2ABD87,7,14,25,25
raw-guarded,3.7916e-05,9,8,18,0,0,12,1093,16,2,M_PROCESS_FINISH_AE17E2ED,9,18,18,18
raw-guarded,4.4667e-05,9,21,34,0,0,12,1094,33,2,M_PROCESS_RELEASESTORAGE_F7C3DB6E,9,18,34,34
raw-guarded,0.000305916,37,60,112,4,0,48,1095,107,4,M_PROCESS_STARTINTERNAL_08C34541,37,77,112,112
raw-guarded,8.542e-06,1,3,4,0,0,0,1096,4,3,M_PROCESS_START_10858ECA,1,2,4,4
raw-guarded,6.75e-06,1,3,4,0,0,0,1097,4,3,M_PROCESS_STARTFOREGROUND_F931F4E9,1,2,4,4
raw-guarded,1.7375e-05,3,5,9,0,0,2,1098,8,4,M_PROCESS_STARTLOADED_CDAA1C3D,3,6,9,9
raw-guarded,2.2834e-05,4,6,11,0,0,4,1099,10,4,M_PROCESS_PREPARELOADED_143E0750,4,8,11,11
raw-guarded,2.5916e-05,5,6,17,0,0,4,1100,14,2,M_PROCESS_STARTPREPARED_C79EF329,5,10,17,17
raw-guarded,2.3125e-05,5,5,12,0,0,5,1101,10,2,M_PROCESS_DISCARDPREPARED_9F7D5787,5,10,12,12
raw-guarded,3.6791e-05,7,12,24,0,0,7,1102,22,2,M_PROCESS_COLLECT_3A4F29C8,7,14,24,24
raw-guarded,3.7709e-05,9,8,17,3,0,8,1103,16,2,M_PROCESS_WAIT_BEBC9E91,8,17,17,17
raw-guarded,3.5209e-05,7,7,15,3,0,9,1104,15,3,M_DOSARGS_CLEAR_67E19159,7,17,15,15
raw-guarded,3.0375e-05,6,8,12,3,0,6,1105,12,2,M_DOSARGS_BOUNDEDLENGTH_E004A013,6,17,12,12
raw-guarded,2.0959e-05,5,4,8,0,2,6,1106,8,1,M_DOSARGS_UPPER_7F315E6C,5,10,8,8
raw-guarded,1.1792e-05,1,5,14,0,0,0,1107,14,3,M_DOSARGS_LETTER_897462C0,1,2,14,14
raw-guarded,4.8417e-05,7,12,22,4,0,8,1108,22,4,M_DOSARGS_SAME_51AE7922,7,21,22,22
raw-guarded,0.0005905,58,78,161,43,0,75,1109,157,6,M_DOSARGS_DESCRIBE_D600A84B,58,137,161,157
raw-guarded,0.000232541,33,58,87,16,0,42,1110,81,3,M_DOSARGS_WORD_271132B0,33,67,87,81
raw-guarded,0.000144125,16,33,60,7,0,18,1111,58,3,M_DOSARGS_NUMERIC_B3350961,16,46,60,59
raw-guarded,0.001436708,83,152,268,65,0,107,1112,266,6,M_DOSARGS_DECODE_CCDE93B6,83,262,268,268
raw-guarded,0.000114,19,23,44,0,0,21,1113,44,7,M_DOSARGS_PARSE_ACA8C265,19,38,44,44
raw-guarded,0.000100958,19,25,42,8,0,22,1114,42,2,M_DOSCOMMAND_HELP_D3856E13,19,50,42,42
raw-guarded,0.00011375,20,14,55,0,0,28,1115,54,3,M_DOSCOMMAND_SHOWTEMPLATE_03EA47A3,20,40,55,55
raw-guarded,0.00012675,20,24,55,0,4,27,1116,55,6,M_DOSCOMMAND_READARGSORHELP_AC23446B,20,40,55,56
raw-guarded,7.958e-06,1,2,3,0,0,0,1117,3,2,M_PROGRAMAPI_ASSIGNPATH_70177325,1,2,3,3
raw-guarded,6.666e-06,1,2,4,0,0,0,1118,3,2,M_PROGRAMAPI_GETASSIGN_8DA1FFAE,1,2,4,4
raw-guarded,5.375e-06,1,2,3,0,0,0,1119,3,2,M_PROGRAMAPI_OPEN_8638DB5F,1,2,3,3
raw-guarded,6.083e-06,1,3,4,0,0,0,1120,4,3,M_PROGRAMAPI_READ_3155DB03,1,2,4,4
raw-guarded,5.375e-06,1,3,4,0,0,0,1121,4,3,M_PROGRAMAPI_WRITE_84FB7088,1,2,4,4
raw-guarded,4.75e-06,1,3,4,0,0,0,1122,4,3,M_PROGRAMAPI_SEEK_31854D3F,1,2,4,4
raw-guarded,4.541e-06,1,1,2,0,0,0,1123,2,1,M_PROGRAMAPI_CLOSE_24FF6A65,1,2,2,2
raw-guarded,4.5e-06,1,1,2,0,0,0,1124,2,1,M_PROGRAMAPI_FLUSH_DB8CCFBB,1,2,2,2
raw-guarded,4.208e-06,1,1,2,0,0,0,1125,2,1,M_PROGRAMAPI_CREATEDIR_28E82C70,1,2,2,2
raw-guarded,4.125e-06,1,1,2,0,0,0,1126,2,1,M_PROGRAMAPI_DELETEFILE_1B5DE7B0,1,2,2,2
raw-guarded,5.083e-06,1,2,3,0,0,0,1127,3,2,M_PROGRAMAPI_RENAME_C087BEE5,1,2,3,3
raw-guarded,3.958e-06,1,0,1,0,0,0,1128,1,1,M_PROGRAMAPI_INPUT_CF30B53D,1,2,1,1
raw-guarded,3.625e-06,1,0,1,0,0,0,1129,1,1,M_PROGRAMAPI_OUTPUT_24288338,1,2,1,1
raw-guarded,3.5e-06,1,0,1,0,0,0,1130,1,1,M_PROGRAMAPI_IOERR_5170B12C,1,2,1,1
raw-guarded,3.208e-06,1,0,1,0,0,0,1131,1,1,M_PROGRAMAPI_GETARGSTR_01F4859C,1,2,1,1
raw-guarded,2.175e-05,3,7,15,0,0,2,1132,16,6,M_PROGRAMAPI_READARGS_BFA789E0,3,6,15,16
raw-guarded,5e-06,1,1,2,0,0,0,1133,2,1,M_PROGRAMAPI_SETIOERR_D3F44706,1,2,2,2
raw-guarded,3.334e-06,1,0,1,0,0,0,1134,1,1,M_PROGRAMAPI_BREAKPENDING_F12A3675,1,2,1,1
raw-guarded,2.917e-06,1,0,0,0,0,0,1135,0,0,M_PROGRAMAPI_YIELD_8B32D3B0,1,2,0,0
raw-guarded,5.833e-06,1,3,4,0,0,0,1136,4,3,M_PROGRAMAPI_WRITEALL_2F9D9EC1,1,2,4,4
raw-guarded,4.75e-06,1,2,2,0,0,0,1137,2,2,M_PROGRAMAPI_READERINIT_0B3A5F6A,1,2,2,2
raw-guarded,4.125e-06,1,1,2,0,0,0,1138,2,1,M_PROGRAMAPI_READBYTE_268CDC31,1,2,2,2
raw-guarded,5.333e-06,1,3,4,0,0,0,1139,4,3,M_PROGRAMAPI_READLINE_D25FAB11,1,2,4,4
raw-guarded,5.334e-06,1,2,3,0,0,0,1140,3,2,M_PROGRAMAPI_LOCK_D0030F12,1,2,3,3
raw-guarded,4.083e-06,1,1,1,0,0,0,1141,1,1,M_PROGRAMAPI_UNLOCK_3CF9C02D,1,2,1,1
raw-guarded,5.083e-06,1,2,4,0,0,0,1142,4,3,M_PROGRAMAPI_EXAMINE_6478E83C,1,2,4,4
raw-guarded,5e-06,1,2,4,0,0,0,1143,4,3,M_PROGRAMAPI_EXNEXT_3BA57C27,1,2,4,4
raw-guarded,4.125e-06,1,1,2,0,0,0,1144,2,1,M_PROGRAMAPI_ISINTERACTIVE_056AF905,1,2,2,2
raw-guarded,2.875e-06,1,0,1,0,0,0,1145,1,1,M_PROGRAMAPI_OPENCONSOLE_E4ECC506,1,2,1,1
raw-guarded,4.583e-06,1,2,3,0,0,0,1146,3,2,M_PROGRAMAPI_CONSOLEINFO_2608391A,1,2,3,3
raw-guarded,6.542e-06,1,4,5,0,0,0,1147,5,4,M_PROGRAMAPI_FAULT_DA8736E9,1,2,5,5
raw-guarded,7.208e-06,1,5,6,0,0,0,1148,6,5,M_PROGRAMAPI_PRINTFAULT_2BBE94D8,1,2,6,6
raw-guarded,7.542e-06,1,5,7,0,0,0,1149,7,6,M_PROGRAMAPI_READARGSORHELP_0AAF8D06,1,2,7,7
raw-guarded,0.000632042,44,53,139,18,0,59,1150,139,3,M_PROGRAMPROVIDERS_RESOLVE_0AD38ACF,44,145,139,139
raw-guarded,0.000117833,19,50,84,0,0,22,1151,84,3,M_PROGRAMPLACE_ALLOCATE_8CF1E5BF,19,38,84,84
raw-guarded,7.541e-06,1,3,4,0,0,0,1152,4,3,M_PROGRAMPLACE_PATCHES_2338CDC0,1,2,4,4
raw-guarded,2.9084e-05,4,8,13,2,0,4,1153,13,4,M_PROGRAMPLACE_COPY_75B5AA8B,4,11,13,13
raw-guarded,0.000107334,15,42,72,0,0,18,1154,70,3,M_PROGRAM_LOAD_3AF1DE19,15,30,72,72
raw-guarded,5.625e-06,1,1,1,0,0,0,1155,1,1,M_PROGRAM_UNLOAD_C8BC2432,1,2,1,1
raw-guarded,0.0003815,44,41,119,14,0,63,1156,119,3,M_PROGRAMFILE_LOAD_6B2BC763,44,107,119,119
raw-guarded,0.000829625,71,115,254,0,0,93,1157,252,4,M_PIPELINE_RUN_E96AA47C,71,142,254,254
raw-guarded,9.208e-06,1,1,5,0,0,0,1158,5,2,M_DEMO_SHELLLINE_05385AFA,1,2,5,5
raw-guarded,4.959e-06,1,1,5,0,0,0,1159,5,2,M_DEMO_SHELLDRAWBUFFER_40A1F650,1,2,5,5
raw-guarded,4.625e-06,1,1,5,0,0,0,1160,5,2,M_DEMO_SHELLSCRATCH_4CC9A4C2,1,2,5,5
raw-guarded,4.458e-06,1,1,5,0,0,0,1161,5,2,M_DEMO_SHELLTRANSFER_5E61BE6D,1,2,5,5
raw-guarded,2.8125e-05,5,9,14,0,0,6,1162,14,2,M_DEMO_SHELLFAIL_8B3FAF62,5,10,14,14
raw-guarded,6.542e-06,1,1,4,0,0,0,1163,4,2,M_DEMO_SHELLLENGTH_41312048,1,2,4,4
raw-guarded,7.0625e-05,9,17,27,6,0,11,1164,26,3,M_DEMO_SHELLEQUAL_87D888CC,9,27,27,27
raw-guarded,1.15e-05,3,0,5,0,0,2,1165,5,2,M_DEMO_SHELLPOLL_FD68673B,3,6,5,5
raw-guarded,1.0042e-05,3,2,7,0,0,2,1166,7,2,M_DEMO_SHELLSCOPE_835D7600,3,6,7,7
raw-guarded,6.0542e-05,10,7,23,3,0,11,1167,23,3,M_DEMO_SHELLRETIREBREAK_55533B4C,10,27,23,23
raw-guarded,0.000104083,17,21,43,0,2,22,1168,43,3,M_DEMO_SHELLWRITE_F024753B,17,34,43,43
raw-guarded,1.125e-05,1,4,9,0,0,0,1169,9,3,M_DEMO_SHELLBYTE_63E82DA4,1,2,9,9
raw-guarded,0.000125041,16,28,51,11,0,21,1170,49,5,M_DEMO_SHELLTEXT_3AA6BB8B,16,41,51,51
raw-guarded,3.4791e-05,4,14,33,0,0,4,1171,33,3,M_DEMO_SHELLNUMBER_CB70AEA1,4,8,33,33
raw-guarded,0.000102959,15,47,69,0,0,21,1172,69,4,M_DEMO_SHELLDIAGNOSTIC_90251983,15,30,69,70
raw-guarded,4.1416e-05,9,8,19,0,0,11,1173,20,2,M_DEMO_SHELLHISTORY_253D1EFE,9,18,19,20
raw-guarded,1.4917e-05,3,7,10,0,0,2,1174,10,3,M_DEMO_SHELLPROMPT_49927678,3,6,10,10
raw-guarded,7.125e-06,1,2,4,0,0,0,1175,4,2,M_DEMO_SHELLCLEAR_C99F4545,1,2,4,4
raw-guarded,0.000134625,29,14,42,0,0,28,1176,42,1,M_DEMO_SHELLCLASSIFY_4EDF64CA,29,58,42,42
raw-guarded,5.1209e-05,7,19,30,0,0,8,1177,30,2,M_DEMO_SHELLPIPEBOUNDARY_12E051D2,7,14,30,30
raw-guarded,0.000108041,17,41,62,3,0,20,1178,62,4,M_DEMO_SHELLARGUMENT_06FF7069,17,35,62,62
raw-guarded,0.001513333,127,231,357,82,0,184,1179,355,4,M_DEMO_SHELLPARSE_A0346EB9,127,260,357,355
raw-guarded,0.000116625,13,19,45,9,0,18,1180,43,3,M_DEMO_SHELLALIASNAME_AB73FBF9,13,41,45,45
raw-guarded,0.000125958,16,15,28,12,0,23,1181,28,2,M_DEMO_SHELLALIASTEXT_A6FBD7BD,16,53,28,28
raw-guarded,4.8333e-05,9,10,21,4,0,10,1182,20,3,M_DEMO_SHELLALIASINDEX_3346373C,9,24,21,21
raw-guarded,1.4291e-05,1,8,15,0,0,0,1183,13,3,M_DEMO_SHELLALIASSHOW_53099C95,1,2,15,15
raw-guarded,0.00041825,45,50,111,15,0,57,1184,110,3,M_DEMO_SHELLALIASCOMMAND_96FDFCD5,45,114,111,112
raw-guarded,2.3042e-05,3,9,17,0,0,2,1185,17,2,M_DEMO_SHELLUNALIASCOMMAND_0E212A24,3,6,17,17
raw-guarded,0.000279834,28,67,119,12,0,37,1186,119,4,M_DEMO_SHELLALIASREPLACE_D1C41638,28,68,119,119
raw-guarded,2.2708e-05,6,3,8,0,0,6,1187,8,1,M_DEMO_SHELLALIASEXPAND_1DD100F8,6,12,8,8
raw-guarded,7.475e-05,13,17,40,0,0,14,1188,40,2,M_DEMO_SHELLCHANGE_9A7AB49E,13,26,40,40
raw-guarded,2.6333e-05,6,5,16,0,0,6,1189,16,2,M_DEMO_SHELLRELEASELOCK_B96B0C1C,6,12,16,16
raw-guarded,0.000153375,23,28,69,7,0,30,1190,65,3,M_DEMO_SHELLDIR_42E4EEF3,23,47,69,69
raw-guarded,0.000120792,16,19,35,12,0,23,1191,35,3,M_DEMO_SHELLCONVERT_E2CF79D9,16,47,35,35
raw-guarded,1.9375e-05,5,5,8,0,0,6,1192,8,1,M_DEMO_SHELLCLOSECOMMANDINPUT_4078E4EF,5,10,8,8
raw-guarded,0.000173625,27,26,70,7,0,35,1193,70,3,M_DEMO_SHELLTYPE_1AFF6CB6,27,55,70,70
raw-guarded,1.7209e-05,1,0,22,0,0,0,1194,22,2,M_DEMO_SHELLMEM_AF895CA1,1,2,22,22
raw-guarded,4.4292e-05,10,3,10,0,0,13,1195,7,2,M_DEMO_SHELLTASKSTATE_696E6DB8,10,20,10,7
raw-guarded,0.000106625,14,34,54,9,0,18,1196,52,3,M_DEMO_SHELLTASKS_EC8AA98C,14,40,54,54
raw-guarded,0.000204042,25,21,46,20,0,34,1197,40,2,M_DEMO_SHELLDEVICES_F77A45DF,25,78,46,41
raw-guarded,0.000187667,23,39,66,18,0,30,1198,63,3,M_DEMO_SHELLMOUNTS_AF3EE75C,23,70,66,65
raw-guarded,3.4166e-05,7,8,20,0,0,7,1199,19,2,M_DEMO_SHELLCLOSETEMPORARY_12B1A0C5,7,14,20,20
raw-guarded,0.000110875,22,29,52,0,0,30,1200,52,2,M_DEMO_SHELLUNREDIRECT_A96C796F,22,44,52,52
raw-guarded,0.000106375,20,32,67,0,0,24,1201,67,3,M_DEMO_SHELLREDIRECT_189A437C,20,40,67,67
raw-guarded,1.0083e-05,1,2,9,0,0,0,1202,10,2,M_DEMO_SHELLPATHENTRY_DB7471EF,1,2,9,10
raw-guarded,5.5e-06,1,1,3,0,0,0,1203,4,2,M_DEMO_SHELLPATHRESET_72A30C98,1,2,3,4
raw-guarded,9.1666e-05,13,16,26,9,0,16,1204,26,2,M_DEMO_SHELLPATHEQUAL_1BAC498B,12,37,26,26
raw-guarded,0.000298958,26,35,69,18,0,37,1205,68,3,M_DEMO_SHELLPATHASSIGNED_B6DA4F91,26,104,69,69
raw-guarded,0.000214583,31,32,90,3,0,38,1206,90,3,M_DEMO_SHELLPATHUPDATE_51351508,31,70,90,93
raw-guarded,8.8209e-05,18,22,45,2,0,20,1207,44,2,M_DEMO_SHELLPATH_505E8FAB,18,39,45,45
raw-guarded,8.375e-06,1,2,7,0,0,0,1208,7,3,M_DEMO_SHELLPATHMISS_F697D8DD,1,2,7,7
raw-guarded,0.000258042,25,42,91,12,0,31,1209,95,3,M_DEMO_SHELLLOADCOMMAND_919DB943,25,74,91,97
raw-guarded,4.7209e-05,7,16,36,0,0,6,1210,35,3,M_DEMO_SHELLEXTERNAL_6FFCDB1B,7,14,36,36
raw-guarded,0.0001025,13,46,73,0,0,17,1211,71,7,M_DEMO_SHELLPIPELINE_3089A788,13,26,73,73
raw-guarded,0.000284834,48,23,91,5,0,69,1212,74,3,M_DEMO_SHELLDISPATCH_61C1EC5C,48,104,91,77
raw-guarded,9.3959e-05,21,14,39,0,0,29,1213,39,2,M_DEMO_SHELLCOMMAND_F85F9F19,21,42,39,39
raw-guarded,0.0001855,29,57,99,0,0,39,1214,97,3,M_DEMO_SHELLREADSTEP_67245C10,29,58,99,97
raw-guarded,4.7958e-05,9,15,39,0,0,8,1215,38,3,M_DEMO_SHELLOPEN_309B1844,9,18,39,39
raw-guarded,7.125e-06,1,6,6,0,0,0,1216,6,2,M_DEMO_SHELLINITIALPROMPT_533D0DC4,1,2,6,6
raw-guarded,1.9666e-05,5,4,9,0,0,5,1217,9,1,M_DEMO_SHELLSTART_EB23C688,5,10,9,9
raw-guarded,0.000168792,31,29,84,0,0,34,1218,82,2,M_DEMO_SHELLFINISH_96C56219,31,62,84,84
raw-guarded,2.7166e-05,6,6,13,0,0,8,1219,13,2,M_DEMO_SHELLCACHESTATUS_0F6F58DA,6,12,13,13
raw-guarded,4.6792e-05,9,12,32,0,0,9,1220,31,4,M_DEMO_SHELLBOOTSIO_CB000C63,9,18,32,32
raw-guarded,0.000137375,23,63,103,0,0,27,1221,98,2,M_DEMO_SHELLBOOTSTART_83789768,23,46,103,103
raw-guarded,5.1417e-05,7,15,29,5,0,8,1222,29,3,M_DEMO_DEMONAME_3669E60C,7,20,29,29
raw-guarded,3.1125e-05,5,12,18,3,0,6,1223,18,4,M_DEMO_DEMOTEXT_C012A5A2,5,13,18,18
raw-guarded,9.3834e-05,11,19,32,9,0,15,1224,32,3,M_DEMO_DEMONUMBER_B404F7D0,11,42,32,32
raw-guarded,5.5583e-05,10,19,42,2,0,11,1225,42,4,M_DEMO_DEMOPRIME_7F18EBC0,10,24,42,42
raw-guarded,0.000258292,36,46,106,31,0,48,1226,106,3,M_DEMO_DEMOCOMPUTE_108F568E,36,80,106,106
raw-guarded,0.00015725,28,26,88,0,0,30,1227,88,3,M_DEMO_DEMOSTART_FC398735,28,56,88,88
raw-guarded,0.000185917,33,19,58,0,0,41,1228,58,3,M_DEMO_DEMOFINISH_E4DD1D06,33,66,58,58
raw-guarded,3.2917e-05,9,5,13,2,0,12,1229,13,2,M_DEMO_MAIN_C5B18743,9,19,13,13
